2026-09-05T20:46:14.6551689Z Current runner version: '2.337.0'
2026-09-05T20:46:14.6575281Z ##[group]Runner Image Provisioner
2026-09-05T20:46:14.6576183Z Hosted Compute Agent
2026-09-05T20:46:14.6576694Z Version: 20260828.587
2026-09-05T20:46:14.6577221Z Commit: abac92662cab4cc7352de4f9f9d2e2419aad9c29
2026-09-05T20:46:14.6577884Z Build Date: 2026-08-28T16:44:25Z
2026-09-05T20:46:14.6578462Z Worker ID: {91b7f1de-d361-4bc8-a16b-4a848befc831}
2026-09-05T20:46:14.6579098Z Azure Region: westus3
2026-09-05T20:46:14.6579565Z ##[endgroup]
2026-09-05T20:46:14.6580630Z ##[group]Operating System
2026-09-05T20:46:14.6581201Z Microsoft Windows Server 2022
2026-09-05T20:46:14.6581713Z 10.0.20348
2026-09-05T20:46:14.6582178Z Datacenter
2026-09-05T20:46:14.6582615Z ##[endgroup]
2026-09-05T20:46:14.6583065Z ##[group]Runner Image
2026-09-05T20:46:14.6583581Z Image: windows-2022
2026-09-05T20:46:14.6584051Z Version: 20260830.290.1
2026-09-05T20:46:14.6586061Z Included Software: https://github.com/actions/runner-images/blob/win22/20260830.290/images/windows/Windows2022-Readme.md
2026-09-05T20:46:14.6587429Z Image Release: https://github.com/actions/runner-images/releases/tag/win22%2F20260830.290
2026-09-05T20:46:14.6588258Z ##[endgroup]
2026-09-05T20:46:14.6589211Z ##[group]GITHUB_TOKEN Permissions
2026-09-05T20:46:14.6591181Z Contents: read
2026-09-05T20:46:14.6591698Z Metadata: read
2026-09-05T20:46:14.6592222Z ##[endgroup]
2026-09-05T20:46:14.6594129Z Secret source: Actions
2026-09-05T20:46:14.6595655Z Prepare workflow directory
2026-09-05T20:46:14.7119508Z Prepare all required actions
2026-09-05T20:46:14.7167888Z Getting action download info
2026-09-05T20:46:15.0391521Z Download action repository 'msys2/setup-msys2@v2' (SHA:66cd2cce69caa17b53920067426061ca1de3a884)
2026-09-05T20:46:15.6013769Z Complete job name: windows-mingw64
2026-09-05T20:46:15.9748724Z ##[group]Run git config --global core.autocrlf false
2026-09-05T20:46:15.9749916Z [36;1mgit config --global core.autocrlf false[0m
2026-09-05T20:46:15.9750576Z [36;1mgit config --global core.eol lf[0m
2026-09-05T20:46:15.9751368Z [36;1mNew-Item -ItemType Directory -Path $env:WINDOWS_ROOT | Out-Null[0m
2026-09-05T20:46:15.9752129Z [36;1m[0m
2026-09-05T20:46:15.9752582Z [36;1mgit init $env:PROJECT_SOURCE[0m
2026-09-05T20:46:15.9753415Z [36;1mgit -C $env:PROJECT_SOURCE remote add origin https://github.com/leemaple/20231788..git[0m
2026-09-05T20:46:15.9754433Z [36;1mgit -C $env:PROJECT_SOURCE fetch --depth 1 origin $env:GITHUB_SHA[0m
2026-09-05T20:46:15.9755272Z [36;1mgit -C $env:PROJECT_SOURCE checkout --detach FETCH_HEAD[0m
2026-09-05T20:46:15.9756072Z [36;1m$projectActual = git -C $env:PROJECT_SOURCE rev-parse HEAD[0m
2026-09-05T20:46:15.9756834Z [36;1mif ($projectActual -ne $env:GITHUB_SHA) {[0m
2026-09-05T20:46:15.9757607Z [36;1m  throw "Project checkout mismatch: $projectActual"[0m
2026-09-05T20:46:15.9758261Z [36;1m}[0m
2026-09-05T20:46:15.9758671Z [36;1m[0m
2026-09-05T20:46:15.9759221Z [36;1mgit init $env:OPENFHE_SOURCE[0m
2026-09-05T20:46:15.9760197Z [36;1mgit -C $env:OPENFHE_SOURCE remote add origin https://github.com/openfheorg/openfhe-development.git[0m
2026-09-05T20:46:15.9761300Z [36;1mgit -C $env:OPENFHE_SOURCE fetch --depth 1 origin $env:OPENFHE_COMMIT[0m
2026-09-05T20:46:15.9762175Z [36;1mgit -C $env:OPENFHE_SOURCE checkout --detach FETCH_HEAD[0m
2026-09-05T20:46:15.9763040Z [36;1mgit -C $env:OPENFHE_SOURCE submodule update --init --recursive --depth 1[0m
2026-09-05T20:46:15.9763777Z [36;1m[0m
2026-09-05T20:46:15.9764370Z [36;1m$projectStatus = @(git -C $env:PROJECT_SOURCE status --porcelain)[0m
2026-09-05T20:46:15.9765147Z [36;1mif ($projectStatus.Count -ne 0) {[0m
2026-09-05T20:46:15.9765902Z [36;1m  throw "Project checkout is dirty: $($projectStatus -join '; ')"[0m
2026-09-05T20:46:15.9766607Z [36;1m}[0m
2026-09-05T20:46:15.9767180Z [36;1m$openfheStatus = @(git -C $env:OPENFHE_SOURCE status --porcelain)[0m
2026-09-05T20:46:15.9767965Z [36;1mif ($openfheStatus.Count -ne 0) {[0m
2026-09-05T20:46:15.9770200Z [36;1m  throw "OpenFHE checkout is dirty: $($openfheStatus -join '; ')"[0m
2026-09-05T20:46:15.9771003Z [36;1m}[0m
2026-09-05T20:46:17.2895751Z shell: C:\Program Files\PowerShell\7\pwsh.EXE -command ". '{0}'"
2026-09-05T20:46:17.2897582Z env:
2026-09-05T20:46:17.2898721Z   OPENFHE_COMMIT: df495ba2e91739a6dc8f1de254fc5a41155ce504
2026-09-05T20:46:17.2900335Z   OPENFHE_PREFIX: C:\openfhe-2023-1788\openfhe-install
2026-09-05T20:46:17.2901704Z   WINDOWS_ROOT: C:\openfhe-2023-1788
2026-09-05T20:46:17.2902963Z   PROJECT_SOURCE: C:\openfhe-2023-1788\cleanroom
2026-09-05T20:46:17.2904414Z   OPENFHE_SOURCE: C:\openfhe-2023-1788\openfhe-src
2026-09-05T20:46:17.2906015Z   OPENFHE_BUILD: C:\openfhe-2023-1788\openfhe-build-33991083281-1
2026-09-05T20:46:17.2907900Z   PROJECT_BUILD: C:\openfhe-2023-1788\project-build-33991083281-1
2026-09-05T20:46:17.2909503Z ##[endgroup]
2026-09-05T20:46:19.3900448Z Initialized empty Git repository in C:/openfhe-2023-1788/cleanroom/.git/
2026-09-05T20:46:25.4053345Z From https://github.com/leemaple/20231788.
2026-09-05T20:46:25.4053944Z  * branch            2fe655d493dcde5f05aa1515f41ca6823bba30bd -> FETCH_HEAD
2026-09-05T20:46:33.8990739Z HEAD is now at 2fe655d test: add paper endpoint observer API RED contract
2026-09-05T20:46:34.2862572Z Initialized empty Git repository in C:/openfhe-2023-1788/openfhe-src/.git/
2026-09-05T20:46:36.1223037Z From https://github.com/openfheorg/openfhe-development
2026-09-05T20:46:36.1224032Z  * branch            df495ba2e91739a6dc8f1de254fc5a41155ce504 -> FETCH_HEAD
2026-09-05T20:46:38.2118860Z HEAD is now at df495ba Merge pull request #1130 from openfheorg/dev
2026-09-05T20:46:41.6089354Z Submodule 'third-party/cereal' (https://github.com/openfheorg/cereal.git) registered for path 'third-party/cereal'
2026-09-05T20:46:41.6115067Z Submodule 'third-party/google-benchmark' (https://github.com/google/benchmark.git) registered for path 'third-party/google-benchmark'
2026-09-05T20:46:41.6130843Z Submodule 'third-party/google-test' (https://github.com/google/googletest.git) registered for path 'third-party/google-test'
2026-09-05T20:46:41.6166851Z Submodule 'third-party/gperftools' (https://github.com/gperftools/gperftools.git) registered for path 'third-party/gperftools'
2026-09-05T20:46:41.6666622Z Cloning into 'C:/openfhe-2023-1788/openfhe-src/third-party/cereal'...
2026-09-05T20:46:42.6518711Z Cloning into 'C:/openfhe-2023-1788/openfhe-src/third-party/google-benchmark'...
2026-09-05T20:46:43.9026391Z Cloning into 'C:/openfhe-2023-1788/openfhe-src/third-party/google-test'...
2026-09-05T20:46:45.1071275Z Cloning into 'C:/openfhe-2023-1788/openfhe-src/third-party/gperftools'...
2026-09-05T20:46:47.8705831Z Submodule path 'third-party/cereal': checked out '984e3f194862b17916536b5fade40cba6e47a6fe'
2026-09-05T20:46:50.4589627Z From https://github.com/google/benchmark
2026-09-05T20:46:50.4590336Z  * branch            eddb0241389718a23a42db6af5f0164b6e0139af -> FETCH_HEAD
2026-09-05T20:46:51.4424904Z Submodule path 'third-party/google-benchmark': checked out 'eddb0241389718a23a42db6af5f0164b6e0139af'
2026-09-05T20:46:54.5885492Z From https://github.com/google/googletest
2026-09-05T20:46:54.5886321Z  * branch            52eb8108c5bdec04579160ae17225d66034bd723 -> FETCH_HEAD
2026-09-05T20:46:56.1011291Z Submodule path 'third-party/google-test': checked out '52eb8108c5bdec04579160ae17225d66034bd723'
2026-09-05T20:46:57.9194034Z From https://github.com/gperftools/gperftools
2026-09-05T20:46:57.9194845Z  * branch            83edb60836d87cf1b406e8846b9059c03031e8f5 -> FETCH_HEAD
2026-09-05T20:46:59.2416445Z Submodule path 'third-party/gperftools': checked out '83edb60836d87cf1b406e8846b9059c03031e8f5'
2026-09-05T20:46:59.5687810Z ##[group]Run msys2/setup-msys2@v2
2026-09-05T20:46:59.5688311Z with:
2026-09-05T20:46:59.5688595Z   msystem: MINGW64
2026-09-05T20:46:59.5688898Z   update: true
2026-09-05T20:46:59.5689173Z   cache: false
2026-09-05T20:46:59.5689529Z   install: git make mingw-w64-x86_64-boost mingw-w64-x86_64-cmake mingw-w64-x86_64-gcc
2026-09-05T20:46:59.5690641Z   path-type: minimal
2026-09-05T20:46:59.5690917Z   release: true
2026-09-05T20:46:59.5691172Z   platform-check-severity: fatal
2026-09-05T20:46:59.5691495Z env:
2026-09-05T20:46:59.5691791Z   OPENFHE_COMMIT: df495ba2e91739a6dc8f1de254fc5a41155ce504
2026-09-05T20:46:59.5692228Z   OPENFHE_PREFIX: C:\openfhe-2023-1788\openfhe-install
2026-09-05T20:46:59.5692587Z   WINDOWS_ROOT: C:\openfhe-2023-1788
2026-09-05T20:46:59.5692906Z   PROJECT_SOURCE: C:\openfhe-2023-1788\cleanroom
2026-09-05T20:46:59.5693265Z   OPENFHE_SOURCE: C:\openfhe-2023-1788\openfhe-src
2026-09-05T20:46:59.5694146Z   OPENFHE_BUILD: C:\openfhe-2023-1788\openfhe-build-33991083281-1
2026-09-05T20:46:59.5694610Z   PROJECT_BUILD: C:\openfhe-2023-1788\project-build-33991083281-1
2026-09-05T20:46:59.5694968Z ##[endgroup]
2026-09-05T20:46:59.7620753Z ##[group]Downloading MSYS2...
2026-09-05T20:47:01.2819473Z ##[endgroup]
2026-09-05T20:47:01.2820091Z ##[group]Extracting MSYS2...
2026-09-05T20:47:01.2839337Z [command]C:\hostedtoolcache\windows\msys2-installer\0.0.20260611\x64\base.exe -y
2026-09-05T20:47:01.6882860Z 
2026-09-05T20:47:01.6884177Z 7-Zip SFX 25.01 ZS v1.5.7 R4 (x64) : Copyright (c) 1999-2025 Igor Pavlov, 2016-2026 Tino Reichardt, 2022-2026 Sergey G. Brester : 2026-01-10
2026-09-05T20:47:01.6885072Z 
2026-09-05T20:47:01.6885518Z Extracting archive: C:\hostedtoolcache\windows\msys2-installer\0.0.20260611\x64\base.exe
2026-09-05T20:47:01.6886278Z --
2026-09-05T20:47:01.6886815Z Path = C:\hostedtoolcache\windows\msys2-installer\0.0.20260611\x64\base.exe
2026-09-05T20:47:01.6887447Z Type = 7z
2026-09-05T20:47:01.6887699Z 
2026-09-05T20:47:01.8777565Z   0%
2026-09-05T20:47:01.8778549Z     
2026-09-05T20:47:02.0810205Z   3% 1674 - msys64\usr\lib\terminfo\61\ansi-emx
2026-09-05T20:47:02.0810877Z                                                
2026-09-05T20:47:02.2850635Z   4% 3535 - msys64\usr\lib\terminfo\74\tgtelnet
2026-09-05T20:47:02.2851304Z                                                
2026-09-05T20:47:02.4883449Z   5% 5366 - msys64\usr\share\bash-completion\completions\_kubesec
2026-09-05T20:47:02.4884086Z                                                                  
2026-09-05T20:47:02.7540492Z  20% 6448 - msys64\usr\share\locale\kk\LC_MESSAGES\libalpm.mo
2026-09-05T20:47:02.7541253Z                                                              
2026-09-05T20:47:02.9570747Z  32% 7350 - msys64\usr\share\man\man1\openssl-crl.1ssl.gz
2026-09-05T20:47:02.9571651Z                                                          
2026-09-05T20:47:03.1601908Z  34% 9121 - msys64\usr\share\man\man3\set_tabsize.3x.gz
2026-09-05T20:47:03.1602755Z                                                        
2026-09-05T20:47:03.3632557Z  44% 10409 - msys64\usr\share\perl5\core_perl\unicore\lib\Bc\BN.pl
2026-09-05T20:47:03.3633330Z                                                                   
2026-09-05T20:47:03.5664880Z  47% 12091 - msys64\usr\share\terminfo\68\hp2623
2026-09-05T20:47:03.5665419Z                                                 
2026-09-05T20:47:03.7697091Z  48% 13994 - msys64\usr\share\zoneinfo\America\Argentina\San_Juan
2026-09-05T20:47:03.7697929Z                                                                  
2026-09-05T20:47:03.9733413Z  48% 15886 - msys64\var\lib\pacman\local\liblz4-1.10.0-1\desc
2026-09-05T20:47:04.1761546Z                                                              
2026-09-05T20:47:04.1762170Z  62% 16308 - msys64\usr\bin\msys-lzma-5.dll
2026-09-05T20:47:04.1762752Z                                            
2026-09-05T20:47:04.2817181Z  85% 16397 - msys64\usr\bin\script.exe
2026-09-05T20:47:04.2819514Z                                       
2026-09-05T20:47:04.2819965Z Everything is Ok
2026-09-05T20:47:04.2840213Z ##[endgroup]
2026-09-05T20:47:04.2840948Z ##[group]Disable Key Refresh...
2026-09-05T20:47:04.2857267Z ##[endgroup]
2026-09-05T20:47:04.2870381Z ##[group]Starting MSYS2 for the first time...
2026-09-05T20:47:04.3551420Z [command]C:\Windows\system32\cmd.exe /D /S /C D:\a\_temp\setup-msys2\msys2.cmd -c "'uname' '-a'"
2026-09-05T20:47:04.9581187Z [1;32mMSYS2 is starting for the first time. Executing the initial setup.[1;0m
2026-09-05T20:47:04.9582410Z Copying skeleton files.
2026-09-05T20:47:04.9582971Z These files are for the users to personalise their msys2 experience.
2026-09-05T20:47:04.9583395Z 
2026-09-05T20:47:04.9583653Z They will never be overwritten nor automatically updated.
2026-09-05T20:47:04.9583959Z 
2026-09-05T20:47:04.9584154Z './.bashrc' -> '/home/runneradmin/.bashrc'
2026-09-05T20:47:04.9584703Z './.bash_profile' -> '/home/runneradmin/.bash_profile'
2026-09-05T20:47:04.9585287Z './.profile' -> '/home/runneradmin/.profile'
2026-09-05T20:47:04.9585844Z 'C:\Windows\system32\drivers\etc\hosts' -> '/etc/hosts'
2026-09-05T20:47:04.9586519Z 'C:\Windows\system32\drivers\etc\protocol' -> '/etc/protocols'
2026-09-05T20:47:04.9587133Z 'C:\Windows\system32\drivers\etc\services' -> '/etc/services'
2026-09-05T20:47:04.9929745Z 'C:\Windows\system32\drivers\etc\networks' -> '/etc/networks'
2026-09-05T20:47:05.1684330Z gpg: /etc/pacman.d/gnupg/trustdb.gpg: trustdb created
2026-09-05T20:47:05.1743411Z gpg: no ultimately trusted keys found
2026-09-05T20:47:05.3992015Z gpg: starting migration from earlier GnuPG versions
2026-09-05T20:47:05.4519156Z gpg: porting secret keys from '/etc/pacman.d/gnupg/secring.gpg' to gpg-agent
2026-09-05T20:47:05.4521330Z gpg: migration succeeded
2026-09-05T20:47:05.5311594Z ==> Generating pacman master key. This may take some time.
2026-09-05T20:47:05.5746255Z gpg: Generating pacman keyring master key...
2026-09-05T20:47:06.0103757Z gpg: directory '/etc/pacman.d/gnupg/openpgp-revocs.d' created
2026-09-05T20:47:06.0320942Z gpg: revocation certificate stored as '/etc/pacman.d/gnupg/openpgp-revocs.d/66D66EADAACC0C354713DFF4F4EABC611521AA4B.rev'
2026-09-05T20:47:06.0321807Z gpg: Done
2026-09-05T20:47:06.0466527Z ==> Updating trust database...
2026-09-05T20:47:06.0753160Z gpg: marginals needed: 3  completes needed: 1  trust model: pgp
2026-09-05T20:47:06.0753729Z gpg: depth: 0  valid:   1  signed:   0  trust: 0-, 0q, 0n, 0m, 0f, 1u
2026-09-05T20:47:06.1757248Z ==> Appending keys from msys2.gpg...
2026-09-05T20:47:06.7413800Z ==> Locally signing trusted keys in keyring...
2026-09-05T20:47:07.2916130Z   -> Locally signed 5 keys.
2026-09-05T20:47:07.3038397Z ==> Importing owner trust values...
2026-09-05T20:47:07.3180118Z gpg: setting ownertrust to 4
2026-09-05T20:47:07.3180662Z gpg: setting ownertrust to 4
2026-09-05T20:47:07.3181127Z gpg: setting ownertrust to 4
2026-09-05T20:47:07.3181409Z gpg: setting ownertrust to 4
2026-09-05T20:47:07.3181719Z gpg: setting ownertrust to 4
2026-09-05T20:47:07.3380713Z ==> Disabling revoked keys in keyring...
2026-09-05T20:47:07.5407641Z   -> Disabled 4 keys.
2026-09-05T20:47:07.5534238Z ==> Updating trust database...
2026-09-05T20:47:07.5829755Z gpg: marginals needed: 3  completes needed: 1  trust model: pgp
2026-09-05T20:47:07.5845952Z gpg: depth: 0  valid:   1  signed:   5  trust: 0-, 0q, 0n, 0m, 0f, 1u
2026-09-05T20:47:07.5862632Z gpg: depth: 1  valid:   5  signed:   6  trust: 0-, 0q, 0n, 5m, 0f, 0u
2026-09-05T20:47:07.5871128Z gpg: depth: 2  valid:   3  signed:   2  trust: 3-, 0q, 0n, 0m, 0f, 0u
2026-09-05T20:47:07.6176897Z pacman-key (pacman) 6.1.0
2026-09-05T20:47:07.6177523Z Copyright (c) 2010-2024 Pacman Development Team <pacman-dev@lists.archlinux.org>.
2026-09-05T20:47:07.6177870Z 
2026-09-05T20:47:07.6303580Z This is free software; see the source for copying conditions.
2026-09-05T20:47:07.6305125Z There is NO WARRANTY, to the extent permitted by law.
2026-09-05T20:47:07.8149297Z [1;32mInitial setup complete. MSYS2 is now ready to use.[1;0m
2026-09-05T20:47:07.8275722Z MINGW64_NT-10.0-20348 runnervmy4vqd 3.6.9-01d6c708.x86_64 2026-05-24 10:45 UTC x86_64 Msys
2026-09-05T20:47:07.8322283Z ##[endgroup]
2026-09-05T20:47:07.8323224Z ##[group]Disable CheckSpace...
2026-09-05T20:47:07.8939267Z [command]C:\Windows\system32\cmd.exe /D /S /C D:\a\_temp\setup-msys2\msys2.cmd -c "'sed' '-i' 's/^CheckSpace/#CheckSpace/g' '/etc/pacman.conf'"
2026-09-05T20:47:08.0501495Z ##[endgroup]
2026-09-05T20:47:08.0502258Z ##[group]Updating packages...
2026-09-05T20:47:08.1097435Z [command]C:\Windows\system32\cmd.exe /D /S /C D:\a\_temp\setup-msys2\msys2.cmd -c "'pacman' '--noconfirm' '-Syuu' '--overwrite' '*'"
2026-09-05T20:47:08.7567961Z :: Synchronizing package databases...
2026-09-05T20:47:09.8714082Z  clangarm64 downloading...
2026-09-05T20:47:09.8714498Z  mingw32 downloading...
2026-09-05T20:47:09.8714738Z  mingw64 downloading...
2026-09-05T20:47:09.8714991Z  ucrt64 downloading...
2026-09-05T20:47:09.8715250Z  clang64 downloading...
2026-09-05T20:47:09.8715473Z  msys downloading...
2026-09-05T20:47:10.3308553Z :: Starting core system upgrade...
2026-09-05T20:47:10.5639878Z warning: terminate other MSYS2 programs before proceeding
2026-09-05T20:47:10.5640452Z resolving dependencies...
2026-09-05T20:47:10.5640977Z looking for conflicting packages...
2026-09-05T20:47:10.5700146Z 
2026-09-05T20:47:10.5701105Z Packages (1) msys2-runtime-3.6.10-3
2026-09-05T20:47:10.5701502Z 
2026-09-05T20:47:10.5701732Z Total Download Size:    1.97 MiB
2026-09-05T20:47:10.5702164Z Total Installed Size:   6.33 MiB
2026-09-05T20:47:10.5702597Z Net Upgrade Size:      -0.20 MiB
2026-09-05T20:47:10.5702858Z 
2026-09-05T20:47:10.5703163Z :: Proceed with installation? [Y/n] 
2026-09-05T20:47:10.5703599Z :: Retrieving packages...
2026-09-05T20:47:11.7151871Z  msys2-runtime-3.6.10-3-x86_64 downloading...
2026-09-05T20:47:11.7152520Z checking keyring...
2026-09-05T20:47:11.7726882Z checking package integrity...
2026-09-05T20:47:11.9409510Z loading package files...
2026-09-05T20:47:11.9440551Z checking for file conflicts...
2026-09-05T20:47:11.9459143Z :: Processing package changes...
2026-09-05T20:47:11.9459608Z upgrading msys2-runtime...
2026-09-05T20:47:12.0500837Z :: To complete this update all MSYS2 processes including this terminal will be closed. Confirm to proceed [Y/n] 
2026-09-05T20:47:12.3195352Z ##[endgroup]
2026-09-05T20:47:12.3196001Z ##[group]Killing remaining tasks...
2026-09-05T20:47:12.3850905Z [command]C:\Windows\system32\taskkill.exe /F /FI "MODULES eq msys-2.0.dll"
2026-09-05T20:47:12.8550932Z 
2026-09-05T20:47:12.8552251Z INFO: No tasks running with the specified criteria.
2026-09-05T20:47:12.8582531Z ##[endgroup]
2026-09-05T20:47:12.8583090Z ##[group]Final system upgrade...
2026-09-05T20:47:12.9159669Z [command]C:\Windows\system32\cmd.exe /D /S /C D:\a\_temp\setup-msys2\msys2.cmd -c "'pacman' '--noconfirm' '-Syuu' '--overwrite' '*'"
2026-09-05T20:47:13.4924478Z :: Synchronizing package databases...
2026-09-05T20:47:14.5300731Z  clangarm64 downloading...
2026-09-05T20:47:14.5301240Z  mingw32 downloading...
2026-09-05T20:47:14.5301582Z  mingw64 downloading...
2026-09-05T20:47:14.5301993Z  ucrt64 downloading...
2026-09-05T20:47:14.5302376Z  clang64 downloading...
2026-09-05T20:47:14.5302739Z  msys downloading...
2026-09-05T20:47:15.0617159Z :: Starting core system upgrade...
2026-09-05T20:47:15.2969721Z  there is nothing to do
2026-09-05T20:47:15.2970327Z :: Starting full system upgrade...
2026-09-05T20:47:15.3519265Z resolving dependencies...
2026-09-05T20:47:15.3558637Z looking for conflicting packages...
2026-09-05T20:47:15.3658842Z 
2026-09-05T20:47:15.3661765Z Packages (32) bash-completion-2.18.0-1  bsdtar-3.8.9-1  ca-certificates-20260816-1  curl-8.21.0-1  findutils-4.11.0-2  gawk-5.4.1-1  gcc-libs-15.3.0-1  gnupg-2.4.9-3  libcurl-8.21.0-1  libexpat-2.8.4-1  libffi-3.8.0-1  libgnutls-3.8.13-2  libhogweed-4.0-1  libnettle-4.0-1  libnghttp2-1.70.0-1  libnghttp3-1.18.0-1  libngtcp2-1.25.0-1  libopenssl-3.6.4-1  libp11-kit-0.26.5-1  libpcre2_8-10.48-1  libpsl-0.23.2-1  libsqlite-3.53.4-1  msys2-keyring-1~20260814-1  nano-9.2-1  nettle-4.0-1  openssl-3.6.4-1  p11-kit-0.26.5-1  pacman-contrib-1.10.6-2  perl-5.42.3-1  pinentry-1.3.3-1  tzcode-2026c-1  wget-1.25.0-2
2026-09-05T20:47:15.3664381Z 
2026-09-05T20:47:15.3664547Z Total Download Size:    27.20 MiB
2026-09-05T20:47:15.3664854Z Total Installed Size:  108.84 MiB
2026-09-05T20:47:15.3665205Z Net Upgrade Size:       -1.02 MiB
2026-09-05T20:47:15.3665373Z 
2026-09-05T20:47:15.3665834Z :: Proceed with installation? [Y/n] 
2026-09-05T20:47:15.3666330Z :: Retrieving packages...
2026-09-05T20:47:17.7038540Z  perl-5.42.3-1-x86_64 downloading...
2026-09-05T20:47:17.7039141Z  pacman-contrib-1.10.6-2-x86_64 downloading...
2026-09-05T20:47:17.7039725Z  gnupg-2.4.9-3-x86_64 downloading...
2026-09-05T20:47:17.7040188Z  libopenssl-3.6.4-1-x86_64 downloading...
2026-09-05T20:47:17.7040667Z  gawk-5.4.1-1-x86_64 downloading...
2026-09-05T20:47:17.7041087Z  libgnutls-3.8.13-2-x86_64 downloading...
2026-09-05T20:47:17.7041536Z  gcc-libs-15.3.0-1-x86_64 downloading...
2026-09-05T20:47:17.7041954Z  curl-8.21.0-1-x86_64 downloading...
2026-09-05T20:47:17.7042427Z  wget-1.25.0-2-x86_64 downloading...
2026-09-05T20:47:17.7042892Z  libsqlite-3.53.4-1-x86_64 downloading...
2026-09-05T20:47:17.7043396Z  nano-9.2-1-x86_64 downloading...
2026-09-05T20:47:17.7043822Z  openssl-3.6.4-1-x86_64 downloading...
2026-09-05T20:47:17.7044278Z  findutils-4.11.0-2-x86_64 downloading...
2026-09-05T20:47:17.7044751Z  p11-kit-0.26.5-1-x86_64 downloading...
2026-09-05T20:47:17.7045198Z  ca-certificates-20260816-1-any downloading...
2026-09-05T20:47:17.7045619Z  libcurl-8.21.0-1-x86_64 downloading...
2026-09-05T20:47:17.7046075Z  bsdtar-3.8.9-1-x86_64 downloading...
2026-09-05T20:47:17.7046474Z  tzcode-2026c-1-x86_64 downloading...
2026-09-05T20:47:17.7046947Z  libp11-kit-0.26.5-1-x86_64 downloading...
2026-09-05T20:47:17.7047385Z  bash-completion-2.18.0-1-any downloading...
2026-09-05T20:47:17.7047803Z  libhogweed-4.0-1-x86_64 downloading...
2026-09-05T20:47:17.7048247Z  libngtcp2-1.25.0-1-x86_64 downloading...
2026-09-05T20:47:17.7048662Z  libpcre2_8-10.48-1-x86_64 downloading...
2026-09-05T20:47:17.7049074Z  libnettle-4.0-1-x86_64 downloading...
2026-09-05T20:47:17.7049502Z  nettle-4.0-1-x86_64 downloading...
2026-09-05T20:47:17.7049969Z  libpsl-0.23.2-1-x86_64 downloading...
2026-09-05T20:47:17.7050465Z  libnghttp3-1.18.0-1-x86_64 downloading...
2026-09-05T20:47:17.7050870Z  libnghttp2-1.70.0-1-x86_64 downloading...
2026-09-05T20:47:17.7051308Z  libexpat-2.8.4-1-x86_64 downloading...
2026-09-05T20:47:17.7051757Z  pinentry-1.3.3-1-x86_64 downloading...
2026-09-05T20:47:17.7052197Z  msys2-keyring-1~20260814-1-any downloading...
2026-09-05T20:47:17.7052632Z  libffi-3.8.0-1-x86_64 downloading...
2026-09-05T20:47:17.7053002Z checking keyring...
2026-09-05T20:47:17.7632343Z checking package integrity...
2026-09-05T20:47:22.4745162Z loading package files...
2026-09-05T20:47:22.5587282Z checking for file conflicts...
2026-09-05T20:47:22.6005418Z :: Running pre-transaction hooks...
2026-09-05T20:47:22.6006032Z (1/1) Removing old entries from the info directory file...
2026-09-05T20:47:22.7391492Z :: Processing package changes...
2026-09-05T20:47:22.7392387Z upgrading bash-completion...
2026-09-05T20:47:23.2937175Z upgrading gcc-libs...
2026-09-05T20:47:23.3076342Z upgrading libexpat...
2026-09-05T20:47:23.3111444Z upgrading libopenssl...
2026-09-05T20:47:23.3351248Z upgrading bsdtar...
2026-09-05T20:47:23.3425712Z upgrading openssl...
2026-09-05T20:47:23.4062835Z upgrading findutils...
2026-09-05T20:47:23.4659198Z upgrading libffi...
2026-09-05T20:47:23.4725541Z upgrading libpcre2_8...
2026-09-05T20:47:23.4764729Z upgrading libp11-kit...
2026-09-05T20:47:23.4825959Z upgrading p11-kit...
2026-09-05T20:47:23.5783567Z upgrading ca-certificates...
2026-09-05T20:47:24.1618425Z upgrading libnghttp3...
2026-09-05T20:47:24.1674072Z upgrading libngtcp2...
2026-09-05T20:47:24.1737258Z upgrading libnghttp2...
2026-09-05T20:47:24.1778773Z upgrading libpsl...
2026-09-05T20:47:24.1840320Z upgrading libcurl...
2026-09-05T20:47:24.1893835Z upgrading curl...
2026-09-05T20:47:24.4572310Z upgrading gawk...
2026-09-05T20:47:24.5242051Z upgrading libhogweed...
2026-09-05T20:47:24.5281911Z upgrading libnettle...
2026-09-05T20:47:24.5322393Z upgrading libgnutls...
2026-09-05T20:47:24.5679226Z upgrading libsqlite...
2026-09-05T20:47:24.5765784Z upgrading nettle...
2026-09-05T20:47:24.5821216Z upgrading pinentry...
2026-09-05T20:47:24.5865805Z upgrading gnupg...
2026-09-05T20:47:29.0839774Z ==> Appending keys from msys2.gpg...
2026-09-05T20:47:29.5036541Z ==> Updating trust database...
2026-09-05T20:47:29.5193082Z gpg: no need for a trustdb check
2026-09-05T20:47:29.6134949Z upgrading msys2-keyring...
2026-09-05T20:47:29.9446902Z ==> Appending keys from msys2.gpg...
2026-09-05T20:47:30.3797120Z ==> Updating trust database...
2026-09-05T20:47:30.3952435Z gpg: next trustdb check due at 2027-02-10
2026-09-05T20:47:30.4692047Z upgrading nano...
2026-09-05T20:47:30.5371751Z upgrading pacman-contrib...
2026-09-05T20:47:30.5882641Z New optional dependencies for pacman-contrib
2026-09-05T20:47:30.5883533Z     perl: for pacsearch [installed]
2026-09-05T20:47:30.5884179Z     vim: default diff program for pacdiff
2026-09-05T20:47:30.5884742Z upgrading perl...
2026-09-05T20:47:31.6664163Z upgrading tzcode...
2026-09-05T20:47:32.8434928Z upgrading wget...
2026-09-05T20:47:32.9160825Z :: Running post-transaction hooks...
2026-09-05T20:47:32.9162063Z (1/1) Updating the info directory file...
2026-09-05T20:47:34.5495819Z ##[endgroup]
2026-09-05T20:47:34.5496997Z ##[group]Installing additional packages through pacman...
2026-09-05T20:47:34.6196588Z [command]C:\Windows\system32\cmd.exe /D /S /C D:\a\_temp\setup-msys2\msys2.cmd -c "'pacman' '--noconfirm' '-S' '--needed' '--overwrite' '*' 'git' 'make' 'mingw-w64-x86_64-boost' 'mingw-w64-x86_64-cmake' 'mingw-w64-x86_64-gcc'"
2026-09-05T20:47:35.4331911Z resolving dependencies...
2026-09-05T20:47:35.4424806Z looking for conflicting packages...
2026-09-05T20:47:35.4536516Z 
2026-09-05T20:47:35.4545035Z Packages (89) heimdal-7.8.0-5  heimdal-libs-7.8.0-5  libcbor-0.14.0-2  libedit-20240808_3.1-1  libfido2-1.17.0-1  mingw-w64-x86_64-binutils-2.47-3  mingw-w64-x86_64-boost-libs-1.92.0-3  mingw-w64-x86_64-brotli-1.2.0-1  mingw-w64-x86_64-bzip2-1.0.8-4  mingw-w64-x86_64-c-ares-1.34.8-1  mingw-w64-x86_64-ca-certificates-20260816-1  mingw-w64-x86_64-cppdap-1.65.r11.g6464cd7-1  mingw-w64-x86_64-crt-14.0.0.r353.g6df76fa52-4  mingw-w64-x86_64-curl-8.22.0-1  mingw-w64-x86_64-expat-2.8.4-2  mingw-w64-x86_64-gcc-libs-16.2.0-3  mingw-w64-x86_64-gettext-runtime-1.0-1  mingw-w64-x86_64-gmp-6.3.0-2  mingw-w64-x86_64-gnutls-3.8.13-3  mingw-w64-x86_64-headers-14.0.0.r353.g6df76fa52-2  mingw-w64-x86_64-icu-78.3-4  mingw-w64-x86_64-isl-0.28-1  mingw-w64-x86_64-jsoncpp-1.9.8-1  mingw-w64-x86_64-libarchive-3.8.9-5  mingw-w64-x86_64-libb2-0.98.1-3  mingw-w64-x86_64-libffi-3.8.0-1  mingw-w64-x86_64-libiconv-1.19-1  mingw-w64-x86_64-libidn2-2.3.8-4  mingw-w64-x86_64-libpsl-0.21.5-3  mingw-w64-x86_64-libssh2-1.11.1-2  mingw-w64-x86_64-libtasn1-4.21.0-1  mingw-w64-x86_64-libunistring-1.4.2-1  mingw-w64-x86_64-libuv-1.52.1-1  mingw-w64-x86_64-libwinpthread-14.0.0.r353.g6df76fa52-2  mingw-w64-x86_64-lz4-1.10.0-1  mingw-w64-x86_64-mpc-1.4.1-1  mingw-w64-x86_64-mpfr-4.2.2-3  mingw-w64-x86_64-nettle-4.0-1  mingw-w64-x86_64-nghttp2-1.70.0-1  mingw-w64-x86_64-nghttp3-1.18.0-1  mingw-w64-x86_64-ngtcp2-1.25.0-1  mingw-w64-x86_64-ninja-1.13.2-1  mingw-w64-x86_64-openssl-3.6.4-1  mingw-w64-x86_64-p11-kit-0.26.5-1  mingw-w64-x86_64-pcre2-10.48-3  mingw-w64-x86_64-pkgconf-1~3.0.5-1  mingw-w64-x86_64-rhash-1.4.6-1  mingw-w64-x86_64-tzdata-2026c-1  mingw-w64-x86_64-windows-default-manifest-20260815-1  mingw-w64-x86_64-wineditline-2.208-1  mingw-w64-x86_64-winpthreads-14.0.0.r353.g6df76fa52-2  mingw-w64-x86_64-xz-5.8.3-1  mingw-w64-x86_64-zlib-1.3.2-2  mingw-w64-x86_64-zstd-1.5.7-2  openssh-10.5p1-2  perl-Authen-SASL-2.2000-1  perl-Clone-0.50-2  perl-Convert-BinHex-1.125-2  perl-Encode-Locale-1.05-2  perl-Error-0.17030-1  perl-File-Listing-6.16-1  perl-HTML-Parser-3.85-1  perl-HTML-Tagset-3.24-1  perl-HTTP-Cookies-6.12-1  perl-HTTP-Daemon-6.17-1  perl-HTTP-Date-6.08-1  perl-HTTP-Message-7.04-1  perl-HTTP-Negotiate-6.01-3  perl-IO-HTML-1.004-2  perl-IO-Socket-SSL-2.099-1  perl-IO-Stringy-2.113-3  perl-LWP-MediaTypes-6.04-2  perl-MIME-tools-5.517-1  perl-MailTools-2.22-1  perl-Net-HTTP-6.24-1  perl-Net-SMTP-SSL-1.04-2  perl-Net-SSLeay-1.96-1  perl-TermReadKey-2.38-8  perl-TimeDate-2.35-1  perl-Try-Tiny-0.32-1  perl-URI-5.36-1  perl-WWW-RobotRules-6.03-1  perl-http-cookiejar-0.014-1  perl-libwww-6.83-2  git-2.55.0-1  make-4.4.1-3  mingw-w64-x86_64-boost-1.92.0-3  mingw-w64-x86_64-cmake-4.4.2-2  mingw-w64-x86_64-gcc-16.2.0-3
2026-09-05T20:47:35.4554593Z 
2026-09-05T20:47:35.4554779Z Total Download Size:    153.56 MiB
2026-09-05T20:47:35.4555131Z Total Installed Size:  1013.52 MiB
2026-09-05T20:47:35.4555352Z 
2026-09-05T20:47:35.4555628Z :: Proceed with installation? [Y/n] 
2026-09-05T20:47:35.4556043Z :: Retrieving packages...
2026-09-05T20:47:42.7600922Z  mingw-w64-x86_64-gcc-16.2.0-3-any downloading...
2026-09-05T20:47:42.7601474Z  mingw-w64-x86_64-icu-78.3-4-any downloading...
2026-09-05T20:47:42.7602028Z  mingw-w64-x86_64-boost-1.92.0-3-any downloading...
2026-09-05T20:47:42.7602542Z  mingw-w64-x86_64-cmake-4.4.2-2-any downloading...
2026-09-05T20:47:42.7602910Z  mingw-w64-x86_64-openssl-3.6.4-1-any downloading...
2026-09-05T20:47:42.7603232Z  git-2.55.0-1-x86_64 downloading...
2026-09-05T20:47:42.7603608Z  mingw-w64-x86_64-headers-14.0.0.r353.g6df76fa52-2-any downloading...
2026-09-05T20:47:42.7604031Z  mingw-w64-x86_64-binutils-2.47-3-any downloading...
2026-09-05T20:47:42.7604406Z  mingw-w64-x86_64-crt-14.0.0.r353.g6df76fa52-4-any downloading...
2026-09-05T20:47:42.7604802Z  mingw-w64-x86_64-boost-libs-1.92.0-3-any downloading...
2026-09-05T20:47:42.7605159Z  mingw-w64-x86_64-gnutls-3.8.13-3-any downloading...
2026-09-05T20:47:42.7605531Z  mingw-w64-x86_64-libarchive-3.8.9-5-any downloading...
2026-09-05T20:47:42.7605901Z  mingw-w64-x86_64-curl-8.22.0-1-any downloading...
2026-09-05T20:47:42.7606227Z  mingw-w64-x86_64-isl-0.28-1-any downloading...
2026-09-05T20:47:42.7606558Z  mingw-w64-x86_64-pcre2-10.48-3-any downloading...
2026-09-05T20:47:42.7606859Z  openssh-10.5p1-2-x86_64 downloading...
2026-09-05T20:47:42.7607194Z  mingw-w64-x86_64-gcc-libs-16.2.0-3-any downloading...
2026-09-05T20:47:42.7607531Z  mingw-w64-x86_64-libunistring-1.4.2-1-any downloading...
2026-09-05T20:47:42.7607847Z  heimdal-libs-7.8.0-5-x86_64 downloading...
2026-09-05T20:47:42.7608170Z  mingw-w64-x86_64-libiconv-1.19-1-any downloading...
2026-09-05T20:47:42.7608508Z  mingw-w64-x86_64-zstd-1.5.7-2-any downloading...
2026-09-05T20:47:42.7608982Z  mingw-w64-x86_64-p11-kit-0.26.5-1-any downloading...
2026-09-05T20:47:42.7609393Z  mingw-w64-x86_64-gmp-6.3.0-2-any downloading...
2026-09-05T20:47:42.7609712Z  mingw-w64-x86_64-nettle-4.0-1-any downloading...
2026-09-05T20:47:42.7610021Z  heimdal-7.8.0-5-x86_64 downloading...
2026-09-05T20:47:42.7610308Z  mingw-w64-x86_64-mpfr-4.2.2-3-any downloading...
2026-09-05T20:47:42.7610672Z  mingw-w64-x86_64-cppdap-1.65.r11.g6464cd7-1-any downloading...
2026-09-05T20:47:42.7611013Z  make-4.4.1-3-x86_64 downloading...
2026-09-05T20:47:42.7611280Z  mingw-w64-x86_64-xz-5.8.3-1-any downloading...
2026-09-05T20:47:42.7611636Z  mingw-w64-x86_64-brotli-1.2.0-1-any downloading...
2026-09-05T20:47:42.7611979Z  mingw-w64-x86_64-gettext-runtime-1.0-1-any downloading...
2026-09-05T20:47:42.7612429Z  mingw-w64-x86_64-ca-certificates-20260816-1-any downloading...
2026-09-05T20:47:42.7612907Z  mingw-w64-x86_64-c-ares-1.34.8-1-any downloading...
2026-09-05T20:47:42.7613318Z  mingw-w64-x86_64-libssh2-1.11.1-2-any downloading...
2026-09-05T20:47:42.7613750Z  mingw-w64-x86_64-ngtcp2-1.25.0-1-any downloading...
2026-09-05T20:47:42.7614486Z  mingw-w64-x86_64-rhash-1.4.6-1-any downloading...
2026-09-05T20:47:42.7614927Z  perl-Net-SSLeay-1.96-1-x86_64 downloading...
2026-09-05T20:47:42.7615407Z  mingw-w64-x86_64-tzdata-2026c-1-any downloading...
2026-09-05T20:47:42.7615814Z  mingw-w64-x86_64-libuv-1.52.1-1-any downloading...
2026-09-05T20:47:42.7616427Z  mingw-w64-x86_64-jsoncpp-1.9.8-1-any downloading...
2026-09-05T20:47:42.7616914Z  mingw-w64-x86_64-nghttp2-1.70.0-1-any downloading...
2026-09-05T20:47:42.7617371Z  mingw-w64-x86_64-libtasn1-4.21.0-1-any downloading...
2026-09-05T20:47:42.7617804Z  mingw-w64-x86_64-expat-2.8.4-2-any downloading...
2026-09-05T20:47:42.7618285Z  mingw-w64-x86_64-ninja-1.13.2-1-any downloading...
2026-09-05T20:47:42.7618740Z  perl-MIME-tools-5.517-1-any downloading...
2026-09-05T20:47:42.7619259Z  mingw-w64-x86_64-libidn2-2.3.8-4-any downloading...
2026-09-05T20:47:42.7619727Z  mingw-w64-x86_64-lz4-1.10.0-1-any downloading...
2026-09-05T20:47:42.7620214Z  perl-IO-Socket-SSL-2.099-1-any downloading...
2026-09-05T20:47:42.7620750Z  mingw-w64-x86_64-pkgconf-1~3.0.5-1-any downloading...
2026-09-05T20:47:42.7621335Z  mingw-w64-x86_64-nghttp3-1.18.0-1-any downloading...
2026-09-05T20:47:42.7621862Z  mingw-w64-x86_64-mpc-1.4.1-1-any downloading...
2026-09-05T20:47:42.7622341Z  perl-libwww-6.83-2-any downloading...
2026-09-05T20:47:42.7622821Z  mingw-w64-x86_64-zlib-1.3.2-2-any downloading...
2026-09-05T20:47:42.7623221Z  perl-URI-5.36-1-any downloading...
2026-09-05T20:47:42.7623657Z  mingw-w64-x86_64-libpsl-0.21.5-3-any downloading...
2026-09-05T20:47:42.7624075Z  mingw-w64-x86_64-bzip2-1.0.8-4-any downloading...
2026-09-05T20:47:42.7624493Z  libedit-20240808_3.1-1-x86_64 downloading...
2026-09-05T20:47:42.7624814Z  libfido2-1.17.0-1-x86_64 downloading...
2026-09-05T20:47:42.7625215Z  perl-HTML-Parser-3.85-1-x86_64 downloading...
2026-09-05T20:47:42.7625649Z  perl-HTTP-Message-7.04-1-any downloading...
2026-09-05T20:47:42.7626084Z  perl-TimeDate-2.35-1-any downloading...
2026-09-05T20:47:42.7626512Z  mingw-w64-x86_64-wineditline-2.208-1-any downloading...
2026-09-05T20:47:42.7626967Z  perl-MailTools-2.22-1-any downloading...
2026-09-05T20:47:42.7627450Z  mingw-w64-x86_64-libffi-3.8.0-1-any downloading...
2026-09-05T20:47:42.7627754Z  perl-IO-Stringy-2.113-3-any downloading...
2026-09-05T20:47:42.7628165Z  mingw-w64-x86_64-winpthreads-14.0.0.r353.g6df76fa52-2-any downloading...
2026-09-05T20:47:42.7628575Z  perl-Authen-SASL-2.2000-1-any downloading...
2026-09-05T20:47:42.7628955Z  mingw-w64-x86_64-libwinpthread-14.0.0.r353.g6df76fa52-2-any downloading...
2026-09-05T20:47:42.7629351Z  perl-Convert-BinHex-1.125-2-any downloading...
2026-09-05T20:47:42.7629687Z  mingw-w64-x86_64-libb2-0.98.1-3-any downloading...
2026-09-05T20:47:42.7629990Z  libcbor-0.14.0-2-x86_64 downloading...
2026-09-05T20:47:42.7630270Z  perl-HTTP-Cookies-6.12-1-any downloading...
2026-09-05T20:47:42.7630567Z  perl-Net-HTTP-6.24-1-any downloading...
2026-09-05T20:47:42.7630846Z  perl-Error-0.17030-1-any downloading...
2026-09-05T20:47:42.7631124Z  perl-TermReadKey-2.38-8-x86_64 downloading...
2026-09-05T20:47:42.7631440Z  perl-HTTP-Daemon-6.17-1-any downloading...
2026-09-05T20:47:42.7631743Z  perl-LWP-MediaTypes-6.04-2-any downloading...
2026-09-05T20:47:42.7632077Z  perl-Try-Tiny-0.32-1-any downloading...
2026-09-05T20:47:42.7632350Z  perl-Clone-0.50-2-x86_64 downloading...
2026-09-05T20:47:42.7632898Z  perl-IO-HTML-1.004-2-any downloading...
2026-09-05T20:47:42.7633265Z  perl-WWW-RobotRules-6.03-1-any downloading...
2026-09-05T20:47:42.7633679Z  perl-http-cookiejar-0.014-1-any downloading...
2026-09-05T20:47:42.7634074Z  perl-HTTP-Negotiate-6.01-3-any downloading...
2026-09-05T20:47:42.7634459Z  perl-Encode-Locale-1.05-2-any downloading...
2026-09-05T20:47:42.7634832Z  perl-HTML-Tagset-3.24-1-any downloading...
2026-09-05T20:47:42.7635240Z  perl-File-Listing-6.16-1-any downloading...
2026-09-05T20:47:42.7635734Z  perl-HTTP-Date-6.08-1-any downloading...
2026-09-05T20:47:42.7636495Z  perl-Net-SMTP-SSL-1.04-2-any downloading...
2026-09-05T20:47:42.7637069Z  mingw-w64-x86_64-windows-default-manifest-20260815-1-any downloading...
2026-09-05T20:47:42.7637493Z checking keyring...
2026-09-05T20:47:42.8235438Z checking package integrity...
2026-09-05T20:47:57.1030217Z loading package files...
2026-09-05T20:47:57.5027579Z checking for file conflicts...
2026-09-05T20:47:59.2732073Z :: Processing package changes...
2026-09-05T20:47:59.2732536Z installing libedit...
2026-09-05T20:47:59.2951181Z installing heimdal-libs...
2026-09-05T20:47:59.3098485Z installing heimdal...
2026-09-05T20:47:59.7152840Z installing libcbor...
2026-09-05T20:47:59.7181540Z installing libfido2...
2026-09-05T20:47:59.7212685Z installing openssh...
2026-09-05T20:47:59.7527821Z installing perl-Error...
2026-09-05T20:47:59.7581725Z installing perl-Authen-SASL...
2026-09-05T20:47:59.7728638Z installing perl-Encode-Locale...
2026-09-05T20:47:59.7767736Z installing perl-HTTP-Date...
2026-09-05T20:47:59.7807874Z installing perl-File-Listing...
2026-09-05T20:47:59.7854455Z installing perl-HTML-Tagset...
2026-09-05T20:47:59.7896867Z installing perl-Clone...
2026-09-05T20:47:59.7933969Z installing perl-IO-HTML...
2026-09-05T20:47:59.7974058Z installing perl-LWP-MediaTypes...
2026-09-05T20:47:59.8021480Z installing perl-URI...
2026-09-05T20:47:59.8424132Z installing perl-HTTP-Message...
2026-09-05T20:47:59.8547549Z installing perl-HTML-Parser...
2026-09-05T20:47:59.8646897Z installing perl-HTTP-Cookies...
2026-09-05T20:47:59.8701692Z installing perl-HTTP-Daemon...
2026-09-05T20:47:59.8736940Z installing perl-http-cookiejar...
2026-09-05T20:47:59.8787361Z installing perl-HTTP-Negotiate...
2026-09-05T20:47:59.8824234Z installing perl-Net-HTTP...
2026-09-05T20:47:59.8900869Z installing perl-WWW-RobotRules...
2026-09-05T20:47:59.8965478Z installing perl-Try-Tiny...
2026-09-05T20:47:59.9018863Z installing perl-libwww...
2026-09-05T20:47:59.9253570Z Optional dependencies for perl-libwww
2026-09-05T20:47:59.9254324Z     perl-LWP-Protocol-https: for https:// url schemes
2026-09-05T20:47:59.9254923Z installing perl-TimeDate...
2026-09-05T20:47:59.9684777Z installing perl-MailTools...
2026-09-05T20:47:59.9861733Z installing perl-IO-Stringy...
2026-09-05T20:47:59.9957367Z installing perl-Convert-BinHex...
2026-09-05T20:48:00.1489098Z module test... pass.
2026-09-05T20:48:00.1499160Z installing perl-MIME-tools...
2026-09-05T20:48:00.1771251Z installing perl-Net-SSLeay...
2026-09-05T20:48:00.2256556Z installing perl-IO-Socket-SSL...
2026-09-05T20:48:00.2346116Z installing perl-Net-SMTP-SSL...
2026-09-05T20:48:00.2380898Z installing perl-TermReadKey...
2026-09-05T20:48:00.2433072Z installing git...
2026-09-05T20:48:00.6205635Z Optional dependencies for git
2026-09-05T20:48:00.6206199Z     python: various helper scripts
2026-09-05T20:48:00.6206656Z     subversion: git svn
2026-09-05T20:48:00.6207070Z     aspell: spell checking in git gui
2026-09-05T20:48:00.6207498Z installing make...
2026-09-05T20:48:00.6428566Z installing mingw-w64-x86_64-bzip2...
2026-09-05T20:48:00.6556166Z installing mingw-w64-x86_64-libwinpthread...
2026-09-05T20:48:00.6585717Z installing mingw-w64-x86_64-tzdata...
2026-09-05T20:48:01.7426354Z installing mingw-w64-x86_64-gcc-libs...
2026-09-05T20:48:01.7562277Z installing mingw-w64-x86_64-icu...
2026-09-05T20:48:02.0438519Z installing mingw-w64-x86_64-libiconv...
2026-09-05T20:48:02.0638024Z installing mingw-w64-x86_64-gettext-runtime...
2026-09-05T20:48:02.2111401Z installing mingw-w64-x86_64-xz...
2026-09-05T20:48:02.2815342Z installing mingw-w64-x86_64-zlib...
2026-09-05T20:48:02.2875926Z installing mingw-w64-x86_64-zstd...
2026-09-05T20:48:02.3022358Z installing mingw-w64-x86_64-boost-libs...
2026-09-05T20:48:02.3400399Z installing mingw-w64-x86_64-boost...
2026-09-05T20:48:11.7005670Z Optional dependencies for mingw-w64-x86_64-boost
2026-09-05T20:48:11.7006293Z     mingw-w64-x86_64-python: For Boost.Python
2026-09-05T20:48:11.7007047Z     mingw-w64-x86_64-python-numpy: For Boost.Python (NumPy)
2026-09-05T20:48:11.7007500Z installing mingw-w64-x86_64-cppdap...
2026-09-05T20:48:11.7201833Z installing mingw-w64-x86_64-c-ares...
2026-09-05T20:48:11.7946074Z installing mingw-w64-x86_64-brotli...
2026-09-05T20:48:11.8427342Z installing mingw-w64-x86_64-libunistring...
2026-09-05T20:48:11.9996462Z installing mingw-w64-x86_64-libidn2...
2026-09-05T20:48:12.0196192Z installing mingw-w64-x86_64-libpsl...
2026-09-05T20:48:12.0259996Z installing mingw-w64-x86_64-libtasn1...
2026-09-05T20:48:12.0531068Z installing mingw-w64-x86_64-libffi...
2026-09-05T20:48:12.0601387Z installing mingw-w64-x86_64-p11-kit...
2026-09-05T20:48:12.1965509Z installing mingw-w64-x86_64-ca-certificates...
2026-09-05T20:48:12.7858983Z installing mingw-w64-x86_64-openssl...
2026-09-05T20:48:16.4845420Z Optional dependencies for mingw-w64-x86_64-openssl
2026-09-05T20:48:16.4845990Z     mingw-w64-x86_64-ca-certificates [installed]
2026-09-05T20:48:16.4846379Z installing mingw-w64-x86_64-libssh2...
2026-09-05T20:48:16.5637049Z installing mingw-w64-x86_64-nghttp2...
2026-09-05T20:48:16.5745007Z installing mingw-w64-x86_64-gmp...
2026-09-05T20:48:16.5856728Z installing mingw-w64-x86_64-nettle...
2026-09-05T20:48:16.6216413Z installing mingw-w64-x86_64-gnutls...
2026-09-05T20:48:17.1873052Z installing mingw-w64-x86_64-ngtcp2...
2026-09-05T20:48:17.2020735Z installing mingw-w64-x86_64-nghttp3...
2026-09-05T20:48:17.2108220Z installing mingw-w64-x86_64-curl...
2026-09-05T20:48:17.5436694Z installing mingw-w64-x86_64-expat...
2026-09-05T20:48:17.5536541Z installing mingw-w64-x86_64-jsoncpp...
2026-09-05T20:48:17.5676275Z installing mingw-w64-x86_64-libb2...
2026-09-05T20:48:17.5723564Z installing mingw-w64-x86_64-lz4...
2026-09-05T20:48:17.5823212Z installing mingw-w64-x86_64-wineditline...
2026-09-05T20:48:17.5878653Z installing mingw-w64-x86_64-pcre2...
2026-09-05T20:48:17.6996760Z installing mingw-w64-x86_64-libarchive...
2026-09-05T20:48:17.7510271Z installing mingw-w64-x86_64-libuv...
2026-09-05T20:48:17.7650927Z installing mingw-w64-x86_64-ninja...
2026-09-05T20:48:17.7689394Z installing mingw-w64-x86_64-pkgconf...
2026-09-05T20:48:17.7821178Z installing mingw-w64-x86_64-rhash...
2026-09-05T20:48:17.8057093Z installing mingw-w64-x86_64-cmake...
2026-09-05T20:48:19.8315661Z Optional dependencies for mingw-w64-x86_64-cmake
2026-09-05T20:48:19.8316178Z     mingw-w64-x86_64-emacs: for cmake emacs mode
2026-09-05T20:48:19.8316555Z installing mingw-w64-x86_64-binutils...
2026-09-05T20:48:20.0353850Z installing mingw-w64-x86_64-headers...
2026-09-05T20:48:21.0691915Z installing mingw-w64-x86_64-crt...
2026-09-05T20:48:21.4862371Z installing mingw-w64-x86_64-isl...
2026-09-05T20:48:21.5338728Z installing mingw-w64-x86_64-mpfr...
2026-09-05T20:48:21.5502212Z installing mingw-w64-x86_64-mpc...
2026-09-05T20:48:21.5554216Z installing mingw-w64-x86_64-windows-default-manifest...
2026-09-05T20:48:21.5577701Z installing mingw-w64-x86_64-winpthreads...
2026-09-05T20:48:21.5645698Z installing mingw-w64-x86_64-gcc...
2026-09-05T20:48:22.7807882Z :: Running post-transaction hooks...
2026-09-05T20:48:22.7808517Z (1/1) Updating the info directory file...
2026-09-05T20:48:23.1338561Z ##[endgroup]
2026-09-05T20:48:23.1614196Z ##[group]Run cmake --version
2026-09-05T20:48:23.1614584Z [36;1mcmake --version[0m
2026-09-05T20:48:23.1614855Z [36;1mg++ --version[0m
2026-09-05T20:48:23.1619150Z shell: D:\a\_temp\setup-msys2\msys2.CMD {0}
2026-09-05T20:48:23.1619439Z env:
2026-09-05T20:48:23.1619724Z   OPENFHE_COMMIT: df495ba2e91739a6dc8f1de254fc5a41155ce504
2026-09-05T20:48:23.1620084Z   OPENFHE_PREFIX: C:\openfhe-2023-1788\openfhe-install
2026-09-05T20:48:23.1620387Z   WINDOWS_ROOT: C:\openfhe-2023-1788
2026-09-05T20:48:23.1620690Z   PROJECT_SOURCE: C:\openfhe-2023-1788\cleanroom
2026-09-05T20:48:23.1621024Z   OPENFHE_SOURCE: C:\openfhe-2023-1788\openfhe-src
2026-09-05T20:48:23.1621400Z   OPENFHE_BUILD: C:\openfhe-2023-1788\openfhe-build-33991083281-1
2026-09-05T20:48:23.1621786Z   PROJECT_BUILD: C:\openfhe-2023-1788\project-build-33991083281-1
2026-09-05T20:48:23.1622100Z   MSYSTEM: MINGW64
2026-09-05T20:48:23.1622332Z ##[endgroup]
2026-09-05T20:48:23.5058174Z cmake version 4.4.2
2026-09-05T20:48:23.5058709Z 
2026-09-05T20:48:23.5058945Z CMake suite maintained and supported by Kitware (kitware.com/cmake).
2026-09-05T20:48:23.5341180Z g++.exe (Rev3, Built by MSYS2 project) 16.2.0
2026-09-05T20:48:23.5341854Z Copyright (C) 2026 Free Software Foundation, Inc.
2026-09-05T20:48:23.5342630Z This is free software; see the source for copying conditions.  There is NO
2026-09-05T20:48:23.5343438Z warranty; not even for MERCHANTABILITY or FITNESS FOR A PARTICULAR PURPOSE.
2026-09-05T20:48:23.5343898Z 
2026-09-05T20:48:23.5508804Z ##[group]Run source="$(cygpath -u "$OPENFHE_SOURCE")"
2026-09-05T20:48:23.5509393Z [36;1msource="$(cygpath -u "$OPENFHE_SOURCE")"[0m
2026-09-05T20:48:23.5509845Z [36;1mactual="$(git -C "$source" rev-parse HEAD)"[0m
2026-09-05T20:48:23.5510237Z [36;1mtest "$actual" = "$OPENFHE_COMMIT"[0m
2026-09-05T20:48:23.5510721Z [36;1mtest -z "$(git -C "$source" status --porcelain)"[0m
2026-09-05T20:48:23.5511152Z [36;1mgit -C "$source" submodule status --recursive[0m
2026-09-05T20:48:23.5513511Z shell: D:\a\_temp\setup-msys2\msys2.CMD {0}
2026-09-05T20:48:23.5513896Z env:
2026-09-05T20:48:23.5514216Z   OPENFHE_COMMIT: df495ba2e91739a6dc8f1de254fc5a41155ce504
2026-09-05T20:48:23.5514651Z   OPENFHE_PREFIX: C:\openfhe-2023-1788\openfhe-install
2026-09-05T20:48:23.5515010Z   WINDOWS_ROOT: C:\openfhe-2023-1788
2026-09-05T20:48:23.5515359Z   PROJECT_SOURCE: C:\openfhe-2023-1788\cleanroom
2026-09-05T20:48:23.5515714Z   OPENFHE_SOURCE: C:\openfhe-2023-1788\openfhe-src
2026-09-05T20:48:23.5516206Z   OPENFHE_BUILD: C:\openfhe-2023-1788\openfhe-build-33991083281-1
2026-09-05T20:48:23.5516625Z   PROJECT_BUILD: C:\openfhe-2023-1788\project-build-33991083281-1
2026-09-05T20:48:23.5516976Z   MSYSTEM: MINGW64
2026-09-05T20:48:23.5517236Z ##[endgroup]
2026-09-05T20:48:24.9278429Z  984e3f194862b17916536b5fade40cba6e47a6fe third-party/cereal (heads/main)
2026-09-05T20:48:25.0119827Z  eddb0241389718a23a42db6af5f0164b6e0139af third-party/google-benchmark (eddb024)
2026-09-05T20:48:25.0961794Z  52eb8108c5bdec04579160ae17225d66034bd723 third-party/google-test (52eb810)
2026-09-05T20:48:25.1799000Z  83edb60836d87cf1b406e8846b9059c03031e8f5 third-party/gperftools (83edb60)
2026-09-05T20:48:25.2116200Z ##[group]Run prefix="$(cygpath -u "$OPENFHE_PREFIX")"
2026-09-05T20:48:25.2116771Z [36;1mprefix="$(cygpath -u "$OPENFHE_PREFIX")"[0m
2026-09-05T20:48:25.2117210Z [36;1msource="$(cygpath -u "$OPENFHE_SOURCE")"[0m
2026-09-05T20:48:25.2117561Z [36;1mbuild="$(cygpath -u "$OPENFHE_BUILD")"[0m
2026-09-05T20:48:25.2117883Z [36;1mcmake -S "$source" -B "$build" \[0m
2026-09-05T20:48:25.2118223Z [36;1m  -DCMAKE_BUILD_TYPE=Release \[0m
2026-09-05T20:48:25.2118571Z [36;1m  -DCMAKE_INSTALL_PREFIX="$prefix" \[0m
2026-09-05T20:48:25.2118884Z [36;1m  -DBUILD_UNITTESTS=OFF \[0m
2026-09-05T20:48:25.2119188Z [36;1m  -DBUILD_EXAMPLES=OFF \[0m
2026-09-05T20:48:25.2119476Z [36;1m  -DBUILD_BENCHMARKS=OFF \[0m
2026-09-05T20:48:25.2119863Z [36;1m  -DBUILD_EXTRAS=OFF \[0m
2026-09-05T20:48:25.2120176Z [36;1m  -DWITH_OPENMP=ON \[0m
2026-09-05T20:48:25.2120494Z [36;1m  -DNATIVE_SIZE=64 \[0m
2026-09-05T20:48:25.2120780Z [36;1m  -DMATHBACKEND=4[0m
2026-09-05T20:48:25.2123168Z shell: D:\a\_temp\setup-msys2\msys2.CMD {0}
2026-09-05T20:48:25.2123460Z env:
2026-09-05T20:48:25.2123783Z   OPENFHE_COMMIT: df495ba2e91739a6dc8f1de254fc5a41155ce504
2026-09-05T20:48:25.2124159Z   OPENFHE_PREFIX: C:\openfhe-2023-1788\openfhe-install
2026-09-05T20:48:25.2124475Z   WINDOWS_ROOT: C:\openfhe-2023-1788
2026-09-05T20:48:25.2124792Z   PROJECT_SOURCE: C:\openfhe-2023-1788\cleanroom
2026-09-05T20:48:25.2125133Z   OPENFHE_SOURCE: C:\openfhe-2023-1788\openfhe-src
2026-09-05T20:48:25.2125491Z   OPENFHE_BUILD: C:\openfhe-2023-1788\openfhe-build-33991083281-1
2026-09-05T20:48:25.2125923Z   PROJECT_BUILD: C:\openfhe-2023-1788\project-build-33991083281-1
2026-09-05T20:48:25.2126275Z   MSYSTEM: MINGW64
2026-09-05T20:48:25.2126591Z ##[endgroup]
2026-09-05T20:48:25.7231703Z -- The C compiler identification is GNU 16.2.0
2026-09-05T20:48:26.2081472Z -- The CXX compiler identification is GNU 16.2.0
2026-09-05T20:48:26.2446752Z -- Detecting C compiler ABI info
2026-09-05T20:48:26.6474782Z -- Detecting C compiler ABI info - done
2026-09-05T20:48:26.6749583Z -- Check for working C compiler: D:/a/_temp/msys64/mingw64/bin/cc.exe - skipped
2026-09-05T20:48:26.6753341Z -- Detecting C compile features
2026-09-05T20:48:26.6758005Z -- Detecting C compile features - done
2026-09-05T20:48:26.7063916Z -- Detecting CXX compiler ABI info
2026-09-05T20:48:27.0499388Z -- Detecting CXX compiler ABI info - done
2026-09-05T20:48:27.0773223Z -- Check for working CXX compiler: D:/a/_temp/msys64/mingw64/bin/c++.exe - skipped
2026-09-05T20:48:27.0776692Z -- Detecting CXX compile features
2026-09-05T20:48:27.0782836Z -- Detecting CXX compile features - done
2026-09-05T20:48:27.0912714Z -- Building in Release mode
2026-09-05T20:48:27.0913302Z -- BUILD_UNITTESTS:    OFF
2026-09-05T20:48:27.0913729Z -- BUILD_EXAMPLES:     OFF
2026-09-05T20:48:27.0914104Z -- BUILD_BENCHMARKS:   OFF
2026-09-05T20:48:27.0914434Z -- BUILD_EXTRAS:       OFF
2026-09-05T20:48:27.0914858Z -- BUILD_STATIC:       OFF
2026-09-05T20:48:27.0915198Z -- BUILD_SHARED:       ON
2026-09-05T20:48:27.0915491Z -- GIT_SUBMOD_AUTO:    ON
2026-09-05T20:48:27.0915752Z -- WITH_BE2:           OFF
2026-09-05T20:48:27.0916039Z -- WITH_BE4:           OFF
2026-09-05T20:48:27.0916379Z -- WITH_NTL:           OFF
2026-09-05T20:48:27.0916759Z -- WITH_TCM:           OFF
2026-09-05T20:48:27.0917199Z -- WITH_OPENMP:        ON
2026-09-05T20:48:27.0917554Z -- NATIVE_SIZE:        64
2026-09-05T20:48:27.0917879Z -- CKKS_M_FACTOR:      1
2026-09-05T20:48:27.0918285Z -- WITH_NATIVEOPT:     OFF
2026-09-05T20:48:27.0918612Z -- WITH_COVTEST:       OFF
2026-09-05T20:48:27.0919197Z ***** INSTALL IS AT C:/openfhe-2023-1788/openfhe-install; to change, run cmake with -DCMAKE_INSTALL_PREFIX=/your/path
2026-09-05T20:48:27.0919751Z -- WITH_NOISE_DEBUG:   OFF
2026-09-05T20:48:27.0920030Z -- WITH_REDUCED_NOISE: OFF
2026-09-05T20:48:27.0920338Z -- USE_MACPORTS:       OFF
2026-09-05T20:48:27.0920641Z -- BUILTIN_INFO_AVAILABLE is defined
2026-09-05T20:48:27.1115440Z -- Architecture is x86_64
2026-09-05T20:48:27.1128474Z -- Looking for sys/types.h
2026-09-05T20:48:27.4707790Z -- Looking for sys/types.h - found
2026-09-05T20:48:27.4709015Z -- Looking for stdint.h
2026-09-05T20:48:27.8305549Z -- Looking for stdint.h - found
2026-09-05T20:48:27.8306155Z -- Looking for stddef.h
2026-09-05T20:48:28.1753239Z -- Looking for stddef.h - found
2026-09-05T20:48:28.1753708Z -- Check size of __int128
2026-09-05T20:48:28.7225899Z -- Check size of __int128 - done
2026-09-05T20:48:28.7227800Z -- Check size of uint64_t
2026-09-05T20:48:29.0869618Z -- Check size of uint64_t - done
2026-09-05T20:48:29.0870213Z -- NATIVEINT is set to 64
2026-09-05T20:48:29.0870666Z -- MATHBACKEND is set to 4
2026-09-05T20:48:29.0871173Z -- MATHBACKEND set to 4. Setting WITH_BE4 to ON
2026-09-05T20:48:30.3055252Z -- Found OpenMP_C: -fopenmp (found version "5.2")
2026-09-05T20:48:30.6772004Z -- Found OpenMP_CXX: -fopenmp (found version "5.2")
2026-09-05T20:48:30.6776194Z -- Found OpenMP: TRUE (found version "5.2")
2026-09-05T20:48:30.6934530Z -- Found Git: D:/a/_temp/msys64/usr/bin/git.exe (found version "2.55.0")
2026-09-05T20:48:30.6935198Z -- Submodule update
2026-09-05T20:48:31.9159369Z Synchronizing submodule url for 'third-party/cereal'
2026-09-05T20:48:31.9406278Z Synchronizing submodule url for 'third-party/google-benchmark'
2026-09-05T20:48:31.9640067Z Synchronizing submodule url for 'third-party/google-test'
2026-09-05T20:48:31.9865994Z Synchronizing submodule url for 'third-party/gperftools'
2026-09-05T20:48:32.5660697Z -- Configuring done (7.1s)
2026-09-05T20:48:33.6096651Z -- Generating done (1.0s)
2026-09-05T20:48:33.6108336Z -- Build files have been written to: C:/openfhe-2023-1788/openfhe-build-33991083281-1
2026-09-05T20:48:33.6407858Z ##[group]Run build="$(cygpath -u "$OPENFHE_BUILD")"
2026-09-05T20:48:33.6408473Z [36;1mbuild="$(cygpath -u "$OPENFHE_BUILD")"[0m
2026-09-05T20:48:33.6408895Z [36;1mcmake --build "$build" --parallel 2[0m
2026-09-05T20:48:33.6409382Z [36;1mcmake --install "$build"[0m
2026-09-05T20:48:33.6411443Z shell: D:\a\_temp\setup-msys2\msys2.CMD {0}
2026-09-05T20:48:33.6411729Z env:
2026-09-05T20:48:33.6411994Z   OPENFHE_COMMIT: df495ba2e91739a6dc8f1de254fc5a41155ce504
2026-09-05T20:48:33.6412366Z   OPENFHE_PREFIX: C:\openfhe-2023-1788\openfhe-install
2026-09-05T20:48:33.6412706Z   WINDOWS_ROOT: C:\openfhe-2023-1788
2026-09-05T20:48:33.6413015Z   PROJECT_SOURCE: C:\openfhe-2023-1788\cleanroom
2026-09-05T20:48:33.6413327Z   OPENFHE_SOURCE: C:\openfhe-2023-1788\openfhe-src
2026-09-05T20:48:33.6413680Z   OPENFHE_BUILD: C:\openfhe-2023-1788\openfhe-build-33991083281-1
2026-09-05T20:48:33.6414079Z   PROJECT_BUILD: C:\openfhe-2023-1788\project-build-33991083281-1
2026-09-05T20:48:33.6414489Z   MSYSTEM: MINGW64
2026-09-05T20:48:33.6414713Z ##[endgroup]
2026-09-05T20:48:34.0512634Z -- Copied demoData files
2026-09-05T20:48:34.0915205Z [  0%] Built target third-party
2026-09-05T20:48:34.2149648Z [  1%] Building CXX object src/core/CMakeFiles/coreobj.dir/lib/lattice/constants-lattice-impl.cpp.obj
2026-09-05T20:48:34.2195829Z [  2%] Building CXX object src/core/CMakeFiles/coreobj.dir/lib/lattice/lattice.cpp.obj
2026-09-05T20:48:34.8119798Z [  3%] Building CXX object src/core/CMakeFiles/coreobj.dir/lib/lattice/stdlatticeparms.cpp.obj
2026-09-05T20:48:35.8655957Z [  4%] Building CXX object src/core/CMakeFiles/coreobj.dir/lib/lattice/trapdoor-dcrtpoly.cpp.obj
2026-09-05T20:48:43.5580878Z [  5%] Building CXX object src/core/CMakeFiles/coreobj.dir/lib/lattice/trapdoor-poly.cpp.obj
2026-09-05T20:48:52.5795339Z [  6%] Building CXX object src/core/CMakeFiles/coreobj.dir/lib/math/chebyshev.cpp.obj
2026-09-05T20:48:53.4006965Z [  6%] Building CXX object src/core/CMakeFiles/coreobj.dir/lib/math/dftransform.cpp.obj
2026-09-05T20:48:54.8560065Z [  7%] Building CXX object src/core/CMakeFiles/coreobj.dir/lib/math/discretegaussiangeneratorgeneric.cpp.obj
2026-09-05T20:48:55.0311624Z [  8%] Building CXX object src/core/CMakeFiles/coreobj.dir/lib/math/distributiongenerator.cpp.obj
2026-09-05T20:48:55.7113992Z [  9%] Building CXX object src/core/CMakeFiles/coreobj.dir/lib/math/hal/bigintdyn/be4-math-impl.cpp.obj
2026-09-05T20:48:56.3738546Z [ 10%] Building CXX object src/core/CMakeFiles/coreobj.dir/lib/math/hal/bigintdyn/mubintvecdyn.cpp.obj
2026-09-05T20:48:59.1061889Z [ 11%] Building CXX object src/core/CMakeFiles/coreobj.dir/lib/math/hal/bigintdyn/ubintdyn.cpp.obj
2026-09-05T20:49:01.1994856Z [ 12%] Building CXX object src/core/CMakeFiles/coreobj.dir/lib/math/hal/bigintfxd/be2-math-impl.cpp.obj
2026-09-05T20:49:01.2998335Z [ 13%] Building CXX object src/core/CMakeFiles/coreobj.dir/lib/math/hal/bigintfxd/mubintvecfxd.cpp.obj
2026-09-05T20:49:01.4204844Z [ 14%] Building CXX object src/core/CMakeFiles/coreobj.dir/lib/math/hal/bigintfxd/ubintfxd.cpp.obj
2026-09-05T20:49:01.5278904Z [ 15%] Building CXX object src/core/CMakeFiles/coreobj.dir/lib/math/hal/bigintntl/be6-math-impl.cpp.obj
2026-09-05T20:49:01.6295901Z [ 15%] Building CXX object src/core/CMakeFiles/coreobj.dir/lib/math/hal/bigintntl/mubintvecntl.cpp.obj
2026-09-05T20:49:01.7365741Z [ 16%] Building CXX object src/core/CMakeFiles/coreobj.dir/lib/math/hal/bigintntl/ubintntl.cpp.obj
2026-09-05T20:49:01.8552689Z [ 17%] Building CXX object src/core/CMakeFiles/coreobj.dir/lib/math/hal/intnat/benative-math-impl.cpp.obj
2026-09-05T20:49:02.0862440Z [ 18%] Building CXX object src/core/CMakeFiles/coreobj.dir/lib/math/hal/intnat/mubintvecnat.cpp.obj
2026-09-05T20:49:04.3265659Z [ 19%] Building CXX object src/core/CMakeFiles/coreobj.dir/lib/math/hermite.cpp.obj
2026-09-05T20:49:05.3196912Z [ 20%] Building CXX object src/core/CMakeFiles/coreobj.dir/lib/math/matrix.cpp.obj
2026-09-05T20:49:06.7973530Z [ 21%] Building CXX object src/core/CMakeFiles/coreobj.dir/lib/math/nbtheory2.cpp.obj
2026-09-05T20:49:08.2949823Z [ 22%] Building CXX object src/core/CMakeFiles/coreobj.dir/lib/utils/blockAllocator/blockAllocator.cpp.obj
2026-09-05T20:49:08.8416579Z [ 23%] Building CXX object src/core/CMakeFiles/coreobj.dir/lib/utils/blockAllocator/xallocator.cpp.obj
2026-09-05T20:49:09.5428926Z [ 24%] Building CXX object src/core/CMakeFiles/coreobj.dir/lib/utils/debug.cpp.obj
2026-09-05T20:49:09.6351686Z [ 24%] Building CXX object src/core/CMakeFiles/coreobj.dir/lib/utils/demangle.cpp.obj
2026-09-05T20:49:09.9871774Z [ 25%] Building CXX object src/core/CMakeFiles/coreobj.dir/lib/utils/get-call-stack.cpp.obj
2026-09-05T20:49:10.0926314Z [ 26%] Building CXX object src/core/CMakeFiles/coreobj.dir/lib/utils/hashutil.cpp.obj
2026-09-05T20:49:10.3160203Z [ 27%] Building CXX object src/core/CMakeFiles/coreobj.dir/lib/utils/inttypes.cpp.obj
2026-09-05T20:49:10.7017926Z [ 28%] Building CXX object src/core/CMakeFiles/coreobj.dir/lib/utils/memory.cpp.obj
2026-09-05T20:49:10.8715536Z [ 29%] Building CXX object src/core/CMakeFiles/coreobj.dir/lib/utils/openfhebase64.cpp.obj
2026-09-05T20:49:11.1018116Z [ 30%] Building CXX object src/core/CMakeFiles/coreobj.dir/lib/utils/parallel.cpp.obj
2026-09-05T20:49:11.2255654Z [ 31%] Building C object src/core/CMakeFiles/coreobj.dir/lib/utils/prng/blake2b-ref.c.obj
2026-09-05T20:49:11.3552074Z [ 32%] Building CXX object src/core/CMakeFiles/coreobj.dir/lib/utils/prng/blake2engine.cpp.obj
2026-09-05T20:49:11.5836282Z [ 34%] Building C object src/core/CMakeFiles/coreobj.dir/lib/utils/prng/blake2xb-ref.c.obj
2026-09-05T20:49:11.7470537Z [ 34%] Building CXX object src/core/CMakeFiles/coreobj.dir/lib/utils/utilities.cpp.obj
2026-09-05T20:49:12.2197876Z [ 34%] Built target coreobj
2026-09-05T20:49:12.3408111Z [ 35%] Linking CXX shared library ../../lib/libOPENFHEcore.dll
2026-09-05T20:49:12.9382696Z [ 35%] Built target OPENFHEcore
2026-09-05T20:49:13.0629195Z [ 36%] Building CXX object src/binfhe/CMakeFiles/binfheobj.dir/lib/binfhe-base-scheme.cpp.obj
2026-09-05T20:49:13.0683206Z [ 37%] Building CXX object src/binfhe/CMakeFiles/binfheobj.dir/lib/binfhe-constants-impl.cpp.obj
2026-09-05T20:49:13.6924729Z [ 38%] Building CXX object src/binfhe/CMakeFiles/binfheobj.dir/lib/binfhecontext.cpp.obj
2026-09-05T20:49:17.2405116Z [ 39%] Building CXX object src/binfhe/CMakeFiles/binfheobj.dir/lib/lwe-pke.cpp.obj
2026-09-05T20:49:17.4135386Z [ 40%] Building CXX object src/binfhe/CMakeFiles/binfheobj.dir/lib/rgsw-acc-cggi.cpp.obj
2026-09-05T20:49:19.4424058Z [ 41%] Building CXX object src/binfhe/CMakeFiles/binfheobj.dir/lib/rgsw-acc-dm.cpp.obj
2026-09-05T20:49:19.9485680Z [ 41%] Building CXX object src/binfhe/CMakeFiles/binfheobj.dir/lib/rgsw-acc-lmkcdey.cpp.obj
2026-09-05T20:49:21.9585582Z [ 42%] Building CXX object src/binfhe/CMakeFiles/binfheobj.dir/lib/rgsw-acc.cpp.obj
2026-09-05T20:49:22.9943497Z [ 43%] Building CXX object src/binfhe/CMakeFiles/binfheobj.dir/lib/rgsw-cryptoparameters.cpp.obj
2026-09-05T20:49:24.9891329Z [ 43%] Built target binfheobj
2026-09-05T20:49:25.1112797Z [ 43%] Linking CXX shared library ../../lib/libOPENFHEbinfhe.dll
2026-09-05T20:49:25.4581229Z [ 43%] Built target OPENFHEbinfhe
2026-09-05T20:49:25.5837386Z [ 44%] Building CXX object src/pke/CMakeFiles/pkeobj.dir/lib/ciphertext-impl.cpp.obj
2026-09-05T20:49:25.5888765Z [ 45%] Building CXX object src/pke/CMakeFiles/pkeobj.dir/lib/constants-impl.cpp.obj
2026-09-05T20:49:27.0262080Z [ 46%] Building CXX object src/pke/CMakeFiles/pkeobj.dir/lib/cryptocontext.cpp.obj
2026-09-05T20:49:30.9165176Z [ 47%] Building CXX object src/pke/CMakeFiles/pkeobj.dir/lib/cryptocontextfactory.cpp.obj
2026-09-05T20:49:35.9361802Z [ 48%] Building CXX object src/pke/CMakeFiles/pkeobj.dir/lib/cryptoobject-impl.cpp.obj
2026-09-05T20:49:38.2140288Z [ 49%] Building CXX object src/pke/CMakeFiles/pkeobj.dir/lib/encoding/ckkspackedencoding.cpp.obj
2026-09-05T20:49:40.2524827Z [ 50%] Building CXX object src/pke/CMakeFiles/pkeobj.dir/lib/encoding/coefpackedencoding.cpp.obj
2026-09-05T20:49:42.1607170Z [ 51%] Building CXX object src/pke/CMakeFiles/pkeobj.dir/lib/encoding/encodingparams.cpp.obj
2026-09-05T20:49:43.2975412Z [ 51%] Building CXX object src/pke/CMakeFiles/pkeobj.dir/lib/encoding/packedencoding.cpp.obj
2026-09-05T20:49:43.8902245Z [ 52%] Building CXX object src/pke/CMakeFiles/pkeobj.dir/lib/encoding/stringencoding.cpp.obj
2026-09-05T20:49:47.3308496Z [ 53%] Building CXX object src/pke/CMakeFiles/pkeobj.dir/lib/globals-impl.cpp.obj
2026-09-05T20:49:47.5674102Z [ 54%] Building CXX object src/pke/CMakeFiles/pkeobj.dir/lib/key/evalkey.cpp.obj
2026-09-05T20:49:49.6093709Z [ 55%] Building CXX object src/pke/CMakeFiles/pkeobj.dir/lib/key/evalkeyrelin.cpp.obj
2026-09-05T20:49:49.7627888Z [ 56%] Building CXX object src/pke/CMakeFiles/pkeobj.dir/lib/key/privatekey.cpp.obj
2026-09-05T20:49:55.0279028Z [ 57%] Building CXX object src/pke/CMakeFiles/pkeobj.dir/lib/key/publickey.cpp.obj
2026-09-05T20:49:55.0775293Z [ 58%] Building CXX object src/pke/CMakeFiles/pkeobj.dir/lib/keyswitch/keyswitch-base.cpp.obj
2026-09-05T20:49:57.7077975Z [ 59%] Building CXX object src/pke/CMakeFiles/pkeobj.dir/lib/keyswitch/keyswitch-bv.cpp.obj
2026-09-05T20:49:59.3923087Z [ 60%] Building CXX object src/pke/CMakeFiles/pkeobj.dir/lib/keyswitch/keyswitch-hybrid.cpp.obj
2026-09-05T20:50:02.4506568Z [ 60%] Building CXX object src/pke/CMakeFiles/pkeobj.dir/lib/scheme/bfvrns/bfvrns-cryptoparameters.cpp.obj
2026-09-05T20:50:04.1541919Z [ 61%] Building CXX object src/pke/CMakeFiles/pkeobj.dir/lib/scheme/bfvrns/bfvrns-leveledshe.cpp.obj
2026-09-05T20:50:08.9406198Z [ 62%] Building CXX object src/pke/CMakeFiles/pkeobj.dir/lib/scheme/bfvrns/bfvrns-multiparty.cpp.obj
2026-09-05T20:50:10.2162832Z [ 63%] Building CXX object src/pke/CMakeFiles/pkeobj.dir/lib/scheme/bfvrns/bfvrns-parametergeneration.cpp.obj
2026-09-05T20:50:13.9075639Z [ 64%] Building CXX object src/pke/CMakeFiles/pkeobj.dir/lib/scheme/bfvrns/bfvrns-pke.cpp.obj
2026-09-05T20:50:14.0881727Z [ 65%] Building CXX object src/pke/CMakeFiles/pkeobj.dir/lib/scheme/bfvrns/bfvrns-scheme.cpp.obj
2026-09-05T20:50:19.0212914Z [ 67%] Building CXX object src/pke/CMakeFiles/pkeobj.dir/lib/scheme/bgvrns/bgvrns-cryptoparameters.cpp.obj
2026-09-05T20:50:19.7626586Z [ 68%] Building CXX object src/pke/CMakeFiles/pkeobj.dir/lib/scheme/bgvrns/bgvrns-leveledshe.cpp.obj
2026-09-05T20:50:22.2796073Z [ 69%] Building CXX object src/pke/CMakeFiles/pkeobj.dir/lib/scheme/bgvrns/bgvrns-multiparty.cpp.obj
2026-09-05T20:50:22.5626901Z [ 70%] Building CXX object src/pke/CMakeFiles/pkeobj.dir/lib/scheme/bgvrns/bgvrns-parametergeneration.cpp.obj
2026-09-05T20:50:26.5259621Z [ 70%] Building CXX object src/pke/CMakeFiles/pkeobj.dir/lib/scheme/bgvrns/bgvrns-pke.cpp.obj
2026-09-05T20:50:26.6201546Z [ 71%] Building CXX object src/pke/CMakeFiles/pkeobj.dir/lib/scheme/bgvrns/bgvrns-scheme.cpp.obj
2026-09-05T20:50:30.6205340Z [ 72%] Building CXX object src/pke/CMakeFiles/pkeobj.dir/lib/scheme/ckksrns/ckksrns-advancedshe.cpp.obj
2026-09-05T20:50:32.2056968Z [ 73%] Building CXX object src/pke/CMakeFiles/pkeobj.dir/lib/scheme/ckksrns/ckksrns-cryptoparameters.cpp.obj
2026-09-05T20:50:34.7833483Z [ 74%] Building CXX object src/pke/CMakeFiles/pkeobj.dir/lib/scheme/ckksrns/ckksrns-fhe.cpp.obj
2026-09-05T20:50:36.9146516Z [ 75%] Building CXX object src/pke/CMakeFiles/pkeobj.dir/lib/scheme/ckksrns/ckksrns-leveledshe.cpp.obj
2026-09-05T20:50:42.1633517Z [ 76%] Building CXX object src/pke/CMakeFiles/pkeobj.dir/lib/scheme/ckksrns/ckksrns-multiparty.cpp.obj
2026-09-05T20:50:47.5676682Z [ 77%] Building CXX object src/pke/CMakeFiles/pkeobj.dir/lib/scheme/ckksrns/ckksrns-parametergeneration.cpp.obj
2026-09-05T20:50:48.0046033Z [ 78%] Building CXX object src/pke/CMakeFiles/pkeobj.dir/lib/scheme/ckksrns/ckksrns-pke.cpp.obj
2026-09-05T20:50:50.7758264Z [ 79%] Building CXX object src/pke/CMakeFiles/pkeobj.dir/lib/scheme/ckksrns/ckksrns-scheme.cpp.obj
2026-09-05T20:50:52.0653713Z [ 79%] Building CXX object src/pke/CMakeFiles/pkeobj.dir/lib/scheme/ckksrns/ckksrns-schemeswitching.cpp.obj
2026-09-05T20:50:56.2942950Z [ 80%] Building CXX object src/pke/CMakeFiles/pkeobj.dir/lib/scheme/ckksrns/ckksrns-utils.cpp.obj
2026-09-05T20:50:59.6464360Z [ 81%] Building CXX object src/pke/CMakeFiles/pkeobj.dir/lib/scheme/gen-cryptocontext-params-impl.cpp.obj
2026-09-05T20:51:00.6145216Z [ 82%] Building CXX object src/pke/CMakeFiles/pkeobj.dir/lib/scheme/gen-cryptocontext-params-validation.cpp.obj
2026-09-05T20:51:01.5541898Z [ 83%] Building CXX object src/pke/CMakeFiles/pkeobj.dir/lib/scheme/scheme-id-impl.cpp.obj
2026-09-05T20:51:02.2418164Z [ 84%] Building CXX object src/pke/CMakeFiles/pkeobj.dir/lib/scheme/scheme-swch-params.cpp.obj
2026-09-05T20:51:03.2794217Z [ 86%] Building CXX object src/pke/CMakeFiles/pkeobj.dir/lib/schemebase/base-advancedshe.cpp.obj
2026-09-05T20:51:03.2795279Z [ 86%] Building CXX object src/pke/CMakeFiles/pkeobj.dir/lib/schemebase/base-cryptoparameters.cpp.obj
2026-09-05T20:51:04.9733532Z [ 87%] Building CXX object src/pke/CMakeFiles/pkeobj.dir/lib/schemebase/base-fhe.cpp.obj
2026-09-05T20:51:07.2263281Z [ 88%] Building CXX object src/pke/CMakeFiles/pkeobj.dir/lib/schemebase/base-leveledshe.cpp.obj
2026-09-05T20:51:09.6110795Z [ 88%] Building CXX object src/pke/CMakeFiles/pkeobj.dir/lib/schemebase/base-multiparty.cpp.obj
2026-09-05T20:51:13.0597097Z [ 89%] Building CXX object src/pke/CMakeFiles/pkeobj.dir/lib/schemebase/base-parametergeneration.cpp.obj
2026-09-05T20:51:14.5446041Z [ 90%] Building CXX object src/pke/CMakeFiles/pkeobj.dir/lib/schemebase/base-pke.cpp.obj
2026-09-05T20:51:14.8935469Z [ 91%] Building CXX object src/pke/CMakeFiles/pkeobj.dir/lib/schemebase/base-pre.cpp.obj
2026-09-05T20:51:19.1695915Z [ 92%] Building CXX object src/pke/CMakeFiles/pkeobj.dir/lib/schemebase/base-scheme.cpp.obj
2026-09-05T20:51:19.5312885Z [ 93%] Building CXX object src/pke/CMakeFiles/pkeobj.dir/lib/schemebase/rlwe-cryptoparameters-impl.cpp.obj
2026-09-05T20:51:21.2574622Z [ 94%] Building CXX object src/pke/CMakeFiles/pkeobj.dir/lib/schemelet/rlwe-mp.cpp.obj
2026-09-05T20:51:25.2136923Z [ 95%] Building CXX object src/pke/CMakeFiles/pkeobj.dir/lib/schemerns/rns-cryptoparameters.cpp.obj
2026-09-05T20:51:26.8764191Z [ 96%] Building CXX object src/pke/CMakeFiles/pkeobj.dir/lib/schemerns/rns-leveledshe.cpp.obj
2026-09-05T20:51:29.8814973Z [ 97%] Building CXX object src/pke/CMakeFiles/pkeobj.dir/lib/schemerns/rns-multiparty.cpp.obj
2026-09-05T20:51:32.5760181Z [ 98%] Building CXX object src/pke/CMakeFiles/pkeobj.dir/lib/schemerns/rns-pke.cpp.obj
2026-09-05T20:51:37.0429208Z [ 98%] Built target pkeobj
2026-09-05T20:51:37.1917630Z [100%] Linking CXX shared library ../../lib/libOPENFHEpke.dll
2026-09-05T20:51:38.7136763Z [100%] Built target OPENFHEpke
2026-09-05T20:51:38.8274086Z -- Install configuration: "Release"
2026-09-05T20:51:38.8281082Z -- Installing: C:/openfhe-2023-1788/openfhe-install/include/openfhe/core/config_core.h
2026-09-05T20:51:38.8288268Z -- Installing: C:/openfhe-2023-1788/openfhe-install/include/openfhe/cereal
2026-09-05T20:51:38.8293561Z -- Installing: C:/openfhe-2023-1788/openfhe-install/include/openfhe/cereal/access.hpp
2026-09-05T20:51:38.8298895Z -- Installing: C:/openfhe-2023-1788/openfhe-install/include/openfhe/cereal/archives
2026-09-05T20:51:38.8303537Z -- Installing: C:/openfhe-2023-1788/openfhe-install/include/openfhe/cereal/archives/adapters.hpp
2026-09-05T20:51:38.8308502Z -- Installing: C:/openfhe-2023-1788/openfhe-install/include/openfhe/cereal/archives/binary.hpp
2026-09-05T20:51:38.8313709Z -- Installing: C:/openfhe-2023-1788/openfhe-install/include/openfhe/cereal/archives/json.hpp
2026-09-05T20:51:38.8319267Z -- Installing: C:/openfhe-2023-1788/openfhe-install/include/openfhe/cereal/archives/portable_binary.hpp
2026-09-05T20:51:38.8324577Z -- Installing: C:/openfhe-2023-1788/openfhe-install/include/openfhe/cereal/archives/xml.hpp
2026-09-05T20:51:38.8329893Z -- Installing: C:/openfhe-2023-1788/openfhe-install/include/openfhe/cereal/cereal.hpp
2026-09-05T20:51:38.8335196Z -- Installing: C:/openfhe-2023-1788/openfhe-install/include/openfhe/cereal/details
2026-09-05T20:51:38.8340111Z -- Installing: C:/openfhe-2023-1788/openfhe-install/include/openfhe/cereal/details/helpers.hpp
2026-09-05T20:51:38.8345552Z -- Installing: C:/openfhe-2023-1788/openfhe-install/include/openfhe/cereal/details/polymorphic_impl.hpp
2026-09-05T20:51:38.8351655Z -- Installing: C:/openfhe-2023-1788/openfhe-install/include/openfhe/cereal/details/polymorphic_impl_fwd.hpp
2026-09-05T20:51:38.8356507Z -- Installing: C:/openfhe-2023-1788/openfhe-install/include/openfhe/cereal/details/static_object.hpp
2026-09-05T20:51:38.8375223Z -- Installing: C:/openfhe-2023-1788/openfhe-install/include/openfhe/cereal/details/traits.hpp
2026-09-05T20:51:38.8381733Z -- Installing: C:/openfhe-2023-1788/openfhe-install/include/openfhe/cereal/details/util.hpp
2026-09-05T20:51:38.8386504Z -- Installing: C:/openfhe-2023-1788/openfhe-install/include/openfhe/cereal/external
2026-09-05T20:51:38.8391630Z -- Installing: C:/openfhe-2023-1788/openfhe-install/include/openfhe/cereal/external/base64.hpp
2026-09-05T20:51:38.8397754Z -- Installing: C:/openfhe-2023-1788/openfhe-install/include/openfhe/cereal/external/LICENSE
2026-09-05T20:51:38.8402368Z -- Installing: C:/openfhe-2023-1788/openfhe-install/include/openfhe/cereal/external/rapidjson
2026-09-05T20:51:38.8408375Z -- Installing: C:/openfhe-2023-1788/openfhe-install/include/openfhe/cereal/external/rapidjson/allocators.h
2026-09-05T20:51:38.8414603Z -- Installing: C:/openfhe-2023-1788/openfhe-install/include/openfhe/cereal/external/rapidjson/cursorstreamwrapper.h
2026-09-05T20:51:38.8420432Z -- Installing: C:/openfhe-2023-1788/openfhe-install/include/openfhe/cereal/external/rapidjson/document.h
2026-09-05T20:51:38.8426977Z -- Installing: C:/openfhe-2023-1788/openfhe-install/include/openfhe/cereal/external/rapidjson/encodedstream.h
2026-09-05T20:51:38.8443533Z -- Installing: C:/openfhe-2023-1788/openfhe-install/include/openfhe/cereal/external/rapidjson/encodings.h
2026-09-05T20:51:38.8448604Z -- Installing: C:/openfhe-2023-1788/openfhe-install/include/openfhe/cereal/external/rapidjson/error
2026-09-05T20:51:38.8454228Z -- Installing: C:/openfhe-2023-1788/openfhe-install/include/openfhe/cereal/external/rapidjson/error/en.h
2026-09-05T20:51:38.8459184Z -- Installing: C:/openfhe-2023-1788/openfhe-install/include/openfhe/cereal/external/rapidjson/error/error.h
2026-09-05T20:51:38.8464502Z -- Installing: C:/openfhe-2023-1788/openfhe-install/include/openfhe/cereal/external/rapidjson/filereadstream.h
2026-09-05T20:51:38.8469933Z -- Installing: C:/openfhe-2023-1788/openfhe-install/include/openfhe/cereal/external/rapidjson/filewritestream.h
2026-09-05T20:51:38.8474500Z -- Installing: C:/openfhe-2023-1788/openfhe-install/include/openfhe/cereal/external/rapidjson/fwd.h
2026-09-05T20:51:38.8479101Z -- Installing: C:/openfhe-2023-1788/openfhe-install/include/openfhe/cereal/external/rapidjson/internal
2026-09-05T20:51:38.8484948Z -- Installing: C:/openfhe-2023-1788/openfhe-install/include/openfhe/cereal/external/rapidjson/internal/biginteger.h
2026-09-05T20:51:38.8490187Z -- Installing: C:/openfhe-2023-1788/openfhe-install/include/openfhe/cereal/external/rapidjson/internal/diyfp.h
2026-09-05T20:51:38.8495549Z -- Installing: C:/openfhe-2023-1788/openfhe-install/include/openfhe/cereal/external/rapidjson/internal/dtoa.h
2026-09-05T20:51:38.8500689Z -- Installing: C:/openfhe-2023-1788/openfhe-install/include/openfhe/cereal/external/rapidjson/internal/ieee754.h
2026-09-05T20:51:38.8505464Z -- Installing: C:/openfhe-2023-1788/openfhe-install/include/openfhe/cereal/external/rapidjson/internal/itoa.h
2026-09-05T20:51:38.8510390Z -- Installing: C:/openfhe-2023-1788/openfhe-install/include/openfhe/cereal/external/rapidjson/internal/meta.h
2026-09-05T20:51:38.8528326Z -- Installing: C:/openfhe-2023-1788/openfhe-install/include/openfhe/cereal/external/rapidjson/internal/pow10.h
2026-09-05T20:51:38.8533551Z -- Installing: C:/openfhe-2023-1788/openfhe-install/include/openfhe/cereal/external/rapidjson/internal/regex.h
2026-09-05T20:51:38.8539133Z -- Installing: C:/openfhe-2023-1788/openfhe-install/include/openfhe/cereal/external/rapidjson/internal/stack.h
2026-09-05T20:51:38.8543734Z -- Installing: C:/openfhe-2023-1788/openfhe-install/include/openfhe/cereal/external/rapidjson/internal/strfunc.h
2026-09-05T20:51:38.8548844Z -- Installing: C:/openfhe-2023-1788/openfhe-install/include/openfhe/cereal/external/rapidjson/internal/strtod.h
2026-09-05T20:51:38.8553869Z -- Installing: C:/openfhe-2023-1788/openfhe-install/include/openfhe/cereal/external/rapidjson/internal/swap.h
2026-09-05T20:51:38.8558838Z -- Installing: C:/openfhe-2023-1788/openfhe-install/include/openfhe/cereal/external/rapidjson/istreamwrapper.h
2026-09-05T20:51:38.8563947Z -- Installing: C:/openfhe-2023-1788/openfhe-install/include/openfhe/cereal/external/rapidjson/LICENSE
2026-09-05T20:51:38.8568875Z -- Installing: C:/openfhe-2023-1788/openfhe-install/include/openfhe/cereal/external/rapidjson/memorybuffer.h
2026-09-05T20:51:38.8573682Z -- Installing: C:/openfhe-2023-1788/openfhe-install/include/openfhe/cereal/external/rapidjson/memorystream.h
2026-09-05T20:51:38.8577780Z -- Installing: C:/openfhe-2023-1788/openfhe-install/include/openfhe/cereal/external/rapidjson/msinttypes
2026-09-05T20:51:38.8583826Z -- Installing: C:/openfhe-2023-1788/openfhe-install/include/openfhe/cereal/external/rapidjson/msinttypes/inttypes.h
2026-09-05T20:51:38.8588709Z -- Installing: C:/openfhe-2023-1788/openfhe-install/include/openfhe/cereal/external/rapidjson/msinttypes/LICENSE
2026-09-05T20:51:38.8593161Z -- Installing: C:/openfhe-2023-1788/openfhe-install/include/openfhe/cereal/external/rapidjson/msinttypes/stdint.h
2026-09-05T20:51:38.8598439Z -- Installing: C:/openfhe-2023-1788/openfhe-install/include/openfhe/cereal/external/rapidjson/ostreamwrapper.h
2026-09-05T20:51:38.8603454Z -- Installing: C:/openfhe-2023-1788/openfhe-install/include/openfhe/cereal/external/rapidjson/pointer.h
2026-09-05T20:51:38.8609264Z -- Installing: C:/openfhe-2023-1788/openfhe-install/include/openfhe/cereal/external/rapidjson/prettywriter.h
2026-09-05T20:51:38.8614643Z -- Installing: C:/openfhe-2023-1788/openfhe-install/include/openfhe/cereal/external/rapidjson/rapidjson.h
2026-09-05T20:51:38.8620121Z -- Installing: C:/openfhe-2023-1788/openfhe-install/include/openfhe/cereal/external/rapidjson/reader.h
2026-09-05T20:51:38.8626315Z -- Installing: C:/openfhe-2023-1788/openfhe-install/include/openfhe/cereal/external/rapidjson/schema.h
2026-09-05T20:51:38.8632693Z -- Installing: C:/openfhe-2023-1788/openfhe-install/include/openfhe/cereal/external/rapidjson/stream.h
2026-09-05T20:51:38.8638335Z -- Installing: C:/openfhe-2023-1788/openfhe-install/include/openfhe/cereal/external/rapidjson/stringbuffer.h
2026-09-05T20:51:38.8643072Z -- Installing: C:/openfhe-2023-1788/openfhe-install/include/openfhe/cereal/external/rapidjson/writer.h
2026-09-05T20:51:38.8661021Z -- Installing: C:/openfhe-2023-1788/openfhe-install/include/openfhe/cereal/external/rapidxml
2026-09-05T20:51:38.8666173Z -- Installing: C:/openfhe-2023-1788/openfhe-install/include/openfhe/cereal/external/rapidxml/license.txt
2026-09-05T20:51:38.8670822Z -- Installing: C:/openfhe-2023-1788/openfhe-install/include/openfhe/cereal/external/rapidxml/manual.html
2026-09-05T20:51:38.8677711Z -- Installing: C:/openfhe-2023-1788/openfhe-install/include/openfhe/cereal/external/rapidxml/rapidxml.hpp
2026-09-05T20:51:38.8684225Z -- Installing: C:/openfhe-2023-1788/openfhe-install/include/openfhe/cereal/external/rapidxml/rapidxml_iterators.hpp
2026-09-05T20:51:38.8689551Z -- Installing: C:/openfhe-2023-1788/openfhe-install/include/openfhe/cereal/external/rapidxml/rapidxml_print.hpp
2026-09-05T20:51:38.9091857Z -- Installing: C:/openfhe-2023-1788/openfhe-install/include/openfhe/cereal/external/rapidxml/rapidxml_utils.hpp
2026-09-05T20:51:38.9096936Z -- Installing: C:/openfhe-2023-1788/openfhe-install/include/openfhe/cereal/macros.hpp
2026-09-05T20:51:38.9102845Z -- Installing: C:/openfhe-2023-1788/openfhe-install/include/openfhe/cereal/specialize.hpp
2026-09-05T20:51:38.9120487Z -- Installing: C:/openfhe-2023-1788/openfhe-install/include/openfhe/cereal/types
2026-09-05T20:51:38.9126087Z -- Installing: C:/openfhe-2023-1788/openfhe-install/include/openfhe/cereal/types/array.hpp
2026-09-05T20:51:38.9131478Z -- Installing: C:/openfhe-2023-1788/openfhe-install/include/openfhe/cereal/types/atomic.hpp
2026-09-05T20:51:38.9136812Z -- Installing: C:/openfhe-2023-1788/openfhe-install/include/openfhe/cereal/types/base_class.hpp
2026-09-05T20:51:38.9142213Z -- Installing: C:/openfhe-2023-1788/openfhe-install/include/openfhe/cereal/types/bitset.hpp
2026-09-05T20:51:38.9147915Z -- Installing: C:/openfhe-2023-1788/openfhe-install/include/openfhe/cereal/types/boost_variant.hpp
2026-09-05T20:51:38.9168439Z -- Installing: C:/openfhe-2023-1788/openfhe-install/include/openfhe/cereal/types/chrono.hpp
2026-09-05T20:51:38.9175236Z -- Installing: C:/openfhe-2023-1788/openfhe-install/include/openfhe/cereal/types/common.hpp
2026-09-05T20:51:38.9181748Z -- Installing: C:/openfhe-2023-1788/openfhe-install/include/openfhe/cereal/types/complex.hpp
2026-09-05T20:51:38.9186588Z -- Installing: C:/openfhe-2023-1788/openfhe-install/include/openfhe/cereal/types/concepts
2026-09-05T20:51:38.9191812Z -- Installing: C:/openfhe-2023-1788/openfhe-install/include/openfhe/cereal/types/concepts/pair_associative_container.hpp
2026-09-05T20:51:38.9197101Z -- Installing: C:/openfhe-2023-1788/openfhe-install/include/openfhe/cereal/types/deque.hpp
2026-09-05T20:51:38.9202417Z -- Installing: C:/openfhe-2023-1788/openfhe-install/include/openfhe/cereal/types/forward_list.hpp
2026-09-05T20:51:38.9207608Z -- Installing: C:/openfhe-2023-1788/openfhe-install/include/openfhe/cereal/types/functional.hpp
2026-09-05T20:51:38.9212398Z -- Installing: C:/openfhe-2023-1788/openfhe-install/include/openfhe/cereal/types/list.hpp
2026-09-05T20:51:38.9217113Z -- Installing: C:/openfhe-2023-1788/openfhe-install/include/openfhe/cereal/types/map.hpp
2026-09-05T20:51:38.9221800Z -- Installing: C:/openfhe-2023-1788/openfhe-install/include/openfhe/cereal/types/memory.hpp
2026-09-05T20:51:38.9227049Z -- Installing: C:/openfhe-2023-1788/openfhe-install/include/openfhe/cereal/types/optional.hpp
2026-09-05T20:51:38.9232182Z -- Installing: C:/openfhe-2023-1788/openfhe-install/include/openfhe/cereal/types/polymorphic.hpp
2026-09-05T20:51:38.9238184Z -- Installing: C:/openfhe-2023-1788/openfhe-install/include/openfhe/cereal/types/queue.hpp
2026-09-05T20:51:38.9244133Z -- Installing: C:/openfhe-2023-1788/openfhe-install/include/openfhe/cereal/types/set.hpp
2026-09-05T20:51:38.9249132Z -- Installing: C:/openfhe-2023-1788/openfhe-install/include/openfhe/cereal/types/stack.hpp
2026-09-05T20:51:38.9253986Z -- Installing: C:/openfhe-2023-1788/openfhe-install/include/openfhe/cereal/types/string.hpp
2026-09-05T20:51:38.9258604Z -- Installing: C:/openfhe-2023-1788/openfhe-install/include/openfhe/cereal/types/tuple.hpp
2026-09-05T20:51:38.9263905Z -- Installing: C:/openfhe-2023-1788/openfhe-install/include/openfhe/cereal/types/unordered_map.hpp
2026-09-05T20:51:38.9275855Z -- Installing: C:/openfhe-2023-1788/openfhe-install/include/openfhe/cereal/types/unordered_set.hpp
2026-09-05T20:51:38.9280896Z -- Installing: C:/openfhe-2023-1788/openfhe-install/include/openfhe/cereal/types/utility.hpp
2026-09-05T20:51:38.9285599Z -- Installing: C:/openfhe-2023-1788/openfhe-install/include/openfhe/cereal/types/valarray.hpp
2026-09-05T20:51:38.9290958Z -- Installing: C:/openfhe-2023-1788/openfhe-install/include/openfhe/cereal/types/variant.hpp
2026-09-05T20:51:38.9299144Z -- Installing: C:/openfhe-2023-1788/openfhe-install/include/openfhe/cereal/types/vector.hpp
2026-09-05T20:51:38.9304329Z -- Installing: C:/openfhe-2023-1788/openfhe-install/include/openfhe/cereal/version.hpp
2026-09-05T20:51:38.9457029Z -- Installing: C:/openfhe-2023-1788/openfhe-install/lib/libOPENFHEcore.dll.a
2026-09-05T20:51:38.9494157Z -- Installing: C:/openfhe-2023-1788/openfhe-install/lib/libOPENFHEcore.dll
2026-09-05T20:51:38.9537191Z -- Installing: C:/openfhe-2023-1788/openfhe-install/include/openfhe/core/lattice
2026-09-05T20:51:38.9545673Z -- Installing: C:/openfhe-2023-1788/openfhe-install/include/openfhe/core/lattice/constants-lattice.h
2026-09-05T20:51:38.9551180Z -- Installing: C:/openfhe-2023-1788/openfhe-install/include/openfhe/core/lattice/dgsampling-impl.h
2026-09-05T20:51:38.9556453Z -- Installing: C:/openfhe-2023-1788/openfhe-install/include/openfhe/core/lattice/dgsampling.h
2026-09-05T20:51:38.9565171Z -- Installing: C:/openfhe-2023-1788/openfhe-install/include/openfhe/core/lattice/field2n-impl.h
2026-09-05T20:51:38.9583704Z -- Installing: C:/openfhe-2023-1788/openfhe-install/include/openfhe/core/lattice/field2n.h
2026-09-05T20:51:38.9588781Z -- Installing: C:/openfhe-2023-1788/openfhe-install/include/openfhe/core/lattice/hal
2026-09-05T20:51:38.9597420Z -- Installing: C:/openfhe-2023-1788/openfhe-install/include/openfhe/core/lattice/hal/dcrtpoly-interface.h
2026-09-05T20:51:38.9603018Z -- Installing: C:/openfhe-2023-1788/openfhe-install/include/openfhe/core/lattice/hal/default
2026-09-05T20:51:38.9608511Z -- Installing: C:/openfhe-2023-1788/openfhe-install/include/openfhe/core/lattice/hal/default/dcrtpoly-impl.h
2026-09-05T20:51:39.0255301Z -- Installing: C:/openfhe-2023-1788/openfhe-install/include/openfhe/core/lattice/hal/default/dcrtpoly.h
2026-09-05T20:51:39.0260163Z -- Installing: C:/openfhe-2023-1788/openfhe-install/include/openfhe/core/lattice/hal/default/ildcrtparams.h
2026-09-05T20:51:39.0265418Z -- Installing: C:/openfhe-2023-1788/openfhe-install/include/openfhe/core/lattice/hal/default/ilparams.h
2026-09-05T20:51:39.0274380Z -- Installing: C:/openfhe-2023-1788/openfhe-install/include/openfhe/core/lattice/hal/default/poly-impl.h
2026-09-05T20:51:39.0306896Z -- Installing: C:/openfhe-2023-1788/openfhe-install/include/openfhe/core/lattice/hal/default/poly.h
2026-09-05T20:51:39.0312661Z -- Installing: C:/openfhe-2023-1788/openfhe-install/include/openfhe/core/lattice/hal/elemparams.h
2026-09-05T20:51:39.0321895Z -- Installing: C:/openfhe-2023-1788/openfhe-install/include/openfhe/core/lattice/hal/lat-backend.h
2026-09-05T20:51:39.0401688Z -- Installing: C:/openfhe-2023-1788/openfhe-install/include/openfhe/core/lattice/hal/poly-interface.h
2026-09-05T20:51:39.0410924Z -- Installing: C:/openfhe-2023-1788/openfhe-install/include/openfhe/core/lattice/hal/README.md
2026-09-05T20:51:39.0416275Z -- Installing: C:/openfhe-2023-1788/openfhe-install/include/openfhe/core/lattice/ilelement.h
2026-09-05T20:51:39.0421582Z -- Installing: C:/openfhe-2023-1788/openfhe-install/include/openfhe/core/lattice/lat-hal.h
2026-09-05T20:51:39.0430672Z -- Installing: C:/openfhe-2023-1788/openfhe-install/include/openfhe/core/lattice/matrix-lattice-impl.h
2026-09-05T20:51:39.0436862Z -- Installing: C:/openfhe-2023-1788/openfhe-install/include/openfhe/core/lattice/README.md
2026-09-05T20:51:39.0443166Z -- Installing: C:/openfhe-2023-1788/openfhe-install/include/openfhe/core/lattice/stdlatticeparms.h
2026-09-05T20:51:39.0472617Z -- Installing: C:/openfhe-2023-1788/openfhe-install/include/openfhe/core/lattice/trapdoor-impl.h
2026-09-05T20:51:39.0478375Z -- Installing: C:/openfhe-2023-1788/openfhe-install/include/openfhe/core/lattice/trapdoor.h
2026-09-05T20:51:39.0484427Z -- Installing: C:/openfhe-2023-1788/openfhe-install/include/openfhe/core/lattice/trapdoorparameters.h
2026-09-05T20:51:39.0492559Z -- Installing: C:/openfhe-2023-1788/openfhe-install/include/openfhe/core/math
2026-09-05T20:51:39.0498220Z -- Installing: C:/openfhe-2023-1788/openfhe-install/include/openfhe/core/math/binaryuniformgenerator-impl.h
2026-09-05T20:51:39.0576704Z -- Installing: C:/openfhe-2023-1788/openfhe-install/include/openfhe/core/math/binaryuniformgenerator.h
2026-09-05T20:51:39.0581981Z -- Installing: C:/openfhe-2023-1788/openfhe-install/include/openfhe/core/math/chebyshev.h
2026-09-05T20:51:39.0679034Z -- Installing: C:/openfhe-2023-1788/openfhe-install/include/openfhe/core/math/dftransform.h
2026-09-05T20:51:39.0686971Z -- Installing: C:/openfhe-2023-1788/openfhe-install/include/openfhe/core/math/discretegaussiangenerator-impl.h
2026-09-05T20:51:39.0692677Z -- Installing: C:/openfhe-2023-1788/openfhe-install/include/openfhe/core/math/discretegaussiangenerator.h
2026-09-05T20:51:39.0701236Z -- Installing: C:/openfhe-2023-1788/openfhe-install/include/openfhe/core/math/discretegaussiangeneratorgeneric.h
2026-09-05T20:51:39.0706535Z -- Installing: C:/openfhe-2023-1788/openfhe-install/include/openfhe/core/math/discreteuniformgenerator-impl.h
2026-09-05T20:51:39.0711444Z -- Installing: C:/openfhe-2023-1788/openfhe-install/include/openfhe/core/math/discreteuniformgenerator.h
2026-09-05T20:51:39.0719679Z -- Installing: C:/openfhe-2023-1788/openfhe-install/include/openfhe/core/math/distrgen.h
2026-09-05T20:51:39.0724466Z -- Installing: C:/openfhe-2023-1788/openfhe-install/include/openfhe/core/math/distributiongenerator.h
2026-09-05T20:51:39.0729037Z -- Installing: C:/openfhe-2023-1788/openfhe-install/include/openfhe/core/math/hal
2026-09-05T20:51:39.0741670Z -- Installing: C:/openfhe-2023-1788/openfhe-install/include/openfhe/core/math/hal/basicint.h
2026-09-05T20:51:39.0747214Z -- Installing: C:/openfhe-2023-1788/openfhe-install/include/openfhe/core/math/hal/bigintbackend.h
2026-09-05T20:51:39.0752220Z -- Installing: C:/openfhe-2023-1788/openfhe-install/include/openfhe/core/math/hal/bigintdyn
2026-09-05T20:51:39.0761094Z -- Installing: C:/openfhe-2023-1788/openfhe-install/include/openfhe/core/math/hal/bigintdyn/backenddyn.h
2026-09-05T20:51:39.0765971Z -- Installing: C:/openfhe-2023-1788/openfhe-install/include/openfhe/core/math/hal/bigintdyn/mubintvecdyn.h
2026-09-05T20:51:39.0771360Z -- Installing: C:/openfhe-2023-1788/openfhe-install/include/openfhe/core/math/hal/bigintdyn/transformdyn-impl.h
2026-09-05T20:51:39.0940955Z -- Installing: C:/openfhe-2023-1788/openfhe-install/include/openfhe/core/math/hal/bigintdyn/transformdyn.h
2026-09-05T20:51:39.0946282Z -- Installing: C:/openfhe-2023-1788/openfhe-install/include/openfhe/core/math/hal/bigintdyn/ubintdyn.h
2026-09-05T20:51:39.0951572Z -- Installing: C:/openfhe-2023-1788/openfhe-install/include/openfhe/core/math/hal/bigintfxd
2026-09-05T20:51:39.0980948Z -- Installing: C:/openfhe-2023-1788/openfhe-install/include/openfhe/core/math/hal/bigintfxd/backendfxd.h
2026-09-05T20:51:39.0985984Z -- Installing: C:/openfhe-2023-1788/openfhe-install/include/openfhe/core/math/hal/bigintfxd/mubintvecfxd.h
2026-09-05T20:51:39.0991627Z -- Installing: C:/openfhe-2023-1788/openfhe-install/include/openfhe/core/math/hal/bigintfxd/transformfxd-impl.h
2026-09-05T20:51:39.1016520Z -- Installing: C:/openfhe-2023-1788/openfhe-install/include/openfhe/core/math/hal/bigintfxd/transformfxd.h
2026-09-05T20:51:39.1021959Z -- Installing: C:/openfhe-2023-1788/openfhe-install/include/openfhe/core/math/hal/bigintfxd/ubintfxd.h
2026-09-05T20:51:39.1027238Z -- Installing: C:/openfhe-2023-1788/openfhe-install/include/openfhe/core/math/hal/bigintntl
2026-09-05T20:51:39.1039167Z -- Installing: C:/openfhe-2023-1788/openfhe-install/include/openfhe/core/math/hal/bigintntl/backendntl.h
2026-09-05T20:51:39.1044836Z -- Installing: C:/openfhe-2023-1788/openfhe-install/include/openfhe/core/math/hal/bigintntl/mubintvecntl.h
2026-09-05T20:51:39.1050293Z -- Installing: C:/openfhe-2023-1788/openfhe-install/include/openfhe/core/math/hal/bigintntl/transformntl-impl.h
2026-09-05T20:51:39.1098109Z -- Installing: C:/openfhe-2023-1788/openfhe-install/include/openfhe/core/math/hal/bigintntl/transformntl.h
2026-09-05T20:51:39.1103523Z -- Installing: C:/openfhe-2023-1788/openfhe-install/include/openfhe/core/math/hal/bigintntl/ubintntl.h
2026-09-05T20:51:39.1108836Z -- Installing: C:/openfhe-2023-1788/openfhe-install/include/openfhe/core/math/hal/integer.h
2026-09-05T20:51:39.1117566Z -- Installing: C:/openfhe-2023-1788/openfhe-install/include/openfhe/core/math/hal/intnat
2026-09-05T20:51:39.1123220Z -- Installing: C:/openfhe-2023-1788/openfhe-install/include/openfhe/core/math/hal/intnat/mubintvecnat.h
2026-09-05T20:51:39.1129038Z -- Installing: C:/openfhe-2023-1788/openfhe-install/include/openfhe/core/math/hal/intnat/transformnat-impl.h
2026-09-05T20:51:39.1138730Z -- Installing: C:/openfhe-2023-1788/openfhe-install/include/openfhe/core/math/hal/intnat/transformnat.h
2026-09-05T20:51:39.1144036Z -- Installing: C:/openfhe-2023-1788/openfhe-install/include/openfhe/core/math/hal/intnat/ubintnat.h
2026-09-05T20:51:39.1164421Z -- Installing: C:/openfhe-2023-1788/openfhe-install/include/openfhe/core/math/hal/nativeintbackend.h
2026-09-05T20:51:39.1173896Z -- Installing: C:/openfhe-2023-1788/openfhe-install/include/openfhe/core/math/hal/transform.h
2026-09-05T20:51:39.1179503Z -- Installing: C:/openfhe-2023-1788/openfhe-install/include/openfhe/core/math/hal/vector.h
2026-09-05T20:51:39.1184804Z -- Installing: C:/openfhe-2023-1788/openfhe-install/include/openfhe/core/math/hermite.h
2026-09-05T20:51:39.1193174Z -- Installing: C:/openfhe-2023-1788/openfhe-install/include/openfhe/core/math/math-hal.h
2026-09-05T20:51:39.1199114Z -- Installing: C:/openfhe-2023-1788/openfhe-install/include/openfhe/core/math/math_backends.md
2026-09-05T20:51:39.1204496Z -- Installing: C:/openfhe-2023-1788/openfhe-install/include/openfhe/core/math/matrix-impl.h
2026-09-05T20:51:39.1213543Z -- Installing: C:/openfhe-2023-1788/openfhe-install/include/openfhe/core/math/matrix.h
2026-09-05T20:51:39.1219674Z -- Installing: C:/openfhe-2023-1788/openfhe-install/include/openfhe/core/math/matrixstrassen-impl.h
2026-09-05T20:51:39.1225802Z -- Installing: C:/openfhe-2023-1788/openfhe-install/include/openfhe/core/math/matrixstrassen.h
2026-09-05T20:51:39.1268443Z -- Installing: C:/openfhe-2023-1788/openfhe-install/include/openfhe/core/math/nbtheory-impl.h
2026-09-05T20:51:39.1273881Z -- Installing: C:/openfhe-2023-1788/openfhe-install/include/openfhe/core/math/nbtheory.h
2026-09-05T20:51:39.1291725Z -- Installing: C:/openfhe-2023-1788/openfhe-install/include/openfhe/core/math/README.md
2026-09-05T20:51:39.1300107Z -- Installing: C:/openfhe-2023-1788/openfhe-install/include/openfhe/core/math/SAMPLING_README.md
2026-09-05T20:51:39.1305547Z -- Installing: C:/openfhe-2023-1788/openfhe-install/include/openfhe/core/math/ternaryuniformgenerator-impl.h
2026-09-05T20:51:39.1310675Z -- Installing: C:/openfhe-2023-1788/openfhe-install/include/openfhe/core/math/ternaryuniformgenerator.h
2026-09-05T20:51:39.1318987Z -- Installing: C:/openfhe-2023-1788/openfhe-install/include/openfhe/core/openfhecore.h
2026-09-05T20:51:39.1323745Z -- Installing: C:/openfhe-2023-1788/openfhe-install/include/openfhe/core/README.md
2026-09-05T20:51:39.1348343Z -- Installing: C:/openfhe-2023-1788/openfhe-install/include/openfhe/core/testdefs.h
2026-09-05T20:51:39.1358740Z -- Installing: C:/openfhe-2023-1788/openfhe-install/include/openfhe/core/utils
2026-09-05T20:51:39.1363681Z -- Installing: C:/openfhe-2023-1788/openfhe-install/include/openfhe/core/utils/blockAllocator
2026-09-05T20:51:39.1368866Z -- Installing: C:/openfhe-2023-1788/openfhe-install/include/openfhe/core/utils/blockAllocator/blockAllocator.h
2026-09-05T20:51:39.1377920Z -- Installing: C:/openfhe-2023-1788/openfhe-install/include/openfhe/core/utils/blockAllocator/README.md
2026-09-05T20:51:39.1382883Z -- Installing: C:/openfhe-2023-1788/openfhe-install/include/openfhe/core/utils/blockAllocator/stl_allocator.h
2026-09-05T20:51:39.1388112Z -- Installing: C:/openfhe-2023-1788/openfhe-install/include/openfhe/core/utils/blockAllocator/xallocator.h
2026-09-05T20:51:39.1413082Z -- Installing: C:/openfhe-2023-1788/openfhe-install/include/openfhe/core/utils/blockAllocator/xlist.h
2026-09-05T20:51:39.1418100Z -- Installing: C:/openfhe-2023-1788/openfhe-install/include/openfhe/core/utils/blockAllocator/xmap.h
2026-09-05T20:51:39.1422586Z -- Installing: C:/openfhe-2023-1788/openfhe-install/include/openfhe/core/utils/blockAllocator/xqueue.h
2026-09-05T20:51:39.1430165Z -- Installing: C:/openfhe-2023-1788/openfhe-install/include/openfhe/core/utils/blockAllocator/xset.h
2026-09-05T20:51:39.1434897Z -- Installing: C:/openfhe-2023-1788/openfhe-install/include/openfhe/core/utils/blockAllocator/xsstream.h
2026-09-05T20:51:39.1439665Z -- Installing: C:/openfhe-2023-1788/openfhe-install/include/openfhe/core/utils/blockAllocator/xstring.h
2026-09-05T20:51:39.1447335Z -- Installing: C:/openfhe-2023-1788/openfhe-install/include/openfhe/core/utils/blockAllocator/xvector.h
2026-09-05T20:51:39.1452333Z -- Installing: C:/openfhe-2023-1788/openfhe-install/include/openfhe/core/utils/caller_info.h
2026-09-05T20:51:39.1457472Z -- Installing: C:/openfhe-2023-1788/openfhe-install/include/openfhe/core/utils/debug.h
2026-09-05T20:51:39.1465636Z -- Installing: C:/openfhe-2023-1788/openfhe-install/include/openfhe/core/utils/demangle.h
2026-09-05T20:51:39.1470534Z -- Installing: C:/openfhe-2023-1788/openfhe-install/include/openfhe/core/utils/exception.h
2026-09-05T20:51:39.1487360Z -- Installing: C:/openfhe-2023-1788/openfhe-install/include/openfhe/core/utils/get-call-stack.h
2026-09-05T20:51:39.1495987Z -- Installing: C:/openfhe-2023-1788/openfhe-install/include/openfhe/core/utils/hashutil.h
2026-09-05T20:51:39.1500769Z -- Installing: C:/openfhe-2023-1788/openfhe-install/include/openfhe/core/utils/inttypes.h
2026-09-05T20:51:39.1505491Z -- Installing: C:/openfhe-2023-1788/openfhe-install/include/openfhe/core/utils/memory.h
2026-09-05T20:51:39.1514123Z -- Installing: C:/openfhe-2023-1788/openfhe-install/include/openfhe/core/utils/openfhebase64.h
2026-09-05T20:51:39.1519269Z -- Installing: C:/openfhe-2023-1788/openfhe-install/include/openfhe/core/utils/parallel.h
2026-09-05T20:51:39.1524463Z -- Installing: C:/openfhe-2023-1788/openfhe-install/include/openfhe/core/utils/prng
2026-09-05T20:51:39.1533468Z -- Installing: C:/openfhe-2023-1788/openfhe-install/include/openfhe/core/utils/prng/blake2-impl.h
2026-09-05T20:51:39.1538274Z -- Installing: C:/openfhe-2023-1788/openfhe-install/include/openfhe/core/utils/prng/blake2.h
2026-09-05T20:51:39.1543514Z -- Installing: C:/openfhe-2023-1788/openfhe-install/include/openfhe/core/utils/prng/blake2engine.h
2026-09-05T20:51:39.1551230Z -- Installing: C:/openfhe-2023-1788/openfhe-install/include/openfhe/core/utils/prng/CPPLINT.cfg
2026-09-05T20:51:39.1556181Z -- Installing: C:/openfhe-2023-1788/openfhe-install/include/openfhe/core/utils/prng/prng.h
2026-09-05T20:51:39.1574977Z -- Installing: C:/openfhe-2023-1788/openfhe-install/include/openfhe/core/utils/prng/README.md
2026-09-05T20:51:39.1583004Z -- Installing: C:/openfhe-2023-1788/openfhe-install/include/openfhe/core/utils/README.md
2026-09-05T20:51:39.1587542Z -- Installing: C:/openfhe-2023-1788/openfhe-install/include/openfhe/core/utils/serial.h
2026-09-05T20:51:39.1593470Z -- Installing: C:/openfhe-2023-1788/openfhe-install/include/openfhe/core/utils/serializable.h
2026-09-05T20:51:39.1602349Z -- Installing: C:/openfhe-2023-1788/openfhe-install/include/openfhe/core/utils/sertype.h
2026-09-05T20:51:39.1607568Z -- Installing: C:/openfhe-2023-1788/openfhe-install/include/openfhe/core/utils/type_name.h
2026-09-05T20:51:39.1613032Z -- Installing: C:/openfhe-2023-1788/openfhe-install/include/openfhe/core/utils/utilities-int.h
2026-09-05T20:51:39.1621984Z -- Installing: C:/openfhe-2023-1788/openfhe-install/include/openfhe/core/utils/utilities.h
2026-09-05T20:51:39.1627484Z -- Installing: C:/openfhe-2023-1788/openfhe-install/include/openfhe/core/version.h
2026-09-05T20:51:39.1636884Z -- Installing: C:/openfhe-2023-1788/openfhe-install/lib/libOPENFHEpke.dll.a
2026-09-05T20:51:39.1717935Z -- Installing: C:/openfhe-2023-1788/openfhe-install/lib/libOPENFHEpke.dll
2026-09-05T20:51:39.1804498Z -- Installing: C:/openfhe-2023-1788/openfhe-install/include/openfhe/pke
2026-09-05T20:51:39.1808924Z -- Installing: C:/openfhe-2023-1788/openfhe-install/include/openfhe/pke/ciphertext-fwd.h
2026-09-05T20:51:39.1945216Z -- Installing: C:/openfhe-2023-1788/openfhe-install/include/openfhe/pke/ciphertext-ser.h
2026-09-05T20:51:39.1949495Z -- Installing: C:/openfhe-2023-1788/openfhe-install/include/openfhe/pke/ciphertext.h
2026-09-05T20:51:39.1954361Z -- Installing: C:/openfhe-2023-1788/openfhe-install/include/openfhe/pke/constants-defs.h
2026-09-05T20:51:39.2950650Z -- Installing: C:/openfhe-2023-1788/openfhe-install/include/openfhe/pke/constants.h
2026-09-05T20:51:39.2955310Z -- Installing: C:/openfhe-2023-1788/openfhe-install/include/openfhe/pke/cryptocontext-fwd.h
2026-09-05T20:51:39.2960252Z -- Installing: C:/openfhe-2023-1788/openfhe-install/include/openfhe/pke/cryptocontext-ser.h
2026-09-05T20:51:39.2968190Z -- Installing: C:/openfhe-2023-1788/openfhe-install/include/openfhe/pke/cryptocontext.h
2026-09-05T20:51:39.2975180Z -- Installing: C:/openfhe-2023-1788/openfhe-install/include/openfhe/pke/cryptocontextfactory.h
2026-09-05T20:51:39.2980218Z -- Installing: C:/openfhe-2023-1788/openfhe-install/include/openfhe/pke/cryptoobject.h
2026-09-05T20:51:39.2987334Z -- Installing: C:/openfhe-2023-1788/openfhe-install/include/openfhe/pke/encoding
2026-09-05T20:51:39.2992338Z -- Installing: C:/openfhe-2023-1788/openfhe-install/include/openfhe/pke/encoding/ckkspackedencoding.h
2026-09-05T20:51:39.2997482Z -- Installing: C:/openfhe-2023-1788/openfhe-install/include/openfhe/pke/encoding/coefpackedencoding.h
2026-09-05T20:51:39.3112015Z -- Installing: C:/openfhe-2023-1788/openfhe-install/include/openfhe/pke/encoding/encodingparams.h
2026-09-05T20:51:39.3133289Z -- Installing: C:/openfhe-2023-1788/openfhe-install/include/openfhe/pke/encoding/encodings.h
2026-09-05T20:51:39.3138945Z -- Installing: C:/openfhe-2023-1788/openfhe-install/include/openfhe/pke/encoding/packedencoding.h
2026-09-05T20:51:39.3147771Z -- Installing: C:/openfhe-2023-1788/openfhe-install/include/openfhe/pke/encoding/plaintext-fwd.h
2026-09-05T20:51:39.3152715Z -- Installing: C:/openfhe-2023-1788/openfhe-install/include/openfhe/pke/encoding/plaintext.h
2026-09-05T20:51:39.3158478Z -- Installing: C:/openfhe-2023-1788/openfhe-install/include/openfhe/pke/encoding/plaintextfactory.h
2026-09-05T20:51:39.5617045Z -- Installing: C:/openfhe-2023-1788/openfhe-install/include/openfhe/pke/encoding/README.md
2026-09-05T20:51:39.5621993Z -- Installing: C:/openfhe-2023-1788/openfhe-install/include/openfhe/pke/encoding/stringencoding.h
2026-09-05T20:51:39.5627467Z -- Installing: C:/openfhe-2023-1788/openfhe-install/include/openfhe/pke/gen-cryptocontext.h
2026-09-05T20:51:39.5639695Z -- Installing: C:/openfhe-2023-1788/openfhe-install/include/openfhe/pke/globals.h
2026-09-05T20:51:39.5644735Z -- Installing: C:/openfhe-2023-1788/openfhe-install/include/openfhe/pke/key
2026-09-05T20:51:39.5650111Z -- Installing: C:/openfhe-2023-1788/openfhe-install/include/openfhe/pke/key/evalkey-fwd.h
2026-09-05T20:51:39.5657347Z -- Installing: C:/openfhe-2023-1788/openfhe-install/include/openfhe/pke/key/evalkey.h
2026-09-05T20:51:39.5662489Z -- Installing: C:/openfhe-2023-1788/openfhe-install/include/openfhe/pke/key/evalkeyrelin-fwd.h
2026-09-05T20:51:39.5667724Z -- Installing: C:/openfhe-2023-1788/openfhe-install/include/openfhe/pke/key/evalkeyrelin.h
2026-09-05T20:51:39.8074768Z -- Installing: C:/openfhe-2023-1788/openfhe-install/include/openfhe/pke/key/key-ser.h
2026-09-05T20:51:39.8079359Z -- Installing: C:/openfhe-2023-1788/openfhe-install/include/openfhe/pke/key/key.h
2026-09-05T20:51:39.8085564Z -- Installing: C:/openfhe-2023-1788/openfhe-install/include/openfhe/pke/key/keypair.h
2026-09-05T20:51:39.8095850Z -- Installing: C:/openfhe-2023-1788/openfhe-install/include/openfhe/pke/key/privatekey-fwd.h
2026-09-05T20:51:39.8101401Z -- Installing: C:/openfhe-2023-1788/openfhe-install/include/openfhe/pke/key/privatekey.h
2026-09-05T20:51:39.8107529Z -- Installing: C:/openfhe-2023-1788/openfhe-install/include/openfhe/pke/key/publickey-fwd.h
2026-09-05T20:51:39.8485965Z -- Installing: C:/openfhe-2023-1788/openfhe-install/include/openfhe/pke/key/publickey.h
2026-09-05T20:51:39.8491260Z -- Installing: C:/openfhe-2023-1788/openfhe-install/include/openfhe/pke/key/README.md
2026-09-05T20:51:39.8495889Z -- Installing: C:/openfhe-2023-1788/openfhe-install/include/openfhe/pke/keyswitch
2026-09-05T20:51:39.8504966Z -- Installing: C:/openfhe-2023-1788/openfhe-install/include/openfhe/pke/keyswitch/keyswitch-base.h
2026-09-05T20:51:39.8510316Z -- Installing: C:/openfhe-2023-1788/openfhe-install/include/openfhe/pke/keyswitch/keyswitch-bv.h
2026-09-05T20:51:39.8515229Z -- Installing: C:/openfhe-2023-1788/openfhe-install/include/openfhe/pke/keyswitch/keyswitch-hybrid.h
2026-09-05T20:51:39.8535188Z -- Installing: C:/openfhe-2023-1788/openfhe-install/include/openfhe/pke/keyswitch/keyswitch-rns.h
2026-09-05T20:51:39.8540714Z -- Installing: C:/openfhe-2023-1788/openfhe-install/include/openfhe/pke/keyswitch/README.md
2026-09-05T20:51:39.8545510Z -- Installing: C:/openfhe-2023-1788/openfhe-install/include/openfhe/pke/metadata-ser.h
2026-09-05T20:51:39.8553005Z -- Installing: C:/openfhe-2023-1788/openfhe-install/include/openfhe/pke/metadata.h
2026-09-05T20:51:39.8558303Z -- Installing: C:/openfhe-2023-1788/openfhe-install/include/openfhe/pke/openfhe.h
2026-09-05T20:51:39.8563039Z -- Installing: C:/openfhe-2023-1788/openfhe-install/include/openfhe/pke/README.md
2026-09-05T20:51:39.8602476Z -- Installing: C:/openfhe-2023-1788/openfhe-install/include/openfhe/pke/scheme
2026-09-05T20:51:39.8606913Z -- Installing: C:/openfhe-2023-1788/openfhe-install/include/openfhe/pke/scheme/bfvrns
2026-09-05T20:51:39.8612006Z -- Installing: C:/openfhe-2023-1788/openfhe-install/include/openfhe/pke/scheme/bfvrns/bfvrns-advancedshe.h
2026-09-05T20:51:39.8619068Z -- Installing: C:/openfhe-2023-1788/openfhe-install/include/openfhe/pke/scheme/bfvrns/bfvrns-cryptoparameters.h
2026-09-05T20:51:39.8624190Z -- Installing: C:/openfhe-2023-1788/openfhe-install/include/openfhe/pke/scheme/bfvrns/bfvrns-fhe.h
2026-09-05T20:51:39.8681448Z -- Installing: C:/openfhe-2023-1788/openfhe-install/include/openfhe/pke/scheme/bfvrns/bfvrns-leveledshe.h
2026-09-05T20:51:39.8780061Z -- Installing: C:/openfhe-2023-1788/openfhe-install/include/openfhe/pke/scheme/bfvrns/bfvrns-multiparty.h
2026-09-05T20:51:39.8785698Z -- Installing: C:/openfhe-2023-1788/openfhe-install/include/openfhe/pke/scheme/bfvrns/bfvrns-parametergeneration.h
2026-09-05T20:51:39.8790480Z -- Installing: C:/openfhe-2023-1788/openfhe-install/include/openfhe/pke/scheme/bfvrns/bfvrns-pke.h
2026-09-05T20:51:39.8800354Z -- Installing: C:/openfhe-2023-1788/openfhe-install/include/openfhe/pke/scheme/bfvrns/bfvrns-pre.h
2026-09-05T20:51:39.8805453Z -- Installing: C:/openfhe-2023-1788/openfhe-install/include/openfhe/pke/scheme/bfvrns/bfvrns-scheme.h
2026-09-05T20:51:39.8809928Z -- Installing: C:/openfhe-2023-1788/openfhe-install/include/openfhe/pke/scheme/bfvrns/bfvrns-ser.h
2026-09-05T20:51:39.8818222Z -- Installing: C:/openfhe-2023-1788/openfhe-install/include/openfhe/pke/scheme/bfvrns/gen-cryptocontext-bfvrns-internal.h
2026-09-05T20:51:39.8823987Z -- Installing: C:/openfhe-2023-1788/openfhe-install/include/openfhe/pke/scheme/bfvrns/gen-cryptocontext-bfvrns-params.h
2026-09-05T20:51:39.8829269Z -- Installing: C:/openfhe-2023-1788/openfhe-install/include/openfhe/pke/scheme/bfvrns/gen-cryptocontext-bfvrns.h
2026-09-05T20:51:39.8836481Z -- Installing: C:/openfhe-2023-1788/openfhe-install/include/openfhe/pke/scheme/bgvrns
2026-09-05T20:51:39.8841732Z -- Installing: C:/openfhe-2023-1788/openfhe-install/include/openfhe/pke/scheme/bgvrns/bgvrns-advancedshe.h
2026-09-05T20:51:39.8846562Z -- Installing: C:/openfhe-2023-1788/openfhe-install/include/openfhe/pke/scheme/bgvrns/bgvrns-cryptoparameters.h
2026-09-05T20:51:39.8853768Z -- Installing: C:/openfhe-2023-1788/openfhe-install/include/openfhe/pke/scheme/bgvrns/bgvrns-fhe.h
2026-09-05T20:51:39.8870795Z -- Installing: C:/openfhe-2023-1788/openfhe-install/include/openfhe/pke/scheme/bgvrns/bgvrns-leveledshe.h
2026-09-05T20:51:39.8876214Z -- Installing: C:/openfhe-2023-1788/openfhe-install/include/openfhe/pke/scheme/bgvrns/bgvrns-multiparty.h
2026-09-05T20:51:39.8884043Z -- Installing: C:/openfhe-2023-1788/openfhe-install/include/openfhe/pke/scheme/bgvrns/bgvrns-parametergeneration.h
2026-09-05T20:51:39.8889909Z -- Installing: C:/openfhe-2023-1788/openfhe-install/include/openfhe/pke/scheme/bgvrns/bgvrns-pke.h
2026-09-05T20:51:39.8895844Z -- Installing: C:/openfhe-2023-1788/openfhe-install/include/openfhe/pke/scheme/bgvrns/bgvrns-pre.h
2026-09-05T20:51:39.8903361Z -- Installing: C:/openfhe-2023-1788/openfhe-install/include/openfhe/pke/scheme/bgvrns/bgvrns-scheme.h
2026-09-05T20:51:39.8908800Z -- Installing: C:/openfhe-2023-1788/openfhe-install/include/openfhe/pke/scheme/bgvrns/bgvrns-ser.h
2026-09-05T20:51:39.8988188Z -- Installing: C:/openfhe-2023-1788/openfhe-install/include/openfhe/pke/scheme/bgvrns/gen-cryptocontext-bgvrns-internal.h
2026-09-05T20:51:39.8993640Z -- Installing: C:/openfhe-2023-1788/openfhe-install/include/openfhe/pke/scheme/bgvrns/gen-cryptocontext-bgvrns-params.h
2026-09-05T20:51:39.8999391Z -- Installing: C:/openfhe-2023-1788/openfhe-install/include/openfhe/pke/scheme/bgvrns/gen-cryptocontext-bgvrns.h
2026-09-05T20:51:39.9027119Z -- Installing: C:/openfhe-2023-1788/openfhe-install/include/openfhe/pke/scheme/ckksrns
2026-09-05T20:51:39.9032748Z -- Installing: C:/openfhe-2023-1788/openfhe-install/include/openfhe/pke/scheme/ckksrns/ckksrns-advancedshe.h
2026-09-05T20:51:39.9041489Z -- Installing: C:/openfhe-2023-1788/openfhe-install/include/openfhe/pke/scheme/ckksrns/ckksrns-cryptoparameters.h
2026-09-05T20:51:39.9047212Z -- Installing: C:/openfhe-2023-1788/openfhe-install/include/openfhe/pke/scheme/ckksrns/ckksrns-fhe.h
2026-09-05T20:51:39.9068708Z -- Installing: C:/openfhe-2023-1788/openfhe-install/include/openfhe/pke/scheme/ckksrns/ckksrns-leveledshe.h
2026-09-05T20:51:39.9074647Z -- Installing: C:/openfhe-2023-1788/openfhe-install/include/openfhe/pke/scheme/ckksrns/ckksrns-multiparty.h
2026-09-05T20:51:39.9079890Z -- Installing: C:/openfhe-2023-1788/openfhe-install/include/openfhe/pke/scheme/ckksrns/ckksrns-parametergeneration.h
2026-09-05T20:51:39.9084696Z -- Installing: C:/openfhe-2023-1788/openfhe-install/include/openfhe/pke/scheme/ckksrns/ckksrns-pke.h
2026-09-05T20:51:39.9103273Z -- Installing: C:/openfhe-2023-1788/openfhe-install/include/openfhe/pke/scheme/ckksrns/ckksrns-pre.h
2026-09-05T20:51:39.9108962Z -- Installing: C:/openfhe-2023-1788/openfhe-install/include/openfhe/pke/scheme/ckksrns/ckksrns-scheme.h
2026-09-05T20:51:39.9113970Z -- Installing: C:/openfhe-2023-1788/openfhe-install/include/openfhe/pke/scheme/ckksrns/ckksrns-schemeswitching.h
2026-09-05T20:51:39.9121478Z -- Installing: C:/openfhe-2023-1788/openfhe-install/include/openfhe/pke/scheme/ckksrns/ckksrns-ser.h
2026-09-05T20:51:39.9126641Z -- Installing: C:/openfhe-2023-1788/openfhe-install/include/openfhe/pke/scheme/ckksrns/ckksrns-utils.h
2026-09-05T20:51:39.9136850Z -- Installing: C:/openfhe-2023-1788/openfhe-install/include/openfhe/pke/scheme/ckksrns/gen-cryptocontext-ckksrns-internal.h
2026-09-05T20:51:39.9142208Z -- Installing: C:/openfhe-2023-1788/openfhe-install/include/openfhe/pke/scheme/ckksrns/gen-cryptocontext-ckksrns-params.h
2026-09-05T20:51:39.9148045Z -- Installing: C:/openfhe-2023-1788/openfhe-install/include/openfhe/pke/scheme/ckksrns/gen-cryptocontext-ckksrns.h
2026-09-05T20:51:39.9192442Z -- Installing: C:/openfhe-2023-1788/openfhe-install/include/openfhe/pke/scheme/ckksrns/README.md
2026-09-05T20:51:39.9197170Z -- Installing: C:/openfhe-2023-1788/openfhe-install/include/openfhe/pke/scheme/gen-cryptocontext-params-defaults.h
2026-09-05T20:51:39.9202259Z -- Installing: C:/openfhe-2023-1788/openfhe-install/include/openfhe/pke/scheme/gen-cryptocontext-params-validation.h
2026-09-05T20:51:39.9248846Z -- Installing: C:/openfhe-2023-1788/openfhe-install/include/openfhe/pke/scheme/gen-cryptocontext-params.h
2026-09-05T20:51:39.9254015Z -- Installing: C:/openfhe-2023-1788/openfhe-install/include/openfhe/pke/scheme/README.md
2026-09-05T20:51:39.9258513Z -- Installing: C:/openfhe-2023-1788/openfhe-install/include/openfhe/pke/scheme/scheme-id.h
2026-09-05T20:51:39.9266513Z -- Installing: C:/openfhe-2023-1788/openfhe-install/include/openfhe/pke/scheme/scheme-swch-params.h
2026-09-05T20:51:39.9271986Z -- Installing: C:/openfhe-2023-1788/openfhe-install/include/openfhe/pke/scheme/scheme-utils.h
2026-09-05T20:51:39.9278416Z -- Installing: C:/openfhe-2023-1788/openfhe-install/include/openfhe/pke/schemebase
2026-09-05T20:51:39.9469233Z -- Installing: C:/openfhe-2023-1788/openfhe-install/include/openfhe/pke/schemebase/base-advancedshe.h
2026-09-05T20:51:39.9476744Z -- Installing: C:/openfhe-2023-1788/openfhe-install/include/openfhe/pke/schemebase/base-cryptoparameters.h
2026-09-05T20:51:39.9482837Z -- Installing: C:/openfhe-2023-1788/openfhe-install/include/openfhe/pke/schemebase/base-fhe.h
2026-09-05T20:51:39.9491931Z -- Installing: C:/openfhe-2023-1788/openfhe-install/include/openfhe/pke/schemebase/base-leveledshe.h
2026-09-05T20:51:39.9509851Z -- Installing: C:/openfhe-2023-1788/openfhe-install/include/openfhe/pke/schemebase/base-multiparty.h
2026-09-05T20:51:39.9515700Z -- Installing: C:/openfhe-2023-1788/openfhe-install/include/openfhe/pke/schemebase/base-parametergeneration.h
2026-09-05T20:51:39.9523506Z -- Installing: C:/openfhe-2023-1788/openfhe-install/include/openfhe/pke/schemebase/base-pke.h
2026-09-05T20:51:39.9528742Z -- Installing: C:/openfhe-2023-1788/openfhe-install/include/openfhe/pke/schemebase/base-pre.h
2026-09-05T20:51:39.9533440Z -- Installing: C:/openfhe-2023-1788/openfhe-install/include/openfhe/pke/schemebase/base-scheme.h
2026-09-05T20:51:39.9542488Z -- Installing: C:/openfhe-2023-1788/openfhe-install/include/openfhe/pke/schemebase/base-ser.h
2026-09-05T20:51:39.9547645Z -- Installing: C:/openfhe-2023-1788/openfhe-install/include/openfhe/pke/schemebase/decrypt-result.h
2026-09-05T20:51:39.9552375Z -- Installing: C:/openfhe-2023-1788/openfhe-install/include/openfhe/pke/schemebase/rlwe-cryptoparameters.h
2026-09-05T20:51:39.9559754Z -- Installing: C:/openfhe-2023-1788/openfhe-install/include/openfhe/pke/schemelet
2026-09-05T20:51:39.9564702Z -- Installing: C:/openfhe-2023-1788/openfhe-install/include/openfhe/pke/schemelet/rlwe-mp.h
2026-09-05T20:51:39.9569480Z -- Installing: C:/openfhe-2023-1788/openfhe-install/include/openfhe/pke/schemerns
2026-09-05T20:51:39.9593509Z -- Installing: C:/openfhe-2023-1788/openfhe-install/include/openfhe/pke/schemerns/rns-advancedshe.h
2026-09-05T20:51:39.9598914Z -- Installing: C:/openfhe-2023-1788/openfhe-install/include/openfhe/pke/schemerns/rns-cryptoparameters.h
2026-09-05T20:51:39.9604346Z -- Installing: C:/openfhe-2023-1788/openfhe-install/include/openfhe/pke/schemerns/rns-fhe.h
2026-09-05T20:51:39.9623234Z -- Installing: C:/openfhe-2023-1788/openfhe-install/include/openfhe/pke/schemerns/rns-leveledshe.h
2026-09-05T20:51:39.9641961Z -- Installing: C:/openfhe-2023-1788/openfhe-install/include/openfhe/pke/schemerns/rns-multiparty.h
2026-09-05T20:51:39.9647265Z -- Installing: C:/openfhe-2023-1788/openfhe-install/include/openfhe/pke/schemerns/rns-parametergeneration.h
2026-09-05T20:51:39.9654627Z -- Installing: C:/openfhe-2023-1788/openfhe-install/include/openfhe/pke/schemerns/rns-pke.h
2026-09-05T20:51:39.9659661Z -- Installing: C:/openfhe-2023-1788/openfhe-install/include/openfhe/pke/schemerns/rns-pre.h
2026-09-05T20:51:39.9664840Z -- Installing: C:/openfhe-2023-1788/openfhe-install/include/openfhe/pke/schemerns/rns-scheme.h
2026-09-05T20:51:39.9672089Z -- Installing: C:/openfhe-2023-1788/openfhe-install/include/openfhe/pke/schemerns/rns-ser.h
2026-09-05T20:51:39.9678284Z -- Installing: C:/openfhe-2023-1788/openfhe-install/include/openfhe/pke/unittest/utils
2026-09-05T20:51:39.9686509Z -- Installing: C:/openfhe-2023-1788/openfhe-install/include/openfhe/pke/unittest/utils/BaseTestCase.h
2026-09-05T20:51:39.9692194Z -- Installing: C:/openfhe-2023-1788/openfhe-install/include/openfhe/pke/unittest/utils/schemeswitching-data-serializer.h
2026-09-05T20:51:39.9697773Z -- Installing: C:/openfhe-2023-1788/openfhe-install/include/openfhe/pke/unittest/utils/UnitTestCCParams.h
2026-09-05T20:51:39.9719630Z -- Installing: C:/openfhe-2023-1788/openfhe-install/include/openfhe/pke/unittest/utils/UnitTestCryptoContext.h
2026-09-05T20:51:39.9724606Z -- Installing: C:/openfhe-2023-1788/openfhe-install/include/openfhe/pke/unittest/utils/UnitTestException.h
2026-09-05T20:51:39.9730166Z -- Installing: C:/openfhe-2023-1788/openfhe-install/include/openfhe/pke/unittest/utils/UnitTestMetadataTest.h
2026-09-05T20:51:39.9742765Z -- Installing: C:/openfhe-2023-1788/openfhe-install/include/openfhe/pke/unittest/utils/UnitTestMetadataTestSer.h
2026-09-05T20:51:39.9747901Z -- Installing: C:/openfhe-2023-1788/openfhe-install/include/openfhe/pke/unittest/utils/UnitTestReadCSVData.h
2026-09-05T20:51:39.9753820Z -- Installing: C:/openfhe-2023-1788/openfhe-install/include/openfhe/pke/unittest/utils/UnitTestSer.h
2026-09-05T20:51:39.9763423Z -- Installing: C:/openfhe-2023-1788/openfhe-install/include/openfhe/pke/unittest/utils/UnitTestUtils.h
2026-09-05T20:51:39.9773153Z -- Installing: C:/openfhe-2023-1788/openfhe-install/lib/libOPENFHEbinfhe.dll.a
2026-09-05T20:51:39.9784865Z -- Installing: C:/openfhe-2023-1788/openfhe-install/lib/libOPENFHEbinfhe.dll
2026-09-05T20:51:39.9834719Z -- Installing: C:/openfhe-2023-1788/openfhe-install/include/openfhe/binfhe
2026-09-05T20:51:39.9839908Z -- Installing: C:/openfhe-2023-1788/openfhe-install/include/openfhe/binfhe/binfhe-base-params.h
2026-09-05T20:51:39.9845432Z -- Installing: C:/openfhe-2023-1788/openfhe-install/include/openfhe/binfhe/binfhe-base-scheme.h
2026-09-05T20:51:39.9853724Z -- Installing: C:/openfhe-2023-1788/openfhe-install/include/openfhe/binfhe/binfhe-constants.h
2026-09-05T20:51:39.9872074Z -- Installing: C:/openfhe-2023-1788/openfhe-install/include/openfhe/binfhe/binfhecontext-ser.h
2026-09-05T20:51:39.9876569Z -- Installing: C:/openfhe-2023-1788/openfhe-install/include/openfhe/binfhe/binfhecontext.h
2026-09-05T20:51:39.9886325Z -- Installing: C:/openfhe-2023-1788/openfhe-install/include/openfhe/binfhe/lwe-ciphertext-fwd.h
2026-09-05T20:51:39.9892998Z -- Installing: C:/openfhe-2023-1788/openfhe-install/include/openfhe/binfhe/lwe-ciphertext.h
2026-09-05T20:51:40.0056092Z -- Installing: C:/openfhe-2023-1788/openfhe-install/include/openfhe/binfhe/lwe-cryptoparameters.h
2026-09-05T20:51:40.0061301Z -- Installing: C:/openfhe-2023-1788/openfhe-install/include/openfhe/binfhe/lwe-keypair-fwd.h
2026-09-05T20:51:40.0069600Z -- Installing: C:/openfhe-2023-1788/openfhe-install/include/openfhe/binfhe/lwe-keypair.h
2026-09-05T20:51:40.0074485Z -- Installing: C:/openfhe-2023-1788/openfhe-install/include/openfhe/binfhe/lwe-keyswitchkey-fwd.h
2026-09-05T20:51:40.0079480Z -- Installing: C:/openfhe-2023-1788/openfhe-install/include/openfhe/binfhe/lwe-keyswitchkey.h
2026-09-05T20:51:40.0088240Z -- Installing: C:/openfhe-2023-1788/openfhe-install/include/openfhe/binfhe/lwe-pke.h
2026-09-05T20:51:40.0093859Z -- Installing: C:/openfhe-2023-1788/openfhe-install/include/openfhe/binfhe/lwe-privatekey-fwd.h
2026-09-05T20:51:40.0098909Z -- Installing: C:/openfhe-2023-1788/openfhe-install/include/openfhe/binfhe/lwe-privatekey.h
2026-09-05T20:51:40.0110434Z -- Installing: C:/openfhe-2023-1788/openfhe-install/include/openfhe/binfhe/lwe-publickey-fwd.h
2026-09-05T20:51:40.0115251Z -- Installing: C:/openfhe-2023-1788/openfhe-install/include/openfhe/binfhe/lwe-publickey.h
2026-09-05T20:51:40.0120118Z -- Installing: C:/openfhe-2023-1788/openfhe-install/include/openfhe/binfhe/README.md
2026-09-05T20:51:40.0128608Z -- Installing: C:/openfhe-2023-1788/openfhe-install/include/openfhe/binfhe/rgsw-acc-cggi.h
2026-09-05T20:51:40.0148348Z -- Installing: C:/openfhe-2023-1788/openfhe-install/include/openfhe/binfhe/rgsw-acc-dm.h
2026-09-05T20:51:40.0163434Z -- Installing: C:/openfhe-2023-1788/openfhe-install/include/openfhe/binfhe/rgsw-acc-lmkcdey.h
2026-09-05T20:51:40.0168365Z -- Installing: C:/openfhe-2023-1788/openfhe-install/include/openfhe/binfhe/rgsw-acc.h
2026-09-05T20:51:40.0173769Z -- Installing: C:/openfhe-2023-1788/openfhe-install/include/openfhe/binfhe/rgsw-acckey.h
2026-09-05T20:51:40.0181912Z -- Installing: C:/openfhe-2023-1788/openfhe-install/include/openfhe/binfhe/rgsw-cryptoparameters.h
2026-09-05T20:51:40.0187244Z -- Installing: C:/openfhe-2023-1788/openfhe-install/include/openfhe/binfhe/rgsw-evalkey.h
2026-09-05T20:51:40.0192389Z -- Installing: C:/openfhe-2023-1788/openfhe-install/include/openfhe/binfhe/rlwe-ciphertext.h
2026-09-05T20:51:40.0214646Z -- Installing: C:/openfhe-2023-1788/openfhe-install/CMake/OpenFHEConfig.cmake
2026-09-05T20:51:40.0219456Z -- Installing: C:/openfhe-2023-1788/openfhe-install/CMake/OpenFHEConfigVersion.cmake
2026-09-05T20:51:40.0358525Z -- Installing: C:/openfhe-2023-1788/openfhe-install/CMake/OpenFHETargets.cmake
2026-09-05T20:51:40.0376639Z -- Installing: C:/openfhe-2023-1788/openfhe-install/CMake/OpenFHETargets-release.cmake
2026-09-05T20:51:40.0603624Z ##[group]Run prefix="$(cygpath -u "$OPENFHE_PREFIX")"
2026-09-05T20:51:40.0604176Z [36;1mprefix="$(cygpath -u "$OPENFHE_PREFIX")"[0m
2026-09-05T20:51:40.0604523Z [36;1mbuild="$(cygpath -u "$PROJECT_BUILD")"[0m
2026-09-05T20:51:40.0604852Z [36;1mcmake -S . -B "$build" \[0m
2026-09-05T20:51:40.0605148Z [36;1m  -DCMAKE_BUILD_TYPE=Debug \[0m
2026-09-05T20:51:40.0605475Z [36;1m  -DCMAKE_PREFIX_PATH="$prefix"[0m
2026-09-05T20:51:40.0607590Z shell: D:\a\_temp\setup-msys2\msys2.CMD {0}
2026-09-05T20:51:40.0607887Z env:
2026-09-05T20:51:40.0608168Z   OPENFHE_COMMIT: df495ba2e91739a6dc8f1de254fc5a41155ce504
2026-09-05T20:51:40.0608542Z   OPENFHE_PREFIX: C:\openfhe-2023-1788\openfhe-install
2026-09-05T20:51:40.0608889Z   WINDOWS_ROOT: C:\openfhe-2023-1788
2026-09-05T20:51:40.0609210Z   PROJECT_SOURCE: C:\openfhe-2023-1788\cleanroom
2026-09-05T20:51:40.0609559Z   OPENFHE_SOURCE: C:\openfhe-2023-1788\openfhe-src
2026-09-05T20:51:40.0610025Z   OPENFHE_BUILD: C:\openfhe-2023-1788\openfhe-build-33991083281-1
2026-09-05T20:51:40.0610446Z   PROJECT_BUILD: C:\openfhe-2023-1788\project-build-33991083281-1
2026-09-05T20:51:40.0610784Z   MSYSTEM: MINGW64
2026-09-05T20:51:40.0610998Z ##[endgroup]
2026-09-05T20:51:40.5609921Z -- Building for: Ninja
2026-09-05T20:51:40.5610438Z -- The CXX compiler identification is GNU 16.2.0
2026-09-05T20:51:40.5996129Z -- Detecting CXX compiler ABI info
2026-09-05T20:51:41.1186360Z -- Detecting CXX compiler ABI info - done
2026-09-05T20:51:41.1451388Z -- Check for working CXX compiler: D:/a/_temp/msys64/mingw64/bin/c++.exe - skipped
2026-09-05T20:51:41.1457895Z -- Detecting CXX compile features
2026-09-05T20:51:41.1470322Z -- Detecting CXX compile features - done
2026-09-05T20:51:41.1866260Z -- Configuring done (0.8s)
2026-09-05T20:51:41.2537322Z -- Generating done (0.1s)
2026-09-05T20:51:41.2546612Z -- Build files have been written to: C:/openfhe-2023-1788/project-build-33991083281-1
2026-09-05T20:51:41.2774716Z ##[group]Run test "$(git rev-parse HEAD)" = "$GITHUB_SHA"
2026-09-05T20:51:41.2775238Z [36;1mtest "$(git rev-parse HEAD)" = "$GITHUB_SHA"[0m
2026-09-05T20:51:41.2775786Z [36;1mprintf 'PROJECT_SOURCE_COMMIT=%s GITHUB_RUN_ID=%s GITHUB_RUN_ATTEMPT=%s\n' "$GITHUB_SHA" "$GITHUB_RUN_ID" "$GITHUB_RUN_ATTEMPT"[0m
2026-09-05T20:51:41.2778023Z shell: D:\a\_temp\setup-msys2\msys2.CMD {0}
2026-09-05T20:51:41.2778304Z env:
2026-09-05T20:51:41.2778574Z   OPENFHE_COMMIT: df495ba2e91739a6dc8f1de254fc5a41155ce504
2026-09-05T20:51:41.2778932Z   OPENFHE_PREFIX: C:\openfhe-2023-1788\openfhe-install
2026-09-05T20:51:41.2779228Z   WINDOWS_ROOT: C:\openfhe-2023-1788
2026-09-05T20:51:41.2779534Z   PROJECT_SOURCE: C:\openfhe-2023-1788\cleanroom
2026-09-05T20:51:41.2779841Z   OPENFHE_SOURCE: C:\openfhe-2023-1788\openfhe-src
2026-09-05T20:51:41.2780591Z   OPENFHE_BUILD: C:\openfhe-2023-1788\openfhe-build-33991083281-1
2026-09-05T20:51:41.2781258Z   PROJECT_BUILD: C:\openfhe-2023-1788\project-build-33991083281-1
2026-09-05T20:51:41.2781616Z   MSYSTEM: MINGW64
2026-09-05T20:51:41.2781843Z ##[endgroup]
2026-09-05T20:51:41.4497905Z PROJECT_SOURCE_COMMIT=2fe655d493dcde5f05aa1515f41ca6823bba30bd GITHUB_RUN_ID=33991083281 GITHUB_RUN_ATTEMPT=1
2026-09-05T20:51:41.4659877Z ##[group]Run build="$(cygpath -u "$PROJECT_BUILD")"
2026-09-05T20:51:41.4660510Z [36;1mbuild="$(cygpath -u "$PROJECT_BUILD")"[0m
2026-09-05T20:51:41.4660833Z [36;1mcmake --build "$build" --parallel 2[0m
2026-09-05T20:51:41.4662913Z shell: D:\a\_temp\setup-msys2\msys2.CMD {0}
2026-09-05T20:51:41.4663231Z env:
2026-09-05T20:51:41.4663507Z   OPENFHE_COMMIT: df495ba2e91739a6dc8f1de254fc5a41155ce504
2026-09-05T20:51:41.4663882Z   OPENFHE_PREFIX: C:\openfhe-2023-1788\openfhe-install
2026-09-05T20:51:41.4664210Z   WINDOWS_ROOT: C:\openfhe-2023-1788
2026-09-05T20:51:41.4664718Z   PROJECT_SOURCE: C:\openfhe-2023-1788\cleanroom
2026-09-05T20:51:41.4665064Z   OPENFHE_SOURCE: C:\openfhe-2023-1788\openfhe-src
2026-09-05T20:51:41.4665469Z   OPENFHE_BUILD: C:\openfhe-2023-1788\openfhe-build-33991083281-1
2026-09-05T20:51:41.4665935Z   PROJECT_BUILD: C:\openfhe-2023-1788\project-build-33991083281-1
2026-09-05T20:51:41.4666312Z   MSYSTEM: MINGW64
2026-09-05T20:51:41.4666604Z ##[endgroup]
2026-09-05T20:51:53.0754429Z [1/31] Building CXX object CMakeFiles/openfhe_2023_1788.dir/src/double_ckks.cpp.obj
2026-09-05T20:52:05.2698128Z [2/31] Building CXX object CMakeFiles/openfhe_2023_1788.dir/src/high_precision_client_io.cpp.obj
2026-09-05T20:52:09.6914534Z [3/31] Building CXX object CMakeFiles/openfhe_2023_1788.dir/src/repeated_mult2.cpp.obj
2026-09-05T20:52:13.2367496Z [4/31] Building CXX object CMakeFiles/openfhe_2023_1788.dir/src/paper_h128_client_keypair.cpp.obj
2026-09-05T20:52:13.4480832Z [5/31] Linking CXX static library libopenfhe_2023_1788.a
2026-09-05T20:52:16.3557495Z [6/31] Building CXX object CMakeFiles/tensor2_api_contract_test.dir/tests/tensor2_api_contract_test.cpp.obj
2026-09-05T20:52:27.0578193Z [7/31] Building CXX object CMakeFiles/pair_add_test.dir/tests/pair_add_test.cpp.obj
2026-09-05T20:52:29.4282572Z [8/31] Building CXX object CMakeFiles/dcp_rcb_test.dir/tests/dcp_rcb_test.cpp.obj
2026-09-05T20:52:37.6702096Z [9/31] Building CXX object CMakeFiles/pair_sub_test.dir/tests/pair_sub_test.cpp.obj
2026-09-05T20:52:50.2136973Z [10/31] Building CXX object CMakeFiles/pair_arithmetic_test.dir/tests/pair_arithmetic_test.cpp.obj
2026-09-05T20:52:54.2234299Z [11/31] Building CXX object CMakeFiles/tensor2_test.dir/tests/tensor2_test.cpp.obj
2026-09-05T20:53:12.6987133Z [12/31] Building CXX object CMakeFiles/rs2_test.dir/tests/rs2_test.cpp.obj
2026-09-05T20:53:23.0796423Z [13/31] Building CXX object CMakeFiles/mult2_test.dir/tests/mult2_test.cpp.obj
2026-09-05T20:53:24.9736932Z [14/31] Building CXX object CMakeFiles/relin2_test.dir/tests/relin2_test.cpp.obj
2026-09-05T20:53:43.6258800Z [15/31] Building CXX object CMakeFiles/mult2_e2e_oracle_test.dir/tests/mult2_e2e_oracle_test.cpp.obj
2026-09-05T20:53:45.6982579Z [16/31] Building CXX object CMakeFiles/precision_dcp_rcb_contract_test.dir/tests/precision_dcp_rcb_contract_test.cpp.obj
2026-09-05T20:53:57.6486569Z [17/31] Building CXX object CMakeFiles/precision_dcp_rcb_contract_test.dir/tests/precision_dcp_rcb_fixture.cpp.obj
2026-09-05T20:54:07.6249002Z [18/31] Building CXX object CMakeFiles/precision_first_mult2_contract_test.dir/tests/precision_first_mult2_contract_test.cpp.obj
2026-09-05T20:54:07.9918221Z [19/31] Linking CXX executable dcp_rcb_test.exe
2026-09-05T20:54:08.0732975Z [20/31] Linking CXX executable tensor2_api_contract_test.exe
2026-09-05T20:54:08.4302586Z [21/31] Linking CXX executable pair_add_test.exe
2026-09-05T20:54:08.6891856Z [22/31] Linking CXX executable pair_sub_test.exe
2026-09-05T20:54:09.1236009Z [23/31] Linking CXX executable pair_arithmetic_test.exe
2026-09-05T20:54:09.4630005Z [24/31] Linking CXX executable tensor2_test.exe
2026-09-05T20:54:09.9377970Z [25/31] Linking CXX executable relin2_test.exe
2026-09-05T20:54:10.2352143Z [26/31] Linking CXX executable rs2_test.exe
2026-09-05T20:54:10.8915895Z [27/31] Linking CXX executable mult2_test.exe
2026-09-05T20:54:11.1763368Z [28/31] Linking CXX executable mult2_e2e_oracle_test.exe
2026-09-05T20:54:11.6814064Z [29/31] Linking CXX executable precision_dcp_rcb_contract_test.exe
2026-09-05T20:54:11.8224529Z [30/31] Building CXX object CMakeFiles/precision_first_mult2_contract_test.dir/tests/precision_dcp_rcb_fixture.cpp.obj
2026-09-05T20:54:12.6972860Z [31/31] Linking CXX executable precision_first_mult2_contract_test.exe
2026-09-05T20:54:12.7204026Z ##[group]Run build="$(cygpath -u "$PROJECT_BUILD")"
2026-09-05T20:54:12.7204584Z [36;1mbuild="$(cygpath -u "$PROJECT_BUILD")"[0m
2026-09-05T20:54:12.7204971Z [36;1mcmake --build "$build" --target relin2_api_contract_test --parallel 2[0m
2026-09-05T20:54:12.7207752Z shell: D:\a\_temp\setup-msys2\msys2.CMD {0}
2026-09-05T20:54:12.7208156Z env:
2026-09-05T20:54:12.7208392Z   OPENFHE_COMMIT: df495ba2e91739a6dc8f1de254fc5a41155ce504
2026-09-05T20:54:12.7208708Z   OPENFHE_PREFIX: C:\openfhe-2023-1788\openfhe-install
2026-09-05T20:54:12.7208997Z   WINDOWS_ROOT: C:\openfhe-2023-1788
2026-09-05T20:54:12.7209248Z   PROJECT_SOURCE: C:\openfhe-2023-1788\cleanroom
2026-09-05T20:54:12.7209521Z   OPENFHE_SOURCE: C:\openfhe-2023-1788\openfhe-src
2026-09-05T20:54:12.7209837Z   OPENFHE_BUILD: C:\openfhe-2023-1788\openfhe-build-33991083281-1
2026-09-05T20:54:12.7210182Z   PROJECT_BUILD: C:\openfhe-2023-1788\project-build-33991083281-1
2026-09-05T20:54:12.7210464Z   MSYSTEM: MINGW64
2026-09-05T20:54:12.7210715Z ##[endgroup]
2026-09-05T20:54:15.5258245Z [1/2] Building CXX object CMakeFiles/relin2_api_contract_test.dir/tests/relin2_api_contract_test.cpp.obj
2026-09-05T20:54:15.6184311Z [2/2] Linking CXX executable relin2_api_contract_test.exe
2026-09-05T20:54:15.6415619Z ##[group]Run build="$(cygpath -u "$PROJECT_BUILD")"
2026-09-05T20:54:15.6416044Z [36;1mbuild="$(cygpath -u "$PROJECT_BUILD")"[0m
2026-09-05T20:54:15.6416382Z [36;1mcmake --build "$build" --target rs2_api_contract_test --parallel 2[0m
2026-09-05T20:54:15.6418276Z shell: D:\a\_temp\setup-msys2\msys2.CMD {0}
2026-09-05T20:54:15.6418558Z env:
2026-09-05T20:54:15.6419076Z   OPENFHE_COMMIT: df495ba2e91739a6dc8f1de254fc5a41155ce504
2026-09-05T20:54:15.6419407Z   OPENFHE_PREFIX: C:\openfhe-2023-1788\openfhe-install
2026-09-05T20:54:15.6419740Z   WINDOWS_ROOT: C:\openfhe-2023-1788
2026-09-05T20:54:15.6420046Z   PROJECT_SOURCE: C:\openfhe-2023-1788\cleanroom
2026-09-05T20:54:15.6420531Z   OPENFHE_SOURCE: C:\openfhe-2023-1788\openfhe-src
2026-09-05T20:54:15.6420958Z   OPENFHE_BUILD: C:\openfhe-2023-1788\openfhe-build-33991083281-1
2026-09-05T20:54:15.6421327Z   PROJECT_BUILD: C:\openfhe-2023-1788\project-build-33991083281-1
2026-09-05T20:54:15.6421597Z   MSYSTEM: MINGW64
2026-09-05T20:54:15.6421821Z ##[endgroup]
2026-09-05T20:54:18.3778346Z [1/2] Building CXX object CMakeFiles/rs2_api_contract_test.dir/tests/rs2_api_contract_test.cpp.obj
2026-09-05T20:54:18.4559707Z [2/2] Linking CXX executable rs2_api_contract_test.exe
2026-09-05T20:54:18.4758269Z ##[group]Run prefix="$(cygpath -u "$OPENFHE_PREFIX")"
2026-09-05T20:54:18.4758810Z [36;1mprefix="$(cygpath -u "$OPENFHE_PREFIX")"[0m
2026-09-05T20:54:18.4759092Z [36;1mbuild="$(cygpath -u "$PROJECT_BUILD")"[0m
2026-09-05T20:54:18.4759384Z [36;1mexport PATH="$prefix/bin:$prefix/lib:$PATH"[0m
2026-09-05T20:54:18.4759775Z [36;1mcmake --build "$build" --target precision_first_mult2_contract_test --parallel 2[0m
2026-09-05T20:54:18.4760335Z [36;1mctest --test-dir "$build" --verbose --output-on-failure -R '^precision_first_mult2_high_precision_contract$'[0m
2026-09-05T20:54:18.4762532Z shell: D:\a\_temp\setup-msys2\msys2.CMD {0}
2026-09-05T20:54:18.4762778Z env:
2026-09-05T20:54:18.4763024Z   OPENFHE_COMMIT: df495ba2e91739a6dc8f1de254fc5a41155ce504
2026-09-05T20:54:18.4763368Z   OPENFHE_PREFIX: C:\openfhe-2023-1788\openfhe-install
2026-09-05T20:54:18.4763631Z   WINDOWS_ROOT: C:\openfhe-2023-1788
2026-09-05T20:54:18.4763952Z   PROJECT_SOURCE: C:\openfhe-2023-1788\cleanroom
2026-09-05T20:54:18.4764233Z   OPENFHE_SOURCE: C:\openfhe-2023-1788\openfhe-src
2026-09-05T20:54:18.4764561Z   OPENFHE_BUILD: C:\openfhe-2023-1788\openfhe-build-33991083281-1
2026-09-05T20:54:18.4764906Z   PROJECT_BUILD: C:\openfhe-2023-1788\project-build-33991083281-1
2026-09-05T20:54:18.4765188Z   MSYSTEM: MINGW64
2026-09-05T20:54:18.4765371Z ##[endgroup]
2026-09-05T20:54:18.7035878Z ninja: no work to do.
2026-09-05T20:54:18.7345016Z UpdateCTestConfiguration  from :C:/openfhe-2023-1788/project-build-33991083281-1/DartConfiguration.tcl
2026-09-05T20:54:18.7365199Z Test project C:/openfhe-2023-1788/project-build-33991083281-1
2026-09-05T20:54:18.7944112Z Constructing a list of tests
2026-09-05T20:54:18.7957328Z Done constructing a list of tests
2026-09-05T20:54:18.7957886Z Updating test list for fixtures
2026-09-05T20:54:18.7958498Z Added 0 tests to meet fixture requirements
2026-09-05T20:54:18.7963007Z Checking test dependency graph...
2026-09-05T20:54:18.7963361Z Checking test dependency graph end
2026-09-05T20:54:18.7964607Z test 3
2026-09-05T20:54:18.7965979Z     Start 3: precision_first_mult2_high_precision_contract
2026-09-05T20:54:18.7967028Z 
2026-09-05T20:54:18.7967575Z 3: Test command: C:\openfhe-2023-1788\project-build-33991083281-1\precision_first_mult2_contract_test.exe
2026-09-05T20:54:18.7968122Z 3: Working Directory: C:/openfhe-2023-1788/project-build-33991083281-1
2026-09-05T20:54:18.7969174Z 3: Test timeout computed to be: 10000000
2026-09-05T20:54:19.1291691Z 3: test=precision_first_mult2_high_precision_contract trial=0 claim_scope=first-Mult2-diagnostic-only security_level=HEStd_NotSet(diagnostic-only) key_switch=HYBRID ckks_data_type=COMPLEX N=64 batch=16 depth=7 scaling_mod_size=50 first_mod_size=55 input_scale_numerator=2^100 final_logical_scale_numerator=2^200 final_logical_scale_denominator=1267650600226646386227681786497 q_div=1125899906843009 q_l=1125899906840833 input_product_centered_headroom_bits=160 output_centered_headroom_bits=210 coefficient_error_numerator=112353822108171719167872578441681 coefficient_error_denominator=1267650600226646386227681786497 frozen_abs_tolerance=2^-80 product_delta_error=1.5086681640027958505586794207847780851644e-28 max_slot_error=8.6991504547183954035422706080122615193015e-28
2026-09-05T20:54:19.1301041Z 3: test=precision_first_mult2_high_precision_contract trial=1 claim_scope=first-Mult2-diagnostic-only security_level=HEStd_NotSet(diagnostic-only) key_switch=HYBRID ckks_data_type=COMPLEX N=64 batch=16 depth=7 scaling_mod_size=50 first_mod_size=55 input_scale_numerator=2^100 final_logical_scale_numerator=2^200 final_logical_scale_denominator=1267650600226646386227681786497 q_div=1125899906843009 q_l=1125899906840833 input_product_centered_headroom_bits=160 output_centered_headroom_bits=210 coefficient_error_numerator=66556372773600444467337668569604 coefficient_error_denominator=1267650600226646386227681786497 frozen_abs_tolerance=2^-80 product_delta_error=1.3768186008869939186868847162180886671011e-28 max_slot_error=4.4249865188286501970785405097901348913228e-28
2026-09-05T20:54:19.1307641Z 3: test=precision_first_mult2_high_precision_contract trial=2 claim_scope=first-Mult2-diagnostic-only security_level=HEStd_NotSet(diagnostic-only) key_switch=HYBRID ckks_data_type=COMPLEX N=64 batch=16 depth=7 scaling_mod_size=50 first_mod_size=55 input_scale_numerator=2^100 final_logical_scale_numerator=2^200 final_logical_scale_denominator=1267650600226646386227681786497 q_div=1125899906843009 q_l=1125899906840833 input_product_centered_headroom_bits=160 output_centered_headroom_bits=210 coefficient_error_numerator=133809349777610897793216843375295 coefficient_error_denominator=1267650600226646386227681786497 frozen_abs_tolerance=2^-80 product_delta_error=2.4051625845984817834126911875686901752797e-28 max_slot_error=1.3015634955364248433232477484775380078262e-27
2026-09-05T20:54:19.1313980Z 3: test=precision_first_mult2_high_precision_contract trial=3 claim_scope=first-Mult2-diagnostic-only security_level=HEStd_NotSet(diagnostic-only) key_switch=HYBRID ckks_data_type=COMPLEX N=64 batch=16 depth=7 scaling_mod_size=50 first_mod_size=55 input_scale_numerator=2^100 final_logical_scale_numerator=2^200 final_logical_scale_denominator=1267650600226646386227681786497 q_div=1125899906843009 q_l=1125899906840833 input_product_centered_headroom_bits=160 output_centered_headroom_bits=210 coefficient_error_numerator=195380475578073499186889012915465 coefficient_error_denominator=1267650600226646386227681786497 frozen_abs_tolerance=2^-80 product_delta_error=6.6443335057428790911691280061047108866554e-29 max_slot_error=6.9649843172949540911819217796883881023317e-28
2026-09-05T20:54:19.1316137Z 3: precision_first_mult2_high_precision_contract=PASS
2026-09-05T20:54:19.1318446Z 1/1 Test #3: precision_first_mult2_high_precision_contract ...   Passed    0.33 sec
2026-09-05T20:54:19.1331420Z 
2026-09-05T20:54:19.1331929Z The following tests passed:
2026-09-05T20:54:19.1332556Z 	precision_first_mult2_high_precision_contract
2026-09-05T20:54:19.1332889Z 
2026-09-05T20:54:19.1333082Z 100% tests passed out of 1
2026-09-05T20:54:19.1333276Z 
2026-09-05T20:54:19.1333377Z Total Test time (real) =   0.34 sec
2026-09-05T20:54:19.1566890Z ##[group]Run prefix="$(cygpath -u "$OPENFHE_PREFIX")"
2026-09-05T20:54:19.1567477Z [36;1mprefix="$(cygpath -u "$OPENFHE_PREFIX")"[0m
2026-09-05T20:54:19.1567928Z [36;1mbuild="$(cygpath -u "$PROJECT_BUILD")"[0m
2026-09-05T20:54:19.1568371Z [36;1mexport PATH="$prefix/bin:$prefix/lib:$PATH"[0m
2026-09-05T20:54:19.1569151Z [36;1mctest --test-dir "$build" --verbose --output-on-failure -R '^mult2_pair_(add|sub)_input_hybrid_complex$'[0m
2026-09-05T20:54:19.1571585Z shell: D:\a\_temp\setup-msys2\msys2.CMD {0}
2026-09-05T20:54:19.1571951Z env:
2026-09-05T20:54:19.1572309Z   OPENFHE_COMMIT: df495ba2e91739a6dc8f1de254fc5a41155ce504
2026-09-05T20:54:19.1572844Z   OPENFHE_PREFIX: C:\openfhe-2023-1788\openfhe-install
2026-09-05T20:54:19.1573260Z   WINDOWS_ROOT: C:\openfhe-2023-1788
2026-09-05T20:54:19.1573641Z   PROJECT_SOURCE: C:\openfhe-2023-1788\cleanroom
2026-09-05T20:54:19.1574074Z   OPENFHE_SOURCE: C:\openfhe-2023-1788\openfhe-src
2026-09-05T20:54:19.1574686Z   OPENFHE_BUILD: C:\openfhe-2023-1788\openfhe-build-33991083281-1
2026-09-05T20:54:19.1575277Z   PROJECT_BUILD: C:\openfhe-2023-1788\project-build-33991083281-1
2026-09-05T20:54:19.1575740Z   MSYSTEM: MINGW64
2026-09-05T20:54:19.1576044Z ##[endgroup]
2026-09-05T20:54:19.3686141Z UpdateCTestConfiguration  from :C:/openfhe-2023-1788/project-build-33991083281-1/DartConfiguration.tcl
2026-09-05T20:54:19.3705833Z Test project C:/openfhe-2023-1788/project-build-33991083281-1
2026-09-05T20:54:19.3725346Z Constructing a list of tests
2026-09-05T20:54:19.3736882Z Done constructing a list of tests
2026-09-05T20:54:19.3737267Z Updating test list for fixtures
2026-09-05T20:54:19.3737655Z Added 0 tests to meet fixture requirements
2026-09-05T20:54:19.3741833Z Checking test dependency graph...
2026-09-05T20:54:19.3742545Z Checking test dependency graph end
2026-09-05T20:54:19.3743013Z test 56
2026-09-05T20:54:19.3743326Z     Start 56: mult2_pair_add_input_hybrid_complex
2026-09-05T20:54:19.3744316Z 
2026-09-05T20:54:19.3744854Z 56: Test command: C:\openfhe-2023-1788\project-build-33991083281-1\mult2_e2e_oracle_test.exe "pair_add_input_hybrid_complex"
2026-09-05T20:54:19.3745739Z 56: Working Directory: C:/openfhe-2023-1788/project-build-33991083281-1
2026-09-05T20:54:19.3746245Z 56: Test timeout computed to be: 10000000
2026-09-05T20:54:19.4774788Z 56: [RELIN2-EXECUTION] q_div=1073741953 q_l=1073741441 ordinary_combined_relin_execution_error=15 pair_relin_execution_error=22 high_path_relin_error=13 low_path_relin_error=12 execution_relin2_triangle_bound=25 paper_additivity_residual=16 paper_additivity_execution_observed=true secret_h=44 input_Q_l=52656049226897061758347970843194892279389197066160739197584863617 oracle_basis_agreement=true
2026-09-05T20:54:19.4782595Z 56: case=pair_add_input_hybrid_complex security_level=HEStd_NotSet(functional-only) key_switch=HYBRID secret_key_dist=UNIFORM_TERNARY ckks_data_type=COMPLEX selected_ring_dimension=64 actual_N=64 batch_size=16 host_vector_length=8 encoding_noise_scale_degree=2 encoding_level=0 scaling_technique=FIXEDMANUAL digit_size=0 max_relin_sk_deg=2 scaling_mod_size=30 first_mod_size=35 multiplicative_depth=7 active_Q_l_towers=7 Q_l_bits=215 preselection_required_bits=174 selection_reserve_bits=32 q_div=1073741953 q_l=1073741441 ratio_2^(2p)/(q_div*q_l)=1.00000023655603276 descriptor_ratio=1.00000023655603276 M_high=89261194 M_low=5998935189 secret_h=44 ordinary_combined_relin_execution_error=15 pair_relin_execution_error=22 high_path_relin_error=13 low_path_relin_error=12 execution_relin2_triangle_bound=25 paper_additivity_residual=16 paper_additivity_execution_observed=true execution_certificate=PER_PATH_CONDITIONAL conservative_E_Relin_available=false universal_theorem_gate=UNPROVED execution_nonwrap_left=587902431362244605111655681100738649 execution_nonwrap_right_Q_l_over_2=26328024613448530879173985421597446139694598533080369598792431808 coefficient_error=143052849104405011260/1152921231876374273 execution_bound=4658246050921399552223/2305842463752748546 fixed_key_bv_bound_available=false frozen_decoded_abs_tolerance=0.00100000000000000002 measured_recorded_bias_error=6.60321982053835365e-10 measured_logical_slot_error=6.60321825850723221e-10
2026-09-05T20:54:19.5073512Z 1/2 Test #56: mult2_pair_add_input_hybrid_complex ...   Passed    0.10 sec
2026-09-05T20:54:19.5080498Z test 57
2026-09-05T20:54:19.5080988Z     Start 57: mult2_pair_sub_input_hybrid_complex
2026-09-05T20:54:19.5081301Z 
2026-09-05T20:54:19.5081857Z 57: Test command: C:\openfhe-2023-1788\project-build-33991083281-1\mult2_e2e_oracle_test.exe "pair_sub_input_hybrid_complex"
2026-09-05T20:54:19.5082808Z 57: Working Directory: C:/openfhe-2023-1788/project-build-33991083281-1
2026-09-05T20:54:19.5083435Z 57: Test timeout computed to be: 10000000
2026-09-05T20:54:19.5923899Z 57: [RELIN2-EXECUTION] q_div=1073741953 q_l=1073741441 ordinary_combined_relin_execution_error=19 pair_relin_execution_error=31 high_path_relin_error=17 low_path_relin_error=18 execution_relin2_triangle_bound=35 paper_additivity_residual=19 paper_additivity_execution_observed=true secret_h=47 input_Q_l=52656049226897061758347970843194892279389197066160739197584863617 oracle_basis_agreement=true
2026-09-05T20:54:19.5930422Z 57: case=pair_sub_input_hybrid_complex security_level=HEStd_NotSet(functional-only) key_switch=HYBRID secret_key_dist=UNIFORM_TERNARY ckks_data_type=COMPLEX selected_ring_dimension=64 actual_N=64 batch_size=16 host_vector_length=8 encoding_noise_scale_degree=2 encoding_level=0 scaling_technique=FIXEDMANUAL digit_size=0 max_relin_sk_deg=2 scaling_mod_size=30 first_mod_size=35 multiplicative_depth=7 active_Q_l_towers=7 Q_l_bits=215 preselection_required_bits=174 selection_reserve_bits=32 q_div=1073741953 q_l=1073741441 ratio_2^(2p)/(q_div*q_l)=1.00000023655603276 descriptor_ratio=1.00000023655603276 M_high=89261192 M_low=7516193697 secret_h=47 ordinary_combined_relin_execution_error=19 pair_relin_execution_error=31 high_path_relin_error=17 low_path_relin_error=18 execution_relin2_triangle_bound=35 paper_additivity_residual=19 paper_additivity_execution_observed=true execution_certificate=PER_PATH_CONDITIONAL conservative_E_Relin_available=false universal_theorem_gate=UNPROVED execution_nonwrap_left=587902423630660036848620893457851491 execution_nonwrap_right_Q_l_over_2=26328024613448530879173985421597446139694598533080369598792431808 coefficient_error=130794533979043727881/1152921231876374273 execution_bound=7286465683630511461366/2305842463752748546 fixed_key_bv_bound_available=false frozen_decoded_abs_tolerance=0.00100000000000000002 measured_recorded_bias_error=8.52649081381532227e-10 measured_logical_slot_error=8.52648878337698071e-10
2026-09-05T20:54:19.5941987Z 2/2 Test #57: mult2_pair_sub_input_hybrid_complex ...   Passed    0.09 sec
2026-09-05T20:54:19.5960069Z 
2026-09-05T20:54:19.5960390Z The following tests passed:
2026-09-05T20:54:19.5961236Z 	mult2_pair_add_input_hybrid_complex
2026-09-05T20:54:19.5962305Z 	mult2_pair_sub_input_hybrid_complex
2026-09-05T20:54:19.5962667Z 
2026-09-05T20:54:19.5962915Z 100% tests passed out of 2
2026-09-05T20:54:19.5963457Z 
2026-09-05T20:54:19.5963906Z Total Test time (real) =   0.22 sec
2026-09-05T20:54:19.6182909Z ##[group]Run prefix="$(cygpath -u "$OPENFHE_PREFIX")"
2026-09-05T20:54:19.6183347Z [36;1mprefix="$(cygpath -u "$OPENFHE_PREFIX")"[0m
2026-09-05T20:54:19.6183646Z [36;1mbuild="$(cygpath -u "$PROJECT_BUILD")"[0m
2026-09-05T20:54:19.6183947Z [36;1mexport PATH="$prefix/bin:$prefix/lib:$PATH"[0m
2026-09-05T20:54:19.6184722Z [36;1mctest --test-dir "$build" --show-only=json-v1 -E '^(precision_client_io_first_mult2_contract|repeated_mult2_semantic_two_square_contract|paper_h128_client_keypair_contract|paper_full_eight_square_contract)$'[0m
2026-09-05T20:54:19.6186149Z [36;1mctest --test-dir "$build" --verbose --output-on-failure -E '^(precision_client_io_first_mult2_contract|repeated_mult2_semantic_two_square_contract|paper_h128_client_keypair_contract|paper_full_eight_square_contract)$'[0m
2026-09-05T20:54:19.6188791Z shell: D:\a\_temp\setup-msys2\msys2.CMD {0}
2026-09-05T20:54:19.6189055Z env:
2026-09-05T20:54:19.6189362Z   OPENFHE_COMMIT: df495ba2e91739a6dc8f1de254fc5a41155ce504
2026-09-05T20:54:19.6189713Z   OPENFHE_PREFIX: C:\openfhe-2023-1788\openfhe-install
2026-09-05T20:54:19.6190000Z   WINDOWS_ROOT: C:\openfhe-2023-1788
2026-09-05T20:54:19.6190265Z   PROJECT_SOURCE: C:\openfhe-2023-1788\cleanroom
2026-09-05T20:54:19.6190558Z   OPENFHE_SOURCE: C:\openfhe-2023-1788\openfhe-src
2026-09-05T20:54:19.6190888Z   OPENFHE_BUILD: C:\openfhe-2023-1788\openfhe-build-33991083281-1
2026-09-05T20:54:19.6191255Z   PROJECT_BUILD: C:\openfhe-2023-1788\project-build-33991083281-1
2026-09-05T20:54:19.6191552Z   MSYSTEM: MINGW64
2026-09-05T20:54:19.6191743Z ##[endgroup]
2026-09-05T20:54:19.8415428Z {
2026-09-05T20:54:19.8415764Z   "backtraceGraph" : 
2026-09-05T20:54:19.8416099Z   {
2026-09-05T20:54:19.8416575Z     "commands" : 
2026-09-05T20:54:19.8416873Z     [
2026-09-05T20:54:19.8417154Z       "add_test"
2026-09-05T20:54:19.8417537Z     ],
2026-09-05T20:54:19.8417806Z     "files" : 
2026-09-05T20:54:19.8418098Z     [
2026-09-05T20:54:19.8418535Z       "C:/openfhe-2023-1788/cleanroom/CMakeLists.txt"
2026-09-05T20:54:19.8419002Z     ],
2026-09-05T20:54:19.8419357Z     "nodes" : 
2026-09-05T20:54:19.8419614Z     [
2026-09-05T20:54:19.8419865Z       {
2026-09-05T20:54:19.8421011Z         "file" : 0
2026-09-05T20:54:19.8421496Z       },
2026-09-05T20:54:19.8421807Z       {
2026-09-05T20:54:19.8422267Z         "command" : 0,
2026-09-05T20:54:19.8422651Z         "file" : 0,
2026-09-05T20:54:19.8422987Z         "line" : 190,
2026-09-05T20:54:19.8423299Z         "parent" : 0
2026-09-05T20:54:19.8423632Z       },
2026-09-05T20:54:19.8423936Z       {
2026-09-05T20:54:19.8424198Z         "file" : 0
2026-09-05T20:54:19.8424506Z       },
2026-09-05T20:54:19.8424762Z       {
2026-09-05T20:54:19.8425025Z         "command" : 0,
2026-09-05T20:54:19.8425334Z         "file" : 0,
2026-09-05T20:54:19.8425636Z         "line" : 191,
2026-09-05T20:54:19.8425925Z         "parent" : 2
2026-09-05T20:54:19.8426209Z       },
2026-09-05T20:54:19.8426463Z       {
2026-09-05T20:54:19.8426730Z         "file" : 0
2026-09-05T20:54:19.8427029Z       },
2026-09-05T20:54:19.8427275Z       {
2026-09-05T20:54:19.8427545Z         "command" : 0,
2026-09-05T20:54:19.8427846Z         "file" : 0,
2026-09-05T20:54:19.8428166Z         "line" : 193,
2026-09-05T20:54:19.8428466Z         "parent" : 4
2026-09-05T20:54:19.8428775Z       },
2026-09-05T20:54:19.8429076Z       {
2026-09-05T20:54:19.8429344Z         "file" : 0
2026-09-05T20:54:19.8429635Z       },
2026-09-05T20:54:19.8429888Z       {
2026-09-05T20:54:19.8430128Z         "command" : 0,
2026-09-05T20:54:19.8430416Z         "file" : 0,
2026-09-05T20:54:19.8430707Z         "line" : 195,
2026-09-05T20:54:19.8431009Z         "parent" : 6
2026-09-05T20:54:19.8431311Z       },
2026-09-05T20:54:19.8431573Z       {
2026-09-05T20:54:19.8431833Z         "file" : 0
2026-09-05T20:54:19.8432103Z       },
2026-09-05T20:54:19.8432370Z       {
2026-09-05T20:54:19.8432647Z         "command" : 0,
2026-09-05T20:54:19.8434824Z         "file" : 0,
2026-09-05T20:54:19.8435177Z         "line" : 196,
2026-09-05T20:54:19.8435369Z         "parent" : 8
2026-09-05T20:54:19.8435555Z       },
2026-09-05T20:54:19.8435716Z       {
2026-09-05T20:54:19.8435876Z         "file" : 0
2026-09-05T20:54:19.8436052Z       },
2026-09-05T20:54:19.8436209Z       {
2026-09-05T20:54:19.8436370Z         "command" : 0,
2026-09-05T20:54:19.8436566Z         "file" : 0,
2026-09-05T20:54:19.8436872Z         "line" : 197,
2026-09-05T20:54:19.8437150Z         "parent" : 10
2026-09-05T20:54:19.8437619Z       },
2026-09-05T20:54:19.8437940Z       {
2026-09-05T20:54:19.8438107Z         "file" : 0
2026-09-05T20:54:19.8438292Z       },
2026-09-05T20:54:19.8438465Z       {
2026-09-05T20:54:19.8438638Z         "command" : 0,
2026-09-05T20:54:19.8438837Z         "file" : 0,
2026-09-05T20:54:19.8439027Z         "line" : 198,
2026-09-05T20:54:19.8439223Z         "parent" : 12
2026-09-05T20:54:19.8439406Z       },
2026-09-05T20:54:19.8439569Z       {
2026-09-05T20:54:19.8439758Z         "file" : 0
2026-09-05T20:54:19.8439936Z       },
2026-09-05T20:54:19.8440096Z       {
2026-09-05T20:54:19.8440270Z         "command" : 0,
2026-09-05T20:54:19.8440462Z         "file" : 0,
2026-09-05T20:54:19.8440650Z         "line" : 200,
2026-09-05T20:54:19.8440837Z         "parent" : 14
2026-09-05T20:54:19.8441429Z       },
2026-09-05T20:54:19.8441993Z       {
2026-09-05T20:54:19.8442275Z         "file" : 0
2026-09-05T20:54:19.8442565Z       },
2026-09-05T20:54:19.8442809Z       {
2026-09-05T20:54:19.8443076Z         "command" : 0,
2026-09-05T20:54:19.8443397Z         "file" : 0,
2026-09-05T20:54:19.8443681Z         "line" : 202,
2026-09-05T20:54:19.8443982Z         "parent" : 16
2026-09-05T20:54:19.8444256Z       },
2026-09-05T20:54:19.8444496Z       {
2026-09-05T20:54:19.8444730Z         "file" : 0
2026-09-05T20:54:19.8445003Z       },
2026-09-05T20:54:19.8445240Z       {
2026-09-05T20:54:19.8445496Z         "command" : 0,
2026-09-05T20:54:19.8445786Z         "file" : 0,
2026-09-05T20:54:19.8446353Z         "line" : 203,
2026-09-05T20:54:19.8446660Z         "parent" : 18
2026-09-05T20:54:19.8447160Z       },
2026-09-05T20:54:19.8447387Z       {
2026-09-05T20:54:19.8447614Z         "file" : 0
2026-09-05T20:54:19.8447862Z       },
2026-09-05T20:54:19.8448096Z       {
2026-09-05T20:54:19.8448327Z         "command" : 0,
2026-09-05T20:54:19.8448597Z         "file" : 0,
2026-09-05T20:54:19.8448875Z         "line" : 204,
2026-09-05T20:54:19.8449139Z         "parent" : 20
2026-09-05T20:54:19.8449416Z       },
2026-09-05T20:54:19.8449623Z       {
2026-09-05T20:54:19.8449838Z         "file" : 0
2026-09-05T20:54:19.8450066Z       },
2026-09-05T20:54:19.8450307Z       {
2026-09-05T20:54:19.8450540Z         "command" : 0,
2026-09-05T20:54:19.8450816Z         "file" : 0,
2026-09-05T20:54:19.8451078Z         "line" : 205,
2026-09-05T20:54:19.8451365Z         "parent" : 22
2026-09-05T20:54:19.8451625Z       },
2026-09-05T20:54:19.8451839Z       {
2026-09-05T20:54:19.8452108Z         "file" : 0
2026-09-05T20:54:19.8452345Z       },
2026-09-05T20:54:19.8452563Z       {
2026-09-05T20:54:19.8452801Z         "command" : 0,
2026-09-05T20:54:19.8453085Z         "file" : 0,
2026-09-05T20:54:19.8453336Z         "line" : 206,
2026-09-05T20:54:19.8453608Z         "parent" : 24
2026-09-05T20:54:19.8453882Z       },
2026-09-05T20:54:19.8454123Z       {
2026-09-05T20:54:19.8454357Z         "file" : 0
2026-09-05T20:54:19.8454612Z       },
2026-09-05T20:54:19.8454844Z       {
2026-09-05T20:54:19.8455078Z         "command" : 0,
2026-09-05T20:54:19.8455349Z         "file" : 0,
2026-09-05T20:54:19.8455624Z         "line" : 207,
2026-09-05T20:54:19.8455902Z         "parent" : 26
2026-09-05T20:54:19.8456161Z       },
2026-09-05T20:54:19.8456399Z       {
2026-09-05T20:54:19.8456634Z         "file" : 0
2026-09-05T20:54:19.8457245Z       },
2026-09-05T20:54:19.8457577Z       {
2026-09-05T20:54:19.8458357Z         "command" : 0,
2026-09-05T20:54:19.8459520Z         "file" : 0,
2026-09-05T20:54:19.8459729Z         "line" : 208,
2026-09-05T20:54:19.8459924Z         "parent" : 28
2026-09-05T20:54:19.8460117Z       },
2026-09-05T20:54:19.8460286Z       {
2026-09-05T20:54:19.8460458Z         "file" : 0
2026-09-05T20:54:19.8460641Z       },
2026-09-05T20:54:19.8460821Z       {
2026-09-05T20:54:19.8460991Z         "command" : 0,
2026-09-05T20:54:19.8461184Z         "file" : 0,
2026-09-05T20:54:19.8461367Z         "line" : 209,
2026-09-05T20:54:19.8461558Z         "parent" : 30
2026-09-05T20:54:19.8461853Z       },
2026-09-05T20:54:19.8462019Z       {
2026-09-05T20:54:19.8462185Z         "file" : 0
2026-09-05T20:54:19.8462362Z       },
2026-09-05T20:54:19.8462529Z       {
2026-09-05T20:54:19.8462699Z         "command" : 0,
2026-09-05T20:54:19.8462898Z         "file" : 0,
2026-09-05T20:54:19.8463104Z         "line" : 210,
2026-09-05T20:54:19.8463295Z         "parent" : 32
2026-09-05T20:54:19.8463480Z       },
2026-09-05T20:54:19.8463639Z       {
2026-09-05T20:54:19.8463805Z         "file" : 0
2026-09-05T20:54:19.8463988Z       },
2026-09-05T20:54:19.8464157Z       {
2026-09-05T20:54:19.8464328Z         "command" : 0,
2026-09-05T20:54:19.8464521Z         "file" : 0,
2026-09-05T20:54:19.8464711Z         "line" : 211,
2026-09-05T20:54:19.8464898Z         "parent" : 34
2026-09-05T20:54:19.8465082Z       },
2026-09-05T20:54:19.8465244Z       {
2026-09-05T20:54:19.8465423Z         "file" : 0
2026-09-05T20:54:19.8465601Z       },
2026-09-05T20:54:19.8465761Z       {
2026-09-05T20:54:19.8465928Z         "command" : 0,
2026-09-05T20:54:19.8466119Z         "file" : 0,
2026-09-05T20:54:19.8466299Z         "line" : 212,
2026-09-05T20:54:19.8466484Z         "parent" : 36
2026-09-05T20:54:19.8466669Z       },
2026-09-05T20:54:19.8466830Z       {
2026-09-05T20:54:19.8466989Z         "file" : 0
2026-09-05T20:54:19.8467167Z       },
2026-09-05T20:54:19.8467325Z       {
2026-09-05T20:54:19.8467492Z         "command" : 0,
2026-09-05T20:54:19.8467701Z         "file" : 0,
2026-09-05T20:54:19.8467880Z         "line" : 213,
2026-09-05T20:54:19.8468067Z         "parent" : 38
2026-09-05T20:54:19.8468252Z       },
2026-09-05T20:54:19.8468413Z       {
2026-09-05T20:54:19.8468578Z         "file" : 0
2026-09-05T20:54:19.8468758Z       },
2026-09-05T20:54:19.8468921Z       {
2026-09-05T20:54:19.8469090Z         "command" : 0,
2026-09-05T20:54:19.8469278Z         "file" : 0,
2026-09-05T20:54:19.8469463Z         "line" : 214,
2026-09-05T20:54:19.8469651Z         "parent" : 40
2026-09-05T20:54:19.8469852Z       },
2026-09-05T20:54:19.8470014Z       {
2026-09-05T20:54:19.8470178Z         "file" : 0
2026-09-05T20:54:19.8470361Z       },
2026-09-05T20:54:19.8470518Z       {
2026-09-05T20:54:19.8470687Z         "command" : 0,
2026-09-05T20:54:19.8470877Z         "file" : 0,
2026-09-05T20:54:19.8471061Z         "line" : 215,
2026-09-05T20:54:19.8471254Z         "parent" : 42
2026-09-05T20:54:19.8471442Z       },
2026-09-05T20:54:19.8471608Z       {
2026-09-05T20:54:19.8471784Z         "file" : 0
2026-09-05T20:54:19.8471968Z       },
2026-09-05T20:54:19.8472149Z       {
2026-09-05T20:54:19.8472319Z         "command" : 0,
2026-09-05T20:54:19.8472507Z         "file" : 0,
2026-09-05T20:54:19.8472696Z         "line" : 216,
2026-09-05T20:54:19.8472882Z         "parent" : 44
2026-09-05T20:54:19.8473065Z       },
2026-09-05T20:54:19.8473232Z       {
2026-09-05T20:54:19.8473977Z         "file" : 0
2026-09-05T20:54:19.8474219Z       },
2026-09-05T20:54:19.8474383Z       {
2026-09-05T20:54:19.8474564Z         "command" : 0,
2026-09-05T20:54:19.8474761Z         "file" : 0,
2026-09-05T20:54:19.8474966Z         "line" : 217,
2026-09-05T20:54:19.8475156Z         "parent" : 46
2026-09-05T20:54:19.8475336Z       },
2026-09-05T20:54:19.8475498Z       {
2026-09-05T20:54:19.8475662Z         "file" : 0
2026-09-05T20:54:19.8475845Z       },
2026-09-05T20:54:19.8476011Z       {
2026-09-05T20:54:19.8476178Z         "command" : 0,
2026-09-05T20:54:19.8476555Z         "file" : 0,
2026-09-05T20:54:19.8476745Z         "line" : 218,
2026-09-05T20:54:19.8476934Z         "parent" : 48
2026-09-05T20:54:19.8477119Z       },
2026-09-05T20:54:19.8477285Z       {
2026-09-05T20:54:19.8477503Z         "file" : 0
2026-09-05T20:54:19.8477731Z       },
2026-09-05T20:54:19.8477907Z       {
2026-09-05T20:54:19.8478076Z         "command" : 0,
2026-09-05T20:54:19.8478270Z         "file" : 0,
2026-09-05T20:54:19.8478452Z         "line" : 219,
2026-09-05T20:54:19.8478646Z         "parent" : 50
2026-09-05T20:54:19.8478930Z       },
2026-09-05T20:54:19.8479094Z       {
2026-09-05T20:54:19.8479255Z         "file" : 0
2026-09-05T20:54:19.8479433Z       },
2026-09-05T20:54:19.8479594Z       {
2026-09-05T20:54:19.8479778Z         "command" : 0,
2026-09-05T20:54:19.8479972Z         "file" : 0,
2026-09-05T20:54:19.8480163Z         "line" : 220,
2026-09-05T20:54:19.8480351Z         "parent" : 52
2026-09-05T20:54:19.8480535Z       },
2026-09-05T20:54:19.8480697Z       {
2026-09-05T20:54:19.8480868Z         "file" : 0
2026-09-05T20:54:19.8481046Z       },
2026-09-05T20:54:19.8481208Z       {
2026-09-05T20:54:19.8481449Z         "command" : 0,
2026-09-05T20:54:19.8481756Z         "file" : 0,
2026-09-05T20:54:19.8482024Z         "line" : 221,
2026-09-05T20:54:19.8482852Z         "parent" : 54
2026-09-05T20:54:19.8483311Z       },
2026-09-05T20:54:19.8483558Z       {
2026-09-05T20:54:19.8483790Z         "file" : 0
2026-09-05T20:54:19.8484050Z       },
2026-09-05T20:54:19.8484275Z       {
2026-09-05T20:54:19.8484548Z         "command" : 0,
2026-09-05T20:54:19.8484840Z         "file" : 0,
2026-09-05T20:54:19.8485121Z         "line" : 222,
2026-09-05T20:54:19.8485414Z         "parent" : 56
2026-09-05T20:54:19.8485676Z       },
2026-09-05T20:54:19.8485914Z       {
2026-09-05T20:54:19.8486152Z         "file" : 0
2026-09-05T20:54:19.8486453Z       },
2026-09-05T20:54:19.8486697Z       {
2026-09-05T20:54:19.8486955Z         "command" : 0,
2026-09-05T20:54:19.8487261Z         "file" : 0,
2026-09-05T20:54:19.8487539Z         "line" : 223,
2026-09-05T20:54:19.8487829Z         "parent" : 58
2026-09-05T20:54:19.8488109Z       },
2026-09-05T20:54:19.8488346Z       {
2026-09-05T20:54:19.8488590Z         "file" : 0
2026-09-05T20:54:19.8488856Z       },
2026-09-05T20:54:19.8489120Z       {
2026-09-05T20:54:19.8489373Z         "command" : 0,
2026-09-05T20:54:19.8489670Z         "file" : 0,
2026-09-05T20:54:19.8489954Z         "line" : 224,
2026-09-05T20:54:19.8490247Z         "parent" : 60
2026-09-05T20:54:19.8490533Z       },
2026-09-05T20:54:19.8490762Z       {
2026-09-05T20:54:19.8490995Z         "file" : 0
2026-09-05T20:54:19.8491255Z       },
2026-09-05T20:54:19.8491494Z       {
2026-09-05T20:54:19.8491699Z         "command" : 0,
2026-09-05T20:54:19.8491987Z         "file" : 0,
2026-09-05T20:54:19.8492272Z         "line" : 225,
2026-09-05T20:54:19.8492562Z         "parent" : 62
2026-09-05T20:54:19.8492906Z       },
2026-09-05T20:54:19.8493230Z       {
2026-09-05T20:54:19.8493532Z         "file" : 0
2026-09-05T20:54:19.8493851Z       },
2026-09-05T20:54:19.8494139Z       {
2026-09-05T20:54:19.8494453Z         "command" : 0,
2026-09-05T20:54:19.8494760Z         "file" : 0,
2026-09-05T20:54:19.8495105Z         "line" : 226,
2026-09-05T20:54:19.8495425Z         "parent" : 64
2026-09-05T20:54:19.8495747Z       },
2026-09-05T20:54:19.8496047Z       {
2026-09-05T20:54:19.8496348Z         "file" : 0
2026-09-05T20:54:19.8496625Z       },
2026-09-05T20:54:19.8496856Z       {
2026-09-05T20:54:19.8497148Z         "command" : 0,
2026-09-05T20:54:19.8497340Z         "file" : 0,
2026-09-05T20:54:19.8497519Z         "line" : 227,
2026-09-05T20:54:19.8497705Z         "parent" : 66
2026-09-05T20:54:19.8497892Z       },
2026-09-05T20:54:19.8498057Z       {
2026-09-05T20:54:19.8498225Z         "file" : 0
2026-09-05T20:54:19.8498405Z       },
2026-09-05T20:54:19.8498566Z       {
2026-09-05T20:54:19.8498730Z         "command" : 0,
2026-09-05T20:54:19.8499133Z         "file" : 0,
2026-09-05T20:54:19.8499329Z         "line" : 228,
2026-09-05T20:54:19.8499543Z         "parent" : 68
2026-09-05T20:54:19.8499734Z       },
2026-09-05T20:54:19.8499901Z       {
2026-09-05T20:54:19.8500073Z         "file" : 0
2026-09-05T20:54:19.8500258Z       },
2026-09-05T20:54:19.8500428Z       {
2026-09-05T20:54:19.8500600Z         "command" : 0,
2026-09-05T20:54:19.8500789Z         "file" : 0,
2026-09-05T20:54:19.8500969Z         "line" : 229,
2026-09-05T20:54:19.8501151Z         "parent" : 70
2026-09-05T20:54:19.8501439Z       },
2026-09-05T20:54:19.8501603Z       {
2026-09-05T20:54:19.8501786Z         "file" : 0
2026-09-05T20:54:19.8501961Z       },
2026-09-05T20:54:19.8502123Z       {
2026-09-05T20:54:19.8502288Z         "command" : 0,
2026-09-05T20:54:19.8502481Z         "file" : 0,
2026-09-05T20:54:19.8502662Z         "line" : 230,
2026-09-05T20:54:19.8502852Z         "parent" : 72
2026-09-05T20:54:19.8503035Z       },
2026-09-05T20:54:19.8503196Z       {
2026-09-05T20:54:19.8503361Z         "file" : 0
2026-09-05T20:54:19.8503534Z       },
2026-09-05T20:54:19.8503695Z       {
2026-09-05T20:54:19.8503860Z         "command" : 0,
2026-09-05T20:54:19.8504065Z         "file" : 0,
2026-09-05T20:54:19.8504246Z         "line" : 231,
2026-09-05T20:54:19.8504432Z         "parent" : 74
2026-09-05T20:54:19.8504612Z       },
2026-09-05T20:54:19.8504771Z       {
2026-09-05T20:54:19.8504931Z         "file" : 0
2026-09-05T20:54:19.8505102Z       },
2026-09-05T20:54:19.8505261Z       {
2026-09-05T20:54:19.8505426Z         "command" : 0,
2026-09-05T20:54:19.8505613Z         "file" : 0,
2026-09-05T20:54:19.8505794Z         "line" : 232,
2026-09-05T20:54:19.8505985Z         "parent" : 76
2026-09-05T20:54:19.8506185Z       },
2026-09-05T20:54:19.8506348Z       {
2026-09-05T20:54:19.8506510Z         "file" : 0
2026-09-05T20:54:19.8506686Z       },
2026-09-05T20:54:19.8506848Z       {
2026-09-05T20:54:19.8507015Z         "command" : 0,
2026-09-05T20:54:19.8507213Z         "file" : 0,
2026-09-05T20:54:19.8507391Z         "line" : 233,
2026-09-05T20:54:19.8507575Z         "parent" : 78
2026-09-05T20:54:19.8507758Z       },
2026-09-05T20:54:19.8507917Z       {
2026-09-05T20:54:19.8508082Z         "file" : 0
2026-09-05T20:54:19.8508261Z       },
2026-09-05T20:54:19.8508436Z       {
2026-09-05T20:54:19.8508601Z         "command" : 0,
2026-09-05T20:54:19.8508792Z         "file" : 0,
2026-09-05T20:54:19.8508973Z         "line" : 234,
2026-09-05T20:54:19.8509161Z         "parent" : 80
2026-09-05T20:54:19.8509348Z       },
2026-09-05T20:54:19.8509509Z       {
2026-09-05T20:54:19.8509675Z         "file" : 0
2026-09-05T20:54:19.8509848Z       },
2026-09-05T20:54:19.8510009Z       {
2026-09-05T20:54:19.8510172Z         "command" : 0,
2026-09-05T20:54:19.8510364Z         "file" : 0,
2026-09-05T20:54:19.8510544Z         "line" : 235,
2026-09-05T20:54:19.8510742Z         "parent" : 82
2026-09-05T20:54:19.8510923Z       },
2026-09-05T20:54:19.8511082Z       {
2026-09-05T20:54:19.8511246Z         "file" : 0
2026-09-05T20:54:19.8511424Z       },
2026-09-05T20:54:19.8511582Z       {
2026-09-05T20:54:19.8511747Z         "command" : 0,
2026-09-05T20:54:19.8511938Z         "file" : 0,
2026-09-05T20:54:19.8512119Z         "line" : 236,
2026-09-05T20:54:19.8512303Z         "parent" : 84
2026-09-05T20:54:19.8512489Z       },
2026-09-05T20:54:19.8512649Z       {
2026-09-05T20:54:19.8512828Z         "file" : 0
2026-09-05T20:54:19.8513005Z       },
2026-09-05T20:54:19.8513167Z       {
2026-09-05T20:54:19.8513340Z         "command" : 0,
2026-09-05T20:54:19.8513535Z         "file" : 0,
2026-09-05T20:54:19.8513721Z         "line" : 237,
2026-09-05T20:54:19.8513909Z         "parent" : 86
2026-09-05T20:54:19.8514093Z       },
2026-09-05T20:54:19.8514258Z       {
2026-09-05T20:54:19.8514422Z         "file" : 0
2026-09-05T20:54:19.8514599Z       },
2026-09-05T20:54:19.8514769Z       {
2026-09-05T20:54:19.8514935Z         "command" : 0,
2026-09-05T20:54:19.8515808Z         "file" : 0,
2026-09-05T20:54:19.8516010Z         "line" : 238,
2026-09-05T20:54:19.8516215Z         "parent" : 88
2026-09-05T20:54:19.8516396Z       },
2026-09-05T20:54:19.8516557Z       {
2026-09-05T20:54:19.8516722Z         "file" : 0
2026-09-05T20:54:19.8516899Z       },
2026-09-05T20:54:19.8517067Z       {
2026-09-05T20:54:19.8517306Z         "command" : 0,
2026-09-05T20:54:19.8517592Z         "file" : 0,
2026-09-05T20:54:19.8517844Z         "line" : 239,
2026-09-05T20:54:19.8518109Z         "parent" : 90
2026-09-05T20:54:19.8518515Z       },
2026-09-05T20:54:19.8518753Z       {
2026-09-05T20:54:19.8518972Z         "file" : 0
2026-09-05T20:54:19.8519218Z       },
2026-09-05T20:54:19.8519456Z       {
2026-09-05T20:54:19.8519701Z         "command" : 0,
2026-09-05T20:54:19.8519999Z         "file" : 0,
2026-09-05T20:54:19.8520277Z         "line" : 241,
2026-09-05T20:54:19.8520560Z         "parent" : 92
2026-09-05T20:54:19.8520838Z       },
2026-09-05T20:54:19.8521080Z       {
2026-09-05T20:54:19.8521324Z         "file" : 0
2026-09-05T20:54:19.8521593Z       },
2026-09-05T20:54:19.8521891Z       {
2026-09-05T20:54:19.8522155Z         "command" : 0,
2026-09-05T20:54:19.8522490Z         "file" : 0,
2026-09-05T20:54:19.8522853Z         "line" : 242,
2026-09-05T20:54:19.8523201Z         "parent" : 94
2026-09-05T20:54:19.8523546Z       },
2026-09-05T20:54:19.8523766Z       {
2026-09-05T20:54:19.8523962Z         "file" : 0
2026-09-05T20:54:19.8524186Z       },
2026-09-05T20:54:19.8524376Z       {
2026-09-05T20:54:19.8524588Z         "command" : 0,
2026-09-05T20:54:19.8524825Z         "file" : 0,
2026-09-05T20:54:19.8525064Z         "line" : 243,
2026-09-05T20:54:19.8525389Z         "parent" : 96
2026-09-05T20:54:19.8525669Z       },
2026-09-05T20:54:19.8525925Z       {
2026-09-05T20:54:19.8526166Z         "file" : 0
2026-09-05T20:54:19.8526438Z       },
2026-09-05T20:54:19.8526670Z       {
2026-09-05T20:54:19.8526915Z         "command" : 0,
2026-09-05T20:54:19.8527213Z         "file" : 0,
2026-09-05T20:54:19.8527488Z         "line" : 244,
2026-09-05T20:54:19.8527774Z         "parent" : 98
2026-09-05T20:54:19.8528052Z       },
2026-09-05T20:54:19.8528289Z       {
2026-09-05T20:54:19.8528581Z         "file" : 0
2026-09-05T20:54:19.8528841Z       },
2026-09-05T20:54:19.8529076Z       {
2026-09-05T20:54:19.8529334Z         "command" : 0,
2026-09-05T20:54:19.8529625Z         "file" : 0,
2026-09-05T20:54:19.8529910Z         "line" : 246,
2026-09-05T20:54:19.8530195Z         "parent" : 100
2026-09-05T20:54:19.8530467Z       },
2026-09-05T20:54:19.8530699Z       {
2026-09-05T20:54:19.8530937Z         "file" : 0
2026-09-05T20:54:19.8531212Z       },
2026-09-05T20:54:19.8531454Z       {
2026-09-05T20:54:19.8531728Z         "command" : 0,
2026-09-05T20:54:19.8532014Z         "file" : 0,
2026-09-05T20:54:19.8532293Z         "line" : 247,
2026-09-05T20:54:19.8532563Z         "parent" : 102
2026-09-05T20:54:19.8532842Z       },
2026-09-05T20:54:19.8533086Z       {
2026-09-05T20:54:19.8533321Z         "file" : 0
2026-09-05T20:54:19.8533581Z       },
2026-09-05T20:54:19.8533823Z       {
2026-09-05T20:54:19.8534083Z         "command" : 0,
2026-09-05T20:54:19.8534349Z         "file" : 0,
2026-09-05T20:54:19.8534628Z         "line" : 248,
2026-09-05T20:54:19.8534915Z         "parent" : 104
2026-09-05T20:54:19.8535201Z       },
2026-09-05T20:54:19.8535433Z       {
2026-09-05T20:54:19.8535677Z         "file" : 0
2026-09-05T20:54:19.8535924Z       },
2026-09-05T20:54:19.8536183Z       {
2026-09-05T20:54:19.8536430Z         "command" : 0,
2026-09-05T20:54:19.8536708Z         "file" : 0,
2026-09-05T20:54:19.8536958Z         "line" : 249,
2026-09-05T20:54:19.8537225Z         "parent" : 106
2026-09-05T20:54:19.8537486Z       },
2026-09-05T20:54:19.8537720Z       {
2026-09-05T20:54:19.8537957Z         "file" : 0
2026-09-05T20:54:19.8538241Z       },
2026-09-05T20:54:19.8538482Z       {
2026-09-05T20:54:19.8538740Z         "command" : 0,
2026-09-05T20:54:19.8539220Z         "file" : 0,
2026-09-05T20:54:19.8539478Z         "line" : 250,
2026-09-05T20:54:19.8539735Z         "parent" : 108
2026-09-05T20:54:19.8540002Z       },
2026-09-05T20:54:19.8540240Z       {
2026-09-05T20:54:19.8540493Z         "file" : 0
2026-09-05T20:54:19.8540764Z       },
2026-09-05T20:54:19.8541007Z       {
2026-09-05T20:54:19.8541244Z         "command" : 0,
2026-09-05T20:54:19.8541565Z         "file" : 0,
2026-09-05T20:54:19.8541894Z         "line" : 251,
2026-09-05T20:54:19.8542161Z         "parent" : 110
2026-09-05T20:54:19.8542551Z       },
2026-09-05T20:54:19.8542790Z       {
2026-09-05T20:54:19.8543027Z         "file" : 0
2026-09-05T20:54:19.8543308Z       },
2026-09-05T20:54:19.8543563Z       {
2026-09-05T20:54:19.8543785Z         "command" : 0,
2026-09-05T20:54:19.8544055Z         "file" : 0,
2026-09-05T20:54:19.8544317Z         "line" : 253,
2026-09-05T20:54:19.8544605Z         "parent" : 112
2026-09-05T20:54:19.8544883Z       }
2026-09-05T20:54:19.8545138Z     ]
2026-09-05T20:54:19.8545372Z   },
2026-09-05T20:54:19.8545620Z   "kind" : "ctestInfo",
2026-09-05T20:54:19.8545900Z   "tests" : 
2026-09-05T20:54:19.8546141Z   [
2026-09-05T20:54:19.8546364Z     {
2026-09-05T20:54:19.8546572Z       "backtrace" : 1,
2026-09-05T20:54:19.8546836Z       "command" : 
2026-09-05T20:54:19.8547083Z       [
2026-09-05T20:54:19.8547461Z         "C:/openfhe-2023-1788/project-build-33991083281-1/dcp_rcb_test.exe"
2026-09-05T20:54:19.8547855Z       ],
2026-09-05T20:54:19.8548078Z       "name" : "dcp_rcb",
2026-09-05T20:54:19.8548333Z       "properties" : 
2026-09-05T20:54:19.8548582Z       [
2026-09-05T20:54:19.8548787Z         {
2026-09-05T20:54:19.8549003Z           "name" : "WORKING_DIRECTORY",
2026-09-05T20:54:19.8549427Z           "value" : "C:/openfhe-2023-1788/project-build-33991083281-1"
2026-09-05T20:54:19.8549821Z         }
2026-09-05T20:54:19.8550026Z       ]
2026-09-05T20:54:19.8550227Z     },
2026-09-05T20:54:19.8550436Z     {
2026-09-05T20:54:19.8550649Z       "backtrace" : 3,
2026-09-05T20:54:19.8550895Z       "command" : 
2026-09-05T20:54:19.8551123Z       [
2026-09-05T20:54:19.8551581Z         "C:/openfhe-2023-1788/project-build-33991083281-1/precision_dcp_rcb_contract_test.exe"
2026-09-05T20:54:19.8552091Z       ],
2026-09-05T20:54:19.8552381Z       "name" : "precision_dcp_rcb_high_precision_contract",
2026-09-05T20:54:19.8552750Z       "properties" : 
2026-09-05T20:54:19.8553008Z       [
2026-09-05T20:54:19.8553218Z         {
2026-09-05T20:54:19.8553457Z           "name" : "WORKING_DIRECTORY",
2026-09-05T20:54:19.8553872Z           "value" : "C:/openfhe-2023-1788/project-build-33991083281-1"
2026-09-05T20:54:19.8554276Z         }
2026-09-05T20:54:19.8554487Z       ]
2026-09-05T20:54:19.8554697Z     },
2026-09-05T20:54:19.8554902Z     {
2026-09-05T20:54:19.8555137Z       "backtrace" : 5,
2026-09-05T20:54:19.8555387Z       "command" : 
2026-09-05T20:54:19.8555622Z       [
2026-09-05T20:54:19.8556221Z         "C:/openfhe-2023-1788/project-build-33991083281-1/precision_first_mult2_contract_test.exe"
2026-09-05T20:54:19.8556762Z       ],
2026-09-05T20:54:19.8557068Z       "name" : "precision_first_mult2_high_precision_contract",
2026-09-05T20:54:19.8557461Z       "properties" : 
2026-09-05T20:54:19.8557692Z       [
2026-09-05T20:54:19.8557906Z         {
2026-09-05T20:54:19.8558159Z           "name" : "WORKING_DIRECTORY",
2026-09-05T20:54:19.8558582Z           "value" : "C:/openfhe-2023-1788/project-build-33991083281-1"
2026-09-05T20:54:19.8558996Z         }
2026-09-05T20:54:19.8559193Z       ]
2026-09-05T20:54:19.8559398Z     },
2026-09-05T20:54:19.8559612Z     {
2026-09-05T20:54:19.8559923Z       "backtrace" : 7,
2026-09-05T20:54:19.8560233Z       "command" : 
2026-09-05T20:54:19.8560515Z       [
2026-09-05T20:54:19.8560907Z         "C:/openfhe-2023-1788/project-build-33991083281-1/pair_add_test.exe"
2026-09-05T20:54:19.8561380Z       ],
2026-09-05T20:54:19.8561674Z       "name" : "pair_add_runtime_behavior",
2026-09-05T20:54:19.8562325Z       "properties" : 
2026-09-05T20:54:19.8562587Z       [
2026-09-05T20:54:19.8562787Z         {
2026-09-05T20:54:19.8563004Z           "name" : "WORKING_DIRECTORY",
2026-09-05T20:54:19.8563866Z           "value" : "C:/openfhe-2023-1788/project-build-33991083281-1"
2026-09-05T20:54:19.8564339Z         }
2026-09-05T20:54:19.8564541Z       ]
2026-09-05T20:54:19.8564732Z     },
2026-09-05T20:54:19.8564919Z     {
2026-09-05T20:54:19.8565112Z       "backtrace" : 9,
2026-09-05T20:54:19.8565327Z       "command" : 
2026-09-05T20:54:19.8565648Z       [
2026-09-05T20:54:19.8565929Z         "C:/openfhe-2023-1788/project-build-33991083281-1/pair_sub_test.exe"
2026-09-05T20:54:19.8566280Z       ],
2026-09-05T20:54:19.8566496Z       "name" : "pair_sub_runtime_behavior",
2026-09-05T20:54:19.8566759Z       "properties" : 
2026-09-05T20:54:19.8566970Z       [
2026-09-05T20:54:19.8567154Z         {
2026-09-05T20:54:19.8567355Z           "name" : "WORKING_DIRECTORY",
2026-09-05T20:54:19.8567665Z           "value" : "C:/openfhe-2023-1788/project-build-33991083281-1"
2026-09-05T20:54:19.8567952Z         }
2026-09-05T20:54:19.8568129Z       ]
2026-09-05T20:54:19.8568310Z     },
2026-09-05T20:54:19.8568489Z     {
2026-09-05T20:54:19.8568688Z       "backtrace" : 11,
2026-09-05T20:54:19.8568941Z       "command" : 
2026-09-05T20:54:19.8569139Z       [
2026-09-05T20:54:19.8569437Z         "C:/openfhe-2023-1788/project-build-33991083281-1/pair_arithmetic_test.exe",
2026-09-05T20:54:19.8569798Z         "controlled_oracle"
2026-09-05T20:54:19.8570012Z       ],
2026-09-05T20:54:19.8570237Z       "name" : "pair_arithmetic_controlled_oracle",
2026-09-05T20:54:19.8570516Z       "properties" : 
2026-09-05T20:54:19.8570722Z       [
2026-09-05T20:54:19.8570905Z         {
2026-09-05T20:54:19.8571132Z           "name" : "WORKING_DIRECTORY",
2026-09-05T20:54:19.8571447Z           "value" : "C:/openfhe-2023-1788/project-build-33991083281-1"
2026-09-05T20:54:19.8571787Z         }
2026-09-05T20:54:19.8571979Z       ]
2026-09-05T20:54:19.8572170Z     },
2026-09-05T20:54:19.8572362Z     {
2026-09-05T20:54:19.8572567Z       "backtrace" : 13,
2026-09-05T20:54:19.8572801Z       "command" : 
2026-09-05T20:54:19.8573010Z       [
2026-09-05T20:54:19.8573311Z         "C:/openfhe-2023-1788/project-build-33991083281-1/pair_arithmetic_test.exe",
2026-09-05T20:54:19.8573689Z         "public_lifecycles_keyless"
2026-09-05T20:54:19.8573945Z       ],
2026-09-05T20:54:19.8574192Z       "name" : "pair_arithmetic_public_lifecycles_keyless",
2026-09-05T20:54:19.8574526Z       "properties" : 
2026-09-05T20:54:19.8574742Z       [
2026-09-05T20:54:19.8574925Z         {
2026-09-05T20:54:19.8575129Z           "name" : "WORKING_DIRECTORY",
2026-09-05T20:54:19.8575444Z           "value" : "C:/openfhe-2023-1788/project-build-33991083281-1"
2026-09-05T20:54:19.8575755Z         }
2026-09-05T20:54:19.8575952Z       ]
2026-09-05T20:54:19.8576140Z     },
2026-09-05T20:54:19.8576333Z     {
2026-09-05T20:54:19.8576532Z       "backtrace" : 15,
2026-09-05T20:54:19.8576759Z       "command" : 
2026-09-05T20:54:19.8576957Z       [
2026-09-05T20:54:19.8577263Z         "C:/openfhe-2023-1788/project-build-33991083281-1/pair_arithmetic_test.exe",
2026-09-05T20:54:19.8577637Z         "compatibility_rejections"
2026-09-05T20:54:19.8577874Z       ],
2026-09-05T20:54:19.8578117Z       "name" : "pair_arithmetic_compatibility_rejections",
2026-09-05T20:54:19.8578418Z       "properties" : 
2026-09-05T20:54:19.8578628Z       [
2026-09-05T20:54:19.8578823Z         {
2026-09-05T20:54:19.8579031Z           "name" : "WORKING_DIRECTORY",
2026-09-05T20:54:19.8579350Z           "value" : "C:/openfhe-2023-1788/project-build-33991083281-1"
2026-09-05T20:54:19.8579705Z         }
2026-09-05T20:54:19.8579902Z       ]
2026-09-05T20:54:19.8580130Z     },
2026-09-05T20:54:19.8580331Z     {
2026-09-05T20:54:19.8580536Z       "backtrace" : 17,
2026-09-05T20:54:19.8580760Z       "command" : 
2026-09-05T20:54:19.8580984Z       [
2026-09-05T20:54:19.8581395Z         "C:/openfhe-2023-1788/project-build-33991083281-1/tensor2_test.exe",
2026-09-05T20:54:19.8581775Z         "valid_arithmetic_immutability"
2026-09-05T20:54:19.8582025Z       ],
2026-09-05T20:54:19.8582222Z       "name" : "tensor2_valid_arithmetic_immutability",
2026-09-05T20:54:19.8582476Z       "properties" : 
2026-09-05T20:54:19.8582777Z       [
2026-09-05T20:54:19.8583072Z         {
2026-09-05T20:54:19.8583499Z           "name" : "WORKING_DIRECTORY",
2026-09-05T20:54:19.8583826Z           "value" : "C:/openfhe-2023-1788/project-build-33991083281-1"
2026-09-05T20:54:19.8584237Z         }
2026-09-05T20:54:19.8584444Z       ]
2026-09-05T20:54:19.8584642Z     },
2026-09-05T20:54:19.8584864Z     {
2026-09-05T20:54:19.8585080Z       "backtrace" : 19,
2026-09-05T20:54:19.8585295Z       "command" : 
2026-09-05T20:54:19.8585486Z       [
2026-09-05T20:54:19.8585763Z         "C:/openfhe-2023-1788/project-build-33991083281-1/tensor2_test.exe",
2026-09-05T20:54:19.8586145Z         "result_scale_contract"
2026-09-05T20:54:19.8586414Z       ],
2026-09-05T20:54:19.8586646Z       "name" : "tensor2_result_scale_contract",
2026-09-05T20:54:19.8586934Z       "properties" : 
2026-09-05T20:54:19.8587296Z       [
2026-09-05T20:54:19.8587571Z         {
2026-09-05T20:54:19.8587867Z           "name" : "WORKING_DIRECTORY",
2026-09-05T20:54:19.8588380Z           "value" : "C:/openfhe-2023-1788/project-build-33991083281-1"
2026-09-05T20:54:19.8588881Z         }
2026-09-05T20:54:19.8589187Z       ]
2026-09-05T20:54:19.8589497Z     },
2026-09-05T20:54:19.8589756Z     {
2026-09-05T20:54:19.8590042Z       "backtrace" : 21,
2026-09-05T20:54:19.8590409Z       "command" : 
2026-09-05T20:54:19.8590732Z       [
2026-09-05T20:54:19.8591155Z         "C:/openfhe-2023-1788/project-build-33991083281-1/tensor2_test.exe",
2026-09-05T20:54:19.8591729Z         "right_input_validation"
2026-09-05T20:54:19.8592105Z       ],
2026-09-05T20:54:19.8592456Z       "name" : "tensor2_right_input_validation",
2026-09-05T20:54:19.8592899Z       "properties" : 
2026-09-05T20:54:19.8593214Z       [
2026-09-05T20:54:19.8593493Z         {
2026-09-05T20:54:19.8593811Z           "name" : "WORKING_DIRECTORY",
2026-09-05T20:54:19.8594328Z           "value" : "C:/openfhe-2023-1788/project-build-33991083281-1"
2026-09-05T20:54:19.8594852Z         }
2026-09-05T20:54:19.8595157Z       ]
2026-09-05T20:54:19.8595441Z     },
2026-09-05T20:54:19.8595719Z     {
2026-09-05T20:54:19.8596016Z       "backtrace" : 23,
2026-09-05T20:54:19.8596372Z       "command" : 
2026-09-05T20:54:19.8596676Z       [
2026-09-05T20:54:19.8597126Z         "C:/openfhe-2023-1788/project-build-33991083281-1/tensor2_test.exe",
2026-09-05T20:54:19.8597978Z         "mutual_compatibility"
2026-09-05T20:54:19.8598354Z       ],
2026-09-05T20:54:19.8598693Z       "name" : "tensor2_mutual_compatibility",
2026-09-05T20:54:19.8599127Z       "properties" : 
2026-09-05T20:54:19.8599552Z       [
2026-09-05T20:54:19.8599756Z         {
2026-09-05T20:54:19.8599980Z           "name" : "WORKING_DIRECTORY",
2026-09-05T20:54:19.8600327Z           "value" : "C:/openfhe-2023-1788/project-build-33991083281-1"
2026-09-05T20:54:19.8600627Z         }
2026-09-05T20:54:19.8600824Z       ]
2026-09-05T20:54:19.8601015Z     },
2026-09-05T20:54:19.8601216Z     {
2026-09-05T20:54:19.8601411Z       "backtrace" : 25,
2026-09-05T20:54:19.8601634Z       "command" : 
2026-09-05T20:54:19.8601841Z       [
2026-09-05T20:54:19.8602148Z         "C:/openfhe-2023-1788/project-build-33991083281-1/tensor2_test.exe",
2026-09-05T20:54:19.8602517Z         "prearithmetic_key_compatibility"
2026-09-05T20:54:19.8602788Z       ],
2026-09-05T20:54:19.8603030Z       "name" : "tensor2_prearithmetic_key_compatibility",
2026-09-05T20:54:19.8603316Z       "properties" : 
2026-09-05T20:54:19.8603532Z       [
2026-09-05T20:54:19.8603733Z         {
2026-09-05T20:54:19.8603941Z           "name" : "WORKING_DIRECTORY",
2026-09-05T20:54:19.8604792Z           "value" : "C:/openfhe-2023-1788/project-build-33991083281-1"
2026-09-05T20:54:19.8605108Z         }
2026-09-05T20:54:19.8605298Z       ]
2026-09-05T20:54:19.8605490Z     },
2026-09-05T20:54:19.8605700Z     {
2026-09-05T20:54:19.8605901Z       "backtrace" : 27,
2026-09-05T20:54:19.8606102Z       "command" : 
2026-09-05T20:54:19.8606295Z       [
2026-09-05T20:54:19.8606568Z         "C:/openfhe-2023-1788/project-build-33991083281-1/relin2_test.exe",
2026-09-05T20:54:19.8606910Z         "tensor_validation_order"
2026-09-05T20:54:19.8607156Z       ],
2026-09-05T20:54:19.8607484Z       "name" : "relin2_tensor_validation_order",
2026-09-05T20:54:19.8607763Z       "properties" : 
2026-09-05T20:54:19.8607985Z       [
2026-09-05T20:54:19.8608165Z         {
2026-09-05T20:54:19.8608520Z           "name" : "WORKING_DIRECTORY",
2026-09-05T20:54:19.8608980Z           "value" : "C:/openfhe-2023-1788/project-build-33991083281-1"
2026-09-05T20:54:19.8609422Z         }
2026-09-05T20:54:19.8609696Z       ]
2026-09-05T20:54:19.8609964Z     },
2026-09-05T20:54:19.8610222Z     {
2026-09-05T20:54:19.8610490Z       "backtrace" : 29,
2026-09-05T20:54:19.8610915Z       "command" : 
2026-09-05T20:54:19.8611211Z       [
2026-09-05T20:54:19.8611608Z         "C:/openfhe-2023-1788/project-build-33991083281-1/relin2_test.exe",
2026-09-05T20:54:19.8612109Z         "insufficient_active_basis"
2026-09-05T20:54:19.8612569Z       ],
2026-09-05T20:54:19.8612886Z       "name" : "relin2_insufficient_active_basis",
2026-09-05T20:54:19.8613291Z       "properties" : 
2026-09-05T20:54:19.8613689Z       [
2026-09-05T20:54:19.8613931Z         {
2026-09-05T20:54:19.8614194Z           "name" : "WORKING_DIRECTORY",
2026-09-05T20:54:19.8614672Z           "value" : "C:/openfhe-2023-1788/project-build-33991083281-1"
2026-09-05T20:54:19.8615028Z         }
2026-09-05T20:54:19.8615217Z       ]
2026-09-05T20:54:19.8615405Z     },
2026-09-05T20:54:19.8615591Z     {
2026-09-05T20:54:19.8615869Z       "backtrace" : 31,
2026-09-05T20:54:19.8616213Z       "command" : 
2026-09-05T20:54:19.8616500Z       [
2026-09-05T20:54:19.8616907Z         "C:/openfhe-2023-1788/project-build-33991083281-1/relin2_test.exe",
2026-09-05T20:54:19.8617410Z         "missing_eval_key"
2026-09-05T20:54:19.8617720Z       ],
2026-09-05T20:54:19.8618025Z       "name" : "relin2_missing_eval_key",
2026-09-05T20:54:19.8618414Z       "properties" : 
2026-09-05T20:54:19.8618725Z       [
2026-09-05T20:54:19.8618988Z         {
2026-09-05T20:54:19.8619283Z           "name" : "WORKING_DIRECTORY",
2026-09-05T20:54:19.8619776Z           "value" : "C:/openfhe-2023-1788/project-build-33991083281-1"
2026-09-05T20:54:19.8620301Z         }
2026-09-05T20:54:19.8620577Z       ]
2026-09-05T20:54:19.8620862Z     },
2026-09-05T20:54:19.8621190Z     {
2026-09-05T20:54:19.8621513Z       "backtrace" : 33,
2026-09-05T20:54:19.8621839Z       "command" : 
2026-09-05T20:54:19.8622142Z       [
2026-09-05T20:54:19.8622694Z         "C:/openfhe-2023-1788/project-build-33991083281-1/relin2_test.exe",
2026-09-05T20:54:19.8623337Z         "key_empty"
2026-09-05T20:54:19.8623701Z       ],
2026-09-05T20:54:19.8624029Z       "name" : "relin2_key_empty",
2026-09-05T20:54:19.8624500Z       "properties" : 
2026-09-05T20:54:19.8624874Z       [
2026-09-05T20:54:19.8625214Z         {
2026-09-05T20:54:19.8625532Z           "name" : "WORKING_DIRECTORY",
2026-09-05T20:54:19.8626037Z           "value" : "C:/openfhe-2023-1788/project-build-33991083281-1"
2026-09-05T20:54:19.8626523Z         }
2026-09-05T20:54:19.8626879Z       ]
2026-09-05T20:54:19.8627216Z     },
2026-09-05T20:54:19.8627531Z     {
2026-09-05T20:54:19.8627927Z       "backtrace" : 35,
2026-09-05T20:54:19.8628264Z       "command" : 
2026-09-05T20:54:19.8628557Z       [
2026-09-05T20:54:19.8629061Z         "C:/openfhe-2023-1788/project-build-33991083281-1/relin2_test.exe",
2026-09-05T20:54:19.8632930Z         "key_null_first"
2026-09-05T20:54:19.8633270Z       ],
2026-09-05T20:54:19.8633630Z       "name" : "relin2_key_null_first",
2026-09-05T20:54:19.8634224Z       "properties" : 
2026-09-05T20:54:19.8634525Z       [
2026-09-05T20:54:19.8634806Z         {
2026-09-05T20:54:19.8635107Z           "name" : "WORKING_DIRECTORY",
2026-09-05T20:54:19.8635612Z           "value" : "C:/openfhe-2023-1788/project-build-33991083281-1"
2026-09-05T20:54:19.8636183Z         }
2026-09-05T20:54:19.8636486Z       ]
2026-09-05T20:54:19.8636822Z     },
2026-09-05T20:54:19.8637168Z     {
2026-09-05T20:54:19.8637461Z       "backtrace" : 37,
2026-09-05T20:54:19.8637804Z       "command" : 
2026-09-05T20:54:19.8638233Z       [
2026-09-05T20:54:19.8638663Z         "C:/openfhe-2023-1788/project-build-33991083281-1/relin2_test.exe",
2026-09-05T20:54:19.8639177Z         "key_wrong_context"
2026-09-05T20:54:19.8639520Z       ],
2026-09-05T20:54:19.8639847Z       "name" : "relin2_key_wrong_context",
2026-09-05T20:54:19.8640275Z       "properties" : 
2026-09-05T20:54:19.8640610Z       [
2026-09-05T20:54:19.8640869Z         {
2026-09-05T20:54:19.8641189Z           "name" : "WORKING_DIRECTORY",
2026-09-05T20:54:19.8641720Z           "value" : "C:/openfhe-2023-1788/project-build-33991083281-1"
2026-09-05T20:54:19.8642206Z         }
2026-09-05T20:54:19.8642422Z       ]
2026-09-05T20:54:19.8642620Z     },
2026-09-05T20:54:19.8642821Z     {
2026-09-05T20:54:19.8643103Z       "backtrace" : 39,
2026-09-05T20:54:19.8643429Z       "command" : 
2026-09-05T20:54:19.8643663Z       [
2026-09-05T20:54:19.8643948Z         "C:/openfhe-2023-1788/project-build-33991083281-1/relin2_test.exe",
2026-09-05T20:54:19.8644296Z         "key_wrong_tag"
2026-09-05T20:54:19.8644528Z       ],
2026-09-05T20:54:19.8644776Z       "name" : "relin2_key_wrong_tag",
2026-09-05T20:54:19.8645045Z       "properties" : 
2026-09-05T20:54:19.8645269Z       [
2026-09-05T20:54:19.8645462Z         {
2026-09-05T20:54:19.8645678Z           "name" : "WORKING_DIRECTORY",
2026-09-05T20:54:19.8646001Z           "value" : "C:/openfhe-2023-1788/project-build-33991083281-1"
2026-09-05T20:54:19.8646317Z         }
2026-09-05T20:54:19.8646513Z       ]
2026-09-05T20:54:19.8646701Z     },
2026-09-05T20:54:19.8646896Z     {
2026-09-05T20:54:19.8647104Z       "backtrace" : 41,
2026-09-05T20:54:19.8647333Z       "command" : 
2026-09-05T20:54:19.8647579Z       [
2026-09-05T20:54:19.8647859Z         "C:/openfhe-2023-1788/project-build-33991083281-1/relin2_test.exe",
2026-09-05T20:54:19.8648211Z         "key_wrong_subtype"
2026-09-05T20:54:19.8648451Z       ],
2026-09-05T20:54:19.8648678Z       "name" : "relin2_key_wrong_subtype",
2026-09-05T20:54:19.8648956Z       "properties" : 
2026-09-05T20:54:19.8649179Z       [
2026-09-05T20:54:19.8649373Z         {
2026-09-05T20:54:19.8649589Z           "name" : "WORKING_DIRECTORY",
2026-09-05T20:54:19.8649915Z           "value" : "C:/openfhe-2023-1788/project-build-33991083281-1"
2026-09-05T20:54:19.8650228Z         }
2026-09-05T20:54:19.8650454Z       ]
2026-09-05T20:54:19.8650648Z     },
2026-09-05T20:54:19.8650843Z     {
2026-09-05T20:54:19.8651041Z       "backtrace" : 43,
2026-09-05T20:54:19.8651536Z       "command" : 
2026-09-05T20:54:19.8651760Z       [
2026-09-05T20:54:19.8652046Z         "C:/openfhe-2023-1788/project-build-33991083281-1/relin2_test.exe",
2026-09-05T20:54:19.8652398Z         "key_hybrid_a_length"
2026-09-05T20:54:19.8652644Z       ],
2026-09-05T20:54:19.8652873Z       "name" : "relin2_key_hybrid_a_length",
2026-09-05T20:54:19.8653152Z       "properties" : 
2026-09-05T20:54:19.8653376Z       [
2026-09-05T20:54:19.8653601Z         {
2026-09-05T20:54:19.8653817Z           "name" : "WORKING_DIRECTORY",
2026-09-05T20:54:19.8654135Z           "value" : "C:/openfhe-2023-1788/project-build-33991083281-1"
2026-09-05T20:54:19.8654433Z         }
2026-09-05T20:54:19.8654633Z       ]
2026-09-05T20:54:19.8654821Z     },
2026-09-05T20:54:19.8655010Z     {
2026-09-05T20:54:19.8655200Z       "backtrace" : 45,
2026-09-05T20:54:19.8655455Z       "command" : 
2026-09-05T20:54:19.8655661Z       [
2026-09-05T20:54:19.8656089Z         "C:/openfhe-2023-1788/project-build-33991083281-1/relin2_test.exe",
2026-09-05T20:54:19.8656433Z         "key_hybrid_b_length"
2026-09-05T20:54:19.8656700Z       ],
2026-09-05T20:54:19.8656914Z       "name" : "relin2_key_hybrid_b_length",
2026-09-05T20:54:19.8657170Z       "properties" : 
2026-09-05T20:54:19.8657382Z       [
2026-09-05T20:54:19.8657566Z         {
2026-09-05T20:54:19.8657775Z           "name" : "WORKING_DIRECTORY",
2026-09-05T20:54:19.8658075Z           "value" : "C:/openfhe-2023-1788/project-build-33991083281-1"
2026-09-05T20:54:19.8658461Z         }
2026-09-05T20:54:19.8658655Z       ]
2026-09-05T20:54:19.8658833Z     },
2026-09-05T20:54:19.8659024Z     {
2026-09-05T20:54:19.8659228Z       "backtrace" : 47,
2026-09-05T20:54:19.8659467Z       "command" : 
2026-09-05T20:54:19.8659673Z       [
2026-09-05T20:54:19.8659915Z         "C:/openfhe-2023-1788/project-build-33991083281-1/relin2_test.exe",
2026-09-05T20:54:19.8660218Z         "key_hybrid_entry_basis"
2026-09-05T20:54:19.8660462Z       ],
2026-09-05T20:54:19.8660690Z       "name" : "relin2_key_hybrid_entry_basis",
2026-09-05T20:54:19.8660960Z       "properties" : 
2026-09-05T20:54:19.8661180Z       [
2026-09-05T20:54:19.8661370Z         {
2026-09-05T20:54:19.8661575Z           "name" : "WORKING_DIRECTORY",
2026-09-05T20:54:19.8661894Z           "value" : "C:/openfhe-2023-1788/project-build-33991083281-1"
2026-09-05T20:54:19.8662230Z         }
2026-09-05T20:54:19.8662422Z       ]
2026-09-05T20:54:19.8662607Z     },
2026-09-05T20:54:19.8662800Z     {
2026-09-05T20:54:19.8663001Z       "backtrace" : 49,
2026-09-05T20:54:19.8663219Z       "command" : 
2026-09-05T20:54:19.8663433Z       [
2026-09-05T20:54:19.8663712Z         "C:/openfhe-2023-1788/project-build-33991083281-1/relin2_test.exe",
2026-09-05T20:54:19.8664051Z         "key_hybrid_entry_format"
2026-09-05T20:54:19.8664297Z       ],
2026-09-05T20:54:19.8664520Z       "name" : "relin2_key_hybrid_entry_format",
2026-09-05T20:54:19.8664829Z       "properties" : 
2026-09-05T20:54:19.8665055Z       [
2026-09-05T20:54:19.8665247Z         {
2026-09-05T20:54:19.8665450Z           "name" : "WORKING_DIRECTORY",
2026-09-05T20:54:19.8665763Z           "value" : "C:/openfhe-2023-1788/project-build-33991083281-1"
2026-09-05T20:54:19.8666074Z         }
2026-09-05T20:54:19.8666267Z       ]
2026-09-05T20:54:19.8666452Z     },
2026-09-05T20:54:19.8666638Z     {
2026-09-05T20:54:19.8666833Z       "backtrace" : 51,
2026-09-05T20:54:19.8667063Z       "command" : 
2026-09-05T20:54:19.8667319Z       [
2026-09-05T20:54:19.8667878Z         "C:/openfhe-2023-1788/project-build-33991083281-1/relin2_test.exe",
2026-09-05T20:54:19.8668256Z         "key_bv_zero_digit_a_length"
2026-09-05T20:54:19.8668525Z       ],
2026-09-05T20:54:19.8668757Z       "name" : "relin2_key_bv_zero_digit_a_length",
2026-09-05T20:54:19.8669040Z       "properties" : 
2026-09-05T20:54:19.8669254Z       [
2026-09-05T20:54:19.8669437Z         {
2026-09-05T20:54:19.8669642Z           "name" : "WORKING_DIRECTORY",
2026-09-05T20:54:19.8669945Z           "value" : "C:/openfhe-2023-1788/project-build-33991083281-1"
2026-09-05T20:54:19.8670244Z         }
2026-09-05T20:54:19.8670434Z       ]
2026-09-05T20:54:19.8670657Z     },
2026-09-05T20:54:19.8670844Z     {
2026-09-05T20:54:19.8671044Z       "backtrace" : 53,
2026-09-05T20:54:19.8671266Z       "command" : 
2026-09-05T20:54:19.8671479Z       [
2026-09-05T20:54:19.8671750Z         "C:/openfhe-2023-1788/project-build-33991083281-1/relin2_test.exe",
2026-09-05T20:54:19.8672112Z         "key_bv_zero_digit_b_length"
2026-09-05T20:54:19.8672336Z       ],
2026-09-05T20:54:19.8672569Z       "name" : "relin2_key_bv_zero_digit_b_length",
2026-09-05T20:54:19.8672859Z       "properties" : 
2026-09-05T20:54:19.8673082Z       [
2026-09-05T20:54:19.8673279Z         {
2026-09-05T20:54:19.8673517Z           "name" : "WORKING_DIRECTORY",
2026-09-05T20:54:19.8673832Z           "value" : "C:/openfhe-2023-1788/project-build-33991083281-1"
2026-09-05T20:54:19.8674252Z         }
2026-09-05T20:54:19.8674463Z       ]
2026-09-05T20:54:19.8674666Z     },
2026-09-05T20:54:19.8674867Z     {
2026-09-05T20:54:19.8675067Z       "backtrace" : 55,
2026-09-05T20:54:19.8675304Z       "command" : 
2026-09-05T20:54:19.8675514Z       [
2026-09-05T20:54:19.8675785Z         "C:/openfhe-2023-1788/project-build-33991083281-1/relin2_test.exe",
2026-09-05T20:54:19.8676114Z         "key_bv_nonzero_digit_a_length"
2026-09-05T20:54:19.8676383Z       ],
2026-09-05T20:54:19.8676616Z       "name" : "relin2_key_bv_nonzero_digit_a_length",
2026-09-05T20:54:19.8676988Z       "properties" : 
2026-09-05T20:54:19.8677207Z       [
2026-09-05T20:54:19.8677395Z         {
2026-09-05T20:54:19.8677612Z           "name" : "WORKING_DIRECTORY",
2026-09-05T20:54:19.8677927Z           "value" : "C:/openfhe-2023-1788/project-build-33991083281-1"
2026-09-05T20:54:19.8678231Z         }
2026-09-05T20:54:19.8678424Z       ]
2026-09-05T20:54:19.8678614Z     },
2026-09-05T20:54:19.8678792Z     {
2026-09-05T20:54:19.8678984Z       "backtrace" : 57,
2026-09-05T20:54:19.8679244Z       "command" : 
2026-09-05T20:54:19.8679449Z       [
2026-09-05T20:54:19.8679719Z         "C:/openfhe-2023-1788/project-build-33991083281-1/relin2_test.exe",
2026-09-05T20:54:19.8680061Z         "key_bv_nonzero_digit_b_length"
2026-09-05T20:54:19.8680312Z       ],
2026-09-05T20:54:19.8680551Z       "name" : "relin2_key_bv_nonzero_digit_b_length",
2026-09-05T20:54:19.8680827Z       "properties" : 
2026-09-05T20:54:19.8681042Z       [
2026-09-05T20:54:19.8681238Z         {
2026-09-05T20:54:19.8681443Z           "name" : "WORKING_DIRECTORY",
2026-09-05T20:54:19.8681762Z           "value" : "C:/openfhe-2023-1788/project-build-33991083281-1"
2026-09-05T20:54:19.8682125Z         }
2026-09-05T20:54:19.8682343Z       ]
2026-09-05T20:54:19.8682545Z     },
2026-09-05T20:54:19.8682750Z     {
2026-09-05T20:54:19.8682944Z       "backtrace" : 59,
2026-09-05T20:54:19.8683123Z       "command" : 
2026-09-05T20:54:19.8683332Z       [
2026-09-05T20:54:19.8683603Z         "C:/openfhe-2023-1788/project-build-33991083281-1/relin2_test.exe",
2026-09-05T20:54:19.8683967Z         "key_bv_zero_digit_entry_basis"
2026-09-05T20:54:19.8684217Z       ],
2026-09-05T20:54:19.8684454Z       "name" : "relin2_key_bv_zero_digit_entry_basis",
2026-09-05T20:54:19.8684763Z       "properties" : 
2026-09-05T20:54:19.8684987Z       [
2026-09-05T20:54:19.8685189Z         {
2026-09-05T20:54:19.8685408Z           "name" : "WORKING_DIRECTORY",
2026-09-05T20:54:19.8685718Z           "value" : "C:/openfhe-2023-1788/project-build-33991083281-1"
2026-09-05T20:54:19.8686040Z         }
2026-09-05T20:54:19.8686239Z       ]
2026-09-05T20:54:19.8686433Z     },
2026-09-05T20:54:19.8686635Z     {
2026-09-05T20:54:19.8686849Z       "backtrace" : 61,
2026-09-05T20:54:19.8686958Z       "command" : 
2026-09-05T20:54:19.8687031Z       [
2026-09-05T20:54:19.8687217Z         "C:/openfhe-2023-1788/project-build-33991083281-1/relin2_test.exe",
2026-09-05T20:54:19.8687342Z         "key_bv_nonzero_digit_entry_basis"
2026-09-05T20:54:19.8687419Z       ],
2026-09-05T20:54:19.8687571Z       "name" : "relin2_key_bv_nonzero_digit_entry_basis",
2026-09-05T20:54:19.8687653Z       "properties" : 
2026-09-05T20:54:19.8687753Z       [
2026-09-05T20:54:19.8687827Z         {
2026-09-05T20:54:19.8687942Z           "name" : "WORKING_DIRECTORY",
2026-09-05T20:54:19.8688080Z           "value" : "C:/openfhe-2023-1788/project-build-33991083281-1"
2026-09-05T20:54:19.8688189Z         }
2026-09-05T20:54:19.8688261Z       ]
2026-09-05T20:54:19.8688319Z     },
2026-09-05T20:54:19.8688401Z     {
2026-09-05T20:54:19.8688485Z       "backtrace" : 63,
2026-09-05T20:54:19.8688593Z       "command" : 
2026-09-05T20:54:19.8688669Z       [
2026-09-05T20:54:19.8688853Z         "C:/openfhe-2023-1788/project-build-33991083281-1/relin2_test.exe",
2026-09-05T20:54:19.8688951Z         "key_bv_zero_digit_entry_format"
2026-09-05T20:54:19.8689045Z       ],
2026-09-05T20:54:19.8689262Z       "name" : "relin2_key_bv_zero_digit_entry_format",
2026-09-05T20:54:19.8689348Z       "properties" : 
2026-09-05T20:54:19.8689454Z       [
2026-09-05T20:54:19.8689540Z         {
2026-09-05T20:54:19.8689657Z           "name" : "WORKING_DIRECTORY",
2026-09-05T20:54:19.8689794Z           "value" : "C:/openfhe-2023-1788/project-build-33991083281-1"
2026-09-05T20:54:19.8689897Z         }
2026-09-05T20:54:19.8689974Z       ]
2026-09-05T20:54:19.8690083Z     },
2026-09-05T20:54:19.8690192Z     {
2026-09-05T20:54:19.8690343Z       "backtrace" : 65,
2026-09-05T20:54:19.8690450Z       "command" : 
2026-09-05T20:54:19.8690524Z       [
2026-09-05T20:54:19.8690708Z         "C:/openfhe-2023-1788/project-build-33991083281-1/relin2_test.exe",
2026-09-05T20:54:19.8690810Z         "key_bv_nonzero_digit_entry_format"
2026-09-05T20:54:19.8690917Z       ],
2026-09-05T20:54:19.8691035Z       "name" : "relin2_key_bv_nonzero_digit_entry_format",
2026-09-05T20:54:19.8691147Z       "properties" : 
2026-09-05T20:54:19.8691251Z       [
2026-09-05T20:54:19.8691325Z         {
2026-09-05T20:54:19.8691442Z           "name" : "WORKING_DIRECTORY",
2026-09-05T20:54:19.8691576Z           "value" : "C:/openfhe-2023-1788/project-build-33991083281-1"
2026-09-05T20:54:19.8691691Z         }
2026-09-05T20:54:19.8691767Z       ]
2026-09-05T20:54:19.8691875Z     },
2026-09-05T20:54:19.8691941Z     {
2026-09-05T20:54:19.8692050Z       "backtrace" : 67,
2026-09-05T20:54:19.8692159Z       "command" : 
2026-09-05T20:54:19.8692234Z       [
2026-09-05T20:54:19.8692417Z         "C:/openfhe-2023-1788/project-build-33991083281-1/relin2_test.exe",
2026-09-05T20:54:19.8692524Z         "valid_arithmetic_state_immutability"
2026-09-05T20:54:19.8692631Z       ],
2026-09-05T20:54:19.8692764Z       "name" : "relin2_valid_arithmetic_state_immutability",
2026-09-05T20:54:19.8692877Z       "properties" : 
2026-09-05T20:54:19.8692975Z       [
2026-09-05T20:54:19.8693049Z         {
2026-09-05T20:54:19.8693174Z           "name" : "WORKING_DIRECTORY",
2026-09-05T20:54:19.8693311Z           "value" : "C:/openfhe-2023-1788/project-build-33991083281-1"
2026-09-05T20:54:19.8693392Z         }
2026-09-05T20:54:19.8693464Z       ]
2026-09-05T20:54:19.8693559Z     },
2026-09-05T20:54:19.8693617Z     {
2026-09-05T20:54:19.8693714Z       "backtrace" : 69,
2026-09-05T20:54:19.8693791Z       "command" : 
2026-09-05T20:54:19.8693892Z       [
2026-09-05T20:54:19.8694076Z         "C:/openfhe-2023-1788/project-build-33991083281-1/relin2_test.exe",
2026-09-05T20:54:19.8694184Z         "controlled_witnesses_and_boundaries"
2026-09-05T20:54:19.8694286Z       ],
2026-09-05T20:54:19.8694416Z       "name" : "relin2_controlled_witnesses_and_boundaries",
2026-09-05T20:54:19.8694528Z       "properties" : 
2026-09-05T20:54:19.8694599Z       [
2026-09-05T20:54:19.8694701Z         {
2026-09-05T20:54:19.8694820Z           "name" : "WORKING_DIRECTORY",
2026-09-05T20:54:19.8694955Z           "value" : "C:/openfhe-2023-1788/project-build-33991083281-1"
2026-09-05T20:54:19.8695062Z         }
2026-09-05T20:54:19.8695134Z       ]
2026-09-05T20:54:19.8695237Z     },
2026-09-05T20:54:19.8695311Z     {
2026-09-05T20:54:19.8695424Z       "backtrace" : 71,
2026-09-05T20:54:19.8695501Z       "command" : 
2026-09-05T20:54:19.8695605Z       [
2026-09-05T20:54:19.8695788Z         "C:/openfhe-2023-1788/project-build-33991083281-1/relin2_test.exe",
2026-09-05T20:54:19.8695900Z         "representative_public_input"
2026-09-05T20:54:19.8696009Z       ],
2026-09-05T20:54:19.8696139Z       "name" : "relin2_representative_public_input",
2026-09-05T20:54:19.8696261Z       "properties" : 
2026-09-05T20:54:19.8696342Z       [
2026-09-05T20:54:19.8696453Z         {
2026-09-05T20:54:19.8696558Z           "name" : "WORKING_DIRECTORY",
2026-09-05T20:54:19.8696717Z           "value" : "C:/openfhe-2023-1788/project-build-33991083281-1"
2026-09-05T20:54:19.8696820Z         }
2026-09-05T20:54:19.8696884Z       ]
2026-09-05T20:54:19.8696985Z     },
2026-09-05T20:54:19.8697114Z     {
2026-09-05T20:54:19.8697219Z       "backtrace" : 73,
2026-09-05T20:54:19.8697291Z       "command" : 
2026-09-05T20:54:19.8697395Z       [
2026-09-05T20:54:19.8697546Z         "C:/openfhe-2023-1788/project-build-33991083281-1/relin2_test.exe",
2026-09-05T20:54:19.8697664Z         "key_extra_later_valid"
2026-09-05T20:54:19.8697763Z       ],
2026-09-05T20:54:19.8697863Z       "name" : "relin2_key_extra_later_valid",
2026-09-05T20:54:19.8697974Z       "properties" : 
2026-09-05T20:54:19.8698047Z       [
2026-09-05T20:54:19.8698645Z         {
2026-09-05T20:54:19.8698736Z           "name" : "WORKING_DIRECTORY",
2026-09-05T20:54:19.8698903Z           "value" : "C:/openfhe-2023-1788/project-build-33991083281-1"
2026-09-05T20:54:19.8698976Z         }
2026-09-05T20:54:19.8699076Z       ]
2026-09-05T20:54:19.8699181Z     },
2026-09-05T20:54:19.8699255Z     {
2026-09-05T20:54:19.8699368Z       "backtrace" : 75,
2026-09-05T20:54:19.8699448Z       "command" : 
2026-09-05T20:54:19.8699551Z       [
2026-09-05T20:54:19.8699706Z         "C:/openfhe-2023-1788/project-build-33991083281-1/relin2_test.exe",
2026-09-05T20:54:19.8699828Z         "key_malformed_later_ignored"
2026-09-05T20:54:19.8699901Z       ],
2026-09-05T20:54:19.8700037Z       "name" : "relin2_key_malformed_later_ignored",
2026-09-05T20:54:19.8700149Z       "properties" : 
2026-09-05T20:54:19.8700221Z       [
2026-09-05T20:54:19.8700314Z         {
2026-09-05T20:54:19.8700406Z           "name" : "WORKING_DIRECTORY",
2026-09-05T20:54:19.8700572Z           "value" : "C:/openfhe-2023-1788/project-build-33991083281-1"
2026-09-05T20:54:19.8700652Z         }
2026-09-05T20:54:19.8700743Z       ]
2026-09-05T20:54:19.8700851Z     },
2026-09-05T20:54:19.8700921Z     {
2026-09-05T20:54:19.8701033Z       "backtrace" : 77,
2026-09-05T20:54:19.8701114Z       "command" : 
2026-09-05T20:54:19.8701222Z       [
2026-09-05T20:54:19.8701376Z         "C:/openfhe-2023-1788/project-build-33991083281-1/relin2_test.exe",
2026-09-05T20:54:19.8701505Z         "hybrid_valid_shapes"
2026-09-05T20:54:19.8701581Z       ],
2026-09-05T20:54:19.8701716Z       "name" : "relin2_hybrid_valid_shapes",
2026-09-05T20:54:19.8701811Z       "properties" : 
2026-09-05T20:54:19.8701887Z       [
2026-09-05T20:54:19.8701976Z         {
2026-09-05T20:54:19.8702069Z           "name" : "WORKING_DIRECTORY",
2026-09-05T20:54:19.8702234Z           "value" : "C:/openfhe-2023-1788/project-build-33991083281-1"
2026-09-05T20:54:19.8702310Z         }
2026-09-05T20:54:19.8702413Z       ]
2026-09-05T20:54:19.8702486Z     },
2026-09-05T20:54:19.8702589Z     {
2026-09-05T20:54:19.8702699Z       "backtrace" : 79,
2026-09-05T20:54:19.8702780Z       "command" : 
2026-09-05T20:54:19.8702876Z       [
2026-09-05T20:54:19.8703022Z         "C:/openfhe-2023-1788/project-build-33991083281-1/relin2_test.exe",
2026-09-05T20:54:19.8703147Z         "bv_zero_digit_valid_shapes"
2026-09-05T20:54:19.8703224Z       ],
2026-09-05T20:54:19.8703350Z       "name" : "relin2_bv_zero_digit_valid_shapes",
2026-09-05T20:54:19.8703436Z       "properties" : 
2026-09-05T20:54:19.8703545Z       [
2026-09-05T20:54:19.8703650Z         {
2026-09-05T20:54:19.8703741Z           "name" : "WORKING_DIRECTORY",
2026-09-05T20:54:19.8703891Z           "value" : "C:/openfhe-2023-1788/project-build-33991083281-1"
2026-09-05T20:54:19.8704036Z         }
2026-09-05T20:54:19.8704158Z       ]
2026-09-05T20:54:19.8704227Z     },
2026-09-05T20:54:19.8704316Z     {
2026-09-05T20:54:19.8704394Z       "backtrace" : 81,
2026-09-05T20:54:19.8704488Z       "command" : 
2026-09-05T20:54:19.8704568Z       [
2026-09-05T20:54:19.8704721Z         "C:/openfhe-2023-1788/project-build-33991083281-1/relin2_test.exe",
2026-09-05T20:54:19.8704871Z         "bv_nonzero_digit_valid_shapes"
2026-09-05T20:54:19.8704950Z       ],
2026-09-05T20:54:19.8705090Z       "name" : "relin2_bv_nonzero_digit_valid_shapes",
2026-09-05T20:54:19.8705174Z       "properties" : 
2026-09-05T20:54:19.8705276Z       [
2026-09-05T20:54:19.8705463Z         {
2026-09-05T20:54:19.8705606Z           "name" : "WORKING_DIRECTORY",
2026-09-05T20:54:19.8705760Z           "value" : "C:/openfhe-2023-1788/project-build-33991083281-1"
2026-09-05T20:54:19.8705829Z         }
2026-09-05T20:54:19.8705935Z       ]
2026-09-05T20:54:19.8706030Z     },
2026-09-05T20:54:19.8706138Z     {
2026-09-05T20:54:19.8706222Z       "backtrace" : 83,
2026-09-05T20:54:19.8706336Z       "command" : 
2026-09-05T20:54:19.8706412Z       [
2026-09-05T20:54:19.8706590Z         "C:/openfhe-2023-1788/project-build-33991083281-1/relin2_test.exe",
2026-09-05T20:54:19.8706785Z         "first_recombined_rcb_validation"
2026-09-05T20:54:19.8706859Z       ],
2026-09-05T20:54:19.8707014Z       "name" : "relin2_first_recombined_rcb_validation",
2026-09-05T20:54:19.8707095Z       "properties" : 
2026-09-05T20:54:19.8707198Z       [
2026-09-05T20:54:19.8707271Z         {
2026-09-05T20:54:19.8707385Z           "name" : "WORKING_DIRECTORY",
2026-09-05T20:54:19.8707522Z           "value" : "C:/openfhe-2023-1788/project-build-33991083281-1"
2026-09-05T20:54:19.8707630Z         }
2026-09-05T20:54:19.8707736Z       ]
2026-09-05T20:54:19.8707809Z     },
2026-09-05T20:54:19.8707917Z     {
2026-09-05T20:54:19.8707997Z       "backtrace" : 85,
2026-09-05T20:54:19.8708104Z       "command" : 
2026-09-05T20:54:19.8708177Z       [
2026-09-05T20:54:19.8708361Z         "C:/openfhe-2023-1788/project-build-33991083281-1/relin2_test.exe",
2026-09-05T20:54:19.8708475Z         "first_recombined_tensor2_validation"
2026-09-05T20:54:19.8708545Z       ],
2026-09-05T20:54:19.8708699Z       "name" : "relin2_first_recombined_tensor2_validation",
2026-09-05T20:54:19.8708773Z       "properties" : 
2026-09-05T20:54:19.8708865Z       [
2026-09-05T20:54:19.8708934Z         {
2026-09-05T20:54:19.8709053Z           "name" : "WORKING_DIRECTORY",
2026-09-05T20:54:19.8709183Z           "value" : "C:/openfhe-2023-1788/project-build-33991083281-1"
2026-09-05T20:54:19.8709284Z         }
2026-09-05T20:54:19.8709431Z       ]
2026-09-05T20:54:19.8709537Z     },
2026-09-05T20:54:19.8709666Z     {
2026-09-05T20:54:19.8709803Z       "backtrace" : 87,
2026-09-05T20:54:19.8709935Z       "command" : 
2026-09-05T20:54:19.8710033Z       [
2026-09-05T20:54:19.8710372Z         "C:/openfhe-2023-1788/project-build-33991083281-1/relin2_test.exe",
2026-09-05T20:54:19.8710531Z         "tensor2_requires_first_lifecycle"
2026-09-05T20:54:19.8710655Z       ],
2026-09-05T20:54:19.8710838Z       "name" : "relin2_tensor2_requires_first_lifecycle",
2026-09-05T20:54:19.8710919Z       "properties" : 
2026-09-05T20:54:19.8711063Z       [
2026-09-05T20:54:19.8711158Z         {
2026-09-05T20:54:19.8711302Z           "name" : "WORKING_DIRECTORY",
2026-09-05T20:54:19.8711472Z           "value" : "C:/openfhe-2023-1788/project-build-33991083281-1"
2026-09-05T20:54:19.8711595Z         }
2026-09-05T20:54:19.8711681Z       ]
2026-09-05T20:54:19.8711903Z     },
2026-09-05T20:54:19.8711994Z     {
2026-09-05T20:54:19.8712074Z       "backtrace" : 89,
2026-09-05T20:54:19.8712215Z       "command" : 
2026-09-05T20:54:19.8712322Z       [
2026-09-05T20:54:19.8712562Z         "C:/openfhe-2023-1788/project-build-33991083281-1/rs2_test.exe",
2026-09-05T20:54:19.8712680Z         "wrong_lifecycle"
2026-09-05T20:54:19.8712805Z       ],
2026-09-05T20:54:19.8712925Z       "name" : "rs2_wrong_lifecycle",
2026-09-05T20:54:19.8713027Z       "properties" : 
2026-09-05T20:54:19.8713121Z       [
2026-09-05T20:54:19.8713241Z         {
2026-09-05T20:54:19.8713381Z           "name" : "WORKING_DIRECTORY",
2026-09-05T20:54:19.8713553Z           "value" : "C:/openfhe-2023-1788/project-build-33991083281-1"
2026-09-05T20:54:19.8713658Z         }
2026-09-05T20:54:19.8713741Z       ]
2026-09-05T20:54:19.8713864Z     },
2026-09-05T20:54:19.8713995Z     {
2026-09-05T20:54:19.8714094Z       "backtrace" : 91,
2026-09-05T20:54:19.8714188Z       "command" : 
2026-09-05T20:54:19.8714251Z       [
2026-09-05T20:54:19.8714514Z         "C:/openfhe-2023-1788/project-build-33991083281-1/rs2_test.exe",
2026-09-05T20:54:19.8714613Z         "valid_arithmetic_state_immutability"
2026-09-05T20:54:19.8714707Z       ],
2026-09-05T20:54:19.8714818Z       "name" : "rs2_valid_arithmetic_state_immutability",
2026-09-05T20:54:19.8714921Z       "properties" : 
2026-09-05T20:54:19.8714994Z       [
2026-09-05T20:54:19.8715090Z         {
2026-09-05T20:54:19.8715205Z           "name" : "WORKING_DIRECTORY",
2026-09-05T20:54:19.8715340Z           "value" : "C:/openfhe-2023-1788/project-build-33991083281-1"
2026-09-05T20:54:19.8715514Z         }
2026-09-05T20:54:19.8715589Z       ]
2026-09-05T20:54:19.8715683Z     },
2026-09-05T20:54:19.8715756Z     {
2026-09-05T20:54:19.8715861Z       "backtrace" : 93,
2026-09-05T20:54:19.8715941Z       "command" : 
2026-09-05T20:54:19.8716043Z       [
2026-09-05T20:54:19.8716221Z         "C:/openfhe-2023-1788/project-build-33991083281-1/rs2_test.exe",
2026-09-05T20:54:19.8716311Z         "mixed_tower_format"
2026-09-05T20:54:19.8716399Z       ],
2026-09-05T20:54:19.8716489Z       "name" : "rs2_mixed_tower_format",
2026-09-05T20:54:19.8716605Z       "properties" : 
2026-09-05T20:54:19.8716686Z       [
2026-09-05T20:54:19.8716803Z         {
2026-09-05T20:54:19.8716903Z           "name" : "WORKING_DIRECTORY",
2026-09-05T20:54:19.8717070Z           "value" : "C:/openfhe-2023-1788/project-build-33991083281-1"
2026-09-05T20:54:19.8717180Z         }
2026-09-05T20:54:19.8717259Z       ]
2026-09-05T20:54:19.8717351Z     },
2026-09-05T20:54:19.8717428Z     {
2026-09-05T20:54:19.8717550Z       "backtrace" : 95,
2026-09-05T20:54:19.8717636Z       "command" : 
2026-09-05T20:54:19.8717745Z       [
2026-09-05T20:54:19.8717934Z         "C:/openfhe-2023-1788/project-build-33991083281-1/rs2_test.exe",
2026-09-05T20:54:19.8718042Z         "untouched_public_pipeline"
2026-09-05T20:54:19.8718156Z       ],
2026-09-05T20:54:19.8718274Z       "name" : "rs2_untouched_public_pipeline",
2026-09-05T20:54:19.8718394Z       "properties" : 
2026-09-05T20:54:19.8718473Z       [
2026-09-05T20:54:19.8718578Z         {
2026-09-05T20:54:19.8718675Z           "name" : "WORKING_DIRECTORY",
2026-09-05T20:54:19.8718961Z           "value" : "C:/openfhe-2023-1788/project-build-33991083281-1"
2026-09-05T20:54:19.8719109Z         }
2026-09-05T20:54:19.8719189Z       ]
2026-09-05T20:54:19.8719303Z     },
2026-09-05T20:54:19.8719383Z     {
2026-09-05T20:54:19.8719501Z       "backtrace" : 97,
2026-09-05T20:54:19.8719585Z       "command" : 
2026-09-05T20:54:19.8719710Z       [
2026-09-05T20:54:19.8719879Z         "C:/openfhe-2023-1788/project-build-33991083281-1/rs2_test.exe",
2026-09-05T20:54:19.8720017Z         "declared_basis_mismatch"
2026-09-05T20:54:19.8720141Z       ],
2026-09-05T20:54:19.8720259Z       "name" : "rs2_declared_basis_mismatch",
2026-09-05T20:54:19.8720378Z       "properties" : 
2026-09-05T20:54:19.8720458Z       [
2026-09-05T20:54:19.8720568Z         {
2026-09-05T20:54:19.8720666Z           "name" : "WORKING_DIRECTORY",
2026-09-05T20:54:19.8720849Z           "value" : "C:/openfhe-2023-1788/project-build-33991083281-1"
2026-09-05T20:54:19.8720931Z         }
2026-09-05T20:54:19.8721040Z       ]
2026-09-05T20:54:19.8721162Z     },
2026-09-05T20:54:19.8721243Z     {
2026-09-05T20:54:19.8721370Z       "backtrace" : 99,
2026-09-05T20:54:19.8721457Z       "command" : 
2026-09-05T20:54:19.8721581Z       [
2026-09-05T20:54:19.8721742Z         "C:/openfhe-2023-1788/project-build-33991083281-1/rs2_test.exe",
2026-09-05T20:54:19.8721877Z         "terminal_rejections"
2026-09-05T20:54:19.8721964Z       ],
2026-09-05T20:54:19.8722101Z       "name" : "rs2_terminal_rejections",
2026-09-05T20:54:19.8722218Z       "properties" : 
2026-09-05T20:54:19.8722294Z       [
2026-09-05T20:54:19.8722398Z         {
2026-09-05T20:54:19.8722506Z           "name" : "WORKING_DIRECTORY",
2026-09-05T20:54:19.8722685Z           "value" : "C:/openfhe-2023-1788/project-build-33991083281-1"
2026-09-05T20:54:19.8722766Z         }
2026-09-05T20:54:19.8723412Z       ]
2026-09-05T20:54:19.8723496Z     },
2026-09-05T20:54:19.8723618Z     {
2026-09-05T20:54:19.8723742Z       "backtrace" : 101,
2026-09-05T20:54:19.8723831Z       "command" : 
2026-09-05T20:54:19.8723954Z       [
2026-09-05T20:54:19.8724131Z         "C:/openfhe-2023-1788/project-build-33991083281-1/mult2_test.exe",
2026-09-05T20:54:19.8724268Z         "composition_contract"
2026-09-05T20:54:19.8724353Z       ],
2026-09-05T20:54:19.8724499Z       "name" : "mult2_composition_contract",
2026-09-05T20:54:19.8724655Z       "properties" : 
2026-09-05T20:54:19.8724766Z       [
2026-09-05T20:54:19.8724874Z         {
2026-09-05T20:54:19.8724982Z           "name" : "WORKING_DIRECTORY",
2026-09-05T20:54:19.8725157Z           "value" : "C:/openfhe-2023-1788/project-build-33991083281-1"
2026-09-05T20:54:19.8725234Z         }
2026-09-05T20:54:19.8725339Z       ]
2026-09-05T20:54:19.8725429Z     },
2026-09-05T20:54:19.8725539Z     {
2026-09-05T20:54:19.8725630Z       "backtrace" : 103,
2026-09-05T20:54:19.8725749Z       "command" : 
2026-09-05T20:54:19.8725856Z       [
2026-09-05T20:54:19.8726062Z         "C:/openfhe-2023-1788/project-build-33991083281-1/mult2_e2e_oracle_test.exe",
2026-09-05T20:54:19.8726182Z         "hybrid_real"
2026-09-05T20:54:19.8726261Z       ],
2026-09-05T20:54:19.8726399Z       "name" : "mult2_e2e_hybrid_real",
2026-09-05T20:54:19.8726485Z       "properties" : 
2026-09-05T20:54:19.8726607Z       [
2026-09-05T20:54:19.8726687Z         {
2026-09-05T20:54:19.8726813Z           "name" : "WORKING_DIRECTORY",
2026-09-05T20:54:19.8726991Z           "value" : "C:/openfhe-2023-1788/project-build-33991083281-1"
2026-09-05T20:54:19.8727071Z         }
2026-09-05T20:54:19.8727190Z       ]
2026-09-05T20:54:19.8727269Z     },
2026-09-05T20:54:19.8727390Z     {
2026-09-05T20:54:19.8727479Z       "backtrace" : 105,
2026-09-05T20:54:19.8727600Z       "command" : 
2026-09-05T20:54:19.8727679Z       [
2026-09-05T20:54:19.8727975Z         "C:/openfhe-2023-1788/project-build-33991083281-1/mult2_e2e_oracle_test.exe",
2026-09-05T20:54:19.8728151Z         "hybrid_complex"
2026-09-05T20:54:19.8728250Z       ],
2026-09-05T20:54:19.8728427Z       "name" : "mult2_e2e_hybrid_complex",
2026-09-05T20:54:19.8728533Z       "properties" : 
2026-09-05T20:54:19.8728689Z       [
2026-09-05T20:54:19.8728788Z         {
2026-09-05T20:54:19.8729011Z           "name" : "WORKING_DIRECTORY",
2026-09-05T20:54:19.8729202Z           "value" : "C:/openfhe-2023-1788/project-build-33991083281-1"
2026-09-05T20:54:19.8729295Z         }
2026-09-05T20:54:19.8729407Z       ]
2026-09-05T20:54:19.8729490Z     },
2026-09-05T20:54:19.8729615Z     {
2026-09-05T20:54:19.8729705Z       "backtrace" : 107,
2026-09-05T20:54:19.8729823Z       "command" : 
2026-09-05T20:54:19.8729913Z       [
2026-09-05T20:54:19.8730154Z         "C:/openfhe-2023-1788/project-build-33991083281-1/mult2_e2e_oracle_test.exe",
2026-09-05T20:54:19.8730274Z         "bv_real"
2026-09-05T20:54:19.8730353Z       ],
2026-09-05T20:54:19.8730491Z       "name" : "mult2_e2e_bv_real",
2026-09-05T20:54:19.8730576Z       "properties" : 
2026-09-05T20:54:19.8730687Z       [
2026-09-05T20:54:19.8730766Z         {
2026-09-05T20:54:19.8730897Z           "name" : "WORKING_DIRECTORY",
2026-09-05T20:54:19.8731044Z           "value" : "C:/openfhe-2023-1788/project-build-33991083281-1"
2026-09-05T20:54:19.8731151Z         }
2026-09-05T20:54:19.8731244Z       ]
2026-09-05T20:54:19.8731307Z     },
2026-09-05T20:54:19.8731410Z     {
2026-09-05T20:54:19.8731486Z       "backtrace" : 109,
2026-09-05T20:54:19.8731587Z       "command" : 
2026-09-05T20:54:19.8731664Z       [
2026-09-05T20:54:19.8731891Z         "C:/openfhe-2023-1788/project-build-33991083281-1/mult2_e2e_oracle_test.exe",
2026-09-05T20:54:19.8731983Z         "bv_complex"
2026-09-05T20:54:19.8732101Z       ],
2026-09-05T20:54:19.8732235Z       "name" : "mult2_e2e_bv_complex",
2026-09-05T20:54:19.8732315Z       "properties" : 
2026-09-05T20:54:19.8732421Z       [
2026-09-05T20:54:19.8732578Z         {
2026-09-05T20:54:19.8732707Z           "name" : "WORKING_DIRECTORY",
2026-09-05T20:54:19.8732856Z           "value" : "C:/openfhe-2023-1788/project-build-33991083281-1"
2026-09-05T20:54:19.8732970Z         }
2026-09-05T20:54:19.8733049Z       ]
2026-09-05T20:54:19.8733153Z     },
2026-09-05T20:54:19.8733259Z     {
2026-09-05T20:54:19.8733344Z       "backtrace" : 111,
2026-09-05T20:54:19.8733460Z       "command" : 
2026-09-05T20:54:19.8733542Z       [
2026-09-05T20:54:19.8733770Z         "C:/openfhe-2023-1788/project-build-33991083281-1/mult2_e2e_oracle_test.exe",
2026-09-05T20:54:19.8733951Z         "pair_add_input_hybrid_complex"
2026-09-05T20:54:19.8734062Z       ],
2026-09-05T20:54:19.8734192Z       "name" : "mult2_pair_add_input_hybrid_complex",
2026-09-05T20:54:19.8734313Z       "properties" : 
2026-09-05T20:54:19.8734419Z       [
2026-09-05T20:54:19.8734498Z         {
2026-09-05T20:54:19.8734621Z           "name" : "WORKING_DIRECTORY",
2026-09-05T20:54:19.8734772Z           "value" : "C:/openfhe-2023-1788/project-build-33991083281-1"
2026-09-05T20:54:19.8734878Z         }
2026-09-05T20:54:19.8734955Z       ]
2026-09-05T20:54:19.8735066Z     },
2026-09-05T20:54:19.8735146Z     {
2026-09-05T20:54:19.8735259Z       "backtrace" : 113,
2026-09-05T20:54:19.8735340Z       "command" : 
2026-09-05T20:54:19.8735400Z       [
2026-09-05T20:54:19.8735600Z         "C:/openfhe-2023-1788/project-build-33991083281-1/mult2_e2e_oracle_test.exe",
2026-09-05T20:54:19.8735701Z         "pair_sub_input_hybrid_complex"
2026-09-05T20:54:19.8735812Z       ],
2026-09-05T20:54:19.8735936Z       "name" : "mult2_pair_sub_input_hybrid_complex",
2026-09-05T20:54:19.8736056Z       "properties" : 
2026-09-05T20:54:19.8736135Z       [
2026-09-05T20:54:19.8736248Z         {
2026-09-05T20:54:19.8736372Z           "name" : "WORKING_DIRECTORY",
2026-09-05T20:54:19.8736516Z           "value" : "C:/openfhe-2023-1788/project-build-33991083281-1"
2026-09-05T20:54:19.8736628Z         }
2026-09-05T20:54:19.8736709Z       ]
2026-09-05T20:54:19.8736821Z     }
2026-09-05T20:54:19.8736901Z   ],
2026-09-05T20:54:19.8737015Z   "version" : 
2026-09-05T20:54:19.8737096Z   {
2026-09-05T20:54:19.8737211Z     "major" : 1,
2026-09-05T20:54:19.8737337Z     "minor" : 0
2026-09-05T20:54:19.8737415Z   }
2026-09-05T20:54:19.8737749Z }UpdateCTestConfiguration  from :C:/openfhe-2023-1788/project-build-33991083281-1/DartConfiguration.tcl
2026-09-05T20:54:19.8748175Z Test project C:/openfhe-2023-1788/project-build-33991083281-1
2026-09-05T20:54:19.8756110Z Constructing a list of tests
2026-09-05T20:54:19.8767928Z Done constructing a list of tests
2026-09-05T20:54:19.8769036Z Updating test list for fixtures
2026-09-05T20:54:19.8769330Z Added 0 tests to meet fixture requirements
2026-09-05T20:54:19.8774089Z Checking test dependency graph...
2026-09-05T20:54:19.8774419Z Checking test dependency graph end
2026-09-05T20:54:19.8775492Z test 1
2026-09-05T20:54:19.8776310Z       Start  1: dcp_rcb
2026-09-05T20:54:19.8776991Z 
2026-09-05T20:54:19.8777431Z 1: Test command: C:\openfhe-2023-1788\project-build-33991083281-1\dcp_rcb_test.exe
2026-09-05T20:54:19.8777691Z 1: Working Directory: C:/openfhe-2023-1788/project-build-33991083281-1
2026-09-05T20:54:19.8778995Z 1: Test timeout computed to be: 10000000
2026-09-05T20:54:19.9810908Z 1: DCP/RCB independent-oracle tests passed
2026-09-05T20:54:19.9825347Z  1/57 Test  #1: dcp_rcb .........................................   Passed    0.10 sec
2026-09-05T20:54:19.9978976Z test 2
2026-09-05T20:54:19.9979331Z       Start  2: precision_dcp_rcb_high_precision_contract
2026-09-05T20:54:19.9980322Z 
2026-09-05T20:54:19.9980920Z 2: Test command: C:\openfhe-2023-1788\project-build-33991083281-1\precision_dcp_rcb_contract_test.exe
2026-09-05T20:54:19.9981385Z 2: Working Directory: C:/openfhe-2023-1788/project-build-33991083281-1
2026-09-05T20:54:19.9981612Z 2: Test timeout computed to be: 10000000
2026-09-05T20:54:20.1252067Z 2: test=precision_dcp_rcb_high_precision_contract trial=0 security_level=HEStd_NotSet(functional-diagnostic-only) key_switch=HYBRID ckks_data_type=COMPLEX N=64 batch=16 depth=7 scaling_mod_size=50 first_mod_size=55 scale_bits=100 q_div=1125899906843009 active_modulus_bits=356 maximum_coefficient_bits=98 approximate_headroom_bits=258 delta_error=4.7338202889907742653685681365514837491503e-29 max_slot_error=3.0739349177145838816980438249818589233486e-28
2026-09-05T20:54:20.1256163Z 2: test=precision_dcp_rcb_high_precision_contract trial=1 security_level=HEStd_NotSet(functional-diagnostic-only) key_switch=HYBRID ckks_data_type=COMPLEX N=64 batch=16 depth=7 scaling_mod_size=50 first_mod_size=55 scale_bits=100 q_div=1125899906843009 active_modulus_bits=356 maximum_coefficient_bits=98 approximate_headroom_bits=258 delta_error=3.1907695394891770669008661441002582842024e-28 max_slot_error=3.8603127770779239506148219355448744715039e-28
2026-09-05T20:54:20.1260259Z 2: test=precision_dcp_rcb_high_precision_contract trial=2 security_level=HEStd_NotSet(functional-diagnostic-only) key_switch=HYBRID ckks_data_type=COMPLEX N=64 batch=16 depth=7 scaling_mod_size=50 first_mod_size=55 scale_bits=100 q_div=1125899906843009 active_modulus_bits=356 maximum_coefficient_bits=98 approximate_headroom_bits=258 delta_error=2.2007674210675298556697316956063456931930e-28 max_slot_error=2.7683916190852323378586536226939668478716e-28
2026-09-05T20:54:20.1264080Z 2: test=precision_dcp_rcb_high_precision_contract trial=3 security_level=HEStd_NotSet(functional-diagnostic-only) key_switch=HYBRID ckks_data_type=COMPLEX N=64 batch=16 depth=7 scaling_mod_size=50 first_mod_size=55 scale_bits=100 q_div=1125899906843009 active_modulus_bits=356 maximum_coefficient_bits=98 approximate_headroom_bits=258 delta_error=1.3833060888614365858971656338667373558681e-28 max_slot_error=5.0523473736354639886543472423382632111828e-28
2026-09-05T20:54:20.1266051Z 2: precision_dcp_rcb_high_precision_contract=PASS
2026-09-05T20:54:20.1266862Z  2/57 Test  #2: precision_dcp_rcb_high_precision_contract .......   Passed    0.13 sec
2026-09-05T20:54:20.1271591Z test 3
2026-09-05T20:54:20.1272606Z       Start  3: precision_first_mult2_high_precision_contract
2026-09-05T20:54:20.1272924Z 
2026-09-05T20:54:20.1273354Z 3: Test command: C:\openfhe-2023-1788\project-build-33991083281-1\precision_first_mult2_contract_test.exe
2026-09-05T20:54:20.1274356Z 3: Working Directory: C:/openfhe-2023-1788/project-build-33991083281-1
2026-09-05T20:54:20.1274714Z 3: Test timeout computed to be: 10000000
2026-09-05T20:54:20.3282219Z 3: test=precision_first_mult2_high_precision_contract trial=0 claim_scope=first-Mult2-diagnostic-only security_level=HEStd_NotSet(diagnostic-only) key_switch=HYBRID ckks_data_type=COMPLEX N=64 batch=16 depth=7 scaling_mod_size=50 first_mod_size=55 input_scale_numerator=2^100 final_logical_scale_numerator=2^200 final_logical_scale_denominator=1267650600226646386227681786497 q_div=1125899906843009 q_l=1125899906840833 input_product_centered_headroom_bits=160 output_centered_headroom_bits=210 coefficient_error_numerator=127632903501588714911598887860798 coefficient_error_denominator=1267650600226646386227681786497 frozen_abs_tolerance=2^-80 product_delta_error=1.0091994559024979089008797262628102011146e-28 max_slot_error=7.0060419770654039513268823678132173242815e-28
2026-09-05T20:54:20.3289486Z 3: test=precision_first_mult2_high_precision_contract trial=1 claim_scope=first-Mult2-diagnostic-only security_level=HEStd_NotSet(diagnostic-only) key_switch=HYBRID ckks_data_type=COMPLEX N=64 batch=16 depth=7 scaling_mod_size=50 first_mod_size=55 input_scale_numerator=2^100 final_logical_scale_numerator=2^200 final_logical_scale_denominator=1267650600226646386227681786497 q_div=1125899906843009 q_l=1125899906840833 input_product_centered_headroom_bits=160 output_centered_headroom_bits=210 coefficient_error_numerator=139885867272679666162458046999513 coefficient_error_denominator=1267650600226646386227681786497 frozen_abs_tolerance=2^-80 product_delta_error=1.4587724558476772672325020591773777170240e-28 max_slot_error=8.1216992007136793570795301836398062807083e-28
2026-09-05T20:54:20.3295864Z 3: test=precision_first_mult2_high_precision_contract trial=2 claim_scope=first-Mult2-diagnostic-only security_level=HEStd_NotSet(diagnostic-only) key_switch=HYBRID ckks_data_type=COMPLEX N=64 batch=16 depth=7 scaling_mod_size=50 first_mod_size=55 input_scale_numerator=2^100 final_logical_scale_numerator=2^200 final_logical_scale_denominator=1267650600226646386227681786497 q_div=1125899906843009 q_l=1125899906840833 input_product_centered_headroom_bits=160 output_centered_headroom_bits=210 coefficient_error_numerator=92406833914187464974140692645315 coefficient_error_denominator=1267650600226646386227681786497 frozen_abs_tolerance=2^-80 product_delta_error=9.5378432965534774242931988152182280600436e-29 max_slot_error=5.1733575155417379486813719155428293875142e-28
2026-09-05T20:54:20.3301693Z 3: test=precision_first_mult2_high_precision_contract trial=3 claim_scope=first-Mult2-diagnostic-only security_level=HEStd_NotSet(diagnostic-only) key_switch=HYBRID ckks_data_type=COMPLEX N=64 batch=16 depth=7 scaling_mod_size=50 first_mod_size=55 input_scale_numerator=2^100 final_logical_scale_numerator=2^200 final_logical_scale_denominator=1267650600226646386227681786497 q_div=1125899906843009 q_l=1125899906840833 input_product_centered_headroom_bits=160 output_centered_headroom_bits=210 coefficient_error_numerator=110235623793139529789956841088732 coefficient_error_denominator=1267650600226646386227681786497 frozen_abs_tolerance=2^-80 product_delta_error=1.7618043083121931147778460010145129386285e-28 max_slot_error=6.2518658209493205100726432070436953115567e-28
2026-09-05T20:54:20.3304938Z 3: precision_first_mult2_high_precision_contract=PASS
2026-09-05T20:54:20.3305621Z  3/57 Test  #3: precision_first_mult2_high_precision_contract ...   Passed    0.20 sec
2026-09-05T20:54:20.3306173Z test 4
2026-09-05T20:54:20.3306485Z       Start  4: pair_add_runtime_behavior
2026-09-05T20:54:20.3306744Z 
2026-09-05T20:54:20.3307098Z 4: Test command: C:\openfhe-2023-1788\project-build-33991083281-1\pair_add_test.exe
2026-09-05T20:54:20.3307807Z 4: Working Directory: C:/openfhe-2023-1788/project-build-33991083281-1
2026-09-05T20:54:20.3308335Z 4: Test timeout computed to be: 10000000
2026-09-05T20:54:20.3466235Z 4: pair Add runtime behavior passed
2026-09-05T20:54:20.3478483Z  4/57 Test  #4: pair_add_runtime_behavior .......................   Passed    0.02 sec
2026-09-05T20:54:20.3481758Z test 5
2026-09-05T20:54:20.3482289Z       Start  5: pair_sub_runtime_behavior
2026-09-05T20:54:20.3483123Z 
2026-09-05T20:54:20.3483651Z 5: Test command: C:\openfhe-2023-1788\project-build-33991083281-1\pair_sub_test.exe
2026-09-05T20:54:20.3484370Z 5: Working Directory: C:/openfhe-2023-1788/project-build-33991083281-1
2026-09-05T20:54:20.3484796Z 5: Test timeout computed to be: 10000000
2026-09-05T20:54:20.3641705Z 5: pair Sub runtime behavior passed
2026-09-05T20:54:20.3653595Z  5/57 Test  #5: pair_sub_runtime_behavior .......................   Passed    0.02 sec
2026-09-05T20:54:20.3656511Z test 6
2026-09-05T20:54:20.3656887Z       Start  6: pair_arithmetic_controlled_oracle
2026-09-05T20:54:20.3657197Z 
2026-09-05T20:54:20.3657761Z 6: Test command: C:\openfhe-2023-1788\project-build-33991083281-1\pair_arithmetic_test.exe "controlled_oracle"
2026-09-05T20:54:20.3658346Z 6: Working Directory: C:/openfhe-2023-1788/project-build-33991083281-1
2026-09-05T20:54:20.3658715Z 6: Test timeout computed to be: 10000000
2026-09-05T20:54:20.7607685Z 6: pair-arithmetic case passed: controlled_oracle
2026-09-05T20:54:20.7621200Z  6/57 Test  #6: pair_arithmetic_controlled_oracle ...............   Passed    0.40 sec
2026-09-05T20:54:20.7625123Z test 7
2026-09-05T20:54:20.7625464Z       Start  7: pair_arithmetic_public_lifecycles_keyless
2026-09-05T20:54:20.7626201Z 
2026-09-05T20:54:20.7626773Z 7: Test command: C:\openfhe-2023-1788\project-build-33991083281-1\pair_arithmetic_test.exe "public_lifecycles_keyless"
2026-09-05T20:54:20.7627569Z 7: Working Directory: C:/openfhe-2023-1788/project-build-33991083281-1
2026-09-05T20:54:20.7627939Z 7: Test timeout computed to be: 10000000
2026-09-05T20:54:21.1625822Z 7: pair-arithmetic case passed: public_lifecycles_keyless
2026-09-05T20:54:21.1639303Z  7/57 Test  #7: pair_arithmetic_public_lifecycles_keyless .......   Passed    0.40 sec
2026-09-05T20:54:21.1643089Z test 8
2026-09-05T20:54:21.1643533Z       Start  8: pair_arithmetic_compatibility_rejections
2026-09-05T20:54:21.1643904Z 
2026-09-05T20:54:21.1644479Z 8: Test command: C:\openfhe-2023-1788\project-build-33991083281-1\pair_arithmetic_test.exe "compatibility_rejections"
2026-09-05T20:54:21.1645427Z 8: Working Directory: C:/openfhe-2023-1788/project-build-33991083281-1
2026-09-05T20:54:21.1645876Z 8: Test timeout computed to be: 10000000
2026-09-05T20:54:21.2460212Z 8: pair-arithmetic case passed: compatibility_rejections
2026-09-05T20:54:21.2472965Z  8/57 Test  #8: pair_arithmetic_compatibility_rejections ........   Passed    0.08 sec
2026-09-05T20:54:21.2476657Z test 9
2026-09-05T20:54:21.2477038Z       Start  9: tensor2_valid_arithmetic_immutability
2026-09-05T20:54:21.2477938Z 
2026-09-05T20:54:21.2478437Z 9: Test command: C:\openfhe-2023-1788\project-build-33991083281-1\tensor2_test.exe "valid_arithmetic_immutability"
2026-09-05T20:54:21.2479026Z 9: Working Directory: C:/openfhe-2023-1788/project-build-33991083281-1
2026-09-05T20:54:21.2479382Z 9: Test timeout computed to be: 10000000
2026-09-05T20:54:21.2674811Z 9: Tensor2 case passed: valid_arithmetic_immutability
2026-09-05T20:54:21.2686424Z  9/57 Test  #9: tensor2_valid_arithmetic_immutability ...........   Passed    0.02 sec
2026-09-05T20:54:21.2689663Z test 10
2026-09-05T20:54:21.2690097Z       Start 10: tensor2_result_scale_contract
2026-09-05T20:54:21.2690376Z 
2026-09-05T20:54:21.2690724Z 10: Test command: C:\openfhe-2023-1788\project-build-33991083281-1\tensor2_test.exe "result_scale_contract"
2026-09-05T20:54:21.2691270Z 10: Working Directory: C:/openfhe-2023-1788/project-build-33991083281-1
2026-09-05T20:54:21.2691630Z 10: Test timeout computed to be: 10000000
2026-09-05T20:54:21.2829621Z 10: Tensor2 case passed: result_scale_contract
2026-09-05T20:54:21.2840348Z 10/57 Test #10: tensor2_result_scale_contract ...................   Passed    0.01 sec
2026-09-05T20:54:21.2843923Z test 11
2026-09-05T20:54:21.2844401Z       Start 11: tensor2_right_input_validation
2026-09-05T20:54:21.2844741Z 
2026-09-05T20:54:21.2845235Z 11: Test command: C:\openfhe-2023-1788\project-build-33991083281-1\tensor2_test.exe "right_input_validation"
2026-09-05T20:54:21.2846143Z 11: Working Directory: C:/openfhe-2023-1788/project-build-33991083281-1
2026-09-05T20:54:21.2846698Z 11: Test timeout computed to be: 10000000
2026-09-05T20:54:21.2961426Z 11: Tensor2 case passed: right_input_validation
2026-09-05T20:54:21.2971222Z 11/57 Test #11: tensor2_right_input_validation ..................   Passed    0.01 sec
2026-09-05T20:54:21.2974002Z test 12
2026-09-05T20:54:21.2974392Z       Start 12: tensor2_mutual_compatibility
2026-09-05T20:54:21.2974718Z 
2026-09-05T20:54:21.2975314Z 12: Test command: C:\openfhe-2023-1788\project-build-33991083281-1\tensor2_test.exe "mutual_compatibility"
2026-09-05T20:54:21.2975855Z 12: Working Directory: C:/openfhe-2023-1788/project-build-33991083281-1
2026-09-05T20:54:21.2976246Z 12: Test timeout computed to be: 10000000
2026-09-05T20:54:21.3090700Z 12: Tensor2 case passed: mutual_compatibility
2026-09-05T20:54:21.3101525Z 12/57 Test #12: tensor2_mutual_compatibility ....................   Passed    0.01 sec
2026-09-05T20:54:21.3104159Z test 13
2026-09-05T20:54:21.3104509Z       Start 13: tensor2_prearithmetic_key_compatibility
2026-09-05T20:54:21.3104802Z 
2026-09-05T20:54:21.3105233Z 13: Test command: C:\openfhe-2023-1788\project-build-33991083281-1\tensor2_test.exe "prearithmetic_key_compatibility"
2026-09-05T20:54:21.3105905Z 13: Working Directory: C:/openfhe-2023-1788/project-build-33991083281-1
2026-09-05T20:54:21.3106489Z 13: Test timeout computed to be: 10000000
2026-09-05T20:54:21.3238804Z 13: Tensor2 case passed: prearithmetic_key_compatibility
2026-09-05T20:54:21.3249542Z 13/57 Test #13: tensor2_prearithmetic_key_compatibility .........   Passed    0.01 sec
2026-09-05T20:54:21.3252481Z test 14
2026-09-05T20:54:21.3253107Z       Start 14: relin2_tensor_validation_order
2026-09-05T20:54:21.3253655Z 
2026-09-05T20:54:21.3254654Z 14: Test command: C:\openfhe-2023-1788\project-build-33991083281-1\relin2_test.exe "tensor_validation_order"
2026-09-05T20:54:21.3255643Z 14: Working Directory: C:/openfhe-2023-1788/project-build-33991083281-1
2026-09-05T20:54:21.3256566Z 14: Test timeout computed to be: 10000000
2026-09-05T20:54:21.3410871Z 14: Relin2 case passed: tensor_validation_order
2026-09-05T20:54:21.3421865Z 14/57 Test #14: relin2_tensor_validation_order ..................   Passed    0.02 sec
2026-09-05T20:54:21.3424797Z test 15
2026-09-05T20:54:21.3425127Z       Start 15: relin2_insufficient_active_basis
2026-09-05T20:54:21.3425482Z 
2026-09-05T20:54:21.3425944Z 15: Test command: C:\openfhe-2023-1788\project-build-33991083281-1\relin2_test.exe "insufficient_active_basis"
2026-09-05T20:54:21.3426569Z 15: Working Directory: C:/openfhe-2023-1788/project-build-33991083281-1
2026-09-05T20:54:21.3426960Z 15: Test timeout computed to be: 10000000
2026-09-05T20:54:21.3562868Z 15: Relin2 case passed: insufficient_active_basis
2026-09-05T20:54:21.3574344Z 15/57 Test #15: relin2_insufficient_active_basis ................   Passed    0.01 sec
2026-09-05T20:54:21.3577096Z test 16
2026-09-05T20:54:21.3577444Z       Start 16: relin2_missing_eval_key
2026-09-05T20:54:21.3577909Z 
2026-09-05T20:54:21.3578512Z 16: Test command: C:\openfhe-2023-1788\project-build-33991083281-1\relin2_test.exe "missing_eval_key"
2026-09-05T20:54:21.3579369Z 16: Working Directory: C:/openfhe-2023-1788/project-build-33991083281-1
2026-09-05T20:54:21.3579929Z 16: Test timeout computed to be: 10000000
2026-09-05T20:54:21.3704535Z 16: Relin2 case passed: missing_eval_key
2026-09-05T20:54:21.3714937Z 16/57 Test #16: relin2_missing_eval_key .........................   Passed    0.01 sec
2026-09-05T20:54:21.3717582Z test 17
2026-09-05T20:54:21.3717891Z       Start 17: relin2_key_empty
2026-09-05T20:54:21.3718156Z 
2026-09-05T20:54:21.3718912Z 17: Test command: C:\openfhe-2023-1788\project-build-33991083281-1\relin2_test.exe "key_empty"
2026-09-05T20:54:21.3719845Z 17: Working Directory: C:/openfhe-2023-1788/project-build-33991083281-1
2026-09-05T20:54:21.3720470Z 17: Test timeout computed to be: 10000000
2026-09-05T20:54:21.3847548Z 17: Relin2 case passed: key_empty
2026-09-05T20:54:21.3858188Z 17/57 Test #17: relin2_key_empty ................................   Passed    0.01 sec
2026-09-05T20:54:21.3860967Z test 18
2026-09-05T20:54:21.3861327Z       Start 18: relin2_key_null_first
2026-09-05T20:54:21.3861625Z 
2026-09-05T20:54:21.3861949Z 18: Test command: C:\openfhe-2023-1788\project-build-33991083281-1\relin2_test.exe "key_null_first"
2026-09-05T20:54:21.3862600Z 18: Working Directory: C:/openfhe-2023-1788/project-build-33991083281-1
2026-09-05T20:54:21.3863027Z 18: Test timeout computed to be: 10000000
2026-09-05T20:54:21.3996247Z 18: Relin2 case passed: key_null_first
2026-09-05T20:54:21.4006725Z 18/57 Test #18: relin2_key_null_first ...........................   Passed    0.01 sec
2026-09-05T20:54:21.4009739Z test 19
2026-09-05T20:54:21.4010115Z       Start 19: relin2_key_wrong_context
2026-09-05T20:54:21.4010427Z 
2026-09-05T20:54:21.4010825Z 19: Test command: C:\openfhe-2023-1788\project-build-33991083281-1\relin2_test.exe "key_wrong_context"
2026-09-05T20:54:21.4011422Z 19: Working Directory: C:/openfhe-2023-1788/project-build-33991083281-1
2026-09-05T20:54:21.4011864Z 19: Test timeout computed to be: 10000000
2026-09-05T20:54:21.4169639Z 19: Relin2 case passed: key_wrong_context
2026-09-05T20:54:21.4179502Z 19/57 Test #19: relin2_key_wrong_context ........................   Passed    0.02 sec
2026-09-05T20:54:21.4182080Z test 20
2026-09-05T20:54:21.4182667Z       Start 20: relin2_key_wrong_tag
2026-09-05T20:54:21.4182937Z 
2026-09-05T20:54:21.4183262Z 20: Test command: C:\openfhe-2023-1788\project-build-33991083281-1\relin2_test.exe "key_wrong_tag"
2026-09-05T20:54:21.4183868Z 20: Working Directory: C:/openfhe-2023-1788/project-build-33991083281-1
2026-09-05T20:54:21.4184315Z 20: Test timeout computed to be: 10000000
2026-09-05T20:54:21.4319442Z 20: Relin2 case passed: key_wrong_tag
2026-09-05T20:54:21.4330284Z 20/57 Test #20: relin2_key_wrong_tag ............................   Passed    0.01 sec
2026-09-05T20:54:21.4333002Z test 21
2026-09-05T20:54:21.4333330Z       Start 21: relin2_key_wrong_subtype
2026-09-05T20:54:21.4333591Z 
2026-09-05T20:54:21.4333950Z 21: Test command: C:\openfhe-2023-1788\project-build-33991083281-1\relin2_test.exe "key_wrong_subtype"
2026-09-05T20:54:21.4334473Z 21: Working Directory: C:/openfhe-2023-1788/project-build-33991083281-1
2026-09-05T20:54:21.4334845Z 21: Test timeout computed to be: 10000000
2026-09-05T20:54:21.4536035Z 21: Relin2 case passed: key_wrong_subtype
2026-09-05T20:54:21.4548059Z 21/57 Test #21: relin2_key_wrong_subtype ........................   Passed    0.02 sec
2026-09-05T20:54:21.4550778Z test 22
2026-09-05T20:54:21.4551176Z       Start 22: relin2_key_hybrid_a_length
2026-09-05T20:54:21.4551536Z 
2026-09-05T20:54:21.4551981Z 22: Test command: C:\openfhe-2023-1788\project-build-33991083281-1\relin2_test.exe "key_hybrid_a_length"
2026-09-05T20:54:21.4552715Z 22: Working Directory: C:/openfhe-2023-1788/project-build-33991083281-1
2026-09-05T20:54:21.4553206Z 22: Test timeout computed to be: 10000000
2026-09-05T20:54:21.4696435Z 22: Relin2 case passed: key_hybrid_a_length
2026-09-05T20:54:21.4706339Z 22/57 Test #22: relin2_key_hybrid_a_length ......................   Passed    0.02 sec
2026-09-05T20:54:21.4708967Z test 23
2026-09-05T20:54:21.4709334Z       Start 23: relin2_key_hybrid_b_length
2026-09-05T20:54:21.4709616Z 
2026-09-05T20:54:21.4709951Z 23: Test command: C:\openfhe-2023-1788\project-build-33991083281-1\relin2_test.exe "key_hybrid_b_length"
2026-09-05T20:54:21.4710499Z 23: Working Directory: C:/openfhe-2023-1788/project-build-33991083281-1
2026-09-05T20:54:21.4710874Z 23: Test timeout computed to be: 10000000
2026-09-05T20:54:21.4844583Z 23: Relin2 case passed: key_hybrid_b_length
2026-09-05T20:54:21.4854304Z 23/57 Test #23: relin2_key_hybrid_b_length ......................   Passed    0.01 sec
2026-09-05T20:54:21.4857066Z test 24
2026-09-05T20:54:21.4857400Z       Start 24: relin2_key_hybrid_entry_basis
2026-09-05T20:54:21.4857757Z 
2026-09-05T20:54:21.4858200Z 24: Test command: C:\openfhe-2023-1788\project-build-33991083281-1\relin2_test.exe "key_hybrid_entry_basis"
2026-09-05T20:54:21.4858767Z 24: Working Directory: C:/openfhe-2023-1788/project-build-33991083281-1
2026-09-05T20:54:21.4859153Z 24: Test timeout computed to be: 10000000
2026-09-05T20:54:21.5053535Z 24: Relin2 case passed: key_hybrid_entry_basis
2026-09-05T20:54:21.5063741Z 24/57 Test #24: relin2_key_hybrid_entry_basis ...................   Passed    0.02 sec
2026-09-05T20:54:21.5066270Z test 25
2026-09-05T20:54:21.5066710Z       Start 25: relin2_key_hybrid_entry_format
2026-09-05T20:54:21.5067093Z 
2026-09-05T20:54:21.5067522Z 25: Test command: C:\openfhe-2023-1788\project-build-33991083281-1\relin2_test.exe "key_hybrid_entry_format"
2026-09-05T20:54:21.5068251Z 25: Working Directory: C:/openfhe-2023-1788/project-build-33991083281-1
2026-09-05T20:54:21.5068640Z 25: Test timeout computed to be: 10000000
2026-09-05T20:54:21.5263459Z 25: Relin2 case passed: key_hybrid_entry_format
2026-09-05T20:54:21.5273995Z 25/57 Test #25: relin2_key_hybrid_entry_format ..................   Passed    0.02 sec
2026-09-05T20:54:21.5277048Z test 26
2026-09-05T20:54:21.5277406Z       Start 26: relin2_key_bv_zero_digit_a_length
2026-09-05T20:54:21.5277783Z 
2026-09-05T20:54:21.5278277Z 26: Test command: C:\openfhe-2023-1788\project-build-33991083281-1\relin2_test.exe "key_bv_zero_digit_a_length"
2026-09-05T20:54:21.5279088Z 26: Working Directory: C:/openfhe-2023-1788/project-build-33991083281-1
2026-09-05T20:54:21.5279512Z 26: Test timeout computed to be: 10000000
2026-09-05T20:54:21.5444671Z 26: Relin2 case passed: key_bv_zero_digit_a_length
2026-09-05T20:54:21.5455358Z 26/57 Test #26: relin2_key_bv_zero_digit_a_length ...............   Passed    0.02 sec
2026-09-05T20:54:21.5458129Z test 27
2026-09-05T20:54:21.5458506Z       Start 27: relin2_key_bv_zero_digit_b_length
2026-09-05T20:54:21.5458817Z 
2026-09-05T20:54:21.5459372Z 27: Test command: C:\openfhe-2023-1788\project-build-33991083281-1\relin2_test.exe "key_bv_zero_digit_b_length"
2026-09-05T20:54:21.5460305Z 27: Working Directory: C:/openfhe-2023-1788/project-build-33991083281-1
2026-09-05T20:54:21.5460778Z 27: Test timeout computed to be: 10000000
2026-09-05T20:54:21.5621868Z 27: Relin2 case passed: key_bv_zero_digit_b_length
2026-09-05T20:54:21.5632748Z 27/57 Test #27: relin2_key_bv_zero_digit_b_length ...............   Passed    0.02 sec
2026-09-05T20:54:21.5635416Z test 28
2026-09-05T20:54:21.5636045Z       Start 28: relin2_key_bv_nonzero_digit_a_length
2026-09-05T20:54:21.5636344Z 
2026-09-05T20:54:21.5636769Z 28: Test command: C:\openfhe-2023-1788\project-build-33991083281-1\relin2_test.exe "key_bv_nonzero_digit_a_length"
2026-09-05T20:54:21.5637425Z 28: Working Directory: C:/openfhe-2023-1788/project-build-33991083281-1
2026-09-05T20:54:21.5637840Z 28: Test timeout computed to be: 10000000
2026-09-05T20:54:21.5847640Z 28: Relin2 case passed: key_bv_nonzero_digit_a_length
2026-09-05T20:54:21.5857350Z 28/57 Test #28: relin2_key_bv_nonzero_digit_a_length ............   Passed    0.02 sec
2026-09-05T20:54:21.5859969Z test 29
2026-09-05T20:54:21.5860547Z       Start 29: relin2_key_bv_nonzero_digit_b_length
2026-09-05T20:54:21.5860819Z 
2026-09-05T20:54:21.5861194Z 29: Test command: C:\openfhe-2023-1788\project-build-33991083281-1\relin2_test.exe "key_bv_nonzero_digit_b_length"
2026-09-05T20:54:21.5861769Z 29: Working Directory: C:/openfhe-2023-1788/project-build-33991083281-1
2026-09-05T20:54:21.5862135Z 29: Test timeout computed to be: 10000000
2026-09-05T20:54:21.6086130Z 29: Relin2 case passed: key_bv_nonzero_digit_b_length
2026-09-05T20:54:21.6096764Z 29/57 Test #29: relin2_key_bv_nonzero_digit_b_length ............   Passed    0.02 sec
2026-09-05T20:54:21.6099405Z test 30
2026-09-05T20:54:21.6099822Z       Start 30: relin2_key_bv_zero_digit_entry_basis
2026-09-05T20:54:21.6100087Z 
2026-09-05T20:54:21.6100414Z 30: Test command: C:\openfhe-2023-1788\project-build-33991083281-1\relin2_test.exe "key_bv_zero_digit_entry_basis"
2026-09-05T20:54:21.6100984Z 30: Working Directory: C:/openfhe-2023-1788/project-build-33991083281-1
2026-09-05T20:54:21.6101347Z 30: Test timeout computed to be: 10000000
2026-09-05T20:54:21.6264339Z 30: Relin2 case passed: key_bv_zero_digit_entry_basis
2026-09-05T20:54:21.6274532Z 30/57 Test #30: relin2_key_bv_zero_digit_entry_basis ............   Passed    0.02 sec
2026-09-05T20:54:21.6277097Z test 31
2026-09-05T20:54:21.6277688Z       Start 31: relin2_key_bv_nonzero_digit_entry_basis
2026-09-05T20:54:21.6278120Z 
2026-09-05T20:54:21.6278597Z 31: Test command: C:\openfhe-2023-1788\project-build-33991083281-1\relin2_test.exe "key_bv_nonzero_digit_entry_basis"
2026-09-05T20:54:21.6279279Z 31: Working Directory: C:/openfhe-2023-1788/project-build-33991083281-1
2026-09-05T20:54:21.6279710Z 31: Test timeout computed to be: 10000000
2026-09-05T20:54:21.6497298Z 31: Relin2 case passed: key_bv_nonzero_digit_entry_basis
2026-09-05T20:54:21.6508951Z 31/57 Test #31: relin2_key_bv_nonzero_digit_entry_basis .........   Passed    0.02 sec
2026-09-05T20:54:21.6511876Z test 32
2026-09-05T20:54:21.6512350Z       Start 32: relin2_key_bv_zero_digit_entry_format
2026-09-05T20:54:21.6512637Z 
2026-09-05T20:54:21.6513025Z 32: Test command: C:\openfhe-2023-1788\project-build-33991083281-1\relin2_test.exe "key_bv_zero_digit_entry_format"
2026-09-05T20:54:21.6513878Z 32: Working Directory: C:/openfhe-2023-1788/project-build-33991083281-1
2026-09-05T20:54:21.6514304Z 32: Test timeout computed to be: 10000000
2026-09-05T20:54:21.6684635Z 32: Relin2 case passed: key_bv_zero_digit_entry_format
2026-09-05T20:54:21.6695676Z 32/57 Test #32: relin2_key_bv_zero_digit_entry_format ...........   Passed    0.02 sec
2026-09-05T20:54:21.6698191Z test 33
2026-09-05T20:54:21.6698761Z       Start 33: relin2_key_bv_nonzero_digit_entry_format
2026-09-05T20:54:21.6699095Z 
2026-09-05T20:54:21.6699554Z 33: Test command: C:\openfhe-2023-1788\project-build-33991083281-1\relin2_test.exe "key_bv_nonzero_digit_entry_format"
2026-09-05T20:54:21.6700484Z 33: Working Directory: C:/openfhe-2023-1788/project-build-33991083281-1
2026-09-05T20:54:21.6700933Z 33: Test timeout computed to be: 10000000
2026-09-05T20:54:21.6924958Z 33: Relin2 case passed: key_bv_nonzero_digit_entry_format
2026-09-05T20:54:21.6935270Z 33/57 Test #33: relin2_key_bv_nonzero_digit_entry_format ........   Passed    0.02 sec
2026-09-05T20:54:21.6938056Z test 34
2026-09-05T20:54:21.6938573Z       Start 34: relin2_valid_arithmetic_state_immutability
2026-09-05T20:54:21.6938895Z 
2026-09-05T20:54:21.6939260Z 34: Test command: C:\openfhe-2023-1788\project-build-33991083281-1\relin2_test.exe "valid_arithmetic_state_immutability"
2026-09-05T20:54:21.7348295Z 34: Working Directory: C:/openfhe-2023-1788/project-build-33991083281-1
2026-09-05T20:54:21.7348779Z 34: Test timeout computed to be: 10000000
2026-09-05T20:54:21.7349282Z 34: Relin2 case passed: valid_arithmetic_state_immutability
2026-09-05T20:54:21.7359443Z 34/57 Test #34: relin2_valid_arithmetic_state_immutability ......   Passed    0.04 sec
2026-09-05T20:54:21.7362355Z test 35
2026-09-05T20:54:21.7362993Z       Start 35: relin2_controlled_witnesses_and_boundaries
2026-09-05T20:54:21.7363827Z 
2026-09-05T20:54:21.7364410Z 35: Test command: C:\openfhe-2023-1788\project-build-33991083281-1\relin2_test.exe "controlled_witnesses_and_boundaries"
2026-09-05T20:54:21.7365429Z 35: Working Directory: C:/openfhe-2023-1788/project-build-33991083281-1
2026-09-05T20:54:21.7366067Z 35: Test timeout computed to be: 10000000
2026-09-05T20:54:21.7708220Z 35: Relin2 case passed: controlled_witnesses_and_boundaries
2026-09-05T20:54:21.7719331Z 35/57 Test #35: relin2_controlled_witnesses_and_boundaries ......   Passed    0.04 sec
2026-09-05T20:54:21.7722247Z test 36
2026-09-05T20:54:21.7722589Z       Start 36: relin2_representative_public_input
2026-09-05T20:54:21.7722850Z 
2026-09-05T20:54:21.7723227Z 36: Test command: C:\openfhe-2023-1788\project-build-33991083281-1\relin2_test.exe "representative_public_input"
2026-09-05T20:54:21.7723837Z 36: Working Directory: C:/openfhe-2023-1788/project-build-33991083281-1
2026-09-05T20:54:21.7724216Z 36: Test timeout computed to be: 10000000
2026-09-05T20:54:21.8128904Z 36: Relin2 case passed: representative_public_input
2026-09-05T20:54:21.8141894Z 36/57 Test #36: relin2_representative_public_input ..............   Passed    0.04 sec
2026-09-05T20:54:21.8145028Z test 37
2026-09-05T20:54:21.8145366Z       Start 37: relin2_key_extra_later_valid
2026-09-05T20:54:21.8145586Z 
2026-09-05T20:54:21.8146101Z 37: Test command: C:\openfhe-2023-1788\project-build-33991083281-1\relin2_test.exe "key_extra_later_valid"
2026-09-05T20:54:21.8146730Z 37: Working Directory: C:/openfhe-2023-1788/project-build-33991083281-1
2026-09-05T20:54:21.8147126Z 37: Test timeout computed to be: 10000000
2026-09-05T20:54:21.8574861Z 37: Relin2 case passed: key_extra_later_valid
2026-09-05T20:54:21.8586169Z 37/57 Test #37: relin2_key_extra_later_valid ....................   Passed    0.04 sec
2026-09-05T20:54:21.8589309Z test 38
2026-09-05T20:54:21.8590088Z       Start 38: relin2_key_malformed_later_ignored
2026-09-05T20:54:21.8590491Z 
2026-09-05T20:54:21.8591053Z 38: Test command: C:\openfhe-2023-1788\project-build-33991083281-1\relin2_test.exe "key_malformed_later_ignored"
2026-09-05T20:54:21.8592008Z 38: Working Directory: C:/openfhe-2023-1788/project-build-33991083281-1
2026-09-05T20:54:21.8592870Z 38: Test timeout computed to be: 10000000
2026-09-05T20:54:21.9008329Z 38: Relin2 case passed: key_malformed_later_ignored
2026-09-05T20:54:21.9019797Z 38/57 Test #38: relin2_key_malformed_later_ignored ..............   Passed    0.04 sec
2026-09-05T20:54:21.9022867Z test 39
2026-09-05T20:54:21.9023161Z       Start 39: relin2_hybrid_valid_shapes
2026-09-05T20:54:21.9023480Z 
2026-09-05T20:54:21.9024149Z 39: Test command: C:\openfhe-2023-1788\project-build-33991083281-1\relin2_test.exe "hybrid_valid_shapes"
2026-09-05T20:54:21.9025017Z 39: Working Directory: C:/openfhe-2023-1788/project-build-33991083281-1
2026-09-05T20:54:21.9025403Z 39: Test timeout computed to be: 10000000
2026-09-05T20:54:21.9456502Z 39: Relin2 case passed: hybrid_valid_shapes
2026-09-05T20:54:21.9468162Z 39/57 Test #39: relin2_hybrid_valid_shapes ......................   Passed    0.04 sec
2026-09-05T20:54:21.9471164Z test 40
2026-09-05T20:54:21.9471501Z       Start 40: relin2_bv_zero_digit_valid_shapes
2026-09-05T20:54:21.9471949Z 
2026-09-05T20:54:21.9472585Z 40: Test command: C:\openfhe-2023-1788\project-build-33991083281-1\relin2_test.exe "bv_zero_digit_valid_shapes"
2026-09-05T20:54:21.9473205Z 40: Working Directory: C:/openfhe-2023-1788/project-build-33991083281-1
2026-09-05T20:54:21.9473580Z 40: Test timeout computed to be: 10000000
2026-09-05T20:54:21.9801765Z 40: Relin2 case passed: bv_zero_digit_valid_shapes
2026-09-05T20:54:21.9812832Z 40/57 Test #40: relin2_bv_zero_digit_valid_shapes ...............   Passed    0.03 sec
2026-09-05T20:54:21.9815676Z test 41
2026-09-05T20:54:21.9816044Z       Start 41: relin2_bv_nonzero_digit_valid_shapes
2026-09-05T20:54:21.9816309Z 
2026-09-05T20:54:21.9816941Z 41: Test command: C:\openfhe-2023-1788\project-build-33991083281-1\relin2_test.exe "bv_nonzero_digit_valid_shapes"
2026-09-05T20:54:21.9817520Z 41: Working Directory: C:/openfhe-2023-1788/project-build-33991083281-1
2026-09-05T20:54:21.9817889Z 41: Test timeout computed to be: 10000000
2026-09-05T20:54:22.0303772Z 41: Relin2 case passed: bv_nonzero_digit_valid_shapes
2026-09-05T20:54:22.0315841Z 41/57 Test #41: relin2_bv_nonzero_digit_valid_shapes ............   Passed    0.05 sec
2026-09-05T20:54:22.0318831Z test 42
2026-09-05T20:54:22.0319264Z       Start 42: relin2_first_recombined_rcb_validation
2026-09-05T20:54:22.0319549Z 
2026-09-05T20:54:22.0319958Z 42: Test command: C:\openfhe-2023-1788\project-build-33991083281-1\relin2_test.exe "first_recombined_rcb_validation"
2026-09-05T20:54:22.0320571Z 42: Working Directory: C:/openfhe-2023-1788/project-build-33991083281-1
2026-09-05T20:54:22.0321003Z 42: Test timeout computed to be: 10000000
2026-09-05T20:54:22.0434033Z 42: Relin2 case passed: first_recombined_rcb_validation
2026-09-05T20:54:22.0444956Z 42/57 Test #42: relin2_first_recombined_rcb_validation ..........   Passed    0.01 sec
2026-09-05T20:54:22.0447684Z test 43
2026-09-05T20:54:22.0448102Z       Start 43: relin2_first_recombined_tensor2_validation
2026-09-05T20:54:22.0448395Z 
2026-09-05T20:54:22.0448899Z 43: Test command: C:\openfhe-2023-1788\project-build-33991083281-1\relin2_test.exe "first_recombined_tensor2_validation"
2026-09-05T20:54:22.0449520Z 43: Working Directory: C:/openfhe-2023-1788/project-build-33991083281-1
2026-09-05T20:54:22.0449929Z 43: Test timeout computed to be: 10000000
2026-09-05T20:54:22.0563321Z 43: Relin2 case passed: first_recombined_tensor2_validation
2026-09-05T20:54:22.0575179Z 43/57 Test #43: relin2_first_recombined_tensor2_validation ......   Passed    0.01 sec
2026-09-05T20:54:22.0578175Z test 44
2026-09-05T20:54:22.0578578Z       Start 44: relin2_tensor2_requires_first_lifecycle
2026-09-05T20:54:22.0578874Z 
2026-09-05T20:54:22.0579355Z 44: Test command: C:\openfhe-2023-1788\project-build-33991083281-1\relin2_test.exe "tensor2_requires_first_lifecycle"
2026-09-05T20:54:22.0579969Z 44: Working Directory: C:/openfhe-2023-1788/project-build-33991083281-1
2026-09-05T20:54:22.0580378Z 44: Test timeout computed to be: 10000000
2026-09-05T20:54:22.0781929Z 44: Relin2 case passed: tensor2_requires_first_lifecycle
2026-09-05T20:54:22.0792771Z 44/57 Test #44: relin2_tensor2_requires_first_lifecycle .........   Passed    0.02 sec
2026-09-05T20:54:22.0795356Z test 45
2026-09-05T20:54:22.0795699Z       Start 45: rs2_wrong_lifecycle
2026-09-05T20:54:22.0796097Z 
2026-09-05T20:54:22.0796497Z 45: Test command: C:\openfhe-2023-1788\project-build-33991083281-1\rs2_test.exe "wrong_lifecycle"
2026-09-05T20:54:22.0797029Z 45: Working Directory: C:/openfhe-2023-1788/project-build-33991083281-1
2026-09-05T20:54:22.0797633Z 45: Test timeout computed to be: 10000000
2026-09-05T20:54:22.0905985Z 45: RS2 case passed: wrong_lifecycle
2026-09-05T20:54:22.0916561Z 45/57 Test #45: rs2_wrong_lifecycle .............................   Passed    0.01 sec
2026-09-05T20:54:22.0919341Z test 46
2026-09-05T20:54:22.0919710Z       Start 46: rs2_valid_arithmetic_state_immutability
2026-09-05T20:54:22.0919969Z 
2026-09-05T20:54:22.0920353Z 46: Test command: C:\openfhe-2023-1788\project-build-33991083281-1\rs2_test.exe "valid_arithmetic_state_immutability"
2026-09-05T20:54:22.0920922Z 46: Working Directory: C:/openfhe-2023-1788/project-build-33991083281-1
2026-09-05T20:54:22.0921301Z 46: Test timeout computed to be: 10000000
2026-09-05T20:54:22.1203835Z 46: RS2 case passed: valid_arithmetic_state_immutability
2026-09-05T20:54:22.1215973Z 46/57 Test #46: rs2_valid_arithmetic_state_immutability .........   Passed    0.03 sec
2026-09-05T20:54:22.1219142Z test 47
2026-09-05T20:54:22.1219586Z       Start 47: rs2_mixed_tower_format
2026-09-05T20:54:22.1219883Z 
2026-09-05T20:54:22.1220367Z 47: Test command: C:\openfhe-2023-1788\project-build-33991083281-1\rs2_test.exe "mixed_tower_format"
2026-09-05T20:54:22.1220998Z 47: Working Directory: C:/openfhe-2023-1788/project-build-33991083281-1
2026-09-05T20:54:22.1221435Z 47: Test timeout computed to be: 10000000
2026-09-05T20:54:22.1481855Z 47: RS2 case passed: mixed_tower_format
2026-09-05T20:54:22.1493126Z 47/57 Test #47: rs2_mixed_tower_format ..........................   Passed    0.03 sec
2026-09-05T20:54:22.1495688Z test 48
2026-09-05T20:54:22.1496061Z       Start 48: rs2_untouched_public_pipeline
2026-09-05T20:54:22.1496306Z 
2026-09-05T20:54:22.1496639Z 48: Test command: C:\openfhe-2023-1788\project-build-33991083281-1\rs2_test.exe "untouched_public_pipeline"
2026-09-05T20:54:22.1497191Z 48: Working Directory: C:/openfhe-2023-1788/project-build-33991083281-1
2026-09-05T20:54:22.1497556Z 48: Test timeout computed to be: 10000000
2026-09-05T20:54:22.1875973Z 48: RS2 case passed: untouched_public_pipeline
2026-09-05T20:54:22.1888116Z 48/57 Test #48: rs2_untouched_public_pipeline ...................   Passed    0.04 sec
2026-09-05T20:54:22.1891271Z test 49
2026-09-05T20:54:22.1891647Z       Start 49: rs2_declared_basis_mismatch
2026-09-05T20:54:22.1891921Z 
2026-09-05T20:54:22.1892609Z 49: Test command: C:\openfhe-2023-1788\project-build-33991083281-1\rs2_test.exe "declared_basis_mismatch"
2026-09-05T20:54:22.1893245Z 49: Working Directory: C:/openfhe-2023-1788/project-build-33991083281-1
2026-09-05T20:54:22.1893664Z 49: Test timeout computed to be: 10000000
2026-09-05T20:54:22.2147607Z 49: RS2 case passed: declared_basis_mismatch
2026-09-05T20:54:22.2158433Z 49/57 Test #49: rs2_declared_basis_mismatch .....................   Passed    0.03 sec
2026-09-05T20:54:22.2161295Z test 50
2026-09-05T20:54:22.2161583Z       Start 50: rs2_terminal_rejections
2026-09-05T20:54:22.2161863Z 
2026-09-05T20:54:22.2162254Z 50: Test command: C:\openfhe-2023-1788\project-build-33991083281-1\rs2_test.exe "terminal_rejections"
2026-09-05T20:54:22.2162859Z 50: Working Directory: C:/openfhe-2023-1788/project-build-33991083281-1
2026-09-05T20:54:22.2163241Z 50: Test timeout computed to be: 10000000
2026-09-05T20:54:22.2357664Z 50: RS2 case passed: terminal_rejections
2026-09-05T20:54:22.2368610Z 50/57 Test #50: rs2_terminal_rejections .........................   Passed    0.02 sec
2026-09-05T20:54:22.2371660Z test 51
2026-09-05T20:54:22.2372231Z       Start 51: mult2_composition_contract
2026-09-05T20:54:22.2372619Z 
2026-09-05T20:54:22.2373074Z 51: Test command: C:\openfhe-2023-1788\project-build-33991083281-1\mult2_test.exe "composition_contract"
2026-09-05T20:54:22.2373702Z 51: Working Directory: C:/openfhe-2023-1788/project-build-33991083281-1
2026-09-05T20:54:22.2374127Z 51: Test timeout computed to be: 10000000
2026-09-05T20:54:22.2647533Z 51: security_level=HEStd_NotSet(functional-only) ring_dimension=64 batch_size=16 scaling_mod_size=30 first_mod_size=35 multiplicative_depth=7 key_switch=HYBRID secret_key_dist=UNIFORM_TERNARY ckks_data_type=REAL active_Q_l_towers=7 q_div=1073741953 q_l=1073741441 ratio_2^(2p)/(q_div*q_l)=1.00000023655603276 frozen_decoded_abs_tolerance=0.00100000000000000002 measured_max_logical_slot_error=8.77257682607382409e-09
2026-09-05T20:54:22.2658505Z 51/57 Test #51: mult2_composition_contract ......................   Passed    0.03 sec
2026-09-05T20:54:22.2661615Z test 52
2026-09-05T20:54:22.2661918Z       Start 52: mult2_e2e_hybrid_real
2026-09-05T20:54:22.2662723Z 
2026-09-05T20:54:22.2663348Z 52: Test command: C:\openfhe-2023-1788\project-build-33991083281-1\mult2_e2e_oracle_test.exe "hybrid_real"
2026-09-05T20:54:22.2663943Z 52: Working Directory: C:/openfhe-2023-1788/project-build-33991083281-1
2026-09-05T20:54:22.2664309Z 52: Test timeout computed to be: 10000000
2026-09-05T20:54:22.3413954Z 52: [RELIN2-EXECUTION] q_div=1073741953 q_l=1073741441 ordinary_combined_relin_execution_error=13 pair_relin_execution_error=27 high_path_relin_error=13 low_path_relin_error=17 execution_relin2_triangle_bound=30 paper_additivity_residual=19 paper_additivity_execution_observed=true secret_h=38 input_Q_l=52656049226897061758347970843194892279389197066160739197584863617 oracle_basis_agreement=true
2026-09-05T20:54:22.3419382Z 52: case=hybrid_real security_level=HEStd_NotSet(functional-only) key_switch=HYBRID secret_key_dist=UNIFORM_TERNARY ckks_data_type=REAL selected_ring_dimension=64 actual_N=64 batch_size=16 host_vector_length=8 encoding_noise_scale_degree=2 encoding_level=0 scaling_technique=FIXEDMANUAL digit_size=0 max_relin_sk_deg=2 scaling_mod_size=30 first_mod_size=35 multiplicative_depth=7 active_Q_l_towers=7 Q_l_bits=215 preselection_required_bits=174 selection_reserve_bits=32 q_div=1073741953 q_l=1073741441 ratio_2^(2p)/(q_div*q_l)=1.00000023655603276 descriptor_ratio=1.00000023655603276 M_high=107367065 M_low=6442451768 secret_h=38 ordinary_combined_relin_execution_error=13 pair_relin_execution_error=27 high_path_relin_error=13 low_path_relin_error=17 execution_relin2_triangle_bound=30 paper_additivity_residual=19 paper_additivity_execution_observed=true execution_certificate=PER_PATH_CONDITIONAL conservative_E_Relin_available=false universal_theorem_gate=UNPROVED execution_nonwrap_left=850593440784518268300953851600791646 execution_nonwrap_right_Q_l_over_2=26328024613448530879173985421597446139694598533080369598792431808 coefficient_error=100649629155563323674/1152921231876374273 execution_bound=5357627580332412819299/2305842463752748546 fixed_key_bv_bound_available=false frozen_decoded_abs_tolerance=0.00100000000000000002 measured_recorded_bias_error=1.52288010257795037e-08 measured_logical_slot_error=1.52287974175546736e-08
2026-09-05T20:54:22.3425720Z 52/57 Test #52: mult2_e2e_hybrid_real ...........................   Passed    0.08 sec
2026-09-05T20:54:22.3429390Z test 53
2026-09-05T20:54:22.3429681Z       Start 53: mult2_e2e_hybrid_complex
2026-09-05T20:54:22.3430145Z 
2026-09-05T20:54:22.3430574Z 53: Test command: C:\openfhe-2023-1788\project-build-33991083281-1\mult2_e2e_oracle_test.exe "hybrid_complex"
2026-09-05T20:54:22.3431241Z 53: Working Directory: C:/openfhe-2023-1788/project-build-33991083281-1
2026-09-05T20:54:22.3431664Z 53: Test timeout computed to be: 10000000
2026-09-05T20:54:22.4173220Z 53: [RELIN2-EXECUTION] q_div=1073741953 q_l=1073741441 ordinary_combined_relin_execution_error=11 pair_relin_execution_error=23 high_path_relin_error=11 low_path_relin_error=12 execution_relin2_triangle_bound=23 paper_additivity_residual=16 paper_additivity_execution_observed=true secret_h=45 input_Q_l=52656049226897061758347970843194892279389197066160739197584863617 oracle_basis_agreement=true
2026-09-05T20:54:22.4179108Z 53: case=hybrid_complex security_level=HEStd_NotSet(functional-only) key_switch=HYBRID secret_key_dist=UNIFORM_TERNARY ckks_data_type=COMPLEX selected_ring_dimension=64 actual_N=64 batch_size=16 host_vector_length=8 encoding_noise_scale_degree=2 encoding_level=0 scaling_technique=FIXEDMANUAL digit_size=0 max_relin_sk_deg=2 scaling_mod_size=30 first_mod_size=35 multiplicative_depth=7 active_Q_l_towers=7 Q_l_bits=215 preselection_required_bits=174 selection_reserve_bits=32 q_div=1073741953 q_l=1073741441 ratio_2^(2p)/(q_div*q_l)=1.00000023655603276 descriptor_ratio=1.00000023655603276 M_high=88152836 M_low=5175046299 secret_h=45 ordinary_combined_relin_execution_error=11 pair_relin_execution_error=23 high_path_relin_error=11 low_path_relin_error=12 execution_relin2_triangle_bound=23 paper_additivity_residual=16 paper_additivity_execution_observed=true execution_certificate=PER_PATH_CONDITIONAL conservative_E_Relin_available=false universal_theorem_gate=UNPROVED execution_nonwrap_left=573393074390521421801989063900803159 execution_nonwrap_right_Q_l_over_2=26328024613448530879173985421597446139694598533080369598792431808 coefficient_error=111170623982941995502/1152921231876374273 execution_bound=3481015713905285813724/2305842463752748546 fixed_key_bv_bound_available=false frozen_decoded_abs_tolerance=0.00100000000000000002 measured_recorded_bias_error=1.3224839722638106e-09 measured_logical_slot_error=1.32248365917763372e-09
2026-09-05T20:54:22.4186793Z 53/57 Test #53: mult2_e2e_hybrid_complex ........................   Passed    0.08 sec
2026-09-05T20:54:22.4190944Z test 54
2026-09-05T20:54:22.4191263Z       Start 54: mult2_e2e_bv_real
2026-09-05T20:54:22.4192078Z 
2026-09-05T20:54:22.4193222Z 54: Test command: C:\openfhe-2023-1788\project-build-33991083281-1\mult2_e2e_oracle_test.exe "bv_real"
2026-09-05T20:54:22.4193811Z 54: Working Directory: C:/openfhe-2023-1788/project-build-33991083281-1
2026-09-05T20:54:22.4194217Z 54: Test timeout computed to be: 10000000
2026-09-05T20:54:22.4977022Z 54: [RELIN2-EXECUTION] q_div=1073741953 q_l=1073741441 ordinary_combined_relin_execution_error=199480509279 pair_relin_execution_error=213171401347 high_path_relin_error=196370120675 low_path_relin_error=224595250251 execution_relin2_triangle_bound=420965370926 paper_additivity_residual=302795185667 paper_additivity_execution_observed=false secret_h=45 input_Q_l=52656049226897061758347970843194892279389197066160739197584863617 oracle_basis_agreement=true
2026-09-05T20:54:22.4988565Z 54: case=bv_real security_level=HEStd_NotSet(functional-only) key_switch=BV secret_key_dist=UNIFORM_TERNARY ckks_data_type=REAL selected_ring_dimension=64 actual_N=64 batch_size=16 host_vector_length=8 encoding_noise_scale_degree=2 encoding_level=0 scaling_technique=FIXEDMANUAL digit_size=0 max_relin_sk_deg=2 scaling_mod_size=30 first_mod_size=35 multiplicative_depth=7 active_Q_l_towers=7 Q_l_bits=215 preselection_required_bits=174 selection_reserve_bits=32 q_div=1073741953 q_l=1073741441 ratio_2^(2p)/(q_div*q_l)=1.00000023655603276 descriptor_ratio=1.00000023655603276 M_high=107367070 M_low=6442451709 secret_h=45 ordinary_combined_relin_execution_error=199480509279 pair_relin_execution_error=213171401347 high_path_relin_error=196370120675 low_path_relin_error=224595250251 execution_relin2_triangle_bound=420965370926 paper_additivity_residual=302795185667 paper_additivity_execution_observed=false execution_certificate=PER_PATH_CONDITIONAL conservative_E_Relin_available=false universal_theorem_gate=UNPROVED execution_nonwrap_left=850593520007453505359348912079454830 execution_nonwrap_right_Q_l_over_2=26328024613448530879173985421597446139694598533080369598792431808 coefficient_error=388597830426701394503/1152921231876374273 execution_bound=6269714290631237180682/2305842463752748546 fixed_key_bv_bound_available=true fixed_key_bv_bound_status=CANDIDATE_FIXED_KEY_CIPHERTEXT_UNIFORM_CONDITIONAL_ON_CENTERED_DIGIT_LIFT fixed_key_bv_noise_scale=1 fixed_key_bv_active_rows=7 fixed_key_bv_raised_high_q_div_digit=ZERO fixed_key_bv_row_residual_norms=2,3,3,2,2,2,3 fixed_key_bv_per_path_raw_bound=2714419060736 fixed_key_bv_pair_raw_bound=5428838121472 fixed_key_bv_integer_lift_nonwrap=true fixed_key_bv_conservative_nonwrap_left=850593520007453505359353919952205376 fixed_key_bv_conservative_bound=17024040425724724893358/2305842463752748546 fixed_key_bv_final_integer_lift=1701187040014924034759122706953061166<56539009134152591222370164266759140395695978104921302317938424343356224001 fixed_key_bv_unconditional_gaussian_key_bound=false fixed_key_bv_universal_theorem_gate=UNPROVED centered_digit_boundary_probe=PASSED frozen_decoded_abs_tolerance=0.00100000000000000002 measured_recorded_bias_error=9.76121004858665486e-09 measured_logical_slot_error=9.76120773793498486e-09
2026-09-05T20:54:22.4999468Z 54/57 Test #54: mult2_e2e_bv_real ...............................   Passed    0.08 sec
2026-09-05T20:54:22.5000003Z test 55
2026-09-05T20:54:22.5000309Z       Start 55: mult2_e2e_bv_complex
2026-09-05T20:54:22.5000589Z 
2026-09-05T20:54:22.5001030Z 55: Test command: C:\openfhe-2023-1788\project-build-33991083281-1\mult2_e2e_oracle_test.exe "bv_complex"
2026-09-05T20:54:22.5001852Z 55: Working Directory: C:/openfhe-2023-1788/project-build-33991083281-1
2026-09-05T20:54:22.5002397Z 55: Test timeout computed to be: 10000000
2026-09-05T20:54:22.5781923Z 55: [RELIN2-EXECUTION] q_div=1073741953 q_l=1073741441 ordinary_combined_relin_execution_error=130152835886 pair_relin_execution_error=219635374851 high_path_relin_error=196355158376 low_path_relin_error=161513260212 execution_relin2_triangle_bound=357868418588 paper_additivity_residual=261992986907 paper_additivity_execution_observed=false secret_h=42 input_Q_l=52656049226897061758347970843194892279389197066160739197584863617 oracle_basis_agreement=true
2026-09-05T20:54:22.5793530Z 55: case=bv_complex security_level=HEStd_NotSet(functional-only) key_switch=BV secret_key_dist=UNIFORM_TERNARY ckks_data_type=COMPLEX selected_ring_dimension=64 actual_N=64 batch_size=16 host_vector_length=8 encoding_noise_scale_degree=2 encoding_level=0 scaling_technique=FIXEDMANUAL digit_size=0 max_relin_sk_deg=2 scaling_mod_size=30 first_mod_size=35 multiplicative_depth=7 active_Q_l_towers=7 Q_l_bits=215 preselection_required_bits=174 selection_reserve_bits=32 q_div=1073741953 q_l=1073741441 ratio_2^(2p)/(q_div*q_l)=1.00000023655603276 descriptor_ratio=1.00000023655603276 M_high=88152833 M_low=6949743154 secret_h=42 ordinary_combined_relin_execution_error=130152835886 pair_relin_execution_error=219635374851 high_path_relin_error=196355158376 low_path_relin_error=161513260212 execution_relin2_triangle_bound=357868418588 paper_additivity_residual=261992986907 paper_additivity_execution_observed=false execution_certificate=PER_PATH_CONDITIONAL conservative_E_Relin_available=false universal_theorem_gate=UNPROVED execution_nonwrap_left=573393056864903195623411136868483164 execution_nonwrap_right_Q_l_over_2=26328024613448530879173985421597446139694598533080369598792431808 coefficient_error=299624661947231794152/1152921231876374273 execution_bound=7000355310395028406115/2305842463752748546 fixed_key_bv_bound_available=true fixed_key_bv_bound_status=CANDIDATE_FIXED_KEY_CIPHERTEXT_UNIFORM_CONDITIONAL_ON_CENTERED_DIGIT_LIFT fixed_key_bv_noise_scale=1 fixed_key_bv_active_rows=7 fixed_key_bv_raised_high_q_div_digit=ZERO fixed_key_bv_row_residual_norms=2,3,3,2,2,3,3 fixed_key_bv_per_path_raw_bound=2748778811392 fixed_key_bv_pair_raw_bound=5497557622784 fixed_key_bv_integer_lift_nonwrap=true fixed_key_bv_conservative_nonwrap_left=573393056864903195623416276557687360 fixed_key_bv_conservative_bound=18037755158247886075691/2305842463752748546 fixed_key_bv_final_integer_lift=1146786113729824429001979805886204843<56539009134152591222370164266759140395695978104921302317938424343356224001 fixed_key_bv_unconditional_gaussian_key_bound=false fixed_key_bv_universal_theorem_gate=UNPROVED centered_digit_boundary_probe=PASSED frozen_decoded_abs_tolerance=0.00100000000000000002 measured_recorded_bias_error=1.32248363447095775e-09 measured_logical_slot_error=1.32248332138481622e-09
2026-09-05T20:54:22.5803129Z 55/57 Test #55: mult2_e2e_bv_complex ............................   Passed    0.08 sec
2026-09-05T20:54:22.5803692Z test 56
2026-09-05T20:54:22.5804013Z       Start 56: mult2_pair_add_input_hybrid_complex
2026-09-05T20:54:22.5804309Z 
2026-09-05T20:54:22.5804848Z 56: Test command: C:\openfhe-2023-1788\project-build-33991083281-1\mult2_e2e_oracle_test.exe "pair_add_input_hybrid_complex"
2026-09-05T20:54:22.5805968Z 56: Working Directory: C:/openfhe-2023-1788/project-build-33991083281-1
2026-09-05T20:54:22.5806533Z 56: Test timeout computed to be: 10000000
2026-09-05T20:54:22.6655718Z 56: [RELIN2-EXECUTION] q_div=1073741953 q_l=1073741441 ordinary_combined_relin_execution_error=12 pair_relin_execution_error=25 high_path_relin_error=13 low_path_relin_error=12 execution_relin2_triangle_bound=25 paper_additivity_residual=20 paper_additivity_execution_observed=true secret_h=47 input_Q_l=52656049226897061758347970843194892279389197066160739197584863617 oracle_basis_agreement=true
2026-09-05T20:54:22.6660851Z 56: case=pair_add_input_hybrid_complex security_level=HEStd_NotSet(functional-only) key_switch=HYBRID secret_key_dist=UNIFORM_TERNARY ckks_data_type=COMPLEX selected_ring_dimension=64 actual_N=64 batch_size=16 host_vector_length=8 encoding_noise_scale_degree=2 encoding_level=0 scaling_technique=FIXEDMANUAL digit_size=0 max_relin_sk_deg=2 scaling_mod_size=30 first_mod_size=35 multiplicative_depth=7 active_Q_l_towers=7 Q_l_bits=215 preselection_required_bits=174 selection_reserve_bits=32 q_div=1073741953 q_l=1073741441 ratio_2^(2p)/(q_div*q_l)=1.00000023655603276 descriptor_ratio=1.00000023655603276 M_high=89261193 M_low=6442451740 secret_h=47 ordinary_combined_relin_execution_error=12 pair_relin_execution_error=25 high_path_relin_error=13 low_path_relin_error=12 execution_relin2_triangle_bound=25 paper_additivity_residual=20 paper_additivity_execution_observed=true execution_certificate=PER_PATH_CONDITIONAL conservative_E_Relin_available=false universal_theorem_gate=UNPROVED execution_nonwrap_left=587902423630659987776751893070435929 execution_nonwrap_right_Q_l_over_2=26328024613448530879173985421597446139694598533080369598792431808 coefficient_error=164518537407885234428/1152921231876374273 execution_bound=5368003825229068595554/2305842463752748546 fixed_key_bv_bound_available=false frozen_decoded_abs_tolerance=0.00100000000000000002 measured_recorded_bias_error=6.60321461133508797e-10 measured_logical_slot_error=6.60321304930524659e-10
2026-09-05T20:54:22.6668810Z 56/57 Test #56: mult2_pair_add_input_hybrid_complex .............   Passed    0.09 sec
2026-09-05T20:54:22.6672520Z test 57
2026-09-05T20:54:22.6673310Z       Start 57: mult2_pair_sub_input_hybrid_complex
2026-09-05T20:54:22.6673628Z 
2026-09-05T20:54:22.6674208Z 57: Test command: C:\openfhe-2023-1788\project-build-33991083281-1\mult2_e2e_oracle_test.exe "pair_sub_input_hybrid_complex"
2026-09-05T20:54:22.6675110Z 57: Working Directory: C:/openfhe-2023-1788/project-build-33991083281-1
2026-09-05T20:54:22.6675687Z 57: Test timeout computed to be: 10000000
2026-09-05T20:54:22.7523388Z 57: [RELIN2-EXECUTION] q_div=1073741953 q_l=1073741441 ordinary_combined_relin_execution_error=12 pair_relin_execution_error=19 high_path_relin_error=12 low_path_relin_error=10 execution_relin2_triangle_bound=22 paper_additivity_residual=12 paper_additivity_execution_observed=true secret_h=40 input_Q_l=52656049226897061758347970843194892279389197066160739197584863617 oracle_basis_agreement=true
2026-09-05T20:54:22.7529284Z 57: case=pair_sub_input_hybrid_complex security_level=HEStd_NotSet(functional-only) key_switch=HYBRID secret_key_dist=UNIFORM_TERNARY ckks_data_type=COMPLEX selected_ring_dimension=64 actual_N=64 batch_size=16 host_vector_length=8 encoding_noise_scale_degree=2 encoding_level=0 scaling_technique=FIXEDMANUAL digit_size=0 max_relin_sk_deg=2 scaling_mod_size=30 first_mod_size=35 multiplicative_depth=7 active_Q_l_towers=7 Q_l_bits=215 preselection_required_bits=174 selection_reserve_bits=32 q_div=1073741953 q_l=1073741441 ratio_2^(2p)/(q_div*q_l)=1.00000023655603276 descriptor_ratio=1.00000023655603276 M_high=89261192 M_low=8754083426 secret_h=40 ordinary_combined_relin_execution_error=12 pair_relin_execution_error=19 high_path_relin_error=12 low_path_relin_error=10 execution_relin2_triangle_bound=22 paper_additivity_residual=12 paper_additivity_execution_observed=true execution_certificate=PER_PATH_CONDITIONAL conservative_E_Relin_available=false universal_theorem_gate=UNPROVED execution_nonwrap_left=587902438817050789523633688002918678 execution_nonwrap_right_Q_l_over_2=26328024613448530879173985421597446139694598533080369598792431808 coefficient_error=92051098701400413855/1152921231876374273 execution_bound=9856418779113266868053/2305842463752748546 fixed_key_bv_bound_available=false frozen_decoded_abs_tolerance=0.00100000000000000002 measured_recorded_bias_error=8.52649038243224418e-10 measured_logical_slot_error=8.52648835199390158e-10
2026-09-05T20:54:22.7537612Z 57/57 Test #57: mult2_pair_sub_input_hybrid_complex .............   Passed    0.09 sec
2026-09-05T20:54:22.7551645Z 
2026-09-05T20:54:22.7551998Z The following tests passed:
2026-09-05T20:54:22.7552436Z 	dcp_rcb
2026-09-05T20:54:22.7552856Z 	precision_dcp_rcb_high_precision_contract
2026-09-05T20:54:22.7553439Z 	precision_first_mult2_high_precision_contract
2026-09-05T20:54:22.7553968Z 	pair_add_runtime_behavior
2026-09-05T20:54:22.7554396Z 	pair_sub_runtime_behavior
2026-09-05T20:54:22.7554829Z 	pair_arithmetic_controlled_oracle
2026-09-05T20:54:22.7555263Z 	pair_arithmetic_public_lifecycles_keyless
2026-09-05T20:54:22.7555721Z 	pair_arithmetic_compatibility_rejections
2026-09-05T20:54:22.7556271Z 	tensor2_valid_arithmetic_immutability
2026-09-05T20:54:22.7556704Z 	tensor2_result_scale_contract
2026-09-05T20:54:22.7557143Z 	tensor2_right_input_validation
2026-09-05T20:54:22.7557726Z 	tensor2_mutual_compatibility
2026-09-05T20:54:22.7558319Z 	tensor2_prearithmetic_key_compatibility
2026-09-05T20:54:22.7558811Z 	relin2_tensor_validation_order
2026-09-05T20:54:22.7559136Z 	relin2_insufficient_active_basis
2026-09-05T20:54:22.7559517Z 	relin2_missing_eval_key
2026-09-05T20:54:22.7559821Z 	relin2_key_empty
2026-09-05T20:54:22.7560095Z 	relin2_key_null_first
2026-09-05T20:54:22.7560396Z 	relin2_key_wrong_context
2026-09-05T20:54:22.7560718Z 	relin2_key_wrong_tag
2026-09-05T20:54:22.7561022Z 	relin2_key_wrong_subtype
2026-09-05T20:54:22.7561336Z 	relin2_key_hybrid_a_length
2026-09-05T20:54:22.7561716Z 	relin2_key_hybrid_b_length
2026-09-05T20:54:22.7562026Z 	relin2_key_hybrid_entry_basis
2026-09-05T20:54:22.7562321Z 	relin2_key_hybrid_entry_format
2026-09-05T20:54:22.7562639Z 	relin2_key_bv_zero_digit_a_length
2026-09-05T20:54:22.7563003Z 	relin2_key_bv_zero_digit_b_length
2026-09-05T20:54:22.7563339Z 	relin2_key_bv_nonzero_digit_a_length
2026-09-05T20:54:22.7563739Z 	relin2_key_bv_nonzero_digit_b_length
2026-09-05T20:54:22.7564091Z 	relin2_key_bv_zero_digit_entry_basis
2026-09-05T20:54:22.7564443Z 	relin2_key_bv_nonzero_digit_entry_basis
2026-09-05T20:54:22.7564892Z 	relin2_key_bv_zero_digit_entry_format
2026-09-05T20:54:22.7565252Z 	relin2_key_bv_nonzero_digit_entry_format
2026-09-05T20:54:22.7565623Z 	relin2_valid_arithmetic_state_immutability
2026-09-05T20:54:22.7565997Z 	relin2_controlled_witnesses_and_boundaries
2026-09-05T20:54:22.7566375Z 	relin2_representative_public_input
2026-09-05T20:54:22.7566722Z 	relin2_key_extra_later_valid
2026-09-05T20:54:22.7567080Z 	relin2_key_malformed_later_ignored
2026-09-05T20:54:22.7567423Z 	relin2_hybrid_valid_shapes
2026-09-05T20:54:22.7567732Z 	relin2_bv_zero_digit_valid_shapes
2026-09-05T20:54:22.7568074Z 	relin2_bv_nonzero_digit_valid_shapes
2026-09-05T20:54:22.7568513Z 	relin2_first_recombined_rcb_validation
2026-09-05T20:54:22.7570742Z 	relin2_first_recombined_tensor2_validation
2026-09-05T20:54:22.7571222Z 	relin2_tensor2_requires_first_lifecycle
2026-09-05T20:54:22.7571548Z 	rs2_wrong_lifecycle
2026-09-05T20:54:22.7571833Z 	rs2_valid_arithmetic_state_immutability
2026-09-05T20:54:22.7572364Z 	rs2_mixed_tower_format
2026-09-05T20:54:22.7572687Z 	rs2_untouched_public_pipeline
2026-09-05T20:54:22.7572987Z 	rs2_declared_basis_mismatch
2026-09-05T20:54:22.7573275Z 	rs2_terminal_rejections
2026-09-05T20:54:22.7573694Z 	mult2_composition_contract
2026-09-05T20:54:22.7573975Z 	mult2_e2e_hybrid_real
2026-09-05T20:54:22.7574377Z 	mult2_e2e_hybrid_complex
2026-09-05T20:54:22.7574888Z 	mult2_e2e_bv_real
2026-09-05T20:54:22.7575146Z 	mult2_e2e_bv_complex
2026-09-05T20:54:22.7575428Z 	mult2_pair_add_input_hybrid_complex
2026-09-05T20:54:22.7575905Z 	mult2_pair_sub_input_hybrid_complex
2026-09-05T20:54:22.7576136Z 
2026-09-05T20:54:22.7576240Z 100% tests passed out of 57
2026-09-05T20:54:22.7576432Z 
2026-09-05T20:54:22.7576579Z Total Test time (real) =   2.88 sec
2026-09-05T20:54:22.7770742Z ##[group]Run build="$(cygpath -u "$PROJECT_BUILD")"
2026-09-05T20:54:22.7771374Z [36;1mbuild="$(cygpath -u "$PROJECT_BUILD")"[0m
2026-09-05T20:54:22.7771966Z [36;1mcmake --build "$build" --target mult2_api_contract_test --parallel 2[0m
2026-09-05T20:54:22.7774632Z shell: D:\a\_temp\setup-msys2\msys2.CMD {0}
2026-09-05T20:54:22.7775016Z env:
2026-09-05T20:54:22.7775425Z   OPENFHE_COMMIT: df495ba2e91739a6dc8f1de254fc5a41155ce504
2026-09-05T20:54:22.7775792Z   OPENFHE_PREFIX: C:\openfhe-2023-1788\openfhe-install
2026-09-05T20:54:22.7776126Z   WINDOWS_ROOT: C:\openfhe-2023-1788
2026-09-05T20:54:22.7776418Z   PROJECT_SOURCE: C:\openfhe-2023-1788\cleanroom
2026-09-05T20:54:22.7776729Z   OPENFHE_SOURCE: C:\openfhe-2023-1788\openfhe-src
2026-09-05T20:54:22.7777078Z   OPENFHE_BUILD: C:\openfhe-2023-1788\openfhe-build-33991083281-1
2026-09-05T20:54:22.7777500Z   PROJECT_BUILD: C:\openfhe-2023-1788\project-build-33991083281-1
2026-09-05T20:54:22.7777808Z   MSYSTEM: MINGW64
2026-09-05T20:54:22.7778260Z ##[endgroup]
2026-09-05T20:54:25.6001380Z [1/2] Building CXX object CMakeFiles/mult2_api_contract_test.dir/tests/mult2_api_contract_test.cpp.obj
2026-09-05T20:54:25.8074507Z [2/2] Linking CXX executable mult2_api_contract_test.exe
2026-09-05T20:54:25.8293064Z ##[group]Run build="$(cygpath -u "$PROJECT_BUILD")"
2026-09-05T20:54:25.8293596Z [36;1mbuild="$(cygpath -u "$PROJECT_BUILD")"[0m
2026-09-05T20:54:25.8293972Z [36;1mcmake --build "$build" --target add_api_contract_test --parallel 2[0m
2026-09-05T20:54:25.8295679Z shell: D:\a\_temp\setup-msys2\msys2.CMD {0}
2026-09-05T20:54:25.8295939Z env:
2026-09-05T20:54:25.8296190Z   OPENFHE_COMMIT: df495ba2e91739a6dc8f1de254fc5a41155ce504
2026-09-05T20:54:25.8296530Z   OPENFHE_PREFIX: C:\openfhe-2023-1788\openfhe-install
2026-09-05T20:54:25.8296826Z   WINDOWS_ROOT: C:\openfhe-2023-1788
2026-09-05T20:54:25.8297100Z   PROJECT_SOURCE: C:\openfhe-2023-1788\cleanroom
2026-09-05T20:54:25.8297395Z   OPENFHE_SOURCE: C:\openfhe-2023-1788\openfhe-src
2026-09-05T20:54:25.8297797Z   OPENFHE_BUILD: C:\openfhe-2023-1788\openfhe-build-33991083281-1
2026-09-05T20:54:25.8298173Z   PROJECT_BUILD: C:\openfhe-2023-1788\project-build-33991083281-1
2026-09-05T20:54:25.8298503Z   MSYSTEM: MINGW64
2026-09-05T20:54:25.8298754Z ##[endgroup]
2026-09-05T20:54:28.6444332Z [1/2] Building CXX object CMakeFiles/add_api_contract_test.dir/tests/add_api_contract_test.cpp.obj
2026-09-05T20:54:28.7217717Z [2/2] Linking CXX executable add_api_contract_test.exe
2026-09-05T20:54:28.7420002Z ##[group]Run build="$(cygpath -u "$PROJECT_BUILD")"
2026-09-05T20:54:28.7420381Z [36;1mbuild="$(cygpath -u "$PROJECT_BUILD")"[0m
2026-09-05T20:54:28.7420734Z [36;1mcmake --build "$build" --target sub_api_contract_test --parallel 2[0m
2026-09-05T20:54:28.7422635Z shell: D:\a\_temp\setup-msys2\msys2.CMD {0}
2026-09-05T20:54:28.7422913Z env:
2026-09-05T20:54:28.7423179Z   OPENFHE_COMMIT: df495ba2e91739a6dc8f1de254fc5a41155ce504
2026-09-05T20:54:28.7423525Z   OPENFHE_PREFIX: C:\openfhe-2023-1788\openfhe-install
2026-09-05T20:54:28.7423786Z   WINDOWS_ROOT: C:\openfhe-2023-1788
2026-09-05T20:54:28.7424098Z   PROJECT_SOURCE: C:\openfhe-2023-1788\cleanroom
2026-09-05T20:54:28.7424417Z   OPENFHE_SOURCE: C:\openfhe-2023-1788\openfhe-src
2026-09-05T20:54:28.7424758Z   OPENFHE_BUILD: C:\openfhe-2023-1788\openfhe-build-33991083281-1
2026-09-05T20:54:28.7425098Z   PROJECT_BUILD: C:\openfhe-2023-1788\project-build-33991083281-1
2026-09-05T20:54:28.7425373Z   MSYSTEM: MINGW64
2026-09-05T20:54:28.7425750Z ##[endgroup]
2026-09-05T20:54:31.5144023Z [1/2] Building CXX object CMakeFiles/sub_api_contract_test.dir/tests/sub_api_contract_test.cpp.obj
2026-09-05T20:54:31.5902974Z [2/2] Linking CXX executable sub_api_contract_test.exe
2026-09-05T20:54:31.6106111Z ##[group]Run build="$(cygpath -u "$PROJECT_BUILD")"
2026-09-05T20:54:31.6106489Z [36;1mbuild="$(cygpath -u "$PROJECT_BUILD")"[0m
2026-09-05T20:54:31.6106913Z [36;1mcmake --build "$build" --target precision_client_io_first_mult2_contract_test --parallel 2[0m
2026-09-05T20:54:31.6108656Z shell: D:\a\_temp\setup-msys2\msys2.CMD {0}
2026-09-05T20:54:31.6108905Z env:
2026-09-05T20:54:31.6109136Z   OPENFHE_COMMIT: df495ba2e91739a6dc8f1de254fc5a41155ce504
2026-09-05T20:54:31.6109470Z   OPENFHE_PREFIX: C:\openfhe-2023-1788\openfhe-install
2026-09-05T20:54:31.6109747Z   WINDOWS_ROOT: C:\openfhe-2023-1788
2026-09-05T20:54:31.6110010Z   PROJECT_SOURCE: C:\openfhe-2023-1788\cleanroom
2026-09-05T20:54:31.6110290Z   OPENFHE_SOURCE: C:\openfhe-2023-1788\openfhe-src
2026-09-05T20:54:31.6110638Z   OPENFHE_BUILD: C:\openfhe-2023-1788\openfhe-build-33991083281-1
2026-09-05T20:54:31.6111010Z   PROJECT_BUILD: C:\openfhe-2023-1788\project-build-33991083281-1
2026-09-05T20:54:31.6111345Z   MSYSTEM: MINGW64
2026-09-05T20:54:31.6111547Z ##[endgroup]
2026-09-05T20:54:56.6083308Z [1/2] Building CXX object CMakeFiles/precision_client_io_first_mult2_contract_test.dir/tests/precision_client_io_first_mult2_contract_test.cpp.obj
2026-09-05T20:54:56.9981685Z [2/2] Linking CXX executable precision_client_io_first_mult2_contract_test.exe
2026-09-05T20:54:57.0182357Z ##[group]Run prefix="$(cygpath -u "$OPENFHE_PREFIX")"
2026-09-05T20:54:57.0182760Z [36;1mprefix="$(cygpath -u "$OPENFHE_PREFIX")"[0m
2026-09-05T20:54:57.0183080Z [36;1mbuild="$(cygpath -u "$PROJECT_BUILD")"[0m
2026-09-05T20:54:57.0183397Z [36;1mexport PATH="$prefix/bin:$prefix/lib:$PATH"[0m
2026-09-05T20:54:57.0183871Z [36;1mctest --test-dir "$build" --verbose --output-on-failure -R '^precision_client_io_first_mult2_contract$'[0m
2026-09-05T20:54:57.0185697Z shell: D:\a\_temp\setup-msys2\msys2.CMD {0}
2026-09-05T20:54:57.0185975Z env:
2026-09-05T20:54:57.0186237Z   OPENFHE_COMMIT: df495ba2e91739a6dc8f1de254fc5a41155ce504
2026-09-05T20:54:57.0186591Z   OPENFHE_PREFIX: C:\openfhe-2023-1788\openfhe-install
2026-09-05T20:54:57.0186904Z   WINDOWS_ROOT: C:\openfhe-2023-1788
2026-09-05T20:54:57.0187187Z   PROJECT_SOURCE: C:\openfhe-2023-1788\cleanroom
2026-09-05T20:54:57.0187526Z   OPENFHE_SOURCE: C:\openfhe-2023-1788\openfhe-src
2026-09-05T20:54:57.0187925Z   OPENFHE_BUILD: C:\openfhe-2023-1788\openfhe-build-33991083281-1
2026-09-05T20:54:57.0188333Z   PROJECT_BUILD: C:\openfhe-2023-1788\project-build-33991083281-1
2026-09-05T20:54:57.0188648Z   MSYSTEM: MINGW64
2026-09-05T20:54:57.0188860Z ##[endgroup]
2026-09-05T20:54:57.2271473Z UpdateCTestConfiguration  from :C:/openfhe-2023-1788/project-build-33991083281-1/DartConfiguration.tcl
2026-09-05T20:54:57.2288833Z Test project C:/openfhe-2023-1788/project-build-33991083281-1
2026-09-05T20:54:57.2296531Z Constructing a list of tests
2026-09-05T20:54:57.2308811Z Done constructing a list of tests
2026-09-05T20:54:57.2309209Z Updating test list for fixtures
2026-09-05T20:54:57.2309522Z Added 0 tests to meet fixture requirements
2026-09-05T20:54:57.2315339Z Checking test dependency graph...
2026-09-05T20:54:57.2315799Z Checking test dependency graph end
2026-09-05T20:54:57.2319045Z test 58
2026-09-05T20:54:57.2319505Z     Start 58: precision_client_io_first_mult2_contract
2026-09-05T20:54:57.2319878Z 
2026-09-05T20:54:57.2320428Z 58: Test command: C:\openfhe-2023-1788\project-build-33991083281-1\precision_client_io_first_mult2_contract_test.exe
2026-09-05T20:54:57.2321320Z 58: Working Directory: C:/openfhe-2023-1788/project-build-33991083281-1
2026-09-05T20:54:57.2321885Z 58: Test timeout computed to be: 10000000
2026-09-05T20:54:57.6001061Z 58: test=precision_client_io_first_mult2_contract result=PASS source=2fe655d493dcde5f05aa1515f41ca6823bba30bd openfhe_pin=df495ba2e91739a6dc8f1de254fc5a41155ce504 claim_scope=low-N-first-operation-production-io-diagnostic N=64 S=16 gap=2 native=64 backend=4 depth=7 scaling_bits=50 first_bits=55 key_switch=HYBRID scaling=FIXEDMANUAL data=COMPLEX execution=EXEC_EVALUATION decrypt_noise=FIXED_NOISE_DECRYPT encryption=STANDARD multiplication=HPS PRE=NOT_SET noise_scale=1 secret=UNIFORM_TERNARY security=HEStd_NotSet fresh_keypairs=1 eval_keygen_calls=1 q_div=1125899906843009 q_l=1125899906840833 exact_scale_numerator=1606938044258990275541962092341162602522202993782792835301376 exact_scale_denominator=1267650600226646386227681786497 max_fresh_public_error=2.21801380520733687611367034030018293233135269e-28 max_fresh_oracle_error=2.21801380520733687611367034030018293233135269e-28 max_product_public_error=4.91706273727270162357091699406991927633373489e-28 max_product_oracle_error=4.91706273727270162357091699406991927633373489e-28 input_public_delta_error=5.49568881796138795785242202877717975562923306e-29 input_oracle_delta_error=5.49568881796138795785242202877717975562923306e-29 product_public_delta_error=8.82885700110397000106203044980431189929633303e-29 product_oracle_delta_error=8.82885700110397000106203044980431189929633303e-29 max_horner_component_disagreement=1.032506023719914068269e-107 cross_precision_error=1.2526301939372553621002142982197110672851812e-165 centered_headroom=32592575621437030210620824512759899172413712944662430971418726595098153787900901747269577105 malformed_key_rejections=32
2026-09-05T20:54:57.6028808Z 58: first_modulus_boundary_fixture ready=1 actual_first_bits=56 Q_towers=8 N=64 M=128 fixture_new_keypairs=0
2026-09-05T20:54:57.6029367Z 58: first_modulus_boundary_rejection passed
2026-09-05T20:54:57.6076754Z 58: clone_isolation_contract passed fresh_and_result=1 coefficients=1 scalars=1 present_empty_maps=1
2026-09-05T20:54:57.6126691Z 58: shared_params_fixture allocation_plan additional_matching_keypairs=1 additional_eval_keygen_calls=1 actual_first_bits=55 isolated_context_and_bases=1
2026-09-05T20:54:57.6520025Z 58: shared_params_fixture ready=1 valid_clone_bind_decrypt=1 actual_first_bits=55 Q_towers=8 fixture_new_keypairs=1 fixture_eval_keygen_calls=1 crypto_complete_before_drift=1
2026-09-05T20:54:57.6545975Z 58: shared_params_mutation ready=1 Q_towers_before=8 Q_towers_after=7 immutable_receipt_towers=8 next_boundary=CloneForEvaluation
2026-09-05T20:54:57.6567449Z 58: shared_params_boundary_rejection passed boundary=CloneForEvaluation
2026-09-05T20:54:57.6589012Z 58: shared_params_boundary_rejection passed boundary=BindFirstMult2Rcb
2026-09-05T20:54:57.6611071Z 58: shared_params_boundary_rejection passed boundary=Decrypt
2026-09-05T20:54:57.6629941Z 58: shared_params_drift_contract passed boundaries=3 owned_eval_tag_cleanup=1
2026-09-05T20:54:57.6786172Z 1/1 Test #58: precision_client_io_first_mult2_contract ...   Passed    0.43 sec
2026-09-05T20:54:57.6799503Z 
2026-09-05T20:54:57.6800807Z The following tests passed:
2026-09-05T20:54:57.6801492Z 	precision_client_io_first_mult2_contract
2026-09-05T20:54:57.6801882Z 
2026-09-05T20:54:57.6802039Z 100% tests passed out of 1
2026-09-05T20:54:57.6802323Z 
2026-09-05T20:54:57.6802552Z Total Test time (real) =   0.45 sec
2026-09-05T20:54:57.6999710Z ##[group]Run build="$(cygpath -u "$PROJECT_BUILD")"
2026-09-05T20:54:57.7000105Z [36;1mbuild="$(cygpath -u "$PROJECT_BUILD")"[0m
2026-09-05T20:54:57.7000527Z [36;1mcmake --build "$build" --target repeated_mult2_semantic_two_square_test --parallel 2[0m
2026-09-05T20:54:57.7002532Z shell: D:\a\_temp\setup-msys2\msys2.CMD {0}
2026-09-05T20:54:57.7003047Z env:
2026-09-05T20:54:57.7004028Z   OPENFHE_COMMIT: df495ba2e91739a6dc8f1de254fc5a41155ce504
2026-09-05T20:54:57.7004684Z   OPENFHE_PREFIX: C:\openfhe-2023-1788\openfhe-install
2026-09-05T20:54:57.7005242Z   WINDOWS_ROOT: C:\openfhe-2023-1788
2026-09-05T20:54:57.7005827Z   PROJECT_SOURCE: C:\openfhe-2023-1788\cleanroom
2026-09-05T20:54:57.7006206Z   OPENFHE_SOURCE: C:\openfhe-2023-1788\openfhe-src
2026-09-05T20:54:57.7006839Z   OPENFHE_BUILD: C:\openfhe-2023-1788\openfhe-build-33991083281-1
2026-09-05T20:54:57.7007280Z   PROJECT_BUILD: C:\openfhe-2023-1788\project-build-33991083281-1
2026-09-05T20:54:57.7007714Z   MSYSTEM: MINGW64
2026-09-05T20:54:57.7007950Z ##[endgroup]
2026-09-05T20:55:12.7385539Z [1/3] Building CXX object CMakeFiles/repeated_mult2_semantic_two_square_test.dir/tests/precision_dcp_rcb_fixture.cpp.obj
2026-09-05T20:55:18.3855193Z [2/3] Building CXX object CMakeFiles/repeated_mult2_semantic_two_square_test.dir/tests/repeated_mult2_semantic_two_square_test.cpp.obj
2026-09-05T20:55:19.5692204Z [3/3] Linking CXX executable repeated_mult2_semantic_two_square_test.exe
2026-09-05T20:55:19.5902097Z ##[group]Run build="$(cygpath -u "$PROJECT_BUILD")"
2026-09-05T20:55:19.5902652Z [36;1mbuild="$(cygpath -u "$PROJECT_BUILD")"[0m
2026-09-05T20:55:19.5903106Z [36;1mcmake --build "$build" --target paper_h128_client_keypair_contract_test --parallel 2[0m
2026-09-05T20:55:19.5905105Z shell: D:\a\_temp\setup-msys2\msys2.CMD {0}
2026-09-05T20:55:19.5905425Z env:
2026-09-05T20:55:19.5905704Z   OPENFHE_COMMIT: df495ba2e91739a6dc8f1de254fc5a41155ce504
2026-09-05T20:55:19.5906066Z   OPENFHE_PREFIX: C:\openfhe-2023-1788\openfhe-install
2026-09-05T20:55:19.5906387Z   WINDOWS_ROOT: C:\openfhe-2023-1788
2026-09-05T20:55:19.5906681Z   PROJECT_SOURCE: C:\openfhe-2023-1788\cleanroom
2026-09-05T20:55:19.5907000Z   OPENFHE_SOURCE: C:\openfhe-2023-1788\openfhe-src
2026-09-05T20:55:19.5907364Z   OPENFHE_BUILD: C:\openfhe-2023-1788\openfhe-build-33991083281-1
2026-09-05T20:55:19.5907791Z   PROJECT_BUILD: C:\openfhe-2023-1788\project-build-33991083281-1
2026-09-05T20:55:19.5908167Z   MSYSTEM: MINGW64
2026-09-05T20:55:19.5908393Z ##[endgroup]
2026-09-05T20:55:31.5949209Z [1/2] Building CXX object CMakeFiles/paper_h128_client_keypair_contract_test.dir/tests/paper_h128_client_keypair_contract_test.cpp.obj
2026-09-05T20:55:31.7885339Z [2/2] Linking CXX executable paper_h128_client_keypair_contract_test.exe
2026-09-05T20:55:31.8094726Z ##[group]Run prefix="$(cygpath -u "$OPENFHE_PREFIX")"
2026-09-05T20:55:31.8095156Z [36;1mprefix="$(cygpath -u "$OPENFHE_PREFIX")"[0m
2026-09-05T20:55:31.8095427Z [36;1mbuild="$(cygpath -u "$PROJECT_BUILD")"[0m
2026-09-05T20:55:31.8095695Z [36;1mexport PATH="$prefix/bin:$prefix/lib:$PATH"[0m
2026-09-05T20:55:31.8096240Z [36;1mctest --test-dir "$build" --verbose --output-on-failure -R '^(repeated_mult2_semantic_two_square_contract|paper_h128_client_keypair_contract)$'[0m
2026-09-05T20:55:31.8098429Z shell: D:\a\_temp\setup-msys2\msys2.CMD {0}
2026-09-05T20:55:31.8098659Z env:
2026-09-05T20:55:31.8098885Z   OPENFHE_COMMIT: df495ba2e91739a6dc8f1de254fc5a41155ce504
2026-09-05T20:55:31.8099189Z   OPENFHE_PREFIX: C:\openfhe-2023-1788\openfhe-install
2026-09-05T20:55:31.8099466Z   WINDOWS_ROOT: C:\openfhe-2023-1788
2026-09-05T20:55:31.8099696Z   PROJECT_SOURCE: C:\openfhe-2023-1788\cleanroom
2026-09-05T20:55:31.8100005Z   OPENFHE_SOURCE: C:\openfhe-2023-1788\openfhe-src
2026-09-05T20:55:31.8100320Z   OPENFHE_BUILD: C:\openfhe-2023-1788\openfhe-build-33991083281-1
2026-09-05T20:55:31.8100650Z   PROJECT_BUILD: C:\openfhe-2023-1788\project-build-33991083281-1
2026-09-05T20:55:31.8100914Z   MSYSTEM: MINGW64
2026-09-05T20:55:31.8101086Z ##[endgroup]
2026-09-05T20:55:32.0064785Z UpdateCTestConfiguration  from :C:/openfhe-2023-1788/project-build-33991083281-1/DartConfiguration.tcl
2026-09-05T20:55:32.0083275Z Test project C:/openfhe-2023-1788/project-build-33991083281-1
2026-09-05T20:55:32.0090845Z Constructing a list of tests
2026-09-05T20:55:32.0102733Z Done constructing a list of tests
2026-09-05T20:55:32.0103050Z Updating test list for fixtures
2026-09-05T20:55:32.0103379Z Added 0 tests to meet fixture requirements
2026-09-05T20:55:32.0108270Z Checking test dependency graph...
2026-09-05T20:55:32.0108593Z Checking test dependency graph end
2026-09-05T20:55:32.0108892Z test 59
2026-09-05T20:55:32.0109328Z     Start 59: repeated_mult2_semantic_two_square_contract
2026-09-05T20:55:32.0110452Z 
2026-09-05T20:55:32.0110923Z 59: Test command: C:\openfhe-2023-1788\project-build-33991083281-1\repeated_mult2_semantic_two_square_test.exe
2026-09-05T20:55:32.0111435Z 59: Working Directory: C:/openfhe-2023-1788/project-build-33991083281-1
2026-09-05T20:55:32.0111831Z 59: Test timeout computed to be: 10000000
2026-09-05T20:55:32.3531464Z 59: {"test":"repeated_mult2_semantic_two_square_contract","scope":"low-N-two-operation-diagnostic","trial":0,"stage":1,"N":64,"batch":16,"depth":9,"scaling_bits":50,"first_bits":55,"input_scale_bits":100,"scaling":"FIXEDMANUAL","key_switch":"HYBRID","data_type":"COMPLEX","secret_distribution":"UNIFORM_TERNARY","security":"HEStd_NotSet","evaluation_family":0,"result_family":1,"tag":"77aab778c5e981922a04843bfcc8213c-mult2-family-1","d":"1125899906843009","m":"1125899906840833","m1":"1125899906840833","m2":"1125899906844161","scale_numerator":"1606938044258990275541962092341162602522202993782792835301376","scale_denominator":"1267650600226646386227681786497","max_slot_error":"6.3447441609104155817347813531568811169238502325442e-28","delta_error":"2.8689036782802007307810907569205833777896999683161e-28","observed_product_headroom_bits":258}
2026-09-05T20:55:32.3560390Z 59: {"test":"repeated_mult2_semantic_two_square_contract","scope":"low-N-two-operation-diagnostic","trial":0,"stage":2,"N":64,"batch":16,"depth":9,"scaling_bits":50,"first_bits":55,"input_scale_bits":100,"scaling":"FIXEDMANUAL","key_switch":"HYBRID","data_type":"COMPLEX","secret_distribution":"UNIFORM_TERNARY","security":"HEStd_NotSet","evaluation_family":1,"result_family":1,"tag":"77aab778c5e981922a04843bfcc8213c-mult2-family-1","d":"1125899906843009","m":"1125899906844161","m1":"1125899906840833","m2":"1125899906844161","scale_numerator":"2582249878086908589655919172003011874329705792829223512830659356540647622016841194629645353280137831435903171972747493376","scale_denominator":"2037035976332875852527482486577051056657800595085080553399799398642248571644790159515303041","max_slot_error":"1.6995135981274709963411936242172748847815321865289e-27","delta_error":"5.0577349679526045857957398155280038989098769910127e-28","observed_product_headroom_bits":211}
2026-09-05T20:55:32.6722769Z 59: {"test":"repeated_mult2_semantic_two_square_contract","scope":"low-N-two-operation-diagnostic","trial":1,"stage":1,"N":64,"batch":16,"depth":9,"scaling_bits":50,"first_bits":55,"input_scale_bits":100,"scaling":"FIXEDMANUAL","key_switch":"HYBRID","data_type":"COMPLEX","secret_distribution":"UNIFORM_TERNARY","security":"HEStd_NotSet","evaluation_family":0,"result_family":1,"tag":"d07f53bb63cd25b36e9053df9001ab8a-mult2-family-1","d":"1125899906843009","m":"1125899906840833","m1":"1125899906840833","m2":"1125899906844161","scale_numerator":"1606938044258990275541962092341162602522202993782792835301376","scale_denominator":"1267650600226646386227681786497","max_slot_error":"8.9528755489236989718978744834775458676085688289967e-28","delta_error":"3.4139513360281821127901118999659813432022403616187e-28","observed_product_headroom_bits":258}
2026-09-05T20:55:32.6749919Z 59: {"test":"repeated_mult2_semantic_two_square_contract","scope":"low-N-two-operation-diagnostic","trial":1,"stage":2,"N":64,"batch":16,"depth":9,"scaling_bits":50,"first_bits":55,"input_scale_bits":100,"scaling":"FIXEDMANUAL","key_switch":"HYBRID","data_type":"COMPLEX","secret_distribution":"UNIFORM_TERNARY","security":"HEStd_NotSet","evaluation_family":1,"result_family":1,"tag":"d07f53bb63cd25b36e9053df9001ab8a-mult2-family-1","d":"1125899906843009","m":"1125899906844161","m1":"1125899906840833","m2":"1125899906844161","scale_numerator":"2582249878086908589655919172003011874329705792829223512830659356540647622016841194629645353280137831435903171972747493376","scale_denominator":"2037035976332875852527482486577051056657800595085080553399799398642248571644790159515303041","max_slot_error":"4.2960490167821236953291564155626024187103219091356e-28","delta_error":"5.8297071299898832359887268261927382458751811077814e-29","observed_product_headroom_bits":211}
2026-09-05T20:55:33.0013673Z 59: {"test":"repeated_mult2_semantic_two_square_contract","scope":"low-N-two-operation-diagnostic","trial":2,"stage":1,"N":64,"batch":16,"depth":9,"scaling_bits":50,"first_bits":55,"input_scale_bits":100,"scaling":"FIXEDMANUAL","key_switch":"HYBRID","data_type":"COMPLEX","secret_distribution":"UNIFORM_TERNARY","security":"HEStd_NotSet","evaluation_family":0,"result_family":1,"tag":"9faa7e0de5adf8950689f6fc6d3d7564-mult2-family-1","d":"1125899906843009","m":"1125899906840833","m1":"1125899906840833","m2":"1125899906844161","scale_numerator":"1606938044258990275541962092341162602522202993782792835301376","scale_denominator":"1267650600226646386227681786497","max_slot_error":"1.6441443769929749458751014245693800478717219674065e-27","delta_error":"5.322993415295829628382030039810709315094529945232e-28","observed_product_headroom_bits":258}
2026-09-05T20:55:33.0040794Z 59: {"test":"repeated_mult2_semantic_two_square_contract","scope":"low-N-two-operation-diagnostic","trial":2,"stage":2,"N":64,"batch":16,"depth":9,"scaling_bits":50,"first_bits":55,"input_scale_bits":100,"scaling":"FIXEDMANUAL","key_switch":"HYBRID","data_type":"COMPLEX","secret_distribution":"UNIFORM_TERNARY","security":"HEStd_NotSet","evaluation_family":1,"result_family":1,"tag":"9faa7e0de5adf8950689f6fc6d3d7564-mult2-family-1","d":"1125899906843009","m":"1125899906844161","m1":"1125899906840833","m2":"1125899906844161","scale_numerator":"2582249878086908589655919172003011874329705792829223512830659356540647622016841194629645353280137831435903171972747493376","scale_denominator":"2037035976332875852527482486577051056657800595085080553399799398642248571644790159515303041","max_slot_error":"1.1756052559023381508578722297279494823453974792524e-27","delta_error":"1.3960251313737066680600546103486464042191070301574e-28","observed_product_headroom_bits":211}
2026-09-05T20:55:33.3310960Z 59: {"test":"repeated_mult2_semantic_two_square_contract","scope":"low-N-two-operation-diagnostic","trial":3,"stage":1,"N":64,"batch":16,"depth":9,"scaling_bits":50,"first_bits":55,"input_scale_bits":100,"scaling":"FIXEDMANUAL","key_switch":"HYBRID","data_type":"COMPLEX","secret_distribution":"UNIFORM_TERNARY","security":"HEStd_NotSet","evaluation_family":0,"result_family":1,"tag":"98497a1f6585be9b147b6a5e95370bdb-mult2-family-1","d":"1125899906843009","m":"1125899906840833","m1":"1125899906840833","m2":"1125899906844161","scale_numerator":"1606938044258990275541962092341162602522202993782792835301376","scale_denominator":"1267650600226646386227681786497","max_slot_error":"6.5411519859315633214374181763396455100876670565914e-28","delta_error":"3.7647688353918495978719980245965775555021957534684e-29","observed_product_headroom_bits":258}
2026-09-05T20:55:33.3337237Z 59: {"test":"repeated_mult2_semantic_two_square_contract","scope":"low-N-two-operation-diagnostic","trial":3,"stage":2,"N":64,"batch":16,"depth":9,"scaling_bits":50,"first_bits":55,"input_scale_bits":100,"scaling":"FIXEDMANUAL","key_switch":"HYBRID","data_type":"COMPLEX","secret_distribution":"UNIFORM_TERNARY","security":"HEStd_NotSet","evaluation_family":1,"result_family":1,"tag":"98497a1f6585be9b147b6a5e95370bdb-mult2-family-1","d":"1125899906843009","m":"1125899906844161","m1":"1125899906840833","m2":"1125899906844161","scale_numerator":"2582249878086908589655919172003011874329705792829223512830659356540647622016841194629645353280137831435903171972747493376","scale_denominator":"2037035976332875852527482486577051056657800595085080553399799398642248571644790159515303041","max_slot_error":"1.7368216550416023752376991237457078571448975687757e-27","delta_error":"4.2809592237855114739390656991048363718121101511329e-29","observed_product_headroom_bits":211}
2026-09-05T20:55:33.3372195Z 1/2 Test #59: repeated_mult2_semantic_two_square_contract ...   Passed    1.32 sec
2026-09-05T20:55:33.3377966Z test 60
2026-09-05T20:55:33.3378213Z     Start 60: paper_h128_client_keypair_contract
2026-09-05T20:55:33.3379261Z 
2026-09-05T20:55:33.3379743Z 60: Test command: C:\openfhe-2023-1788\project-build-33991083281-1\paper_h128_client_keypair_contract_test.exe
2026-09-05T20:55:33.3380565Z 60: Working Directory: C:/openfhe-2023-1788/project-build-33991083281-1
2026-09-05T20:55:33.3380883Z 60: Test timeout computed to be: 10000000
2026-09-05T20:55:33.5400146Z 60: valid-path assertions passed (diagnostic, not paper evidence)
2026-09-05T20:55:33.5400642Z 60: 50 named rejection assertions passed (no injected tag collisions)
2026-09-05T20:55:33.5401024Z 60: two-call uniqueness and owned-tag cache-isolation assertions passed
2026-09-05T20:55:33.5413581Z 2/2 Test #60: paper_h128_client_keypair_contract ............   Passed    0.20 sec
2026-09-05T20:55:33.5425953Z 
2026-09-05T20:55:33.5426235Z The following tests passed:
2026-09-05T20:55:33.5426591Z 	repeated_mult2_semantic_two_square_contract
2026-09-05T20:55:33.5426978Z 	paper_h128_client_keypair_contract
2026-09-05T20:55:33.5427216Z 
2026-09-05T20:55:33.5427319Z 100% tests passed out of 2
2026-09-05T20:55:33.5427526Z 
2026-09-05T20:55:33.5427676Z Total Test time (real) =   1.53 sec
2026-09-05T20:55:33.5618513Z ##[group]Run prefix="$(cygpath -u "$OPENFHE_PREFIX")"
2026-09-05T20:55:33.5618853Z [36;1mprefix="$(cygpath -u "$OPENFHE_PREFIX")"[0m
2026-09-05T20:55:33.5619105Z [36;1mbuild="$(cygpath -u "$PROJECT_BUILD")"[0m
2026-09-05T20:55:33.5619365Z [36;1mexport PATH="$prefix/bin:$prefix/lib:$PATH"[0m
2026-09-05T20:55:33.5619737Z [36;1mctest --test-dir "$build" --show-only=json-v1 -E '^paper_full_eight_square_contract$'[0m
2026-09-05T20:55:33.5620222Z [36;1mctest --test-dir "$build" --verbose --output-on-failure -E '^paper_full_eight_square_contract$'[0m
2026-09-05T20:55:33.5621758Z shell: D:\a\_temp\setup-msys2\msys2.CMD {0}
2026-09-05T20:55:33.5621968Z env:
2026-09-05T20:55:33.5622173Z   OPENFHE_COMMIT: df495ba2e91739a6dc8f1de254fc5a41155ce504
2026-09-05T20:55:33.5622458Z   OPENFHE_PREFIX: C:\openfhe-2023-1788\openfhe-install
2026-09-05T20:55:33.5622708Z   WINDOWS_ROOT: C:\openfhe-2023-1788
2026-09-05T20:55:33.5622929Z   PROJECT_SOURCE: C:\openfhe-2023-1788\cleanroom
2026-09-05T20:55:33.5623222Z   OPENFHE_SOURCE: C:\openfhe-2023-1788\openfhe-src
2026-09-05T20:55:33.5623506Z   OPENFHE_BUILD: C:\openfhe-2023-1788\openfhe-build-33991083281-1
2026-09-05T20:55:33.5623824Z   PROJECT_BUILD: C:\openfhe-2023-1788\project-build-33991083281-1
2026-09-05T20:55:33.5624083Z   MSYSTEM: MINGW64
2026-09-05T20:55:33.5624237Z ##[endgroup]
2026-09-05T20:55:33.7615608Z {
2026-09-05T20:55:33.7615911Z   "backtraceGraph" : 
2026-09-05T20:55:33.7616189Z   {
2026-09-05T20:55:33.7616390Z     "commands" : 
2026-09-05T20:55:33.7616613Z     [
2026-09-05T20:55:33.7616828Z       "add_test"
2026-09-05T20:55:33.7617056Z     ],
2026-09-05T20:55:33.7617249Z     "files" : 
2026-09-05T20:55:33.7617463Z     [
2026-09-05T20:55:33.7617743Z       "C:/openfhe-2023-1788/cleanroom/CMakeLists.txt"
2026-09-05T20:55:33.7618112Z     ],
2026-09-05T20:55:33.7618326Z     "nodes" : 
2026-09-05T20:55:33.7618550Z     [
2026-09-05T20:55:33.7618744Z       {
2026-09-05T20:55:33.7618952Z         "file" : 0
2026-09-05T20:55:33.7619188Z       },
2026-09-05T20:55:33.7619367Z       {
2026-09-05T20:55:33.7619572Z         "command" : 0,
2026-09-05T20:55:33.7619857Z         "file" : 0,
2026-09-05T20:55:33.7620129Z         "line" : 190,
2026-09-05T20:55:33.7620359Z         "parent" : 0
2026-09-05T20:55:33.7620611Z       },
2026-09-05T20:55:33.7620819Z       {
2026-09-05T20:55:33.7621003Z         "file" : 0
2026-09-05T20:55:33.7621205Z       },
2026-09-05T20:55:33.7621388Z       {
2026-09-05T20:55:33.7621592Z         "command" : 0,
2026-09-05T20:55:33.7621844Z         "file" : 0,
2026-09-05T20:55:33.7622073Z         "line" : 191,
2026-09-05T20:55:33.7622314Z         "parent" : 2
2026-09-05T20:55:33.7622557Z       },
2026-09-05T20:55:33.7622781Z       {
2026-09-05T20:55:33.7622989Z         "file" : 0
2026-09-05T20:55:33.7623232Z       },
2026-09-05T20:55:33.7623460Z       {
2026-09-05T20:55:33.7623680Z         "command" : 0,
2026-09-05T20:55:33.7623944Z         "file" : 0,
2026-09-05T20:55:33.7624472Z         "line" : 193,
2026-09-05T20:55:33.7624710Z         "parent" : 4
2026-09-05T20:55:33.7624936Z       },
2026-09-05T20:55:33.7625122Z       {
2026-09-05T20:55:33.7625341Z         "file" : 0
2026-09-05T20:55:33.7625897Z       },
2026-09-05T20:55:33.7626097Z       {
2026-09-05T20:55:33.7626327Z         "command" : 0,
2026-09-05T20:55:33.7626563Z         "file" : 0,
2026-09-05T20:55:33.7626826Z         "line" : 195,
2026-09-05T20:55:33.7627355Z         "parent" : 6
2026-09-05T20:55:33.7627591Z       },
2026-09-05T20:55:33.7627797Z       {
2026-09-05T20:55:33.7627976Z         "file" : 0
2026-09-05T20:55:33.7628192Z       },
2026-09-05T20:55:33.7628379Z       {
2026-09-05T20:55:33.7628564Z         "command" : 0,
2026-09-05T20:55:33.7628785Z         "file" : 0,
2026-09-05T20:55:33.7628996Z         "line" : 196,
2026-09-05T20:55:33.7629215Z         "parent" : 8
2026-09-05T20:55:33.7629414Z       },
2026-09-05T20:55:33.7629591Z       {
2026-09-05T20:55:33.7629780Z         "file" : 0
2026-09-05T20:55:33.7631561Z       },
2026-09-05T20:55:33.7631790Z       {
2026-09-05T20:55:33.7631977Z         "command" : 0,
2026-09-05T20:55:33.7632194Z         "file" : 0,
2026-09-05T20:55:33.7632397Z         "line" : 197,
2026-09-05T20:55:33.7632618Z         "parent" : 10
2026-09-05T20:55:33.7632832Z       },
2026-09-05T20:55:33.7632991Z       {
2026-09-05T20:55:33.7633136Z         "file" : 0
2026-09-05T20:55:33.7633290Z       },
2026-09-05T20:55:33.7633436Z       {
2026-09-05T20:55:33.7633580Z         "command" : 0,
2026-09-05T20:55:33.7633746Z         "file" : 0,
2026-09-05T20:55:33.7633909Z         "line" : 198,
2026-09-05T20:55:33.7634076Z         "parent" : 12
2026-09-05T20:55:33.7634238Z       },
2026-09-05T20:55:33.7634381Z       {
2026-09-05T20:55:33.7634517Z         "file" : 0
2026-09-05T20:55:33.7634658Z       },
2026-09-05T20:55:33.7634818Z       {
2026-09-05T20:55:33.7634964Z         "command" : 0,
2026-09-05T20:55:33.7635134Z         "file" : 0,
2026-09-05T20:55:33.7635302Z         "line" : 200,
2026-09-05T20:55:33.7635467Z         "parent" : 14
2026-09-05T20:55:33.7635625Z       },
2026-09-05T20:55:33.7635772Z       {
2026-09-05T20:55:33.7635910Z         "file" : 0
2026-09-05T20:55:33.7636060Z       },
2026-09-05T20:55:33.7636199Z       {
2026-09-05T20:55:33.7636340Z         "command" : 0,
2026-09-05T20:55:33.7636506Z         "file" : 0,
2026-09-05T20:55:33.7636664Z         "line" : 202,
2026-09-05T20:55:33.7636838Z         "parent" : 16
2026-09-05T20:55:33.7636995Z       },
2026-09-05T20:55:33.7637138Z       {
2026-09-05T20:55:33.7637280Z         "file" : 0
2026-09-05T20:55:33.7637432Z       },
2026-09-05T20:55:33.7637605Z       {
2026-09-05T20:55:33.7637770Z         "command" : 0,
2026-09-05T20:55:33.7637978Z         "file" : 0,
2026-09-05T20:55:33.7638852Z         "line" : 203,
2026-09-05T20:55:33.7639106Z         "parent" : 18
2026-09-05T20:55:33.7639343Z       },
2026-09-05T20:55:33.7639551Z       {
2026-09-05T20:55:33.7639836Z         "file" : 0
2026-09-05T20:55:33.7639999Z       },
2026-09-05T20:55:33.7640143Z       {
2026-09-05T20:55:33.7640292Z         "command" : 0,
2026-09-05T20:55:33.7640460Z         "file" : 0,
2026-09-05T20:55:33.7640624Z         "line" : 204,
2026-09-05T20:55:33.7640790Z         "parent" : 20
2026-09-05T20:55:33.7640955Z       },
2026-09-05T20:55:33.7641096Z       {
2026-09-05T20:55:33.7641244Z         "file" : 0
2026-09-05T20:55:33.7641404Z       },
2026-09-05T20:55:33.7641545Z       {
2026-09-05T20:55:33.7641688Z         "command" : 0,
2026-09-05T20:55:33.7641868Z         "file" : 0,
2026-09-05T20:55:33.7642028Z         "line" : 205,
2026-09-05T20:55:33.7642194Z         "parent" : 22
2026-09-05T20:55:33.7642358Z       },
2026-09-05T20:55:33.7642498Z       {
2026-09-05T20:55:33.7642642Z         "file" : 0
2026-09-05T20:55:33.7642794Z       },
2026-09-05T20:55:33.7642932Z       {
2026-09-05T20:55:33.7643072Z         "command" : 0,
2026-09-05T20:55:33.7643236Z         "file" : 0,
2026-09-05T20:55:33.7643581Z         "line" : 206,
2026-09-05T20:55:33.7643747Z         "parent" : 24
2026-09-05T20:55:33.7643924Z       },
2026-09-05T20:55:33.7644064Z       {
2026-09-05T20:55:33.7644210Z         "file" : 0
2026-09-05T20:55:33.7644367Z       },
2026-09-05T20:55:33.7644503Z       {
2026-09-05T20:55:33.7644652Z         "command" : 0,
2026-09-05T20:55:33.7644819Z         "file" : 0,
2026-09-05T20:55:33.7644976Z         "line" : 207,
2026-09-05T20:55:33.7645137Z         "parent" : 26
2026-09-05T20:55:33.7645289Z       },
2026-09-05T20:55:33.7645432Z       {
2026-09-05T20:55:33.7645572Z         "file" : 0
2026-09-05T20:55:33.7645725Z       },
2026-09-05T20:55:33.7645881Z       {
2026-09-05T20:55:33.7646023Z         "command" : 0,
2026-09-05T20:55:33.7646191Z         "file" : 0,
2026-09-05T20:55:33.7646346Z         "line" : 208,
2026-09-05T20:55:33.7646514Z         "parent" : 28
2026-09-05T20:55:33.7646679Z       },
2026-09-05T20:55:33.7646824Z       {
2026-09-05T20:55:33.7646972Z         "file" : 0
2026-09-05T20:55:33.7647958Z       },
2026-09-05T20:55:33.7648121Z       {
2026-09-05T20:55:33.7648348Z         "command" : 0,
2026-09-05T20:55:33.7648599Z         "file" : 0,
2026-09-05T20:55:33.7648866Z         "line" : 209,
2026-09-05T20:55:33.7649034Z         "parent" : 30
2026-09-05T20:55:33.7649194Z       },
2026-09-05T20:55:33.7649335Z       {
2026-09-05T20:55:33.7649474Z         "file" : 0
2026-09-05T20:55:33.7649633Z       },
2026-09-05T20:55:33.7649776Z       {
2026-09-05T20:55:33.7649918Z         "command" : 0,
2026-09-05T20:55:33.7650092Z         "file" : 0,
2026-09-05T20:55:33.7650250Z         "line" : 210,
2026-09-05T20:55:33.7650415Z         "parent" : 32
2026-09-05T20:55:33.7650576Z       },
2026-09-05T20:55:33.7650738Z       {
2026-09-05T20:55:33.7650882Z         "file" : 0
2026-09-05T20:55:33.7651034Z       },
2026-09-05T20:55:33.7651178Z       {
2026-09-05T20:55:33.7651325Z         "command" : 0,
2026-09-05T20:55:33.7651495Z         "file" : 0,
2026-09-05T20:55:33.7651668Z         "line" : 211,
2026-09-05T20:55:33.7651836Z         "parent" : 34
2026-09-05T20:55:33.7651996Z       },
2026-09-05T20:55:33.7652137Z       {
2026-09-05T20:55:33.7652278Z         "file" : 0
2026-09-05T20:55:33.7652428Z       },
2026-09-05T20:55:33.7652571Z       {
2026-09-05T20:55:33.7652727Z         "command" : 0,
2026-09-05T20:55:33.7652900Z         "file" : 0,
2026-09-05T20:55:33.7653062Z         "line" : 212,
2026-09-05T20:55:33.7653229Z         "parent" : 36
2026-09-05T20:55:33.7653388Z       },
2026-09-05T20:55:33.7653528Z       {
2026-09-05T20:55:33.7653673Z         "file" : 0
2026-09-05T20:55:33.7653827Z       },
2026-09-05T20:55:33.7653965Z       {
2026-09-05T20:55:33.7654109Z         "command" : 0,
2026-09-05T20:55:33.7654277Z         "file" : 0,
2026-09-05T20:55:33.7654430Z         "line" : 213,
2026-09-05T20:55:33.7654603Z         "parent" : 38
2026-09-05T20:55:33.7654758Z       },
2026-09-05T20:55:33.7654891Z       {
2026-09-05T20:55:33.7655039Z         "file" : 0
2026-09-05T20:55:33.7655197Z       },
2026-09-05T20:55:33.7655341Z       {
2026-09-05T20:55:33.7655485Z         "command" : 0,
2026-09-05T20:55:33.7655653Z         "file" : 0,
2026-09-05T20:55:33.7655814Z         "line" : 214,
2026-09-05T20:55:33.7655977Z         "parent" : 40
2026-09-05T20:55:33.7656118Z       },
2026-09-05T20:55:33.7656247Z       {
2026-09-05T20:55:33.7656375Z         "file" : 0
2026-09-05T20:55:33.7656520Z       },
2026-09-05T20:55:33.7656649Z       {
2026-09-05T20:55:33.7656787Z         "command" : 0,
2026-09-05T20:55:33.7656937Z         "file" : 0,
2026-09-05T20:55:33.7657077Z         "line" : 215,
2026-09-05T20:55:33.7657226Z         "parent" : 42
2026-09-05T20:55:33.7657386Z       },
2026-09-05T20:55:33.7657571Z       {
2026-09-05T20:55:33.7657701Z         "file" : 0
2026-09-05T20:55:33.7657842Z       },
2026-09-05T20:55:33.7657968Z       {
2026-09-05T20:55:33.7658097Z         "command" : 0,
2026-09-05T20:55:33.7658255Z         "file" : 0,
2026-09-05T20:55:33.7658536Z         "line" : 216,
2026-09-05T20:55:33.7658701Z         "parent" : 44
2026-09-05T20:55:33.7658849Z       },
2026-09-05T20:55:33.7658974Z       {
2026-09-05T20:55:33.7659105Z         "file" : 0
2026-09-05T20:55:33.7659248Z       },
2026-09-05T20:55:33.7659385Z       {
2026-09-05T20:55:33.7659517Z         "command" : 0,
2026-09-05T20:55:33.7659671Z         "file" : 0,
2026-09-05T20:55:33.7659818Z         "line" : 217,
2026-09-05T20:55:33.7659966Z         "parent" : 46
2026-09-05T20:55:33.7660109Z       },
2026-09-05T20:55:33.7660234Z       {
2026-09-05T20:55:33.7660373Z         "file" : 0
2026-09-05T20:55:33.7660519Z       },
2026-09-05T20:55:33.7660645Z       {
2026-09-05T20:55:33.7660774Z         "command" : 0,
2026-09-05T20:55:33.7660922Z         "file" : 0,
2026-09-05T20:55:33.7661065Z         "line" : 218,
2026-09-05T20:55:33.7661212Z         "parent" : 48
2026-09-05T20:55:33.7661360Z       },
2026-09-05T20:55:33.7661487Z       {
2026-09-05T20:55:33.7661714Z         "file" : 0
2026-09-05T20:55:33.7661860Z       },
2026-09-05T20:55:33.7661991Z       {
2026-09-05T20:55:33.7662122Z         "command" : 0,
2026-09-05T20:55:33.7662285Z         "file" : 0,
2026-09-05T20:55:33.7662431Z         "line" : 219,
2026-09-05T20:55:33.7662586Z         "parent" : 50
2026-09-05T20:55:33.7662733Z       },
2026-09-05T20:55:33.7662864Z       {
2026-09-05T20:55:33.7663001Z         "file" : 0
2026-09-05T20:55:33.7663137Z       },
2026-09-05T20:55:33.7663265Z       {
2026-09-05T20:55:33.7663391Z         "command" : 0,
2026-09-05T20:55:33.7663544Z         "file" : 0,
2026-09-05T20:55:33.7663690Z         "line" : 220,
2026-09-05T20:55:33.7663838Z         "parent" : 52
2026-09-05T20:55:33.7663989Z       },
2026-09-05T20:55:33.7664118Z       {
2026-09-05T20:55:33.7664248Z         "file" : 0
2026-09-05T20:55:33.7664386Z       },
2026-09-05T20:55:33.7664511Z       {
2026-09-05T20:55:33.7664641Z         "command" : 0,
2026-09-05T20:55:33.7664794Z         "file" : 0,
2026-09-05T20:55:33.7664945Z         "line" : 221,
2026-09-05T20:55:33.7665092Z         "parent" : 54
2026-09-05T20:55:33.7665236Z       },
2026-09-05T20:55:33.7665364Z       {
2026-09-05T20:55:33.7665489Z         "file" : 0
2026-09-05T20:55:33.7665628Z       },
2026-09-05T20:55:33.7665761Z       {
2026-09-05T20:55:33.7665888Z         "command" : 0,
2026-09-05T20:55:33.7666045Z         "file" : 0,
2026-09-05T20:55:33.7666187Z         "line" : 222,
2026-09-05T20:55:33.7666335Z         "parent" : 56
2026-09-05T20:55:33.7666485Z       },
2026-09-05T20:55:33.7666608Z       {
2026-09-05T20:55:33.7666742Z         "file" : 0
2026-09-05T20:55:33.7666878Z       },
2026-09-05T20:55:33.7667004Z       {
2026-09-05T20:55:33.7667136Z         "command" : 0,
2026-09-05T20:55:33.7667289Z         "file" : 0,
2026-09-05T20:55:33.7667449Z         "line" : 223,
2026-09-05T20:55:33.7667598Z         "parent" : 58
2026-09-05T20:55:33.7667752Z       },
2026-09-05T20:55:33.7667881Z       {
2026-09-05T20:55:33.7668016Z         "file" : 0
2026-09-05T20:55:33.7668154Z       },
2026-09-05T20:55:33.7668284Z       {
2026-09-05T20:55:33.7668414Z         "command" : 0,
2026-09-05T20:55:33.7668566Z         "file" : 0,
2026-09-05T20:55:33.7668711Z         "line" : 224,
2026-09-05T20:55:33.7668905Z         "parent" : 60
2026-09-05T20:55:33.7669143Z       },
2026-09-05T20:55:33.7669494Z       {
2026-09-05T20:55:33.7669890Z         "file" : 0
2026-09-05T20:55:33.7670089Z       },
2026-09-05T20:55:33.7670262Z       {
2026-09-05T20:55:33.7670443Z         "command" : 0,
2026-09-05T20:55:33.7670669Z         "file" : 0,
2026-09-05T20:55:33.7670878Z         "line" : 225,
2026-09-05T20:55:33.7671083Z         "parent" : 62
2026-09-05T20:55:33.7671291Z       },
2026-09-05T20:55:33.7671478Z       {
2026-09-05T20:55:33.7671660Z         "file" : 0
2026-09-05T20:55:33.7671859Z       },
2026-09-05T20:55:33.7672052Z       {
2026-09-05T20:55:33.7672246Z         "command" : 0,
2026-09-05T20:55:33.7672471Z         "file" : 0,
2026-09-05T20:55:33.7672880Z         "line" : 226,
2026-09-05T20:55:33.7673096Z         "parent" : 64
2026-09-05T20:55:33.7673327Z       },
2026-09-05T20:55:33.7673518Z       {
2026-09-05T20:55:33.7673725Z         "file" : 0
2026-09-05T20:55:33.7673948Z       },
2026-09-05T20:55:33.7674130Z       {
2026-09-05T20:55:33.7674329Z         "command" : 0,
2026-09-05T20:55:33.7674566Z         "file" : 0,
2026-09-05T20:55:33.7674786Z         "line" : 227,
2026-09-05T20:55:33.7675011Z         "parent" : 66
2026-09-05T20:55:33.7675243Z       },
2026-09-05T20:55:33.7675434Z       {
2026-09-05T20:55:33.7675637Z         "file" : 0
2026-09-05T20:55:33.7675860Z       },
2026-09-05T20:55:33.7676050Z       {
2026-09-05T20:55:33.7676272Z         "command" : 0,
2026-09-05T20:55:33.7676503Z         "file" : 0,
2026-09-05T20:55:33.7676728Z         "line" : 228,
2026-09-05T20:55:33.7676966Z         "parent" : 68
2026-09-05T20:55:33.7677196Z       },
2026-09-05T20:55:33.7677376Z       {
2026-09-05T20:55:33.7677698Z         "file" : 0
2026-09-05T20:55:33.7677916Z       },
2026-09-05T20:55:33.7678123Z       {
2026-09-05T20:55:33.7678292Z         "command" : 0,
2026-09-05T20:55:33.7678533Z         "file" : 0,
2026-09-05T20:55:33.7678752Z         "line" : 229,
2026-09-05T20:55:33.7679003Z         "parent" : 70
2026-09-05T20:55:33.7679228Z       },
2026-09-05T20:55:33.7679413Z       {
2026-09-05T20:55:33.7679596Z         "file" : 0
2026-09-05T20:55:33.7679816Z       },
2026-09-05T20:55:33.7679993Z       {
2026-09-05T20:55:33.7680203Z         "command" : 0,
2026-09-05T20:55:33.7680445Z         "file" : 0,
2026-09-05T20:55:33.7680661Z         "line" : 230,
2026-09-05T20:55:33.7680881Z         "parent" : 72
2026-09-05T20:55:33.7681130Z       },
2026-09-05T20:55:33.7681333Z       {
2026-09-05T20:55:33.7681550Z         "file" : 0
2026-09-05T20:55:33.7681786Z       },
2026-09-05T20:55:33.7681972Z       {
2026-09-05T20:55:33.7682152Z         "command" : 0,
2026-09-05T20:55:33.7682385Z         "file" : 0,
2026-09-05T20:55:33.7682616Z         "line" : 231,
2026-09-05T20:55:33.7682830Z         "parent" : 74
2026-09-05T20:55:33.7683036Z       },
2026-09-05T20:55:33.7683214Z       {
2026-09-05T20:55:33.7683362Z         "file" : 0
2026-09-05T20:55:33.7683597Z       },
2026-09-05T20:55:33.7683773Z       {
2026-09-05T20:55:33.7683963Z         "command" : 0,
2026-09-05T20:55:33.7684180Z         "file" : 0,
2026-09-05T20:55:33.7684394Z         "line" : 232,
2026-09-05T20:55:33.7684612Z         "parent" : 76
2026-09-05T20:55:33.7684843Z       },
2026-09-05T20:55:33.7685030Z       {
2026-09-05T20:55:33.7685219Z         "file" : 0
2026-09-05T20:55:33.7685426Z       },
2026-09-05T20:55:33.7685592Z       {
2026-09-05T20:55:33.7685800Z         "command" : 0,
2026-09-05T20:55:33.7686013Z         "file" : 0,
2026-09-05T20:55:33.7686208Z         "line" : 233,
2026-09-05T20:55:33.7686427Z         "parent" : 78
2026-09-05T20:55:33.7686638Z       },
2026-09-05T20:55:33.7686816Z       {
2026-09-05T20:55:33.7687027Z         "file" : 0
2026-09-05T20:55:33.7687231Z       },
2026-09-05T20:55:33.7687436Z       {
2026-09-05T20:55:33.7687652Z         "command" : 0,
2026-09-05T20:55:33.7687896Z         "file" : 0,
2026-09-05T20:55:33.7688118Z         "line" : 234,
2026-09-05T20:55:33.7688362Z         "parent" : 80
2026-09-05T20:55:33.7688616Z       },
2026-09-05T20:55:33.7688895Z       {
2026-09-05T20:55:33.7689102Z         "file" : 0
2026-09-05T20:55:33.7689320Z       },
2026-09-05T20:55:33.7689502Z       {
2026-09-05T20:55:33.7689700Z         "command" : 0,
2026-09-05T20:55:33.7689931Z         "file" : 0,
2026-09-05T20:55:33.7690160Z         "line" : 235,
2026-09-05T20:55:33.7690401Z         "parent" : 82
2026-09-05T20:55:33.7690638Z       },
2026-09-05T20:55:33.7690837Z       {
2026-09-05T20:55:33.7691038Z         "file" : 0
2026-09-05T20:55:33.7691287Z       },
2026-09-05T20:55:33.7691494Z       {
2026-09-05T20:55:33.7691702Z         "command" : 0,
2026-09-05T20:55:33.7691936Z         "file" : 0,
2026-09-05T20:55:33.7692369Z         "line" : 236,
2026-09-05T20:55:33.7692624Z         "parent" : 84
2026-09-05T20:55:33.7692873Z       },
2026-09-05T20:55:33.7693084Z       {
2026-09-05T20:55:33.7693288Z         "file" : 0
2026-09-05T20:55:33.7693532Z       },
2026-09-05T20:55:33.7693744Z       {
2026-09-05T20:55:33.7693958Z         "command" : 0,
2026-09-05T20:55:33.7694214Z         "file" : 0,
2026-09-05T20:55:33.7694462Z         "line" : 237,
2026-09-05T20:55:33.7694685Z         "parent" : 86
2026-09-05T20:55:33.7694909Z       },
2026-09-05T20:55:33.7695083Z       {
2026-09-05T20:55:33.7695294Z         "file" : 0
2026-09-05T20:55:33.7695497Z       },
2026-09-05T20:55:33.7695641Z       {
2026-09-05T20:55:33.7695783Z         "command" : 0,
2026-09-05T20:55:33.7695950Z         "file" : 0,
2026-09-05T20:55:33.7696168Z         "line" : 238,
2026-09-05T20:55:33.7696397Z         "parent" : 88
2026-09-05T20:55:33.7696626Z       },
2026-09-05T20:55:33.7696836Z       {
2026-09-05T20:55:33.7697824Z         "file" : 0
2026-09-05T20:55:33.7698055Z       },
2026-09-05T20:55:33.7698231Z       {
2026-09-05T20:55:33.7698382Z         "command" : 0,
2026-09-05T20:55:33.7698556Z         "file" : 0,
2026-09-05T20:55:33.7698719Z         "line" : 239,
2026-09-05T20:55:33.7698886Z         "parent" : 90
2026-09-05T20:55:33.7699039Z       },
2026-09-05T20:55:33.7699175Z       {
2026-09-05T20:55:33.7699319Z         "file" : 0
2026-09-05T20:55:33.7699475Z       },
2026-09-05T20:55:33.7699618Z       {
2026-09-05T20:55:33.7699774Z         "command" : 0,
2026-09-05T20:55:33.7699941Z         "file" : 0,
2026-09-05T20:55:33.7700096Z         "line" : 241,
2026-09-05T20:55:33.7700257Z         "parent" : 92
2026-09-05T20:55:33.7700413Z       },
2026-09-05T20:55:33.7700551Z       {
2026-09-05T20:55:33.7700686Z         "file" : 0
2026-09-05T20:55:33.7700833Z       },
2026-09-05T20:55:33.7700963Z       {
2026-09-05T20:55:33.7701101Z         "command" : 0,
2026-09-05T20:55:33.7701263Z         "file" : 0,
2026-09-05T20:55:33.7701424Z         "line" : 242,
2026-09-05T20:55:33.7701590Z         "parent" : 94
2026-09-05T20:55:33.7701739Z       },
2026-09-05T20:55:33.7701877Z       {
2026-09-05T20:55:33.7702020Z         "file" : 0
2026-09-05T20:55:33.7702170Z       },
2026-09-05T20:55:33.7702308Z       {
2026-09-05T20:55:33.7702455Z         "command" : 0,
2026-09-05T20:55:33.7702620Z         "file" : 0,
2026-09-05T20:55:33.7702780Z         "line" : 243,
2026-09-05T20:55:33.7702943Z         "parent" : 96
2026-09-05T20:55:33.7703101Z       },
2026-09-05T20:55:33.7703247Z       {
2026-09-05T20:55:33.7703383Z         "file" : 0
2026-09-05T20:55:33.7703552Z       },
2026-09-05T20:55:33.7703692Z       {
2026-09-05T20:55:33.7703883Z         "command" : 0,
2026-09-05T20:55:33.7704136Z         "file" : 0,
2026-09-05T20:55:33.7704350Z         "line" : 244,
2026-09-05T20:55:33.7704559Z         "parent" : 98
2026-09-05T20:55:33.7704718Z       },
2026-09-05T20:55:33.7704857Z       {
2026-09-05T20:55:33.7705010Z         "file" : 0
2026-09-05T20:55:33.7705156Z       },
2026-09-05T20:55:33.7705289Z       {
2026-09-05T20:55:33.7705435Z         "command" : 0,
2026-09-05T20:55:33.7705606Z         "file" : 0,
2026-09-05T20:55:33.7705764Z         "line" : 246,
2026-09-05T20:55:33.7705923Z         "parent" : 100
2026-09-05T20:55:33.7706169Z       },
2026-09-05T20:55:33.7706373Z       {
2026-09-05T20:55:33.7706579Z         "file" : 0
2026-09-05T20:55:33.7706809Z       },
2026-09-05T20:55:33.7707002Z       {
2026-09-05T20:55:33.7707190Z         "command" : 0,
2026-09-05T20:55:33.7707428Z         "file" : 0,
2026-09-05T20:55:33.7707663Z         "line" : 247,
2026-09-05T20:55:33.7707911Z         "parent" : 102
2026-09-05T20:55:33.7708147Z       },
2026-09-05T20:55:33.7708353Z       {
2026-09-05T20:55:33.7708513Z         "file" : 0
2026-09-05T20:55:33.7708663Z       },
2026-09-05T20:55:33.7708801Z       {
2026-09-05T20:55:33.7708944Z         "command" : 0,
2026-09-05T20:55:33.7709105Z         "file" : 0,
2026-09-05T20:55:33.7709413Z         "line" : 248,
2026-09-05T20:55:33.7709584Z         "parent" : 104
2026-09-05T20:55:33.7709740Z       },
2026-09-05T20:55:33.7709882Z       {
2026-09-05T20:55:33.7710021Z         "file" : 0
2026-09-05T20:55:33.7710174Z       },
2026-09-05T20:55:33.7710348Z       {
2026-09-05T20:55:33.7710570Z         "command" : 0,
2026-09-05T20:55:33.7710789Z         "file" : 0,
2026-09-05T20:55:33.7710990Z         "line" : 249,
2026-09-05T20:55:33.7711200Z         "parent" : 106
2026-09-05T20:55:33.7711365Z       },
2026-09-05T20:55:33.7711549Z       {
2026-09-05T20:55:33.7711733Z         "file" : 0
2026-09-05T20:55:33.7711927Z       },
2026-09-05T20:55:33.7712077Z       {
2026-09-05T20:55:33.7712203Z         "command" : 0,
2026-09-05T20:55:33.7712353Z         "file" : 0,
2026-09-05T20:55:33.7712539Z         "line" : 250,
2026-09-05T20:55:33.7712749Z         "parent" : 108
2026-09-05T20:55:33.7712892Z       },
2026-09-05T20:55:33.7713530Z       {
2026-09-05T20:55:33.7713849Z         "file" : 0
2026-09-05T20:55:33.7714001Z       },
2026-09-05T20:55:33.7714144Z       {
2026-09-05T20:55:33.7714276Z         "command" : 0,
2026-09-05T20:55:33.7714426Z         "file" : 0,
2026-09-05T20:55:33.7714567Z         "line" : 251,
2026-09-05T20:55:33.7714717Z         "parent" : 110
2026-09-05T20:55:33.7714860Z       },
2026-09-05T20:55:33.7714996Z       {
2026-09-05T20:55:33.7715115Z         "file" : 0
2026-09-05T20:55:33.7715258Z       },
2026-09-05T20:55:33.7715379Z       {
2026-09-05T20:55:33.7715504Z         "command" : 0,
2026-09-05T20:55:33.7715653Z         "file" : 0,
2026-09-05T20:55:33.7715791Z         "line" : 253,
2026-09-05T20:55:33.7715936Z         "parent" : 112
2026-09-05T20:55:33.7716077Z       },
2026-09-05T20:55:33.7716200Z       {
2026-09-05T20:55:33.7716320Z         "file" : 0
2026-09-05T20:55:33.7716459Z       },
2026-09-05T20:55:33.7716583Z       {
2026-09-05T20:55:33.7716712Z         "command" : 0,
2026-09-05T20:55:33.7716879Z         "file" : 0,
2026-09-05T20:55:33.7717022Z         "line" : 255,
2026-09-05T20:55:33.7717171Z         "parent" : 114
2026-09-05T20:55:33.7717313Z       },
2026-09-05T20:55:33.7717436Z       {
2026-09-05T20:55:33.7717557Z         "file" : 0
2026-09-05T20:55:33.7717691Z       },
2026-09-05T20:55:33.7717816Z       {
2026-09-05T20:55:33.7717939Z         "command" : 0,
2026-09-05T20:55:33.7718082Z         "file" : 0,
2026-09-05T20:55:33.7718218Z         "line" : 257,
2026-09-05T20:55:33.7718387Z         "parent" : 116
2026-09-05T20:55:33.7718563Z       },
2026-09-05T20:55:33.7718707Z       {
2026-09-05T20:55:33.7718844Z         "file" : 0
2026-09-05T20:55:33.7718992Z       },
2026-09-05T20:55:33.7719132Z       {
2026-09-05T20:55:33.7719273Z         "command" : 0,
2026-09-05T20:55:33.7719434Z         "file" : 0,
2026-09-05T20:55:33.7719586Z         "line" : 259,
2026-09-05T20:55:33.7719744Z         "parent" : 118
2026-09-05T20:55:33.7719899Z       }
2026-09-05T20:55:33.7720034Z     ]
2026-09-05T20:55:33.7720184Z   },
2026-09-05T20:55:33.7720337Z   "kind" : "ctestInfo",
2026-09-05T20:55:33.7720521Z   "tests" : 
2026-09-05T20:55:33.7720673Z   [
2026-09-05T20:55:33.7720814Z     {
2026-09-05T20:55:33.7720963Z       "backtrace" : 1,
2026-09-05T20:55:33.7721131Z       "command" : 
2026-09-05T20:55:33.7721274Z       [
2026-09-05T20:55:33.7721520Z         "C:/openfhe-2023-1788/project-build-33991083281-1/dcp_rcb_test.exe"
2026-09-05T20:55:33.7721805Z       ],
2026-09-05T20:55:33.7721958Z       "name" : "dcp_rcb",
2026-09-05T20:55:33.7722141Z       "properties" : 
2026-09-05T20:55:33.7722304Z       [
2026-09-05T20:55:33.7722445Z         {
2026-09-05T20:55:33.7722624Z           "name" : "WORKING_DIRECTORY",
2026-09-05T20:55:33.7722898Z           "value" : "C:/openfhe-2023-1788/project-build-33991083281-1"
2026-09-05T20:55:33.7723154Z         }
2026-09-05T20:55:33.7723298Z       ]
2026-09-05T20:55:33.7723438Z     },
2026-09-05T20:55:33.7723576Z     {
2026-09-05T20:55:33.7724324Z       "backtrace" : 3,
2026-09-05T20:55:33.7724502Z       "command" : 
2026-09-05T20:55:33.7724659Z       [
2026-09-05T20:55:33.7724946Z         "C:/openfhe-2023-1788/project-build-33991083281-1/precision_dcp_rcb_contract_test.exe"
2026-09-05T20:55:33.7725286Z       ],
2026-09-05T20:55:33.7725500Z       "name" : "precision_dcp_rcb_high_precision_contract",
2026-09-05T20:55:33.7725760Z       "properties" : 
2026-09-05T20:55:33.7725923Z       [
2026-09-05T20:55:33.7726064Z         {
2026-09-05T20:55:33.7726228Z           "name" : "WORKING_DIRECTORY",
2026-09-05T20:55:33.7726494Z           "value" : "C:/openfhe-2023-1788/project-build-33991083281-1"
2026-09-05T20:55:33.7726740Z         }
2026-09-05T20:55:33.7726884Z       ]
2026-09-05T20:55:33.7727023Z     },
2026-09-05T20:55:33.7727166Z     {
2026-09-05T20:55:33.7727317Z       "backtrace" : 5,
2026-09-05T20:55:33.7727486Z       "command" : 
2026-09-05T20:55:33.7727656Z       [
2026-09-05T20:55:33.7728021Z         "C:/openfhe-2023-1788/project-build-33991083281-1/precision_first_mult2_contract_test.exe"
2026-09-05T20:55:33.7728368Z       ],
2026-09-05T20:55:33.7728567Z       "name" : "precision_first_mult2_high_precision_contract",
2026-09-05T20:55:33.7728820Z       "properties" : 
2026-09-05T20:55:33.7728981Z       [
2026-09-05T20:55:33.7729120Z         {
2026-09-05T20:55:33.7729275Z           "name" : "WORKING_DIRECTORY",
2026-09-05T20:55:33.7729537Z           "value" : "C:/openfhe-2023-1788/project-build-33991083281-1"
2026-09-05T20:55:33.7729786Z         }
2026-09-05T20:55:33.7729915Z       ]
2026-09-05T20:55:33.7730065Z     },
2026-09-05T20:55:33.7730202Z     {
2026-09-05T20:55:33.7730345Z       "backtrace" : 7,
2026-09-05T20:55:33.7730509Z       "command" : 
2026-09-05T20:55:33.7730666Z       [
2026-09-05T20:55:33.7730892Z         "C:/openfhe-2023-1788/project-build-33991083281-1/pair_add_test.exe"
2026-09-05T20:55:33.7731167Z       ],
2026-09-05T20:55:33.7731330Z       "name" : "pair_add_runtime_behavior",
2026-09-05T20:55:33.7731555Z       "properties" : 
2026-09-05T20:55:33.7731715Z       [
2026-09-05T20:55:33.7731856Z         {
2026-09-05T20:55:33.7732014Z           "name" : "WORKING_DIRECTORY",
2026-09-05T20:55:33.7732284Z           "value" : "C:/openfhe-2023-1788/project-build-33991083281-1"
2026-09-05T20:55:33.7732533Z         }
2026-09-05T20:55:33.7732670Z       ]
2026-09-05T20:55:33.7732814Z     },
2026-09-05T20:55:33.7732954Z     {
2026-09-05T20:55:33.7733091Z       "backtrace" : 9,
2026-09-05T20:55:33.7733253Z       "command" : 
2026-09-05T20:55:33.7733410Z       [
2026-09-05T20:55:33.7733635Z         "C:/openfhe-2023-1788/project-build-33991083281-1/pair_sub_test.exe"
2026-09-05T20:55:33.7733911Z       ],
2026-09-05T20:55:33.7734083Z       "name" : "pair_sub_runtime_behavior",
2026-09-05T20:55:33.7734314Z       "properties" : 
2026-09-05T20:55:33.7734475Z       [
2026-09-05T20:55:33.7734612Z         {
2026-09-05T20:55:33.7734763Z           "name" : "WORKING_DIRECTORY",
2026-09-05T20:55:33.7735022Z           "value" : "C:/openfhe-2023-1788/project-build-33991083281-1"
2026-09-05T20:55:33.7735263Z         }
2026-09-05T20:55:33.7735404Z       ]
2026-09-05T20:55:33.7735538Z     },
2026-09-05T20:55:33.7735674Z     {
2026-09-05T20:55:33.7735821Z       "backtrace" : 11,
2026-09-05T20:55:33.7736001Z       "command" : 
2026-09-05T20:55:33.7736151Z       [
2026-09-05T20:55:33.7736549Z         "C:/openfhe-2023-1788/project-build-33991083281-1/pair_arithmetic_test.exe",
2026-09-05T20:55:33.7737016Z         "controlled_oracle"
2026-09-05T20:55:33.7737293Z       ],
2026-09-05T20:55:33.7737534Z       "name" : "pair_arithmetic_controlled_oracle",
2026-09-05T20:55:33.7737904Z       "properties" : 
2026-09-05T20:55:33.7738080Z       [
2026-09-05T20:55:33.7738218Z         {
2026-09-05T20:55:33.7738411Z           "name" : "WORKING_DIRECTORY",
2026-09-05T20:55:33.7738782Z           "value" : "C:/openfhe-2023-1788/project-build-33991083281-1"
2026-09-05T20:55:33.7739564Z         }
2026-09-05T20:55:33.7739860Z       ]
2026-09-05T20:55:33.7740023Z     },
2026-09-05T20:55:33.7740166Z     {
2026-09-05T20:55:33.7740323Z       "backtrace" : 13,
2026-09-05T20:55:33.7740500Z       "command" : 
2026-09-05T20:55:33.7740657Z       [
2026-09-05T20:55:33.7740908Z         "C:/openfhe-2023-1788/project-build-33991083281-1/pair_arithmetic_test.exe",
2026-09-05T20:55:33.7741223Z         "public_lifecycles_keyless"
2026-09-05T20:55:33.7741419Z       ],
2026-09-05T20:55:33.7741646Z       "name" : "pair_arithmetic_public_lifecycles_keyless",
2026-09-05T20:55:33.7742037Z       "properties" : 
2026-09-05T20:55:33.7742225Z       [
2026-09-05T20:55:33.7742364Z         {
2026-09-05T20:55:33.7742535Z           "name" : "WORKING_DIRECTORY",
2026-09-05T20:55:33.7742790Z           "value" : "C:/openfhe-2023-1788/project-build-33991083281-1"
2026-09-05T20:55:33.7743041Z         }
2026-09-05T20:55:33.7743184Z       ]
2026-09-05T20:55:33.7743320Z     },
2026-09-05T20:55:33.7743461Z     {
2026-09-05T20:55:33.7743615Z       "backtrace" : 15,
2026-09-05T20:55:33.7743877Z       "command" : 
2026-09-05T20:55:33.7744048Z       [
2026-09-05T20:55:33.7744305Z         "C:/openfhe-2023-1788/project-build-33991083281-1/pair_arithmetic_test.exe",
2026-09-05T20:55:33.7744660Z         "compatibility_rejections"
2026-09-05T20:55:33.7744883Z       ],
2026-09-05T20:55:33.7745087Z       "name" : "pair_arithmetic_compatibility_rejections",
2026-09-05T20:55:33.7745340Z       "properties" : 
2026-09-05T20:55:33.7745509Z       [
2026-09-05T20:55:33.7745654Z         {
2026-09-05T20:55:33.7745818Z           "name" : "WORKING_DIRECTORY",
2026-09-05T20:55:33.7746086Z           "value" : "C:/openfhe-2023-1788/project-build-33991083281-1"
2026-09-05T20:55:33.7746347Z         }
2026-09-05T20:55:33.7746492Z       ]
2026-09-05T20:55:33.7746641Z     },
2026-09-05T20:55:33.7746781Z     {
2026-09-05T20:55:33.7746938Z       "backtrace" : 17,
2026-09-05T20:55:33.7747131Z       "command" : 
2026-09-05T20:55:33.7747288Z       [
2026-09-05T20:55:33.7747535Z         "C:/openfhe-2023-1788/project-build-33991083281-1/tensor2_test.exe",
2026-09-05T20:55:33.7747842Z         "valid_arithmetic_immutability"
2026-09-05T20:55:33.7748048Z       ],
2026-09-05T20:55:33.7748235Z       "name" : "tensor2_valid_arithmetic_immutability",
2026-09-05T20:55:33.7748474Z       "properties" : 
2026-09-05T20:55:33.7748640Z       [
2026-09-05T20:55:33.7748781Z         {
2026-09-05T20:55:33.7748943Z           "name" : "WORKING_DIRECTORY",
2026-09-05T20:55:33.7749202Z           "value" : "C:/openfhe-2023-1788/project-build-33991083281-1"
2026-09-05T20:55:33.7749472Z         }
2026-09-05T20:55:33.7749615Z       ]
2026-09-05T20:55:33.7749758Z     },
2026-09-05T20:55:33.7749902Z     {
2026-09-05T20:55:33.7750058Z       "backtrace" : 19,
2026-09-05T20:55:33.7750238Z       "command" : 
2026-09-05T20:55:33.7750405Z       [
2026-09-05T20:55:33.7750640Z         "C:/openfhe-2023-1788/project-build-33991083281-1/tensor2_test.exe",
2026-09-05T20:55:33.7750941Z         "result_scale_contract"
2026-09-05T20:55:33.7751140Z       ],
2026-09-05T20:55:33.7751324Z       "name" : "tensor2_result_scale_contract",
2026-09-05T20:55:33.7751573Z       "properties" : 
2026-09-05T20:55:33.7751742Z       [
2026-09-05T20:55:33.7751898Z         {
2026-09-05T20:55:33.7752057Z           "name" : "WORKING_DIRECTORY",
2026-09-05T20:55:33.7752321Z           "value" : "C:/openfhe-2023-1788/project-build-33991083281-1"
2026-09-05T20:55:33.7752579Z         }
2026-09-05T20:55:33.7752726Z       ]
2026-09-05T20:55:33.7752870Z     },
2026-09-05T20:55:33.7753010Z     {
2026-09-05T20:55:33.7753168Z       "backtrace" : 21,
2026-09-05T20:55:33.7753347Z       "command" : 
2026-09-05T20:55:33.7753508Z       [
2026-09-05T20:55:33.7753754Z         "C:/openfhe-2023-1788/project-build-33991083281-1/tensor2_test.exe",
2026-09-05T20:55:33.7754057Z         "right_input_validation"
2026-09-05T20:55:33.7754243Z       ],
2026-09-05T20:55:33.7754411Z       "name" : "tensor2_right_input_validation",
2026-09-05T20:55:33.7754755Z       "properties" : 
2026-09-05T20:55:33.7754930Z       [
2026-09-05T20:55:33.7755075Z         {
2026-09-05T20:55:33.7755232Z           "name" : "WORKING_DIRECTORY",
2026-09-05T20:55:33.7755501Z           "value" : "C:/openfhe-2023-1788/project-build-33991083281-1"
2026-09-05T20:55:33.7755759Z         }
2026-09-05T20:55:33.7755901Z       ]
2026-09-05T20:55:33.7756046Z     },
2026-09-05T20:55:33.7756193Z     {
2026-09-05T20:55:33.7756336Z       "backtrace" : 23,
2026-09-05T20:55:33.7756512Z       "command" : 
2026-09-05T20:55:33.7756673Z       [
2026-09-05T20:55:33.7756904Z         "C:/openfhe-2023-1788/project-build-33991083281-1/tensor2_test.exe",
2026-09-05T20:55:33.7757204Z         "mutual_compatibility"
2026-09-05T20:55:33.7757398Z       ],
2026-09-05T20:55:33.7757578Z       "name" : "tensor2_mutual_compatibility",
2026-09-05T20:55:33.7757806Z       "properties" : 
2026-09-05T20:55:33.7757977Z       [
2026-09-05T20:55:33.7758126Z         {
2026-09-05T20:55:33.7759013Z           "name" : "WORKING_DIRECTORY",
2026-09-05T20:55:33.7759315Z           "value" : "C:/openfhe-2023-1788/project-build-33991083281-1"
2026-09-05T20:55:33.7759580Z         }
2026-09-05T20:55:33.7759745Z       ]
2026-09-05T20:55:33.7759887Z     },
2026-09-05T20:55:33.7760039Z     {
2026-09-05T20:55:33.7760199Z       "backtrace" : 25,
2026-09-05T20:55:33.7760384Z       "command" : 
2026-09-05T20:55:33.7760552Z       [
2026-09-05T20:55:33.7760787Z         "C:/openfhe-2023-1788/project-build-33991083281-1/tensor2_test.exe",
2026-09-05T20:55:33.7761095Z         "prearithmetic_key_compatibility"
2026-09-05T20:55:33.7761317Z       ],
2026-09-05T20:55:33.7761535Z       "name" : "tensor2_prearithmetic_key_compatibility",
2026-09-05T20:55:33.7761787Z       "properties" : 
2026-09-05T20:55:33.7761958Z       [
2026-09-05T20:55:33.7762103Z         {
2026-09-05T20:55:33.7762264Z           "name" : "WORKING_DIRECTORY",
2026-09-05T20:55:33.7762641Z           "value" : "C:/openfhe-2023-1788/project-build-33991083281-1"
2026-09-05T20:55:33.7763057Z         }
2026-09-05T20:55:33.7763275Z       ]
2026-09-05T20:55:33.7763476Z     },
2026-09-05T20:55:33.7763695Z     {
2026-09-05T20:55:33.7763928Z       "backtrace" : 27,
2026-09-05T20:55:33.7764229Z       "command" : 
2026-09-05T20:55:33.7764472Z       [
2026-09-05T20:55:33.7764833Z         "C:/openfhe-2023-1788/project-build-33991083281-1/relin2_test.exe",
2026-09-05T20:55:33.7765287Z         "tensor_validation_order"
2026-09-05T20:55:33.7765578Z       ],
2026-09-05T20:55:33.7765840Z       "name" : "relin2_tensor_validation_order",
2026-09-05T20:55:33.7766203Z       "properties" : 
2026-09-05T20:55:33.7766464Z       [
2026-09-05T20:55:33.7766670Z         {
2026-09-05T20:55:33.7766914Z           "name" : "WORKING_DIRECTORY",
2026-09-05T20:55:33.7767327Z           "value" : "C:/openfhe-2023-1788/project-build-33991083281-1"
2026-09-05T20:55:33.7767740Z         }
2026-09-05T20:55:33.7767959Z       ]
2026-09-05T20:55:33.7768172Z     },
2026-09-05T20:55:33.7768391Z     {
2026-09-05T20:55:33.7768599Z       "backtrace" : 29,
2026-09-05T20:55:33.7768858Z       "command" : 
2026-09-05T20:55:33.7769092Z       [
2026-09-05T20:55:33.7769442Z         "C:/openfhe-2023-1788/project-build-33991083281-1/relin2_test.exe",
2026-09-05T20:55:33.7769930Z         "insufficient_active_basis"
2026-09-05T20:55:33.7770242Z       ],
2026-09-05T20:55:33.7770511Z       "name" : "relin2_insufficient_active_basis",
2026-09-05T20:55:33.7770868Z       "properties" : 
2026-09-05T20:55:33.7771126Z       [
2026-09-05T20:55:33.7771331Z         {
2026-09-05T20:55:33.7771575Z           "name" : "WORKING_DIRECTORY",
2026-09-05T20:55:33.7772013Z           "value" : "C:/openfhe-2023-1788/project-build-33991083281-1"
2026-09-05T20:55:33.7772433Z         }
2026-09-05T20:55:33.7772652Z       ]
2026-09-05T20:55:33.7772858Z     },
2026-09-05T20:55:33.7773065Z     {
2026-09-05T20:55:33.7773299Z       "backtrace" : 31,
2026-09-05T20:55:33.7773571Z       "command" : 
2026-09-05T20:55:33.7773978Z       [
2026-09-05T20:55:33.7774304Z         "C:/openfhe-2023-1788/project-build-33991083281-1/relin2_test.exe",
2026-09-05T20:55:33.7774834Z         "missing_eval_key"
2026-09-05T20:55:33.7775061Z       ],
2026-09-05T20:55:33.7775239Z       "name" : "relin2_missing_eval_key",
2026-09-05T20:55:33.7775556Z       "properties" : 
2026-09-05T20:55:33.7775794Z       [
2026-09-05T20:55:33.7775998Z         {
2026-09-05T20:55:33.7776233Z           "name" : "WORKING_DIRECTORY",
2026-09-05T20:55:33.7776631Z           "value" : "C:/openfhe-2023-1788/project-build-33991083281-1"
2026-09-05T20:55:33.7777100Z         }
2026-09-05T20:55:33.7777321Z       ]
2026-09-05T20:55:33.7777608Z     },
2026-09-05T20:55:33.7777760Z     {
2026-09-05T20:55:33.7777906Z       "backtrace" : 33,
2026-09-05T20:55:33.7778082Z       "command" : 
2026-09-05T20:55:33.7778238Z       [
2026-09-05T20:55:33.7778464Z         "C:/openfhe-2023-1788/project-build-33991083281-1/relin2_test.exe",
2026-09-05T20:55:33.7778857Z         "key_empty"
2026-09-05T20:55:33.7779024Z       ],
2026-09-05T20:55:33.7779190Z       "name" : "relin2_key_empty",
2026-09-05T20:55:33.7779390Z       "properties" : 
2026-09-05T20:55:33.7779555Z       [
2026-09-05T20:55:33.7779702Z         {
2026-09-05T20:55:33.7779864Z           "name" : "WORKING_DIRECTORY",
2026-09-05T20:55:33.7780145Z           "value" : "C:/openfhe-2023-1788/project-build-33991083281-1"
2026-09-05T20:55:33.7780411Z         }
2026-09-05T20:55:33.7780556Z       ]
2026-09-05T20:55:33.7780695Z     },
2026-09-05T20:55:33.7780843Z     {
2026-09-05T20:55:33.7780999Z       "backtrace" : 35,
2026-09-05T20:55:33.7781179Z       "command" : 
2026-09-05T20:55:33.7781340Z       [
2026-09-05T20:55:33.7781568Z         "C:/openfhe-2023-1788/project-build-33991083281-1/relin2_test.exe",
2026-09-05T20:55:33.7781853Z         "key_null_first"
2026-09-05T20:55:33.7782037Z       ],
2026-09-05T20:55:33.7782208Z       "name" : "relin2_key_null_first",
2026-09-05T20:55:33.7782414Z       "properties" : 
2026-09-05T20:55:33.7782560Z       [
2026-09-05T20:55:33.7782683Z         {
2026-09-05T20:55:33.7782836Z           "name" : "WORKING_DIRECTORY",
2026-09-05T20:55:33.7783098Z           "value" : "C:/openfhe-2023-1788/project-build-33991083281-1"
2026-09-05T20:55:33.7783355Z         }
2026-09-05T20:55:33.7783499Z       ]
2026-09-05T20:55:33.7783642Z     },
2026-09-05T20:55:33.7783785Z     {
2026-09-05T20:55:33.7783939Z       "backtrace" : 37,
2026-09-05T20:55:33.7784114Z       "command" : 
2026-09-05T20:55:33.7784374Z       [
2026-09-05T20:55:33.7784703Z         "C:/openfhe-2023-1788/project-build-33991083281-1/relin2_test.exe",
2026-09-05T20:55:33.7785120Z         "key_wrong_context"
2026-09-05T20:55:33.7785375Z       ],
2026-09-05T20:55:33.7785615Z       "name" : "relin2_key_wrong_context",
2026-09-05T20:55:33.7785947Z       "properties" : 
2026-09-05T20:55:33.7786191Z       [
2026-09-05T20:55:33.7786404Z         {
2026-09-05T20:55:33.7786639Z           "name" : "WORKING_DIRECTORY",
2026-09-05T20:55:33.7787044Z           "value" : "C:/openfhe-2023-1788/project-build-33991083281-1"
2026-09-05T20:55:33.7787419Z         }
2026-09-05T20:55:33.7787663Z       ]
2026-09-05T20:55:33.7787858Z     },
2026-09-05T20:55:33.7788115Z     {
2026-09-05T20:55:33.7788425Z       "backtrace" : 39,
2026-09-05T20:55:33.7788679Z       "command" : 
2026-09-05T20:55:33.7788904Z       [
2026-09-05T20:55:33.7789261Z         "C:/openfhe-2023-1788/project-build-33991083281-1/relin2_test.exe",
2026-09-05T20:55:33.7789721Z         "key_wrong_tag"
2026-09-05T20:55:33.7789964Z       ],
2026-09-05T20:55:33.7790204Z       "name" : "relin2_key_wrong_tag",
2026-09-05T20:55:33.7790515Z       "properties" : 
2026-09-05T20:55:33.7790798Z       [
2026-09-05T20:55:33.7790966Z         {
2026-09-05T20:55:33.7791129Z           "name" : "WORKING_DIRECTORY",
2026-09-05T20:55:33.7791390Z           "value" : "C:/openfhe-2023-1788/project-build-33991083281-1"
2026-09-05T20:55:33.7791643Z         }
2026-09-05T20:55:33.7791951Z       ]
2026-09-05T20:55:33.7792204Z     },
2026-09-05T20:55:33.7792416Z     {
2026-09-05T20:55:33.7792656Z       "backtrace" : 41,
2026-09-05T20:55:33.7792928Z       "command" : 
2026-09-05T20:55:33.7793162Z       [
2026-09-05T20:55:33.7793503Z         "C:/openfhe-2023-1788/project-build-33991083281-1/relin2_test.exe",
2026-09-05T20:55:33.7793966Z         "key_wrong_subtype"
2026-09-05T20:55:33.7794264Z       ],
2026-09-05T20:55:33.7794517Z       "name" : "relin2_key_wrong_subtype",
2026-09-05T20:55:33.7794843Z       "properties" : 
2026-09-05T20:55:33.7795098Z       [
2026-09-05T20:55:33.7795304Z         {
2026-09-05T20:55:33.7795533Z           "name" : "WORKING_DIRECTORY",
2026-09-05T20:55:33.7795962Z           "value" : "C:/openfhe-2023-1788/project-build-33991083281-1"
2026-09-05T20:55:33.7796363Z         }
2026-09-05T20:55:33.7796563Z       ]
2026-09-05T20:55:33.7796750Z     },
2026-09-05T20:55:33.7796948Z     {
2026-09-05T20:55:33.7797166Z       "backtrace" : 43,
2026-09-05T20:55:33.7797598Z       "command" : 
2026-09-05T20:55:33.7797854Z       [
2026-09-05T20:55:33.7798290Z         "C:/openfhe-2023-1788/project-build-33991083281-1/relin2_test.exe",
2026-09-05T20:55:33.7798767Z         "key_hybrid_a_length"
2026-09-05T20:55:33.7799069Z       ],
2026-09-05T20:55:33.7799343Z       "name" : "relin2_key_hybrid_a_length",
2026-09-05T20:55:33.7799730Z       "properties" : 
2026-09-05T20:55:33.7799968Z       [
2026-09-05T20:55:33.7800144Z         {
2026-09-05T20:55:33.7800357Z           "name" : "WORKING_DIRECTORY",
2026-09-05T20:55:33.7800763Z           "value" : "C:/openfhe-2023-1788/project-build-33991083281-1"
2026-09-05T20:55:33.7801195Z         }
2026-09-05T20:55:33.7801406Z       ]
2026-09-05T20:55:33.7801605Z     },
2026-09-05T20:55:33.7801856Z     {
2026-09-05T20:55:33.7802079Z       "backtrace" : 45,
2026-09-05T20:55:33.7802338Z       "command" : 
2026-09-05T20:55:33.7802564Z       [
2026-09-05T20:55:33.7802951Z         "C:/openfhe-2023-1788/project-build-33991083281-1/relin2_test.exe",
2026-09-05T20:55:33.7803440Z         "key_hybrid_b_length"
2026-09-05T20:55:33.7803713Z       ],
2026-09-05T20:55:33.7803999Z       "name" : "relin2_key_hybrid_b_length",
2026-09-05T20:55:33.7804360Z       "properties" : 
2026-09-05T20:55:33.7804672Z       [
2026-09-05T20:55:33.7804880Z         {
2026-09-05T20:55:33.7805133Z           "name" : "WORKING_DIRECTORY",
2026-09-05T20:55:33.7805563Z           "value" : "C:/openfhe-2023-1788/project-build-33991083281-1"
2026-09-05T20:55:33.7806021Z         }
2026-09-05T20:55:33.7806243Z       ]
2026-09-05T20:55:33.7806453Z     },
2026-09-05T20:55:33.7806690Z     {
2026-09-05T20:55:33.7806938Z       "backtrace" : 47,
2026-09-05T20:55:33.7807195Z       "command" : 
2026-09-05T20:55:33.7807450Z       [
2026-09-05T20:55:33.7807829Z         "C:/openfhe-2023-1788/project-build-33991083281-1/relin2_test.exe",
2026-09-05T20:55:33.7808315Z         "key_hybrid_entry_basis"
2026-09-05T20:55:33.7808631Z       ],
2026-09-05T20:55:33.7808892Z       "name" : "relin2_key_hybrid_entry_basis",
2026-09-05T20:55:33.7809239Z       "properties" : 
2026-09-05T20:55:33.7809523Z       [
2026-09-05T20:55:33.7809736Z         {
2026-09-05T20:55:33.7809938Z           "name" : "WORKING_DIRECTORY",
2026-09-05T20:55:33.7810320Z           "value" : "C:/openfhe-2023-1788/project-build-33991083281-1"
2026-09-05T20:55:33.7810724Z         }
2026-09-05T20:55:33.7810947Z       ]
2026-09-05T20:55:33.7811157Z     },
2026-09-05T20:55:33.7811450Z     {
2026-09-05T20:55:33.7811680Z       "backtrace" : 49,
2026-09-05T20:55:33.7811966Z       "command" : 
2026-09-05T20:55:33.7812207Z       [
2026-09-05T20:55:33.7812557Z         "C:/openfhe-2023-1788/project-build-33991083281-1/relin2_test.exe",
2026-09-05T20:55:33.7813007Z         "key_hybrid_entry_format"
2026-09-05T20:55:33.7813293Z       ],
2026-09-05T20:55:33.7813551Z       "name" : "relin2_key_hybrid_entry_format",
2026-09-05T20:55:33.7813910Z       "properties" : 
2026-09-05T20:55:33.7814328Z       [
2026-09-05T20:55:33.7814545Z         {
2026-09-05T20:55:33.7814845Z           "name" : "WORKING_DIRECTORY",
2026-09-05T20:55:33.7815268Z           "value" : "C:/openfhe-2023-1788/project-build-33991083281-1"
2026-09-05T20:55:33.7815713Z         }
2026-09-05T20:55:33.7815978Z       ]
2026-09-05T20:55:33.7816183Z     },
2026-09-05T20:55:33.7816389Z     {
2026-09-05T20:55:33.7816648Z       "backtrace" : 51,
2026-09-05T20:55:33.7816920Z       "command" : 
2026-09-05T20:55:33.7817167Z       [
2026-09-05T20:55:33.7817523Z         "C:/openfhe-2023-1788/project-build-33991083281-1/relin2_test.exe",
2026-09-05T20:55:33.7817996Z         "key_bv_zero_digit_a_length"
2026-09-05T20:55:33.7818296Z       ],
2026-09-05T20:55:33.7818567Z       "name" : "relin2_key_bv_zero_digit_a_length",
2026-09-05T20:55:33.7818927Z       "properties" : 
2026-09-05T20:55:33.7819178Z       [
2026-09-05T20:55:33.7819382Z         {
2026-09-05T20:55:33.7819632Z           "name" : "WORKING_DIRECTORY",
2026-09-05T20:55:33.7820184Z           "value" : "C:/openfhe-2023-1788/project-build-33991083281-1"
2026-09-05T20:55:33.7820577Z         }
2026-09-05T20:55:33.7820794Z       ]
2026-09-05T20:55:33.7821004Z     },
2026-09-05T20:55:33.7821224Z     {
2026-09-05T20:55:33.7821478Z       "backtrace" : 53,
2026-09-05T20:55:33.7821768Z       "command" : 
2026-09-05T20:55:33.7821984Z       [
2026-09-05T20:55:33.7822334Z         "C:/openfhe-2023-1788/project-build-33991083281-1/relin2_test.exe",
2026-09-05T20:55:33.7822820Z         "key_bv_zero_digit_b_length"
2026-09-05T20:55:33.7823104Z       ],
2026-09-05T20:55:33.7823417Z       "name" : "relin2_key_bv_zero_digit_b_length",
2026-09-05T20:55:33.7823647Z       "properties" : 
2026-09-05T20:55:33.7823817Z       [
2026-09-05T20:55:33.7823957Z         {
2026-09-05T20:55:33.7824111Z           "name" : "WORKING_DIRECTORY",
2026-09-05T20:55:33.7824381Z           "value" : "C:/openfhe-2023-1788/project-build-33991083281-1"
2026-09-05T20:55:33.7824656Z         }
2026-09-05T20:55:33.7824812Z       ]
2026-09-05T20:55:33.7824953Z     },
2026-09-05T20:55:33.7825098Z     {
2026-09-05T20:55:33.7825252Z       "backtrace" : 55,
2026-09-05T20:55:33.7825426Z       "command" : 
2026-09-05T20:55:33.7825584Z       [
2026-09-05T20:55:33.7825811Z         "C:/openfhe-2023-1788/project-build-33991083281-1/relin2_test.exe",
2026-09-05T20:55:33.7826104Z         "key_bv_nonzero_digit_a_length"
2026-09-05T20:55:33.7826307Z       ],
2026-09-05T20:55:33.7826494Z       "name" : "relin2_key_bv_nonzero_digit_a_length",
2026-09-05T20:55:33.7826733Z       "properties" : 
2026-09-05T20:55:33.7826928Z       [
2026-09-05T20:55:33.7827084Z         {
2026-09-05T20:55:33.7827258Z           "name" : "WORKING_DIRECTORY",
2026-09-05T20:55:33.7827541Z           "value" : "C:/openfhe-2023-1788/project-build-33991083281-1"
2026-09-05T20:55:33.7827819Z         }
2026-09-05T20:55:33.7827969Z       ]
2026-09-05T20:55:33.7828118Z     },
2026-09-05T20:55:33.7828270Z     {
2026-09-05T20:55:33.7828439Z       "backtrace" : 57,
2026-09-05T20:55:33.7828628Z       "command" : 
2026-09-05T20:55:33.7828796Z       [
2026-09-05T20:55:33.7829037Z         "C:/openfhe-2023-1788/project-build-33991083281-1/relin2_test.exe",
2026-09-05T20:55:33.7829369Z         "key_bv_nonzero_digit_b_length"
2026-09-05T20:55:33.7829583Z       ],
2026-09-05T20:55:33.7829778Z       "name" : "relin2_key_bv_nonzero_digit_b_length",
2026-09-05T20:55:33.7830029Z       "properties" : 
2026-09-05T20:55:33.7830208Z       [
2026-09-05T20:55:33.7830361Z         {
2026-09-05T20:55:33.7830528Z           "name" : "WORKING_DIRECTORY",
2026-09-05T20:55:33.7830805Z           "value" : "C:/openfhe-2023-1788/project-build-33991083281-1"
2026-09-05T20:55:33.7831079Z         }
2026-09-05T20:55:33.7831231Z       ]
2026-09-05T20:55:33.7831378Z     },
2026-09-05T20:55:33.7831543Z     {
2026-09-05T20:55:33.7831698Z       "backtrace" : 59,
2026-09-05T20:55:33.7831881Z       "command" : 
2026-09-05T20:55:33.7832044Z       [
2026-09-05T20:55:33.7832429Z         "C:/openfhe-2023-1788/project-build-33991083281-1/relin2_test.exe",
2026-09-05T20:55:33.7832744Z         "key_bv_zero_digit_entry_basis"
2026-09-05T20:55:33.7832966Z       ],
2026-09-05T20:55:33.7833163Z       "name" : "relin2_key_bv_zero_digit_entry_basis",
2026-09-05T20:55:33.7833252Z       "properties" : 
2026-09-05T20:55:33.7833314Z       [
2026-09-05T20:55:33.7833389Z         {
2026-09-05T20:55:33.7833467Z           "name" : "WORKING_DIRECTORY",
2026-09-05T20:55:33.7833609Z           "value" : "C:/openfhe-2023-1788/project-build-33991083281-1"
2026-09-05T20:55:33.7833684Z         }
2026-09-05T20:55:33.7833745Z       ]
2026-09-05T20:55:33.7833853Z     },
2026-09-05T20:55:33.7833934Z     {
2026-09-05T20:55:33.7834021Z       "backtrace" : 61,
2026-09-05T20:55:33.7834087Z       "command" : 
2026-09-05T20:55:33.7834162Z       [
2026-09-05T20:55:33.7834313Z         "C:/openfhe-2023-1788/project-build-33991083281-1/relin2_test.exe",
2026-09-05T20:55:33.7834491Z         "key_bv_nonzero_digit_entry_basis"
2026-09-05T20:55:33.7834575Z       ],
2026-09-05T20:55:33.7834686Z       "name" : "relin2_key_bv_nonzero_digit_entry_basis",
2026-09-05T20:55:33.7834766Z       "properties" : 
2026-09-05T20:55:33.7834828Z       [
2026-09-05T20:55:33.7834903Z         {
2026-09-05T20:55:33.7834982Z           "name" : "WORKING_DIRECTORY",
2026-09-05T20:55:33.7835122Z           "value" : "C:/openfhe-2023-1788/project-build-33991083281-1"
2026-09-05T20:55:33.7835182Z         }
2026-09-05T20:55:33.7835260Z       ]
2026-09-05T20:55:33.7835334Z     },
2026-09-05T20:55:33.7835395Z     {
2026-09-05T20:55:33.7835497Z       "backtrace" : 63,
2026-09-05T20:55:33.7835560Z       "command" : 
2026-09-05T20:55:33.7835641Z       [
2026-09-05T20:55:33.7835783Z         "C:/openfhe-2023-1788/project-build-33991083281-1/relin2_test.exe",
2026-09-05T20:55:33.7835881Z         "key_bv_zero_digit_entry_format"
2026-09-05T20:55:33.7835943Z       ],
2026-09-05T20:55:33.7836066Z       "name" : "relin2_key_bv_zero_digit_entry_format",
2026-09-05T20:55:33.7836153Z       "properties" : 
2026-09-05T20:55:33.7836214Z       [
2026-09-05T20:55:33.7836289Z         {
2026-09-05T20:55:33.7836369Z           "name" : "WORKING_DIRECTORY",
2026-09-05T20:55:33.7836508Z           "value" : "C:/openfhe-2023-1788/project-build-33991083281-1"
2026-09-05T20:55:33.7836568Z         }
2026-09-05T20:55:33.7836643Z       ]
2026-09-05T20:55:33.7836703Z     },
2026-09-05T20:55:33.7836781Z     {
2026-09-05T20:55:33.7836866Z       "backtrace" : 65,
2026-09-05T20:55:33.7836931Z       "command" : 
2026-09-05T20:55:33.7837007Z       [
2026-09-05T20:55:33.7837150Z         "C:/openfhe-2023-1788/project-build-33991083281-1/relin2_test.exe",
2026-09-05T20:55:33.7837254Z         "key_bv_nonzero_digit_entry_format"
2026-09-05T20:55:33.7837315Z       ],
2026-09-05T20:55:33.7837440Z       "name" : "relin2_key_bv_nonzero_digit_entry_format",
2026-09-05T20:55:33.7837508Z       "properties" : 
2026-09-05T20:55:33.7837584Z       [
2026-09-05T20:55:33.7837663Z         {
2026-09-05T20:55:33.7837738Z           "name" : "WORKING_DIRECTORY",
2026-09-05T20:55:33.7837879Z           "value" : "C:/openfhe-2023-1788/project-build-33991083281-1"
2026-09-05T20:55:33.7837937Z         }
2026-09-05T20:55:33.7838013Z       ]
2026-09-05T20:55:33.7838070Z     },
2026-09-05T20:55:33.7838143Z     {
2026-09-05T20:55:33.7838212Z       "backtrace" : 67,
2026-09-05T20:55:33.7838290Z       "command" : 
2026-09-05T20:55:33.7838361Z       [
2026-09-05T20:55:33.7838502Z         "C:/openfhe-2023-1788/project-build-33991083281-1/relin2_test.exe",
2026-09-05T20:55:33.7838609Z         "valid_arithmetic_state_immutability"
2026-09-05T20:55:33.7838669Z       ],
2026-09-05T20:55:33.7838803Z       "name" : "relin2_valid_arithmetic_state_immutability",
2026-09-05T20:55:33.7838870Z       "properties" : 
2026-09-05T20:55:33.7838945Z       [
2026-09-05T20:55:33.7839017Z         {
2026-09-05T20:55:33.7839093Z           "name" : "WORKING_DIRECTORY",
2026-09-05T20:55:33.7839303Z           "value" : "C:/openfhe-2023-1788/project-build-33991083281-1"
2026-09-05T20:55:33.7839364Z         }
2026-09-05T20:55:33.7839442Z       ]
2026-09-05T20:55:33.7839501Z     },
2026-09-05T20:55:33.7839581Z     {
2026-09-05T20:55:33.7839652Z       "backtrace" : 69,
2026-09-05T20:55:33.7839734Z       "command" : 
2026-09-05T20:55:33.7839806Z       [
2026-09-05T20:55:33.7839952Z         "C:/openfhe-2023-1788/project-build-33991083281-1/relin2_test.exe",
2026-09-05T20:55:33.7840061Z         "controlled_witnesses_and_boundaries"
2026-09-05T20:55:33.7840123Z       ],
2026-09-05T20:55:33.7840253Z       "name" : "relin2_controlled_witnesses_and_boundaries",
2026-09-05T20:55:33.7840321Z       "properties" : 
2026-09-05T20:55:33.7840399Z       [
2026-09-05T20:55:33.7840461Z         {
2026-09-05T20:55:33.7840557Z           "name" : "WORKING_DIRECTORY",
2026-09-05T20:55:33.7840692Z           "value" : "C:/openfhe-2023-1788/project-build-33991083281-1"
2026-09-05T20:55:33.7840758Z         }
2026-09-05T20:55:33.7840896Z       ]
2026-09-05T20:55:33.7840959Z     },
2026-09-05T20:55:33.7841035Z     {
2026-09-05T20:55:33.7841103Z       "backtrace" : 71,
2026-09-05T20:55:33.7841182Z       "command" : 
2026-09-05T20:55:33.7841242Z       [
2026-09-05T20:55:33.7841404Z         "C:/openfhe-2023-1788/project-build-33991083281-1/relin2_test.exe",
2026-09-05T20:55:33.7841506Z         "representative_public_input"
2026-09-05T20:55:33.7841569Z       ],
2026-09-05T20:55:33.7841690Z       "name" : "relin2_representative_public_input",
2026-09-05T20:55:33.7841759Z       "properties" : 
2026-09-05T20:55:33.7841834Z       [
2026-09-05T20:55:33.7841896Z         {
2026-09-05T20:55:33.7841989Z           "name" : "WORKING_DIRECTORY",
2026-09-05T20:55:33.7842111Z           "value" : "C:/openfhe-2023-1788/project-build-33991083281-1"
2026-09-05T20:55:33.7842187Z         }
2026-09-05T20:55:33.7842264Z       ]
2026-09-05T20:55:33.7842327Z     },
2026-09-05T20:55:33.7842408Z     {
2026-09-05T20:55:33.7842491Z       "backtrace" : 73,
2026-09-05T20:55:33.7842579Z       "command" : 
2026-09-05T20:55:33.7842642Z       [
2026-09-05T20:55:33.7842810Z         "C:/openfhe-2023-1788/project-build-33991083281-1/relin2_test.exe",
2026-09-05T20:55:33.7842888Z         "key_extra_later_valid"
2026-09-05T20:55:33.7842972Z       ],
2026-09-05T20:55:33.7843080Z       "name" : "relin2_key_extra_later_valid",
2026-09-05T20:55:33.7843150Z       "properties" : 
2026-09-05T20:55:33.7843227Z       [
2026-09-05T20:55:33.7843289Z         {
2026-09-05T20:55:33.7843387Z           "name" : "WORKING_DIRECTORY",
2026-09-05T20:55:33.7843519Z           "value" : "C:/openfhe-2023-1788/project-build-33991083281-1"
2026-09-05T20:55:33.7843600Z         }
2026-09-05T20:55:33.7843680Z       ]
2026-09-05T20:55:33.7843745Z     },
2026-09-05T20:55:33.7843823Z     {
2026-09-05T20:55:33.7843895Z       "backtrace" : 75,
2026-09-05T20:55:33.7843977Z       "command" : 
2026-09-05T20:55:33.7844039Z       [
2026-09-05T20:55:33.7844209Z         "C:/openfhe-2023-1788/project-build-33991083281-1/relin2_test.exe",
2026-09-05T20:55:33.7844284Z         "key_malformed_later_ignored"
2026-09-05T20:55:33.7844360Z       ],
2026-09-05T20:55:33.7844467Z       "name" : "relin2_key_malformed_later_ignored",
2026-09-05T20:55:33.7844532Z       "properties" : 
2026-09-05T20:55:33.7844598Z       [
2026-09-05T20:55:33.7844653Z         {
2026-09-05T20:55:33.7844740Z           "name" : "WORKING_DIRECTORY",
2026-09-05T20:55:33.7844851Z           "value" : "C:/openfhe-2023-1788/project-build-33991083281-1"
2026-09-05T20:55:33.7844926Z         }
2026-09-05T20:55:33.7844981Z       ]
2026-09-05T20:55:33.7845054Z     },
2026-09-05T20:55:33.7845124Z     {
2026-09-05T20:55:33.7845188Z       "backtrace" : 77,
2026-09-05T20:55:33.7845263Z       "command" : 
2026-09-05T20:55:33.7845319Z       [
2026-09-05T20:55:33.7845460Z         "C:/openfhe-2023-1788/project-build-33991083281-1/relin2_test.exe",
2026-09-05T20:55:33.7845532Z         "hybrid_valid_shapes"
2026-09-05T20:55:33.7845671Z       ],
2026-09-05T20:55:33.7845755Z       "name" : "relin2_hybrid_valid_shapes",
2026-09-05T20:55:33.7845829Z       "properties" : 
2026-09-05T20:55:33.7845897Z       [
2026-09-05T20:55:33.7845953Z         {
2026-09-05T20:55:33.7846036Z           "name" : "WORKING_DIRECTORY",
2026-09-05T20:55:33.7846149Z           "value" : "C:/openfhe-2023-1788/project-build-33991083281-1"
2026-09-05T20:55:33.7846217Z         }
2026-09-05T20:55:33.7846272Z       ]
2026-09-05T20:55:33.7846344Z     },
2026-09-05T20:55:33.7846401Z     {
2026-09-05T20:55:33.7846479Z       "backtrace" : 79,
2026-09-05T20:55:33.7846553Z       "command" : 
2026-09-05T20:55:33.7846610Z       [
2026-09-05T20:55:33.7846755Z         "C:/openfhe-2023-1788/project-build-33991083281-1/relin2_test.exe",
2026-09-05T20:55:33.7846828Z         "bv_zero_digit_valid_shapes"
2026-09-05T20:55:33.7846899Z       ],
2026-09-05T20:55:33.7846990Z       "name" : "relin2_bv_zero_digit_valid_shapes",
2026-09-05T20:55:33.7847133Z       "properties" : 
2026-09-05T20:55:33.7847189Z       [
2026-09-05T20:55:33.7847263Z         {
2026-09-05T20:55:33.7847362Z           "name" : "WORKING_DIRECTORY",
2026-09-05T20:55:33.7847509Z           "value" : "C:/openfhe-2023-1788/project-build-33991083281-1"
2026-09-05T20:55:33.7847580Z         }
2026-09-05T20:55:33.7847647Z       ]
2026-09-05T20:55:33.7847729Z     },
2026-09-05T20:55:33.7847799Z     {
2026-09-05T20:55:33.7847885Z       "backtrace" : 81,
2026-09-05T20:55:33.7847947Z       "command" : 
2026-09-05T20:55:33.7848030Z       [
2026-09-05T20:55:33.7848210Z         "C:/openfhe-2023-1788/project-build-33991083281-1/relin2_test.exe",
2026-09-05T20:55:33.7848283Z         "bv_nonzero_digit_valid_shapes"
2026-09-05T20:55:33.7848354Z       ],
2026-09-05T20:55:33.7848461Z       "name" : "relin2_bv_nonzero_digit_valid_shapes",
2026-09-05T20:55:33.7848538Z       "properties" : 
2026-09-05T20:55:33.7848606Z       [
2026-09-05T20:55:33.7848691Z         {
2026-09-05T20:55:33.7848783Z           "name" : "WORKING_DIRECTORY",
2026-09-05T20:55:33.7848910Z           "value" : "C:/openfhe-2023-1788/project-build-33991083281-1"
2026-09-05T20:55:33.7848983Z         }
2026-09-05T20:55:33.7849053Z       ]
2026-09-05T20:55:33.7849136Z     },
2026-09-05T20:55:33.7849206Z     {
2026-09-05T20:55:33.7849297Z       "backtrace" : 83,
2026-09-05T20:55:33.7849371Z       "command" : 
2026-09-05T20:55:33.7849454Z       [
2026-09-05T20:55:33.7849618Z         "C:/openfhe-2023-1788/project-build-33991083281-1/relin2_test.exe",
2026-09-05T20:55:33.7849717Z         "first_recombined_rcb_validation"
2026-09-05T20:55:33.7849801Z       ],
2026-09-05T20:55:33.7849921Z       "name" : "relin2_first_recombined_rcb_validation",
2026-09-05T20:55:33.7849995Z       "properties" : 
2026-09-05T20:55:33.7850061Z       [
2026-09-05T20:55:33.7850145Z         {
2026-09-05T20:55:33.7850228Z           "name" : "WORKING_DIRECTORY",
2026-09-05T20:55:33.7850355Z           "value" : "C:/openfhe-2023-1788/project-build-33991083281-1"
2026-09-05T20:55:33.7850430Z         }
2026-09-05T20:55:33.7850485Z       ]
2026-09-05T20:55:33.7850563Z     },
2026-09-05T20:55:33.7850632Z     {
2026-09-05T20:55:33.7850718Z       "backtrace" : 85,
2026-09-05T20:55:33.7850787Z       "command" : 
2026-09-05T20:55:33.7850870Z       [
2026-09-05T20:55:33.7851032Z         "C:/openfhe-2023-1788/project-build-33991083281-1/relin2_test.exe",
2026-09-05T20:55:33.7851130Z         "first_recombined_tensor2_validation"
2026-09-05T20:55:33.7851197Z       ],
2026-09-05T20:55:33.7851316Z       "name" : "relin2_first_recombined_tensor2_validation",
2026-09-05T20:55:33.7851391Z       "properties" : 
2026-09-05T20:55:33.7851460Z       [
2026-09-05T20:55:33.7851545Z         {
2026-09-05T20:55:33.7851628Z           "name" : "WORKING_DIRECTORY",
2026-09-05T20:55:33.7851755Z           "value" : "C:/openfhe-2023-1788/project-build-33991083281-1"
2026-09-05T20:55:33.7851812Z         }
2026-09-05T20:55:33.7851897Z       ]
2026-09-05T20:55:33.7852053Z     },
2026-09-05T20:55:33.7852120Z     {
2026-09-05T20:55:33.7852212Z       "backtrace" : 87,
2026-09-05T20:55:33.7852285Z       "command" : 
2026-09-05T20:55:33.7852365Z       [
2026-09-05T20:55:33.7852529Z         "C:/openfhe-2023-1788/project-build-33991083281-1/relin2_test.exe",
2026-09-05T20:55:33.7852625Z         "tensor2_requires_first_lifecycle"
2026-09-05T20:55:33.7852682Z       ],
2026-09-05T20:55:33.7852812Z       "name" : "relin2_tensor2_requires_first_lifecycle",
2026-09-05T20:55:33.7852889Z       "properties" : 
2026-09-05T20:55:33.7852955Z       [
2026-09-05T20:55:33.7853034Z         {
2026-09-05T20:55:33.7853117Z           "name" : "WORKING_DIRECTORY",
2026-09-05T20:55:33.7853243Z           "value" : "C:/openfhe-2023-1788/project-build-33991083281-1"
2026-09-05T20:55:33.7853298Z         }
2026-09-05T20:55:33.7853382Z       ]
2026-09-05T20:55:33.7853449Z     },
2026-09-05T20:55:33.7853535Z     {
2026-09-05T20:55:33.7853624Z       "backtrace" : 89,
2026-09-05T20:55:33.7853773Z       "command" : 
2026-09-05T20:55:33.7853845Z       [
2026-09-05T20:55:33.7853973Z         "C:/openfhe-2023-1788/project-build-33991083281-1/rs2_test.exe",
2026-09-05T20:55:33.7854056Z         "wrong_lifecycle"
2026-09-05T20:55:33.7854127Z       ],
2026-09-05T20:55:33.7854227Z       "name" : "rs2_wrong_lifecycle",
2026-09-05T20:55:33.7854289Z       "properties" : 
2026-09-05T20:55:33.7854372Z       [
2026-09-05T20:55:33.7854455Z         {
2026-09-05T20:55:33.7854540Z           "name" : "WORKING_DIRECTORY",
2026-09-05T20:55:33.7854700Z           "value" : "C:/openfhe-2023-1788/project-build-33991083281-1"
2026-09-05T20:55:33.7854754Z         }
2026-09-05T20:55:33.7854834Z       ]
2026-09-05T20:55:33.7854902Z     },
2026-09-05T20:55:33.7854983Z     {
2026-09-05T20:55:33.7855058Z       "backtrace" : 91,
2026-09-05T20:55:33.7855144Z       "command" : 
2026-09-05T20:55:33.7855223Z       [
2026-09-05T20:55:33.7855391Z         "C:/openfhe-2023-1788/project-build-33991083281-1/rs2_test.exe",
2026-09-05T20:55:33.7855496Z         "valid_arithmetic_state_immutability"
2026-09-05T20:55:33.7855554Z       ],
2026-09-05T20:55:33.7855686Z       "name" : "rs2_valid_arithmetic_state_immutability",
2026-09-05T20:55:33.7855748Z       "properties" : 
2026-09-05T20:55:33.7855822Z       [
2026-09-05T20:55:33.7855891Z         {
2026-09-05T20:55:33.7855976Z           "name" : "WORKING_DIRECTORY",
2026-09-05T20:55:33.7856139Z           "value" : "C:/openfhe-2023-1788/project-build-33991083281-1"
2026-09-05T20:55:33.7856196Z         }
2026-09-05T20:55:33.7856281Z       ]
2026-09-05T20:55:33.7856351Z     },
2026-09-05T20:55:33.7856425Z     {
2026-09-05T20:55:33.7856502Z       "backtrace" : 93,
2026-09-05T20:55:33.7856586Z       "command" : 
2026-09-05T20:55:33.7856669Z       [
2026-09-05T20:55:33.7856832Z         "C:/openfhe-2023-1788/project-build-33991083281-1/rs2_test.exe",
2026-09-05T20:55:33.7856917Z         "mixed_tower_format"
2026-09-05T20:55:33.7856985Z       ],
2026-09-05T20:55:33.7857105Z       "name" : "rs2_mixed_tower_format",
2026-09-05T20:55:33.7857182Z       "properties" : 
2026-09-05T20:55:33.7857265Z       [
2026-09-05T20:55:33.7857335Z         {
2026-09-05T20:55:33.7857435Z           "name" : "WORKING_DIRECTORY",
2026-09-05T20:55:33.7857596Z           "value" : "C:/openfhe-2023-1788/project-build-33991083281-1"
2026-09-05T20:55:33.7857654Z         }
2026-09-05T20:55:33.7857735Z       ]
2026-09-05T20:55:33.7857790Z     },
2026-09-05T20:55:33.7857860Z     {
2026-09-05T20:55:33.7857925Z       "backtrace" : 95,
2026-09-05T20:55:33.7858000Z       "command" : 
2026-09-05T20:55:33.7858056Z       [
2026-09-05T20:55:33.7858194Z         "C:/openfhe-2023-1788/project-build-33991083281-1/rs2_test.exe",
2026-09-05T20:55:33.7858286Z         "untouched_public_pipeline"
2026-09-05T20:55:33.7858345Z       ],
2026-09-05T20:55:33.7858452Z       "name" : "rs2_untouched_public_pipeline",
2026-09-05T20:55:33.7858515Z       "properties" : 
2026-09-05T20:55:33.7858649Z       [
2026-09-05T20:55:33.7858709Z         {
2026-09-05T20:55:33.7858798Z           "name" : "WORKING_DIRECTORY",
2026-09-05T20:55:33.7858914Z           "value" : "C:/openfhe-2023-1788/project-build-33991083281-1"
2026-09-05T20:55:33.7858984Z         }
2026-09-05T20:55:33.7859055Z       ]
2026-09-05T20:55:33.7859110Z     },
2026-09-05T20:55:33.7859179Z     {
2026-09-05T20:55:33.7859244Z       "backtrace" : 97,
2026-09-05T20:55:33.7859320Z       "command" : 
2026-09-05T20:55:33.7859377Z       [
2026-09-05T20:55:33.7859517Z         "C:/openfhe-2023-1788/project-build-33991083281-1/rs2_test.exe",
2026-09-05T20:55:33.7859589Z         "declared_basis_mismatch"
2026-09-05T20:55:33.7859665Z       ],
2026-09-05T20:55:33.7859759Z       "name" : "rs2_declared_basis_mismatch",
2026-09-05T20:55:33.7859818Z       "properties" : 
2026-09-05T20:55:33.7859885Z       [
2026-09-05T20:55:33.7859939Z         {
2026-09-05T20:55:33.7860025Z           "name" : "WORKING_DIRECTORY",
2026-09-05T20:55:33.7860682Z           "value" : "C:/openfhe-2023-1788/project-build-33991083281-1"
2026-09-05T20:55:33.7860772Z         }
2026-09-05T20:55:33.7860830Z       ]
2026-09-05T20:55:33.7860901Z     },
2026-09-05T20:55:33.7860974Z     {
2026-09-05T20:55:33.7861040Z       "backtrace" : 99,
2026-09-05T20:55:33.7861114Z       "command" : 
2026-09-05T20:55:33.7861173Z       [
2026-09-05T20:55:33.7861318Z         "C:/openfhe-2023-1788/project-build-33991083281-1/rs2_test.exe",
2026-09-05T20:55:33.7861391Z         "terminal_rejections"
2026-09-05T20:55:33.7861467Z       ],
2026-09-05T20:55:33.7861549Z       "name" : "rs2_terminal_rejections",
2026-09-05T20:55:33.7861629Z       "properties" : 
2026-09-05T20:55:33.7861697Z       [
2026-09-05T20:55:33.7861754Z         {
2026-09-05T20:55:33.7861839Z           "name" : "WORKING_DIRECTORY",
2026-09-05T20:55:33.7861959Z           "value" : "C:/openfhe-2023-1788/project-build-33991083281-1"
2026-09-05T20:55:33.7862085Z         }
2026-09-05T20:55:33.7862158Z       ]
2026-09-05T20:55:33.7862219Z     },
2026-09-05T20:55:33.7862292Z     {
2026-09-05T20:55:33.7862373Z       "backtrace" : 101,
2026-09-05T20:55:33.7862436Z       "command" : 
2026-09-05T20:55:33.7862508Z       [
2026-09-05T20:55:33.7862643Z         "C:/openfhe-2023-1788/project-build-33991083281-1/mult2_test.exe",
2026-09-05T20:55:33.7862730Z         "composition_contract"
2026-09-05T20:55:33.7862788Z       ],
2026-09-05T20:55:33.7862889Z       "name" : "mult2_composition_contract",
2026-09-05T20:55:33.7862952Z       "properties" : 
2026-09-05T20:55:33.7863022Z       [
2026-09-05T20:55:33.7863093Z         {
2026-09-05T20:55:33.7863163Z           "name" : "WORKING_DIRECTORY",
2026-09-05T20:55:33.7863300Z           "value" : "C:/openfhe-2023-1788/project-build-33991083281-1"
2026-09-05T20:55:33.7863356Z         }
2026-09-05T20:55:33.7863429Z       ]
2026-09-05T20:55:33.7863486Z     },
2026-09-05T20:55:33.7863560Z     {
2026-09-05T20:55:33.7863629Z       "backtrace" : 103,
2026-09-05T20:55:33.7863708Z       "command" : 
2026-09-05T20:55:33.7863776Z       [
2026-09-05T20:55:33.7863948Z         "C:/openfhe-2023-1788/project-build-33991083281-1/mult2_e2e_oracle_test.exe",
2026-09-05T20:55:33.7864025Z         "hybrid_real"
2026-09-05T20:55:33.7864083Z       ],
2026-09-05T20:55:33.7864174Z       "name" : "mult2_e2e_hybrid_real",
2026-09-05T20:55:33.7864245Z       "properties" : 
2026-09-05T20:55:33.7864320Z       [
2026-09-05T20:55:33.7864375Z         {
2026-09-05T20:55:33.7864461Z           "name" : "WORKING_DIRECTORY",
2026-09-05T20:55:33.7864590Z           "value" : "C:/openfhe-2023-1788/project-build-33991083281-1"
2026-09-05T20:55:33.7864645Z         }
2026-09-05T20:55:33.7864715Z       ]
2026-09-05T20:55:33.7864770Z     },
2026-09-05T20:55:33.7864840Z     {
2026-09-05T20:55:33.7864905Z       "backtrace" : 105,
2026-09-05T20:55:33.7864982Z       "command" : 
2026-09-05T20:55:33.7865039Z       [
2026-09-05T20:55:33.7865218Z         "C:/openfhe-2023-1788/project-build-33991083281-1/mult2_e2e_oracle_test.exe",
2026-09-05T20:55:33.7865367Z         "hybrid_complex"
2026-09-05T20:55:33.7865423Z       ],
2026-09-05T20:55:33.7865517Z       "name" : "mult2_e2e_hybrid_complex",
2026-09-05T20:55:33.7865581Z       "properties" : 
2026-09-05T20:55:33.7865650Z       [
2026-09-05T20:55:33.7865705Z         {
2026-09-05T20:55:33.7865792Z           "name" : "WORKING_DIRECTORY",
2026-09-05T20:55:33.7865920Z           "value" : "C:/openfhe-2023-1788/project-build-33991083281-1"
2026-09-05T20:55:33.7865976Z         }
2026-09-05T20:55:33.7866043Z       ]
2026-09-05T20:55:33.7866097Z     },
2026-09-05T20:55:33.7866168Z     {
2026-09-05T20:55:33.7866233Z       "backtrace" : 107,
2026-09-05T20:55:33.7866312Z       "command" : 
2026-09-05T20:55:33.7866366Z       [
2026-09-05T20:55:33.7866542Z         "C:/openfhe-2023-1788/project-build-33991083281-1/mult2_e2e_oracle_test.exe",
2026-09-05T20:55:33.7866618Z         "bv_real"
2026-09-05T20:55:33.7866678Z       ],
2026-09-05T20:55:33.7866823Z       "name" : "mult2_e2e_bv_real",
2026-09-05T20:55:33.7866894Z       "properties" : 
2026-09-05T20:55:33.7866962Z       [
2026-09-05T20:55:33.7867018Z         {
2026-09-05T20:55:33.7867105Z           "name" : "WORKING_DIRECTORY",
2026-09-05T20:55:33.7867218Z           "value" : "C:/openfhe-2023-1788/project-build-33991083281-1"
2026-09-05T20:55:33.7867288Z         }
2026-09-05T20:55:33.7867357Z       ]
2026-09-05T20:55:33.7867410Z     },
2026-09-05T20:55:33.7867478Z     {
2026-09-05T20:55:33.7867543Z       "backtrace" : 109,
2026-09-05T20:55:33.7867617Z       "command" : 
2026-09-05T20:55:33.7867671Z       [
2026-09-05T20:55:33.7867840Z         "C:/openfhe-2023-1788/project-build-33991083281-1/mult2_e2e_oracle_test.exe",
2026-09-05T20:55:33.7867904Z         "bv_complex"
2026-09-05T20:55:33.7867973Z       ],
2026-09-05T20:55:33.7868065Z       "name" : "mult2_e2e_bv_complex",
2026-09-05T20:55:33.7868129Z       "properties" : 
2026-09-05T20:55:33.7868199Z       [
2026-09-05T20:55:33.7868260Z         {
2026-09-05T20:55:33.7868346Z           "name" : "WORKING_DIRECTORY",
2026-09-05T20:55:33.7868461Z           "value" : "C:/openfhe-2023-1788/project-build-33991083281-1"
2026-09-05T20:55:33.7868534Z         }
2026-09-05T20:55:33.7868591Z       ]
2026-09-05T20:55:33.7868662Z     },
2026-09-05T20:55:33.7868729Z     {
2026-09-05T20:55:33.7868794Z       "backtrace" : 111,
2026-09-05T20:55:33.7868867Z       "command" : 
2026-09-05T20:55:33.7868925Z       [
2026-09-05T20:55:33.7869097Z         "C:/openfhe-2023-1788/project-build-33991083281-1/mult2_e2e_oracle_test.exe",
2026-09-05T20:55:33.7869175Z         "pair_add_input_hybrid_complex"
2026-09-05T20:55:33.7869259Z       ],
2026-09-05T20:55:33.7869463Z       "name" : "mult2_pair_add_input_hybrid_complex",
2026-09-05T20:55:33.7869586Z       "properties" : 
2026-09-05T20:55:33.7869697Z       [
2026-09-05T20:55:33.7869981Z         {
2026-09-05T20:55:33.7870112Z           "name" : "WORKING_DIRECTORY",
2026-09-05T20:55:33.7870939Z           "value" : "C:/openfhe-2023-1788/project-build-33991083281-1"
2026-09-05T20:55:33.7871170Z         }
2026-09-05T20:55:33.7871274Z       ]
2026-09-05T20:55:33.7871376Z     },
2026-09-05T20:55:33.7871464Z     {
2026-09-05T20:55:33.7871584Z       "backtrace" : 113,
2026-09-05T20:55:33.7871699Z       "command" : 
2026-09-05T20:55:33.7871789Z       [
2026-09-05T20:55:33.7872115Z         "C:/openfhe-2023-1788/project-build-33991083281-1/mult2_e2e_oracle_test.exe",
2026-09-05T20:55:33.7872257Z         "pair_sub_input_hybrid_complex"
2026-09-05T20:55:33.7872365Z       ],
2026-09-05T20:55:33.7872530Z       "name" : "mult2_pair_sub_input_hybrid_complex",
2026-09-05T20:55:33.7872651Z       "properties" : 
2026-09-05T20:55:33.7872757Z       [
2026-09-05T20:55:33.7872850Z         {
2026-09-05T20:55:33.7872992Z           "name" : "WORKING_DIRECTORY",
2026-09-05T20:55:33.7873186Z           "value" : "C:/openfhe-2023-1788/project-build-33991083281-1"
2026-09-05T20:55:33.7873289Z         }
2026-09-05T20:55:33.7873595Z       ]
2026-09-05T20:55:33.7873707Z     },
2026-09-05T20:55:33.7873798Z     {
2026-09-05T20:55:33.7873923Z       "backtrace" : 115,
2026-09-05T20:55:33.7874034Z       "command" : 
2026-09-05T20:55:33.7874120Z       [
2026-09-05T20:55:33.7874562Z         "C:/openfhe-2023-1788/project-build-33991083281-1/precision_client_io_first_mult2_contract_test.exe"
2026-09-05T20:55:33.7874655Z       ],
2026-09-05T20:55:33.7874854Z       "name" : "precision_client_io_first_mult2_contract",
2026-09-05T20:55:33.7874965Z       "properties" : 
2026-09-05T20:55:33.7875065Z       [
2026-09-05T20:55:33.7875162Z         {
2026-09-05T20:55:33.7875308Z           "name" : "WORKING_DIRECTORY",
2026-09-05T20:55:33.7875552Z           "value" : "C:/openfhe-2023-1788/project-build-33991083281-1"
2026-09-05T20:55:33.7875643Z         }
2026-09-05T20:55:33.7875743Z       ]
2026-09-05T20:55:33.7875827Z     },
2026-09-05T20:55:33.7875927Z     {
2026-09-05T20:55:33.7876028Z       "backtrace" : 117,
2026-09-05T20:55:33.7876272Z       "command" : 
2026-09-05T20:55:33.7876358Z       [
2026-09-05T20:55:33.7876739Z         "C:/openfhe-2023-1788/project-build-33991083281-1/repeated_mult2_semantic_two_square_test.exe"
2026-09-05T20:55:33.7876828Z       ],
2026-09-05T20:55:33.7877007Z       "name" : "repeated_mult2_semantic_two_square_contract",
2026-09-05T20:55:33.7877114Z       "properties" : 
2026-09-05T20:55:33.7877194Z       [
2026-09-05T20:55:33.7877288Z         {
2026-09-05T20:55:33.7877395Z           "name" : "WORKING_DIRECTORY",
2026-09-05T20:55:33.7877606Z           "value" : "C:/openfhe-2023-1788/project-build-33991083281-1"
2026-09-05T20:55:33.7877689Z         }
2026-09-05T20:55:33.7877775Z       ]
2026-09-05T20:55:33.7877850Z     },
2026-09-05T20:55:33.7877911Z     {
2026-09-05T20:55:33.7877996Z       "backtrace" : 119,
2026-09-05T20:55:33.7878061Z       "command" : 
2026-09-05T20:55:33.7878134Z       [
2026-09-05T20:55:33.7878391Z         "C:/openfhe-2023-1788/project-build-33991083281-1/paper_h128_client_keypair_contract_test.exe"
2026-09-05T20:55:33.7878476Z       ],
2026-09-05T20:55:33.7878583Z       "name" : "paper_h128_client_keypair_contract",
2026-09-05T20:55:33.7878670Z       "properties" : 
2026-09-05T20:55:33.7878742Z       [
2026-09-05T20:55:33.7878804Z         {
2026-09-05T20:55:33.7878901Z           "name" : "WORKING_DIRECTORY",
2026-09-05T20:55:33.7879048Z           "value" : "C:/openfhe-2023-1788/project-build-33991083281-1"
2026-09-05T20:55:33.7879127Z         }
2026-09-05T20:55:33.7879191Z       ]
2026-09-05T20:55:33.7879272Z     }
2026-09-05T20:55:33.7879349Z   ],
2026-09-05T20:55:33.7879416Z   "version" : 
2026-09-05T20:55:33.7879491Z   {
2026-09-05T20:55:33.7879559Z     "major" : 1,
2026-09-05T20:55:33.7879639Z     "minor" : 0
2026-09-05T20:55:33.7879698Z   }
2026-09-05T20:55:33.7914110Z }UpdateCTestConfiguration  from :C:/openfhe-2023-1788/project-build-33991083281-1/DartConfiguration.tcl
2026-09-05T20:55:33.7932074Z Test project C:/openfhe-2023-1788/project-build-33991083281-1
2026-09-05T20:55:33.7939891Z Constructing a list of tests
2026-09-05T20:55:33.7951757Z Done constructing a list of tests
2026-09-05T20:55:33.7953159Z Updating test list for fixtures
2026-09-05T20:55:33.7953471Z Added 0 tests to meet fixture requirements
2026-09-05T20:55:33.7958574Z Checking test dependency graph...
2026-09-05T20:55:33.7959472Z Checking test dependency graph end
2026-09-05T20:55:33.7959733Z test 1
2026-09-05T20:55:33.7960802Z       Start  1: dcp_rcb
2026-09-05T20:55:33.7960997Z 
2026-09-05T20:55:33.7961298Z 1: Test command: C:\openfhe-2023-1788\project-build-33991083281-1\dcp_rcb_test.exe
2026-09-05T20:55:33.7961516Z 1: Working Directory: C:/openfhe-2023-1788/project-build-33991083281-1
2026-09-05T20:55:33.7962998Z 1: Test timeout computed to be: 10000000
2026-09-05T20:55:33.8829862Z 1: DCP/RCB independent-oracle tests passed
2026-09-05T20:55:33.8842905Z  1/60 Test  #1: dcp_rcb .........................................   Passed    0.09 sec
2026-09-05T20:55:33.9139598Z test 2
2026-09-05T20:55:33.9139919Z       Start  2: precision_dcp_rcb_high_precision_contract
2026-09-05T20:55:33.9140672Z 
2026-09-05T20:55:33.9141136Z 2: Test command: C:\openfhe-2023-1788\project-build-33991083281-1\precision_dcp_rcb_contract_test.exe
2026-09-05T20:55:33.9141372Z 2: Working Directory: C:/openfhe-2023-1788/project-build-33991083281-1
2026-09-05T20:55:33.9141505Z 2: Test timeout computed to be: 10000000
2026-09-05T20:55:33.9650513Z 2: test=precision_dcp_rcb_high_precision_contract trial=0 security_level=HEStd_NotSet(functional-diagnostic-only) key_switch=HYBRID ckks_data_type=COMPLEX N=64 batch=16 depth=7 scaling_mod_size=50 first_mod_size=55 scale_bits=100 q_div=1125899906843009 active_modulus_bits=356 maximum_coefficient_bits=98 approximate_headroom_bits=258 delta_error=2.7956994371193308170531726023189430395618e-29 max_slot_error=2.9253459810818345663904466657797802640073e-28
2026-09-05T20:55:33.9652056Z 2: test=precision_dcp_rcb_high_precision_contract trial=1 security_level=HEStd_NotSet(functional-diagnostic-only) key_switch=HYBRID ckks_data_type=COMPLEX N=64 batch=16 depth=7 scaling_mod_size=50 first_mod_size=55 scale_bits=100 q_div=1125899906843009 active_modulus_bits=356 maximum_coefficient_bits=98 approximate_headroom_bits=258 delta_error=1.4376847161915072196952169688017874377413e-28 max_slot_error=4.3542598114721454320169978216014734768253e-28
2026-09-05T20:55:33.9653813Z 2: test=precision_dcp_rcb_high_precision_contract trial=2 security_level=HEStd_NotSet(functional-diagnostic-only) key_switch=HYBRID ckks_data_type=COMPLEX N=64 batch=16 depth=7 scaling_mod_size=50 first_mod_size=55 scale_bits=100 q_div=1125899906843009 active_modulus_bits=356 maximum_coefficient_bits=98 approximate_headroom_bits=258 delta_error=1.5580435622241955819948926194736417249567e-28 max_slot_error=3.9338968204292706351022218366908672892370e-28
2026-09-05T20:55:33.9654899Z 2: test=precision_dcp_rcb_high_precision_contract trial=3 security_level=HEStd_NotSet(functional-diagnostic-only) key_switch=HYBRID ckks_data_type=COMPLEX N=64 batch=16 depth=7 scaling_mod_size=50 first_mod_size=55 scale_bits=100 q_div=1125899906843009 active_modulus_bits=356 maximum_coefficient_bits=98 approximate_headroom_bits=258 delta_error=3.4720338086514022790085629983419993905910e-28 max_slot_error=5.4589210555420945420201895815814706203079e-28
2026-09-05T20:55:33.9655016Z 2: precision_dcp_rcb_high_precision_contract=PASS
2026-09-05T20:55:33.9663324Z  2/60 Test  #2: precision_dcp_rcb_high_precision_contract .......   Passed    0.05 sec
2026-09-05T20:55:33.9667978Z test 3
2026-09-05T20:55:33.9668527Z       Start  3: precision_first_mult2_high_precision_contract
2026-09-05T20:55:33.9669223Z 
2026-09-05T20:55:33.9669780Z 3: Test command: C:\openfhe-2023-1788\project-build-33991083281-1\precision_first_mult2_contract_test.exe
2026-09-05T20:55:33.9670054Z 3: Working Directory: C:/openfhe-2023-1788/project-build-33991083281-1
2026-09-05T20:55:33.9670189Z 3: Test timeout computed to be: 10000000
2026-09-05T20:55:34.1691151Z 3: test=precision_first_mult2_high_precision_contract trial=0 claim_scope=first-Mult2-diagnostic-only security_level=HEStd_NotSet(diagnostic-only) key_switch=HYBRID ckks_data_type=COMPLEX N=64 batch=16 depth=7 scaling_mod_size=50 first_mod_size=55 input_scale_numerator=2^100 final_logical_scale_numerator=2^200 final_logical_scale_denominator=1267650600226646386227681786497 q_div=1125899906843009 q_l=1125899906840833 input_product_centered_headroom_bits=160 output_centered_headroom_bits=210 coefficient_error_numerator=98326998688612330514942405679872 coefficient_error_denominator=1267650600226646386227681786497 frozen_abs_tolerance=2^-80 product_delta_error=2.4192316780052401078734484050754909172823e-28 max_slot_error=4.3356769716643475519094164840604250155543e-28
2026-09-05T20:55:34.1698317Z 3: test=precision_first_mult2_high_precision_contract trial=1 claim_scope=first-Mult2-diagnostic-only security_level=HEStd_NotSet(diagnostic-only) key_switch=HYBRID ckks_data_type=COMPLEX N=64 batch=16 depth=7 scaling_mod_size=50 first_mod_size=55 input_scale_numerator=2^100 final_logical_scale_numerator=2^200 final_logical_scale_denominator=1267650600226646386227681786497 q_div=1125899906843009 q_l=1125899906840833 input_product_centered_headroom_bits=160 output_centered_headroom_bits=210 coefficient_error_numerator=106639689362754784124834102254076 coefficient_error_denominator=1267650600226646386227681786497 frozen_abs_tolerance=2^-80 product_delta_error=1.8412402255474978620481104008752561971221e-28 max_slot_error=8.9501603906737200390339050872387599278507e-28
2026-09-05T20:55:34.1705921Z 3: test=precision_first_mult2_high_precision_contract trial=2 claim_scope=first-Mult2-diagnostic-only security_level=HEStd_NotSet(diagnostic-only) key_switch=HYBRID ckks_data_type=COMPLEX N=64 batch=16 depth=7 scaling_mod_size=50 first_mod_size=55 input_scale_numerator=2^100 final_logical_scale_numerator=2^200 final_logical_scale_denominator=1267650600226646386227681786497 q_div=1125899906843009 q_l=1125899906840833 input_product_centered_headroom_bits=160 output_centered_headroom_bits=210 coefficient_error_numerator=137097693456087989313998518268258 coefficient_error_denominator=1267650600226646386227681786497 frozen_abs_tolerance=2^-80 product_delta_error=6.1927082260631391059741725523665133705480e-28 max_slot_error=5.7453419371214927204640368049284208698829e-28
2026-09-05T20:55:34.1711402Z 3: test=precision_first_mult2_high_precision_contract trial=3 claim_scope=first-Mult2-diagnostic-only security_level=HEStd_NotSet(diagnostic-only) key_switch=HYBRID ckks_data_type=COMPLEX N=64 batch=16 depth=7 scaling_mod_size=50 first_mod_size=55 input_scale_numerator=2^100 final_logical_scale_numerator=2^200 final_logical_scale_denominator=1267650600226646386227681786497 q_div=1125899906843009 q_l=1125899906840833 input_product_centered_headroom_bits=160 output_centered_headroom_bits=210 coefficient_error_numerator=123208615912226337652404722981031 coefficient_error_denominator=1267650600226646386227681786497 frozen_abs_tolerance=2^-80 product_delta_error=2.8291977827660042289378676104858423039978e-28 max_slot_error=1.1465402894631404025894615344950805400738e-27
2026-09-05T20:55:34.1714416Z 3: precision_first_mult2_high_precision_contract=PASS
2026-09-05T20:55:34.1714967Z  3/60 Test  #3: precision_first_mult2_high_precision_contract ...   Passed    0.20 sec
2026-09-05T20:55:34.1715443Z test 4
2026-09-05T20:55:34.1715701Z       Start  4: pair_add_runtime_behavior
2026-09-05T20:55:34.1716442Z 
2026-09-05T20:55:34.1716937Z 4: Test command: C:\openfhe-2023-1788\project-build-33991083281-1\pair_add_test.exe
2026-09-05T20:55:34.1717593Z 4: Working Directory: C:/openfhe-2023-1788/project-build-33991083281-1
2026-09-05T20:55:34.1718072Z 4: Test timeout computed to be: 10000000
2026-09-05T20:55:34.1846870Z 4: pair Add runtime behavior passed
2026-09-05T20:55:34.1858010Z  4/60 Test  #4: pair_add_runtime_behavior .......................   Passed    0.01 sec
2026-09-05T20:55:34.1861118Z test 5
2026-09-05T20:55:34.1861417Z       Start  5: pair_sub_runtime_behavior
2026-09-05T20:55:34.1862303Z 
2026-09-05T20:55:34.1862734Z 5: Test command: C:\openfhe-2023-1788\project-build-33991083281-1\pair_sub_test.exe
2026-09-05T20:55:34.1863228Z 5: Working Directory: C:/openfhe-2023-1788/project-build-33991083281-1
2026-09-05T20:55:34.1863576Z 5: Test timeout computed to be: 10000000
2026-09-05T20:55:34.1993898Z 5: pair Sub runtime behavior passed
2026-09-05T20:55:34.2005910Z  5/60 Test  #5: pair_sub_runtime_behavior .......................   Passed    0.01 sec
2026-09-05T20:55:34.2009305Z test 6
2026-09-05T20:55:34.2009609Z       Start  6: pair_arithmetic_controlled_oracle
2026-09-05T20:55:34.2010674Z 
2026-09-05T20:55:34.2011272Z 6: Test command: C:\openfhe-2023-1788\project-build-33991083281-1\pair_arithmetic_test.exe "controlled_oracle"
2026-09-05T20:55:34.2011790Z 6: Working Directory: C:/openfhe-2023-1788/project-build-33991083281-1
2026-09-05T20:55:34.2012102Z 6: Test timeout computed to be: 10000000
2026-09-05T20:55:34.5603358Z 6: pair-arithmetic case passed: controlled_oracle
2026-09-05T20:55:34.5615574Z  6/60 Test  #6: pair_arithmetic_controlled_oracle ...............   Passed    0.36 sec
2026-09-05T20:55:34.5619718Z test 7
2026-09-05T20:55:34.5620197Z       Start  7: pair_arithmetic_public_lifecycles_keyless
2026-09-05T20:55:34.5621121Z 
2026-09-05T20:55:34.5621711Z 7: Test command: C:\openfhe-2023-1788\project-build-33991083281-1\pair_arithmetic_test.exe "public_lifecycles_keyless"
2026-09-05T20:55:34.5622254Z 7: Working Directory: C:/openfhe-2023-1788/project-build-33991083281-1
2026-09-05T20:55:34.5622571Z 7: Test timeout computed to be: 10000000
2026-09-05T20:55:34.9502168Z 7: pair-arithmetic case passed: public_lifecycles_keyless
2026-09-05T20:55:34.9515197Z  7/60 Test  #7: pair_arithmetic_public_lifecycles_keyless .......   Passed    0.39 sec
2026-09-05T20:55:34.9519004Z test 8
2026-09-05T20:55:34.9519295Z       Start  8: pair_arithmetic_compatibility_rejections
2026-09-05T20:55:34.9520111Z 
2026-09-05T20:55:34.9520900Z 8: Test command: C:\openfhe-2023-1788\project-build-33991083281-1\pair_arithmetic_test.exe "compatibility_rejections"
2026-09-05T20:55:34.9521463Z 8: Working Directory: C:/openfhe-2023-1788/project-build-33991083281-1
2026-09-05T20:55:34.9521789Z 8: Test timeout computed to be: 10000000
2026-09-05T20:55:35.0262772Z 8: pair-arithmetic case passed: compatibility_rejections
2026-09-05T20:55:35.0275395Z  8/60 Test  #8: pair_arithmetic_compatibility_rejections ........   Passed    0.08 sec
2026-09-05T20:55:35.0278859Z test 9
2026-09-05T20:55:35.0279216Z       Start  9: tensor2_valid_arithmetic_immutability
2026-09-05T20:55:35.0280166Z 
2026-09-05T20:55:35.0280686Z 9: Test command: C:\openfhe-2023-1788\project-build-33991083281-1\tensor2_test.exe "valid_arithmetic_immutability"
2026-09-05T20:55:35.0281270Z 9: Working Directory: C:/openfhe-2023-1788/project-build-33991083281-1
2026-09-05T20:55:35.0281630Z 9: Test timeout computed to be: 10000000
2026-09-05T20:55:35.0446460Z 9: Tensor2 case passed: valid_arithmetic_immutability
2026-09-05T20:55:35.0459200Z  9/60 Test  #9: tensor2_valid_arithmetic_immutability ...........   Passed    0.02 sec
2026-09-05T20:55:35.0462056Z test 10
2026-09-05T20:55:35.0462319Z       Start 10: tensor2_result_scale_contract
2026-09-05T20:55:35.0462742Z 
2026-09-05T20:55:35.0463176Z 10: Test command: C:\openfhe-2023-1788\project-build-33991083281-1\tensor2_test.exe "result_scale_contract"
2026-09-05T20:55:35.0463854Z 10: Working Directory: C:/openfhe-2023-1788/project-build-33991083281-1
2026-09-05T20:55:35.0464208Z 10: Test timeout computed to be: 10000000
2026-09-05T20:55:35.0587218Z 10: Tensor2 case passed: result_scale_contract
2026-09-05T20:55:35.0597396Z 10/60 Test #10: tensor2_result_scale_contract ...................   Passed    0.01 sec
2026-09-05T20:55:35.0600335Z test 11
2026-09-05T20:55:35.0600700Z       Start 11: tensor2_right_input_validation
2026-09-05T20:55:35.0600975Z 
2026-09-05T20:55:35.0601551Z 11: Test command: C:\openfhe-2023-1788\project-build-33991083281-1\tensor2_test.exe "right_input_validation"
2026-09-05T20:55:35.0602134Z 11: Working Directory: C:/openfhe-2023-1788/project-build-33991083281-1
2026-09-05T20:55:35.0602506Z 11: Test timeout computed to be: 10000000
2026-09-05T20:55:35.0708265Z 11: Tensor2 case passed: right_input_validation
2026-09-05T20:55:35.0719058Z 11/60 Test #11: tensor2_right_input_validation ..................   Passed    0.01 sec
2026-09-05T20:55:35.0722007Z test 12
2026-09-05T20:55:35.0722425Z       Start 12: tensor2_mutual_compatibility
2026-09-05T20:55:35.0722673Z 
2026-09-05T20:55:35.0723047Z 12: Test command: C:\openfhe-2023-1788\project-build-33991083281-1\tensor2_test.exe "mutual_compatibility"
2026-09-05T20:55:35.0723555Z 12: Working Directory: C:/openfhe-2023-1788/project-build-33991083281-1
2026-09-05T20:55:35.0723887Z 12: Test timeout computed to be: 10000000
2026-09-05T20:55:35.0836797Z 12: Tensor2 case passed: mutual_compatibility
2026-09-05T20:55:35.0847308Z 12/60 Test #12: tensor2_mutual_compatibility ....................   Passed    0.01 sec
2026-09-05T20:55:35.0851040Z test 13
2026-09-05T20:55:35.0851403Z       Start 13: tensor2_prearithmetic_key_compatibility
2026-09-05T20:55:35.0851714Z 
2026-09-05T20:55:35.0852111Z 13: Test command: C:\openfhe-2023-1788\project-build-33991083281-1\tensor2_test.exe "prearithmetic_key_compatibility"
2026-09-05T20:55:35.0852711Z 13: Working Directory: C:/openfhe-2023-1788/project-build-33991083281-1
2026-09-05T20:55:35.0853060Z 13: Test timeout computed to be: 10000000
2026-09-05T20:55:35.0981923Z 13: Tensor2 case passed: prearithmetic_key_compatibility
2026-09-05T20:55:35.0991605Z 13/60 Test #13: tensor2_prearithmetic_key_compatibility .........   Passed    0.01 sec
2026-09-05T20:55:35.0994335Z test 14
2026-09-05T20:55:35.0994707Z       Start 14: relin2_tensor_validation_order
2026-09-05T20:55:35.0995190Z 
2026-09-05T20:55:35.0995597Z 14: Test command: C:\openfhe-2023-1788\project-build-33991083281-1\relin2_test.exe "tensor_validation_order"
2026-09-05T20:55:35.0996448Z 14: Working Directory: C:/openfhe-2023-1788/project-build-33991083281-1
2026-09-05T20:55:35.0996819Z 14: Test timeout computed to be: 10000000
2026-09-05T20:55:35.1114738Z 14: Relin2 case passed: tensor_validation_order
2026-09-05T20:55:35.1124879Z 14/60 Test #14: relin2_tensor_validation_order ..................   Passed    0.01 sec
2026-09-05T20:55:35.1127635Z test 15
2026-09-05T20:55:35.1128069Z       Start 15: relin2_insufficient_active_basis
2026-09-05T20:55:35.1128323Z 
2026-09-05T20:55:35.1128616Z 15: Test command: C:\openfhe-2023-1788\project-build-33991083281-1\relin2_test.exe "insufficient_active_basis"
2026-09-05T20:55:35.1129141Z 15: Working Directory: C:/openfhe-2023-1788/project-build-33991083281-1
2026-09-05T20:55:35.1129475Z 15: Test timeout computed to be: 10000000
2026-09-05T20:55:35.1239862Z 15: Relin2 case passed: insufficient_active_basis
2026-09-05T20:55:35.1249835Z 15/60 Test #15: relin2_insufficient_active_basis ................   Passed    0.01 sec
2026-09-05T20:55:35.1252488Z test 16
2026-09-05T20:55:35.1252773Z       Start 16: relin2_missing_eval_key
2026-09-05T20:55:35.1253122Z 
2026-09-05T20:55:35.1253588Z 16: Test command: C:\openfhe-2023-1788\project-build-33991083281-1\relin2_test.exe "missing_eval_key"
2026-09-05T20:55:35.1254111Z 16: Working Directory: C:/openfhe-2023-1788/project-build-33991083281-1
2026-09-05T20:55:35.1254440Z 16: Test timeout computed to be: 10000000
2026-09-05T20:55:35.1375409Z 16: Relin2 case passed: missing_eval_key
2026-09-05T20:55:35.1385869Z 16/60 Test #16: relin2_missing_eval_key .........................   Passed    0.01 sec
2026-09-05T20:55:35.1388483Z test 17
2026-09-05T20:55:35.1388723Z       Start 17: relin2_key_empty
2026-09-05T20:55:35.1389046Z 
2026-09-05T20:55:35.1389377Z 17: Test command: C:\openfhe-2023-1788\project-build-33991083281-1\relin2_test.exe "key_empty"
2026-09-05T20:55:35.1389893Z 17: Working Directory: C:/openfhe-2023-1788/project-build-33991083281-1
2026-09-05T20:55:35.1390226Z 17: Test timeout computed to be: 10000000
2026-09-05T20:55:35.1519895Z 17: Relin2 case passed: key_empty
2026-09-05T20:55:35.1530209Z 17/60 Test #17: relin2_key_empty ................................   Passed    0.01 sec
2026-09-05T20:55:35.1532970Z test 18
2026-09-05T20:55:35.1533222Z       Start 18: relin2_key_null_first
2026-09-05T20:55:35.1533482Z 
2026-09-05T20:55:35.1533828Z 18: Test command: C:\openfhe-2023-1788\project-build-33991083281-1\relin2_test.exe "key_null_first"
2026-09-05T20:55:35.1534374Z 18: Working Directory: C:/openfhe-2023-1788/project-build-33991083281-1
2026-09-05T20:55:35.1534714Z 18: Test timeout computed to be: 10000000
2026-09-05T20:55:35.1667368Z 18: Relin2 case passed: key_null_first
2026-09-05T20:55:35.1677137Z 18/60 Test #18: relin2_key_null_first ...........................   Passed    0.01 sec
2026-09-05T20:55:35.1679803Z test 19
2026-09-05T20:55:35.1680130Z       Start 19: relin2_key_wrong_context
2026-09-05T20:55:35.1680420Z 
2026-09-05T20:55:35.1680883Z 19: Test command: C:\openfhe-2023-1788\project-build-33991083281-1\relin2_test.exe "key_wrong_context"
2026-09-05T20:55:35.1681640Z 19: Working Directory: C:/openfhe-2023-1788/project-build-33991083281-1
2026-09-05T20:55:35.1682001Z 19: Test timeout computed to be: 10000000
2026-09-05T20:55:35.1840947Z 19: Relin2 case passed: key_wrong_context
2026-09-05T20:55:35.1851560Z 19/60 Test #19: relin2_key_wrong_context ........................   Passed    0.02 sec
2026-09-05T20:55:35.1854368Z test 20
2026-09-05T20:55:35.1854614Z       Start 20: relin2_key_wrong_tag
2026-09-05T20:55:35.1854888Z 
2026-09-05T20:55:35.1855216Z 20: Test command: C:\openfhe-2023-1788\project-build-33991083281-1\relin2_test.exe "key_wrong_tag"
2026-09-05T20:55:35.1855749Z 20: Working Directory: C:/openfhe-2023-1788/project-build-33991083281-1
2026-09-05T20:55:35.1856075Z 20: Test timeout computed to be: 10000000
2026-09-05T20:55:35.1998100Z 20: Relin2 case passed: key_wrong_tag
2026-09-05T20:55:35.2008994Z 20/60 Test #20: relin2_key_wrong_tag ............................   Passed    0.02 sec
2026-09-05T20:55:35.2011685Z test 21
2026-09-05T20:55:35.2011942Z       Start 21: relin2_key_wrong_subtype
2026-09-05T20:55:35.2012245Z 
2026-09-05T20:55:35.2012589Z 21: Test command: C:\openfhe-2023-1788\project-build-33991083281-1\relin2_test.exe "key_wrong_subtype"
2026-09-05T20:55:35.2013118Z 21: Working Directory: C:/openfhe-2023-1788/project-build-33991083281-1
2026-09-05T20:55:35.2013439Z 21: Test timeout computed to be: 10000000
2026-09-05T20:55:35.2208645Z 21: Relin2 case passed: key_wrong_subtype
2026-09-05T20:55:35.2218914Z 21/60 Test #21: relin2_key_wrong_subtype ........................   Passed    0.02 sec
2026-09-05T20:55:35.2221557Z test 22
2026-09-05T20:55:35.2221910Z       Start 22: relin2_key_hybrid_a_length
2026-09-05T20:55:35.2222166Z 
2026-09-05T20:55:35.2222583Z 22: Test command: C:\openfhe-2023-1788\project-build-33991083281-1\relin2_test.exe "key_hybrid_a_length"
2026-09-05T20:55:35.2223113Z 22: Working Directory: C:/openfhe-2023-1788/project-build-33991083281-1
2026-09-05T20:55:35.2223471Z 22: Test timeout computed to be: 10000000
2026-09-05T20:55:35.2357072Z 22: Relin2 case passed: key_hybrid_a_length
2026-09-05T20:55:35.2367692Z 22/60 Test #22: relin2_key_hybrid_a_length ......................   Passed    0.01 sec
2026-09-05T20:55:35.2370501Z test 23
2026-09-05T20:55:35.2370883Z       Start 23: relin2_key_hybrid_b_length
2026-09-05T20:55:35.2371102Z 
2026-09-05T20:55:35.2371449Z 23: Test command: C:\openfhe-2023-1788\project-build-33991083281-1\relin2_test.exe "key_hybrid_b_length"
2026-09-05T20:55:35.2371924Z 23: Working Directory: C:/openfhe-2023-1788/project-build-33991083281-1
2026-09-05T20:55:35.2372235Z 23: Test timeout computed to be: 10000000
2026-09-05T20:55:35.2507183Z 23: Relin2 case passed: key_hybrid_b_length
2026-09-05T20:55:35.2830654Z 23/60 Test #23: relin2_key_hybrid_b_length ......................   Passed    0.01 sec
2026-09-05T20:55:35.2834293Z test 24
2026-09-05T20:55:35.2834594Z       Start 24: relin2_key_hybrid_entry_basis
2026-09-05T20:55:35.2834855Z 
2026-09-05T20:55:35.2835320Z 24: Test command: C:\openfhe-2023-1788\project-build-33991083281-1\relin2_test.exe "key_hybrid_entry_basis"
2026-09-05T20:55:35.2835870Z 24: Working Directory: C:/openfhe-2023-1788/project-build-33991083281-1
2026-09-05T20:55:35.2836191Z 24: Test timeout computed to be: 10000000
2026-09-05T20:55:35.3037819Z 24: Relin2 case passed: key_hybrid_entry_basis
2026-09-05T20:55:35.3049535Z 24/60 Test #24: relin2_key_hybrid_entry_basis ...................   Passed    0.02 sec
2026-09-05T20:55:35.3052221Z test 25
2026-09-05T20:55:35.3052523Z       Start 25: relin2_key_hybrid_entry_format
2026-09-05T20:55:35.3052931Z 
2026-09-05T20:55:35.3053353Z 25: Test command: C:\openfhe-2023-1788\project-build-33991083281-1\relin2_test.exe "key_hybrid_entry_format"
2026-09-05T20:55:35.3053971Z 25: Working Directory: C:/openfhe-2023-1788/project-build-33991083281-1
2026-09-05T20:55:35.3054330Z 25: Test timeout computed to be: 10000000
2026-09-05T20:55:35.3261759Z 25: Relin2 case passed: key_hybrid_entry_format
2026-09-05T20:55:35.3271988Z 25/60 Test #25: relin2_key_hybrid_entry_format ..................   Passed    0.02 sec
2026-09-05T20:55:35.3274844Z test 26
2026-09-05T20:55:35.3275137Z       Start 26: relin2_key_bv_zero_digit_a_length
2026-09-05T20:55:35.3275407Z 
2026-09-05T20:55:35.3275850Z 26: Test command: C:\openfhe-2023-1788\project-build-33991083281-1\relin2_test.exe "key_bv_zero_digit_a_length"
2026-09-05T20:55:35.3276356Z 26: Working Directory: C:/openfhe-2023-1788/project-build-33991083281-1
2026-09-05T20:55:35.3276697Z 26: Test timeout computed to be: 10000000
2026-09-05T20:55:35.3436152Z 26: Relin2 case passed: key_bv_zero_digit_a_length
2026-09-05T20:55:35.3446890Z 26/60 Test #26: relin2_key_bv_zero_digit_a_length ...............   Passed    0.02 sec
2026-09-05T20:55:35.3450342Z test 27
2026-09-05T20:55:35.3450952Z       Start 27: relin2_key_bv_zero_digit_b_length
2026-09-05T20:55:35.3451280Z 
2026-09-05T20:55:35.3452033Z 27: Test command: C:\openfhe-2023-1788\project-build-33991083281-1\relin2_test.exe "key_bv_zero_digit_b_length"
2026-09-05T20:55:35.3452848Z 27: Working Directory: C:/openfhe-2023-1788/project-build-33991083281-1
2026-09-05T20:55:35.3453359Z 27: Test timeout computed to be: 10000000
2026-09-05T20:55:35.3608447Z 27: Relin2 case passed: key_bv_zero_digit_b_length
2026-09-05T20:55:35.3619517Z 27/60 Test #27: relin2_key_bv_zero_digit_b_length ...............   Passed    0.02 sec
2026-09-05T20:55:35.3622363Z test 28
2026-09-05T20:55:35.3622639Z       Start 28: relin2_key_bv_nonzero_digit_a_length
2026-09-05T20:55:35.3622941Z 
2026-09-05T20:55:35.3623329Z 28: Test command: C:\openfhe-2023-1788\project-build-33991083281-1\relin2_test.exe "key_bv_nonzero_digit_a_length"
2026-09-05T20:55:35.3623971Z 28: Working Directory: C:/openfhe-2023-1788/project-build-33991083281-1
2026-09-05T20:55:35.3624342Z 28: Test timeout computed to be: 10000000
2026-09-05T20:55:35.3821841Z 28: Relin2 case passed: key_bv_nonzero_digit_a_length
2026-09-05T20:55:35.3832361Z 28/60 Test #28: relin2_key_bv_nonzero_digit_a_length ............   Passed    0.02 sec
2026-09-05T20:55:35.3835163Z test 29
2026-09-05T20:55:35.3835494Z       Start 29: relin2_key_bv_nonzero_digit_b_length
2026-09-05T20:55:35.3835787Z 
2026-09-05T20:55:35.3836206Z 29: Test command: C:\openfhe-2023-1788\project-build-33991083281-1\relin2_test.exe "key_bv_nonzero_digit_b_length"
2026-09-05T20:55:35.3836784Z 29: Working Directory: C:/openfhe-2023-1788/project-build-33991083281-1
2026-09-05T20:55:35.3837139Z 29: Test timeout computed to be: 10000000
2026-09-05T20:55:35.4040758Z 29: Relin2 case passed: key_bv_nonzero_digit_b_length
2026-09-05T20:55:35.4051102Z 29/60 Test #29: relin2_key_bv_nonzero_digit_b_length ............   Passed    0.02 sec
2026-09-05T20:55:35.4053869Z test 30
2026-09-05T20:55:35.4054159Z       Start 30: relin2_key_bv_zero_digit_entry_basis
2026-09-05T20:55:35.4054404Z 
2026-09-05T20:55:35.4054945Z 30: Test command: C:\openfhe-2023-1788\project-build-33991083281-1\relin2_test.exe "key_bv_zero_digit_entry_basis"
2026-09-05T20:55:35.4055485Z 30: Working Directory: C:/openfhe-2023-1788/project-build-33991083281-1
2026-09-05T20:55:35.4055824Z 30: Test timeout computed to be: 10000000
2026-09-05T20:55:35.4208085Z 30: Relin2 case passed: key_bv_zero_digit_entry_basis
2026-09-05T20:55:35.4218372Z 30/60 Test #30: relin2_key_bv_zero_digit_entry_basis ............   Passed    0.02 sec
2026-09-05T20:55:35.4221259Z test 31
2026-09-05T20:55:35.4221538Z       Start 31: relin2_key_bv_nonzero_digit_entry_basis
2026-09-05T20:55:35.4221888Z 
2026-09-05T20:55:35.4222336Z 31: Test command: C:\openfhe-2023-1788\project-build-33991083281-1\relin2_test.exe "key_bv_nonzero_digit_entry_basis"
2026-09-05T20:55:35.4222876Z 31: Working Directory: C:/openfhe-2023-1788/project-build-33991083281-1
2026-09-05T20:55:35.4223224Z 31: Test timeout computed to be: 10000000
2026-09-05T20:55:35.4420134Z 31: Relin2 case passed: key_bv_nonzero_digit_entry_basis
2026-09-05T20:55:35.4430413Z 31/60 Test #31: relin2_key_bv_nonzero_digit_entry_basis .........   Passed    0.02 sec
2026-09-05T20:55:35.4433404Z test 32
2026-09-05T20:55:35.4433677Z       Start 32: relin2_key_bv_zero_digit_entry_format
2026-09-05T20:55:35.4434055Z 
2026-09-05T20:55:35.4434477Z 32: Test command: C:\openfhe-2023-1788\project-build-33991083281-1\relin2_test.exe "key_bv_zero_digit_entry_format"
2026-09-05T20:55:35.4434989Z 32: Working Directory: C:/openfhe-2023-1788/project-build-33991083281-1
2026-09-05T20:55:35.4435307Z 32: Test timeout computed to be: 10000000
2026-09-05T20:55:35.4590485Z 32: Relin2 case passed: key_bv_zero_digit_entry_format
2026-09-05T20:55:35.4602695Z 32/60 Test #32: relin2_key_bv_zero_digit_entry_format ...........   Passed    0.02 sec
2026-09-05T20:55:35.4605540Z test 33
2026-09-05T20:55:35.4605810Z       Start 33: relin2_key_bv_nonzero_digit_entry_format
2026-09-05T20:55:35.4606104Z 
2026-09-05T20:55:35.4606839Z 33: Test command: C:\openfhe-2023-1788\project-build-33991083281-1\relin2_test.exe "key_bv_nonzero_digit_entry_format"
2026-09-05T20:55:35.4607388Z 33: Working Directory: C:/openfhe-2023-1788/project-build-33991083281-1
2026-09-05T20:55:35.4607713Z 33: Test timeout computed to be: 10000000
2026-09-05T20:55:35.4810462Z 33: Relin2 case passed: key_bv_nonzero_digit_entry_format
2026-09-05T20:55:35.4821070Z 33/60 Test #33: relin2_key_bv_nonzero_digit_entry_format ........   Passed    0.02 sec
2026-09-05T20:55:35.4824058Z test 34
2026-09-05T20:55:35.4824336Z       Start 34: relin2_valid_arithmetic_state_immutability
2026-09-05T20:55:35.4824587Z 
2026-09-05T20:55:35.4825121Z 34: Test command: C:\openfhe-2023-1788\project-build-33991083281-1\relin2_test.exe "valid_arithmetic_state_immutability"
2026-09-05T20:55:35.4825656Z 34: Working Directory: C:/openfhe-2023-1788/project-build-33991083281-1
2026-09-05T20:55:35.4826004Z 34: Test timeout computed to be: 10000000
2026-09-05T20:55:35.5181188Z 34: Relin2 case passed: valid_arithmetic_state_immutability
2026-09-05T20:55:35.5193161Z 34/60 Test #34: relin2_valid_arithmetic_state_immutability ......   Passed    0.04 sec
2026-09-05T20:55:35.5196741Z test 35
2026-09-05T20:55:35.5197047Z       Start 35: relin2_controlled_witnesses_and_boundaries
2026-09-05T20:55:35.5197937Z 
2026-09-05T20:55:35.5198607Z 35: Test command: C:\openfhe-2023-1788\project-build-33991083281-1\relin2_test.exe "controlled_witnesses_and_boundaries"
2026-09-05T20:55:35.5199198Z 35: Working Directory: C:/openfhe-2023-1788/project-build-33991083281-1
2026-09-05T20:55:35.5199548Z 35: Test timeout computed to be: 10000000
2026-09-05T20:55:35.5496907Z 35: Relin2 case passed: controlled_witnesses_and_boundaries
2026-09-05T20:55:35.5507786Z 35/60 Test #35: relin2_controlled_witnesses_and_boundaries ......   Passed    0.03 sec
2026-09-05T20:55:35.5510832Z test 36
2026-09-05T20:55:35.5511097Z       Start 36: relin2_representative_public_input
2026-09-05T20:55:35.5511854Z 
2026-09-05T20:55:35.5512491Z 36: Test command: C:\openfhe-2023-1788\project-build-33991083281-1\relin2_test.exe "representative_public_input"
2026-09-05T20:55:35.5513034Z 36: Working Directory: C:/openfhe-2023-1788/project-build-33991083281-1
2026-09-05T20:55:35.5513361Z 36: Test timeout computed to be: 10000000
2026-09-05T20:55:35.5865324Z 36: Relin2 case passed: representative_public_input
2026-09-05T20:55:35.5876413Z 36/60 Test #36: relin2_representative_public_input ..............   Passed    0.04 sec
2026-09-05T20:55:35.5879208Z test 37
2026-09-05T20:55:35.5879489Z       Start 37: relin2_key_extra_later_valid
2026-09-05T20:55:35.5879771Z 
2026-09-05T20:55:35.5880281Z 37: Test command: C:\openfhe-2023-1788\project-build-33991083281-1\relin2_test.exe "key_extra_later_valid"
2026-09-05T20:55:35.5880840Z 37: Working Directory: C:/openfhe-2023-1788/project-build-33991083281-1
2026-09-05T20:55:35.5881191Z 37: Test timeout computed to be: 10000000
2026-09-05T20:55:35.6241487Z 37: Relin2 case passed: key_extra_later_valid
2026-09-05T20:55:35.6252494Z 37/60 Test #37: relin2_key_extra_later_valid ....................   Passed    0.04 sec
2026-09-05T20:55:35.6255520Z test 38
2026-09-05T20:55:35.6255819Z       Start 38: relin2_key_malformed_later_ignored
2026-09-05T20:55:35.6256244Z 
2026-09-05T20:55:35.6256729Z 38: Test command: C:\openfhe-2023-1788\project-build-33991083281-1\relin2_test.exe "key_malformed_later_ignored"
2026-09-05T20:55:35.6257319Z 38: Working Directory: C:/openfhe-2023-1788/project-build-33991083281-1
2026-09-05T20:55:35.6257734Z 38: Test timeout computed to be: 10000000
2026-09-05T20:55:35.6635031Z 38: Relin2 case passed: key_malformed_later_ignored
2026-09-05T20:55:35.6647574Z 38/60 Test #38: relin2_key_malformed_later_ignored ..............   Passed    0.04 sec
2026-09-05T20:55:35.6650712Z test 39
2026-09-05T20:55:35.6650978Z       Start 39: relin2_hybrid_valid_shapes
2026-09-05T20:55:35.6651367Z 
2026-09-05T20:55:35.6651769Z 39: Test command: C:\openfhe-2023-1788\project-build-33991083281-1\relin2_test.exe "hybrid_valid_shapes"
2026-09-05T20:55:35.6652659Z 39: Working Directory: C:/openfhe-2023-1788/project-build-33991083281-1
2026-09-05T20:55:35.6653011Z 39: Test timeout computed to be: 10000000
2026-09-05T20:55:35.7015990Z 39: Relin2 case passed: hybrid_valid_shapes
2026-09-05T20:55:35.7026738Z 39/60 Test #39: relin2_hybrid_valid_shapes ......................   Passed    0.04 sec
2026-09-05T20:55:35.7029616Z test 40
2026-09-05T20:55:35.7029907Z       Start 40: relin2_bv_zero_digit_valid_shapes
2026-09-05T20:55:35.7030322Z 
2026-09-05T20:55:35.7030729Z 40: Test command: C:\openfhe-2023-1788\project-build-33991083281-1\relin2_test.exe "bv_zero_digit_valid_shapes"
2026-09-05T20:55:35.7031305Z 40: Working Directory: C:/openfhe-2023-1788/project-build-33991083281-1
2026-09-05T20:55:35.7031643Z 40: Test timeout computed to be: 10000000
2026-09-05T20:55:35.7322573Z 40: Relin2 case passed: bv_zero_digit_valid_shapes
2026-09-05T20:55:35.7333630Z 40/60 Test #40: relin2_bv_zero_digit_valid_shapes ...............   Passed    0.03 sec
2026-09-05T20:55:35.7336744Z test 41
2026-09-05T20:55:35.7337015Z       Start 41: relin2_bv_nonzero_digit_valid_shapes
2026-09-05T20:55:35.7337399Z 
2026-09-05T20:55:35.7337800Z 41: Test command: C:\openfhe-2023-1788\project-build-33991083281-1\relin2_test.exe "bv_nonzero_digit_valid_shapes"
2026-09-05T20:55:35.7338327Z 41: Working Directory: C:/openfhe-2023-1788/project-build-33991083281-1
2026-09-05T20:55:35.7338656Z 41: Test timeout computed to be: 10000000
2026-09-05T20:55:35.7753062Z 41: Relin2 case passed: bv_nonzero_digit_valid_shapes
2026-09-05T20:55:35.7764942Z 41/60 Test #41: relin2_bv_nonzero_digit_valid_shapes ............   Passed    0.04 sec
2026-09-05T20:55:35.7768159Z test 42
2026-09-05T20:55:35.7768444Z       Start 42: relin2_first_recombined_rcb_validation
2026-09-05T20:55:35.7768824Z 
2026-09-05T20:55:35.7769272Z 42: Test command: C:\openfhe-2023-1788\project-build-33991083281-1\relin2_test.exe "first_recombined_rcb_validation"
2026-09-05T20:55:35.7769884Z 42: Working Directory: C:/openfhe-2023-1788/project-build-33991083281-1
2026-09-05T20:55:35.7770227Z 42: Test timeout computed to be: 10000000
2026-09-05T20:55:35.7871882Z 42: Relin2 case passed: first_recombined_rcb_validation
2026-09-05T20:55:35.7881847Z 42/60 Test #42: relin2_first_recombined_rcb_validation ..........   Passed    0.01 sec
2026-09-05T20:55:35.7884622Z test 43
2026-09-05T20:55:35.7884907Z       Start 43: relin2_first_recombined_tensor2_validation
2026-09-05T20:55:35.7885156Z 
2026-09-05T20:55:35.7885658Z 43: Test command: C:\openfhe-2023-1788\project-build-33991083281-1\relin2_test.exe "first_recombined_tensor2_validation"
2026-09-05T20:55:35.7886192Z 43: Working Directory: C:/openfhe-2023-1788/project-build-33991083281-1
2026-09-05T20:55:35.7886530Z 43: Test timeout computed to be: 10000000
2026-09-05T20:55:35.7998371Z 43: Relin2 case passed: first_recombined_tensor2_validation
2026-09-05T20:55:35.8008993Z 43/60 Test #43: relin2_first_recombined_tensor2_validation ......   Passed    0.01 sec
2026-09-05T20:55:35.8011738Z test 44
2026-09-05T20:55:35.8012009Z       Start 44: relin2_tensor2_requires_first_lifecycle
2026-09-05T20:55:35.8012321Z 
2026-09-05T20:55:35.8012736Z 44: Test command: C:\openfhe-2023-1788\project-build-33991083281-1\relin2_test.exe "tensor2_requires_first_lifecycle"
2026-09-05T20:55:35.8013300Z 44: Working Directory: C:/openfhe-2023-1788/project-build-33991083281-1
2026-09-05T20:55:35.8013630Z 44: Test timeout computed to be: 10000000
2026-09-05T20:55:35.8214745Z 44: Relin2 case passed: tensor2_requires_first_lifecycle
2026-09-05T20:55:35.8226185Z 44/60 Test #44: relin2_tensor2_requires_first_lifecycle .........   Passed    0.02 sec
2026-09-05T20:55:35.8229003Z test 45
2026-09-05T20:55:35.8229344Z       Start 45: rs2_wrong_lifecycle
2026-09-05T20:55:35.8229691Z 
2026-09-05T20:55:35.8230226Z 45: Test command: C:\openfhe-2023-1788\project-build-33991083281-1\rs2_test.exe "wrong_lifecycle"
2026-09-05T20:55:35.8230942Z 45: Working Directory: C:/openfhe-2023-1788/project-build-33991083281-1
2026-09-05T20:55:35.8231587Z 45: Test timeout computed to be: 10000000
2026-09-05T20:55:35.8328011Z 45: RS2 case passed: wrong_lifecycle
2026-09-05T20:55:35.8338642Z 45/60 Test #45: rs2_wrong_lifecycle .............................   Passed    0.01 sec
2026-09-05T20:55:35.8341373Z test 46
2026-09-05T20:55:35.8341690Z       Start 46: rs2_valid_arithmetic_state_immutability
2026-09-05T20:55:35.8341986Z 
2026-09-05T20:55:35.8342723Z 46: Test command: C:\openfhe-2023-1788\project-build-33991083281-1\rs2_test.exe "valid_arithmetic_state_immutability"
2026-09-05T20:55:35.8343625Z 46: Working Directory: C:/openfhe-2023-1788/project-build-33991083281-1
2026-09-05T20:55:35.8344180Z 46: Test timeout computed to be: 10000000
2026-09-05T20:55:35.8588794Z 46: RS2 case passed: valid_arithmetic_state_immutability
2026-09-05T20:55:35.8599749Z 46/60 Test #46: rs2_valid_arithmetic_state_immutability .........   Passed    0.03 sec
2026-09-05T20:55:35.8602439Z test 47
2026-09-05T20:55:35.8602749Z       Start 47: rs2_mixed_tower_format
2026-09-05T20:55:35.8603072Z 
2026-09-05T20:55:35.8603575Z 47: Test command: C:\openfhe-2023-1788\project-build-33991083281-1\rs2_test.exe "mixed_tower_format"
2026-09-05T20:55:35.8604114Z 47: Working Directory: C:/openfhe-2023-1788/project-build-33991083281-1
2026-09-05T20:55:35.8604466Z 47: Test timeout computed to be: 10000000
2026-09-05T20:55:35.8835384Z 47: RS2 case passed: mixed_tower_format
2026-09-05T20:55:35.8846283Z 47/60 Test #47: rs2_mixed_tower_format ..........................   Passed    0.02 sec
2026-09-05T20:55:35.8849030Z test 48
2026-09-05T20:55:35.8849343Z       Start 48: rs2_untouched_public_pipeline
2026-09-05T20:55:35.8849584Z 
2026-09-05T20:55:35.8850135Z 48: Test command: C:\openfhe-2023-1788\project-build-33991083281-1\rs2_test.exe "untouched_public_pipeline"
2026-09-05T20:55:35.8850721Z 48: Working Directory: C:/openfhe-2023-1788/project-build-33991083281-1
2026-09-05T20:55:35.8851092Z 48: Test timeout computed to be: 10000000
2026-09-05T20:55:35.9193569Z 48: RS2 case passed: untouched_public_pipeline
2026-09-05T20:55:35.9205440Z 48/60 Test #48: rs2_untouched_public_pipeline ...................   Passed    0.04 sec
2026-09-05T20:55:35.9208448Z test 49
2026-09-05T20:55:35.9208725Z       Start 49: rs2_declared_basis_mismatch
2026-09-05T20:55:35.9208991Z 
2026-09-05T20:55:35.9209435Z 49: Test command: C:\openfhe-2023-1788\project-build-33991083281-1\rs2_test.exe "declared_basis_mismatch"
2026-09-05T20:55:35.9210039Z 49: Working Directory: C:/openfhe-2023-1788/project-build-33991083281-1
2026-09-05T20:55:35.9210390Z 49: Test timeout computed to be: 10000000
2026-09-05T20:55:35.9438827Z 49: RS2 case passed: declared_basis_mismatch
2026-09-05T20:55:35.9450307Z 49/60 Test #49: rs2_declared_basis_mismatch .....................   Passed    0.02 sec
2026-09-05T20:55:35.9453380Z test 50
2026-09-05T20:55:35.9453610Z       Start 50: rs2_terminal_rejections
2026-09-05T20:55:35.9454016Z 
2026-09-05T20:55:35.9454385Z 50: Test command: C:\openfhe-2023-1788\project-build-33991083281-1\rs2_test.exe "terminal_rejections"
2026-09-05T20:55:35.9455073Z 50: Working Directory: C:/openfhe-2023-1788/project-build-33991083281-1
2026-09-05T20:55:35.9455391Z 50: Test timeout computed to be: 10000000
2026-09-05T20:55:35.9630654Z 50: RS2 case passed: terminal_rejections
2026-09-05T20:55:35.9641449Z 50/60 Test #50: rs2_terminal_rejections .........................   Passed    0.02 sec
2026-09-05T20:55:35.9644357Z test 51
2026-09-05T20:55:35.9644602Z       Start 51: mult2_composition_contract
2026-09-05T20:55:35.9645665Z 
2026-09-05T20:55:35.9646092Z 51: Test command: C:\openfhe-2023-1788\project-build-33991083281-1\mult2_test.exe "composition_contract"
2026-09-05T20:55:35.9646871Z 51: Working Directory: C:/openfhe-2023-1788/project-build-33991083281-1
2026-09-05T20:55:35.9647206Z 51: Test timeout computed to be: 10000000
2026-09-05T20:55:35.9881596Z 51: security_level=HEStd_NotSet(functional-only) ring_dimension=64 batch_size=16 scaling_mod_size=30 first_mod_size=35 multiplicative_depth=7 key_switch=HYBRID secret_key_dist=UNIFORM_TERNARY ckks_data_type=REAL active_Q_l_towers=7 q_div=1073741953 q_l=1073741441 ratio_2^(2p)/(q_div*q_l)=1.00000023655603276 frozen_decoded_abs_tolerance=0.00100000000000000002 measured_max_logical_slot_error=7.77883743771612968e-09
2026-09-05T20:55:35.9892008Z 51/60 Test #51: mult2_composition_contract ......................   Passed    0.02 sec
2026-09-05T20:55:35.9894978Z test 52
2026-09-05T20:55:35.9895267Z       Start 52: mult2_e2e_hybrid_real
2026-09-05T20:55:35.9896136Z 
2026-09-05T20:55:35.9896717Z 52: Test command: C:\openfhe-2023-1788\project-build-33991083281-1\mult2_e2e_oracle_test.exe "hybrid_real"
2026-09-05T20:55:35.9897265Z 52: Working Directory: C:/openfhe-2023-1788/project-build-33991083281-1
2026-09-05T20:55:35.9897616Z 52: Test timeout computed to be: 10000000
2026-09-05T20:55:36.0589819Z 52: [RELIN2-EXECUTION] q_div=1073741953 q_l=1073741441 ordinary_combined_relin_execution_error=11 pair_relin_execution_error=17 high_path_relin_error=10 low_path_relin_error=12 execution_relin2_triangle_bound=22 paper_additivity_residual=16 paper_additivity_execution_observed=true secret_h=49 input_Q_l=52656049226897061758347970843194892279389197066160739197584863617 oracle_basis_agreement=true
2026-09-05T20:55:36.0597328Z 52: case=hybrid_real security_level=HEStd_NotSet(functional-only) key_switch=HYBRID secret_key_dist=UNIFORM_TERNARY ckks_data_type=REAL selected_ring_dimension=64 actual_N=64 batch_size=16 host_vector_length=8 encoding_noise_scale_degree=2 encoding_level=0 scaling_technique=FIXEDMANUAL digit_size=0 max_relin_sk_deg=2 scaling_mod_size=30 first_mod_size=35 multiplicative_depth=7 active_Q_l_towers=7 Q_l_bits=215 preselection_required_bits=174 selection_reserve_bits=32 q_div=1073741953 q_l=1073741441 ratio_2^(2p)/(q_div*q_l)=1.00000023655603276 descriptor_ratio=1.00000023655603276 M_high=107367070 M_low=5924225234 secret_h=49 ordinary_combined_relin_execution_error=11 pair_relin_execution_error=17 high_path_relin_error=10 low_path_relin_error=12 execution_relin2_triangle_bound=22 paper_additivity_residual=16 paper_additivity_execution_observed=true execution_certificate=PER_PATH_CONDITIONAL conservative_E_Relin_available=false universal_theorem_gate=UNPROVED execution_nonwrap_left=850593512360285828393259259567816726 execution_nonwrap_right_Q_l_over_2=26328024613448530879173985421597446139694598533080369598792431808 coefficient_error=108650679867579143853/1152921231876374273 execution_bound=4549990973405844768350/2305842463752748546 fixed_key_bv_bound_available=false frozen_decoded_abs_tolerance=0.00100000000000000002 measured_recorded_bias_error=8.1603289472931273e-09 measured_logical_slot_error=8.16032701828062201e-09
2026-09-05T20:55:36.0604240Z 52/60 Test #52: mult2_e2e_hybrid_real ...........................   Passed    0.07 sec
2026-09-05T20:55:36.0608681Z test 53
2026-09-05T20:55:36.0608968Z       Start 53: mult2_e2e_hybrid_complex
2026-09-05T20:55:36.0609231Z 
2026-09-05T20:55:36.0609625Z 53: Test command: C:\openfhe-2023-1788\project-build-33991083281-1\mult2_e2e_oracle_test.exe "hybrid_complex"
2026-09-05T20:55:36.0610483Z 53: Working Directory: C:/openfhe-2023-1788/project-build-33991083281-1
2026-09-05T20:55:36.0610803Z 53: Test timeout computed to be: 10000000
2026-09-05T20:55:36.1297709Z 53: [RELIN2-EXECUTION] q_div=1073741953 q_l=1073741441 ordinary_combined_relin_execution_error=11 pair_relin_execution_error=20 high_path_relin_error=12 low_path_relin_error=10 execution_relin2_triangle_bound=22 paper_additivity_residual=16 paper_additivity_execution_observed=true secret_h=41 input_Q_l=52656049226897061758347970843194892279389197066160739197584863617 oracle_basis_agreement=true
2026-09-05T20:55:36.1303212Z 53: case=hybrid_complex security_level=HEStd_NotSet(functional-only) key_switch=HYBRID secret_key_dist=UNIFORM_TERNARY ckks_data_type=COMPLEX selected_ring_dimension=64 actual_N=64 batch_size=16 host_vector_length=8 encoding_noise_scale_degree=2 encoding_level=0 scaling_technique=FIXEDMANUAL digit_size=0 max_relin_sk_deg=2 scaling_mod_size=30 first_mod_size=35 multiplicative_depth=7 active_Q_l_towers=7 Q_l_bits=215 preselection_required_bits=174 selection_reserve_bits=32 q_div=1073741953 q_l=1073741441 ratio_2^(2p)/(q_div*q_l)=1.00000023655603276 descriptor_ratio=1.00000023655603276 M_high=88152834 M_low=6442451720 secret_h=41 ordinary_combined_relin_execution_error=11 pair_relin_execution_error=20 high_path_relin_error=12 low_path_relin_error=10 execution_relin2_triangle_bound=22 paper_additivity_residual=16 paper_additivity_execution_observed=true execution_certificate=PER_PATH_CONDITIONAL conservative_E_Relin_available=false universal_theorem_gate=UNPROVED execution_nonwrap_left=573393063727811209504283840799774998 execution_nonwrap_right_Q_l_over_2=26328024613448530879173985421597446139694598533080369598792431808 coefficient_error=118930598419915858232/1152921231876374273 execution_bound=5361086264846015040598/2305842463752748546 fixed_key_bv_bound_available=false frozen_decoded_abs_tolerance=0.00100000000000000002 measured_recorded_bias_error=1.32248409446071475e-09 measured_logical_slot_error=1.32248378137448162e-09
2026-09-05T20:55:36.1310354Z 53/60 Test #53: mult2_e2e_hybrid_complex ........................   Passed    0.07 sec
2026-09-05T20:55:36.1314206Z test 54
2026-09-05T20:55:36.1314433Z       Start 54: mult2_e2e_bv_real
2026-09-05T20:55:36.1315238Z 
2026-09-05T20:55:36.1315720Z 54: Test command: C:\openfhe-2023-1788\project-build-33991083281-1\mult2_e2e_oracle_test.exe "bv_real"
2026-09-05T20:55:36.1316331Z 54: Working Directory: C:/openfhe-2023-1788/project-build-33991083281-1
2026-09-05T20:55:36.1316660Z 54: Test timeout computed to be: 10000000
2026-09-05T20:55:36.2085131Z 54: [RELIN2-EXECUTION] q_div=1073741953 q_l=1073741441 ordinary_combined_relin_execution_error=226953902369 pair_relin_execution_error=227668901135 high_path_relin_error=158572520386 low_path_relin_error=136632399227 execution_relin2_triangle_bound=295204919613 paper_additivity_residual=236223185539 paper_additivity_execution_observed=false secret_h=46 input_Q_l=52656049226897061758347970843194892279389197066160739197584863617 oracle_basis_agreement=true
2026-09-05T20:55:36.2092851Z 54: case=bv_real security_level=HEStd_NotSet(functional-only) key_switch=BV secret_key_dist=UNIFORM_TERNARY ckks_data_type=REAL selected_ring_dimension=64 actual_N=64 batch_size=16 host_vector_length=8 encoding_noise_scale_degree=2 encoding_level=0 scaling_technique=FIXEDMANUAL digit_size=0 max_relin_sk_deg=2 scaling_mod_size=30 first_mod_size=35 multiplicative_depth=7 active_Q_l_towers=7 Q_l_bits=215 preselection_required_bits=174 selection_reserve_bits=32 q_div=1073741953 q_l=1073741441 ratio_2^(2p)/(q_div*q_l)=1.00000023655603276 descriptor_ratio=1.00000023655603276 M_high=107367069 M_low=5454178845 secret_h=46 ordinary_combined_relin_execution_error=226953902369 pair_relin_execution_error=227668901135 high_path_relin_error=158572520386 low_path_relin_error=136632399227 execution_relin2_triangle_bound=295204919613 paper_additivity_residual=236223185539 paper_additivity_execution_observed=false execution_certificate=PER_PATH_CONDITIONAL conservative_E_Relin_available=false universal_theorem_gate=UNPROVED execution_nonwrap_left=850593489579496399524172760207057469 execution_nonwrap_right_Q_l_over_2=26328024613448530879173985421597446139694598533080369598792431808 coefficient_error=240855010625727018676/1152921231876374273 execution_bound=4495887671514559194409/2305842463752748546 fixed_key_bv_bound_available=true fixed_key_bv_bound_status=CANDIDATE_FIXED_KEY_CIPHERTEXT_UNIFORM_CONDITIONAL_ON_CENTERED_DIGIT_LIFT fixed_key_bv_noise_scale=1 fixed_key_bv_active_rows=7 fixed_key_bv_raised_high_q_div_digit=ZERO fixed_key_bv_row_residual_norms=2,2,2,2,3,3,3 fixed_key_bv_per_path_raw_bound=2714419023872 fixed_key_bv_pair_raw_bound=5428838047744 fixed_key_bv_integer_lift_nonwrap=true fixed_key_bv_conservative_nonwrap_left=850593489579496399524177893840185600 fixed_key_bv_conservative_bound=15520282193484317554095/2305842463752748546 fixed_key_bv_final_integer_lift=1701186979159008319330538414321829807<56539009134152591222370164266759140395695978104921302317938424343356224001 fixed_key_bv_unconditional_gaussian_key_bound=false fixed_key_bv_universal_theorem_gate=UNPROVED centered_digit_boundary_probe=PASSED frozen_decoded_abs_tolerance=0.00100000000000000002 measured_recorded_bias_error=1.12039266059182907e-08 measured_logical_slot_error=1.12039239552608194e-08
2026-09-05T20:55:36.2101099Z 54/60 Test #54: mult2_e2e_bv_real ...............................   Passed    0.08 sec
2026-09-05T20:55:36.2102886Z test 55
2026-09-05T20:55:36.2103137Z       Start 55: mult2_e2e_bv_complex
2026-09-05T20:55:36.2103516Z 
2026-09-05T20:55:36.2103900Z 55: Test command: C:\openfhe-2023-1788\project-build-33991083281-1\mult2_e2e_oracle_test.exe "bv_complex"
2026-09-05T20:55:36.2104525Z 55: Working Directory: C:/openfhe-2023-1788/project-build-33991083281-1
2026-09-05T20:55:36.2104841Z 55: Test timeout computed to be: 10000000
2026-09-05T20:55:36.2869350Z 55: [RELIN2-EXECUTION] q_div=1073741953 q_l=1073741441 ordinary_combined_relin_execution_error=204520417890 pair_relin_execution_error=290964236980 high_path_relin_error=213987564689 low_path_relin_error=166569328084 execution_relin2_triangle_bound=380556892773 paper_additivity_residual=433791646240 paper_additivity_execution_observed=false secret_h=44 input_Q_l=52656049226897061758347970843194892279389197066160739197584863617 oracle_basis_agreement=true
2026-09-05T20:55:36.2880576Z 55: case=bv_complex security_level=HEStd_NotSet(functional-only) key_switch=BV secret_key_dist=UNIFORM_TERNARY ckks_data_type=COMPLEX selected_ring_dimension=64 actual_N=64 batch_size=16 host_vector_length=8 encoding_noise_scale_degree=2 encoding_level=0 scaling_technique=FIXEDMANUAL digit_size=0 max_relin_sk_deg=2 scaling_mod_size=30 first_mod_size=35 multiplicative_depth=7 active_Q_l_towers=7 Q_l_bits=215 preselection_required_bits=174 selection_reserve_bits=32 q_div=1073741953 q_l=1073741441 ratio_2^(2p)/(q_div*q_l)=1.00000023655603276 descriptor_ratio=1.00000023655603276 M_high=88152833 M_low=5431868816 secret_h=44 ordinary_combined_relin_execution_error=204520417890 pair_relin_execution_error=290964236980 high_path_relin_error=213987564689 low_path_relin_error=166569328084 execution_relin2_triangle_bound=380556892773 paper_additivity_residual=433791646240 paper_additivity_execution_observed=false execution_certificate=PER_PATH_CONDITIONAL conservative_E_Relin_available=false universal_theorem_gate=UNPROVED execution_nonwrap_left=573393038474891192421998277316715173 execution_nonwrap_right_Q_l_over_2=26328024613448530879173985421597446139694598533080369598792431808 coefficient_error=332446032953245208466/1152921231876374273 execution_bound=4645786708763677011191/2305842463752748546 fixed_key_bv_bound_available=true fixed_key_bv_bound_status=CANDIDATE_FIXED_KEY_CIPHERTEXT_UNIFORM_CONDITIONAL_ON_CENTERED_DIGIT_LIFT fixed_key_bv_noise_scale=1 fixed_key_bv_active_rows=7 fixed_key_bv_raised_high_q_div_digit=ZERO fixed_key_bv_row_residual_norms=3,2,3,2,3,2,2 fixed_key_bv_per_path_raw_bound=3779570757632 fixed_key_bv_pair_raw_bound=7559141515264 fixed_key_bv_integer_lift_nonwrap=true fixed_key_bv_conservative_nonwrap_left=573393038474891192422005455901337664 fixed_key_bv_conservative_bound=20061681653422185141037/2305842463752748546 fixed_key_bv_final_integer_lift=1146786076949802446525649215704785837<56539009134152591222370164266759140395695978104921302317938424343356224001 fixed_key_bv_unconditional_gaussian_key_bound=false fixed_key_bv_universal_theorem_gate=UNPROVED centered_digit_boundary_probe=PASSED frozen_decoded_abs_tolerance=0.00100000000000000002 measured_recorded_bias_error=1.32248455513706041e-09 measured_logical_slot_error=1.32248424205080142e-09
2026-09-05T20:55:36.2890018Z 55/60 Test #55: mult2_e2e_bv_complex ............................   Passed    0.08 sec
2026-09-05T20:55:36.2890529Z test 56
2026-09-05T20:55:36.2890837Z       Start 56: mult2_pair_add_input_hybrid_complex
2026-09-05T20:55:36.2891100Z 
2026-09-05T20:55:36.2891807Z 56: Test command: C:\openfhe-2023-1788\project-build-33991083281-1\mult2_e2e_oracle_test.exe "pair_add_input_hybrid_complex"
2026-09-05T20:55:36.2892648Z 56: Working Directory: C:/openfhe-2023-1788/project-build-33991083281-1
2026-09-05T20:55:36.2893137Z 56: Test timeout computed to be: 10000000
2026-09-05T20:55:36.3757117Z 56: [RELIN2-EXECUTION] q_div=1073741953 q_l=1073741441 ordinary_combined_relin_execution_error=22 pair_relin_execution_error=38 high_path_relin_error=21 low_path_relin_error=21 execution_relin2_triangle_bound=42 paper_additivity_residual=21 paper_additivity_execution_observed=true secret_h=47 input_Q_l=52656049226897061758347970843194892279389197066160739197584863617 oracle_basis_agreement=true
2026-09-05T20:55:36.3762370Z 56: case=pair_add_input_hybrid_complex security_level=HEStd_NotSet(functional-only) key_switch=HYBRID secret_key_dist=UNIFORM_TERNARY ckks_data_type=COMPLEX selected_ring_dimension=64 actual_N=64 batch_size=16 host_vector_length=8 encoding_noise_scale_degree=2 encoding_level=0 scaling_technique=FIXEDMANUAL digit_size=0 max_relin_sk_deg=2 scaling_mod_size=30 first_mod_size=35 multiplicative_depth=7 active_Q_l_towers=7 Q_l_bits=215 preselection_required_bits=174 selection_reserve_bits=32 q_div=1073741953 q_l=1073741441 ratio_2^(2p)/(q_div*q_l)=1.00000023655603276 descriptor_ratio=1.00000023655603276 M_high=89261194 M_low=9003321728 secret_h=47 ordinary_combined_relin_execution_error=22 pair_relin_execution_error=38 high_path_relin_error=21 low_path_relin_error=21 execution_relin2_triangle_bound=42 paper_additivity_residual=21 paper_additivity_execution_observed=true execution_certificate=PER_PATH_CONDITIONAL conservative_E_Relin_available=false universal_theorem_gate=UNPROVED execution_nonwrap_left=587902468219961092241563056693254442 execution_nonwrap_right_Q_l_over_2=26328024613448530879173985421597446139694598533080369598792431808 coefficient_error=215835864720647396111/1152921231876374273 execution_bound=10430994892868504255108/2305842463752748546 fixed_key_bv_bound_available=false frozen_decoded_abs_tolerance=0.00100000000000000002 measured_recorded_bias_error=6.60321770504733281e-10 measured_logical_slot_error=6.60321614301665908e-10
2026-09-05T20:55:36.3769922Z 56/60 Test #56: mult2_pair_add_input_hybrid_complex .............   Passed    0.09 sec
2026-09-05T20:55:36.3773952Z test 57
2026-09-05T20:55:36.3774226Z       Start 57: mult2_pair_sub_input_hybrid_complex
2026-09-05T20:55:36.3775176Z 
2026-09-05T20:55:36.3775868Z 57: Test command: C:\openfhe-2023-1788\project-build-33991083281-1\mult2_e2e_oracle_test.exe "pair_sub_input_hybrid_complex"
2026-09-05T20:55:36.3776487Z 57: Working Directory: C:/openfhe-2023-1788/project-build-33991083281-1
2026-09-05T20:55:36.3776841Z 57: Test timeout computed to be: 10000000
2026-09-05T20:55:36.4601650Z 57: [RELIN2-EXECUTION] q_div=1073741953 q_l=1073741441 ordinary_combined_relin_execution_error=20 pair_relin_execution_error=35 high_path_relin_error=20 low_path_relin_error=18 execution_relin2_triangle_bound=38 paper_additivity_residual=19 paper_additivity_execution_observed=true secret_h=49 input_Q_l=52656049226897061758347970843194892279389197066160739197584863617 oracle_basis_agreement=true
2026-09-05T20:55:36.4610913Z 57: case=pair_sub_input_hybrid_complex security_level=HEStd_NotSet(functional-only) key_switch=HYBRID secret_key_dist=UNIFORM_TERNARY ckks_data_type=COMPLEX selected_ring_dimension=64 actual_N=64 batch_size=16 host_vector_length=8 encoding_noise_scale_degree=2 encoding_level=0 scaling_technique=FIXEDMANUAL digit_size=0 max_relin_sk_deg=2 scaling_mod_size=30 first_mod_size=35 multiplicative_depth=7 active_Q_l_towers=7 Q_l_bits=215 preselection_required_bits=174 selection_reserve_bits=32 q_div=1073741953 q_l=1073741441 ratio_2^(2p)/(q_div*q_l)=1.00000023655603276 descriptor_ratio=1.00000023655603276 M_high=89261194 M_low=8823432648 secret_h=49 ordinary_combined_relin_execution_error=20 pair_relin_execution_error=35 high_path_relin_error=20 low_path_relin_error=18 execution_relin2_triangle_bound=38 paper_additivity_residual=19 paper_additivity_execution_observed=true execution_certificate=PER_PATH_CONDITIONAL conservative_E_Relin_available=false universal_theorem_gate=UNPROVED execution_nonwrap_left=587902466013087668532699563937337638 execution_nonwrap_right_Q_l_over_2=26328024613448530879173985421597446139694598533080369598792431808 coefficient_error=223462355565597155400/1152921231876374273 execution_bound=10022825414480836465790/2305842463752748546 fixed_key_bv_bound_available=false frozen_decoded_abs_tolerance=0.00100000000000000002 measured_recorded_bias_error=8.5264898322185117e-10 measured_logical_slot_error=8.5264878017801691e-10
2026-09-05T20:55:36.4617393Z 57/60 Test #57: mult2_pair_sub_input_hybrid_complex .............   Passed    0.08 sec
2026-09-05T20:55:36.4622589Z test 58
2026-09-05T20:55:36.4622936Z       Start 58: precision_client_io_first_mult2_contract
2026-09-05T20:55:36.4623843Z 
2026-09-05T20:55:36.4624466Z 58: Test command: C:\openfhe-2023-1788\project-build-33991083281-1\precision_client_io_first_mult2_contract_test.exe
2026-09-05T20:55:36.4625016Z 58: Working Directory: C:/openfhe-2023-1788/project-build-33991083281-1
2026-09-05T20:55:36.4625346Z 58: Test timeout computed to be: 10000000
2026-09-05T20:55:36.6317873Z 58: test=precision_client_io_first_mult2_contract result=PASS source=2fe655d493dcde5f05aa1515f41ca6823bba30bd openfhe_pin=df495ba2e91739a6dc8f1de254fc5a41155ce504 claim_scope=low-N-first-operation-production-io-diagnostic N=64 S=16 gap=2 native=64 backend=4 depth=7 scaling_bits=50 first_bits=55 key_switch=HYBRID scaling=FIXEDMANUAL data=COMPLEX execution=EXEC_EVALUATION decrypt_noise=FIXED_NOISE_DECRYPT encryption=STANDARD multiplication=HPS PRE=NOT_SET noise_scale=1 secret=UNIFORM_TERNARY security=HEStd_NotSet fresh_keypairs=1 eval_keygen_calls=1 q_div=1125899906843009 q_l=1125899906840833 exact_scale_numerator=1606938044258990275541962092341162602522202993782792835301376 exact_scale_denominator=1267650600226646386227681786497 max_fresh_public_error=2.47010349611812959352450983659397331076160652e-28 max_fresh_oracle_error=2.47010349611812959352450983659397331076160652e-28 max_product_public_error=5.33213437235321734491348738267757194019710123e-28 max_product_oracle_error=5.33213437235321734491348738267757194019710123e-28 input_public_delta_error=1.44404631985856108324098940277241954026418178e-28 input_oracle_delta_error=1.44404631985856108324098940277241954026418178e-28 product_public_delta_error=2.55666243711801215466090187207677059719954152e-28 product_oracle_delta_error=2.55666243711801215466090187207677059719954152e-28 max_horner_component_disagreement=1.032506023719914068622e-107 cross_precision_error=1.25263019393725536203552621009125827830859815e-165 centered_headroom=32592575621437030210620824512759899172413712944662430971418726595098153787900901747269576992 malformed_key_rejections=32
2026-09-05T20:55:36.6344836Z 58: first_modulus_boundary_fixture ready=1 actual_first_bits=56 Q_towers=8 N=64 M=128 fixture_new_keypairs=0
2026-09-05T20:55:36.6346266Z 58: first_modulus_boundary_rejection passed
2026-09-05T20:55:36.6398669Z 58: clone_isolation_contract passed fresh_and_result=1 coefficients=1 scalars=1 present_empty_maps=1
2026-09-05T20:55:36.6455602Z 58: shared_params_fixture allocation_plan additional_matching_keypairs=1 additional_eval_keygen_calls=1 actual_first_bits=55 isolated_context_and_bases=1
2026-09-05T20:55:36.6873691Z 58: shared_params_fixture ready=1 valid_clone_bind_decrypt=1 actual_first_bits=55 Q_towers=8 fixture_new_keypairs=1 fixture_eval_keygen_calls=1 crypto_complete_before_drift=1
2026-09-05T20:55:36.6897260Z 58: shared_params_mutation ready=1 Q_towers_before=8 Q_towers_after=7 immutable_receipt_towers=8 next_boundary=CloneForEvaluation
2026-09-05T20:55:36.6919790Z 58: shared_params_boundary_rejection passed boundary=CloneForEvaluation
2026-09-05T20:55:36.6941902Z 58: shared_params_boundary_rejection passed boundary=BindFirstMult2Rcb
2026-09-05T20:55:36.6964686Z 58: shared_params_boundary_rejection passed boundary=Decrypt
2026-09-05T20:55:36.6984091Z 58: shared_params_drift_contract passed boundaries=3 owned_eval_tag_cleanup=1
2026-09-05T20:55:36.7005532Z 58/60 Test #58: precision_client_io_first_mult2_contract ........   Passed    0.24 sec
2026-09-05T20:55:36.7010240Z test 59
2026-09-05T20:55:36.7010528Z       Start 59: repeated_mult2_semantic_two_square_contract
2026-09-05T20:55:36.7011629Z 
2026-09-05T20:55:36.7012051Z 59: Test command: C:\openfhe-2023-1788\project-build-33991083281-1\repeated_mult2_semantic_two_square_test.exe
2026-09-05T20:55:36.7012577Z 59: Working Directory: C:/openfhe-2023-1788/project-build-33991083281-1
2026-09-05T20:55:36.7012895Z 59: Test timeout computed to be: 10000000
2026-09-05T20:55:37.0367098Z 59: {"test":"repeated_mult2_semantic_two_square_contract","scope":"low-N-two-operation-diagnostic","trial":0,"stage":1,"N":64,"batch":16,"depth":9,"scaling_bits":50,"first_bits":55,"input_scale_bits":100,"scaling":"FIXEDMANUAL","key_switch":"HYBRID","data_type":"COMPLEX","secret_distribution":"UNIFORM_TERNARY","security":"HEStd_NotSet","evaluation_family":0,"result_family":1,"tag":"2771b2ff9168c318ab7575e54b30b6e7-mult2-family-1","d":"1125899906843009","m":"1125899906840833","m1":"1125899906840833","m2":"1125899906844161","scale_numerator":"1606938044258990275541962092341162602522202993782792835301376","scale_denominator":"1267650600226646386227681786497","max_slot_error":"2.6402250640892194020725382200969205243829673263086e-28","delta_error":"4.3485262255856539559867655488806866007943114679198e-29","observed_product_headroom_bits":258}
2026-09-05T20:55:37.0393516Z 59: {"test":"repeated_mult2_semantic_two_square_contract","scope":"low-N-two-operation-diagnostic","trial":0,"stage":2,"N":64,"batch":16,"depth":9,"scaling_bits":50,"first_bits":55,"input_scale_bits":100,"scaling":"FIXEDMANUAL","key_switch":"HYBRID","data_type":"COMPLEX","secret_distribution":"UNIFORM_TERNARY","security":"HEStd_NotSet","evaluation_family":1,"result_family":1,"tag":"2771b2ff9168c318ab7575e54b30b6e7-mult2-family-1","d":"1125899906843009","m":"1125899906844161","m1":"1125899906840833","m2":"1125899906844161","scale_numerator":"2582249878086908589655919172003011874329705792829223512830659356540647622016841194629645353280137831435903171972747493376","scale_denominator":"2037035976332875852527482486577051056657800595085080553399799398642248571644790159515303041","max_slot_error":"5.4270386480055473777550534197724421613931668390965e-28","delta_error":"6.346425533072517604547675159077919553913571153118e-29","observed_product_headroom_bits":211}
2026-09-05T20:55:37.3669033Z 59: {"test":"repeated_mult2_semantic_two_square_contract","scope":"low-N-two-operation-diagnostic","trial":1,"stage":1,"N":64,"batch":16,"depth":9,"scaling_bits":50,"first_bits":55,"input_scale_bits":100,"scaling":"FIXEDMANUAL","key_switch":"HYBRID","data_type":"COMPLEX","secret_distribution":"UNIFORM_TERNARY","security":"HEStd_NotSet","evaluation_family":0,"result_family":1,"tag":"5baffe4800caf18b0d5273ddbbdbfe71-mult2-family-1","d":"1125899906843009","m":"1125899906840833","m1":"1125899906840833","m2":"1125899906844161","scale_numerator":"1606938044258990275541962092341162602522202993782792835301376","scale_denominator":"1267650600226646386227681786497","max_slot_error":"2.9502310596977356237114797100400458794152855005503e-28","delta_error":"2.0097010612324432900663841995232328444208145769755e-28","observed_product_headroom_bits":258}
2026-09-05T20:55:37.3696474Z 59: {"test":"repeated_mult2_semantic_two_square_contract","scope":"low-N-two-operation-diagnostic","trial":1,"stage":2,"N":64,"batch":16,"depth":9,"scaling_bits":50,"first_bits":55,"input_scale_bits":100,"scaling":"FIXEDMANUAL","key_switch":"HYBRID","data_type":"COMPLEX","secret_distribution":"UNIFORM_TERNARY","security":"HEStd_NotSet","evaluation_family":1,"result_family":1,"tag":"5baffe4800caf18b0d5273ddbbdbfe71-mult2-family-1","d":"1125899906843009","m":"1125899906844161","m1":"1125899906840833","m2":"1125899906844161","scale_numerator":"2582249878086908589655919172003011874329705792829223512830659356540647622016841194629645353280137831435903171972747493376","scale_denominator":"2037035976332875852527482486577051056657800595085080553399799398642248571644790159515303041","max_slot_error":"6.5652715283267750089758280686720804754497039571554e-28","delta_error":"1.4662419072511082433529167850324459657368937337603e-28","observed_product_headroom_bits":211}
2026-09-05T20:55:37.6946931Z 59: {"test":"repeated_mult2_semantic_two_square_contract","scope":"low-N-two-operation-diagnostic","trial":2,"stage":1,"N":64,"batch":16,"depth":9,"scaling_bits":50,"first_bits":55,"input_scale_bits":100,"scaling":"FIXEDMANUAL","key_switch":"HYBRID","data_type":"COMPLEX","secret_distribution":"UNIFORM_TERNARY","security":"HEStd_NotSet","evaluation_family":0,"result_family":1,"tag":"4aba8e95feae475be8e1c70d54104161-mult2-family-1","d":"1125899906843009","m":"1125899906840833","m1":"1125899906840833","m2":"1125899906844161","scale_numerator":"1606938044258990275541962092341162602522202993782792835301376","scale_denominator":"1267650600226646386227681786497","max_slot_error":"5.1534998817044323003851760017984931827828699549281e-28","delta_error":"2.4921841399593459583420512899115586776501153294367e-28","observed_product_headroom_bits":258}
2026-09-05T20:55:37.6975001Z 59: {"test":"repeated_mult2_semantic_two_square_contract","scope":"low-N-two-operation-diagnostic","trial":2,"stage":2,"N":64,"batch":16,"depth":9,"scaling_bits":50,"first_bits":55,"input_scale_bits":100,"scaling":"FIXEDMANUAL","key_switch":"HYBRID","data_type":"COMPLEX","secret_distribution":"UNIFORM_TERNARY","security":"HEStd_NotSet","evaluation_family":1,"result_family":1,"tag":"4aba8e95feae475be8e1c70d54104161-mult2-family-1","d":"1125899906843009","m":"1125899906844161","m1":"1125899906840833","m2":"1125899906844161","scale_numerator":"2582249878086908589655919172003011874329705792829223512830659356540647622016841194629645353280137831435903171972747493376","scale_denominator":"2037035976332875852527482486577051056657800595085080553399799398642248571644790159515303041","max_slot_error":"1.0861261380875971730467017397454129175742881014838e-27","delta_error":"1.3514502429343715114750031491646303863594017842487e-28","observed_product_headroom_bits":211}
2026-09-05T20:55:38.0343660Z 59: {"test":"repeated_mult2_semantic_two_square_contract","scope":"low-N-two-operation-diagnostic","trial":3,"stage":1,"N":64,"batch":16,"depth":9,"scaling_bits":50,"first_bits":55,"input_scale_bits":100,"scaling":"FIXEDMANUAL","key_switch":"HYBRID","data_type":"COMPLEX","secret_distribution":"UNIFORM_TERNARY","security":"HEStd_NotSet","evaluation_family":0,"result_family":1,"tag":"78e8454ec51b0dee6ede27efa0e040a8-mult2-family-1","d":"1125899906843009","m":"1125899906840833","m1":"1125899906840833","m2":"1125899906844161","scale_numerator":"1606938044258990275541962092341162602522202993782792835301376","scale_denominator":"1267650600226646386227681786497","max_slot_error":"9.1826198987332062390309889887096702386531071602048e-28","delta_error":"1.1274522303465708927500575359748500454974099643251e-28","observed_product_headroom_bits":258}
2026-09-05T20:55:38.0370455Z 59: {"test":"repeated_mult2_semantic_two_square_contract","scope":"low-N-two-operation-diagnostic","trial":3,"stage":2,"N":64,"batch":16,"depth":9,"scaling_bits":50,"first_bits":55,"input_scale_bits":100,"scaling":"FIXEDMANUAL","key_switch":"HYBRID","data_type":"COMPLEX","secret_distribution":"UNIFORM_TERNARY","security":"HEStd_NotSet","evaluation_family":1,"result_family":1,"tag":"78e8454ec51b0dee6ede27efa0e040a8-mult2-family-1","d":"1125899906843009","m":"1125899906844161","m1":"1125899906840833","m2":"1125899906844161","scale_numerator":"2582249878086908589655919172003011874329705792829223512830659356540647622016841194629645353280137831435903171972747493376","scale_denominator":"2037035976332875852527482486577051056657800595085080553399799398642248571644790159515303041","max_slot_error":"6.096712465201074221540489517275454788125007828795e-28","delta_error":"1.7075635960244426911958022870261874757209974536746e-28","observed_product_headroom_bits":211}
2026-09-05T20:55:38.0391568Z 59/60 Test #59: repeated_mult2_semantic_two_square_contract .....   Passed    1.34 sec
2026-09-05T20:55:38.0396692Z test 60
2026-09-05T20:55:38.0397086Z       Start 60: paper_h128_client_keypair_contract
2026-09-05T20:55:38.0397361Z 
2026-09-05T20:55:38.0397802Z 60: Test command: C:\openfhe-2023-1788\project-build-33991083281-1\paper_h128_client_keypair_contract_test.exe
2026-09-05T20:55:38.0398333Z 60: Working Directory: C:/openfhe-2023-1788/project-build-33991083281-1
2026-09-05T20:55:38.0398680Z 60: Test timeout computed to be: 10000000
2026-09-05T20:55:38.1166279Z 60: valid-path assertions passed (diagnostic, not paper evidence)
2026-09-05T20:55:38.1166759Z 60: 50 named rejection assertions passed (no injected tag collisions)
2026-09-05T20:55:38.1167169Z 60: two-call uniqueness and owned-tag cache-isolation assertions passed
2026-09-05T20:55:38.1178873Z 60/60 Test #60: paper_h128_client_keypair_contract ..............   Passed    0.08 sec
2026-09-05T20:55:38.1192323Z 
2026-09-05T20:55:38.1193195Z The following tests passed:
2026-09-05T20:55:38.1193506Z 	dcp_rcb
2026-09-05T20:55:38.1193746Z 	precision_dcp_rcb_high_precision_contract
2026-09-05T20:55:38.1194174Z 	precision_first_mult2_high_precision_contract
2026-09-05T20:55:38.1194571Z 	pair_add_runtime_behavior
2026-09-05T20:55:38.1194771Z 	pair_sub_runtime_behavior
2026-09-05T20:55:38.1194972Z 	pair_arithmetic_controlled_oracle
2026-09-05T20:55:38.1195210Z 	pair_arithmetic_public_lifecycles_keyless
2026-09-05T20:55:38.1195455Z 	pair_arithmetic_compatibility_rejections
2026-09-05T20:55:38.1195702Z 	tensor2_valid_arithmetic_immutability
2026-09-05T20:55:38.1195925Z 	tensor2_result_scale_contract
2026-09-05T20:55:38.1196133Z 	tensor2_right_input_validation
2026-09-05T20:55:38.1196351Z 	tensor2_mutual_compatibility
2026-09-05T20:55:38.1196570Z 	tensor2_prearithmetic_key_compatibility
2026-09-05T20:55:38.1196820Z 	relin2_tensor_validation_order
2026-09-05T20:55:38.1197040Z 	relin2_insufficient_active_basis
2026-09-05T20:55:38.1197261Z 	relin2_missing_eval_key
2026-09-05T20:55:38.1197444Z 	relin2_key_empty
2026-09-05T20:55:38.1197617Z 	relin2_key_null_first
2026-09-05T20:55:38.1197806Z 	relin2_key_wrong_context
2026-09-05T20:55:38.1197994Z 	relin2_key_wrong_tag
2026-09-05T20:55:38.1198175Z 	relin2_key_wrong_subtype
2026-09-05T20:55:38.1198365Z 	relin2_key_hybrid_a_length
2026-09-05T20:55:38.1198557Z 	relin2_key_hybrid_b_length
2026-09-05T20:55:38.1198750Z 	relin2_key_hybrid_entry_basis
2026-09-05T20:55:38.1198970Z 	relin2_key_hybrid_entry_format
2026-09-05T20:55:38.1199176Z 	relin2_key_bv_zero_digit_a_length
2026-09-05T20:55:38.1199386Z 	relin2_key_bv_zero_digit_b_length
2026-09-05T20:55:38.1199600Z 	relin2_key_bv_nonzero_digit_a_length
2026-09-05T20:55:38.1199819Z 	relin2_key_bv_nonzero_digit_b_length
2026-09-05T20:55:38.1200033Z 	relin2_key_bv_zero_digit_entry_basis
2026-09-05T20:55:38.1200254Z 	relin2_key_bv_nonzero_digit_entry_basis
2026-09-05T20:55:38.1200475Z 	relin2_key_bv_zero_digit_entry_format
2026-09-05T20:55:38.1200906Z 	relin2_key_bv_nonzero_digit_entry_format
2026-09-05T20:55:38.1201148Z 	relin2_valid_arithmetic_state_immutability
2026-09-05T20:55:38.1201398Z 	relin2_controlled_witnesses_and_boundaries
2026-09-05T20:55:38.1201651Z 	relin2_representative_public_input
2026-09-05T20:55:38.1201869Z 	relin2_key_extra_later_valid
2026-09-05T20:55:38.1202082Z 	relin2_key_malformed_later_ignored
2026-09-05T20:55:38.1202301Z 	relin2_hybrid_valid_shapes
2026-09-05T20:55:38.1202496Z 	relin2_bv_zero_digit_valid_shapes
2026-09-05T20:55:38.1202709Z 	relin2_bv_nonzero_digit_valid_shapes
2026-09-05T20:55:38.1202939Z 	relin2_first_recombined_rcb_validation
2026-09-05T20:55:38.1203171Z 	relin2_first_recombined_tensor2_validation
2026-09-05T20:55:38.1203406Z 	relin2_tensor2_requires_first_lifecycle
2026-09-05T20:55:38.1203632Z 	rs2_wrong_lifecycle
2026-09-05T20:55:38.1203825Z 	rs2_valid_arithmetic_state_immutability
2026-09-05T20:55:38.1204041Z 	rs2_mixed_tower_format
2026-09-05T20:55:38.1204344Z 	rs2_untouched_public_pipeline
2026-09-05T20:55:38.1204554Z 	rs2_declared_basis_mismatch
2026-09-05T20:55:38.1204753Z 	rs2_terminal_rejections
2026-09-05T20:55:38.1204946Z 	mult2_composition_contract
2026-09-05T20:55:38.1205136Z 	mult2_e2e_hybrid_real
2026-09-05T20:55:38.1205322Z 	mult2_e2e_hybrid_complex
2026-09-05T20:55:38.1205510Z 	mult2_e2e_bv_real
2026-09-05T20:55:38.1205681Z 	mult2_e2e_bv_complex
2026-09-05T20:55:38.1205868Z 	mult2_pair_add_input_hybrid_complex
2026-09-05T20:55:38.1206097Z 	mult2_pair_sub_input_hybrid_complex
2026-09-05T20:55:38.1206321Z 	precision_client_io_first_mult2_contract
2026-09-05T20:55:38.1206564Z 	repeated_mult2_semantic_two_square_contract
2026-09-05T20:55:38.1206804Z 	paper_h128_client_keypair_contract
2026-09-05T20:55:38.1206938Z 
2026-09-05T20:55:38.1207021Z 100% tests passed out of 60
2026-09-05T20:55:38.1207147Z 
2026-09-05T20:55:38.1207223Z Total Test time (real) =   4.33 sec
2026-09-05T20:55:38.1453655Z ##[group]Run build="$(cygpath -u "$PROJECT_BUILD")"
2026-09-05T20:55:38.1454025Z [36;1mbuild="$(cygpath -u "$PROJECT_BUILD")"[0m
2026-09-05T20:55:38.1454432Z [36;1mcmake --build "$build" --target paper_full_eight_square_contract_test --parallel 2[0m
2026-09-05T20:55:38.1456108Z shell: D:\a\_temp\setup-msys2\msys2.CMD {0}
2026-09-05T20:55:38.1456365Z env:
2026-09-05T20:55:38.1456606Z   OPENFHE_COMMIT: df495ba2e91739a6dc8f1de254fc5a41155ce504
2026-09-05T20:55:38.1456952Z   OPENFHE_PREFIX: C:\openfhe-2023-1788\openfhe-install
2026-09-05T20:55:38.1457225Z   WINDOWS_ROOT: C:\openfhe-2023-1788
2026-09-05T20:55:38.1457469Z   PROJECT_SOURCE: C:\openfhe-2023-1788\cleanroom
2026-09-05T20:55:38.1457748Z   OPENFHE_SOURCE: C:\openfhe-2023-1788\openfhe-src
2026-09-05T20:55:38.1458092Z   OPENFHE_BUILD: C:\openfhe-2023-1788\openfhe-build-33991083281-1
2026-09-05T20:55:38.1458484Z   PROJECT_BUILD: C:\openfhe-2023-1788\project-build-33991083281-1
2026-09-05T20:55:38.1458816Z   MSYSTEM: MINGW64
2026-09-05T20:55:38.1459007Z ##[endgroup]
2026-09-05T20:56:08.1470131Z [1/2] Building CXX object CMakeFiles/paper_full_eight_square_contract_test.dir/tests/paper_full_eight_square_contract_test.cpp.obj
2026-09-05T20:56:08.9881928Z [2/2] Linking CXX executable paper_full_eight_square_contract_test.exe
2026-09-05T20:56:08.9882590Z FAILED: [code=1] paper_full_eight_square_contract_test.exe 
2026-09-05T20:56:08.9886295Z C:\Windows\system32\cmd.exe /C "cd . && D:\a\_temp\msys64\mingw64\bin\c++.exe -Wall -Werror -DOPENFHE_VERSION=1.5.0 -Wno-parentheses -O3 -DMATHBACKEND=4 -fopenmp -g  CMakeFiles/paper_full_eight_square_contract_test.dir/tests/paper_full_eight_square_contract_test.cpp.obj -o paper_full_eight_square_contract_test.exe -Wl,--out-implib,libpaper_full_eight_square_contract_test.dll.a -Wl,--major-image-version,0,--minor-image-version,0 -LC:/openfhe-2023-1788/openfhe-install/lib libopenfhe_2023_1788.a  C:/openfhe-2023-1788/openfhe-install/lib/libOPENFHEpke.dll.a  C:/openfhe-2023-1788/openfhe-install/lib/libOPENFHEbinfhe.dll.a  C:/openfhe-2023-1788/openfhe-install/lib/libOPENFHEcore.dll.a  -fopenmp  -lkernel32 -luser32 -lgdi32 -lwinspool -lshell32 -lole32 -loleaut32 -luuid -lcomdlg32 -ladvapi32 && cd ."
2026-09-05T20:56:08.9890698Z D:/a/_temp/msys64/mingw64/bin/../lib/gcc/x86_64-w64-mingw32/16.2.0/../../../../x86_64-w64-mingw32/bin/ld.exe: CMakeFiles/paper_full_eight_square_contract_test.dir/tests/paper_full_eight_square_contract_test.cpp.obj: in function `paper_endpoint_contract::synthetic::RunSelfTest()':
2026-09-05T20:56:08.9893058Z C:/openfhe-2023-1788/cleanroom/tests/paper_endpoint_observer_contract.h:63:(.text$_ZN23paper_endpoint_contract9synthetic11RunSelfTestEv[_ZN23paper_endpoint_contract9synthetic11RunSelfTestEv]+0xd2): undefined reference to `paper_endpoint_contract::ScaledOneNormExponent(boost::multiprecision::number<boost::multiprecision::backends::cpp_int_backend<0ull, 0ull, (boost::multiprecision::cpp_integer_type)1, (boost::multiprecision::cpp_int_check_type)0, std::allocator<unsigned long long> >, (boost::multiprecision::expression_template_option)1> const&, paper_full_test::Scale const&)'
2026-09-05T20:56:08.9896506Z D:/a/_temp/msys64/mingw64/bin/../lib/gcc/x86_64-w64-mingw32/16.2.0/../../../../x86_64-w64-mingw32/bin/ld.exe: C:/openfhe-2023-1788/cleanroom/tests/paper_endpoint_observer_contract.h:64:(.text$_ZN23paper_endpoint_contract9synthetic11RunSelfTestEv[_ZN23paper_endpoint_contract9synthetic11RunSelfTestEv]+0x1a3): undefined reference to `paper_endpoint_contract::ScaledOneNormExponent(boost::multiprecision::number<boost::multiprecision::backends::cpp_int_backend<0ull, 0ull, (boost::multiprecision::cpp_integer_type)1, (boost::multiprecision::cpp_int_check_type)0, std::allocator<unsigned long long> >, (boost::multiprecision::expression_template_option)1> const&, paper_full_test::Scale const&)'
2026-09-05T20:56:08.9904118Z D:/a/_temp/msys64/mingw64/bin/../lib/gcc/x86_64-w64-mingw32/16.2.0/../../../../x86_64-w64-mingw32/bin/ld.exe: C:/openfhe-2023-1788/cleanroom/tests/paper_endpoint_observer_contract.h:66:(.text$_ZN23paper_endpoint_contract9synthetic11RunSelfTestEv[_ZN23paper_endpoint_contract9synthetic11RunSelfTestEv]+0x28d): undefined reference to `paper_endpoint_contract::ScaledOneNormExponent(boost::multiprecision::number<boost::multiprecision::backends::cpp_int_backend<0ull, 0ull, (boost::multiprecision::cpp_integer_type)1, (boost::multiprecision::cpp_int_check_type)0, std::allocator<unsigned long long> >, (boost::multiprecision::expression_template_option)1> const&, paper_full_test::Scale const&)'
2026-09-05T20:56:08.9909935Z D:/a/_temp/msys64/mingw64/bin/../lib/gcc/x86_64-w64-mingw32/16.2.0/../../../../x86_64-w64-mingw32/bin/ld.exe: C:/openfhe-2023-1788/cleanroom/tests/paper_endpoint_observer_contract.h:68:(.text$_ZN23paper_endpoint_contract9synthetic11RunSelfTestEv[_ZN23paper_endpoint_contract9synthetic11RunSelfTestEv]+0x377): undefined reference to `paper_endpoint_contract::ScaledOneNormExponent(boost::multiprecision::number<boost::multiprecision::backends::cpp_int_backend<0ull, 0ull, (boost::multiprecision::cpp_integer_type)1, (boost::multiprecision::cpp_int_check_type)0, std::allocator<unsigned long long> >, (boost::multiprecision::expression_template_option)1> const&, paper_full_test::Scale const&)'
2026-09-05T20:56:08.9914314Z D:/a/_temp/msys64/mingw64/bin/../lib/gcc/x86_64-w64-mingw32/16.2.0/../../../../x86_64-w64-mingw32/bin/ld.exe: C:/openfhe-2023-1788/cleanroom/tests/paper_endpoint_observer_contract.h:73:(.text$_ZN23paper_endpoint_contract9synthetic11RunSelfTestEv[_ZN23paper_endpoint_contract9synthetic11RunSelfTestEv]+0x661): undefined reference to `paper_endpoint_contract::ExactAbsoluteDifference(boost::multiprecision::number<boost::multiprecision::backends::cpp_bin_float<768u, (boost::multiprecision::backends::digit_base_type)2, std::allocator<unsigned long long>, int, 0, 0>, (boost::multiprecision::expression_template_option)0> const&, boost::multiprecision::number<boost::multiprecision::backends::cpp_bin_float<768u, (boost::multiprecision::backends::digit_base_type)2, std::allocator<unsigned long long>, int, 0, 0>, (boost::multiprecision::expression_template_option)0> const&)'
2026-09-05T20:56:08.9920152Z D:/a/_temp/msys64/mingw64/bin/../lib/gcc/x86_64-w64-mingw32/16.2.0/../../../../x86_64-w64-mingw32/bin/ld.exe: C:/openfhe-2023-1788/cleanroom/tests/paper_endpoint_observer_contract.h:82:(.text$_ZN23paper_endpoint_contract9synthetic11RunSelfTestEv[_ZN23paper_endpoint_contract9synthetic11RunSelfTestEv]+0xb8d): undefined reference to `paper_endpoint_contract::AssessDifference(paper_endpoint_contract::Rational const&, paper_endpoint_contract::Rational const&, paper_endpoint_contract::Comparison, bool)'
2026-09-05T20:56:08.9924689Z D:/a/_temp/msys64/mingw64/bin/../lib/gcc/x86_64-w64-mingw32/16.2.0/../../../../x86_64-w64-mingw32/bin/ld.exe: C:/openfhe-2023-1788/cleanroom/tests/paper_endpoint_observer_contract.h:84:(.text$_ZN23paper_endpoint_contract9synthetic11RunSelfTestEv[_ZN23paper_endpoint_contract9synthetic11RunSelfTestEv]+0xc15): undefined reference to `paper_endpoint_contract::AssessDifference(paper_endpoint_contract::Rational const&, paper_endpoint_contract::Rational const&, paper_endpoint_contract::Comparison, bool)'
2026-09-05T20:56:08.9929037Z D:/a/_temp/msys64/mingw64/bin/../lib/gcc/x86_64-w64-mingw32/16.2.0/../../../../x86_64-w64-mingw32/bin/ld.exe: C:/openfhe-2023-1788/cleanroom/tests/paper_endpoint_observer_contract.h:86:(.text$_ZN23paper_endpoint_contract9synthetic11RunSelfTestEv[_ZN23paper_endpoint_contract9synthetic11RunSelfTestEv]+0xc91): undefined reference to `paper_endpoint_contract::AssessDifference(paper_endpoint_contract::Rational const&, paper_endpoint_contract::Rational const&, paper_endpoint_contract::Comparison, bool)'
2026-09-05T20:56:08.9934154Z D:/a/_temp/msys64/mingw64/bin/../lib/gcc/x86_64-w64-mingw32/16.2.0/../../../../x86_64-w64-mingw32/bin/ld.exe: C:/openfhe-2023-1788/cleanroom/tests/paper_endpoint_observer_contract.h:88:(.text$_ZN23paper_endpoint_contract9synthetic11RunSelfTestEv[_ZN23paper_endpoint_contract9synthetic11RunSelfTestEv]+0xd02): undefined reference to `paper_endpoint_contract::AssessDifference(paper_endpoint_contract::Rational const&, paper_endpoint_contract::Rational const&, paper_endpoint_contract::Comparison, bool)'
2026-09-05T20:56:08.9938369Z D:/a/_temp/msys64/mingw64/bin/../lib/gcc/x86_64-w64-mingw32/16.2.0/../../../../x86_64-w64-mingw32/bin/ld.exe: C:/openfhe-2023-1788/cleanroom/tests/paper_endpoint_observer_contract.h:90:(.text$_ZN23paper_endpoint_contract9synthetic11RunSelfTestEv[_ZN23paper_endpoint_contract9synthetic11RunSelfTestEv]+0xd74): undefined reference to `paper_endpoint_contract::AssessDifference(paper_endpoint_contract::Rational const&, paper_endpoint_contract::Rational const&, paper_endpoint_contract::Comparison, bool)'
2026-09-05T20:56:08.9942259Z D:/a/_temp/msys64/mingw64/bin/../lib/gcc/x86_64-w64-mingw32/16.2.0/../../../../x86_64-w64-mingw32/bin/ld.exe: CMakeFiles/paper_full_eight_square_contract_test.dir/tests/paper_full_eight_square_contract_test.cpp.obj:C:/openfhe-2023-1788/cleanroom/tests/paper_endpoint_observer_contract.h:92: more undefined references to `paper_endpoint_contract::AssessDifference(paper_endpoint_contract::Rational const&, paper_endpoint_contract::Rational const&, paper_endpoint_contract::Comparison, bool)' follow
2026-09-05T20:56:08.9945484Z D:/a/_temp/msys64/mingw64/bin/../lib/gcc/x86_64-w64-mingw32/16.2.0/../../../../x86_64-w64-mingw32/bin/ld.exe: CMakeFiles/paper_full_eight_square_contract_test.dir/tests/paper_full_eight_square_contract_test.cpp.obj: in function `paper_endpoint_contract::synthetic::RunSelfTest()':
2026-09-05T20:56:08.9949200Z C:/openfhe-2023-1788/cleanroom/tests/paper_endpoint_observer_contract.h:102:(.text$_ZN23paper_endpoint_contract9synthetic11RunSelfTestEv[_ZN23paper_endpoint_contract9synthetic11RunSelfTestEv]+0xf3a): undefined reference to `paper_endpoint_contract::CanonicalDecimal[abi:cxx11](boost::multiprecision::number<boost::multiprecision::backends::cpp_bin_float<768u, (boost::multiprecision::backends::digit_base_type)2, std::allocator<unsigned long long>, int, 0, 0>, (boost::multiprecision::expression_template_option)0> const&)'
2026-09-05T20:56:08.9953284Z D:/a/_temp/msys64/mingw64/bin/../lib/gcc/x86_64-w64-mingw32/16.2.0/../../../../x86_64-w64-mingw32/bin/ld.exe: C:/openfhe-2023-1788/cleanroom/tests/paper_endpoint_observer_contract.h:104:(.text$_ZN23paper_endpoint_contract9synthetic11RunSelfTestEv[_ZN23paper_endpoint_contract9synthetic11RunSelfTestEv]+0xfd5): undefined reference to `paper_endpoint_contract::CanonicalDecimal[abi:cxx11](boost::multiprecision::number<boost::multiprecision::backends::cpp_bin_float<768u, (boost::multiprecision::backends::digit_base_type)2, std::allocator<unsigned long long>, int, 0, 0>, (boost::multiprecision::expression_template_option)0> const&)'
2026-09-05T20:56:08.9958692Z D:/a/_temp/msys64/mingw64/bin/../lib/gcc/x86_64-w64-mingw32/16.2.0/../../../../x86_64-w64-mingw32/bin/ld.exe: C:/openfhe-2023-1788/cleanroom/tests/paper_endpoint_observer_contract.h:107:(.text$_ZN23paper_endpoint_contract9synthetic11RunSelfTestEv[_ZN23paper_endpoint_contract9synthetic11RunSelfTestEv]+0x111f): undefined reference to `paper_endpoint_contract::CanonicalDecimal[abi:cxx11](boost::multiprecision::number<boost::multiprecision::backends::cpp_bin_float<768u, (boost::multiprecision::backends::digit_base_type)2, std::allocator<unsigned long long>, int, 0, 0>, (boost::multiprecision::expression_template_option)0> const&)'
2026-09-05T20:56:08.9964044Z D:/a/_temp/msys64/mingw64/bin/../lib/gcc/x86_64-w64-mingw32/16.2.0/../../../../x86_64-w64-mingw32/bin/ld.exe: C:/openfhe-2023-1788/cleanroom/tests/paper_endpoint_observer_contract.h:113:(.text$_ZN23paper_endpoint_contract9synthetic11RunSelfTestEv[_ZN23paper_endpoint_contract9synthetic11RunSelfTestEv]+0x13dc): undefined reference to `paper_endpoint_contract::CanonicalDecimal[abi:cxx11](boost::multiprecision::number<boost::multiprecision::backends::cpp_bin_float<768u, (boost::multiprecision::backends::digit_base_type)2, std::allocator<unsigned long long>, int, 0, 0>, (boost::multiprecision::expression_template_option)0> const&)'
2026-09-05T20:56:08.9967347Z D:/a/_temp/msys64/mingw64/bin/../lib/gcc/x86_64-w64-mingw32/16.2.0/../../../../x86_64-w64-mingw32/bin/ld.exe: C:/openfhe-2023-1788/cleanroom/tests/paper_endpoint_observer_contract.h:115:(.text$_ZN23paper_endpoint_contract9synthetic11RunSelfTestEv[_ZN23paper_endpoint_contract9synthetic11RunSelfTestEv]+0x1576): undefined reference to `paper_endpoint_contract::CanonicalDecimal[abi:cxx11](boost::multiprecision::number<boost::multiprecision::backends::cpp_bin_float<768u, (boost::multiprecision::backends::digit_base_type)2, std::allocator<unsigned long long>, int, 0, 0>, (boost::multiprecision::expression_template_option)0> const&)'
2026-09-05T20:56:08.9970126Z D:/a/_temp/msys64/mingw64/bin/../lib/gcc/x86_64-w64-mingw32/16.2.0/../../../../x86_64-w64-mingw32/bin/ld.exe: C:/openfhe-2023-1788/cleanroom/tests/paper_endpoint_observer_contract.h:117:(.text$_ZN23paper_endpoint_contract9synthetic11RunSelfTestEv[_ZN23paper_endpoint_contract9synthetic11RunSelfTestEv]+0x162d): undefined reference to `paper_endpoint_contract::IsCanonicalDecimal(std::basic_string_view<char, std::char_traits<char> >)'
2026-09-05T20:56:08.9973386Z D:/a/_temp/msys64/mingw64/bin/../lib/gcc/x86_64-w64-mingw32/16.2.0/../../../../x86_64-w64-mingw32/bin/ld.exe: C:/openfhe-2023-1788/cleanroom/tests/paper_endpoint_observer_contract.h:117:(.text$_ZN23paper_endpoint_contract9synthetic11RunSelfTestEv[_ZN23paper_endpoint_contract9synthetic11RunSelfTestEv]+0x1662): undefined reference to `paper_endpoint_contract::IsCanonicalDecimal(std::basic_string_view<char, std::char_traits<char> >)'
2026-09-05T20:56:08.9976925Z D:/a/_temp/msys64/mingw64/bin/../lib/gcc/x86_64-w64-mingw32/16.2.0/../../../../x86_64-w64-mingw32/bin/ld.exe: C:/openfhe-2023-1788/cleanroom/tests/paper_endpoint_observer_contract.h:127:(.text$_ZN23paper_endpoint_contract9synthetic11RunSelfTestEv[_ZN23paper_endpoint_contract9synthetic11RunSelfTestEv]+0x1b4f): undefined reference to `paper_endpoint_contract::IsCanonicalDecimal(std::basic_string_view<char, std::char_traits<char> >)'
2026-09-05T20:56:08.9980561Z D:/a/_temp/msys64/mingw64/bin/../lib/gcc/x86_64-w64-mingw32/16.2.0/../../../../x86_64-w64-mingw32/bin/ld.exe: C:/openfhe-2023-1788/cleanroom/tests/paper_endpoint_observer_contract.h:141:(.text$_ZN23paper_endpoint_contract9synthetic11RunSelfTestEv[_ZN23paper_endpoint_contract9synthetic11RunSelfTestEv]+0x2106): undefined reference to `paper_endpoint_contract::Observe(paper_full_test::IntegerPolynomial const&, paper_full_test::Scale const&)'
2026-09-05T20:56:08.9984223Z D:/a/_temp/msys64/mingw64/bin/../lib/gcc/x86_64-w64-mingw32/16.2.0/../../../../x86_64-w64-mingw32/bin/ld.exe: C:/openfhe-2023-1788/cleanroom/tests/paper_endpoint_observer_contract.h:142:(.text$_ZN23paper_endpoint_contract9synthetic11RunSelfTestEv[_ZN23paper_endpoint_contract9synthetic11RunSelfTestEv]+0x211d): undefined reference to `paper_endpoint_contract::DirectSparseReference768(std::vector<paper_endpoint_contract::SparseTerm, std::allocator<paper_endpoint_contract::SparseTerm> > const&, paper_full_test::Scale const&)'
2026-09-05T20:56:08.9991464Z D:/a/_temp/msys64/mingw64/bin/../lib/gcc/x86_64-w64-mingw32/16.2.0/../../../../x86_64-w64-mingw32/bin/ld.exe: C:/openfhe-2023-1788/cleanroom/tests/paper_endpoint_observer_contract.h:162:(.text$_ZN23paper_endpoint_contract9synthetic11RunSelfTestEv[_ZN23paper_endpoint_contract9synthetic11RunSelfTestEv]+0x2c43): undefined reference to `paper_endpoint_contract::ExactAbsoluteDifference(boost::multiprecision::number<boost::multiprecision::backends::cpp_bin_float<768u, (boost::multiprecision::backends::digit_base_type)2, std::allocator<unsigned long long>, int, 0, 0>, (boost::multiprecision::expression_template_option)0> const&, boost::multiprecision::number<boost::multiprecision::backends::cpp_bin_float<768u, (boost::multiprecision::backends::digit_base_type)2, std::allocator<unsigned long long>, int, 0, 0>, (boost::multiprecision::expression_template_option)0> const&)'
2026-09-05T20:56:08.9996202Z D:/a/_temp/msys64/mingw64/bin/../lib/gcc/x86_64-w64-mingw32/16.2.0/../../../../x86_64-w64-mingw32/bin/ld.exe: C:/openfhe-2023-1788/cleanroom/tests/paper_endpoint_observer_contract.h:162:(.text$_ZN23paper_endpoint_contract9synthetic11RunSelfTestEv[_ZN23paper_endpoint_contract9synthetic11RunSelfTestEv]+0x2c5e): undefined reference to `paper_endpoint_contract::AssessDifference(paper_endpoint_contract::Rational const&, paper_endpoint_contract::Rational const&, paper_endpoint_contract::Comparison, bool)'
2026-09-05T20:56:08.9999553Z D:/a/_temp/msys64/mingw64/bin/../lib/gcc/x86_64-w64-mingw32/16.2.0/../../../../x86_64-w64-mingw32/bin/ld.exe: C:/openfhe-2023-1788/cleanroom/tests/paper_endpoint_observer_contract.h:164:(.text$_ZN23paper_endpoint_contract9synthetic11RunSelfTestEv[_ZN23paper_endpoint_contract9synthetic11RunSelfTestEv]+0x2c79): undefined reference to `paper_endpoint_contract::ExactAbsoluteDifference(boost::multiprecision::number<boost::multiprecision::backends::cpp_bin_float<768u, (boost::multiprecision::backends::digit_base_type)2, std::allocator<unsigned long long>, int, 0, 0>, (boost::multiprecision::expression_template_option)0> const&, boost::multiprecision::number<boost::multiprecision::backends::cpp_bin_float<768u, (boost::multiprecision::backends::digit_base_type)2, std::allocator<unsigned long long>, int, 0, 0>, (boost::multiprecision::expression_template_option)0> const&)'
2026-09-05T20:56:09.0002843Z D:/a/_temp/msys64/mingw64/bin/../lib/gcc/x86_64-w64-mingw32/16.2.0/../../../../x86_64-w64-mingw32/bin/ld.exe: C:/openfhe-2023-1788/cleanroom/tests/paper_endpoint_observer_contract.h:164:(.text$_ZN23paper_endpoint_contract9synthetic11RunSelfTestEv[_ZN23paper_endpoint_contract9synthetic11RunSelfTestEv]+0x2c97): undefined reference to `paper_endpoint_contract::AssessDifference(paper_endpoint_contract::Rational const&, paper_endpoint_contract::Rational const&, paper_endpoint_contract::Comparison, bool)'
2026-09-05T20:56:09.0005616Z D:/a/_temp/msys64/mingw64/bin/../lib/gcc/x86_64-w64-mingw32/16.2.0/../../../../x86_64-w64-mingw32/bin/ld.exe: C:/openfhe-2023-1788/cleanroom/tests/paper_endpoint_observer_contract.h:105:(.text$_ZN23paper_endpoint_contract9synthetic11RunSelfTestEv[_ZN23paper_endpoint_contract9synthetic11RunSelfTestEv]+0x3b6c): undefined reference to `paper_endpoint_contract::CanonicalDecimal[abi:cxx11](boost::multiprecision::number<boost::multiprecision::backends::cpp_bin_float<768u, (boost::multiprecision::backends::digit_base_type)2, std::allocator<unsigned long long>, int, 0, 0>, (boost::multiprecision::expression_template_option)0> const&)'
2026-09-05T20:56:09.0008722Z D:/a/_temp/msys64/mingw64/bin/../lib/gcc/x86_64-w64-mingw32/16.2.0/../../../../x86_64-w64-mingw32/bin/ld.exe: C:/openfhe-2023-1788/cleanroom/tests/paper_endpoint_observer_contract.h:103:(.text$_ZN23paper_endpoint_contract9synthetic11RunSelfTestEv[_ZN23paper_endpoint_contract9synthetic11RunSelfTestEv]+0x3c43): undefined reference to `paper_endpoint_contract::CanonicalDecimal[abi:cxx11](boost::multiprecision::number<boost::multiprecision::backends::cpp_bin_float<768u, (boost::multiprecision::backends::digit_base_type)2, std::allocator<unsigned long long>, int, 0, 0>, (boost::multiprecision::expression_template_option)0> const&)'
2026-09-05T20:56:09.0011275Z D:/a/_temp/msys64/mingw64/bin/../lib/gcc/x86_64-w64-mingw32/16.2.0/../../../../x86_64-w64-mingw32/bin/ld.exe: C:/openfhe-2023-1788/cleanroom/tests/paper_endpoint_observer_contract.h:118:(.text$_ZN23paper_endpoint_contract9synthetic11RunSelfTestEv[_ZN23paper_endpoint_contract9synthetic11RunSelfTestEv]+0x4e71): undefined reference to `paper_endpoint_contract::IsCanonicalDecimal(std::basic_string_view<char, std::char_traits<char> >)'
2026-09-05T20:56:09.0012471Z collect2.exe: error: ld returned 1 exit status
2026-09-05T20:56:09.0012731Z ninja: build stopped: subcommand failed.
2026-09-05T20:56:09.0021606Z ##[error]Process completed with exit code 1.
2026-09-05T20:56:09.0120303Z Cleaning up orphan processes
