2026-09-02T04:14:28.8771955Z Current runner version: '2.337.0'
2026-09-02T04:14:28.8796595Z ##[group]Runner Image Provisioner
2026-09-02T04:14:28.8797397Z Hosted Compute Agent
2026-09-02T04:14:28.8798290Z Version: 20260819.586
2026-09-02T04:14:28.8798882Z Commit: 3cc4a88dfa507ef76119ad1bb3eccc6378bb2b76
2026-09-02T04:14:28.8799586Z Build Date: 2026-08-18T23:20:18Z
2026-09-02T04:14:28.8800236Z Worker ID: {60f669db-1294-4954-82c5-700af53cc7bb}
2026-09-02T04:14:28.8800891Z Azure Region: westcentralus
2026-09-02T04:14:28.8801438Z ##[endgroup]
2026-09-02T04:14:28.8803171Z ##[group]Operating System
2026-09-02T04:14:28.8803754Z Microsoft Windows Server 2022
2026-09-02T04:14:28.8804345Z 10.0.20348
2026-09-02T04:14:28.8804804Z Datacenter
2026-09-02T04:14:28.8805311Z ##[endgroup]
2026-09-02T04:14:28.8805851Z ##[group]Runner Image
2026-09-02T04:14:28.8806399Z Image: windows-2022
2026-09-02T04:14:28.8806900Z Version: 20260824.284.2
2026-09-02T04:14:28.8808209Z Included Software: https://github.com/actions/runner-images/blob/win22/20260824.284/images/windows/Windows2022-Readme.md
2026-09-02T04:14:28.8809640Z Image Release: https://github.com/actions/runner-images/releases/tag/win22%2F20260824.284
2026-09-02T04:14:28.8810540Z ##[endgroup]
2026-09-02T04:14:28.8811562Z ##[group]GITHUB_TOKEN Permissions
2026-09-02T04:14:28.8813458Z Contents: read
2026-09-02T04:14:28.8814014Z Metadata: read
2026-09-02T04:14:28.8814519Z ##[endgroup]
2026-09-02T04:14:28.8816487Z Secret source: Actions
2026-09-02T04:14:28.8817603Z Prepare workflow directory
2026-09-02T04:14:28.9466682Z Prepare all required actions
2026-09-02T04:14:28.9515986Z Getting action download info
2026-09-02T04:14:29.2519624Z Download action repository 'msys2/setup-msys2@v2' (SHA:66cd2cce69caa17b53920067426061ca1de3a884)
2026-09-02T04:14:29.7742584Z Complete job name: windows-mingw64
2026-09-02T04:14:29.9030773Z ##[group]Run git config --global core.autocrlf false
2026-09-02T04:14:29.9031754Z [36;1mgit config --global core.autocrlf false[0m
2026-09-02T04:14:29.9032387Z [36;1mgit config --global core.eol lf[0m
2026-09-02T04:14:29.9033161Z [36;1mNew-Item -ItemType Directory -Path $env:WINDOWS_ROOT | Out-Null[0m
2026-09-02T04:14:29.9033869Z [36;1m[0m
2026-09-02T04:14:29.9034269Z [36;1mgit init $env:PROJECT_SOURCE[0m
2026-09-02T04:14:29.9035097Z [36;1mgit -C $env:PROJECT_SOURCE remote add origin https://github.com/leemaple/20231788..git[0m
2026-09-02T04:14:29.9036096Z [36;1mgit -C $env:PROJECT_SOURCE fetch --depth 1 origin $env:GITHUB_SHA[0m
2026-09-02T04:14:29.9036904Z [36;1mgit -C $env:PROJECT_SOURCE checkout --detach FETCH_HEAD[0m
2026-09-02T04:14:29.9037702Z [36;1m$projectActual = git -C $env:PROJECT_SOURCE rev-parse HEAD[0m
2026-09-02T04:14:29.9038434Z [36;1mif ($projectActual -ne $env:GITHUB_SHA) {[0m
2026-09-02T04:14:29.9039147Z [36;1m  throw "Project checkout mismatch: $projectActual"[0m
2026-09-02T04:14:29.9039762Z [36;1m}[0m
2026-09-02T04:14:29.9040122Z [36;1m[0m
2026-09-02T04:14:29.9040506Z [36;1mgit init $env:OPENFHE_SOURCE[0m
2026-09-02T04:14:29.9041413Z [36;1mgit -C $env:OPENFHE_SOURCE remote add origin https://github.com/openfheorg/openfhe-development.git[0m
2026-09-02T04:14:29.9042815Z [36;1mgit -C $env:OPENFHE_SOURCE fetch --depth 1 origin $env:OPENFHE_COMMIT[0m
2026-09-02T04:14:29.9043801Z [36;1mgit -C $env:OPENFHE_SOURCE checkout --detach FETCH_HEAD[0m
2026-09-02T04:14:29.9044748Z [36;1mgit -C $env:OPENFHE_SOURCE submodule update --init --recursive --depth 1[0m
2026-09-02T04:14:29.9045470Z [36;1m[0m
2026-09-02T04:14:29.9046024Z [36;1m$projectStatus = @(git -C $env:PROJECT_SOURCE status --porcelain)[0m
2026-09-02T04:14:29.9046795Z [36;1mif ($projectStatus.Count -ne 0) {[0m
2026-09-02T04:14:29.9047537Z [36;1m  throw "Project checkout is dirty: $($projectStatus -join '; ')"[0m
2026-09-02T04:14:29.9048230Z [36;1m}[0m
2026-09-02T04:14:29.9048783Z [36;1m$openfheStatus = @(git -C $env:OPENFHE_SOURCE status --porcelain)[0m
2026-09-02T04:14:29.9049510Z [36;1mif ($openfheStatus.Count -ne 0) {[0m
2026-09-02T04:14:29.9051971Z [36;1m  throw "OpenFHE checkout is dirty: $($openfheStatus -join '; ')"[0m
2026-09-02T04:14:29.9052647Z [36;1m}[0m
2026-09-02T04:14:30.0562423Z shell: C:\Program Files\PowerShell\7\pwsh.EXE -command ". '{0}'"
2026-09-02T04:14:30.0563370Z env:
2026-09-02T04:14:30.0563878Z   OPENFHE_COMMIT: df495ba2e91739a6dc8f1de254fc5a41155ce504
2026-09-02T04:14:30.0564570Z   OPENFHE_PREFIX: C:\openfhe-2023-1788\openfhe-install
2026-09-02T04:14:30.0565179Z   WINDOWS_ROOT: C:\openfhe-2023-1788
2026-09-02T04:14:30.0565847Z   PROJECT_SOURCE: C:\openfhe-2023-1788\cleanroom
2026-09-02T04:14:30.0566486Z   OPENFHE_SOURCE: C:\openfhe-2023-1788\openfhe-src
2026-09-02T04:14:30.0567194Z   OPENFHE_BUILD: C:\openfhe-2023-1788\openfhe-build-33590046548-1
2026-09-02T04:14:30.0568085Z   PROJECT_BUILD: C:\openfhe-2023-1788\project-build-33590046548-1
2026-09-02T04:14:30.0568728Z ##[endgroup]
2026-09-02T04:14:30.8866502Z Initialized empty Git repository in C:/openfhe-2023-1788/cleanroom/.git/
2026-09-02T04:14:32.4576178Z From https://github.com/leemaple/20231788.
2026-09-02T04:14:32.4578165Z  * branch            3411d65e752272a70d6dc147e8e7239014221196 -> FETCH_HEAD
2026-09-02T04:14:32.6124940Z HEAD is now at 3411d65 feat: reject malformed Relin2 BV zero-digit B length
2026-09-02T04:14:32.6910160Z Initialized empty Git repository in C:/openfhe-2023-1788/openfhe-src/.git/
2026-09-02T04:14:33.8712547Z From https://github.com/openfheorg/openfhe-development
2026-09-02T04:14:33.8713357Z  * branch            df495ba2e91739a6dc8f1de254fc5a41155ce504 -> FETCH_HEAD
2026-09-02T04:14:34.5130812Z HEAD is now at df495ba Merge pull request #1130 from openfheorg/dev
2026-09-02T04:14:35.8560601Z Submodule 'third-party/cereal' (https://github.com/openfheorg/cereal.git) registered for path 'third-party/cereal'
2026-09-02T04:14:35.8580546Z Submodule 'third-party/google-benchmark' (https://github.com/google/benchmark.git) registered for path 'third-party/google-benchmark'
2026-09-02T04:14:35.8597533Z Submodule 'third-party/google-test' (https://github.com/google/googletest.git) registered for path 'third-party/google-test'
2026-09-02T04:14:35.8630447Z Submodule 'third-party/gperftools' (https://github.com/gperftools/gperftools.git) registered for path 'third-party/gperftools'
2026-09-02T04:14:35.9023428Z Cloning into 'C:/openfhe-2023-1788/openfhe-src/third-party/cereal'...
2026-09-02T04:14:36.7306457Z Cloning into 'C:/openfhe-2023-1788/openfhe-src/third-party/google-benchmark'...
2026-09-02T04:14:37.9035289Z Cloning into 'C:/openfhe-2023-1788/openfhe-src/third-party/google-test'...
2026-09-02T04:14:38.7328174Z Cloning into 'C:/openfhe-2023-1788/openfhe-src/third-party/gperftools'...
2026-09-02T04:14:40.0581775Z Submodule path 'third-party/cereal': checked out '984e3f194862b17916536b5fade40cba6e47a6fe'
2026-09-02T04:14:41.4614014Z From https://github.com/google/benchmark
2026-09-02T04:14:41.4614866Z  * branch            eddb0241389718a23a42db6af5f0164b6e0139af -> FETCH_HEAD
2026-09-02T04:14:41.7943597Z Submodule path 'third-party/google-benchmark': checked out 'eddb0241389718a23a42db6af5f0164b6e0139af'
2026-09-02T04:14:43.2544798Z From https://github.com/google/googletest
2026-09-02T04:14:43.2545396Z  * branch            52eb8108c5bdec04579160ae17225d66034bd723 -> FETCH_HEAD
2026-09-02T04:14:43.7504502Z Submodule path 'third-party/google-test': checked out '52eb8108c5bdec04579160ae17225d66034bd723'
2026-09-02T04:14:45.3766289Z From https://github.com/gperftools/gperftools
2026-09-02T04:14:45.3766884Z  * branch            83edb60836d87cf1b406e8846b9059c03031e8f5 -> FETCH_HEAD
2026-09-02T04:14:46.4155187Z Submodule path 'third-party/gperftools': checked out '83edb60836d87cf1b406e8846b9059c03031e8f5'
2026-09-02T04:14:46.7485625Z ##[group]Run msys2/setup-msys2@v2
2026-09-02T04:14:46.7485974Z with:
2026-09-02T04:14:46.7486167Z   msystem: MINGW64
2026-09-02T04:14:46.7486401Z   update: true
2026-09-02T04:14:46.7486637Z   cache: false
2026-09-02T04:14:46.7486993Z   install: git make mingw-w64-x86_64-boost mingw-w64-x86_64-cmake mingw-w64-x86_64-gcc
2026-09-02T04:14:46.7488188Z   path-type: minimal
2026-09-02T04:14:46.7488386Z   release: true
2026-09-02T04:14:46.7488588Z   platform-check-severity: fatal
2026-09-02T04:14:46.7488827Z env:
2026-09-02T04:14:46.7489066Z   OPENFHE_COMMIT: df495ba2e91739a6dc8f1de254fc5a41155ce504
2026-09-02T04:14:46.7489424Z   OPENFHE_PREFIX: C:\openfhe-2023-1788\openfhe-install
2026-09-02T04:14:46.7489712Z   WINDOWS_ROOT: C:\openfhe-2023-1788
2026-09-02T04:14:46.7489986Z   PROJECT_SOURCE: C:\openfhe-2023-1788\cleanroom
2026-09-02T04:14:46.7490289Z   OPENFHE_SOURCE: C:\openfhe-2023-1788\openfhe-src
2026-09-02T04:14:46.7490674Z   OPENFHE_BUILD: C:\openfhe-2023-1788\openfhe-build-33590046548-1
2026-09-02T04:14:46.7491069Z   PROJECT_BUILD: C:\openfhe-2023-1788\project-build-33590046548-1
2026-09-02T04:14:46.7491371Z ##[endgroup]
2026-09-02T04:14:46.9119246Z ##[group]Downloading MSYS2...
2026-09-02T04:14:47.7351402Z ##[endgroup]
2026-09-02T04:14:47.7351910Z ##[group]Extracting MSYS2...
2026-09-02T04:14:47.7374250Z [command]C:\hostedtoolcache\windows\msys2-installer\0.0.20260611\x64\base.exe -y
2026-09-02T04:14:48.0246590Z 
2026-09-02T04:14:48.0247981Z 7-Zip SFX 25.01 ZS v1.5.7 R4 (x64) : Copyright (c) 1999-2025 Igor Pavlov, 2016-2026 Tino Reichardt, 2022-2026 Sergey G. Brester : 2026-01-10
2026-09-02T04:14:48.0249090Z 
2026-09-02T04:14:48.0251001Z Extracting archive: C:\hostedtoolcache\windows\msys2-installer\0.0.20260611\x64\base.exe
2026-09-02T04:14:48.0251648Z --
2026-09-02T04:14:48.0252167Z Path = C:\hostedtoolcache\windows\msys2-installer\0.0.20260611\x64\base.exe
2026-09-02T04:14:48.0252743Z Type = 7z
2026-09-02T04:14:48.0252863Z 
2026-09-02T04:14:48.2283629Z   0%
2026-09-02T04:14:48.2284074Z     
2026-09-02T04:14:48.4317535Z   2% 1337 - msys64\usr\lib\perl5\core_perl\Cwd.pm
2026-09-02T04:14:48.4318466Z                                                  
2026-09-02T04:14:48.6346445Z   4% 2501 - msys64\usr\lib\terminfo\68\hp2621-k45
2026-09-02T04:14:48.6346944Z                                                  
2026-09-02T04:14:48.8378204Z   4% 3722 - msys64\usr\lib\terminfo\74\tws2102-sna
2026-09-02T04:14:48.8378606Z                                                   
2026-09-02T04:14:49.0412285Z   5% 4912 - msys64\usr\share\bash-completion\completions\ping4
2026-09-02T04:14:49.0412731Z                                                               
2026-09-02T04:14:49.2443453Z   9% 5980 - msys64\usr\share\locale\ar\LC_MESSAGES\p11-kit.mo
2026-09-02T04:14:49.2443904Z                                                              
2026-09-02T04:14:49.4479191Z  23% 6583 - msys64\usr\share\locale\pt\LC_MESSAGES\gnupg2.mo
2026-09-02T04:14:49.4479898Z                                                             
2026-09-02T04:14:49.6507227Z  32% 7448 - msys64\usr\share\man\man1\readonly.1.gz
2026-09-02T04:14:49.6507637Z                                                    
2026-09-02T04:14:49.8538452Z  33% 8611 - msys64\usr\share\man\man3\libcurl-share.3.gz
2026-09-02T04:14:49.8539155Z                                                         
2026-09-02T04:14:50.0570627Z  39% 9706 - msys64\usr\share\perl5\core_perl\CPAN\Meta\Spec.pm
2026-09-02T04:14:50.0571114Z                                                               
2026-09-02T04:14:50.2602988Z  44% 10581 - msys64\usr\share\perl5\core_perl\unicore\lib\InSC\Avagraha.pl
2026-09-02T04:14:50.2603453Z                                                                           
2026-09-02T04:14:50.4636996Z  47% 11675 - msys64\usr\share\terminfo\64\d430-dg
2026-09-02T04:14:50.4637779Z                                                  
2026-09-02T04:14:50.6651549Z  47% 12839 - msys64\usr\share\terminfo\71\qume5
2026-09-02T04:14:50.6652476Z                                                
2026-09-02T04:14:50.8675226Z  48% 14015 - msys64\usr\share\zoneinfo\America\Caracas
2026-09-02T04:14:51.0734069Z                                                       
2026-09-02T04:14:51.0734671Z  48% 15258 - msys64\usr\share\zoneinfo\right\America\Marigot
2026-09-02T04:14:51.0735745Z                                                             
2026-09-02T04:14:51.2779686Z  50% 16128 - msys64\usr\bin\db_dump.exe
2026-09-02T04:14:51.2780450Z                                        
2026-09-02T04:14:51.4800418Z  68% 16328 - msys64\usr\bin\msys-readline8.dll
2026-09-02T04:14:51.4801065Z                                               
2026-09-02T04:14:51.5774699Z  91% 16476 - msys64\usr\bin\xz.exe
2026-09-02T04:14:51.5776768Z                                   
2026-09-02T04:14:51.5777275Z Everything is Ok
2026-09-02T04:14:51.5804259Z ##[endgroup]
2026-09-02T04:14:51.5805520Z ##[group]Disable Key Refresh...
2026-09-02T04:14:51.5823835Z ##[endgroup]
2026-09-02T04:14:51.5841713Z ##[group]Starting MSYS2 for the first time...
2026-09-02T04:14:51.6732404Z [command]C:\Windows\system32\cmd.exe /D /S /C D:\a\_temp\setup-msys2\msys2.cmd -c "'uname' '-a'"
2026-09-02T04:14:51.7890979Z [1;32mMSYS2 is starting for the first time. Executing the initial setup.[1;0m
2026-09-02T04:14:51.9307463Z Copying skeleton files.
2026-09-02T04:14:51.9308219Z These files are for the users to personalise their msys2 experience.
2026-09-02T04:14:51.9308724Z 
2026-09-02T04:14:51.9308971Z They will never be overwritten nor automatically updated.
2026-09-02T04:14:51.9309372Z 
2026-09-02T04:14:51.9739523Z './.bashrc' -> '/home/runneradmin/.bashrc'
2026-09-02T04:14:51.9892325Z './.bash_profile' -> '/home/runneradmin/.bash_profile'
2026-09-02T04:14:52.0038101Z './.profile' -> '/home/runneradmin/.profile'
2026-09-02T04:14:52.0546861Z 'C:\Windows\system32\drivers\etc\hosts' -> '/etc/hosts'
2026-09-02T04:14:52.1036855Z 'C:\Windows\system32\drivers\etc\protocol' -> '/etc/protocols'
2026-09-02T04:14:52.1502063Z 'C:\Windows\system32\drivers\etc\services' -> '/etc/services'
2026-09-02T04:14:52.1970666Z 'C:\Windows\system32\drivers\etc\networks' -> '/etc/networks'
2026-09-02T04:14:52.3741266Z gpg: /etc/pacman.d/gnupg/trustdb.gpg: trustdb created
2026-09-02T04:14:52.3810019Z gpg: no ultimately trusted keys found
2026-09-02T04:14:52.7524786Z gpg: starting migration from earlier GnuPG versions
2026-09-02T04:14:52.8106004Z gpg: porting secret keys from '/etc/pacman.d/gnupg/secring.gpg' to gpg-agent
2026-09-02T04:14:52.8108180Z gpg: migration succeeded
2026-09-02T04:14:52.8295700Z ==> Generating pacman master key. This may take some time.
2026-09-02T04:14:52.8453450Z gpg: Generating pacman keyring master key...
2026-09-02T04:14:55.9428975Z gpg: directory '/etc/pacman.d/gnupg/openpgp-revocs.d' created
2026-09-02T04:14:55.9700869Z gpg: revocation certificate stored as '/etc/pacman.d/gnupg/openpgp-revocs.d/26B341092F358F2B098D8C920BF42C9AF634DA06.rev'
2026-09-02T04:14:55.9701507Z gpg: Done
2026-09-02T04:14:55.9853203Z ==> Updating trust database...
2026-09-02T04:14:56.0177935Z gpg: marginals needed: 3  completes needed: 1  trust model: pgp
2026-09-02T04:14:56.0179577Z gpg: depth: 0  valid:   1  signed:   0  trust: 0-, 0q, 0n, 0m, 0f, 1u
2026-09-02T04:14:56.1255817Z ==> Appending keys from msys2.gpg...
2026-09-02T04:14:56.6501204Z ==> Locally signing trusted keys in keyring...
2026-09-02T04:14:57.1399461Z   -> Locally signed 5 keys.
2026-09-02T04:14:57.1526627Z ==> Importing owner trust values...
2026-09-02T04:14:57.1687837Z gpg: setting ownertrust to 4
2026-09-02T04:14:57.1688210Z gpg: setting ownertrust to 4
2026-09-02T04:14:57.1689091Z gpg: setting ownertrust to 4
2026-09-02T04:14:57.1689512Z gpg: setting ownertrust to 4
2026-09-02T04:14:57.1689893Z gpg: setting ownertrust to 4
2026-09-02T04:14:57.1926403Z ==> Disabling revoked keys in keyring...
2026-09-02T04:14:57.4660136Z   -> Disabled 4 keys.
2026-09-02T04:14:57.4792441Z ==> Updating trust database...
2026-09-02T04:14:57.6166503Z gpg: marginals needed: 3  completes needed: 1  trust model: pgp
2026-09-02T04:14:57.6189743Z gpg: depth: 0  valid:   1  signed:   5  trust: 0-, 0q, 0n, 0m, 0f, 1u
2026-09-02T04:14:57.6215758Z gpg: depth: 1  valid:   5  signed:   6  trust: 0-, 0q, 0n, 5m, 0f, 0u
2026-09-02T04:14:57.6227966Z gpg: depth: 2  valid:   3  signed:   2  trust: 3-, 0q, 0n, 0m, 0f, 0u
2026-09-02T04:14:57.6565550Z pacman-key (pacman) 6.1.0
2026-09-02T04:14:57.6566041Z Copyright (c) 2010-2024 Pacman Development Team <pacman-dev@lists.archlinux.org>.
2026-09-02T04:14:57.6566543Z 
2026-09-02T04:14:57.6699344Z This is free software; see the source for copying conditions.
2026-09-02T04:14:57.6700043Z There is NO WARRANTY, to the extent permitted by law.
2026-09-02T04:14:57.8531647Z [1;32mInitial setup complete. MSYS2 is now ready to use.[1;0m
2026-09-02T04:14:57.8675692Z MINGW64_NT-10.0-20348 runnervm0js1w 3.6.9-01d6c708.x86_64 2026-05-24 10:45 UTC x86_64 Msys
2026-09-02T04:14:57.8721708Z ##[endgroup]
2026-09-02T04:14:57.8723080Z ##[group]Disable CheckSpace...
2026-09-02T04:14:57.9304412Z [command]C:\Windows\system32\cmd.exe /D /S /C D:\a\_temp\setup-msys2\msys2.cmd -c "'sed' '-i' 's/^CheckSpace/#CheckSpace/g' '/etc/pacman.conf'"
2026-09-02T04:14:58.1024931Z ##[endgroup]
2026-09-02T04:14:58.1025501Z ##[group]Updating packages...
2026-09-02T04:14:58.1589042Z [command]C:\Windows\system32\cmd.exe /D /S /C D:\a\_temp\setup-msys2\msys2.cmd -c "'pacman' '--noconfirm' '-Syuu' '--overwrite' '*'"
2026-09-02T04:14:58.7881492Z :: Synchronizing package databases...
2026-09-02T04:15:00.0357710Z  clangarm64 downloading...
2026-09-02T04:15:00.0358377Z  mingw32 downloading...
2026-09-02T04:15:00.0358860Z  mingw64 downloading...
2026-09-02T04:15:00.0359701Z  ucrt64 downloading...
2026-09-02T04:15:00.0360186Z  clang64 downloading...
2026-09-02T04:15:00.0360650Z  msys downloading...
2026-09-02T04:15:00.4810696Z :: Starting core system upgrade...
2026-09-02T04:15:00.6673257Z warning: terminate other MSYS2 programs before proceeding
2026-09-02T04:15:00.6673679Z resolving dependencies...
2026-09-02T04:15:00.6673961Z looking for conflicting packages...
2026-09-02T04:15:00.6760844Z 
2026-09-02T04:15:00.6761728Z Packages (1) msys2-runtime-3.6.10-3
2026-09-02T04:15:00.6761993Z 
2026-09-02T04:15:00.6762088Z Total Download Size:    1.97 MiB
2026-09-02T04:15:00.6762377Z Total Installed Size:   6.33 MiB
2026-09-02T04:15:00.6762640Z Net Upgrade Size:      -0.20 MiB
2026-09-02T04:15:00.6762786Z 
2026-09-02T04:15:00.6762993Z :: Proceed with installation? [Y/n] 
2026-09-02T04:15:00.6763258Z :: Retrieving packages...
2026-09-02T04:15:01.8246020Z  msys2-runtime-3.6.10-3-x86_64 downloading...
2026-09-02T04:15:01.8246402Z checking keyring...
2026-09-02T04:15:01.8795643Z checking package integrity...
2026-09-02T04:15:02.0368284Z loading package files...
2026-09-02T04:15:02.0395648Z checking for file conflicts...
2026-09-02T04:15:02.0416828Z :: Processing package changes...
2026-09-02T04:15:02.0417232Z upgrading msys2-runtime...
2026-09-02T04:15:02.2004003Z :: To complete this update all MSYS2 processes including this terminal will be closed. Confirm to proceed [Y/n] 
2026-09-02T04:15:02.4391495Z ##[endgroup]
2026-09-02T04:15:02.4392041Z ##[group]Killing remaining tasks...
2026-09-02T04:15:02.4965477Z [command]C:\Windows\system32\taskkill.exe /F /FI "MODULES eq msys-2.0.dll"
2026-09-02T04:15:02.6076337Z 
2026-09-02T04:15:02.6076993Z INFO: No tasks running with the specified criteria.
2026-09-02T04:15:02.6106534Z ##[endgroup]
2026-09-02T04:15:02.6107190Z ##[group]Final system upgrade...
2026-09-02T04:15:02.6669191Z [command]C:\Windows\system32\cmd.exe /D /S /C D:\a\_temp\setup-msys2\msys2.cmd -c "'pacman' '--noconfirm' '-Syuu' '--overwrite' '*'"
2026-09-02T04:15:03.2851338Z :: Synchronizing package databases...
2026-09-02T04:15:04.2863993Z  clangarm64 downloading...
2026-09-02T04:15:04.2864429Z  mingw32 downloading...
2026-09-02T04:15:04.2864662Z  mingw64 downloading...
2026-09-02T04:15:04.2865176Z  ucrt64 downloading...
2026-09-02T04:15:04.2865384Z  clang64 downloading...
2026-09-02T04:15:04.2865580Z  msys downloading...
2026-09-02T04:15:04.6951101Z :: Starting core system upgrade...
2026-09-02T04:15:04.8784221Z  there is nothing to do
2026-09-02T04:15:04.8784712Z :: Starting full system upgrade...
2026-09-02T04:15:04.9130496Z resolving dependencies...
2026-09-02T04:15:04.9182284Z looking for conflicting packages...
2026-09-02T04:15:04.9294323Z 
2026-09-02T04:15:04.9297693Z Packages (31) bash-completion-2.18.0-1  bsdtar-3.8.9-1  ca-certificates-20260816-1  curl-8.21.0-1  findutils-4.11.0-2  gawk-5.4.1-1  gcc-libs-15.3.0-1  gnupg-2.4.9-3  libcurl-8.21.0-1  libexpat-2.8.3-1  libffi-3.8.0-1  libgnutls-3.8.13-2  libhogweed-4.0-1  libnettle-4.0-1  libnghttp2-1.70.0-1  libnghttp3-1.18.0-1  libngtcp2-1.25.0-1  libopenssl-3.6.4-1  libp11-kit-0.26.5-1  libpsl-0.23.2-1  libsqlite-3.53.4-1  msys2-keyring-1~20260814-1  nano-9.2-1  nettle-4.0-1  openssl-3.6.4-1  p11-kit-0.26.5-1  pacman-contrib-1.10.6-2  perl-5.42.3-1  pinentry-1.3.3-1  tzcode-2026c-1  wget-1.25.0-2
2026-09-02T04:15:04.9300985Z 
2026-09-02T04:15:04.9301147Z Total Download Size:    27.05 MiB
2026-09-02T04:15:04.9301540Z Total Installed Size:  108.42 MiB
2026-09-02T04:15:04.9301929Z Net Upgrade Size:       -1.02 MiB
2026-09-02T04:15:04.9302193Z 
2026-09-02T04:15:04.9302727Z :: Proceed with installation? [Y/n] 
2026-09-02T04:15:04.9303202Z :: Retrieving packages...
2026-09-02T04:15:07.6609869Z  perl-5.42.3-1-x86_64 downloading...
2026-09-02T04:15:07.6610382Z  pacman-contrib-1.10.6-2-x86_64 downloading...
2026-09-02T04:15:07.6610873Z  gnupg-2.4.9-3-x86_64 downloading...
2026-09-02T04:15:07.6611260Z  libopenssl-3.6.4-1-x86_64 downloading...
2026-09-02T04:15:07.6611616Z  gawk-5.4.1-1-x86_64 downloading...
2026-09-02T04:15:07.6611871Z  libgnutls-3.8.13-2-x86_64 downloading...
2026-09-02T04:15:07.6612140Z  gcc-libs-15.3.0-1-x86_64 downloading...
2026-09-02T04:15:07.6612393Z  curl-8.21.0-1-x86_64 downloading...
2026-09-02T04:15:07.6612662Z  wget-1.25.0-2-x86_64 downloading...
2026-09-02T04:15:07.6612905Z  libsqlite-3.53.4-1-x86_64 downloading...
2026-09-02T04:15:07.6613163Z  nano-9.2-1-x86_64 downloading...
2026-09-02T04:15:07.6613415Z  openssl-3.6.4-1-x86_64 downloading...
2026-09-02T04:15:07.6613666Z  findutils-4.11.0-2-x86_64 downloading...
2026-09-02T04:15:07.6613936Z  p11-kit-0.26.5-1-x86_64 downloading...
2026-09-02T04:15:07.6614208Z  ca-certificates-20260816-1-any downloading...
2026-09-02T04:15:07.6614485Z  libcurl-8.21.0-1-x86_64 downloading...
2026-09-02T04:15:07.6614730Z  bsdtar-3.8.9-1-x86_64 downloading...
2026-09-02T04:15:07.6615022Z  tzcode-2026c-1-x86_64 downloading...
2026-09-02T04:15:07.6615269Z  libp11-kit-0.26.5-1-x86_64 downloading...
2026-09-02T04:15:07.6615544Z  bash-completion-2.18.0-1-any downloading...
2026-09-02T04:15:07.6615815Z  libhogweed-4.0-1-x86_64 downloading...
2026-09-02T04:15:07.6616071Z  libngtcp2-1.25.0-1-x86_64 downloading...
2026-09-02T04:15:07.6616340Z  libnettle-4.0-1-x86_64 downloading...
2026-09-02T04:15:07.6616582Z  nettle-4.0-1-x86_64 downloading...
2026-09-02T04:15:07.6616820Z  libpsl-0.23.2-1-x86_64 downloading...
2026-09-02T04:15:07.6617068Z  libnghttp3-1.18.0-1-x86_64 downloading...
2026-09-02T04:15:07.6617334Z  libnghttp2-1.70.0-1-x86_64 downloading...
2026-09-02T04:15:07.6617584Z  libexpat-2.8.3-1-x86_64 downloading...
2026-09-02T04:15:07.6617877Z  pinentry-1.3.3-1-x86_64 downloading...
2026-09-02T04:15:07.6618276Z  msys2-keyring-1~20260814-1-any downloading...
2026-09-02T04:15:07.6618548Z  libffi-3.8.0-1-x86_64 downloading...
2026-09-02T04:15:07.6618784Z checking keyring...
2026-09-02T04:15:07.7176926Z checking package integrity...
2026-09-02T04:15:12.1129866Z loading package files...
2026-09-02T04:15:12.1886618Z checking for file conflicts...
2026-09-02T04:15:12.2417947Z :: Running pre-transaction hooks...
2026-09-02T04:15:12.2418400Z (1/1) Removing old entries from the info directory file...
2026-09-02T04:15:12.3626255Z :: Processing package changes...
2026-09-02T04:15:12.3627065Z upgrading bash-completion...
2026-09-02T04:15:13.1399530Z upgrading gcc-libs...
2026-09-02T04:15:13.1573712Z upgrading libexpat...
2026-09-02T04:15:13.1615492Z upgrading libopenssl...
2026-09-02T04:15:13.1866561Z upgrading bsdtar...
2026-09-02T04:15:13.1953957Z upgrading openssl...
2026-09-02T04:15:13.2877854Z upgrading findutils...
2026-09-02T04:15:13.3533201Z upgrading libffi...
2026-09-02T04:15:13.3628028Z upgrading libp11-kit...
2026-09-02T04:15:13.3696952Z upgrading p11-kit...
2026-09-02T04:15:13.5008905Z upgrading ca-certificates...
2026-09-02T04:15:14.0474546Z upgrading libnghttp3...
2026-09-02T04:15:14.0530320Z upgrading libngtcp2...
2026-09-02T04:15:14.0603869Z upgrading libnghttp2...
2026-09-02T04:15:14.0659354Z upgrading libpsl...
2026-09-02T04:15:14.0740287Z upgrading libcurl...
2026-09-02T04:15:14.0801425Z upgrading curl...
2026-09-02T04:15:14.4593446Z upgrading gawk...
2026-09-02T04:15:14.5478562Z upgrading libhogweed...
2026-09-02T04:15:14.5521518Z upgrading libnettle...
2026-09-02T04:15:14.5568584Z upgrading libgnutls...
2026-09-02T04:15:14.6030652Z upgrading libsqlite...
2026-09-02T04:15:14.6126196Z upgrading nettle...
2026-09-02T04:15:14.6195384Z upgrading pinentry...
2026-09-02T04:15:14.6248723Z upgrading gnupg...
2026-09-02T04:15:19.1671406Z ==> Appending keys from msys2.gpg...
2026-09-02T04:15:19.6211481Z ==> Updating trust database...
2026-09-02T04:15:19.6384244Z gpg: no need for a trustdb check
2026-09-02T04:15:19.7244647Z upgrading msys2-keyring...
2026-09-02T04:15:20.0582798Z ==> Appending keys from msys2.gpg...
2026-09-02T04:15:20.5375827Z ==> Updating trust database...
2026-09-02T04:15:20.5543213Z gpg: next trustdb check due at 2027-02-10
2026-09-02T04:15:20.6391264Z upgrading nano...
2026-09-02T04:15:20.7338969Z upgrading pacman-contrib...
2026-09-02T04:15:20.7952128Z New optional dependencies for pacman-contrib
2026-09-02T04:15:20.7952559Z     perl: for pacsearch [installed]
2026-09-02T04:15:20.7952874Z     vim: default diff program for pacdiff
2026-09-02T04:15:20.7953146Z upgrading perl...
2026-09-02T04:15:22.3181818Z upgrading tzcode...
2026-09-02T04:15:23.9393200Z upgrading wget...
2026-09-02T04:15:24.0415866Z :: Running post-transaction hooks...
2026-09-02T04:15:24.0416325Z (1/1) Updating the info directory file...
2026-09-02T04:15:25.7167197Z ##[endgroup]
2026-09-02T04:15:25.7168426Z ##[group]Installing additional packages through pacman...
2026-09-02T04:15:25.7722379Z [command]C:\Windows\system32\cmd.exe /D /S /C D:\a\_temp\setup-msys2\msys2.cmd -c "'pacman' '--noconfirm' '-S' '--needed' '--overwrite' '*' 'git' 'make' 'mingw-w64-x86_64-boost' 'mingw-w64-x86_64-cmake' 'mingw-w64-x86_64-gcc'"
2026-09-02T04:15:26.5630006Z resolving dependencies...
2026-09-02T04:15:26.5742279Z looking for conflicting packages...
2026-09-02T04:15:26.5881830Z 
2026-09-02T04:15:26.5895766Z Packages (89) heimdal-7.8.0-5  heimdal-libs-7.8.0-5  libcbor-0.14.0-2  libedit-20240808_3.1-1  libfido2-1.17.0-1  mingw-w64-x86_64-binutils-2.47-3  mingw-w64-x86_64-boost-libs-1.91.0-3  mingw-w64-x86_64-brotli-1.2.0-1  mingw-w64-x86_64-bzip2-1.0.8-4  mingw-w64-x86_64-c-ares-1.34.8-1  mingw-w64-x86_64-ca-certificates-20260816-1  mingw-w64-x86_64-cppdap-1.65.r11.g6464cd7-1  mingw-w64-x86_64-crt-14.0.0.r302.gd7f3c5201-1  mingw-w64-x86_64-curl-8.21.0-2  mingw-w64-x86_64-expat-2.8.3-1  mingw-w64-x86_64-gcc-libs-16.2.0-3  mingw-w64-x86_64-gettext-runtime-1.0-1  mingw-w64-x86_64-gmp-6.3.0-2  mingw-w64-x86_64-gnutls-3.8.13-3  mingw-w64-x86_64-headers-14.0.0.r302.gd7f3c5201-1  mingw-w64-x86_64-icu-78.3-4  mingw-w64-x86_64-isl-0.28-1  mingw-w64-x86_64-jsoncpp-1.9.8-1  mingw-w64-x86_64-libarchive-3.8.9-5  mingw-w64-x86_64-libb2-0.98.1-3  mingw-w64-x86_64-libffi-3.8.0-1  mingw-w64-x86_64-libiconv-1.19-1  mingw-w64-x86_64-libidn2-2.3.8-4  mingw-w64-x86_64-libpsl-0.21.5-3  mingw-w64-x86_64-libssh2-1.11.1-2  mingw-w64-x86_64-libtasn1-4.21.0-1  mingw-w64-x86_64-libunistring-1.4.2-1  mingw-w64-x86_64-libuv-1.52.1-1  mingw-w64-x86_64-libwinpthread-14.0.0.r302.gd7f3c5201-1  mingw-w64-x86_64-lz4-1.10.0-1  mingw-w64-x86_64-mpc-1.4.1-1  mingw-w64-x86_64-mpfr-4.2.2-3  mingw-w64-x86_64-nettle-4.0-1  mingw-w64-x86_64-nghttp2-1.70.0-1  mingw-w64-x86_64-nghttp3-1.18.0-1  mingw-w64-x86_64-ngtcp2-1.25.0-1  mingw-w64-x86_64-ninja-1.13.2-1  mingw-w64-x86_64-openssl-3.6.4-1  mingw-w64-x86_64-p11-kit-0.26.5-1  mingw-w64-x86_64-pcre2-10.47-1  mingw-w64-x86_64-pkgconf-1~3.0.5-1  mingw-w64-x86_64-rhash-1.4.6-1  mingw-w64-x86_64-tzdata-2026c-1  mingw-w64-x86_64-windows-default-manifest-20260815-1  mingw-w64-x86_64-wineditline-2.208-1  mingw-w64-x86_64-winpthreads-14.0.0.r302.gd7f3c5201-1  mingw-w64-x86_64-xz-5.8.3-1  mingw-w64-x86_64-zlib-1.3.2-2  mingw-w64-x86_64-zstd-1.5.7-2  openssh-10.5p1-2  perl-Authen-SASL-2.2000-1  perl-Clone-0.50-2  perl-Convert-BinHex-1.125-2  perl-Encode-Locale-1.05-2  perl-Error-0.17030-1  perl-File-Listing-6.16-1  perl-HTML-Parser-3.85-1  perl-HTML-Tagset-3.24-1  perl-HTTP-Cookies-6.12-1  perl-HTTP-Daemon-6.17-1  perl-HTTP-Date-6.08-1  perl-HTTP-Message-7.04-1  perl-HTTP-Negotiate-6.01-3  perl-IO-HTML-1.004-2  perl-IO-Socket-SSL-2.099-1  perl-IO-Stringy-2.113-3  perl-LWP-MediaTypes-6.04-2  perl-MIME-tools-5.517-1  perl-MailTools-2.22-1  perl-Net-HTTP-6.24-1  perl-Net-SMTP-SSL-1.04-2  perl-Net-SSLeay-1.96-1  perl-TermReadKey-2.38-8  perl-TimeDate-2.35-1  perl-Try-Tiny-0.32-1  perl-URI-5.36-1  perl-WWW-RobotRules-6.03-1  perl-http-cookiejar-0.014-1  perl-libwww-6.83-2  git-2.55.0-1  make-4.4.1-3  mingw-w64-x86_64-boost-1.91.0-3  mingw-w64-x86_64-cmake-4.4.2-2  mingw-w64-x86_64-gcc-16.2.0-3
2026-09-02T04:15:26.5907419Z 
2026-09-02T04:15:26.5907521Z Total Download Size:    154.18 MiB
2026-09-02T04:15:26.5907784Z Total Installed Size:  1023.08 MiB
2026-09-02T04:15:26.5908073Z 
2026-09-02T04:15:26.5908270Z :: Proceed with installation? [Y/n] 
2026-09-02T04:15:26.5908650Z :: Retrieving packages...
2026-09-02T04:15:33.3841794Z  mingw-w64-x86_64-gcc-16.2.0-3-any downloading...
2026-09-02T04:15:33.3842362Z  mingw-w64-x86_64-icu-78.3-4-any downloading...
2026-09-02T04:15:33.3842884Z  mingw-w64-x86_64-boost-1.91.0-3-any downloading...
2026-09-02T04:15:33.3843398Z  mingw-w64-x86_64-cmake-4.4.2-2-any downloading...
2026-09-02T04:15:33.3843916Z  mingw-w64-x86_64-openssl-3.6.4-1-any downloading...
2026-09-02T04:15:33.3844365Z  git-2.55.0-1-x86_64 downloading...
2026-09-02T04:15:33.3844901Z  mingw-w64-x86_64-headers-14.0.0.r302.gd7f3c5201-1-any downloading...
2026-09-02T04:15:33.3845781Z  mingw-w64-x86_64-binutils-2.47-3-any downloading...
2026-09-02T04:15:33.3846356Z  mingw-w64-x86_64-crt-14.0.0.r302.gd7f3c5201-1-any downloading...
2026-09-02T04:15:33.3846936Z  mingw-w64-x86_64-boost-libs-1.91.0-3-any downloading...
2026-09-02T04:15:33.3847429Z  mingw-w64-x86_64-gnutls-3.8.13-3-any downloading...
2026-09-02T04:15:33.3847918Z  mingw-w64-x86_64-libarchive-3.8.9-5-any downloading...
2026-09-02T04:15:33.3848414Z  mingw-w64-x86_64-curl-8.21.0-2-any downloading...
2026-09-02T04:15:33.3848733Z  mingw-w64-x86_64-isl-0.28-1-any downloading...
2026-09-02T04:15:33.3849051Z  mingw-w64-x86_64-pcre2-10.47-1-any downloading...
2026-09-02T04:15:33.3849341Z  openssh-10.5p1-2-x86_64 downloading...
2026-09-02T04:15:33.3849631Z  mingw-w64-x86_64-gcc-libs-16.2.0-3-any downloading...
2026-09-02T04:15:33.3849968Z  mingw-w64-x86_64-libunistring-1.4.2-1-any downloading...
2026-09-02T04:15:33.3850286Z  heimdal-libs-7.8.0-5-x86_64 downloading...
2026-09-02T04:15:33.3850586Z  mingw-w64-x86_64-libiconv-1.19-1-any downloading...
2026-09-02T04:15:33.3850892Z  mingw-w64-x86_64-zstd-1.5.7-2-any downloading...
2026-09-02T04:15:33.3851353Z  mingw-w64-x86_64-p11-kit-0.26.5-1-any downloading...
2026-09-02T04:15:33.3851676Z  mingw-w64-x86_64-gmp-6.3.0-2-any downloading...
2026-09-02T04:15:33.3851972Z  mingw-w64-x86_64-nettle-4.0-1-any downloading...
2026-09-02T04:15:33.3852269Z  heimdal-7.8.0-5-x86_64 downloading...
2026-09-02T04:15:33.3852540Z  mingw-w64-x86_64-mpfr-4.2.2-3-any downloading...
2026-09-02T04:15:33.3852887Z  mingw-w64-x86_64-cppdap-1.65.r11.g6464cd7-1-any downloading...
2026-09-02T04:15:33.3853471Z  make-4.4.1-3-x86_64 downloading...
2026-09-02T04:15:33.3853738Z  mingw-w64-x86_64-xz-5.8.3-1-any downloading...
2026-09-02T04:15:33.3854045Z  mingw-w64-x86_64-brotli-1.2.0-1-any downloading...
2026-09-02T04:15:33.3854384Z  mingw-w64-x86_64-gettext-runtime-1.0-1-any downloading...
2026-09-02T04:15:33.3855016Z  mingw-w64-x86_64-ca-certificates-20260816-1-any downloading...
2026-09-02T04:15:33.3855565Z  mingw-w64-x86_64-c-ares-1.34.8-1-any downloading...
2026-09-02T04:15:33.3856073Z  mingw-w64-x86_64-libssh2-1.11.1-2-any downloading...
2026-09-02T04:15:33.3856571Z  mingw-w64-x86_64-ngtcp2-1.25.0-1-any downloading...
2026-09-02T04:15:33.3857058Z  mingw-w64-x86_64-rhash-1.4.6-1-any downloading...
2026-09-02T04:15:33.3857528Z  perl-Net-SSLeay-1.96-1-x86_64 downloading...
2026-09-02T04:15:33.3857989Z  mingw-w64-x86_64-tzdata-2026c-1-any downloading...
2026-09-02T04:15:33.3858409Z  mingw-w64-x86_64-libuv-1.52.1-1-any downloading...
2026-09-02T04:15:33.3858923Z  mingw-w64-x86_64-jsoncpp-1.9.8-1-any downloading...
2026-09-02T04:15:33.3859430Z  mingw-w64-x86_64-nghttp2-1.70.0-1-any downloading...
2026-09-02T04:15:33.3859965Z  mingw-w64-x86_64-libtasn1-4.21.0-1-any downloading...
2026-09-02T04:15:33.3860465Z  mingw-w64-x86_64-expat-2.8.3-1-any downloading...
2026-09-02T04:15:33.3860964Z  mingw-w64-x86_64-ninja-1.13.2-1-any downloading...
2026-09-02T04:15:33.3861473Z  perl-MIME-tools-5.517-1-any downloading...
2026-09-02T04:15:33.3861983Z  mingw-w64-x86_64-libidn2-2.3.8-4-any downloading...
2026-09-02T04:15:33.3862446Z  mingw-w64-x86_64-lz4-1.10.0-1-any downloading...
2026-09-02T04:15:33.3862937Z  perl-IO-Socket-SSL-2.099-1-any downloading...
2026-09-02T04:15:33.3863431Z  mingw-w64-x86_64-pkgconf-1~3.0.5-1-any downloading...
2026-09-02T04:15:33.3863926Z  mingw-w64-x86_64-nghttp3-1.18.0-1-any downloading...
2026-09-02T04:15:33.3864431Z  mingw-w64-x86_64-mpc-1.4.1-1-any downloading...
2026-09-02T04:15:33.3864898Z  perl-libwww-6.83-2-any downloading...
2026-09-02T04:15:33.3865351Z  mingw-w64-x86_64-zlib-1.3.2-2-any downloading...
2026-09-02T04:15:33.3865812Z  perl-URI-5.36-1-any downloading...
2026-09-02T04:15:33.3866237Z  mingw-w64-x86_64-libpsl-0.21.5-3-any downloading...
2026-09-02T04:15:33.3866696Z  mingw-w64-x86_64-bzip2-1.0.8-4-any downloading...
2026-09-02T04:15:33.3867183Z  libedit-20240808_3.1-1-x86_64 downloading...
2026-09-02T04:15:33.3867486Z  libfido2-1.17.0-1-x86_64 downloading...
2026-09-02T04:15:33.3867765Z  perl-HTML-Parser-3.85-1-x86_64 downloading...
2026-09-02T04:15:33.3868188Z  perl-HTTP-Message-7.04-1-any downloading...
2026-09-02T04:15:33.3868625Z  perl-TimeDate-2.35-1-any downloading...
2026-09-02T04:15:33.3869104Z  mingw-w64-x86_64-wineditline-2.208-1-any downloading...
2026-09-02T04:15:33.3869588Z  perl-MailTools-2.22-1-any downloading...
2026-09-02T04:15:33.3870136Z  mingw-w64-x86_64-libffi-3.8.0-1-any downloading...
2026-09-02T04:15:33.3870457Z  perl-IO-Stringy-2.113-3-any downloading...
2026-09-02T04:15:33.3870869Z  mingw-w64-x86_64-winpthreads-14.0.0.r302.gd7f3c5201-1-any downloading...
2026-09-02T04:15:33.3871340Z  perl-Authen-SASL-2.2000-1-any downloading...
2026-09-02T04:15:33.3871723Z  mingw-w64-x86_64-libwinpthread-14.0.0.r302.gd7f3c5201-1-any downloading...
2026-09-02T04:15:33.3872124Z  perl-Convert-BinHex-1.125-2-any downloading...
2026-09-02T04:15:33.3872433Z  mingw-w64-x86_64-libb2-0.98.1-3-any downloading...
2026-09-02T04:15:33.3872714Z  libcbor-0.14.0-2-x86_64 downloading...
2026-09-02T04:15:33.3872978Z  perl-HTTP-Cookies-6.12-1-any downloading...
2026-09-02T04:15:33.3873251Z  perl-Net-HTTP-6.24-1-any downloading...
2026-09-02T04:15:33.3873507Z  perl-Error-0.17030-1-any downloading...
2026-09-02T04:15:33.3873786Z  perl-TermReadKey-2.38-8-x86_64 downloading...
2026-09-02T04:15:33.3874078Z  perl-HTTP-Daemon-6.17-1-any downloading...
2026-09-02T04:15:33.3874357Z  perl-LWP-MediaTypes-6.04-2-any downloading...
2026-09-02T04:15:33.3874631Z  perl-Try-Tiny-0.32-1-any downloading...
2026-09-02T04:15:33.3875058Z  perl-Clone-0.50-2-x86_64 downloading...
2026-09-02T04:15:33.3875316Z  perl-IO-HTML-1.004-2-any downloading...
2026-09-02T04:15:33.3875894Z  perl-WWW-RobotRules-6.03-1-any downloading...
2026-09-02T04:15:33.3876312Z  perl-http-cookiejar-0.014-1-any downloading...
2026-09-02T04:15:33.3876753Z  perl-HTTP-Negotiate-6.01-3-any downloading...
2026-09-02T04:15:33.3878363Z  perl-Encode-Locale-1.05-2-any downloading...
2026-09-02T04:15:33.3878805Z  perl-HTML-Tagset-3.24-1-any downloading...
2026-09-02T04:15:33.3879220Z  perl-File-Listing-6.16-1-any downloading...
2026-09-02T04:15:33.3879637Z  perl-HTTP-Date-6.08-1-any downloading...
2026-09-02T04:15:33.3879916Z  perl-Net-SMTP-SSL-1.04-2-any downloading...
2026-09-02T04:15:33.3880285Z  mingw-w64-x86_64-windows-default-manifest-20260815-1-any downloading...
2026-09-02T04:15:33.3880653Z checking keyring...
2026-09-02T04:15:33.4510768Z checking package integrity...
2026-09-02T04:15:47.7121112Z loading package files...
2026-09-02T04:15:48.0687500Z checking for file conflicts...
2026-09-02T04:15:50.3425619Z :: Processing package changes...
2026-09-02T04:15:50.3425948Z installing libedit...
2026-09-02T04:15:50.3729688Z installing heimdal-libs...
2026-09-02T04:15:50.3908368Z installing heimdal...
2026-09-02T04:15:50.9637778Z installing libcbor...
2026-09-02T04:15:50.9666500Z installing libfido2...
2026-09-02T04:15:50.9701291Z installing openssh...
2026-09-02T04:15:51.0076825Z installing perl-Error...
2026-09-02T04:15:51.0150931Z installing perl-Authen-SASL...
2026-09-02T04:15:51.0361382Z installing perl-Encode-Locale...
2026-09-02T04:15:51.0415248Z installing perl-HTTP-Date...
2026-09-02T04:15:51.0474028Z installing perl-File-Listing...
2026-09-02T04:15:51.0528046Z installing perl-HTML-Tagset...
2026-09-02T04:15:51.0588255Z installing perl-Clone...
2026-09-02T04:15:51.0636596Z installing perl-IO-HTML...
2026-09-02T04:15:51.0690432Z installing perl-LWP-MediaTypes...
2026-09-02T04:15:51.0756466Z installing perl-URI...
2026-09-02T04:15:51.1344593Z installing perl-HTTP-Message...
2026-09-02T04:15:51.1518403Z installing perl-HTML-Parser...
2026-09-02T04:15:51.1658761Z installing perl-HTTP-Cookies...
2026-09-02T04:15:51.1735498Z installing perl-HTTP-Daemon...
2026-09-02T04:15:51.1779582Z installing perl-http-cookiejar...
2026-09-02T04:15:51.1843109Z installing perl-HTTP-Negotiate...
2026-09-02T04:15:51.1887049Z installing perl-Net-HTTP...
2026-09-02T04:15:51.1985763Z installing perl-WWW-RobotRules...
2026-09-02T04:15:51.2071433Z installing perl-Try-Tiny...
2026-09-02T04:15:51.2141466Z installing perl-libwww...
2026-09-02T04:15:51.2458501Z Optional dependencies for perl-libwww
2026-09-02T04:15:51.2459113Z     perl-LWP-Protocol-https: for https:// url schemes
2026-09-02T04:15:51.2459627Z installing perl-TimeDate...
2026-09-02T04:15:51.3054215Z installing perl-MailTools...
2026-09-02T04:15:51.3309573Z installing perl-IO-Stringy...
2026-09-02T04:15:51.3438185Z installing perl-Convert-BinHex...
2026-09-02T04:15:51.4842632Z module test... pass.
2026-09-02T04:15:51.4851470Z installing perl-MIME-tools...
2026-09-02T04:15:51.5214047Z installing perl-Net-SSLeay...
2026-09-02T04:15:51.5888309Z installing perl-IO-Socket-SSL...
2026-09-02T04:15:51.6004693Z installing perl-Net-SMTP-SSL...
2026-09-02T04:15:51.6047066Z installing perl-TermReadKey...
2026-09-02T04:15:51.6119099Z installing git...
2026-09-02T04:15:52.1064484Z Optional dependencies for git
2026-09-02T04:15:52.1064975Z     python: various helper scripts
2026-09-02T04:15:52.1065371Z     subversion: git svn
2026-09-02T04:15:52.1065738Z     aspell: spell checking in git gui
2026-09-02T04:15:52.1066177Z installing make...
2026-09-02T04:15:52.1363611Z installing mingw-w64-x86_64-libwinpthread...
2026-09-02T04:15:52.1407132Z installing mingw-w64-x86_64-tzdata...
2026-09-02T04:15:53.6563935Z installing mingw-w64-x86_64-gcc-libs...
2026-09-02T04:15:53.6730563Z installing mingw-w64-x86_64-bzip2...
2026-09-02T04:15:53.6901835Z installing mingw-w64-x86_64-icu...
2026-09-02T04:15:54.0425936Z installing mingw-w64-x86_64-libiconv...
2026-09-02T04:15:54.0646219Z installing mingw-w64-x86_64-gettext-runtime...
2026-09-02T04:15:54.1790531Z installing mingw-w64-x86_64-xz...
2026-09-02T04:15:54.2784474Z installing mingw-w64-x86_64-zstd...
2026-09-02T04:15:54.2977034Z installing mingw-w64-x86_64-zlib...
2026-09-02T04:15:54.3053174Z installing mingw-w64-x86_64-boost-libs...
2026-09-02T04:15:54.3503408Z installing mingw-w64-x86_64-boost...
2026-09-02T04:16:06.8773259Z Optional dependencies for mingw-w64-x86_64-boost
2026-09-02T04:16:06.8773652Z     mingw-w64-x86_64-python: For Boost.Python
2026-09-02T04:16:06.8774025Z     mingw-w64-x86_64-python-numpy: For Boost.Python (NumPy)
2026-09-02T04:16:06.8774359Z installing mingw-w64-x86_64-cppdap...
2026-09-02T04:16:06.9008115Z installing mingw-w64-x86_64-c-ares...
2026-09-02T04:16:07.0016030Z installing mingw-w64-x86_64-brotli...
2026-09-02T04:16:07.0217543Z installing mingw-w64-x86_64-libunistring...
2026-09-02T04:16:07.0658665Z installing mingw-w64-x86_64-libidn2...
2026-09-02T04:16:07.0915626Z installing mingw-w64-x86_64-libpsl...
2026-09-02T04:16:07.0998891Z installing mingw-w64-x86_64-libtasn1...
2026-09-02T04:16:07.1353862Z installing mingw-w64-x86_64-libffi...
2026-09-02T04:16:07.1448311Z installing mingw-w64-x86_64-p11-kit...
2026-09-02T04:16:07.3174116Z installing mingw-w64-x86_64-ca-certificates...
2026-09-02T04:16:07.9456684Z installing mingw-w64-x86_64-openssl...
2026-09-02T04:16:12.8773257Z Optional dependencies for mingw-w64-x86_64-openssl
2026-09-02T04:16:12.8773880Z     mingw-w64-x86_64-ca-certificates [installed]
2026-09-02T04:16:12.8774386Z installing mingw-w64-x86_64-libssh2...
2026-09-02T04:16:13.0727481Z installing mingw-w64-x86_64-nghttp2...
2026-09-02T04:16:13.0877301Z installing mingw-w64-x86_64-gmp...
2026-09-02T04:16:13.1023455Z installing mingw-w64-x86_64-nettle...
2026-09-02T04:16:13.1532454Z installing mingw-w64-x86_64-gnutls...
2026-09-02T04:16:13.9726763Z installing mingw-w64-x86_64-ngtcp2...
2026-09-02T04:16:13.9922424Z installing mingw-w64-x86_64-nghttp3...
2026-09-02T04:16:14.0042567Z installing mingw-w64-x86_64-curl...
2026-09-02T04:16:14.4123237Z installing mingw-w64-x86_64-expat...
2026-09-02T04:16:14.4263089Z installing mingw-w64-x86_64-jsoncpp...
2026-09-02T04:16:14.4433677Z installing mingw-w64-x86_64-libb2...
2026-09-02T04:16:14.4496806Z installing mingw-w64-x86_64-lz4...
2026-09-02T04:16:14.4629431Z installing mingw-w64-x86_64-wineditline...
2026-09-02T04:16:14.4708043Z installing mingw-w64-x86_64-pcre2...
2026-09-02T04:16:14.6310858Z installing mingw-w64-x86_64-libarchive...
2026-09-02T04:16:14.7030629Z installing mingw-w64-x86_64-libuv...
2026-09-02T04:16:14.7229748Z installing mingw-w64-x86_64-ninja...
2026-09-02T04:16:14.7285340Z installing mingw-w64-x86_64-pkgconf...
2026-09-02T04:16:14.7480792Z installing mingw-w64-x86_64-rhash...
2026-09-02T04:16:14.7805631Z installing mingw-w64-x86_64-cmake...
2026-09-02T04:16:17.6120575Z Optional dependencies for mingw-w64-x86_64-cmake
2026-09-02T04:16:17.6121237Z     mingw-w64-x86_64-emacs: for cmake emacs mode
2026-09-02T04:16:17.6121700Z installing mingw-w64-x86_64-binutils...
2026-09-02T04:16:17.8252232Z installing mingw-w64-x86_64-headers...
2026-09-02T04:16:18.9762925Z installing mingw-w64-x86_64-crt...
2026-09-02T04:16:19.5679474Z installing mingw-w64-x86_64-isl...
2026-09-02T04:16:19.6311436Z installing mingw-w64-x86_64-mpfr...
2026-09-02T04:16:19.6520257Z installing mingw-w64-x86_64-mpc...
2026-09-02T04:16:19.6585552Z installing mingw-w64-x86_64-windows-default-manifest...
2026-09-02T04:16:19.6614111Z installing mingw-w64-x86_64-winpthreads...
2026-09-02T04:16:19.6709370Z installing mingw-w64-x86_64-gcc...
2026-09-02T04:16:21.1416199Z :: Running post-transaction hooks...
2026-09-02T04:16:21.1416715Z (1/1) Updating the info directory file...
2026-09-02T04:16:21.4769263Z ##[endgroup]
2026-09-02T04:16:21.5054559Z ##[group]Run cmake --version
2026-09-02T04:16:21.5054982Z [36;1mcmake --version[0m
2026-09-02T04:16:21.5055206Z [36;1mg++ --version[0m
2026-09-02T04:16:21.5059665Z shell: D:\a\_temp\setup-msys2\msys2.CMD {0}
2026-09-02T04:16:21.5059948Z env:
2026-09-02T04:16:21.5060203Z   OPENFHE_COMMIT: df495ba2e91739a6dc8f1de254fc5a41155ce504
2026-09-02T04:16:21.5060565Z   OPENFHE_PREFIX: C:\openfhe-2023-1788\openfhe-install
2026-09-02T04:16:21.5060872Z   WINDOWS_ROOT: C:\openfhe-2023-1788
2026-09-02T04:16:21.5061336Z   PROJECT_SOURCE: C:\openfhe-2023-1788\cleanroom
2026-09-02T04:16:21.5061644Z   OPENFHE_SOURCE: C:\openfhe-2023-1788\openfhe-src
2026-09-02T04:16:21.5062002Z   OPENFHE_BUILD: C:\openfhe-2023-1788\openfhe-build-33590046548-1
2026-09-02T04:16:21.5062398Z   PROJECT_BUILD: C:\openfhe-2023-1788\project-build-33590046548-1
2026-09-02T04:16:21.5062703Z   MSYSTEM: MINGW64
2026-09-02T04:16:21.5062894Z ##[endgroup]
2026-09-02T04:16:21.6980893Z cmake version 4.4.2
2026-09-02T04:16:21.6981212Z 
2026-09-02T04:16:21.6981415Z CMake suite maintained and supported by Kitware (kitware.com/cmake).
2026-09-02T04:16:21.7257252Z g++.exe (Rev3, Built by MSYS2 project) 16.2.0
2026-09-02T04:16:21.7257853Z Copyright (C) 2026 Free Software Foundation, Inc.
2026-09-02T04:16:21.7258527Z This is free software; see the source for copying conditions.  There is NO
2026-09-02T04:16:21.7259408Z warranty; not even for MERCHANTABILITY or FITNESS FOR A PARTICULAR PURPOSE.
2026-09-02T04:16:21.7259969Z 
2026-09-02T04:16:21.7513869Z ##[group]Run source="$(cygpath -u "$OPENFHE_SOURCE")"
2026-09-02T04:16:21.7514393Z [36;1msource="$(cygpath -u "$OPENFHE_SOURCE")"[0m
2026-09-02T04:16:21.7514753Z [36;1mactual="$(git -C "$source" rev-parse HEAD)"[0m
2026-09-02T04:16:21.7515076Z [36;1mtest "$actual" = "$OPENFHE_COMMIT"[0m
2026-09-02T04:16:21.7515418Z [36;1mtest -z "$(git -C "$source" status --porcelain)"[0m
2026-09-02T04:16:21.7515778Z [36;1mgit -C "$source" submodule status --recursive[0m
2026-09-02T04:16:21.7517895Z shell: D:\a\_temp\setup-msys2\msys2.CMD {0}
2026-09-02T04:16:21.7518171Z env:
2026-09-02T04:16:21.7518433Z   OPENFHE_COMMIT: df495ba2e91739a6dc8f1de254fc5a41155ce504
2026-09-02T04:16:21.7518798Z   OPENFHE_PREFIX: C:\openfhe-2023-1788\openfhe-install
2026-09-02T04:16:21.7519103Z   WINDOWS_ROOT: C:\openfhe-2023-1788
2026-09-02T04:16:21.7519384Z   PROJECT_SOURCE: C:\openfhe-2023-1788\cleanroom
2026-09-02T04:16:21.7519689Z   OPENFHE_SOURCE: C:\openfhe-2023-1788\openfhe-src
2026-09-02T04:16:21.7520103Z   OPENFHE_BUILD: C:\openfhe-2023-1788\openfhe-build-33590046548-1
2026-09-02T04:16:21.7520497Z   PROJECT_BUILD: C:\openfhe-2023-1788\project-build-33590046548-1
2026-09-02T04:16:21.7520808Z   MSYSTEM: MINGW64
2026-09-02T04:16:21.7521007Z ##[endgroup]
2026-09-02T04:16:23.2170666Z  984e3f194862b17916536b5fade40cba6e47a6fe third-party/cereal (heads/main)
2026-09-02T04:16:23.3283099Z  eddb0241389718a23a42db6af5f0164b6e0139af third-party/google-benchmark (eddb024)
2026-09-02T04:16:23.4298004Z  52eb8108c5bdec04579160ae17225d66034bd723 third-party/google-test (52eb810)
2026-09-02T04:16:23.6277455Z  83edb60836d87cf1b406e8846b9059c03031e8f5 third-party/gperftools (83edb60)
2026-09-02T04:16:23.6604626Z ##[group]Run prefix="$(cygpath -u "$OPENFHE_PREFIX")"
2026-09-02T04:16:23.6605106Z [36;1mprefix="$(cygpath -u "$OPENFHE_PREFIX")"[0m
2026-09-02T04:16:23.6605435Z [36;1msource="$(cygpath -u "$OPENFHE_SOURCE")"[0m
2026-09-02T04:16:23.6605733Z [36;1mbuild="$(cygpath -u "$OPENFHE_BUILD")"[0m
2026-09-02T04:16:23.6606044Z [36;1mcmake -S "$source" -B "$build" \[0m
2026-09-02T04:16:23.6606315Z [36;1m  -DCMAKE_BUILD_TYPE=Release \[0m
2026-09-02T04:16:23.6606592Z [36;1m  -DCMAKE_INSTALL_PREFIX="$prefix" \[0m
2026-09-02T04:16:23.6606859Z [36;1m  -DBUILD_UNITTESTS=OFF \[0m
2026-09-02T04:16:23.6607100Z [36;1m  -DBUILD_EXAMPLES=OFF \[0m
2026-09-02T04:16:23.6607336Z [36;1m  -DBUILD_BENCHMARKS=OFF \[0m
2026-09-02T04:16:23.6607574Z [36;1m  -DBUILD_EXTRAS=OFF \[0m
2026-09-02T04:16:23.6607808Z [36;1m  -DWITH_OPENMP=ON[0m
2026-09-02T04:16:23.6609640Z shell: D:\a\_temp\setup-msys2\msys2.CMD {0}
2026-09-02T04:16:23.6609903Z env:
2026-09-02T04:16:23.6610184Z   OPENFHE_COMMIT: df495ba2e91739a6dc8f1de254fc5a41155ce504
2026-09-02T04:16:23.6610542Z   OPENFHE_PREFIX: C:\openfhe-2023-1788\openfhe-install
2026-09-02T04:16:23.6610835Z   WINDOWS_ROOT: C:\openfhe-2023-1788
2026-09-02T04:16:23.6611107Z   PROJECT_SOURCE: C:\openfhe-2023-1788\cleanroom
2026-09-02T04:16:23.6611590Z   OPENFHE_SOURCE: C:\openfhe-2023-1788\openfhe-src
2026-09-02T04:16:23.6611948Z   OPENFHE_BUILD: C:\openfhe-2023-1788\openfhe-build-33590046548-1
2026-09-02T04:16:23.6612331Z   PROJECT_BUILD: C:\openfhe-2023-1788\project-build-33590046548-1
2026-09-02T04:16:23.6612625Z   MSYSTEM: MINGW64
2026-09-02T04:16:23.6612805Z ##[endgroup]
2026-09-02T04:16:24.0935072Z -- The C compiler identification is GNU 16.2.0
2026-09-02T04:16:24.2642729Z -- The CXX compiler identification is GNU 16.2.0
2026-09-02T04:16:24.3075361Z -- Detecting C compiler ABI info
2026-09-02T04:16:24.7161020Z -- Detecting C compiler ABI info - done
2026-09-02T04:16:24.7490731Z -- Check for working C compiler: D:/a/_temp/msys64/mingw64/bin/cc.exe - skipped
2026-09-02T04:16:24.7503900Z -- Detecting C compile features
2026-09-02T04:16:24.7511588Z -- Detecting C compile features - done
2026-09-02T04:16:24.7874297Z -- Detecting CXX compiler ABI info
2026-09-02T04:16:25.1500837Z -- Detecting CXX compiler ABI info - done
2026-09-02T04:16:25.1833238Z -- Check for working CXX compiler: D:/a/_temp/msys64/mingw64/bin/c++.exe - skipped
2026-09-02T04:16:25.1837626Z -- Detecting CXX compile features
2026-09-02T04:16:25.1845422Z -- Detecting CXX compile features - done
2026-09-02T04:16:25.1994627Z -- Building in Release mode
2026-09-02T04:16:25.1995657Z -- BUILD_UNITTESTS:    OFF
2026-09-02T04:16:25.1996015Z -- BUILD_EXAMPLES:     OFF
2026-09-02T04:16:25.1996315Z -- BUILD_BENCHMARKS:   OFF
2026-09-02T04:16:25.1996599Z -- BUILD_EXTRAS:       OFF
2026-09-02T04:16:25.1996886Z -- BUILD_STATIC:       OFF
2026-09-02T04:16:25.1997189Z -- BUILD_SHARED:       ON
2026-09-02T04:16:25.1997460Z -- GIT_SUBMOD_AUTO:    ON
2026-09-02T04:16:25.1997689Z -- WITH_BE2:           OFF
2026-09-02T04:16:25.2020089Z -- WITH_BE4:           OFF
2026-09-02T04:16:25.2020484Z -- WITH_NTL:           OFF
2026-09-02T04:16:25.2020832Z -- WITH_TCM:           OFF
2026-09-02T04:16:25.2021173Z -- WITH_OPENMP:        ON
2026-09-02T04:16:25.2021507Z -- NATIVE_SIZE:        64
2026-09-02T04:16:25.2022287Z ***** INSTALL IS AT C:/openfhe-2023-1788/openfhe-install; to change, run cmake with -DCMAKE_INSTALL_PREFIX=/your/path
2026-09-02T04:16:25.2023061Z -- CKKS_M_FACTOR:      1
2026-09-02T04:16:25.2023386Z -- WITH_NATIVEOPT:     OFF
2026-09-02T04:16:25.2023699Z -- WITH_COVTEST:       OFF
2026-09-02T04:16:25.2023997Z -- WITH_NOISE_DEBUG:   OFF
2026-09-02T04:16:25.2024308Z -- WITH_REDUCED_NOISE: OFF
2026-09-02T04:16:25.2024529Z -- USE_MACPORTS:       OFF
2026-09-02T04:16:25.2024740Z -- BUILTIN_INFO_AVAILABLE is defined
2026-09-02T04:16:25.2230860Z -- Architecture is x86_64
2026-09-02T04:16:25.2248795Z -- Looking for sys/types.h
2026-09-02T04:16:25.6020771Z -- Looking for sys/types.h - found
2026-09-02T04:16:25.6021356Z -- Looking for stdint.h
2026-09-02T04:16:25.9772228Z -- Looking for stdint.h - found
2026-09-02T04:16:25.9773427Z -- Looking for stddef.h
2026-09-02T04:16:26.3684178Z -- Looking for stddef.h - found
2026-09-02T04:16:26.3684531Z -- Check size of __int128
2026-09-02T04:16:26.7461925Z -- Check size of __int128 - done
2026-09-02T04:16:26.7464595Z -- Check size of uint64_t
2026-09-02T04:16:27.1410950Z -- Check size of uint64_t - done
2026-09-02T04:16:27.1411549Z -- NATIVEINT is set to 64
2026-09-02T04:16:27.1411906Z -- MATHBACKEND is set to 4
2026-09-02T04:16:27.1412290Z -- MATHBACKEND set to 4. Setting WITH_BE4 to ON
2026-09-02T04:16:28.3135844Z -- Found OpenMP_C: -fopenmp (found version "5.2")
2026-09-02T04:16:28.7063669Z -- Found OpenMP_CXX: -fopenmp (found version "5.2")
2026-09-02T04:16:28.7067683Z -- Found OpenMP: TRUE (found version "5.2")
2026-09-02T04:16:28.7232731Z -- Found Git: D:/a/_temp/msys64/usr/bin/git.exe (found version "2.55.0")
2026-09-02T04:16:28.7233185Z -- Submodule update
2026-09-02T04:16:29.1056774Z Synchronizing submodule url for 'third-party/cereal'
2026-09-02T04:16:29.1337987Z Synchronizing submodule url for 'third-party/google-benchmark'
2026-09-02T04:16:29.1600596Z Synchronizing submodule url for 'third-party/google-test'
2026-09-02T04:16:29.1861612Z Synchronizing submodule url for 'third-party/gperftools'
2026-09-02T04:16:29.8171795Z -- Configuring done (5.9s)
2026-09-02T04:16:30.0758022Z -- Generating done (0.3s)
2026-09-02T04:16:30.0771192Z -- Build files have been written to: C:/openfhe-2023-1788/openfhe-build-33590046548-1
2026-09-02T04:16:30.1031539Z ##[group]Run build="$(cygpath -u "$OPENFHE_BUILD")"
2026-09-02T04:16:30.1032023Z [36;1mbuild="$(cygpath -u "$OPENFHE_BUILD")"[0m
2026-09-02T04:16:30.1032365Z [36;1mcmake --build "$build" --parallel 2[0m
2026-09-02T04:16:30.1032664Z [36;1mcmake --install "$build"[0m
2026-09-02T04:16:30.1035775Z shell: D:\a\_temp\setup-msys2\msys2.CMD {0}
2026-09-02T04:16:30.1036045Z env:
2026-09-02T04:16:30.1036287Z   OPENFHE_COMMIT: df495ba2e91739a6dc8f1de254fc5a41155ce504
2026-09-02T04:16:30.1036660Z   OPENFHE_PREFIX: C:\openfhe-2023-1788\openfhe-install
2026-09-02T04:16:30.1036957Z   WINDOWS_ROOT: C:\openfhe-2023-1788
2026-09-02T04:16:30.1037229Z   PROJECT_SOURCE: C:\openfhe-2023-1788\cleanroom
2026-09-02T04:16:30.1037558Z   OPENFHE_SOURCE: C:\openfhe-2023-1788\openfhe-src
2026-09-02T04:16:30.1037916Z   OPENFHE_BUILD: C:\openfhe-2023-1788\openfhe-build-33590046548-1
2026-09-02T04:16:30.1038301Z   PROJECT_BUILD: C:\openfhe-2023-1788\project-build-33590046548-1
2026-09-02T04:16:30.1038655Z   MSYSTEM: MINGW64
2026-09-02T04:16:30.1038838Z ##[endgroup]
2026-09-02T04:16:30.5180924Z -- Copied demoData files
2026-09-02T04:16:30.5685572Z [  0%] Built target third-party
2026-09-02T04:16:30.6952185Z [  1%] Building CXX object src/core/CMakeFiles/coreobj.dir/lib/lattice/constants-lattice-impl.cpp.obj
2026-09-02T04:16:30.7014277Z [  2%] Building CXX object src/core/CMakeFiles/coreobj.dir/lib/lattice/lattice.cpp.obj
2026-09-02T04:16:31.4161777Z [  3%] Building CXX object src/core/CMakeFiles/coreobj.dir/lib/lattice/stdlatticeparms.cpp.obj
2026-09-02T04:16:32.5555552Z [  4%] Building CXX object src/core/CMakeFiles/coreobj.dir/lib/lattice/trapdoor-dcrtpoly.cpp.obj
2026-09-02T04:16:41.0666742Z [  5%] Building CXX object src/core/CMakeFiles/coreobj.dir/lib/lattice/trapdoor-poly.cpp.obj
2026-09-02T04:16:51.1867137Z [  6%] Building CXX object src/core/CMakeFiles/coreobj.dir/lib/math/chebyshev.cpp.obj
2026-09-02T04:16:52.0585200Z [  6%] Building CXX object src/core/CMakeFiles/coreobj.dir/lib/math/dftransform.cpp.obj
2026-09-02T04:16:53.6106810Z [  7%] Building CXX object src/core/CMakeFiles/coreobj.dir/lib/math/discretegaussiangeneratorgeneric.cpp.obj
2026-09-02T04:16:53.6800225Z [  8%] Building CXX object src/core/CMakeFiles/coreobj.dir/lib/math/distributiongenerator.cpp.obj
2026-09-02T04:16:54.4768293Z [  9%] Building CXX object src/core/CMakeFiles/coreobj.dir/lib/math/hal/bigintdyn/be4-math-impl.cpp.obj
2026-09-02T04:16:55.3557700Z [ 10%] Building CXX object src/core/CMakeFiles/coreobj.dir/lib/math/hal/bigintdyn/mubintvecdyn.cpp.obj
2026-09-02T04:16:58.3081474Z [ 11%] Building CXX object src/core/CMakeFiles/coreobj.dir/lib/math/hal/bigintdyn/ubintdyn.cpp.obj
2026-09-02T04:17:00.3889839Z [ 12%] Building CXX object src/core/CMakeFiles/coreobj.dir/lib/math/hal/bigintfxd/be2-math-impl.cpp.obj
2026-09-02T04:17:00.4985958Z [ 13%] Building CXX object src/core/CMakeFiles/coreobj.dir/lib/math/hal/bigintfxd/mubintvecfxd.cpp.obj
2026-09-02T04:17:00.6179926Z [ 14%] Building CXX object src/core/CMakeFiles/coreobj.dir/lib/math/hal/bigintfxd/ubintfxd.cpp.obj
2026-09-02T04:17:00.7348581Z [ 15%] Building CXX object src/core/CMakeFiles/coreobj.dir/lib/math/hal/bigintntl/be6-math-impl.cpp.obj
2026-09-02T04:17:00.8426026Z [ 15%] Building CXX object src/core/CMakeFiles/coreobj.dir/lib/math/hal/bigintntl/mubintvecntl.cpp.obj
2026-09-02T04:17:00.9585230Z [ 16%] Building CXX object src/core/CMakeFiles/coreobj.dir/lib/math/hal/bigintntl/ubintntl.cpp.obj
2026-09-02T04:17:01.0763795Z [ 17%] Building CXX object src/core/CMakeFiles/coreobj.dir/lib/math/hal/intnat/benative-math-impl.cpp.obj
2026-09-02T04:17:01.6046441Z [ 18%] Building CXX object src/core/CMakeFiles/coreobj.dir/lib/math/hal/intnat/mubintvecnat.cpp.obj
2026-09-02T04:17:04.1936054Z [ 19%] Building CXX object src/core/CMakeFiles/coreobj.dir/lib/math/hermite.cpp.obj
2026-09-02T04:17:05.3872875Z [ 20%] Building CXX object src/core/CMakeFiles/coreobj.dir/lib/math/matrix.cpp.obj
2026-09-02T04:17:06.7480769Z [ 21%] Building CXX object src/core/CMakeFiles/coreobj.dir/lib/math/nbtheory2.cpp.obj
2026-09-02T04:17:08.3671552Z [ 22%] Building CXX object src/core/CMakeFiles/coreobj.dir/lib/utils/blockAllocator/blockAllocator.cpp.obj
2026-09-02T04:17:08.9875432Z [ 23%] Building CXX object src/core/CMakeFiles/coreobj.dir/lib/utils/blockAllocator/xallocator.cpp.obj
2026-09-02T04:17:09.9089473Z [ 24%] Building CXX object src/core/CMakeFiles/coreobj.dir/lib/utils/debug.cpp.obj
2026-09-02T04:17:10.1056483Z [ 24%] Building CXX object src/core/CMakeFiles/coreobj.dir/lib/utils/demangle.cpp.obj
2026-09-02T04:17:10.3900932Z [ 25%] Building CXX object src/core/CMakeFiles/coreobj.dir/lib/utils/get-call-stack.cpp.obj
2026-09-02T04:17:10.4723854Z [ 26%] Building CXX object src/core/CMakeFiles/coreobj.dir/lib/utils/hashutil.cpp.obj
2026-09-02T04:17:10.7773184Z [ 27%] Building CXX object src/core/CMakeFiles/coreobj.dir/lib/utils/inttypes.cpp.obj
2026-09-02T04:17:11.2053417Z [ 28%] Building CXX object src/core/CMakeFiles/coreobj.dir/lib/utils/memory.cpp.obj
2026-09-02T04:17:11.3492573Z [ 29%] Building CXX object src/core/CMakeFiles/coreobj.dir/lib/utils/openfhebase64.cpp.obj
2026-09-02T04:17:11.6311080Z [ 30%] Building CXX object src/core/CMakeFiles/coreobj.dir/lib/utils/parallel.cpp.obj
2026-09-02T04:17:11.7561431Z [ 31%] Building C object src/core/CMakeFiles/coreobj.dir/lib/utils/prng/blake2b-ref.c.obj
2026-09-02T04:17:11.7956801Z [ 32%] Building CXX object src/core/CMakeFiles/coreobj.dir/lib/utils/prng/blake2engine.cpp.obj
2026-09-02T04:17:12.1944568Z [ 34%] Building C object src/core/CMakeFiles/coreobj.dir/lib/utils/prng/blake2xb-ref.c.obj
2026-09-02T04:17:12.3782609Z [ 34%] Building CXX object src/core/CMakeFiles/coreobj.dir/lib/utils/utilities.cpp.obj
2026-09-02T04:17:12.8752909Z [ 34%] Built target coreobj
2026-09-02T04:17:12.9965394Z [ 35%] Linking CXX shared library ../../lib/libOPENFHEcore.dll
2026-09-02T04:17:13.5598388Z [ 35%] Built target OPENFHEcore
2026-09-02T04:17:13.6880705Z [ 36%] Building CXX object src/binfhe/CMakeFiles/binfheobj.dir/lib/binfhe-base-scheme.cpp.obj
2026-09-02T04:17:13.6926000Z [ 37%] Building CXX object src/binfhe/CMakeFiles/binfheobj.dir/lib/binfhe-constants-impl.cpp.obj
2026-09-02T04:17:14.4376273Z [ 38%] Building CXX object src/binfhe/CMakeFiles/binfheobj.dir/lib/binfhecontext.cpp.obj
2026-09-02T04:17:18.6269372Z [ 39%] Building CXX object src/binfhe/CMakeFiles/binfheobj.dir/lib/lwe-pke.cpp.obj
2026-09-02T04:17:18.7185107Z [ 40%] Building CXX object src/binfhe/CMakeFiles/binfheobj.dir/lib/rgsw-acc-cggi.cpp.obj
2026-09-02T04:17:21.1725303Z [ 41%] Building CXX object src/binfhe/CMakeFiles/binfheobj.dir/lib/rgsw-acc-dm.cpp.obj
2026-09-02T04:17:21.6470559Z [ 41%] Building CXX object src/binfhe/CMakeFiles/binfheobj.dir/lib/rgsw-acc-lmkcdey.cpp.obj
2026-09-02T04:17:23.9152513Z [ 42%] Building CXX object src/binfhe/CMakeFiles/binfheobj.dir/lib/rgsw-acc.cpp.obj
2026-09-02T04:17:25.0649512Z [ 43%] Building CXX object src/binfhe/CMakeFiles/binfheobj.dir/lib/rgsw-cryptoparameters.cpp.obj
2026-09-02T04:17:27.3556305Z [ 43%] Built target binfheobj
2026-09-02T04:17:27.4781704Z [ 43%] Linking CXX shared library ../../lib/libOPENFHEbinfhe.dll
2026-09-02T04:17:27.7939399Z [ 43%] Built target OPENFHEbinfhe
2026-09-02T04:17:27.9203905Z [ 44%] Building CXX object src/pke/CMakeFiles/pkeobj.dir/lib/ciphertext-impl.cpp.obj
2026-09-02T04:17:27.9253736Z [ 45%] Building CXX object src/pke/CMakeFiles/pkeobj.dir/lib/constants-impl.cpp.obj
2026-09-02T04:17:29.5958453Z [ 46%] Building CXX object src/pke/CMakeFiles/pkeobj.dir/lib/cryptocontext.cpp.obj
2026-09-02T04:17:34.0075093Z [ 47%] Building CXX object src/pke/CMakeFiles/pkeobj.dir/lib/cryptocontextfactory.cpp.obj
2026-09-02T04:17:39.4439676Z [ 48%] Building CXX object src/pke/CMakeFiles/pkeobj.dir/lib/cryptoobject-impl.cpp.obj
2026-09-02T04:17:42.1711425Z [ 49%] Building CXX object src/pke/CMakeFiles/pkeobj.dir/lib/encoding/ckkspackedencoding.cpp.obj
2026-09-02T04:17:44.2788084Z [ 50%] Building CXX object src/pke/CMakeFiles/pkeobj.dir/lib/encoding/coefpackedencoding.cpp.obj
2026-09-02T04:17:46.6254312Z [ 51%] Building CXX object src/pke/CMakeFiles/pkeobj.dir/lib/encoding/encodingparams.cpp.obj
2026-09-02T04:17:47.9586004Z [ 51%] Building CXX object src/pke/CMakeFiles/pkeobj.dir/lib/encoding/packedencoding.cpp.obj
2026-09-02T04:17:48.4196157Z [ 52%] Building CXX object src/pke/CMakeFiles/pkeobj.dir/lib/encoding/stringencoding.cpp.obj
2026-09-02T04:17:52.1553782Z [ 53%] Building CXX object src/pke/CMakeFiles/pkeobj.dir/lib/globals-impl.cpp.obj
2026-09-02T04:17:52.2763129Z [ 54%] Building CXX object src/pke/CMakeFiles/pkeobj.dir/lib/key/evalkey.cpp.obj
2026-09-02T04:17:54.5335247Z [ 55%] Building CXX object src/pke/CMakeFiles/pkeobj.dir/lib/key/evalkeyrelin.cpp.obj
2026-09-02T04:17:55.0343663Z [ 56%] Building CXX object src/pke/CMakeFiles/pkeobj.dir/lib/key/privatekey.cpp.obj
2026-09-02T04:17:59.2090186Z [ 57%] Building CXX object src/pke/CMakeFiles/pkeobj.dir/lib/key/publickey.cpp.obj
2026-09-02T04:17:59.2455203Z [ 58%] Building CXX object src/pke/CMakeFiles/pkeobj.dir/lib/keyswitch/keyswitch-base.cpp.obj
2026-09-02T04:18:01.9869926Z [ 59%] Building CXX object src/pke/CMakeFiles/pkeobj.dir/lib/keyswitch/keyswitch-bv.cpp.obj
2026-09-02T04:18:03.9665194Z [ 60%] Building CXX object src/pke/CMakeFiles/pkeobj.dir/lib/keyswitch/keyswitch-hybrid.cpp.obj
2026-09-02T04:18:07.4333320Z [ 60%] Building CXX object src/pke/CMakeFiles/pkeobj.dir/lib/scheme/bfvrns/bfvrns-cryptoparameters.cpp.obj
2026-09-02T04:18:09.4789619Z [ 61%] Building CXX object src/pke/CMakeFiles/pkeobj.dir/lib/scheme/bfvrns/bfvrns-leveledshe.cpp.obj
2026-09-02T04:18:15.1108123Z [ 62%] Building CXX object src/pke/CMakeFiles/pkeobj.dir/lib/scheme/bfvrns/bfvrns-multiparty.cpp.obj
2026-09-02T04:18:16.3672695Z [ 63%] Building CXX object src/pke/CMakeFiles/pkeobj.dir/lib/scheme/bfvrns/bfvrns-parametergeneration.cpp.obj
2026-09-02T04:18:20.6156162Z [ 64%] Building CXX object src/pke/CMakeFiles/pkeobj.dir/lib/scheme/bfvrns/bfvrns-pke.cpp.obj
2026-09-02T04:18:20.6662398Z [ 65%] Building CXX object src/pke/CMakeFiles/pkeobj.dir/lib/scheme/bfvrns/bfvrns-scheme.cpp.obj
2026-09-02T04:18:26.2203623Z [ 67%] Building CXX object src/pke/CMakeFiles/pkeobj.dir/lib/scheme/bgvrns/bgvrns-cryptoparameters.cpp.obj
2026-09-02T04:18:26.9271468Z [ 68%] Building CXX object src/pke/CMakeFiles/pkeobj.dir/lib/scheme/bgvrns/bgvrns-leveledshe.cpp.obj
2026-09-02T04:18:29.2823568Z [ 69%] Building CXX object src/pke/CMakeFiles/pkeobj.dir/lib/scheme/bgvrns/bgvrns-multiparty.cpp.obj
2026-09-02T04:18:29.9252279Z [ 70%] Building CXX object src/pke/CMakeFiles/pkeobj.dir/lib/scheme/bgvrns/bgvrns-parametergeneration.cpp.obj
2026-09-02T04:18:34.2244171Z [ 70%] Building CXX object src/pke/CMakeFiles/pkeobj.dir/lib/scheme/bgvrns/bgvrns-pke.cpp.obj
2026-09-02T04:18:35.2011895Z [ 71%] Building CXX object src/pke/CMakeFiles/pkeobj.dir/lib/scheme/bgvrns/bgvrns-scheme.cpp.obj
2026-09-02T04:18:39.9318453Z [ 72%] Building CXX object src/pke/CMakeFiles/pkeobj.dir/lib/scheme/ckksrns/ckksrns-advancedshe.cpp.obj
2026-09-02T04:18:42.7399568Z [ 73%] Building CXX object src/pke/CMakeFiles/pkeobj.dir/lib/scheme/ckksrns/ckksrns-cryptoparameters.cpp.obj
2026-09-02T04:18:45.8554072Z [ 74%] Building CXX object src/pke/CMakeFiles/pkeobj.dir/lib/scheme/ckksrns/ckksrns-fhe.cpp.obj
2026-09-02T04:18:47.3701752Z [ 75%] Building CXX object src/pke/CMakeFiles/pkeobj.dir/lib/scheme/ckksrns/ckksrns-leveledshe.cpp.obj
2026-09-02T04:18:53.6766332Z [ 76%] Building CXX object src/pke/CMakeFiles/pkeobj.dir/lib/scheme/ckksrns/ckksrns-multiparty.cpp.obj
2026-09-02T04:19:00.0858844Z [ 77%] Building CXX object src/pke/CMakeFiles/pkeobj.dir/lib/scheme/ckksrns/ckksrns-parametergeneration.cpp.obj
2026-09-02T04:19:01.3031393Z [ 78%] Building CXX object src/pke/CMakeFiles/pkeobj.dir/lib/scheme/ckksrns/ckksrns-pke.cpp.obj
2026-09-02T04:19:03.9484301Z [ 79%] Building CXX object src/pke/CMakeFiles/pkeobj.dir/lib/scheme/ckksrns/ckksrns-scheme.cpp.obj
2026-09-02T04:19:06.1892821Z [ 79%] Building CXX object src/pke/CMakeFiles/pkeobj.dir/lib/scheme/ckksrns/ckksrns-schemeswitching.cpp.obj
2026-09-02T04:19:10.4223370Z [ 80%] Building CXX object src/pke/CMakeFiles/pkeobj.dir/lib/scheme/ckksrns/ckksrns-utils.cpp.obj
2026-09-02T04:19:14.5705302Z [ 81%] Building CXX object src/pke/CMakeFiles/pkeobj.dir/lib/scheme/gen-cryptocontext-params-impl.cpp.obj
2026-09-02T04:19:15.5972599Z [ 82%] Building CXX object src/pke/CMakeFiles/pkeobj.dir/lib/scheme/gen-cryptocontext-params-validation.cpp.obj
2026-09-02T04:19:16.7296817Z [ 83%] Building CXX object src/pke/CMakeFiles/pkeobj.dir/lib/scheme/scheme-id-impl.cpp.obj
2026-09-02T04:19:17.5452959Z [ 84%] Building CXX object src/pke/CMakeFiles/pkeobj.dir/lib/scheme/scheme-swch-params.cpp.obj
2026-09-02T04:19:18.8073829Z [ 85%] Building CXX object src/pke/CMakeFiles/pkeobj.dir/lib/schemebase/base-advancedshe.cpp.obj
2026-09-02T04:19:19.4376467Z [ 86%] Building CXX object src/pke/CMakeFiles/pkeobj.dir/lib/schemebase/base-cryptoparameters.cpp.obj
2026-09-02T04:19:21.2894008Z [ 87%] Building CXX object src/pke/CMakeFiles/pkeobj.dir/lib/schemebase/base-fhe.cpp.obj
2026-09-02T04:19:23.9597708Z [ 88%] Building CXX object src/pke/CMakeFiles/pkeobj.dir/lib/schemebase/base-leveledshe.cpp.obj
2026-09-02T04:19:26.3742192Z [ 88%] Building CXX object src/pke/CMakeFiles/pkeobj.dir/lib/schemebase/base-multiparty.cpp.obj
2026-09-02T04:19:30.8625972Z [ 89%] Building CXX object src/pke/CMakeFiles/pkeobj.dir/lib/schemebase/base-parametergeneration.cpp.obj
2026-09-02T04:19:32.4041389Z [ 90%] Building CXX object src/pke/CMakeFiles/pkeobj.dir/lib/schemebase/base-pke.cpp.obj
2026-09-02T04:19:32.4292742Z [ 91%] Building CXX object src/pke/CMakeFiles/pkeobj.dir/lib/schemebase/base-pre.cpp.obj
2026-09-02T04:19:37.3978725Z [ 92%] Building CXX object src/pke/CMakeFiles/pkeobj.dir/lib/schemebase/base-scheme.cpp.obj
2026-09-02T04:19:38.1770948Z [ 93%] Building CXX object src/pke/CMakeFiles/pkeobj.dir/lib/schemebase/rlwe-cryptoparameters-impl.cpp.obj
2026-09-02T04:19:40.2864821Z [ 94%] Building CXX object src/pke/CMakeFiles/pkeobj.dir/lib/schemelet/rlwe-mp.cpp.obj
2026-09-02T04:19:44.1463452Z [ 95%] Building CXX object src/pke/CMakeFiles/pkeobj.dir/lib/schemerns/rns-cryptoparameters.cpp.obj
2026-09-02T04:19:46.4982491Z [ 96%] Building CXX object src/pke/CMakeFiles/pkeobj.dir/lib/schemerns/rns-leveledshe.cpp.obj
2026-09-02T04:19:49.4042259Z [ 97%] Building CXX object src/pke/CMakeFiles/pkeobj.dir/lib/schemerns/rns-multiparty.cpp.obj
2026-09-02T04:19:52.4582215Z [ 98%] Building CXX object src/pke/CMakeFiles/pkeobj.dir/lib/schemerns/rns-pke.cpp.obj
2026-09-02T04:19:57.6775853Z [ 98%] Built target pkeobj
2026-09-02T04:19:57.8177724Z [100%] Linking CXX shared library ../../lib/libOPENFHEpke.dll
2026-09-02T04:19:58.6394396Z [100%] Built target OPENFHEpke
2026-09-02T04:19:58.7464849Z -- Install configuration: "Release"
2026-09-02T04:19:58.7475911Z -- Installing: C:/openfhe-2023-1788/openfhe-install/include/openfhe/core/config_core.h
2026-09-02T04:19:58.7486371Z -- Installing: C:/openfhe-2023-1788/openfhe-install/include/openfhe/cereal
2026-09-02T04:19:58.7493114Z -- Installing: C:/openfhe-2023-1788/openfhe-install/include/openfhe/cereal/access.hpp
2026-09-02T04:19:58.7500580Z -- Installing: C:/openfhe-2023-1788/openfhe-install/include/openfhe/cereal/archives
2026-09-02T04:19:58.7507297Z -- Installing: C:/openfhe-2023-1788/openfhe-install/include/openfhe/cereal/archives/adapters.hpp
2026-09-02T04:19:58.7514874Z -- Installing: C:/openfhe-2023-1788/openfhe-install/include/openfhe/cereal/archives/binary.hpp
2026-09-02T04:19:58.7522637Z -- Installing: C:/openfhe-2023-1788/openfhe-install/include/openfhe/cereal/archives/json.hpp
2026-09-02T04:19:58.7531347Z -- Installing: C:/openfhe-2023-1788/openfhe-install/include/openfhe/cereal/archives/portable_binary.hpp
2026-09-02T04:19:58.7538728Z -- Installing: C:/openfhe-2023-1788/openfhe-install/include/openfhe/cereal/archives/xml.hpp
2026-09-02T04:19:58.7547070Z -- Installing: C:/openfhe-2023-1788/openfhe-install/include/openfhe/cereal/cereal.hpp
2026-09-02T04:19:58.7555275Z -- Installing: C:/openfhe-2023-1788/openfhe-install/include/openfhe/cereal/details
2026-09-02T04:19:58.7562225Z -- Installing: C:/openfhe-2023-1788/openfhe-install/include/openfhe/cereal/details/helpers.hpp
2026-09-02T04:19:58.7569794Z -- Installing: C:/openfhe-2023-1788/openfhe-install/include/openfhe/cereal/details/polymorphic_impl.hpp
2026-09-02T04:19:58.7578026Z -- Installing: C:/openfhe-2023-1788/openfhe-install/include/openfhe/cereal/details/polymorphic_impl_fwd.hpp
2026-09-02T04:19:58.7585011Z -- Installing: C:/openfhe-2023-1788/openfhe-install/include/openfhe/cereal/details/static_object.hpp
2026-09-02T04:19:58.7606859Z -- Installing: C:/openfhe-2023-1788/openfhe-install/include/openfhe/cereal/details/traits.hpp
2026-09-02T04:19:58.7615880Z -- Installing: C:/openfhe-2023-1788/openfhe-install/include/openfhe/cereal/details/util.hpp
2026-09-02T04:19:58.7622824Z -- Installing: C:/openfhe-2023-1788/openfhe-install/include/openfhe/cereal/external
2026-09-02T04:19:58.7629617Z -- Installing: C:/openfhe-2023-1788/openfhe-install/include/openfhe/cereal/external/base64.hpp
2026-09-02T04:19:58.7637325Z -- Installing: C:/openfhe-2023-1788/openfhe-install/include/openfhe/cereal/external/LICENSE
2026-09-02T04:19:58.7644158Z -- Installing: C:/openfhe-2023-1788/openfhe-install/include/openfhe/cereal/external/rapidjson
2026-09-02T04:19:58.7651756Z -- Installing: C:/openfhe-2023-1788/openfhe-install/include/openfhe/cereal/external/rapidjson/allocators.h
2026-09-02T04:19:58.7659558Z -- Installing: C:/openfhe-2023-1788/openfhe-install/include/openfhe/cereal/external/rapidjson/cursorstreamwrapper.h
2026-09-02T04:19:58.7666756Z -- Installing: C:/openfhe-2023-1788/openfhe-install/include/openfhe/cereal/external/rapidjson/document.h
2026-09-02T04:19:58.7677040Z -- Installing: C:/openfhe-2023-1788/openfhe-install/include/openfhe/cereal/external/rapidjson/encodedstream.h
2026-09-02T04:19:58.7698635Z -- Installing: C:/openfhe-2023-1788/openfhe-install/include/openfhe/cereal/external/rapidjson/encodings.h
2026-09-02T04:19:58.7706729Z -- Installing: C:/openfhe-2023-1788/openfhe-install/include/openfhe/cereal/external/rapidjson/error
2026-09-02T04:19:58.7714508Z -- Installing: C:/openfhe-2023-1788/openfhe-install/include/openfhe/cereal/external/rapidjson/error/en.h
2026-09-02T04:19:58.7721610Z -- Installing: C:/openfhe-2023-1788/openfhe-install/include/openfhe/cereal/external/rapidjson/error/error.h
2026-09-02T04:19:58.7729338Z -- Installing: C:/openfhe-2023-1788/openfhe-install/include/openfhe/cereal/external/rapidjson/filereadstream.h
2026-09-02T04:19:58.7736511Z -- Installing: C:/openfhe-2023-1788/openfhe-install/include/openfhe/cereal/external/rapidjson/filewritestream.h
2026-09-02T04:19:58.7743916Z -- Installing: C:/openfhe-2023-1788/openfhe-install/include/openfhe/cereal/external/rapidjson/fwd.h
2026-09-02T04:19:58.7750878Z -- Installing: C:/openfhe-2023-1788/openfhe-install/include/openfhe/cereal/external/rapidjson/internal
2026-09-02T04:19:58.7758602Z -- Installing: C:/openfhe-2023-1788/openfhe-install/include/openfhe/cereal/external/rapidjson/internal/biginteger.h
2026-09-02T04:19:58.7766193Z -- Installing: C:/openfhe-2023-1788/openfhe-install/include/openfhe/cereal/external/rapidjson/internal/diyfp.h
2026-09-02T04:19:58.7773792Z -- Installing: C:/openfhe-2023-1788/openfhe-install/include/openfhe/cereal/external/rapidjson/internal/dtoa.h
2026-09-02T04:19:58.7781353Z -- Installing: C:/openfhe-2023-1788/openfhe-install/include/openfhe/cereal/external/rapidjson/internal/ieee754.h
2026-09-02T04:19:58.7788817Z -- Installing: C:/openfhe-2023-1788/openfhe-install/include/openfhe/cereal/external/rapidjson/internal/itoa.h
2026-09-02T04:19:58.7796535Z -- Installing: C:/openfhe-2023-1788/openfhe-install/include/openfhe/cereal/external/rapidjson/internal/meta.h
2026-09-02T04:19:58.7817220Z -- Installing: C:/openfhe-2023-1788/openfhe-install/include/openfhe/cereal/external/rapidjson/internal/pow10.h
2026-09-02T04:19:58.7824681Z -- Installing: C:/openfhe-2023-1788/openfhe-install/include/openfhe/cereal/external/rapidjson/internal/regex.h
2026-09-02T04:19:58.7833805Z -- Installing: C:/openfhe-2023-1788/openfhe-install/include/openfhe/cereal/external/rapidjson/internal/stack.h
2026-09-02T04:19:58.7840788Z -- Installing: C:/openfhe-2023-1788/openfhe-install/include/openfhe/cereal/external/rapidjson/internal/strfunc.h
2026-09-02T04:19:58.7847860Z -- Installing: C:/openfhe-2023-1788/openfhe-install/include/openfhe/cereal/external/rapidjson/internal/strtod.h
2026-09-02T04:19:58.7855440Z -- Installing: C:/openfhe-2023-1788/openfhe-install/include/openfhe/cereal/external/rapidjson/internal/swap.h
2026-09-02T04:19:58.7862542Z -- Installing: C:/openfhe-2023-1788/openfhe-install/include/openfhe/cereal/external/rapidjson/istreamwrapper.h
2026-09-02T04:19:58.7870121Z -- Installing: C:/openfhe-2023-1788/openfhe-install/include/openfhe/cereal/external/rapidjson/LICENSE
2026-09-02T04:19:58.7877404Z -- Installing: C:/openfhe-2023-1788/openfhe-install/include/openfhe/cereal/external/rapidjson/memorybuffer.h
2026-09-02T04:19:58.7884530Z -- Installing: C:/openfhe-2023-1788/openfhe-install/include/openfhe/cereal/external/rapidjson/memorystream.h
2026-09-02T04:19:58.7892493Z -- Installing: C:/openfhe-2023-1788/openfhe-install/include/openfhe/cereal/external/rapidjson/msinttypes
2026-09-02T04:19:58.7900971Z -- Installing: C:/openfhe-2023-1788/openfhe-install/include/openfhe/cereal/external/rapidjson/msinttypes/inttypes.h
2026-09-02T04:19:58.7908711Z -- Installing: C:/openfhe-2023-1788/openfhe-install/include/openfhe/cereal/external/rapidjson/msinttypes/LICENSE
2026-09-02T04:19:58.7915971Z -- Installing: C:/openfhe-2023-1788/openfhe-install/include/openfhe/cereal/external/rapidjson/msinttypes/stdint.h
2026-09-02T04:19:58.7923568Z -- Installing: C:/openfhe-2023-1788/openfhe-install/include/openfhe/cereal/external/rapidjson/ostreamwrapper.h
2026-09-02T04:19:58.7930955Z -- Installing: C:/openfhe-2023-1788/openfhe-install/include/openfhe/cereal/external/rapidjson/pointer.h
2026-09-02T04:19:58.7940348Z -- Installing: C:/openfhe-2023-1788/openfhe-install/include/openfhe/cereal/external/rapidjson/prettywriter.h
2026-09-02T04:19:58.7948054Z -- Installing: C:/openfhe-2023-1788/openfhe-install/include/openfhe/cereal/external/rapidjson/rapidjson.h
2026-09-02T04:19:58.7956326Z -- Installing: C:/openfhe-2023-1788/openfhe-install/include/openfhe/cereal/external/rapidjson/reader.h
2026-09-02T04:19:58.7966189Z -- Installing: C:/openfhe-2023-1788/openfhe-install/include/openfhe/cereal/external/rapidjson/schema.h
2026-09-02T04:19:58.7976578Z -- Installing: C:/openfhe-2023-1788/openfhe-install/include/openfhe/cereal/external/rapidjson/stream.h
2026-09-02T04:19:58.7984484Z -- Installing: C:/openfhe-2023-1788/openfhe-install/include/openfhe/cereal/external/rapidjson/stringbuffer.h
2026-09-02T04:19:58.7991975Z -- Installing: C:/openfhe-2023-1788/openfhe-install/include/openfhe/cereal/external/rapidjson/writer.h
2026-09-02T04:19:58.8012460Z -- Installing: C:/openfhe-2023-1788/openfhe-install/include/openfhe/cereal/external/rapidxml
2026-09-02T04:19:58.8019910Z -- Installing: C:/openfhe-2023-1788/openfhe-install/include/openfhe/cereal/external/rapidxml/license.txt
2026-09-02T04:19:58.8027324Z -- Installing: C:/openfhe-2023-1788/openfhe-install/include/openfhe/cereal/external/rapidxml/manual.html
2026-09-02T04:19:58.8037346Z -- Installing: C:/openfhe-2023-1788/openfhe-install/include/openfhe/cereal/external/rapidxml/rapidxml.hpp
2026-09-02T04:19:58.8047773Z -- Installing: C:/openfhe-2023-1788/openfhe-install/include/openfhe/cereal/external/rapidxml/rapidxml_iterators.hpp
2026-09-02T04:19:58.8055367Z -- Installing: C:/openfhe-2023-1788/openfhe-install/include/openfhe/cereal/external/rapidxml/rapidxml_print.hpp
2026-09-02T04:19:58.8074756Z -- Installing: C:/openfhe-2023-1788/openfhe-install/include/openfhe/cereal/external/rapidxml/rapidxml_utils.hpp
2026-09-02T04:19:58.8082227Z -- Installing: C:/openfhe-2023-1788/openfhe-install/include/openfhe/cereal/macros.hpp
2026-09-02T04:19:58.8089716Z -- Installing: C:/openfhe-2023-1788/openfhe-install/include/openfhe/cereal/specialize.hpp
2026-09-02T04:19:58.8109863Z -- Installing: C:/openfhe-2023-1788/openfhe-install/include/openfhe/cereal/types
2026-09-02T04:19:58.8116663Z -- Installing: C:/openfhe-2023-1788/openfhe-install/include/openfhe/cereal/types/array.hpp
2026-09-02T04:19:58.8123957Z -- Installing: C:/openfhe-2023-1788/openfhe-install/include/openfhe/cereal/types/atomic.hpp
2026-09-02T04:19:58.8131094Z -- Installing: C:/openfhe-2023-1788/openfhe-install/include/openfhe/cereal/types/base_class.hpp
2026-09-02T04:19:58.8138733Z -- Installing: C:/openfhe-2023-1788/openfhe-install/include/openfhe/cereal/types/bitset.hpp
2026-09-02T04:19:58.8146312Z -- Installing: C:/openfhe-2023-1788/openfhe-install/include/openfhe/cereal/types/boost_variant.hpp
2026-09-02T04:19:58.8166393Z -- Installing: C:/openfhe-2023-1788/openfhe-install/include/openfhe/cereal/types/chrono.hpp
2026-09-02T04:19:58.8173850Z -- Installing: C:/openfhe-2023-1788/openfhe-install/include/openfhe/cereal/types/common.hpp
2026-09-02T04:19:58.8181358Z -- Installing: C:/openfhe-2023-1788/openfhe-install/include/openfhe/cereal/types/complex.hpp
2026-09-02T04:19:58.8188305Z -- Installing: C:/openfhe-2023-1788/openfhe-install/include/openfhe/cereal/types/concepts
2026-09-02T04:19:58.8195871Z -- Installing: C:/openfhe-2023-1788/openfhe-install/include/openfhe/cereal/types/concepts/pair_associative_container.hpp
2026-09-02T04:19:58.8203006Z -- Installing: C:/openfhe-2023-1788/openfhe-install/include/openfhe/cereal/types/deque.hpp
2026-09-02T04:19:58.8210435Z -- Installing: C:/openfhe-2023-1788/openfhe-install/include/openfhe/cereal/types/forward_list.hpp
2026-09-02T04:19:58.8217926Z -- Installing: C:/openfhe-2023-1788/openfhe-install/include/openfhe/cereal/types/functional.hpp
2026-09-02T04:19:58.8225218Z -- Installing: C:/openfhe-2023-1788/openfhe-install/include/openfhe/cereal/types/list.hpp
2026-09-02T04:19:58.8232176Z -- Installing: C:/openfhe-2023-1788/openfhe-install/include/openfhe/cereal/types/map.hpp
2026-09-02T04:19:58.8239753Z -- Installing: C:/openfhe-2023-1788/openfhe-install/include/openfhe/cereal/types/memory.hpp
2026-09-02T04:19:58.8247945Z -- Installing: C:/openfhe-2023-1788/openfhe-install/include/openfhe/cereal/types/optional.hpp
2026-09-02T04:19:58.8255388Z -- Installing: C:/openfhe-2023-1788/openfhe-install/include/openfhe/cereal/types/polymorphic.hpp
2026-09-02T04:19:58.8263494Z -- Installing: C:/openfhe-2023-1788/openfhe-install/include/openfhe/cereal/types/queue.hpp
2026-09-02T04:19:58.8270964Z -- Installing: C:/openfhe-2023-1788/openfhe-install/include/openfhe/cereal/types/set.hpp
2026-09-02T04:19:58.8278011Z -- Installing: C:/openfhe-2023-1788/openfhe-install/include/openfhe/cereal/types/stack.hpp
2026-09-02T04:19:58.8284993Z -- Installing: C:/openfhe-2023-1788/openfhe-install/include/openfhe/cereal/types/string.hpp
2026-09-02T04:19:58.8292273Z -- Installing: C:/openfhe-2023-1788/openfhe-install/include/openfhe/cereal/types/tuple.hpp
2026-09-02T04:19:58.8300047Z -- Installing: C:/openfhe-2023-1788/openfhe-install/include/openfhe/cereal/types/unordered_map.hpp
2026-09-02T04:19:58.8307932Z -- Installing: C:/openfhe-2023-1788/openfhe-install/include/openfhe/cereal/types/unordered_set.hpp
2026-09-02T04:19:58.8315408Z -- Installing: C:/openfhe-2023-1788/openfhe-install/include/openfhe/cereal/types/utility.hpp
2026-09-02T04:19:58.8325183Z -- Installing: C:/openfhe-2023-1788/openfhe-install/include/openfhe/cereal/types/valarray.hpp
2026-09-02T04:19:58.8332264Z -- Installing: C:/openfhe-2023-1788/openfhe-install/include/openfhe/cereal/types/variant.hpp
2026-09-02T04:19:58.8340085Z -- Installing: C:/openfhe-2023-1788/openfhe-install/include/openfhe/cereal/types/vector.hpp
2026-09-02T04:19:58.8350407Z -- Installing: C:/openfhe-2023-1788/openfhe-install/include/openfhe/cereal/version.hpp
2026-09-02T04:19:58.8364540Z -- Installing: C:/openfhe-2023-1788/openfhe-install/lib/libOPENFHEcore.dll.a
2026-09-02T04:19:58.8417845Z -- Installing: C:/openfhe-2023-1788/openfhe-install/lib/libOPENFHEcore.dll
2026-09-02T04:19:58.8479021Z -- Installing: C:/openfhe-2023-1788/openfhe-install/include/openfhe/core/lattice
2026-09-02T04:19:58.8486314Z -- Installing: C:/openfhe-2023-1788/openfhe-install/include/openfhe/core/lattice/constants-lattice.h
2026-09-02T04:19:58.8495969Z -- Installing: C:/openfhe-2023-1788/openfhe-install/include/openfhe/core/lattice/dgsampling-impl.h
2026-09-02T04:19:58.8504023Z -- Installing: C:/openfhe-2023-1788/openfhe-install/include/openfhe/core/lattice/dgsampling.h
2026-09-02T04:19:58.8512303Z -- Installing: C:/openfhe-2023-1788/openfhe-install/include/openfhe/core/lattice/field2n-impl.h
2026-09-02T04:19:58.8535971Z -- Installing: C:/openfhe-2023-1788/openfhe-install/include/openfhe/core/lattice/field2n.h
2026-09-02T04:19:58.8543319Z -- Installing: C:/openfhe-2023-1788/openfhe-install/include/openfhe/core/lattice/hal
2026-09-02T04:19:58.8550683Z -- Installing: C:/openfhe-2023-1788/openfhe-install/include/openfhe/core/lattice/hal/dcrtpoly-interface.h
2026-09-02T04:19:58.8561702Z -- Installing: C:/openfhe-2023-1788/openfhe-install/include/openfhe/core/lattice/hal/default
2026-09-02T04:19:58.8569474Z -- Installing: C:/openfhe-2023-1788/openfhe-install/include/openfhe/core/lattice/hal/default/dcrtpoly-impl.h
2026-09-02T04:19:58.8579290Z -- Installing: C:/openfhe-2023-1788/openfhe-install/include/openfhe/core/lattice/hal/default/dcrtpoly.h
2026-09-02T04:19:58.8589494Z -- Installing: C:/openfhe-2023-1788/openfhe-install/include/openfhe/core/lattice/hal/default/ildcrtparams.h
2026-09-02T04:19:58.8597357Z -- Installing: C:/openfhe-2023-1788/openfhe-install/include/openfhe/core/lattice/hal/default/ilparams.h
2026-09-02T04:19:58.8604950Z -- Installing: C:/openfhe-2023-1788/openfhe-install/include/openfhe/core/lattice/hal/default/poly-impl.h
2026-09-02T04:19:58.8627444Z -- Installing: C:/openfhe-2023-1788/openfhe-install/include/openfhe/core/lattice/hal/default/poly.h
2026-09-02T04:19:58.8635067Z -- Installing: C:/openfhe-2023-1788/openfhe-install/include/openfhe/core/lattice/hal/elemparams.h
2026-09-02T04:19:58.8642594Z -- Installing: C:/openfhe-2023-1788/openfhe-install/include/openfhe/core/lattice/hal/lat-backend.h
2026-09-02T04:19:58.8663220Z -- Installing: C:/openfhe-2023-1788/openfhe-install/include/openfhe/core/lattice/hal/poly-interface.h
2026-09-02T04:19:58.8671191Z -- Installing: C:/openfhe-2023-1788/openfhe-install/include/openfhe/core/lattice/hal/README.md
2026-09-02T04:19:58.8678065Z -- Installing: C:/openfhe-2023-1788/openfhe-install/include/openfhe/core/lattice/ilelement.h
2026-09-02T04:19:58.8687808Z -- Installing: C:/openfhe-2023-1788/openfhe-install/include/openfhe/core/lattice/lat-hal.h
2026-09-02T04:19:58.8694995Z -- Installing: C:/openfhe-2023-1788/openfhe-install/include/openfhe/core/lattice/matrix-lattice-impl.h
2026-09-02T04:19:58.8702555Z -- Installing: C:/openfhe-2023-1788/openfhe-install/include/openfhe/core/lattice/README.md
2026-09-02T04:19:58.8712150Z -- Installing: C:/openfhe-2023-1788/openfhe-install/include/openfhe/core/lattice/stdlatticeparms.h
2026-09-02T04:19:58.8720315Z -- Installing: C:/openfhe-2023-1788/openfhe-install/include/openfhe/core/lattice/trapdoor-impl.h
2026-09-02T04:19:58.8727888Z -- Installing: C:/openfhe-2023-1788/openfhe-install/include/openfhe/core/lattice/trapdoor.h
2026-09-02T04:19:58.8737979Z -- Installing: C:/openfhe-2023-1788/openfhe-install/include/openfhe/core/lattice/trapdoorparameters.h
2026-09-02T04:19:58.8745457Z -- Installing: C:/openfhe-2023-1788/openfhe-install/include/openfhe/core/math
2026-09-02T04:19:58.8752618Z -- Installing: C:/openfhe-2023-1788/openfhe-install/include/openfhe/core/math/binaryuniformgenerator-impl.h
2026-09-02T04:19:58.8761823Z -- Installing: C:/openfhe-2023-1788/openfhe-install/include/openfhe/core/math/binaryuniformgenerator.h
2026-09-02T04:19:58.8769001Z -- Installing: C:/openfhe-2023-1788/openfhe-install/include/openfhe/core/math/chebyshev.h
2026-09-02T04:19:58.8792025Z -- Installing: C:/openfhe-2023-1788/openfhe-install/include/openfhe/core/math/dftransform.h
2026-09-02T04:19:58.8801666Z -- Installing: C:/openfhe-2023-1788/openfhe-install/include/openfhe/core/math/discretegaussiangenerator-impl.h
2026-09-02T04:19:58.8809470Z -- Installing: C:/openfhe-2023-1788/openfhe-install/include/openfhe/core/math/discretegaussiangenerator.h
2026-09-02T04:19:58.8817140Z -- Installing: C:/openfhe-2023-1788/openfhe-install/include/openfhe/core/math/discretegaussiangeneratorgeneric.h
2026-09-02T04:19:58.8877322Z -- Installing: C:/openfhe-2023-1788/openfhe-install/include/openfhe/core/math/discreteuniformgenerator-impl.h
2026-09-02T04:19:58.8885956Z -- Installing: C:/openfhe-2023-1788/openfhe-install/include/openfhe/core/math/discreteuniformgenerator.h
2026-09-02T04:19:58.8894039Z -- Installing: C:/openfhe-2023-1788/openfhe-install/include/openfhe/core/math/distrgen.h
2026-09-02T04:19:58.8903794Z -- Installing: C:/openfhe-2023-1788/openfhe-install/include/openfhe/core/math/distributiongenerator.h
2026-09-02T04:19:58.8912061Z -- Installing: C:/openfhe-2023-1788/openfhe-install/include/openfhe/core/math/hal
2026-09-02T04:19:58.8919867Z -- Installing: C:/openfhe-2023-1788/openfhe-install/include/openfhe/core/math/hal/basicint.h
2026-09-02T04:19:58.8928951Z -- Installing: C:/openfhe-2023-1788/openfhe-install/include/openfhe/core/math/hal/bigintbackend.h
2026-09-02T04:19:58.8936693Z -- Installing: C:/openfhe-2023-1788/openfhe-install/include/openfhe/core/math/hal/bigintdyn
2026-09-02T04:19:58.8944924Z -- Installing: C:/openfhe-2023-1788/openfhe-install/include/openfhe/core/math/hal/bigintdyn/backenddyn.h
2026-09-02T04:19:58.8954033Z -- Installing: C:/openfhe-2023-1788/openfhe-install/include/openfhe/core/math/hal/bigintdyn/mubintvecdyn.h
2026-09-02T04:19:58.8962890Z -- Installing: C:/openfhe-2023-1788/openfhe-install/include/openfhe/core/math/hal/bigintdyn/transformdyn-impl.h
2026-09-02T04:19:58.8987788Z -- Installing: C:/openfhe-2023-1788/openfhe-install/include/openfhe/core/math/hal/bigintdyn/transformdyn.h
2026-09-02T04:19:58.9000951Z -- Installing: C:/openfhe-2023-1788/openfhe-install/include/openfhe/core/math/hal/bigintdyn/ubintdyn.h
2026-09-02T04:19:58.9011213Z -- Installing: C:/openfhe-2023-1788/openfhe-install/include/openfhe/core/math/hal/bigintfxd
2026-09-02T04:19:58.9331493Z -- Installing: C:/openfhe-2023-1788/openfhe-install/include/openfhe/core/math/hal/bigintfxd/backendfxd.h
2026-09-02T04:19:58.9340124Z -- Installing: C:/openfhe-2023-1788/openfhe-install/include/openfhe/core/math/hal/bigintfxd/mubintvecfxd.h
2026-09-02T04:19:58.9347872Z -- Installing: C:/openfhe-2023-1788/openfhe-install/include/openfhe/core/math/hal/bigintfxd/transformfxd-impl.h
2026-09-02T04:19:58.9371888Z -- Installing: C:/openfhe-2023-1788/openfhe-install/include/openfhe/core/math/hal/bigintfxd/transformfxd.h
2026-09-02T04:19:58.9379653Z -- Installing: C:/openfhe-2023-1788/openfhe-install/include/openfhe/core/math/hal/bigintfxd/ubintfxd.h
2026-09-02T04:19:58.9387642Z -- Installing: C:/openfhe-2023-1788/openfhe-install/include/openfhe/core/math/hal/bigintntl
2026-09-02T04:19:58.9431638Z -- Installing: C:/openfhe-2023-1788/openfhe-install/include/openfhe/core/math/hal/bigintntl/backendntl.h
2026-09-02T04:19:58.9440085Z -- Installing: C:/openfhe-2023-1788/openfhe-install/include/openfhe/core/math/hal/bigintntl/mubintvecntl.h
2026-09-02T04:19:58.9491918Z -- Installing: C:/openfhe-2023-1788/openfhe-install/include/openfhe/core/math/hal/bigintntl/transformntl-impl.h
2026-09-02T04:19:58.9514399Z -- Installing: C:/openfhe-2023-1788/openfhe-install/include/openfhe/core/math/hal/bigintntl/transformntl.h
2026-09-02T04:19:58.9524146Z -- Installing: C:/openfhe-2023-1788/openfhe-install/include/openfhe/core/math/hal/bigintntl/ubintntl.h
2026-09-02T04:19:58.9533249Z -- Installing: C:/openfhe-2023-1788/openfhe-install/include/openfhe/core/math/hal/integer.h
2026-09-02T04:19:58.9540559Z -- Installing: C:/openfhe-2023-1788/openfhe-install/include/openfhe/core/math/hal/intnat
2026-09-02T04:19:58.9547979Z -- Installing: C:/openfhe-2023-1788/openfhe-install/include/openfhe/core/math/hal/intnat/mubintvecnat.h
2026-09-02T04:19:58.9600510Z -- Installing: C:/openfhe-2023-1788/openfhe-install/include/openfhe/core/math/hal/intnat/transformnat-impl.h
2026-09-02T04:19:58.9610610Z -- Installing: C:/openfhe-2023-1788/openfhe-install/include/openfhe/core/math/hal/intnat/transformnat.h
2026-09-02T04:19:58.9619327Z -- Installing: C:/openfhe-2023-1788/openfhe-install/include/openfhe/core/math/hal/intnat/ubintnat.h
2026-09-02T04:19:58.9652708Z -- Installing: C:/openfhe-2023-1788/openfhe-install/include/openfhe/core/math/hal/nativeintbackend.h
2026-09-02T04:19:58.9661195Z -- Installing: C:/openfhe-2023-1788/openfhe-install/include/openfhe/core/math/hal/transform.h
2026-09-02T04:19:58.9668548Z -- Installing: C:/openfhe-2023-1788/openfhe-install/include/openfhe/core/math/hal/vector.h
2026-09-02T04:19:58.9676113Z -- Installing: C:/openfhe-2023-1788/openfhe-install/include/openfhe/core/math/hermite.h
2026-09-02T04:19:58.9684367Z -- Installing: C:/openfhe-2023-1788/openfhe-install/include/openfhe/core/math/math-hal.h
2026-09-02T04:19:58.9730163Z -- Installing: C:/openfhe-2023-1788/openfhe-install/include/openfhe/core/math/math_backends.md
2026-09-02T04:19:58.9777111Z -- Installing: C:/openfhe-2023-1788/openfhe-install/include/openfhe/core/math/matrix-impl.h
2026-09-02T04:19:58.9827542Z -- Installing: C:/openfhe-2023-1788/openfhe-install/include/openfhe/core/math/matrix.h
2026-09-02T04:19:58.9836035Z -- Installing: C:/openfhe-2023-1788/openfhe-install/include/openfhe/core/math/matrixstrassen-impl.h
2026-09-02T04:19:58.9844163Z -- Installing: C:/openfhe-2023-1788/openfhe-install/include/openfhe/core/math/matrixstrassen.h
2026-09-02T04:19:58.9853914Z -- Installing: C:/openfhe-2023-1788/openfhe-install/include/openfhe/core/math/nbtheory-impl.h
2026-09-02T04:19:58.9863184Z -- Installing: C:/openfhe-2023-1788/openfhe-install/include/openfhe/core/math/nbtheory.h
2026-09-02T04:19:58.9884421Z -- Installing: C:/openfhe-2023-1788/openfhe-install/include/openfhe/core/math/README.md
2026-09-02T04:19:58.9891248Z -- Installing: C:/openfhe-2023-1788/openfhe-install/include/openfhe/core/math/SAMPLING_README.md
2026-09-02T04:19:58.9934541Z -- Installing: C:/openfhe-2023-1788/openfhe-install/include/openfhe/core/math/ternaryuniformgenerator-impl.h
2026-09-02T04:19:58.9976335Z -- Installing: C:/openfhe-2023-1788/openfhe-install/include/openfhe/core/math/ternaryuniformgenerator.h
2026-09-02T04:19:59.0019079Z -- Installing: C:/openfhe-2023-1788/openfhe-install/include/openfhe/core/openfhecore.h
2026-09-02T04:19:59.0027387Z -- Installing: C:/openfhe-2023-1788/openfhe-install/include/openfhe/core/README.md
2026-09-02T04:19:59.0079117Z -- Installing: C:/openfhe-2023-1788/openfhe-install/include/openfhe/core/testdefs.h
2026-09-02T04:19:59.0087397Z -- Installing: C:/openfhe-2023-1788/openfhe-install/include/openfhe/core/utils
2026-09-02T04:19:59.0094289Z -- Installing: C:/openfhe-2023-1788/openfhe-install/include/openfhe/core/utils/blockAllocator
2026-09-02T04:19:59.0143395Z -- Installing: C:/openfhe-2023-1788/openfhe-install/include/openfhe/core/utils/blockAllocator/blockAllocator.h
2026-09-02T04:19:59.0183841Z -- Installing: C:/openfhe-2023-1788/openfhe-install/include/openfhe/core/utils/blockAllocator/README.md
2026-09-02T04:19:59.0192388Z -- Installing: C:/openfhe-2023-1788/openfhe-install/include/openfhe/core/utils/blockAllocator/stl_allocator.h
2026-09-02T04:19:59.0235035Z -- Installing: C:/openfhe-2023-1788/openfhe-install/include/openfhe/core/utils/blockAllocator/xallocator.h
2026-09-02T04:19:59.0257387Z -- Installing: C:/openfhe-2023-1788/openfhe-install/include/openfhe/core/utils/blockAllocator/xlist.h
2026-09-02T04:19:59.0264438Z -- Installing: C:/openfhe-2023-1788/openfhe-install/include/openfhe/core/utils/blockAllocator/xmap.h
2026-09-02T04:19:59.0327822Z -- Installing: C:/openfhe-2023-1788/openfhe-install/include/openfhe/core/utils/blockAllocator/xqueue.h
2026-09-02T04:19:59.0336323Z -- Installing: C:/openfhe-2023-1788/openfhe-install/include/openfhe/core/utils/blockAllocator/xset.h
2026-09-02T04:19:59.0380951Z -- Installing: C:/openfhe-2023-1788/openfhe-install/include/openfhe/core/utils/blockAllocator/xsstream.h
2026-09-02T04:19:59.0389783Z -- Installing: C:/openfhe-2023-1788/openfhe-install/include/openfhe/core/utils/blockAllocator/xstring.h
2026-09-02T04:19:59.0431461Z -- Installing: C:/openfhe-2023-1788/openfhe-install/include/openfhe/core/utils/blockAllocator/xvector.h
2026-09-02T04:19:59.0439882Z -- Installing: C:/openfhe-2023-1788/openfhe-install/include/openfhe/core/utils/caller_info.h
2026-09-02T04:19:59.0448063Z -- Installing: C:/openfhe-2023-1788/openfhe-install/include/openfhe/core/utils/debug.h
2026-09-02T04:19:59.0455325Z -- Installing: C:/openfhe-2023-1788/openfhe-install/include/openfhe/core/utils/demangle.h
2026-09-02T04:19:59.0504240Z -- Installing: C:/openfhe-2023-1788/openfhe-install/include/openfhe/core/utils/exception.h
2026-09-02T04:19:59.0523767Z -- Installing: C:/openfhe-2023-1788/openfhe-install/include/openfhe/core/utils/get-call-stack.h
2026-09-02T04:19:59.0531782Z -- Installing: C:/openfhe-2023-1788/openfhe-install/include/openfhe/core/utils/hashutil.h
2026-09-02T04:19:59.0574814Z -- Installing: C:/openfhe-2023-1788/openfhe-install/include/openfhe/core/utils/inttypes.h
2026-09-02T04:19:59.0583339Z -- Installing: C:/openfhe-2023-1788/openfhe-install/include/openfhe/core/utils/memory.h
2026-09-02T04:19:59.0592430Z -- Installing: C:/openfhe-2023-1788/openfhe-install/include/openfhe/core/utils/openfhebase64.h
2026-09-02T04:19:59.0633235Z -- Installing: C:/openfhe-2023-1788/openfhe-install/include/openfhe/core/utils/parallel.h
2026-09-02T04:19:59.0641478Z -- Installing: C:/openfhe-2023-1788/openfhe-install/include/openfhe/core/utils/prng
2026-09-02T04:19:59.0648748Z -- Installing: C:/openfhe-2023-1788/openfhe-install/include/openfhe/core/utils/prng/blake2-impl.h
2026-09-02T04:19:59.0690654Z -- Installing: C:/openfhe-2023-1788/openfhe-install/include/openfhe/core/utils/prng/blake2.h
2026-09-02T04:19:59.0699104Z -- Installing: C:/openfhe-2023-1788/openfhe-install/include/openfhe/core/utils/prng/blake2engine.h
2026-09-02T04:19:59.0706315Z -- Installing: C:/openfhe-2023-1788/openfhe-install/include/openfhe/core/utils/prng/CPPLINT.cfg
2026-09-02T04:19:59.0713975Z -- Installing: C:/openfhe-2023-1788/openfhe-install/include/openfhe/core/utils/prng/prng.h
2026-09-02T04:19:59.0735214Z -- Installing: C:/openfhe-2023-1788/openfhe-install/include/openfhe/core/utils/prng/README.md
2026-09-02T04:19:59.0741838Z -- Installing: C:/openfhe-2023-1788/openfhe-install/include/openfhe/core/utils/README.md
2026-09-02T04:19:59.0749905Z -- Installing: C:/openfhe-2023-1788/openfhe-install/include/openfhe/core/utils/serial.h
2026-09-02T04:19:59.0757277Z -- Installing: C:/openfhe-2023-1788/openfhe-install/include/openfhe/core/utils/serializable.h
2026-09-02T04:19:59.0763970Z -- Installing: C:/openfhe-2023-1788/openfhe-install/include/openfhe/core/utils/sertype.h
2026-09-02T04:19:59.0772348Z -- Installing: C:/openfhe-2023-1788/openfhe-install/include/openfhe/core/utils/type_name.h
2026-09-02T04:19:59.0779086Z -- Installing: C:/openfhe-2023-1788/openfhe-install/include/openfhe/core/utils/utilities-int.h
2026-09-02T04:19:59.0787430Z -- Installing: C:/openfhe-2023-1788/openfhe-install/include/openfhe/core/utils/utilities.h
2026-09-02T04:19:59.0794888Z -- Installing: C:/openfhe-2023-1788/openfhe-install/include/openfhe/core/version.h
2026-09-02T04:19:59.0806797Z -- Installing: C:/openfhe-2023-1788/openfhe-install/lib/libOPENFHEpke.dll.a
2026-09-02T04:19:59.0863393Z -- Installing: C:/openfhe-2023-1788/openfhe-install/lib/libOPENFHEpke.dll
2026-09-02T04:19:59.0953714Z -- Installing: C:/openfhe-2023-1788/openfhe-install/include/openfhe/pke
2026-09-02T04:19:59.0960318Z -- Installing: C:/openfhe-2023-1788/openfhe-install/include/openfhe/pke/ciphertext-fwd.h
2026-09-02T04:19:59.0969748Z -- Installing: C:/openfhe-2023-1788/openfhe-install/include/openfhe/pke/ciphertext-ser.h
2026-09-02T04:19:59.0976706Z -- Installing: C:/openfhe-2023-1788/openfhe-install/include/openfhe/pke/ciphertext.h
2026-09-02T04:19:59.0984175Z -- Installing: C:/openfhe-2023-1788/openfhe-install/include/openfhe/pke/constants-defs.h
2026-09-02T04:19:59.1004169Z -- Installing: C:/openfhe-2023-1788/openfhe-install/include/openfhe/pke/constants.h
2026-09-02T04:19:59.1011557Z -- Installing: C:/openfhe-2023-1788/openfhe-install/include/openfhe/pke/cryptocontext-fwd.h
2026-09-02T04:19:59.1018368Z -- Installing: C:/openfhe-2023-1788/openfhe-install/include/openfhe/pke/cryptocontext-ser.h
2026-09-02T04:19:59.1027140Z -- Installing: C:/openfhe-2023-1788/openfhe-install/include/openfhe/pke/cryptocontext.h
2026-09-02T04:19:59.1038188Z -- Installing: C:/openfhe-2023-1788/openfhe-install/include/openfhe/pke/cryptocontextfactory.h
2026-09-02T04:19:59.1045278Z -- Installing: C:/openfhe-2023-1788/openfhe-install/include/openfhe/pke/cryptoobject.h
2026-09-02T04:19:59.1053725Z -- Installing: C:/openfhe-2023-1788/openfhe-install/include/openfhe/pke/encoding
2026-09-02T04:19:59.1060388Z -- Installing: C:/openfhe-2023-1788/openfhe-install/include/openfhe/pke/encoding/ckkspackedencoding.h
2026-09-02T04:19:59.1067630Z -- Installing: C:/openfhe-2023-1788/openfhe-install/include/openfhe/pke/encoding/coefpackedencoding.h
2026-09-02T04:19:59.1075974Z -- Installing: C:/openfhe-2023-1788/openfhe-install/include/openfhe/pke/encoding/encodingparams.h
2026-09-02T04:19:59.1095890Z -- Installing: C:/openfhe-2023-1788/openfhe-install/include/openfhe/pke/encoding/encodings.h
2026-09-02T04:19:59.1103006Z -- Installing: C:/openfhe-2023-1788/openfhe-install/include/openfhe/pke/encoding/packedencoding.h
2026-09-02T04:19:59.1111623Z -- Installing: C:/openfhe-2023-1788/openfhe-install/include/openfhe/pke/encoding/plaintext-fwd.h
2026-09-02T04:19:59.1118337Z -- Installing: C:/openfhe-2023-1788/openfhe-install/include/openfhe/pke/encoding/plaintext.h
2026-09-02T04:19:59.1160750Z -- Installing: C:/openfhe-2023-1788/openfhe-install/include/openfhe/pke/encoding/plaintextfactory.h
2026-09-02T04:19:59.1264463Z -- Installing: C:/openfhe-2023-1788/openfhe-install/include/openfhe/pke/encoding/README.md
2026-09-02T04:19:59.1266508Z -- Installing: C:/openfhe-2023-1788/openfhe-install/include/openfhe/pke/encoding/stringencoding.h
2026-09-02T04:19:59.1267760Z -- Installing: C:/openfhe-2023-1788/openfhe-install/include/openfhe/pke/gen-cryptocontext.h
2026-09-02T04:19:59.1269437Z -- Installing: C:/openfhe-2023-1788/openfhe-install/include/openfhe/pke/globals.h
2026-09-02T04:19:59.1270348Z -- Installing: C:/openfhe-2023-1788/openfhe-install/include/openfhe/pke/key
2026-09-02T04:19:59.1271282Z -- Installing: C:/openfhe-2023-1788/openfhe-install/include/openfhe/pke/key/evalkey-fwd.h
2026-09-02T04:19:59.1272299Z -- Installing: C:/openfhe-2023-1788/openfhe-install/include/openfhe/pke/key/evalkey.h
2026-09-02T04:19:59.1273355Z -- Installing: C:/openfhe-2023-1788/openfhe-install/include/openfhe/pke/key/evalkeyrelin-fwd.h
2026-09-02T04:19:59.1274491Z -- Installing: C:/openfhe-2023-1788/openfhe-install/include/openfhe/pke/key/evalkeyrelin.h
2026-09-02T04:19:59.1287125Z -- Installing: C:/openfhe-2023-1788/openfhe-install/include/openfhe/pke/key/key-ser.h
2026-09-02T04:19:59.1297628Z -- Installing: C:/openfhe-2023-1788/openfhe-install/include/openfhe/pke/key/key.h
2026-09-02T04:19:59.1304518Z -- Installing: C:/openfhe-2023-1788/openfhe-install/include/openfhe/pke/key/keypair.h
2026-09-02T04:19:59.1313145Z -- Installing: C:/openfhe-2023-1788/openfhe-install/include/openfhe/pke/key/privatekey-fwd.h
2026-09-02T04:19:59.1320288Z -- Installing: C:/openfhe-2023-1788/openfhe-install/include/openfhe/pke/key/privatekey.h
2026-09-02T04:19:59.1327275Z -- Installing: C:/openfhe-2023-1788/openfhe-install/include/openfhe/pke/key/publickey-fwd.h
2026-09-02T04:19:59.1336037Z -- Installing: C:/openfhe-2023-1788/openfhe-install/include/openfhe/pke/key/publickey.h
2026-09-02T04:19:59.1342867Z -- Installing: C:/openfhe-2023-1788/openfhe-install/include/openfhe/pke/key/README.md
2026-09-02T04:19:59.1351283Z -- Installing: C:/openfhe-2023-1788/openfhe-install/include/openfhe/pke/keyswitch
2026-09-02T04:19:59.1359783Z -- Installing: C:/openfhe-2023-1788/openfhe-install/include/openfhe/pke/keyswitch/keyswitch-base.h
2026-09-02T04:19:59.1367096Z -- Installing: C:/openfhe-2023-1788/openfhe-install/include/openfhe/pke/keyswitch/keyswitch-bv.h
2026-09-02T04:19:59.1373803Z -- Installing: C:/openfhe-2023-1788/openfhe-install/include/openfhe/pke/keyswitch/keyswitch-hybrid.h
2026-09-02T04:19:59.1393644Z -- Installing: C:/openfhe-2023-1788/openfhe-install/include/openfhe/pke/keyswitch/keyswitch-rns.h
2026-09-02T04:19:59.1400353Z -- Installing: C:/openfhe-2023-1788/openfhe-install/include/openfhe/pke/keyswitch/README.md
2026-09-02T04:19:59.1407150Z -- Installing: C:/openfhe-2023-1788/openfhe-install/include/openfhe/pke/metadata-ser.h
2026-09-02T04:19:59.1415853Z -- Installing: C:/openfhe-2023-1788/openfhe-install/include/openfhe/pke/metadata.h
2026-09-02T04:19:59.1423133Z -- Installing: C:/openfhe-2023-1788/openfhe-install/include/openfhe/pke/openfhe.h
2026-09-02T04:19:59.1429829Z -- Installing: C:/openfhe-2023-1788/openfhe-install/include/openfhe/pke/README.md
2026-09-02T04:19:59.1438277Z -- Installing: C:/openfhe-2023-1788/openfhe-install/include/openfhe/pke/scheme
2026-09-02T04:19:59.1444531Z -- Installing: C:/openfhe-2023-1788/openfhe-install/include/openfhe/pke/scheme/bfvrns
2026-09-02T04:19:59.1451340Z -- Installing: C:/openfhe-2023-1788/openfhe-install/include/openfhe/pke/scheme/bfvrns/bfvrns-advancedshe.h
2026-09-02T04:19:59.1458313Z -- Installing: C:/openfhe-2023-1788/openfhe-install/include/openfhe/pke/scheme/bfvrns/bfvrns-cryptoparameters.h
2026-09-02T04:19:59.1467111Z -- Installing: C:/openfhe-2023-1788/openfhe-install/include/openfhe/pke/scheme/bfvrns/bfvrns-fhe.h
2026-09-02T04:19:59.1486926Z -- Installing: C:/openfhe-2023-1788/openfhe-install/include/openfhe/pke/scheme/bfvrns/bfvrns-leveledshe.h
2026-09-02T04:19:59.1494735Z -- Installing: C:/openfhe-2023-1788/openfhe-install/include/openfhe/pke/scheme/bfvrns/bfvrns-multiparty.h
2026-09-02T04:19:59.1503838Z -- Installing: C:/openfhe-2023-1788/openfhe-install/include/openfhe/pke/scheme/bfvrns/bfvrns-parametergeneration.h
2026-09-02T04:19:59.1542680Z -- Installing: C:/openfhe-2023-1788/openfhe-install/include/openfhe/pke/scheme/bfvrns/bfvrns-pke.h
2026-09-02T04:19:59.1551373Z -- Installing: C:/openfhe-2023-1788/openfhe-install/include/openfhe/pke/scheme/bfvrns/bfvrns-pre.h
2026-09-02T04:19:59.1558263Z -- Installing: C:/openfhe-2023-1788/openfhe-install/include/openfhe/pke/scheme/bfvrns/bfvrns-scheme.h
2026-09-02T04:19:59.1565221Z -- Installing: C:/openfhe-2023-1788/openfhe-install/include/openfhe/pke/scheme/bfvrns/bfvrns-ser.h
2026-09-02T04:19:59.1573808Z -- Installing: C:/openfhe-2023-1788/openfhe-install/include/openfhe/pke/scheme/bfvrns/gen-cryptocontext-bfvrns-internal.h
2026-09-02T04:19:59.1581065Z -- Installing: C:/openfhe-2023-1788/openfhe-install/include/openfhe/pke/scheme/bfvrns/gen-cryptocontext-bfvrns-params.h
2026-09-02T04:19:59.1589938Z -- Installing: C:/openfhe-2023-1788/openfhe-install/include/openfhe/pke/scheme/bfvrns/gen-cryptocontext-bfvrns.h
2026-09-02T04:19:59.1596556Z -- Installing: C:/openfhe-2023-1788/openfhe-install/include/openfhe/pke/scheme/bgvrns
2026-09-02T04:19:59.1603656Z -- Installing: C:/openfhe-2023-1788/openfhe-install/include/openfhe/pke/scheme/bgvrns/bgvrns-advancedshe.h
2026-09-02T04:19:59.1612366Z -- Installing: C:/openfhe-2023-1788/openfhe-install/include/openfhe/pke/scheme/bgvrns/bgvrns-cryptoparameters.h
2026-09-02T04:19:59.1619350Z -- Installing: C:/openfhe-2023-1788/openfhe-install/include/openfhe/pke/scheme/bgvrns/bgvrns-fhe.h
2026-09-02T04:19:59.1670300Z -- Installing: C:/openfhe-2023-1788/openfhe-install/include/openfhe/pke/scheme/bgvrns/bgvrns-leveledshe.h
2026-09-02T04:19:59.1677172Z -- Installing: C:/openfhe-2023-1788/openfhe-install/include/openfhe/pke/scheme/bgvrns/bgvrns-multiparty.h
2026-09-02T04:19:59.1685469Z -- Installing: C:/openfhe-2023-1788/openfhe-install/include/openfhe/pke/scheme/bgvrns/bgvrns-parametergeneration.h
2026-09-02T04:19:59.1727280Z -- Installing: C:/openfhe-2023-1788/openfhe-install/include/openfhe/pke/scheme/bgvrns/bgvrns-pke.h
2026-09-02T04:19:59.1734137Z -- Installing: C:/openfhe-2023-1788/openfhe-install/include/openfhe/pke/scheme/bgvrns/bgvrns-pre.h
2026-09-02T04:19:59.1742106Z -- Installing: C:/openfhe-2023-1788/openfhe-install/include/openfhe/pke/scheme/bgvrns/bgvrns-scheme.h
2026-09-02T04:19:59.1783982Z -- Installing: C:/openfhe-2023-1788/openfhe-install/include/openfhe/pke/scheme/bgvrns/bgvrns-ser.h
2026-09-02T04:19:59.1791369Z -- Installing: C:/openfhe-2023-1788/openfhe-install/include/openfhe/pke/scheme/bgvrns/gen-cryptocontext-bgvrns-internal.h
2026-09-02T04:19:59.1800647Z -- Installing: C:/openfhe-2023-1788/openfhe-install/include/openfhe/pke/scheme/bgvrns/gen-cryptocontext-bgvrns-params.h
2026-09-02T04:19:59.1838113Z -- Installing: C:/openfhe-2023-1788/openfhe-install/include/openfhe/pke/scheme/bgvrns/gen-cryptocontext-bgvrns.h
2026-09-02T04:19:59.1844721Z -- Installing: C:/openfhe-2023-1788/openfhe-install/include/openfhe/pke/scheme/ckksrns
2026-09-02T04:19:59.1851877Z -- Installing: C:/openfhe-2023-1788/openfhe-install/include/openfhe/pke/scheme/ckksrns/ckksrns-advancedshe.h
2026-09-02T04:19:59.1861372Z -- Installing: C:/openfhe-2023-1788/openfhe-install/include/openfhe/pke/scheme/ckksrns/ckksrns-cryptoparameters.h
2026-09-02T04:19:59.1868354Z -- Installing: C:/openfhe-2023-1788/openfhe-install/include/openfhe/pke/scheme/ckksrns/ckksrns-fhe.h
2026-09-02T04:19:59.1888535Z -- Installing: C:/openfhe-2023-1788/openfhe-install/include/openfhe/pke/scheme/ckksrns/ckksrns-leveledshe.h
2026-09-02T04:19:59.1895477Z -- Installing: C:/openfhe-2023-1788/openfhe-install/include/openfhe/pke/scheme/ckksrns/ckksrns-multiparty.h
2026-09-02T04:19:59.1902890Z -- Installing: C:/openfhe-2023-1788/openfhe-install/include/openfhe/pke/scheme/ckksrns/ckksrns-parametergeneration.h
2026-09-02T04:19:59.1911265Z -- Installing: C:/openfhe-2023-1788/openfhe-install/include/openfhe/pke/scheme/ckksrns/ckksrns-pke.h
2026-09-02T04:19:59.1918209Z -- Installing: C:/openfhe-2023-1788/openfhe-install/include/openfhe/pke/scheme/ckksrns/ckksrns-pre.h
2026-09-02T04:19:59.1924928Z -- Installing: C:/openfhe-2023-1788/openfhe-install/include/openfhe/pke/scheme/ckksrns/ckksrns-scheme.h
2026-09-02T04:19:59.1933397Z -- Installing: C:/openfhe-2023-1788/openfhe-install/include/openfhe/pke/scheme/ckksrns/ckksrns-schemeswitching.h
2026-09-02T04:19:59.1940812Z -- Installing: C:/openfhe-2023-1788/openfhe-install/include/openfhe/pke/scheme/ckksrns/ckksrns-ser.h
2026-09-02T04:19:59.1947638Z -- Installing: C:/openfhe-2023-1788/openfhe-install/include/openfhe/pke/scheme/ckksrns/ckksrns-utils.h
2026-09-02T04:19:59.1956863Z -- Installing: C:/openfhe-2023-1788/openfhe-install/include/openfhe/pke/scheme/ckksrns/gen-cryptocontext-ckksrns-internal.h
2026-09-02T04:19:59.1964265Z -- Installing: C:/openfhe-2023-1788/openfhe-install/include/openfhe/pke/scheme/ckksrns/gen-cryptocontext-ckksrns-params.h
2026-09-02T04:19:59.1971702Z -- Installing: C:/openfhe-2023-1788/openfhe-install/include/openfhe/pke/scheme/ckksrns/gen-cryptocontext-ckksrns.h
2026-09-02T04:19:59.1980459Z -- Installing: C:/openfhe-2023-1788/openfhe-install/include/openfhe/pke/scheme/ckksrns/README.md
2026-09-02T04:19:59.1987123Z -- Installing: C:/openfhe-2023-1788/openfhe-install/include/openfhe/pke/scheme/gen-cryptocontext-params-defaults.h
2026-09-02T04:19:59.1994399Z -- Installing: C:/openfhe-2023-1788/openfhe-install/include/openfhe/pke/scheme/gen-cryptocontext-params-validation.h
2026-09-02T04:19:59.2014100Z -- Installing: C:/openfhe-2023-1788/openfhe-install/include/openfhe/pke/scheme/gen-cryptocontext-params.h
2026-09-02T04:19:59.2021733Z -- Installing: C:/openfhe-2023-1788/openfhe-install/include/openfhe/pke/scheme/README.md
2026-09-02T04:19:59.2027539Z -- Installing: C:/openfhe-2023-1788/openfhe-install/include/openfhe/pke/scheme/scheme-id.h
2026-09-02T04:19:59.2035933Z -- Installing: C:/openfhe-2023-1788/openfhe-install/include/openfhe/pke/scheme/scheme-swch-params.h
2026-09-02T04:19:59.2043160Z -- Installing: C:/openfhe-2023-1788/openfhe-install/include/openfhe/pke/scheme/scheme-utils.h
2026-09-02T04:19:59.2049810Z -- Installing: C:/openfhe-2023-1788/openfhe-install/include/openfhe/pke/schemebase
2026-09-02T04:19:59.2057680Z -- Installing: C:/openfhe-2023-1788/openfhe-install/include/openfhe/pke/schemebase/base-advancedshe.h
2026-09-02T04:19:59.2065102Z -- Installing: C:/openfhe-2023-1788/openfhe-install/include/openfhe/pke/schemebase/base-cryptoparameters.h
2026-09-02T04:19:59.2072321Z -- Installing: C:/openfhe-2023-1788/openfhe-install/include/openfhe/pke/schemebase/base-fhe.h
2026-09-02T04:19:59.2081232Z -- Installing: C:/openfhe-2023-1788/openfhe-install/include/openfhe/pke/schemebase/base-leveledshe.h
2026-09-02T04:19:59.2099756Z -- Installing: C:/openfhe-2023-1788/openfhe-install/include/openfhe/pke/schemebase/base-multiparty.h
2026-09-02T04:19:59.2107681Z -- Installing: C:/openfhe-2023-1788/openfhe-install/include/openfhe/pke/schemebase/base-parametergeneration.h
2026-09-02T04:19:59.2116061Z -- Installing: C:/openfhe-2023-1788/openfhe-install/include/openfhe/pke/schemebase/base-pke.h
2026-09-02T04:19:59.2123173Z -- Installing: C:/openfhe-2023-1788/openfhe-install/include/openfhe/pke/schemebase/base-pre.h
2026-09-02T04:19:59.2130445Z -- Installing: C:/openfhe-2023-1788/openfhe-install/include/openfhe/pke/schemebase/base-scheme.h
2026-09-02T04:19:59.2140922Z -- Installing: C:/openfhe-2023-1788/openfhe-install/include/openfhe/pke/schemebase/base-ser.h
2026-09-02T04:19:59.2147775Z -- Installing: C:/openfhe-2023-1788/openfhe-install/include/openfhe/pke/schemebase/decrypt-result.h
2026-09-02T04:19:59.2154539Z -- Installing: C:/openfhe-2023-1788/openfhe-install/include/openfhe/pke/schemebase/rlwe-cryptoparameters.h
2026-09-02T04:19:59.2163227Z -- Installing: C:/openfhe-2023-1788/openfhe-install/include/openfhe/pke/schemelet
2026-09-02T04:19:59.2169560Z -- Installing: C:/openfhe-2023-1788/openfhe-install/include/openfhe/pke/schemelet/rlwe-mp.h
2026-09-02T04:19:59.2176172Z -- Installing: C:/openfhe-2023-1788/openfhe-install/include/openfhe/pke/schemerns
2026-09-02T04:19:59.2195672Z -- Installing: C:/openfhe-2023-1788/openfhe-install/include/openfhe/pke/schemerns/rns-advancedshe.h
2026-09-02T04:19:59.2202381Z -- Installing: C:/openfhe-2023-1788/openfhe-install/include/openfhe/pke/schemerns/rns-cryptoparameters.h
2026-09-02T04:19:59.2210219Z -- Installing: C:/openfhe-2023-1788/openfhe-install/include/openfhe/pke/schemerns/rns-fhe.h
2026-09-02T04:19:59.2248492Z -- Installing: C:/openfhe-2023-1788/openfhe-install/include/openfhe/pke/schemerns/rns-leveledshe.h
2026-09-02T04:19:59.2265515Z -- Installing: C:/openfhe-2023-1788/openfhe-install/include/openfhe/pke/schemerns/rns-multiparty.h
2026-09-02T04:19:59.2272812Z -- Installing: C:/openfhe-2023-1788/openfhe-install/include/openfhe/pke/schemerns/rns-parametergeneration.h
2026-09-02T04:19:59.2281164Z -- Installing: C:/openfhe-2023-1788/openfhe-install/include/openfhe/pke/schemerns/rns-pke.h
2026-09-02T04:19:59.2288804Z -- Installing: C:/openfhe-2023-1788/openfhe-install/include/openfhe/pke/schemerns/rns-pre.h
2026-09-02T04:19:59.2295553Z -- Installing: C:/openfhe-2023-1788/openfhe-install/include/openfhe/pke/schemerns/rns-scheme.h
2026-09-02T04:19:59.2303717Z -- Installing: C:/openfhe-2023-1788/openfhe-install/include/openfhe/pke/schemerns/rns-ser.h
2026-09-02T04:19:59.2312042Z -- Installing: C:/openfhe-2023-1788/openfhe-install/include/openfhe/pke/unittest/utils
2026-09-02T04:19:59.2321999Z -- Installing: C:/openfhe-2023-1788/openfhe-install/include/openfhe/pke/unittest/utils/BaseTestCase.h
2026-09-02T04:19:59.2330118Z -- Installing: C:/openfhe-2023-1788/openfhe-install/include/openfhe/pke/unittest/utils/schemeswitching-data-serializer.h
2026-09-02T04:19:59.2337396Z -- Installing: C:/openfhe-2023-1788/openfhe-install/include/openfhe/pke/unittest/utils/UnitTestCCParams.h
2026-09-02T04:19:59.2358035Z -- Installing: C:/openfhe-2023-1788/openfhe-install/include/openfhe/pke/unittest/utils/UnitTestCryptoContext.h
2026-09-02T04:19:59.2364742Z -- Installing: C:/openfhe-2023-1788/openfhe-install/include/openfhe/pke/unittest/utils/UnitTestException.h
2026-09-02T04:19:59.2371590Z -- Installing: C:/openfhe-2023-1788/openfhe-install/include/openfhe/pke/unittest/utils/UnitTestMetadataTest.h
2026-09-02T04:19:59.2380287Z -- Installing: C:/openfhe-2023-1788/openfhe-install/include/openfhe/pke/unittest/utils/UnitTestMetadataTestSer.h
2026-09-02T04:19:59.2387181Z -- Installing: C:/openfhe-2023-1788/openfhe-install/include/openfhe/pke/unittest/utils/UnitTestReadCSVData.h
2026-09-02T04:19:59.2393827Z -- Installing: C:/openfhe-2023-1788/openfhe-install/include/openfhe/pke/unittest/utils/UnitTestSer.h
2026-09-02T04:19:59.2402235Z -- Installing: C:/openfhe-2023-1788/openfhe-install/include/openfhe/pke/unittest/utils/UnitTestUtils.h
2026-09-02T04:19:59.2414633Z -- Installing: C:/openfhe-2023-1788/openfhe-install/lib/libOPENFHEbinfhe.dll.a
2026-09-02T04:19:59.2429001Z -- Installing: C:/openfhe-2023-1788/openfhe-install/lib/libOPENFHEbinfhe.dll
2026-09-02T04:19:59.2450311Z -- Installing: C:/openfhe-2023-1788/openfhe-install/include/openfhe/binfhe
2026-09-02T04:19:59.2456650Z -- Installing: C:/openfhe-2023-1788/openfhe-install/include/openfhe/binfhe/binfhe-base-params.h
2026-09-02T04:19:59.2464198Z -- Installing: C:/openfhe-2023-1788/openfhe-install/include/openfhe/binfhe/binfhe-base-scheme.h
2026-09-02T04:19:59.2472003Z -- Installing: C:/openfhe-2023-1788/openfhe-install/include/openfhe/binfhe/binfhe-constants.h
2026-09-02T04:19:59.2492316Z -- Installing: C:/openfhe-2023-1788/openfhe-install/include/openfhe/binfhe/binfhecontext-ser.h
2026-09-02T04:19:59.2499384Z -- Installing: C:/openfhe-2023-1788/openfhe-install/include/openfhe/binfhe/binfhecontext.h
2026-09-02T04:19:59.2507239Z -- Installing: C:/openfhe-2023-1788/openfhe-install/include/openfhe/binfhe/lwe-ciphertext-fwd.h
2026-09-02T04:19:59.2515639Z -- Installing: C:/openfhe-2023-1788/openfhe-install/include/openfhe/binfhe/lwe-ciphertext.h
2026-09-02T04:19:59.2523029Z -- Installing: C:/openfhe-2023-1788/openfhe-install/include/openfhe/binfhe/lwe-cryptoparameters.h
2026-09-02T04:19:59.2530312Z -- Installing: C:/openfhe-2023-1788/openfhe-install/include/openfhe/binfhe/lwe-keypair-fwd.h
2026-09-02T04:19:59.2538846Z -- Installing: C:/openfhe-2023-1788/openfhe-install/include/openfhe/binfhe/lwe-keypair.h
2026-09-02T04:19:59.2546224Z -- Installing: C:/openfhe-2023-1788/openfhe-install/include/openfhe/binfhe/lwe-keyswitchkey-fwd.h
2026-09-02T04:19:59.2553286Z -- Installing: C:/openfhe-2023-1788/openfhe-install/include/openfhe/binfhe/lwe-keyswitchkey.h
2026-09-02T04:19:59.2562046Z -- Installing: C:/openfhe-2023-1788/openfhe-install/include/openfhe/binfhe/lwe-pke.h
2026-09-02T04:19:59.2569614Z -- Installing: C:/openfhe-2023-1788/openfhe-install/include/openfhe/binfhe/lwe-privatekey-fwd.h
2026-09-02T04:19:59.2576761Z -- Installing: C:/openfhe-2023-1788/openfhe-install/include/openfhe/binfhe/lwe-privatekey.h
2026-09-02T04:19:59.2584090Z -- Installing: C:/openfhe-2023-1788/openfhe-install/include/openfhe/binfhe/lwe-publickey-fwd.h
2026-09-02T04:19:59.2592585Z -- Installing: C:/openfhe-2023-1788/openfhe-install/include/openfhe/binfhe/lwe-publickey.h
2026-09-02T04:19:59.2600871Z -- Installing: C:/openfhe-2023-1788/openfhe-install/include/openfhe/binfhe/README.md
2026-09-02T04:19:59.2641977Z -- Installing: C:/openfhe-2023-1788/openfhe-install/include/openfhe/binfhe/rgsw-acc-cggi.h
2026-09-02T04:19:59.2660263Z -- Installing: C:/openfhe-2023-1788/openfhe-install/include/openfhe/binfhe/rgsw-acc-dm.h
2026-09-02T04:19:59.2703996Z -- Installing: C:/openfhe-2023-1788/openfhe-install/include/openfhe/binfhe/rgsw-acc-lmkcdey.h
2026-09-02T04:19:59.2742394Z -- Installing: C:/openfhe-2023-1788/openfhe-install/include/openfhe/binfhe/rgsw-acc.h
2026-09-02T04:19:59.2752258Z -- Installing: C:/openfhe-2023-1788/openfhe-install/include/openfhe/binfhe/rgsw-acckey.h
2026-09-02T04:19:59.2791555Z -- Installing: C:/openfhe-2023-1788/openfhe-install/include/openfhe/binfhe/rgsw-cryptoparameters.h
2026-09-02T04:19:59.2832141Z -- Installing: C:/openfhe-2023-1788/openfhe-install/include/openfhe/binfhe/rgsw-evalkey.h
2026-09-02T04:19:59.2873811Z -- Installing: C:/openfhe-2023-1788/openfhe-install/include/openfhe/binfhe/rlwe-ciphertext.h
2026-09-02T04:19:59.2890623Z -- Installing: C:/openfhe-2023-1788/openfhe-install/CMake/OpenFHEConfig.cmake
2026-09-02T04:19:59.2928260Z -- Installing: C:/openfhe-2023-1788/openfhe-install/CMake/OpenFHEConfigVersion.cmake
2026-09-02T04:19:59.2938319Z -- Installing: C:/openfhe-2023-1788/openfhe-install/CMake/OpenFHETargets.cmake
2026-09-02T04:19:59.2958884Z -- Installing: C:/openfhe-2023-1788/openfhe-install/CMake/OpenFHETargets-release.cmake
2026-09-02T04:19:59.3238513Z ##[group]Run prefix="$(cygpath -u "$OPENFHE_PREFIX")"
2026-09-02T04:19:59.3239002Z [36;1mprefix="$(cygpath -u "$OPENFHE_PREFIX")"[0m
2026-09-02T04:19:59.3239334Z [36;1mbuild="$(cygpath -u "$PROJECT_BUILD")"[0m
2026-09-02T04:19:59.3239643Z [36;1mcmake -S . -B "$build" \[0m
2026-09-02T04:19:59.3239890Z [36;1m  -DCMAKE_BUILD_TYPE=Debug \[0m
2026-09-02T04:19:59.3240148Z [36;1m  -DCMAKE_PREFIX_PATH="$prefix"[0m
2026-09-02T04:19:59.3242279Z shell: D:\a\_temp\setup-msys2\msys2.CMD {0}
2026-09-02T04:19:59.3242541Z env:
2026-09-02T04:19:59.3242786Z   OPENFHE_COMMIT: df495ba2e91739a6dc8f1de254fc5a41155ce504
2026-09-02T04:19:59.3243140Z   OPENFHE_PREFIX: C:\openfhe-2023-1788\openfhe-install
2026-09-02T04:19:59.3243432Z   WINDOWS_ROOT: C:\openfhe-2023-1788
2026-09-02T04:19:59.3243707Z   PROJECT_SOURCE: C:\openfhe-2023-1788\cleanroom
2026-09-02T04:19:59.3244008Z   OPENFHE_SOURCE: C:\openfhe-2023-1788\openfhe-src
2026-09-02T04:19:59.3244399Z   OPENFHE_BUILD: C:\openfhe-2023-1788\openfhe-build-33590046548-1
2026-09-02T04:19:59.3244783Z   PROJECT_BUILD: C:\openfhe-2023-1788\project-build-33590046548-1
2026-09-02T04:19:59.3245083Z   MSYSTEM: MINGW64
2026-09-02T04:19:59.3245263Z ##[endgroup]
2026-09-02T04:19:59.7309184Z -- Building for: Ninja
2026-09-02T04:19:59.7309722Z -- The CXX compiler identification is GNU 16.2.0
2026-09-02T04:19:59.7788411Z -- Detecting CXX compiler ABI info
2026-09-02T04:20:00.1254989Z -- Detecting CXX compiler ABI info - done
2026-09-02T04:20:00.1574863Z -- Check for working CXX compiler: D:/a/_temp/msys64/mingw64/bin/c++.exe - skipped
2026-09-02T04:20:00.1579478Z -- Detecting CXX compile features
2026-09-02T04:20:00.1589033Z -- Detecting CXX compile features - done
2026-09-02T04:20:00.1867083Z -- Configuring done (0.6s)
2026-09-02T04:20:00.2147290Z -- Generating done (0.0s)
2026-09-02T04:20:00.2160306Z -- Build files have been written to: C:/openfhe-2023-1788/project-build-33590046548-1
2026-09-02T04:20:00.2382047Z ##[group]Run build="$(cygpath -u "$PROJECT_BUILD")"
2026-09-02T04:20:00.2382504Z [36;1mbuild="$(cygpath -u "$PROJECT_BUILD")"[0m
2026-09-02T04:20:00.2382832Z [36;1mcmake --build "$build" --parallel 2[0m
2026-09-02T04:20:00.2384711Z shell: D:\a\_temp\setup-msys2\msys2.CMD {0}
2026-09-02T04:20:00.2384997Z env:
2026-09-02T04:20:00.2385242Z   OPENFHE_COMMIT: df495ba2e91739a6dc8f1de254fc5a41155ce504
2026-09-02T04:20:00.2385602Z   OPENFHE_PREFIX: C:\openfhe-2023-1788\openfhe-install
2026-09-02T04:20:00.2385906Z   WINDOWS_ROOT: C:\openfhe-2023-1788
2026-09-02T04:20:00.2386181Z   PROJECT_SOURCE: C:\openfhe-2023-1788\cleanroom
2026-09-02T04:20:00.2386487Z   OPENFHE_SOURCE: C:\openfhe-2023-1788\openfhe-src
2026-09-02T04:20:00.2386838Z   OPENFHE_BUILD: C:\openfhe-2023-1788\openfhe-build-33590046548-1
2026-09-02T04:20:00.2387226Z   PROJECT_BUILD: C:\openfhe-2023-1788\project-build-33590046548-1
2026-09-02T04:20:00.2387529Z   MSYSTEM: MINGW64
2026-09-02T04:20:00.2387732Z ##[endgroup]
2026-09-02T04:20:09.9969444Z [1/10] Building CXX object CMakeFiles/openfhe_2023_1788.dir/src/double_ckks.cpp.obj
2026-09-02T04:20:10.0930077Z [2/10] Linking CXX static library libopenfhe_2023_1788.a
2026-09-02T04:20:13.5718244Z [3/10] Building CXX object CMakeFiles/tensor2_api_contract_test.dir/tests/tensor2_api_contract_test.cpp.obj
2026-09-02T04:20:22.4214540Z [4/10] Building CXX object CMakeFiles/dcp_rcb_test.dir/tests/dcp_rcb_test.cpp.obj
2026-09-02T04:20:32.2096130Z [5/10] Building CXX object CMakeFiles/tensor2_test.dir/tests/tensor2_test.cpp.obj
2026-09-02T04:20:32.4661027Z [6/10] Linking CXX executable dcp_rcb_test.exe
2026-09-02T04:20:32.5589049Z [7/10] Linking CXX executable tensor2_api_contract_test.exe
2026-09-02T04:20:32.7726253Z [8/10] Linking CXX executable tensor2_test.exe
2026-09-02T04:20:42.3069228Z [9/10] Building CXX object CMakeFiles/relin2_test.dir/tests/relin2_test.cpp.obj
2026-09-02T04:20:42.5273539Z [10/10] Linking CXX executable relin2_test.exe
2026-09-02T04:20:42.5482622Z ##[group]Run build="$(cygpath -u "$PROJECT_BUILD")"
2026-09-02T04:20:42.5483119Z [36;1mbuild="$(cygpath -u "$PROJECT_BUILD")"[0m
2026-09-02T04:20:42.5483533Z [36;1mcmake --build "$build" --target relin2_api_contract_test --parallel 2[0m
2026-09-02T04:20:42.5485585Z shell: D:\a\_temp\setup-msys2\msys2.CMD {0}
2026-09-02T04:20:42.5485864Z env:
2026-09-02T04:20:42.5486102Z   OPENFHE_COMMIT: df495ba2e91739a6dc8f1de254fc5a41155ce504
2026-09-02T04:20:42.5486447Z   OPENFHE_PREFIX: C:\openfhe-2023-1788\openfhe-install
2026-09-02T04:20:42.5486732Z   WINDOWS_ROOT: C:\openfhe-2023-1788
2026-09-02T04:20:42.5486994Z   PROJECT_SOURCE: C:\openfhe-2023-1788\cleanroom
2026-09-02T04:20:42.5487292Z   OPENFHE_SOURCE: C:\openfhe-2023-1788\openfhe-src
2026-09-02T04:20:42.5487640Z   OPENFHE_BUILD: C:\openfhe-2023-1788\openfhe-build-33590046548-1
2026-09-02T04:20:42.5488022Z   PROJECT_BUILD: C:\openfhe-2023-1788\project-build-33590046548-1
2026-09-02T04:20:42.5488317Z   MSYSTEM: MINGW64
2026-09-02T04:20:42.5488540Z ##[endgroup]
2026-09-02T04:20:45.8784177Z [1/2] Building CXX object CMakeFiles/relin2_api_contract_test.dir/tests/relin2_api_contract_test.cpp.obj
2026-09-02T04:20:45.9632563Z [2/2] Linking CXX executable relin2_api_contract_test.exe
2026-09-02T04:20:45.9837309Z ##[group]Run prefix="$(cygpath -u "$OPENFHE_PREFIX")"
2026-09-02T04:20:45.9837800Z [36;1mprefix="$(cygpath -u "$OPENFHE_PREFIX")"[0m
2026-09-02T04:20:45.9838123Z [36;1mbuild="$(cygpath -u "$PROJECT_BUILD")"[0m
2026-09-02T04:20:45.9838440Z [36;1mexport PATH="$prefix/bin:$prefix/lib:$PATH"[0m
2026-09-02T04:20:45.9838790Z [36;1mctest --test-dir "$build" --output-on-failure[0m
2026-09-02T04:20:45.9841267Z shell: D:\a\_temp\setup-msys2\msys2.CMD {0}
2026-09-02T04:20:45.9841525Z env:
2026-09-02T04:20:45.9841763Z   OPENFHE_COMMIT: df495ba2e91739a6dc8f1de254fc5a41155ce504
2026-09-02T04:20:45.9842113Z   OPENFHE_PREFIX: C:\openfhe-2023-1788\openfhe-install
2026-09-02T04:20:45.9842403Z   WINDOWS_ROOT: C:\openfhe-2023-1788
2026-09-02T04:20:45.9842671Z   PROJECT_SOURCE: C:\openfhe-2023-1788\cleanroom
2026-09-02T04:20:45.9842978Z   OPENFHE_SOURCE: C:\openfhe-2023-1788\openfhe-src
2026-09-02T04:20:45.9843336Z   OPENFHE_BUILD: C:\openfhe-2023-1788\openfhe-build-33590046548-1
2026-09-02T04:20:45.9843755Z   PROJECT_BUILD: C:\openfhe-2023-1788\project-build-33590046548-1
2026-09-02T04:20:45.9844072Z   MSYSTEM: MINGW64
2026-09-02T04:20:45.9844252Z ##[endgroup]
2026-09-02T04:20:46.2083108Z Test project C:/openfhe-2023-1788/project-build-33590046548-1
2026-09-02T04:20:46.2116584Z       Start  1: dcp_rcb
2026-09-02T04:20:46.2898861Z  1/20 Test  #1: dcp_rcb ...................................   Passed    0.08 sec
2026-09-02T04:20:46.2919965Z       Start  2: tensor2_valid_arithmetic_immutability
2026-09-02T04:20:46.3111756Z  2/20 Test  #2: tensor2_valid_arithmetic_immutability .....   Passed    0.02 sec
2026-09-02T04:20:46.3115839Z       Start  3: tensor2_result_scale_contract
2026-09-02T04:20:46.3247904Z  3/20 Test  #3: tensor2_result_scale_contract .............   Passed    0.01 sec
2026-09-02T04:20:46.3268852Z       Start  4: tensor2_right_input_validation
2026-09-02T04:20:46.3373440Z  4/20 Test  #4: tensor2_right_input_validation ............   Passed    0.01 sec
2026-09-02T04:20:46.3376757Z       Start  5: tensor2_mutual_compatibility
2026-09-02T04:20:46.3500591Z  5/20 Test  #5: tensor2_mutual_compatibility ..............   Passed    0.01 sec
2026-09-02T04:20:46.3504052Z       Start  6: tensor2_prearithmetic_key_compatibility
2026-09-02T04:20:46.3641089Z  6/20 Test  #6: tensor2_prearithmetic_key_compatibility ...   Passed    0.01 sec
2026-09-02T04:20:46.3644461Z       Start  7: relin2_tensor_validation_order
2026-09-02T04:20:46.3924892Z  7/20 Test  #7: relin2_tensor_validation_order ............   Passed    0.03 sec
2026-09-02T04:20:46.3928274Z       Start  8: relin2_insufficient_active_basis
2026-09-02T04:20:46.4050541Z  8/20 Test  #8: relin2_insufficient_active_basis ..........   Passed    0.01 sec
2026-09-02T04:20:46.4053884Z       Start  9: relin2_missing_eval_key
2026-09-02T04:20:46.4182472Z  9/20 Test  #9: relin2_missing_eval_key ...................   Passed    0.01 sec
2026-09-02T04:20:46.4186274Z       Start 10: relin2_key_empty
2026-09-02T04:20:46.4317095Z 10/20 Test #10: relin2_key_empty ..........................   Passed    0.01 sec
2026-09-02T04:20:46.4320563Z       Start 11: relin2_key_null_first
2026-09-02T04:20:46.4450060Z 11/20 Test #11: relin2_key_null_first .....................   Passed    0.01 sec
2026-09-02T04:20:46.4453858Z       Start 12: relin2_key_wrong_context
2026-09-02T04:20:46.4610260Z 12/20 Test #12: relin2_key_wrong_context ..................   Passed    0.02 sec
2026-09-02T04:20:46.4613680Z       Start 13: relin2_key_wrong_tag
2026-09-02T04:20:46.4749388Z 13/20 Test #13: relin2_key_wrong_tag ......................   Passed    0.01 sec
2026-09-02T04:20:46.4753323Z       Start 14: relin2_key_wrong_subtype
2026-09-02T04:20:46.4888552Z 14/20 Test #14: relin2_key_wrong_subtype ..................   Passed    0.01 sec
2026-09-02T04:20:46.4891969Z       Start 15: relin2_key_hybrid_a_length
2026-09-02T04:20:46.5031246Z 15/20 Test #15: relin2_key_hybrid_a_length ................   Passed    0.01 sec
2026-09-02T04:20:46.5037160Z       Start 16: relin2_key_hybrid_b_length
2026-09-02T04:20:46.5177547Z 16/20 Test #16: relin2_key_hybrid_b_length ................   Passed    0.01 sec
2026-09-02T04:20:46.5182205Z       Start 17: relin2_key_hybrid_entry_basis
2026-09-02T04:20:46.5329732Z 17/20 Test #17: relin2_key_hybrid_entry_basis .............   Passed    0.01 sec
2026-09-02T04:20:46.5333565Z       Start 18: relin2_key_hybrid_entry_format
2026-09-02T04:20:46.5477838Z 18/20 Test #18: relin2_key_hybrid_entry_format ............   Passed    0.01 sec
2026-09-02T04:20:46.5481462Z       Start 19: relin2_key_bv_zero_digit_a_length
2026-09-02T04:20:46.5608558Z 19/20 Test #19: relin2_key_bv_zero_digit_a_length .........   Passed    0.01 sec
2026-09-02T04:20:46.5612024Z       Start 20: relin2_key_bv_zero_digit_b_length
2026-09-02T04:20:46.5739170Z 20/20 Test #20: relin2_key_bv_zero_digit_b_length .........   Passed    0.01 sec
2026-09-02T04:20:46.5752484Z 
2026-09-02T04:20:46.5752791Z 100% tests passed out of 20
2026-09-02T04:20:46.5753093Z 
2026-09-02T04:20:46.5753249Z Total Test time (real) =   0.37 sec
2026-09-02T04:20:46.5973842Z Cleaning up orphan processes
