2026-08-31T18:35:37.1138901Z Current runner version: '2.337.0'
2026-08-31T18:35:37.1165102Z ##[group]Runner Image Provisioner
2026-08-31T18:35:37.1166048Z Hosted Compute Agent
2026-08-31T18:35:37.1166694Z Version: 20260819.586
2026-08-31T18:35:37.1167333Z Commit: 3cc4a88dfa507ef76119ad1bb3eccc6378bb2b76
2026-08-31T18:35:37.1168160Z Build Date: 2026-08-18T23:20:18Z
2026-08-31T18:35:37.1168848Z Worker ID: {4f721b55-28f1-49ea-81df-e68a71e6a727}
2026-08-31T18:35:37.1169558Z Azure Region: eastus
2026-08-31T18:35:37.1170304Z ##[endgroup]
2026-08-31T18:35:37.1172236Z ##[group]Operating System
2026-08-31T18:35:37.1173053Z Ubuntu
2026-08-31T18:35:37.1173579Z 24.04.4
2026-08-31T18:35:37.1174058Z LTS
2026-08-31T18:35:37.1175127Z ##[endgroup]
2026-08-31T18:35:37.1175707Z ##[group]Runner Image
2026-08-31T18:35:37.1176351Z Image: ubuntu-24.04
2026-08-31T18:35:37.1176941Z Version: 20260823.283.1
2026-08-31T18:35:37.1178337Z Included Software: https://github.com/actions/runner-images/blob/ubuntu24/20260823.283/images/ubuntu/Ubuntu2404-Readme.md
2026-08-31T18:35:37.1179905Z Image Release: https://github.com/actions/runner-images/releases/tag/ubuntu24%2F20260823.283
2026-08-31T18:35:37.1180928Z ##[endgroup]
2026-08-31T18:35:37.1182258Z ##[group]GITHUB_TOKEN Permissions
2026-08-31T18:35:37.1184492Z Contents: read
2026-08-31T18:35:37.1185191Z Metadata: read
2026-08-31T18:35:37.1185735Z ##[endgroup]
2026-08-31T18:35:37.1187902Z Secret source: Actions
2026-08-31T18:35:37.1189628Z Prepare workflow directory
2026-08-31T18:35:37.1731078Z Prepare all required actions
2026-08-31T18:35:37.1779498Z Getting action download info
2026-08-31T18:35:37.3652440Z Download action repository 'actions/checkout@v4' (SHA:11d5960a326750d5838078e36cf38b85af677262)
2026-08-31T18:35:37.5103715Z Download action repository 'actions/cache@v4' (SHA:0057852bfaa89a56745cba8c7296529d2fc39830)
2026-08-31T18:35:37.7121999Z Complete job name: linux-gcc
2026-08-31T18:35:37.7825935Z Node 20 is being deprecated. This workflow is running with Node 24 by default. If you need to temporarily use Node 20, you can set the ACTIONS_ALLOW_USE_UNSECURE_NODE_VERSION=true environment variable. For more information see: https://github.blog/changelog/2025-09-19-deprecation-of-node-20-on-github-actions-runners/
2026-08-31T18:35:37.7834803Z ##[group]Run actions/checkout@v4
2026-08-31T18:35:37.7835582Z with:
2026-08-31T18:35:37.7836082Z   repository: leemaple/20231788.
2026-08-31T18:35:37.7840122Z   token: ***
2026-08-31T18:35:37.7840630Z   ssh-strict: true
2026-08-31T18:35:37.7841113Z   ssh-user: git
2026-08-31T18:35:37.7841837Z   persist-credentials: true
2026-08-31T18:35:37.7842364Z   clean: true
2026-08-31T18:35:37.7842861Z   sparse-checkout-cone-mode: true
2026-08-31T18:35:37.7843440Z   fetch-depth: 1
2026-08-31T18:35:37.7843922Z   fetch-tags: false
2026-08-31T18:35:37.7844409Z   show-progress: true
2026-08-31T18:35:37.7844908Z   lfs: false
2026-08-31T18:35:37.7845409Z   submodules: false
2026-08-31T18:35:37.7845903Z   set-safe-directory: true
2026-08-31T18:35:37.7846458Z   allow-unsafe-pr-checkout: false
2026-08-31T18:35:37.7847333Z env:
2026-08-31T18:35:37.7847908Z   OPENFHE_COMMIT: df495ba2e91739a6dc8f1de254fc5a41155ce504
2026-08-31T18:35:37.7848783Z   OPENFHE_PREFIX: /home/runner/work/20231788./20231788./.ci/openfhe-install
2026-08-31T18:35:37.7849593Z ##[endgroup]
2026-08-31T18:35:37.8879162Z Syncing repository: leemaple/20231788.
2026-08-31T18:35:37.8882166Z ##[group]Getting Git version info
2026-08-31T18:35:37.8883525Z Working directory is '/home/runner/work/20231788./20231788.'
2026-08-31T18:35:37.8885270Z [command]/usr/bin/git version
2026-08-31T18:35:37.8932380Z git version 2.55.0
2026-08-31T18:35:37.8962335Z ##[endgroup]
2026-08-31T18:35:37.8973828Z Temporarily overriding HOME='/home/runner/work/_temp/c668b48c-aa81-4931-8687-55f409e9f5d3' before making global git config changes
2026-08-31T18:35:37.8976422Z Adding repository directory to the temporary git global config as a safe directory
2026-08-31T18:35:37.8978428Z [command]/usr/bin/git config --global --add safe.directory /home/runner/work/20231788./20231788.
2026-08-31T18:35:37.9029960Z Deleting the contents of '/home/runner/work/20231788./20231788.'
2026-08-31T18:35:37.9034191Z ##[group]Initializing the repository
2026-08-31T18:35:37.9037930Z [command]/usr/bin/git init /home/runner/work/20231788./20231788.
2026-08-31T18:35:37.9142100Z hint: Using 'master' as the name for the initial branch. This default branch name
2026-08-31T18:35:37.9144523Z hint: will change to "main" in Git 3.0. To configure the initial branch name
2026-08-31T18:35:37.9146114Z hint: to use in all of your new repositories, which will suppress this warning,
2026-08-31T18:35:37.9147265Z hint: call:
2026-08-31T18:35:37.9148252Z hint:
2026-08-31T18:35:37.9149323Z hint: 	git config --global init.defaultBranch <name>
2026-08-31T18:35:37.9150563Z hint:
2026-08-31T18:35:37.9152626Z hint: Names commonly chosen instead of 'master' are 'main', 'trunk' and
2026-08-31T18:35:37.9155088Z hint: 'development'. The just-created branch can be renamed via this command:
2026-08-31T18:35:37.9156571Z hint:
2026-08-31T18:35:37.9157756Z hint: 	git branch -m <name>
2026-08-31T18:35:37.9158752Z hint:
2026-08-31T18:35:37.9159999Z hint: Disable this message with "git config set advice.defaultBranchName false"
2026-08-31T18:35:37.9162184Z Initialized empty Git repository in /home/runner/work/20231788./20231788./.git/
2026-08-31T18:35:37.9165341Z [command]/usr/bin/git remote add origin https://github.com/leemaple/20231788.
2026-08-31T18:35:37.9218141Z ##[endgroup]
2026-08-31T18:35:37.9219487Z ##[group]Disabling automatic garbage collection
2026-08-31T18:35:37.9222488Z [command]/usr/bin/git config --local gc.auto 0
2026-08-31T18:35:37.9263324Z ##[endgroup]
2026-08-31T18:35:37.9264670Z ##[group]Setting up auth
2026-08-31T18:35:37.9271330Z [command]/usr/bin/git config --local --name-only --get-regexp core\.sshCommand
2026-08-31T18:35:37.9305101Z [command]/usr/bin/git submodule foreach --recursive sh -c "git config --local --name-only --get-regexp 'core\.sshCommand' && git config --local --unset-all 'core.sshCommand' || :"
2026-08-31T18:35:37.9657872Z [command]/usr/bin/git config --local --name-only --get-regexp http\.https\:\/\/github\.com\/\.extraheader
2026-08-31T18:35:37.9697339Z [command]/usr/bin/git submodule foreach --recursive sh -c "git config --local --name-only --get-regexp 'http\.https\:\/\/github\.com\/\.extraheader' && git config --local --unset-all 'http.https://github.com/.extraheader' || :"
2026-08-31T18:35:37.9938303Z [command]/usr/bin/git config --local --name-only --get-regexp ^includeIf\.gitdir:
2026-08-31T18:35:37.9978579Z [command]/usr/bin/git submodule foreach --recursive git config --local --show-origin --name-only --get-regexp remote.origin.url
2026-08-31T18:35:38.0202484Z [command]/usr/bin/git config --local http.https://github.com/.extraheader AUTHORIZATION: basic ***
2026-08-31T18:35:38.0240776Z ##[endgroup]
2026-08-31T18:35:38.0242031Z ##[group]Fetching the repository
2026-08-31T18:35:38.0251008Z [command]/usr/bin/git -c protocol.version=2 fetch --no-tags --prune --no-recurse-submodules --depth=1 origin +f3db12ef9fb0d13df0f779157eed168b8d582ea4:refs/remotes/origin/agent/codex-tensor2-01
2026-08-31T18:35:38.2758687Z From https://github.com/leemaple/20231788.
2026-08-31T18:35:38.2761141Z  * [new ref]         f3db12ef9fb0d13df0f779157eed168b8d582ea4 -> origin/agent/codex-tensor2-01
2026-08-31T18:35:38.2766000Z ##[endgroup]
2026-08-31T18:35:38.2767958Z ##[group]Determining the checkout info
2026-08-31T18:35:38.2769922Z ##[endgroup]
2026-08-31T18:35:38.2775740Z [command]/usr/bin/git sparse-checkout disable
2026-08-31T18:35:38.2839507Z [command]/usr/bin/git config --local --unset-all extensions.worktreeConfig
2026-08-31T18:35:38.2872763Z ##[group]Checking out the ref
2026-08-31T18:35:38.2878546Z [command]/usr/bin/git checkout --progress --force -B agent/codex-tensor2-01 refs/remotes/origin/agent/codex-tensor2-01
2026-08-31T18:35:38.2980645Z Switched to a new branch 'agent/codex-tensor2-01'
2026-08-31T18:35:38.2987182Z branch 'agent/codex-tensor2-01' set up to track 'origin/agent/codex-tensor2-01'.
2026-08-31T18:35:38.2993954Z ##[endgroup]
2026-08-31T18:35:38.3036020Z [command]/usr/bin/git log -1 --format=%H
2026-08-31T18:35:38.3062823Z f3db12ef9fb0d13df0f779157eed168b8d582ea4
2026-08-31T18:35:38.3436644Z Node 20 is being deprecated. This workflow is running with Node 24 by default. If you need to temporarily use Node 20, you can set the ACTIONS_ALLOW_USE_UNSECURE_NODE_VERSION=true environment variable. For more information see: https://github.blog/changelog/2025-09-19-deprecation-of-node-20-on-github-actions-runners/
2026-08-31T18:35:38.3443514Z ##[group]Run actions/checkout@v4
2026-08-31T18:35:38.3444265Z with:
2026-08-31T18:35:38.3444838Z   repository: openfheorg/openfhe-development
2026-08-31T18:35:38.3445550Z   ref: df495ba2e91739a6dc8f1de254fc5a41155ce504
2026-08-31T18:35:38.3446208Z   path: .ci/openfhe-src
2026-08-31T18:35:38.3446735Z   submodules: recursive
2026-08-31T18:35:38.3451125Z   token: ***
2026-08-31T18:35:38.3451903Z   ssh-strict: true
2026-08-31T18:35:38.3452392Z   ssh-user: git
2026-08-31T18:35:38.3452898Z   persist-credentials: true
2026-08-31T18:35:38.3453433Z   clean: true
2026-08-31T18:35:38.3453921Z   sparse-checkout-cone-mode: true
2026-08-31T18:35:38.3454546Z   fetch-depth: 1
2026-08-31T18:35:38.3455021Z   fetch-tags: false
2026-08-31T18:35:38.3455528Z   show-progress: true
2026-08-31T18:35:38.3456056Z   lfs: false
2026-08-31T18:35:38.3456510Z   set-safe-directory: true
2026-08-31T18:35:38.3457063Z   allow-unsafe-pr-checkout: false
2026-08-31T18:35:38.3457610Z env:
2026-08-31T18:35:38.3458158Z   OPENFHE_COMMIT: df495ba2e91739a6dc8f1de254fc5a41155ce504
2026-08-31T18:35:38.3459074Z   OPENFHE_PREFIX: /home/runner/work/20231788./20231788./.ci/openfhe-install
2026-08-31T18:35:38.3459869Z ##[endgroup]
2026-08-31T18:35:38.4314799Z Syncing repository: openfheorg/openfhe-development
2026-08-31T18:35:38.4326114Z ##[group]Getting Git version info
2026-08-31T18:35:38.4327860Z Working directory is '/home/runner/work/20231788./20231788./.ci/openfhe-src'
2026-08-31T18:35:38.4368195Z [command]/usr/bin/git version
2026-08-31T18:35:38.4413951Z git version 2.55.0
2026-08-31T18:35:38.4435801Z ##[endgroup]
2026-08-31T18:35:38.4450160Z Temporarily overriding HOME='/home/runner/work/_temp/00d67764-aaa9-4aa8-ad47-60ef69985fa8' before making global git config changes
2026-08-31T18:35:38.4453192Z Adding repository directory to the temporary git global config as a safe directory
2026-08-31T18:35:38.4455637Z [command]/usr/bin/git config --global --add safe.directory /home/runner/work/20231788./20231788./.ci/openfhe-src
2026-08-31T18:35:38.4491669Z ##[group]Initializing the repository
2026-08-31T18:35:38.4495959Z [command]/usr/bin/git init /home/runner/work/20231788./20231788./.ci/openfhe-src
2026-08-31T18:35:38.4540998Z hint: Using 'master' as the name for the initial branch. This default branch name
2026-08-31T18:35:38.4543357Z hint: will change to "main" in Git 3.0. To configure the initial branch name
2026-08-31T18:35:38.4553124Z hint: to use in all of your new repositories, which will suppress this warning,
2026-08-31T18:35:38.4555113Z hint: call:
2026-08-31T18:35:38.4556372Z hint:
2026-08-31T18:35:38.4557881Z hint: 	git config --global init.defaultBranch <name>
2026-08-31T18:35:38.4559463Z hint:
2026-08-31T18:35:38.4560894Z hint: Names commonly chosen instead of 'master' are 'main', 'trunk' and
2026-08-31T18:35:38.4562951Z hint: 'development'. The just-created branch can be renamed via this command:
2026-08-31T18:35:38.4563846Z hint:
2026-08-31T18:35:38.4564360Z hint: 	git branch -m <name>
2026-08-31T18:35:38.4564934Z hint:
2026-08-31T18:35:38.4565693Z hint: Disable this message with "git config set advice.defaultBranchName false"
2026-08-31T18:35:38.4566896Z Initialized empty Git repository in /home/runner/work/20231788./20231788./.ci/openfhe-src/.git/
2026-08-31T18:35:38.4569610Z [command]/usr/bin/git remote add origin https://github.com/openfheorg/openfhe-development
2026-08-31T18:35:38.4594700Z ##[endgroup]
2026-08-31T18:35:38.4596582Z ##[group]Disabling automatic garbage collection
2026-08-31T18:35:38.4598375Z [command]/usr/bin/git config --local gc.auto 0
2026-08-31T18:35:38.4631057Z ##[endgroup]
2026-08-31T18:35:38.4633023Z ##[group]Setting up auth
2026-08-31T18:35:38.4638772Z [command]/usr/bin/git config --local --name-only --get-regexp core\.sshCommand
2026-08-31T18:35:38.4674704Z [command]/usr/bin/git submodule foreach --recursive sh -c "git config --local --name-only --get-regexp 'core\.sshCommand' && git config --local --unset-all 'core.sshCommand' || :"
2026-08-31T18:35:38.4917526Z [command]/usr/bin/git config --local --name-only --get-regexp http\.https\:\/\/github\.com\/\.extraheader
2026-08-31T18:35:38.4958603Z [command]/usr/bin/git submodule foreach --recursive sh -c "git config --local --name-only --get-regexp 'http\.https\:\/\/github\.com\/\.extraheader' && git config --local --unset-all 'http.https://github.com/.extraheader' || :"
2026-08-31T18:35:38.5203579Z [command]/usr/bin/git config --local --name-only --get-regexp ^includeIf\.gitdir:
2026-08-31T18:35:38.5245066Z [command]/usr/bin/git submodule foreach --recursive git config --local --show-origin --name-only --get-regexp remote.origin.url
2026-08-31T18:35:38.5488544Z [command]/usr/bin/git config --local http.https://github.com/.extraheader AUTHORIZATION: basic ***
2026-08-31T18:35:38.5529651Z ##[endgroup]
2026-08-31T18:35:38.5531300Z ##[group]Fetching the repository
2026-08-31T18:35:38.5541851Z [command]/usr/bin/git -c protocol.version=2 fetch --no-tags --prune --no-recurse-submodules --depth=1 origin df495ba2e91739a6dc8f1de254fc5a41155ce504
2026-08-31T18:35:39.3174649Z From https://github.com/openfheorg/openfhe-development
2026-08-31T18:35:39.3177041Z  * branch            df495ba2e91739a6dc8f1de254fc5a41155ce504 -> FETCH_HEAD
2026-08-31T18:35:39.3182488Z ##[endgroup]
2026-08-31T18:35:39.3184755Z ##[group]Determining the checkout info
2026-08-31T18:35:39.3187225Z ##[endgroup]
2026-08-31T18:35:39.3190781Z [command]/usr/bin/git sparse-checkout disable
2026-08-31T18:35:39.3235667Z [command]/usr/bin/git config --local --unset-all extensions.worktreeConfig
2026-08-31T18:35:39.3269154Z ##[group]Checking out the ref
2026-08-31T18:35:39.3273477Z [command]/usr/bin/git checkout --progress --force df495ba2e91739a6dc8f1de254fc5a41155ce504
2026-08-31T18:35:39.3843930Z Note: switching to 'df495ba2e91739a6dc8f1de254fc5a41155ce504'.
2026-08-31T18:35:39.3846650Z 
2026-08-31T18:35:39.3854013Z You are in 'detached HEAD' state. You can look around, make experimental
2026-08-31T18:35:39.3857645Z changes and commit them, and you can discard any commits you make in this
2026-08-31T18:35:39.3860566Z state without impacting any branches by switching back to a branch.
2026-08-31T18:35:39.3862396Z 
2026-08-31T18:35:39.3863707Z If you want to create a new branch to retain commits you create, you may
2026-08-31T18:35:39.3866721Z do so (now or later) by using -c with the switch command. Example:
2026-08-31T18:35:39.3868272Z 
2026-08-31T18:35:39.3868961Z   git switch -c <new-branch-name>
2026-08-31T18:35:39.3869999Z 
2026-08-31T18:35:39.3870661Z Or undo this operation with:
2026-08-31T18:35:39.3871790Z 
2026-08-31T18:35:39.3872429Z   git switch -
2026-08-31T18:35:39.3873339Z 
2026-08-31T18:35:39.3874605Z Turn off this advice by setting config variable advice.detachedHead to false
2026-08-31T18:35:39.3876368Z 
2026-08-31T18:35:39.3877369Z HEAD is now at df495ba Merge pull request #1130 from openfheorg/dev
2026-08-31T18:35:39.3882292Z ##[endgroup]
2026-08-31T18:35:39.3884776Z ##[group]Setting up auth for fetching submodules
2026-08-31T18:35:39.3888337Z [command]/usr/bin/git config --global http.https://github.com/.extraheader AUTHORIZATION: basic ***
2026-08-31T18:35:39.3910077Z [command]/usr/bin/git config --global --unset-all url.https://github.com/.insteadOf
2026-08-31T18:35:39.3943397Z [command]/usr/bin/git config --global --add url.https://github.com/.insteadOf git@github.com:
2026-08-31T18:35:39.3975189Z [command]/usr/bin/git config --global --add url.https://github.com/.insteadOf org-26023695@github.com:
2026-08-31T18:35:39.4006932Z ##[endgroup]
2026-08-31T18:35:39.4009387Z ##[group]Fetching submodules
2026-08-31T18:35:39.4011351Z [command]/usr/bin/git submodule sync --recursive
2026-08-31T18:35:39.4241804Z [command]/usr/bin/git -c protocol.version=2 submodule update --init --force --depth=1 --recursive
2026-08-31T18:35:39.4457997Z Submodule 'third-party/cereal' (https://github.com/openfheorg/cereal.git) registered for path 'third-party/cereal'
2026-08-31T18:35:39.4464895Z Submodule 'third-party/google-benchmark' (https://github.com/google/benchmark.git) registered for path 'third-party/google-benchmark'
2026-08-31T18:35:39.4471925Z Submodule 'third-party/google-test' (https://github.com/google/googletest.git) registered for path 'third-party/google-test'
2026-08-31T18:35:39.4476997Z Submodule 'third-party/gperftools' (https://github.com/gperftools/gperftools.git) registered for path 'third-party/gperftools'
2026-08-31T18:35:39.4499879Z Cloning into '/home/runner/work/20231788./20231788./.ci/openfhe-src/third-party/cereal'...
2026-08-31T18:35:39.8360207Z Cloning into '/home/runner/work/20231788./20231788./.ci/openfhe-src/third-party/google-benchmark'...
2026-08-31T18:35:40.6229844Z Cloning into '/home/runner/work/20231788./20231788./.ci/openfhe-src/third-party/google-test'...
2026-08-31T18:35:41.0420110Z Cloning into '/home/runner/work/20231788./20231788./.ci/openfhe-src/third-party/gperftools'...
2026-08-31T18:35:41.7968257Z Submodule path 'third-party/cereal': checked out '984e3f194862b17916536b5fade40cba6e47a6fe'
2026-08-31T18:35:43.3650423Z From https://github.com/google/benchmark
2026-08-31T18:35:43.3651726Z  * branch            eddb0241389718a23a42db6af5f0164b6e0139af -> FETCH_HEAD
2026-08-31T18:35:43.4065440Z Submodule path 'third-party/google-benchmark': checked out 'eddb0241389718a23a42db6af5f0164b6e0139af'
2026-08-31T18:35:44.5215799Z From https://github.com/google/googletest
2026-08-31T18:35:44.5217055Z  * branch            52eb8108c5bdec04579160ae17225d66034bd723 -> FETCH_HEAD
2026-08-31T18:35:44.5600446Z Submodule path 'third-party/google-test': checked out '52eb8108c5bdec04579160ae17225d66034bd723'
2026-08-31T18:35:45.7365801Z From https://github.com/gperftools/gperftools
2026-08-31T18:35:45.7366543Z  * branch            83edb60836d87cf1b406e8846b9059c03031e8f5 -> FETCH_HEAD
2026-08-31T18:35:45.8219432Z Submodule path 'third-party/gperftools': checked out '83edb60836d87cf1b406e8846b9059c03031e8f5'
2026-08-31T18:35:45.8256840Z [command]/usr/bin/git submodule foreach --recursive git config --local gc.auto 0
2026-08-31T18:35:45.8490076Z Entering 'third-party/cereal'
2026-08-31T18:35:45.8534118Z Entering 'third-party/google-benchmark'
2026-08-31T18:35:45.8572833Z Entering 'third-party/google-test'
2026-08-31T18:35:45.8611249Z Entering 'third-party/gperftools'
2026-08-31T18:35:45.8666993Z ##[endgroup]
2026-08-31T18:35:45.8667733Z ##[group]Persisting credentials for submodules
2026-08-31T18:35:45.8670712Z [command]/usr/bin/git submodule foreach --recursive sh -c "git config --local --name-only --get-regexp 'url\.https\:\/\/github\.com\/\.insteadOf' && git config --local --unset-all 'url.https://github.com/.insteadOf' || :"
2026-08-31T18:35:45.8896316Z Entering 'third-party/cereal'
2026-08-31T18:35:45.8940625Z Entering 'third-party/google-benchmark'
2026-08-31T18:35:45.8986514Z Entering 'third-party/google-test'
2026-08-31T18:35:45.9030662Z Entering 'third-party/gperftools'
2026-08-31T18:35:45.9095887Z [command]/usr/bin/git submodule foreach --recursive sh -c "git config --local 'http.https://github.com/.extraheader' 'AUTHORIZATION: basic ***' && git config --local --show-origin --name-only --get-regexp remote.origin.url"
2026-08-31T18:35:45.9311882Z Entering 'third-party/cereal'
2026-08-31T18:35:45.9355445Z file:/home/runner/work/20231788./20231788./.ci/openfhe-src/.git/modules/third-party/cereal/config	remote.origin.url
2026-08-31T18:35:45.9377272Z Entering 'third-party/google-benchmark'
2026-08-31T18:35:45.9417409Z file:/home/runner/work/20231788./20231788./.ci/openfhe-src/.git/modules/third-party/google-benchmark/config	remote.origin.url
2026-08-31T18:35:45.9439406Z Entering 'third-party/google-test'
2026-08-31T18:35:45.9479781Z file:/home/runner/work/20231788./20231788./.ci/openfhe-src/.git/modules/third-party/google-test/config	remote.origin.url
2026-08-31T18:35:45.9501905Z Entering 'third-party/gperftools'
2026-08-31T18:35:45.9540019Z file:/home/runner/work/20231788./20231788./.ci/openfhe-src/.git/modules/third-party/gperftools/config	remote.origin.url
2026-08-31T18:35:45.9606923Z [command]/usr/bin/git submodule foreach --recursive git config --local --add 'url.https://github.com/.insteadOf' 'git@github.com:'
2026-08-31T18:35:45.9861351Z Entering 'third-party/cereal'
2026-08-31T18:35:45.9899529Z Entering 'third-party/google-benchmark'
2026-08-31T18:35:45.9938159Z Entering 'third-party/google-test'
2026-08-31T18:35:45.9976394Z Entering 'third-party/gperftools'
2026-08-31T18:35:46.0030689Z [command]/usr/bin/git submodule foreach --recursive git config --local --add 'url.https://github.com/.insteadOf' 'org-26023695@github.com:'
2026-08-31T18:35:46.0246276Z Entering 'third-party/cereal'
2026-08-31T18:35:46.0286300Z Entering 'third-party/google-benchmark'
2026-08-31T18:35:46.0324393Z Entering 'third-party/google-test'
2026-08-31T18:35:46.0362528Z Entering 'third-party/gperftools'
2026-08-31T18:35:46.0409820Z ##[endgroup]
2026-08-31T18:35:46.0451240Z [command]/usr/bin/git log -1 --format=%H
2026-08-31T18:35:46.0478795Z df495ba2e91739a6dc8f1de254fc5a41155ce504
2026-08-31T18:35:46.0623828Z ##[group]Run actual="$(git -C .ci/openfhe-src rev-parse HEAD)"
2026-08-31T18:35:46.0624357Z [36;1mactual="$(git -C .ci/openfhe-src rev-parse HEAD)"[0m
2026-08-31T18:35:46.0624750Z [36;1mtest "$actual" = "$OPENFHE_COMMIT"[0m
2026-08-31T18:35:46.0625087Z [36;1mgit -C .ci/openfhe-src status --short[0m
2026-08-31T18:35:46.0667643Z shell: /usr/bin/bash --noprofile --norc -e -o pipefail {0}
2026-08-31T18:35:46.0668015Z env:
2026-08-31T18:35:46.0668287Z   OPENFHE_COMMIT: df495ba2e91739a6dc8f1de254fc5a41155ce504
2026-08-31T18:35:46.0668750Z   OPENFHE_PREFIX: /home/runner/work/20231788./20231788./.ci/openfhe-install
2026-08-31T18:35:46.0669172Z ##[endgroup]
2026-08-31T18:35:46.1944927Z ##[group]Run sudo apt-get update
2026-08-31T18:35:46.1945260Z [36;1msudo apt-get update[0m
2026-08-31T18:35:46.1945634Z [36;1msudo apt-get install --yes --no-install-recommends libboost-dev[0m
2026-08-31T18:35:46.1983646Z shell: /usr/bin/bash -e {0}
2026-08-31T18:35:46.1983920Z env:
2026-08-31T18:35:46.1984209Z   OPENFHE_COMMIT: df495ba2e91739a6dc8f1de254fc5a41155ce504
2026-08-31T18:35:46.1984707Z   OPENFHE_PREFIX: /home/runner/work/20231788./20231788./.ci/openfhe-install
2026-08-31T18:35:46.1985126Z ##[endgroup]
2026-08-31T18:35:46.2842280Z Get:1 file:/etc/apt/apt-mirrors.txt Mirrorlist [144 B]
2026-08-31T18:35:46.3136451Z Get:6 https://packages.microsoft.com/repos/azure-cli noble InRelease [3564 B]
2026-08-31T18:35:46.3259647Z Get:7 https://packages.microsoft.com/ubuntu/24.04/prod noble InRelease [3600 B]
2026-08-31T18:35:46.3261087Z Hit:2 http://azure.archive.ubuntu.com/ubuntu noble InRelease
2026-08-31T18:35:46.3270935Z Get:3 http://azure.archive.ubuntu.com/ubuntu noble-updates InRelease [126 kB]
2026-08-31T18:35:46.3325045Z Get:4 http://azure.archive.ubuntu.com/ubuntu noble-backports InRelease [126 kB]
2026-08-31T18:35:46.3358957Z Get:5 http://azure.archive.ubuntu.com/ubuntu noble-security InRelease [126 kB]
2026-08-31T18:35:46.3376434Z Get:8 https://dl.google.com/linux/chrome-stable/deb stable InRelease [2548 B]
2026-08-31T18:35:46.4407406Z Get:9 https://packages.microsoft.com/ubuntu/24.04/prod noble/main amd64 Packages [429 kB]
2026-08-31T18:35:46.4552859Z Get:10 https://packages.microsoft.com/ubuntu/24.04/prod noble/main armhf Packages [12.5 kB]
2026-08-31T18:35:46.4592452Z Get:11 https://packages.microsoft.com/ubuntu/24.04/prod noble/main arm64 Packages [382 kB]
2026-08-31T18:35:46.5583677Z Get:12 http://azure.archive.ubuntu.com/ubuntu noble-updates/main amd64 Packages [1230 kB]
2026-08-31T18:35:46.5775291Z Get:13 http://azure.archive.ubuntu.com/ubuntu noble-updates/main Translation-en [287 kB]
2026-08-31T18:35:46.5803937Z Get:14 http://azure.archive.ubuntu.com/ubuntu noble-updates/main amd64 Components [180 kB]
2026-08-31T18:35:46.5825487Z Get:15 http://azure.archive.ubuntu.com/ubuntu noble-updates/universe amd64 Packages [1689 kB]
2026-08-31T18:35:46.5916518Z Get:16 http://azure.archive.ubuntu.com/ubuntu noble-updates/universe Translation-en [338 kB]
2026-08-31T18:35:46.5946387Z Get:17 http://azure.archive.ubuntu.com/ubuntu noble-updates/universe amd64 Components [388 kB]
2026-08-31T18:35:46.5977979Z Get:18 http://azure.archive.ubuntu.com/ubuntu noble-updates/restricted amd64 Packages [1486 kB]
2026-08-31T18:35:46.6080662Z Get:19 http://azure.archive.ubuntu.com/ubuntu noble-updates/restricted Translation-en [339 kB]
2026-08-31T18:35:46.6094037Z Get:20 http://azure.archive.ubuntu.com/ubuntu noble-updates/multiverse amd64 Components [940 B]
2026-08-31T18:35:46.6157064Z Get:21 http://azure.archive.ubuntu.com/ubuntu noble-backports/main amd64 Components [5760 B]
2026-08-31T18:35:46.6608532Z Get:22 http://azure.archive.ubuntu.com/ubuntu noble-backports/universe amd64 Components [12.7 kB]
2026-08-31T18:35:46.6793974Z Get:23 http://azure.archive.ubuntu.com/ubuntu noble-security/main amd64 Packages [979 kB]
2026-08-31T18:35:46.6877225Z Get:24 http://azure.archive.ubuntu.com/ubuntu noble-security/main Translation-en [209 kB]
2026-08-31T18:35:46.6907124Z Get:25 http://azure.archive.ubuntu.com/ubuntu noble-security/main amd64 Components [46.3 kB]
2026-08-31T18:35:46.6919837Z Get:26 http://azure.archive.ubuntu.com/ubuntu noble-security/universe amd64 Packages [1205 kB]
2026-08-31T18:35:46.7000907Z Get:27 http://azure.archive.ubuntu.com/ubuntu noble-security/universe Translation-en [241 kB]
2026-08-31T18:35:46.7031896Z Get:28 http://azure.archive.ubuntu.com/ubuntu noble-security/universe amd64 Components [76.3 kB]
2026-08-31T18:35:46.7054680Z Get:29 http://azure.archive.ubuntu.com/ubuntu noble-security/restricted amd64 Packages [1392 kB]
2026-08-31T18:35:46.7153547Z Get:30 http://azure.archive.ubuntu.com/ubuntu noble-security/restricted Translation-en [321 kB]
2026-08-31T18:35:46.7195172Z Get:31 http://azure.archive.ubuntu.com/ubuntu noble-security/multiverse Translation-en [11.1 kB]
2026-08-31T18:35:46.7743595Z Get:32 https://dl.google.com/linux/chrome-stable/deb stable/main amd64 Packages [1404 B]
2026-08-31T18:35:50.6944920Z Fetched 11.7 MB in 1s (8481 kB/s)
2026-08-31T18:35:51.4408369Z Reading package lists...
2026-08-31T18:35:51.4715244Z Reading package lists...
2026-08-31T18:35:51.6315322Z Building dependency tree...
2026-08-31T18:35:51.6322667Z Reading state information...
2026-08-31T18:35:51.7643237Z The following additional packages will be installed:
2026-08-31T18:35:51.7648052Z   libboost1.83-dev
2026-08-31T18:35:51.7653344Z Suggested packages:
2026-08-31T18:35:51.7653917Z   libboost-doc libboost1.83-doc libboost-atomic1.83-dev
2026-08-31T18:35:51.7654859Z   libboost-chrono1.83-dev libboost-container1.83-dev libboost-context1.83-dev
2026-08-31T18:35:51.7655760Z   libboost-contract1.83-dev libboost-coroutine1.83-dev
2026-08-31T18:35:51.7656724Z   libboost-date-time1.83-dev libboost-exception1.83-dev libboost-fiber1.83-dev
2026-08-31T18:35:51.7657749Z   libboost-filesystem1.83-dev libboost-graph-parallel1.83-dev
2026-08-31T18:35:51.7658469Z   libboost-graph1.83-dev libboost-iostreams1.83-dev libboost-json1.83-dev
2026-08-31T18:35:51.7659124Z   libboost-locale1.83-dev libboost-log1.83-dev libboost-math1.83-dev
2026-08-31T18:35:51.7659925Z   libboost-mpi-python1.83-dev libboost-mpi1.83-dev libboost-nowide1.83-dev
2026-08-31T18:35:51.7660535Z   libboost-numpy1.83-dev libboost-program-options1.83-dev
2026-08-31T18:35:51.7661131Z   libboost-python1.83-dev libboost-random1.83-dev libboost-regex1.83-dev
2026-08-31T18:35:51.7662036Z   libboost-serialization1.83-dev libboost-stacktrace1.83-dev
2026-08-31T18:35:51.7662630Z   libboost-system1.83-dev libboost-test1.83-dev libboost-thread1.83-dev
2026-08-31T18:35:51.7663281Z   libboost-timer1.83-dev libboost-type-erasure1.83-dev libboost-url1.83-dev
2026-08-31T18:35:51.7664025Z   libboost-wave1.83-dev libboost1.83-tools-dev libmpfrc++-dev libntl-dev
2026-08-31T18:35:51.7796872Z The following NEW packages will be installed:
2026-08-31T18:35:51.7802324Z   libboost-dev libboost1.83-dev
2026-08-31T18:35:51.7966945Z 0 upgraded, 2 newly installed, 0 to remove and 73 not upgraded.
2026-08-31T18:35:51.7967595Z Need to get 10.7 MB of archives.
2026-08-31T18:35:51.7968176Z After this operation, 161 MB of additional disk space will be used.
2026-08-31T18:35:51.7968868Z Get:1 file:/etc/apt/apt-mirrors.txt Mirrorlist [144 B]
2026-08-31T18:35:51.8229194Z Get:2 http://azure.archive.ubuntu.com/ubuntu noble-updates/main amd64 libboost1.83-dev amd64 1.83.0-2.1ubuntu3.2 [10.7 MB]
2026-08-31T18:35:52.0460575Z Get:3 http://azure.archive.ubuntu.com/ubuntu noble/main amd64 libboost-dev amd64 1.83.0.1ubuntu2 [4308 B]
2026-08-31T18:35:52.2971153Z Fetched 10.7 MB in 0s (41.4 MB/s)
2026-08-31T18:35:52.3213840Z Selecting previously unselected package libboost1.83-dev:amd64.
2026-08-31T18:35:52.3495422Z (Reading database ... 
2026-08-31T18:35:52.3496338Z (Reading database ... 5%
2026-08-31T18:35:52.3496810Z (Reading database ... 10%
2026-08-31T18:35:52.3497248Z (Reading database ... 15%
2026-08-31T18:35:52.3497747Z (Reading database ... 20%
2026-08-31T18:35:52.3498135Z (Reading database ... 25%
2026-08-31T18:35:52.3498481Z (Reading database ... 30%
2026-08-31T18:35:52.3498906Z (Reading database ... 35%
2026-08-31T18:35:52.3499168Z (Reading database ... 40%
2026-08-31T18:35:52.3499431Z (Reading database ... 45%
2026-08-31T18:35:52.3499693Z (Reading database ... 50%
2026-08-31T18:35:52.3499962Z (Reading database ... 55%
2026-08-31T18:35:52.3779610Z (Reading database ... 60%
2026-08-31T18:35:52.5662975Z (Reading database ... 65%
2026-08-31T18:35:52.7560572Z (Reading database ... 70%
2026-08-31T18:35:52.9615719Z (Reading database ... 75%
2026-08-31T18:35:53.1310390Z (Reading database ... 80%
2026-08-31T18:35:53.2643408Z (Reading database ... 85%
2026-08-31T18:35:53.4208259Z (Reading database ... 90%
2026-08-31T18:35:53.5643443Z (Reading database ... 95%
2026-08-31T18:35:53.5644456Z (Reading database ... 100%
2026-08-31T18:35:53.5645005Z (Reading database ... 203385 files and directories currently installed.)
2026-08-31T18:35:53.5687005Z Preparing to unpack .../libboost1.83-dev_1.83.0-2.1ubuntu3.2_amd64.deb ...
2026-08-31T18:35:53.5713030Z Unpacking libboost1.83-dev:amd64 (1.83.0-2.1ubuntu3.2) ...
2026-08-31T18:35:56.2574881Z Selecting previously unselected package libboost-dev:amd64.
2026-08-31T18:35:56.2762066Z Preparing to unpack .../libboost-dev_1.83.0.1ubuntu2_amd64.deb ...
2026-08-31T18:35:56.2770311Z Unpacking libboost-dev:amd64 (1.83.0.1ubuntu2) ...
2026-08-31T18:35:56.3123770Z Setting up libboost1.83-dev:amd64 (1.83.0-2.1ubuntu3.2) ...
2026-08-31T18:35:56.3143565Z Setting up libboost-dev:amd64 (1.83.0.1ubuntu2) ...
2026-08-31T18:35:56.9239039Z 
2026-08-31T18:35:56.9239643Z Running kernel seems to be up-to-date.
2026-08-31T18:35:56.9239998Z 
2026-08-31T18:35:56.9240151Z No services need to be restarted.
2026-08-31T18:35:56.9240409Z 
2026-08-31T18:35:56.9240601Z No containers need to be restarted.
2026-08-31T18:35:56.9240859Z 
2026-08-31T18:35:56.9241036Z No user sessions are running outdated binaries.
2026-08-31T18:35:56.9241342Z 
2026-08-31T18:35:56.9241911Z No VM guests are running outdated hypervisor (qemu) binaries on this host.
2026-08-31T18:35:57.7219665Z Node 20 is being deprecated. This workflow is running with Node 24 by default. If you need to temporarily use Node 20, you can set the ACTIONS_ALLOW_USE_UNSECURE_NODE_VERSION=true environment variable. For more information see: https://github.blog/changelog/2025-09-19-deprecation-of-node-20-on-github-actions-runners/
2026-08-31T18:35:57.7220963Z ##[group]Run actions/cache@v4
2026-08-31T18:35:57.7221201Z with:
2026-08-31T18:35:57.7221399Z   path: .ci/openfhe-install
2026-08-31T18:35:57.7222099Z   key: openfhe-1.5.0-Linux-gcc-df495ba2e91739a6dc8f1de254fc5a41155ce504
2026-08-31T18:35:57.7222498Z   enableCrossOsArchive: false
2026-08-31T18:35:57.7222748Z   fail-on-cache-miss: false
2026-08-31T18:35:57.7223164Z   lookup-only: false
2026-08-31T18:35:57.7223370Z   save-always: false
2026-08-31T18:35:57.7223560Z env:
2026-08-31T18:35:57.7223799Z   OPENFHE_COMMIT: df495ba2e91739a6dc8f1de254fc5a41155ce504
2026-08-31T18:35:57.7224260Z   OPENFHE_PREFIX: /home/runner/work/20231788./20231788./.ci/openfhe-install
2026-08-31T18:35:57.7224624Z ##[endgroup]
2026-08-31T18:35:57.8285282Z (node:3271) [DEP0040] DeprecationWarning: The `punycode` module is deprecated. Please use a userland alternative instead.
2026-08-31T18:35:57.8286277Z (Use `node --trace-deprecation ...` to show where the warning was created)
2026-08-31T18:35:57.8890164Z Cache not found for input keys: openfhe-1.5.0-Linux-gcc-df495ba2e91739a6dc8f1de254fc5a41155ce504
2026-08-31T18:35:57.9002780Z ##[group]Run cmake -S .ci/openfhe-src -B .ci/openfhe-build -DCMAKE_BUILD_TYPE=Release -DCMAKE_INSTALL_PREFIX=${OPENFHE_PREFIX} -DBUILD_UNITTESTS=OFF -DBUILD_EXAMPLES=OFF -DBUILD_BENCHMARKS=OFF -DBUILD_EXTRAS=OFF -DWITH_OPENMP=ON
2026-08-31T18:35:57.9004392Z [36;1mcmake -S .ci/openfhe-src -B .ci/openfhe-build -DCMAKE_BUILD_TYPE=Release -DCMAKE_INSTALL_PREFIX=${OPENFHE_PREFIX} -DBUILD_UNITTESTS=OFF -DBUILD_EXAMPLES=OFF -DBUILD_BENCHMARKS=OFF -DBUILD_EXTRAS=OFF -DWITH_OPENMP=ON[0m
2026-08-31T18:35:57.9044279Z shell: /usr/bin/bash -e {0}
2026-08-31T18:35:57.9044542Z env:
2026-08-31T18:35:57.9044818Z   OPENFHE_COMMIT: df495ba2e91739a6dc8f1de254fc5a41155ce504
2026-08-31T18:35:57.9045294Z   OPENFHE_PREFIX: /home/runner/work/20231788./20231788./.ci/openfhe-install
2026-08-31T18:35:57.9045702Z ##[endgroup]
2026-08-31T18:35:58.0667804Z -- The C compiler identification is GNU 13.3.0
2026-08-31T18:35:58.1666882Z -- The CXX compiler identification is GNU 13.3.0
2026-08-31T18:35:58.1803851Z -- Detecting C compiler ABI info
2026-08-31T18:35:58.2620552Z -- Detecting C compiler ABI info - done
2026-08-31T18:35:58.2797951Z -- Check for working C compiler: /usr/bin/cc - skipped
2026-08-31T18:35:58.2804549Z -- Detecting C compile features
2026-08-31T18:35:58.2811990Z -- Detecting C compile features - done
2026-08-31T18:35:58.2938241Z -- Detecting CXX compiler ABI info
2026-08-31T18:35:58.3582239Z -- Detecting CXX compiler ABI info - done
2026-08-31T18:35:58.3764000Z -- Check for working CXX compiler: /usr/bin/c++ - skipped
2026-08-31T18:35:58.3768290Z -- Detecting CXX compile features
2026-08-31T18:35:58.3775321Z -- Detecting CXX compile features - done
2026-08-31T18:35:58.3834309Z -- Building in Release mode
2026-08-31T18:35:58.3834912Z -- BUILD_UNITTESTS:    OFF
2026-08-31T18:35:58.3835499Z -- BUILD_EXAMPLES:     OFF
2026-08-31T18:35:58.3838640Z ***** INSTALL IS AT /home/runner/work/20231788./20231788./.ci/openfhe-install; to change, run cmake with -DCMAKE_INSTALL_PREFIX=/your/path
2026-08-31T18:35:58.3840872Z -- BUILD_BENCHMARKS:   OFF
2026-08-31T18:35:58.3841320Z -- BUILD_EXTRAS:       OFF
2026-08-31T18:35:58.3842052Z -- BUILD_STATIC:       OFF
2026-08-31T18:35:58.3842462Z -- BUILD_SHARED:       ON
2026-08-31T18:35:58.3842866Z -- GIT_SUBMOD_AUTO:    ON
2026-08-31T18:35:58.3843250Z -- WITH_BE2:           OFF
2026-08-31T18:35:58.3843644Z -- WITH_BE4:           OFF
2026-08-31T18:35:58.3844023Z -- WITH_NTL:           OFF
2026-08-31T18:35:58.3844394Z -- WITH_TCM:           OFF
2026-08-31T18:35:58.3844784Z -- WITH_OPENMP:        ON
2026-08-31T18:35:58.3845177Z -- NATIVE_SIZE:        64
2026-08-31T18:35:58.3845572Z -- CKKS_M_FACTOR:      1
2026-08-31T18:35:58.3845968Z -- WITH_NATIVEOPT:     OFF
2026-08-31T18:35:58.3846365Z -- WITH_COVTEST:       OFF
2026-08-31T18:35:58.3846760Z -- WITH_NOISE_DEBUG:   OFF
2026-08-31T18:35:58.3847159Z -- WITH_REDUCED_NOISE: OFF
2026-08-31T18:35:58.3847554Z -- USE_MACPORTS:       OFF
2026-08-31T18:35:58.3847972Z -- BUILTIN_INFO_AVAILABLE is defined
2026-08-31T18:35:58.3860578Z -- Architecture is x86_64
2026-08-31T18:35:58.3933159Z -- Looking for sys/types.h
2026-08-31T18:35:58.4621861Z -- Looking for sys/types.h - found
2026-08-31T18:35:58.4622732Z -- Looking for stdint.h
2026-08-31T18:35:58.5174209Z -- Looking for stdint.h - found
2026-08-31T18:35:58.5175002Z -- Looking for stddef.h
2026-08-31T18:35:58.5744878Z -- Looking for stddef.h - found
2026-08-31T18:35:58.5745755Z -- Check size of __int128
2026-08-31T18:35:58.6313484Z -- Check size of __int128 - done
2026-08-31T18:35:58.6317097Z -- Check size of uint64_t
2026-08-31T18:35:58.6872791Z -- Check size of uint64_t - done
2026-08-31T18:35:58.6873369Z -- NATIVEINT is set to 64
2026-08-31T18:35:58.6873798Z -- MATHBACKEND is set to 4
2026-08-31T18:35:58.6874276Z -- MATHBACKEND set to 4. Setting WITH_BE4 to ON
2026-08-31T18:35:58.9006671Z -- Found OpenMP_C: -fopenmp (found version "4.5")
2026-08-31T18:35:58.9759840Z -- Found OpenMP_CXX: -fopenmp (found version "4.5")
2026-08-31T18:35:58.9763779Z -- Found OpenMP: TRUE (found version "4.5")
2026-08-31T18:35:58.9799594Z -- Found Git: /usr/bin/git (found version "2.55.0")
2026-08-31T18:35:58.9800275Z -- Submodule update
2026-08-31T18:35:59.0010078Z Synchronizing submodule url for 'third-party/cereal'
2026-08-31T18:35:59.0030822Z Synchronizing submodule url for 'third-party/google-benchmark'
2026-08-31T18:35:59.0054212Z Synchronizing submodule url for 'third-party/google-test'
2026-08-31T18:35:59.0075707Z Synchronizing submodule url for 'third-party/gperftools'
2026-08-31T18:35:59.0789472Z -- Configuring done (1.1s)
2026-08-31T18:35:59.1300672Z -- Generating done (0.1s)
2026-08-31T18:35:59.1304986Z -- Build files have been written to: /home/runner/work/20231788./20231788./.ci/openfhe-build
2026-08-31T18:35:59.1384473Z ##[group]Run cmake --build .ci/openfhe-build --parallel 2
2026-08-31T18:35:59.1384960Z [36;1mcmake --build .ci/openfhe-build --parallel 2[0m
2026-08-31T18:35:59.1385307Z [36;1mcmake --install .ci/openfhe-build[0m
2026-08-31T18:35:59.1423024Z shell: /usr/bin/bash -e {0}
2026-08-31T18:35:59.1423285Z env:
2026-08-31T18:35:59.1423555Z   OPENFHE_COMMIT: df495ba2e91739a6dc8f1de254fc5a41155ce504
2026-08-31T18:35:59.1424014Z   OPENFHE_PREFIX: /home/runner/work/20231788./20231788./.ci/openfhe-install
2026-08-31T18:35:59.1424448Z ##[endgroup]
2026-08-31T18:35:59.1670925Z -- Copied demoData files
2026-08-31T18:35:59.1690257Z [  0%] Built target third-party
2026-08-31T18:35:59.1772073Z [  1%] Building CXX object src/core/CMakeFiles/coreobj.dir/lib/lattice/constants-lattice-impl.cpp.o
2026-08-31T18:35:59.1773968Z [  2%] Building CXX object src/core/CMakeFiles/coreobj.dir/lib/lattice/lattice.cpp.o
2026-08-31T18:35:59.6610675Z [  3%] Building CXX object src/core/CMakeFiles/coreobj.dir/lib/lattice/stdlatticeparms.cpp.o
2026-08-31T18:36:00.3698245Z [  4%] Building CXX object src/core/CMakeFiles/coreobj.dir/lib/lattice/trapdoor-dcrtpoly.cpp.o
2026-08-31T18:36:06.9463352Z [  5%] Building CXX object src/core/CMakeFiles/coreobj.dir/lib/lattice/trapdoor-poly.cpp.o
2026-08-31T18:36:13.8819103Z [  6%] Building CXX object src/core/CMakeFiles/coreobj.dir/lib/math/chebyshev.cpp.o
2026-08-31T18:36:13.9628261Z [  6%] Building CXX object src/core/CMakeFiles/coreobj.dir/lib/math/dftransform.cpp.o
2026-08-31T18:36:14.4361378Z [  7%] Building CXX object src/core/CMakeFiles/coreobj.dir/lib/math/discretegaussiangeneratorgeneric.cpp.o
2026-08-31T18:36:15.0168983Z [  8%] Building CXX object src/core/CMakeFiles/coreobj.dir/lib/math/distributiongenerator.cpp.o
2026-08-31T18:36:15.3608232Z [  9%] Building CXX object src/core/CMakeFiles/coreobj.dir/lib/math/hal/bigintdyn/be4-math-impl.cpp.o
2026-08-31T18:36:15.5298011Z [ 10%] Building CXX object src/core/CMakeFiles/coreobj.dir/lib/math/hal/bigintdyn/mubintvecdyn.cpp.o
2026-08-31T18:36:17.5934384Z [ 11%] Building CXX object src/core/CMakeFiles/coreobj.dir/lib/math/hal/bigintdyn/ubintdyn.cpp.o
2026-08-31T18:36:18.9617105Z [ 12%] Building CXX object src/core/CMakeFiles/coreobj.dir/lib/math/hal/bigintfxd/be2-math-impl.cpp.o
2026-08-31T18:36:18.9731670Z [ 13%] Building CXX object src/core/CMakeFiles/coreobj.dir/lib/math/hal/bigintfxd/mubintvecfxd.cpp.o
2026-08-31T18:36:18.9841138Z [ 14%] Building CXX object src/core/CMakeFiles/coreobj.dir/lib/math/hal/bigintfxd/ubintfxd.cpp.o
2026-08-31T18:36:18.9953810Z [ 15%] Building CXX object src/core/CMakeFiles/coreobj.dir/lib/math/hal/bigintntl/be6-math-impl.cpp.o
2026-08-31T18:36:19.0060367Z [ 15%] Building CXX object src/core/CMakeFiles/coreobj.dir/lib/math/hal/bigintntl/mubintvecntl.cpp.o
2026-08-31T18:36:19.0170773Z [ 16%] Building CXX object src/core/CMakeFiles/coreobj.dir/lib/math/hal/bigintntl/ubintntl.cpp.o
2026-08-31T18:36:19.0279327Z [ 17%] Building CXX object src/core/CMakeFiles/coreobj.dir/lib/math/hal/intnat/benative-math-impl.cpp.o
2026-08-31T18:36:19.8174399Z [ 18%] Building CXX object src/core/CMakeFiles/coreobj.dir/lib/math/hal/intnat/mubintvecnat.cpp.o
2026-08-31T18:36:21.4591349Z [ 19%] Building CXX object src/core/CMakeFiles/coreobj.dir/lib/math/hermite.cpp.o
2026-08-31T18:36:22.2736177Z [ 20%] Building CXX object src/core/CMakeFiles/coreobj.dir/lib/math/matrix.cpp.o
2026-08-31T18:36:22.7026785Z [ 21%] Building CXX object src/core/CMakeFiles/coreobj.dir/lib/math/nbtheory2.cpp.o
2026-08-31T18:36:23.7932740Z [ 22%] Building CXX object src/core/CMakeFiles/coreobj.dir/lib/utils/blockAllocator/blockAllocator.cpp.o
2026-08-31T18:36:24.1691896Z [ 23%] Building CXX object src/core/CMakeFiles/coreobj.dir/lib/utils/blockAllocator/xallocator.cpp.o
2026-08-31T18:36:24.7287494Z [ 24%] Building CXX object src/core/CMakeFiles/coreobj.dir/lib/utils/debug.cpp.o
2026-08-31T18:36:25.0136570Z [ 24%] Building CXX object src/core/CMakeFiles/coreobj.dir/lib/utils/demangle.cpp.o
2026-08-31T18:36:25.2159402Z [ 25%] Building CXX object src/core/CMakeFiles/coreobj.dir/lib/utils/get-call-stack.cpp.o
2026-08-31T18:36:25.4908613Z [ 26%] Building CXX object src/core/CMakeFiles/coreobj.dir/lib/utils/hashutil.cpp.o
2026-08-31T18:36:25.5115251Z [ 27%] Building CXX object src/core/CMakeFiles/coreobj.dir/lib/utils/inttypes.cpp.o
2026-08-31T18:36:25.7342750Z [ 28%] Building CXX object src/core/CMakeFiles/coreobj.dir/lib/utils/memory.cpp.o
2026-08-31T18:36:25.9507332Z [ 29%] Building CXX object src/core/CMakeFiles/coreobj.dir/lib/utils/openfhebase64.cpp.o
2026-08-31T18:36:26.0217558Z [ 30%] Building CXX object src/core/CMakeFiles/coreobj.dir/lib/utils/parallel.cpp.o
2026-08-31T18:36:26.0402583Z [ 31%] Building C object src/core/CMakeFiles/coreobj.dir/lib/utils/prng/blake2b-ref.c.o
2026-08-31T18:36:26.1827402Z [ 32%] Building CXX object src/core/CMakeFiles/coreobj.dir/lib/utils/prng/blake2engine.cpp.o
2026-08-31T18:36:26.2926727Z [ 34%] Building C object src/core/CMakeFiles/coreobj.dir/lib/utils/prng/blake2xb-ref.c.o
2026-08-31T18:36:26.3431850Z [ 34%] Building CXX object src/core/CMakeFiles/coreobj.dir/lib/utils/utilities.cpp.o
2026-08-31T18:36:26.7435080Z [ 34%] Built target coreobj
2026-08-31T18:36:26.7508800Z [ 35%] Linking CXX shared library ../../lib/libOPENFHEcore.so
2026-08-31T18:36:26.8586824Z [ 35%] Built target OPENFHEcore
2026-08-31T18:36:26.8658482Z [ 36%] Building CXX object src/binfhe/CMakeFiles/binfheobj.dir/lib/binfhe-base-scheme.cpp.o
2026-08-31T18:36:26.8660936Z [ 37%] Building CXX object src/binfhe/CMakeFiles/binfheobj.dir/lib/binfhe-constants-impl.cpp.o
2026-08-31T18:36:27.3009264Z [ 38%] Building CXX object src/binfhe/CMakeFiles/binfheobj.dir/lib/binfhecontext.cpp.o
2026-08-31T18:36:30.2767539Z [ 39%] Building CXX object src/binfhe/CMakeFiles/binfheobj.dir/lib/lwe-pke.cpp.o
2026-08-31T18:36:30.5284104Z [ 40%] Building CXX object src/binfhe/CMakeFiles/binfheobj.dir/lib/rgsw-acc-cggi.cpp.o
2026-08-31T18:36:31.9793948Z [ 41%] Building CXX object src/binfhe/CMakeFiles/binfheobj.dir/lib/rgsw-acc-dm.cpp.o
2026-08-31T18:36:32.6180423Z [ 41%] Building CXX object src/binfhe/CMakeFiles/binfheobj.dir/lib/rgsw-acc-lmkcdey.cpp.o
2026-08-31T18:36:33.9962093Z [ 42%] Building CXX object src/binfhe/CMakeFiles/binfheobj.dir/lib/rgsw-acc.cpp.o
2026-08-31T18:36:35.0191819Z [ 43%] Building CXX object src/binfhe/CMakeFiles/binfheobj.dir/lib/rgsw-cryptoparameters.cpp.o
2026-08-31T18:36:36.7488494Z [ 43%] Built target binfheobj
2026-08-31T18:36:36.7555562Z [ 43%] Linking CXX shared library ../../lib/libOPENFHEbinfhe.so
2026-08-31T18:36:36.8272489Z [ 43%] Built target OPENFHEbinfhe
2026-08-31T18:36:36.8364624Z [ 44%] Building CXX object src/pke/CMakeFiles/pkeobj.dir/lib/ciphertext-impl.cpp.o
2026-08-31T18:36:36.8366637Z [ 45%] Building CXX object src/pke/CMakeFiles/pkeobj.dir/lib/constants-impl.cpp.o
2026-08-31T18:36:37.4640986Z [ 46%] Building CXX object src/pke/CMakeFiles/pkeobj.dir/lib/cryptocontext.cpp.o
2026-08-31T18:36:41.3532975Z [ 47%] Building CXX object src/pke/CMakeFiles/pkeobj.dir/lib/cryptocontextfactory.cpp.o
2026-08-31T18:36:45.3877883Z [ 48%] Building CXX object src/pke/CMakeFiles/pkeobj.dir/lib/cryptoobject-impl.cpp.o
2026-08-31T18:36:47.3001229Z [ 49%] Building CXX object src/pke/CMakeFiles/pkeobj.dir/lib/encoding/ckkspackedencoding.cpp.o
2026-08-31T18:36:48.1683406Z [ 50%] Building CXX object src/pke/CMakeFiles/pkeobj.dir/lib/encoding/coefpackedencoding.cpp.o
2026-08-31T18:36:50.5731938Z [ 51%] Building CXX object src/pke/CMakeFiles/pkeobj.dir/lib/encoding/encodingparams.cpp.o
2026-08-31T18:36:51.1724080Z [ 51%] Building CXX object src/pke/CMakeFiles/pkeobj.dir/lib/encoding/packedencoding.cpp.o
2026-08-31T18:36:51.4481989Z [ 52%] Building CXX object src/pke/CMakeFiles/pkeobj.dir/lib/encoding/stringencoding.cpp.o
2026-08-31T18:36:54.3494248Z [ 53%] Building CXX object src/pke/CMakeFiles/pkeobj.dir/lib/globals-impl.cpp.o
2026-08-31T18:36:54.3670534Z [ 54%] Building CXX object src/pke/CMakeFiles/pkeobj.dir/lib/key/evalkey.cpp.o
2026-08-31T18:36:55.9320195Z [ 55%] Building CXX object src/pke/CMakeFiles/pkeobj.dir/lib/key/evalkeyrelin.cpp.o
2026-08-31T18:36:55.9670017Z [ 56%] Building CXX object src/pke/CMakeFiles/pkeobj.dir/lib/key/privatekey.cpp.o
2026-08-31T18:36:59.2669386Z [ 57%] Building CXX object src/pke/CMakeFiles/pkeobj.dir/lib/key/publickey.cpp.o
2026-08-31T18:36:59.3668827Z [ 58%] Building CXX object src/pke/CMakeFiles/pkeobj.dir/lib/keyswitch/keyswitch-base.cpp.o
2026-08-31T18:37:01.3236931Z [ 59%] Building CXX object src/pke/CMakeFiles/pkeobj.dir/lib/keyswitch/keyswitch-bv.cpp.o
2026-08-31T18:37:02.6576019Z [ 60%] Building CXX object src/pke/CMakeFiles/pkeobj.dir/lib/keyswitch/keyswitch-hybrid.cpp.o
2026-08-31T18:37:05.2236432Z [ 60%] Building CXX object src/pke/CMakeFiles/pkeobj.dir/lib/scheme/bfvrns/bfvrns-cryptoparameters.cpp.o
2026-08-31T18:37:06.8019425Z [ 61%] Building CXX object src/pke/CMakeFiles/pkeobj.dir/lib/scheme/bfvrns/bfvrns-leveledshe.cpp.o
2026-08-31T18:37:09.5204500Z [ 62%] Building CXX object src/pke/CMakeFiles/pkeobj.dir/lib/scheme/bfvrns/bfvrns-multiparty.cpp.o
2026-08-31T18:37:12.0803209Z [ 63%] Building CXX object src/pke/CMakeFiles/pkeobj.dir/lib/scheme/bfvrns/bfvrns-parametergeneration.cpp.o
2026-08-31T18:37:13.5711949Z [ 64%] Building CXX object src/pke/CMakeFiles/pkeobj.dir/lib/scheme/bfvrns/bfvrns-pke.cpp.o
2026-08-31T18:37:15.2529845Z [ 65%] Building CXX object src/pke/CMakeFiles/pkeobj.dir/lib/scheme/bfvrns/bfvrns-scheme.cpp.o
2026-08-31T18:37:17.7970333Z [ 67%] Building CXX object src/pke/CMakeFiles/pkeobj.dir/lib/scheme/bgvrns/bgvrns-cryptoparameters.cpp.o
2026-08-31T18:37:19.9473534Z [ 68%] Building CXX object src/pke/CMakeFiles/pkeobj.dir/lib/scheme/bgvrns/bgvrns-leveledshe.cpp.o
2026-08-31T18:37:20.2227419Z [ 69%] Building CXX object src/pke/CMakeFiles/pkeobj.dir/lib/scheme/bgvrns/bgvrns-multiparty.cpp.o
2026-08-31T18:37:22.0293148Z [ 70%] Building CXX object src/pke/CMakeFiles/pkeobj.dir/lib/scheme/bgvrns/bgvrns-parametergeneration.cpp.o
2026-08-31T18:37:23.8127479Z [ 70%] Building CXX object src/pke/CMakeFiles/pkeobj.dir/lib/scheme/bgvrns/bgvrns-pke.cpp.o
2026-08-31T18:37:25.2156185Z [ 71%] Building CXX object src/pke/CMakeFiles/pkeobj.dir/lib/scheme/bgvrns/bgvrns-scheme.cpp.o
2026-08-31T18:37:27.3734326Z [ 72%] Building CXX object src/pke/CMakeFiles/pkeobj.dir/lib/scheme/ckksrns/ckksrns-advancedshe.cpp.o
2026-08-31T18:37:30.1338985Z [ 73%] Building CXX object src/pke/CMakeFiles/pkeobj.dir/lib/scheme/ckksrns/ckksrns-cryptoparameters.cpp.o
2026-08-31T18:37:32.2542131Z [ 74%] Building CXX object src/pke/CMakeFiles/pkeobj.dir/lib/scheme/ckksrns/ckksrns-fhe.cpp.o
2026-08-31T18:37:32.4656650Z [ 75%] Building CXX object src/pke/CMakeFiles/pkeobj.dir/lib/scheme/ckksrns/ckksrns-leveledshe.cpp.o
2026-08-31T18:37:36.8402668Z [ 76%] Building CXX object src/pke/CMakeFiles/pkeobj.dir/lib/scheme/ckksrns/ckksrns-multiparty.cpp.o
2026-08-31T18:37:41.6254938Z [ 77%] Building CXX object src/pke/CMakeFiles/pkeobj.dir/lib/scheme/ckksrns/ckksrns-parametergeneration.cpp.o
2026-08-31T18:37:42.8646150Z [ 78%] Building CXX object src/pke/CMakeFiles/pkeobj.dir/lib/scheme/ckksrns/ckksrns-pke.cpp.o
2026-08-31T18:37:44.3227381Z [ 79%] Building CXX object src/pke/CMakeFiles/pkeobj.dir/lib/scheme/ckksrns/ckksrns-scheme.cpp.o
2026-08-31T18:37:46.4603345Z [ 79%] Building CXX object src/pke/CMakeFiles/pkeobj.dir/lib/scheme/ckksrns/ckksrns-schemeswitching.cpp.o
2026-08-31T18:37:49.2624139Z [ 80%] Building CXX object src/pke/CMakeFiles/pkeobj.dir/lib/scheme/ckksrns/ckksrns-utils.cpp.o
2026-08-31T18:37:51.9115161Z [ 81%] Building CXX object src/pke/CMakeFiles/pkeobj.dir/lib/scheme/gen-cryptocontext-params-impl.cpp.o
2026-08-31T18:37:52.5627676Z [ 82%] Building CXX object src/pke/CMakeFiles/pkeobj.dir/lib/scheme/gen-cryptocontext-params-validation.cpp.o
2026-08-31T18:37:53.2610762Z [ 83%] Building CXX object src/pke/CMakeFiles/pkeobj.dir/lib/scheme/scheme-id-impl.cpp.o
2026-08-31T18:37:53.7359374Z [ 84%] Building CXX object src/pke/CMakeFiles/pkeobj.dir/lib/scheme/scheme-swch-params.cpp.o
2026-08-31T18:37:54.5130571Z [ 85%] Building CXX object src/pke/CMakeFiles/pkeobj.dir/lib/schemebase/base-advancedshe.cpp.o
2026-08-31T18:37:55.7536479Z [ 86%] Building CXX object src/pke/CMakeFiles/pkeobj.dir/lib/schemebase/base-cryptoparameters.cpp.o
2026-08-31T18:37:57.0474317Z [ 87%] Building CXX object src/pke/CMakeFiles/pkeobj.dir/lib/schemebase/base-fhe.cpp.o
2026-08-31T18:37:58.9321902Z [ 88%] Building CXX object src/pke/CMakeFiles/pkeobj.dir/lib/schemebase/base-leveledshe.cpp.o
2026-08-31T18:38:00.2151044Z [ 88%] Building CXX object src/pke/CMakeFiles/pkeobj.dir/lib/schemebase/base-multiparty.cpp.o
2026-08-31T18:38:03.9156317Z [ 89%] Building CXX object src/pke/CMakeFiles/pkeobj.dir/lib/schemebase/base-parametergeneration.cpp.o
2026-08-31T18:38:04.8708103Z [ 90%] Building CXX object src/pke/CMakeFiles/pkeobj.dir/lib/schemebase/base-pke.cpp.o
2026-08-31T18:38:05.0515573Z [ 91%] Building CXX object src/pke/CMakeFiles/pkeobj.dir/lib/schemebase/base-pre.cpp.o
2026-08-31T18:38:08.7754166Z [ 92%] Building CXX object src/pke/CMakeFiles/pkeobj.dir/lib/schemebase/base-scheme.cpp.o
2026-08-31T18:38:09.0257689Z [ 93%] Building CXX object src/pke/CMakeFiles/pkeobj.dir/lib/schemebase/rlwe-cryptoparameters-impl.cpp.o
2026-08-31T18:38:10.4058746Z [ 94%] Building CXX object src/pke/CMakeFiles/pkeobj.dir/lib/schemelet/rlwe-mp.cpp.o
2026-08-31T18:38:13.8412851Z [ 95%] Building CXX object src/pke/CMakeFiles/pkeobj.dir/lib/schemerns/rns-cryptoparameters.cpp.o
2026-08-31T18:38:14.6873228Z [ 96%] Building CXX object src/pke/CMakeFiles/pkeobj.dir/lib/schemerns/rns-leveledshe.cpp.o
2026-08-31T18:38:17.2131711Z [ 97%] Building CXX object src/pke/CMakeFiles/pkeobj.dir/lib/schemerns/rns-multiparty.cpp.o
2026-08-31T18:38:19.1227345Z [ 98%] Building CXX object src/pke/CMakeFiles/pkeobj.dir/lib/schemerns/rns-pke.cpp.o
2026-08-31T18:38:22.9256237Z [ 98%] Built target pkeobj
2026-08-31T18:38:22.9332955Z [100%] Linking CXX shared library ../../lib/libOPENFHEpke.so
2026-08-31T18:38:23.1312275Z [100%] Built target OPENFHEpke
2026-08-31T18:38:23.1386831Z -- Install configuration: "Release"
2026-08-31T18:38:23.1397680Z -- Installing: /home/runner/work/20231788./20231788./.ci/openfhe-install/include/openfhe/core/config_core.h
2026-08-31T18:38:23.1400731Z -- Installing: /home/runner/work/20231788./20231788./.ci/openfhe-install/include/openfhe/cereal
2026-08-31T18:38:23.1402483Z -- Installing: /home/runner/work/20231788./20231788./.ci/openfhe-install/include/openfhe/cereal/cereal.hpp
2026-08-31T18:38:23.1404632Z -- Installing: /home/runner/work/20231788./20231788./.ci/openfhe-install/include/openfhe/cereal/archives
2026-08-31T18:38:23.1406094Z -- Installing: /home/runner/work/20231788./20231788./.ci/openfhe-install/include/openfhe/cereal/archives/json.hpp
2026-08-31T18:38:23.1408447Z -- Installing: /home/runner/work/20231788./20231788./.ci/openfhe-install/include/openfhe/cereal/archives/adapters.hpp
2026-08-31T18:38:23.1410369Z -- Installing: /home/runner/work/20231788./20231788./.ci/openfhe-install/include/openfhe/cereal/archives/portable_binary.hpp
2026-08-31T18:38:23.1413206Z -- Installing: /home/runner/work/20231788./20231788./.ci/openfhe-install/include/openfhe/cereal/archives/xml.hpp
2026-08-31T18:38:23.1415750Z -- Installing: /home/runner/work/20231788./20231788./.ci/openfhe-install/include/openfhe/cereal/archives/binary.hpp
2026-08-31T18:38:23.1417460Z -- Installing: /home/runner/work/20231788./20231788./.ci/openfhe-install/include/openfhe/cereal/external
2026-08-31T18:38:23.1418771Z -- Installing: /home/runner/work/20231788./20231788./.ci/openfhe-install/include/openfhe/cereal/external/rapidjson
2026-08-31T18:38:23.1420317Z -- Installing: /home/runner/work/20231788./20231788./.ci/openfhe-install/include/openfhe/cereal/external/rapidjson/fwd.h
2026-08-31T18:38:23.1422363Z -- Installing: /home/runner/work/20231788./20231788./.ci/openfhe-install/include/openfhe/cereal/external/rapidjson/memorybuffer.h
2026-08-31T18:38:23.1424058Z -- Installing: /home/runner/work/20231788./20231788./.ci/openfhe-install/include/openfhe/cereal/external/rapidjson/error
2026-08-31T18:38:23.1425673Z -- Installing: /home/runner/work/20231788./20231788./.ci/openfhe-install/include/openfhe/cereal/external/rapidjson/error/error.h
2026-08-31T18:38:23.1427634Z -- Installing: /home/runner/work/20231788./20231788./.ci/openfhe-install/include/openfhe/cereal/external/rapidjson/error/en.h
2026-08-31T18:38:23.1429183Z -- Installing: /home/runner/work/20231788./20231788./.ci/openfhe-install/include/openfhe/cereal/external/rapidjson/stream.h
2026-08-31T18:38:23.1431077Z -- Installing: /home/runner/work/20231788./20231788./.ci/openfhe-install/include/openfhe/cereal/external/rapidjson/stringbuffer.h
2026-08-31T18:38:23.1433590Z -- Installing: /home/runner/work/20231788./20231788./.ci/openfhe-install/include/openfhe/cereal/external/rapidjson/document.h
2026-08-31T18:38:23.1437183Z -- Installing: /home/runner/work/20231788./20231788./.ci/openfhe-install/include/openfhe/cereal/external/rapidjson/filereadstream.h
2026-08-31T18:38:23.1438903Z -- Installing: /home/runner/work/20231788./20231788./.ci/openfhe-install/include/openfhe/cereal/external/rapidjson/internal
2026-08-31T18:38:23.1440531Z -- Installing: /home/runner/work/20231788./20231788./.ci/openfhe-install/include/openfhe/cereal/external/rapidjson/internal/meta.h
2026-08-31T18:38:23.1442458Z -- Installing: /home/runner/work/20231788./20231788./.ci/openfhe-install/include/openfhe/cereal/external/rapidjson/internal/itoa.h
2026-08-31T18:38:23.1444460Z -- Installing: /home/runner/work/20231788./20231788./.ci/openfhe-install/include/openfhe/cereal/external/rapidjson/internal/stack.h
2026-08-31T18:38:23.1446419Z -- Installing: /home/runner/work/20231788./20231788./.ci/openfhe-install/include/openfhe/cereal/external/rapidjson/internal/swap.h
2026-08-31T18:38:23.1448283Z -- Installing: /home/runner/work/20231788./20231788./.ci/openfhe-install/include/openfhe/cereal/external/rapidjson/internal/regex.h
2026-08-31T18:38:23.1450471Z -- Installing: /home/runner/work/20231788./20231788./.ci/openfhe-install/include/openfhe/cereal/external/rapidjson/internal/ieee754.h
2026-08-31T18:38:23.1452594Z -- Installing: /home/runner/work/20231788./20231788./.ci/openfhe-install/include/openfhe/cereal/external/rapidjson/internal/strtod.h
2026-08-31T18:38:23.1454575Z -- Installing: /home/runner/work/20231788./20231788./.ci/openfhe-install/include/openfhe/cereal/external/rapidjson/internal/strfunc.h
2026-08-31T18:38:23.1456373Z -- Installing: /home/runner/work/20231788./20231788./.ci/openfhe-install/include/openfhe/cereal/external/rapidjson/internal/dtoa.h
2026-08-31T18:38:23.1458368Z -- Installing: /home/runner/work/20231788./20231788./.ci/openfhe-install/include/openfhe/cereal/external/rapidjson/internal/diyfp.h
2026-08-31T18:38:23.1460482Z -- Installing: /home/runner/work/20231788./20231788./.ci/openfhe-install/include/openfhe/cereal/external/rapidjson/internal/pow10.h
2026-08-31T18:38:23.1462696Z -- Installing: /home/runner/work/20231788./20231788./.ci/openfhe-install/include/openfhe/cereal/external/rapidjson/internal/biginteger.h
2026-08-31T18:38:23.1464622Z -- Installing: /home/runner/work/20231788./20231788./.ci/openfhe-install/include/openfhe/cereal/external/rapidjson/prettywriter.h
2026-08-31T18:38:23.1466482Z -- Installing: /home/runner/work/20231788./20231788./.ci/openfhe-install/include/openfhe/cereal/external/rapidjson/msinttypes
2026-08-31T18:38:23.1468169Z -- Installing: /home/runner/work/20231788./20231788./.ci/openfhe-install/include/openfhe/cereal/external/rapidjson/msinttypes/stdint.h
2026-08-31T18:38:23.1469939Z -- Installing: /home/runner/work/20231788./20231788./.ci/openfhe-install/include/openfhe/cereal/external/rapidjson/msinttypes/LICENSE
2026-08-31T18:38:23.1471957Z -- Installing: /home/runner/work/20231788./20231788./.ci/openfhe-install/include/openfhe/cereal/external/rapidjson/msinttypes/inttypes.h
2026-08-31T18:38:23.1474026Z -- Installing: /home/runner/work/20231788./20231788./.ci/openfhe-install/include/openfhe/cereal/external/rapidjson/cursorstreamwrapper.h
2026-08-31T18:38:23.1475731Z -- Installing: /home/runner/work/20231788./20231788./.ci/openfhe-install/include/openfhe/cereal/external/rapidjson/reader.h
2026-08-31T18:38:23.1479161Z -- Installing: /home/runner/work/20231788./20231788./.ci/openfhe-install/include/openfhe/cereal/external/rapidjson/istreamwrapper.h
2026-08-31T18:38:23.1480994Z -- Installing: /home/runner/work/20231788./20231788./.ci/openfhe-install/include/openfhe/cereal/external/rapidjson/memorystream.h
2026-08-31T18:38:23.1483021Z -- Installing: /home/runner/work/20231788./20231788./.ci/openfhe-install/include/openfhe/cereal/external/rapidjson/encodedstream.h
2026-08-31T18:38:23.1485030Z -- Installing: /home/runner/work/20231788./20231788./.ci/openfhe-install/include/openfhe/cereal/external/rapidjson/writer.h
2026-08-31T18:38:23.1487289Z -- Installing: /home/runner/work/20231788./20231788./.ci/openfhe-install/include/openfhe/cereal/external/rapidjson/filewritestream.h
2026-08-31T18:38:23.1489065Z -- Installing: /home/runner/work/20231788./20231788./.ci/openfhe-install/include/openfhe/cereal/external/rapidjson/pointer.h
2026-08-31T18:38:23.1491937Z -- Installing: /home/runner/work/20231788./20231788./.ci/openfhe-install/include/openfhe/cereal/external/rapidjson/LICENSE
2026-08-31T18:38:23.1493889Z -- Installing: /home/runner/work/20231788./20231788./.ci/openfhe-install/include/openfhe/cereal/external/rapidjson/ostreamwrapper.h
2026-08-31T18:38:23.1495707Z -- Installing: /home/runner/work/20231788./20231788./.ci/openfhe-install/include/openfhe/cereal/external/rapidjson/encodings.h
2026-08-31T18:38:23.1497981Z -- Installing: /home/runner/work/20231788./20231788./.ci/openfhe-install/include/openfhe/cereal/external/rapidjson/rapidjson.h
2026-08-31T18:38:23.1500108Z -- Installing: /home/runner/work/20231788./20231788./.ci/openfhe-install/include/openfhe/cereal/external/rapidjson/schema.h
2026-08-31T18:38:23.1503705Z -- Installing: /home/runner/work/20231788./20231788./.ci/openfhe-install/include/openfhe/cereal/external/rapidjson/allocators.h
2026-08-31T18:38:23.1505542Z -- Installing: /home/runner/work/20231788./20231788./.ci/openfhe-install/include/openfhe/cereal/external/LICENSE
2026-08-31T18:38:23.1507285Z -- Installing: /home/runner/work/20231788./20231788./.ci/openfhe-install/include/openfhe/cereal/external/rapidxml
2026-08-31T18:38:23.1508775Z -- Installing: /home/runner/work/20231788./20231788./.ci/openfhe-install/include/openfhe/cereal/external/rapidxml/rapidxml_utils.hpp
2026-08-31T18:38:23.1510511Z -- Installing: /home/runner/work/20231788./20231788./.ci/openfhe-install/include/openfhe/cereal/external/rapidxml/license.txt
2026-08-31T18:38:23.1512631Z -- Installing: /home/runner/work/20231788./20231788./.ci/openfhe-install/include/openfhe/cereal/external/rapidxml/rapidxml_print.hpp
2026-08-31T18:38:23.1514589Z -- Installing: /home/runner/work/20231788./20231788./.ci/openfhe-install/include/openfhe/cereal/external/rapidxml/rapidxml.hpp
2026-08-31T18:38:23.1518132Z -- Installing: /home/runner/work/20231788./20231788./.ci/openfhe-install/include/openfhe/cereal/external/rapidxml/manual.html
2026-08-31T18:38:23.1521839Z -- Installing: /home/runner/work/20231788./20231788./.ci/openfhe-install/include/openfhe/cereal/external/rapidxml/rapidxml_iterators.hpp
2026-08-31T18:38:23.1523574Z -- Installing: /home/runner/work/20231788./20231788./.ci/openfhe-install/include/openfhe/cereal/external/base64.hpp
2026-08-31T18:38:23.1525279Z -- Installing: /home/runner/work/20231788./20231788./.ci/openfhe-install/include/openfhe/cereal/details
2026-08-31T18:38:23.1526844Z -- Installing: /home/runner/work/20231788./20231788./.ci/openfhe-install/include/openfhe/cereal/details/traits.hpp
2026-08-31T18:38:23.1529774Z -- Installing: /home/runner/work/20231788./20231788./.ci/openfhe-install/include/openfhe/cereal/details/helpers.hpp
2026-08-31T18:38:23.1532074Z -- Installing: /home/runner/work/20231788./20231788./.ci/openfhe-install/include/openfhe/cereal/details/polymorphic_impl_fwd.hpp
2026-08-31T18:38:23.1533785Z -- Installing: /home/runner/work/20231788./20231788./.ci/openfhe-install/include/openfhe/cereal/details/util.hpp
2026-08-31T18:38:23.1535712Z -- Installing: /home/runner/work/20231788./20231788./.ci/openfhe-install/include/openfhe/cereal/details/polymorphic_impl.hpp
2026-08-31T18:38:23.1538128Z -- Installing: /home/runner/work/20231788./20231788./.ci/openfhe-install/include/openfhe/cereal/details/static_object.hpp
2026-08-31T18:38:23.1539765Z -- Installing: /home/runner/work/20231788./20231788./.ci/openfhe-install/include/openfhe/cereal/access.hpp
2026-08-31T18:38:23.1541938Z -- Installing: /home/runner/work/20231788./20231788./.ci/openfhe-install/include/openfhe/cereal/version.hpp
2026-08-31T18:38:23.1543653Z -- Installing: /home/runner/work/20231788./20231788./.ci/openfhe-install/include/openfhe/cereal/types
2026-08-31T18:38:23.1545121Z -- Installing: /home/runner/work/20231788./20231788./.ci/openfhe-install/include/openfhe/cereal/types/forward_list.hpp
2026-08-31T18:38:23.1546997Z -- Installing: /home/runner/work/20231788./20231788./.ci/openfhe-install/include/openfhe/cereal/types/boost_variant.hpp
2026-08-31T18:38:23.1548843Z -- Installing: /home/runner/work/20231788./20231788./.ci/openfhe-install/include/openfhe/cereal/types/unordered_set.hpp
2026-08-31T18:38:23.1550715Z -- Installing: /home/runner/work/20231788./20231788./.ci/openfhe-install/include/openfhe/cereal/types/utility.hpp
2026-08-31T18:38:23.1552714Z -- Installing: /home/runner/work/20231788./20231788./.ci/openfhe-install/include/openfhe/cereal/types/complex.hpp
2026-08-31T18:38:23.1554648Z -- Installing: /home/runner/work/20231788./20231788./.ci/openfhe-install/include/openfhe/cereal/types/optional.hpp
2026-08-31T18:38:23.1556402Z -- Installing: /home/runner/work/20231788./20231788./.ci/openfhe-install/include/openfhe/cereal/types/atomic.hpp
2026-08-31T18:38:23.1558087Z -- Installing: /home/runner/work/20231788./20231788./.ci/openfhe-install/include/openfhe/cereal/types/stack.hpp
2026-08-31T18:38:23.1559844Z -- Installing: /home/runner/work/20231788./20231788./.ci/openfhe-install/include/openfhe/cereal/types/common.hpp
2026-08-31T18:38:23.1561928Z -- Installing: /home/runner/work/20231788./20231788./.ci/openfhe-install/include/openfhe/cereal/types/array.hpp
2026-08-31T18:38:23.1563800Z -- Installing: /home/runner/work/20231788./20231788./.ci/openfhe-install/include/openfhe/cereal/types/bitset.hpp
2026-08-31T18:38:23.1565609Z -- Installing: /home/runner/work/20231788./20231788./.ci/openfhe-install/include/openfhe/cereal/types/set.hpp
2026-08-31T18:38:23.1567503Z -- Installing: /home/runner/work/20231788./20231788./.ci/openfhe-install/include/openfhe/cereal/types/unordered_map.hpp
2026-08-31T18:38:23.1569255Z -- Installing: /home/runner/work/20231788./20231788./.ci/openfhe-install/include/openfhe/cereal/types/valarray.hpp
2026-08-31T18:38:23.1571140Z -- Installing: /home/runner/work/20231788./20231788./.ci/openfhe-install/include/openfhe/cereal/types/chrono.hpp
2026-08-31T18:38:23.1573270Z -- Installing: /home/runner/work/20231788./20231788./.ci/openfhe-install/include/openfhe/cereal/types/deque.hpp
2026-08-31T18:38:23.1575030Z -- Installing: /home/runner/work/20231788./20231788./.ci/openfhe-install/include/openfhe/cereal/types/map.hpp
2026-08-31T18:38:23.1576933Z -- Installing: /home/runner/work/20231788./20231788./.ci/openfhe-install/include/openfhe/cereal/types/string.hpp
2026-08-31T18:38:23.1578902Z -- Installing: /home/runner/work/20231788./20231788./.ci/openfhe-install/include/openfhe/cereal/types/base_class.hpp
2026-08-31T18:38:23.1580768Z -- Installing: /home/runner/work/20231788./20231788./.ci/openfhe-install/include/openfhe/cereal/types/functional.hpp
2026-08-31T18:38:23.1582857Z -- Installing: /home/runner/work/20231788./20231788./.ci/openfhe-install/include/openfhe/cereal/types/variant.hpp
2026-08-31T18:38:23.1584748Z -- Installing: /home/runner/work/20231788./20231788./.ci/openfhe-install/include/openfhe/cereal/types/vector.hpp
2026-08-31T18:38:23.1586623Z -- Installing: /home/runner/work/20231788./20231788./.ci/openfhe-install/include/openfhe/cereal/types/list.hpp
2026-08-31T18:38:23.1588504Z -- Installing: /home/runner/work/20231788./20231788./.ci/openfhe-install/include/openfhe/cereal/types/polymorphic.hpp
2026-08-31T18:38:23.1590476Z -- Installing: /home/runner/work/20231788./20231788./.ci/openfhe-install/include/openfhe/cereal/types/concepts
2026-08-31T18:38:23.1592436Z -- Installing: /home/runner/work/20231788./20231788./.ci/openfhe-install/include/openfhe/cereal/types/concepts/pair_associative_container.hpp
2026-08-31T18:38:23.1594021Z -- Installing: /home/runner/work/20231788./20231788./.ci/openfhe-install/include/openfhe/cereal/types/memory.hpp
2026-08-31T18:38:23.1595936Z -- Installing: /home/runner/work/20231788./20231788./.ci/openfhe-install/include/openfhe/cereal/types/tuple.hpp
2026-08-31T18:38:23.1597775Z -- Installing: /home/runner/work/20231788./20231788./.ci/openfhe-install/include/openfhe/cereal/types/queue.hpp
2026-08-31T18:38:23.1599681Z -- Installing: /home/runner/work/20231788./20231788./.ci/openfhe-install/include/openfhe/cereal/specialize.hpp
2026-08-31T18:38:23.1601672Z -- Installing: /home/runner/work/20231788./20231788./.ci/openfhe-install/include/openfhe/cereal/macros.hpp
2026-08-31T18:38:23.1607048Z -- Installing: /home/runner/work/20231788./20231788./.ci/openfhe-install/lib/libOPENFHEcore.so.1.5.0
2026-08-31T18:38:23.1633653Z -- Installing: /home/runner/work/20231788./20231788./.ci/openfhe-install/lib/libOPENFHEcore.so.1
2026-08-31T18:38:23.1634850Z -- Installing: /home/runner/work/20231788./20231788./.ci/openfhe-install/lib/libOPENFHEcore.so
2026-08-31T18:38:23.1636774Z -- Installing: /home/runner/work/20231788./20231788./.ci/openfhe-install/include/openfhe/core/testdefs.h
2026-08-31T18:38:23.1638677Z -- Installing: /home/runner/work/20231788./20231788./.ci/openfhe-install/include/openfhe/core/version.h
2026-08-31T18:38:23.1640436Z -- Installing: /home/runner/work/20231788./20231788./.ci/openfhe-install/include/openfhe/core/openfhecore.h
2026-08-31T18:38:23.1642366Z -- Installing: /home/runner/work/20231788./20231788./.ci/openfhe-install/include/openfhe/core/utils
2026-08-31T18:38:23.1643806Z -- Installing: /home/runner/work/20231788./20231788./.ci/openfhe-install/include/openfhe/core/utils/openfhebase64.h
2026-08-31T18:38:23.1645497Z -- Installing: /home/runner/work/20231788./20231788./.ci/openfhe-install/include/openfhe/core/utils/prng
2026-08-31T18:38:23.1646866Z -- Installing: /home/runner/work/20231788./20231788./.ci/openfhe-install/include/openfhe/core/utils/prng/blake2engine.h
2026-08-31T18:38:23.1648654Z -- Installing: /home/runner/work/20231788./20231788./.ci/openfhe-install/include/openfhe/core/utils/prng/CPPLINT.cfg
2026-08-31T18:38:23.1650426Z -- Installing: /home/runner/work/20231788./20231788./.ci/openfhe-install/include/openfhe/core/utils/prng/prng.h
2026-08-31T18:38:23.1652542Z -- Installing: /home/runner/work/20231788./20231788./.ci/openfhe-install/include/openfhe/core/utils/prng/blake2.h
2026-08-31T18:38:23.1654438Z -- Installing: /home/runner/work/20231788./20231788./.ci/openfhe-install/include/openfhe/core/utils/prng/blake2-impl.h
2026-08-31T18:38:23.1656236Z -- Installing: /home/runner/work/20231788./20231788./.ci/openfhe-install/include/openfhe/core/utils/prng/README.md
2026-08-31T18:38:23.1658006Z -- Installing: /home/runner/work/20231788./20231788./.ci/openfhe-install/include/openfhe/core/utils/caller_info.h
2026-08-31T18:38:23.1659783Z -- Installing: /home/runner/work/20231788./20231788./.ci/openfhe-install/include/openfhe/core/utils/sertype.h
2026-08-31T18:38:23.1661908Z -- Installing: /home/runner/work/20231788./20231788./.ci/openfhe-install/include/openfhe/core/utils/hashutil.h
2026-08-31T18:38:23.1664424Z -- Installing: /home/runner/work/20231788./20231788./.ci/openfhe-install/include/openfhe/core/utils/utilities-int.h
2026-08-31T18:38:23.1666095Z -- Installing: /home/runner/work/20231788./20231788./.ci/openfhe-install/include/openfhe/core/utils/utilities.h
2026-08-31T18:38:23.1667960Z -- Installing: /home/runner/work/20231788./20231788./.ci/openfhe-install/include/openfhe/core/utils/serial.h
2026-08-31T18:38:23.1669852Z -- Installing: /home/runner/work/20231788./20231788./.ci/openfhe-install/include/openfhe/core/utils/blockAllocator
2026-08-31T18:38:23.1671275Z -- Installing: /home/runner/work/20231788./20231788./.ci/openfhe-install/include/openfhe/core/utils/blockAllocator/xlist.h
2026-08-31T18:38:23.1673493Z -- Installing: /home/runner/work/20231788./20231788./.ci/openfhe-install/include/openfhe/core/utils/blockAllocator/xstring.h
2026-08-31T18:38:23.1675091Z -- Installing: /home/runner/work/20231788./20231788./.ci/openfhe-install/include/openfhe/core/utils/blockAllocator/xqueue.h
2026-08-31T18:38:23.1676933Z -- Installing: /home/runner/work/20231788./20231788./.ci/openfhe-install/include/openfhe/core/utils/blockAllocator/xallocator.h
2026-08-31T18:38:23.1678787Z -- Installing: /home/runner/work/20231788./20231788./.ci/openfhe-install/include/openfhe/core/utils/blockAllocator/xsstream.h
2026-08-31T18:38:23.1680550Z -- Installing: /home/runner/work/20231788./20231788./.ci/openfhe-install/include/openfhe/core/utils/blockAllocator/README.md
2026-08-31T18:38:23.1682558Z -- Installing: /home/runner/work/20231788./20231788./.ci/openfhe-install/include/openfhe/core/utils/blockAllocator/xvector.h
2026-08-31T18:38:23.1684449Z -- Installing: /home/runner/work/20231788./20231788./.ci/openfhe-install/include/openfhe/core/utils/blockAllocator/blockAllocator.h
2026-08-31T18:38:23.1686278Z -- Installing: /home/runner/work/20231788./20231788./.ci/openfhe-install/include/openfhe/core/utils/blockAllocator/xmap.h
2026-08-31T18:38:23.1688138Z -- Installing: /home/runner/work/20231788./20231788./.ci/openfhe-install/include/openfhe/core/utils/blockAllocator/stl_allocator.h
2026-08-31T18:38:23.1689987Z -- Installing: /home/runner/work/20231788./20231788./.ci/openfhe-install/include/openfhe/core/utils/blockAllocator/xset.h
2026-08-31T18:38:23.1691914Z -- Installing: /home/runner/work/20231788./20231788./.ci/openfhe-install/include/openfhe/core/utils/memory.h
2026-08-31T18:38:23.1693794Z -- Installing: /home/runner/work/20231788./20231788./.ci/openfhe-install/include/openfhe/core/utils/parallel.h
2026-08-31T18:38:23.1695632Z -- Installing: /home/runner/work/20231788./20231788./.ci/openfhe-install/include/openfhe/core/utils/debug.h
2026-08-31T18:38:23.1697536Z -- Installing: /home/runner/work/20231788./20231788./.ci/openfhe-install/include/openfhe/core/utils/README.md
2026-08-31T18:38:23.1699324Z -- Installing: /home/runner/work/20231788./20231788./.ci/openfhe-install/include/openfhe/core/utils/type_name.h
2026-08-31T18:38:23.1701171Z -- Installing: /home/runner/work/20231788./20231788./.ci/openfhe-install/include/openfhe/core/utils/get-call-stack.h
2026-08-31T18:38:23.1703166Z -- Installing: /home/runner/work/20231788./20231788./.ci/openfhe-install/include/openfhe/core/utils/exception.h
2026-08-31T18:38:23.1705100Z -- Installing: /home/runner/work/20231788./20231788./.ci/openfhe-install/include/openfhe/core/utils/serializable.h
2026-08-31T18:38:23.1706921Z -- Installing: /home/runner/work/20231788./20231788./.ci/openfhe-install/include/openfhe/core/utils/inttypes.h
2026-08-31T18:38:23.1708715Z -- Installing: /home/runner/work/20231788./20231788./.ci/openfhe-install/include/openfhe/core/utils/demangle.h
2026-08-31T18:38:23.1710530Z -- Installing: /home/runner/work/20231788./20231788./.ci/openfhe-install/include/openfhe/core/README.md
2026-08-31T18:38:23.1712427Z -- Installing: /home/runner/work/20231788./20231788./.ci/openfhe-install/include/openfhe/core/math
2026-08-31T18:38:23.1713885Z -- Installing: /home/runner/work/20231788./20231788./.ci/openfhe-install/include/openfhe/core/math/nbtheory-impl.h
2026-08-31T18:38:23.1716025Z -- Installing: /home/runner/work/20231788./20231788./.ci/openfhe-install/include/openfhe/core/math/matrixstrassen-impl.h
2026-08-31T18:38:23.1718293Z -- Installing: /home/runner/work/20231788./20231788./.ci/openfhe-install/include/openfhe/core/math/SAMPLING_README.md
2026-08-31T18:38:23.1720230Z -- Installing: /home/runner/work/20231788./20231788./.ci/openfhe-install/include/openfhe/core/math/ternaryuniformgenerator-impl.h
2026-08-31T18:38:23.1722221Z -- Installing: /home/runner/work/20231788./20231788./.ci/openfhe-install/include/openfhe/core/math/math_backends.md
2026-08-31T18:38:23.1724355Z -- Installing: /home/runner/work/20231788./20231788./.ci/openfhe-install/include/openfhe/core/math/discreteuniformgenerator-impl.h
2026-08-31T18:38:23.1726553Z -- Installing: /home/runner/work/20231788./20231788./.ci/openfhe-install/include/openfhe/core/math/ternaryuniformgenerator.h
2026-08-31T18:38:23.1728159Z -- Installing: /home/runner/work/20231788./20231788./.ci/openfhe-install/include/openfhe/core/math/distrgen.h
2026-08-31T18:38:23.1729853Z -- Installing: /home/runner/work/20231788./20231788./.ci/openfhe-install/include/openfhe/core/math/matrix.h
2026-08-31T18:38:23.1732253Z -- Installing: /home/runner/work/20231788./20231788./.ci/openfhe-install/include/openfhe/core/math/matrixstrassen.h
2026-08-31T18:38:23.1734199Z -- Installing: /home/runner/work/20231788./20231788./.ci/openfhe-install/include/openfhe/core/math/hal
2026-08-31T18:38:23.1736054Z -- Installing: /home/runner/work/20231788./20231788./.ci/openfhe-install/include/openfhe/core/math/hal/integer.h
2026-08-31T18:38:23.1737528Z -- Installing: /home/runner/work/20231788./20231788./.ci/openfhe-install/include/openfhe/core/math/hal/vector.h
2026-08-31T18:38:23.1739294Z -- Installing: /home/runner/work/20231788./20231788./.ci/openfhe-install/include/openfhe/core/math/hal/bigintntl
2026-08-31T18:38:23.1741103Z -- Installing: /home/runner/work/20231788./20231788./.ci/openfhe-install/include/openfhe/core/math/hal/bigintntl/transformntl-impl.h
2026-08-31T18:38:23.1751297Z -- Installing: /home/runner/work/20231788./20231788./.ci/openfhe-install/include/openfhe/core/math/hal/bigintntl/ubintntl.h
2026-08-31T18:38:23.1752906Z -- Installing: /home/runner/work/20231788./20231788./.ci/openfhe-install/include/openfhe/core/math/hal/bigintntl/mubintvecntl.h
2026-08-31T18:38:23.1754149Z -- Installing: /home/runner/work/20231788./20231788./.ci/openfhe-install/include/openfhe/core/math/hal/bigintntl/backendntl.h
2026-08-31T18:38:23.1755374Z -- Installing: /home/runner/work/20231788./20231788./.ci/openfhe-install/include/openfhe/core/math/hal/bigintntl/transformntl.h
2026-08-31T18:38:23.1756524Z -- Installing: /home/runner/work/20231788./20231788./.ci/openfhe-install/include/openfhe/core/math/hal/basicint.h
2026-08-31T18:38:23.1757614Z -- Installing: /home/runner/work/20231788./20231788./.ci/openfhe-install/include/openfhe/core/math/hal/bigintdyn
2026-08-31T18:38:23.1758769Z -- Installing: /home/runner/work/20231788./20231788./.ci/openfhe-install/include/openfhe/core/math/hal/bigintdyn/transformdyn.h
2026-08-31T18:38:23.1759974Z -- Installing: /home/runner/work/20231788./20231788./.ci/openfhe-install/include/openfhe/core/math/hal/bigintdyn/transformdyn-impl.h
2026-08-31T18:38:23.1761163Z -- Installing: /home/runner/work/20231788./20231788./.ci/openfhe-install/include/openfhe/core/math/hal/bigintdyn/ubintdyn.h
2026-08-31T18:38:23.1762940Z -- Installing: /home/runner/work/20231788./20231788./.ci/openfhe-install/include/openfhe/core/math/hal/bigintdyn/mubintvecdyn.h
2026-08-31T18:38:23.1763995Z -- Installing: /home/runner/work/20231788./20231788./.ci/openfhe-install/include/openfhe/core/math/hal/bigintdyn/backenddyn.h
2026-08-31T18:38:23.1764830Z -- Installing: /home/runner/work/20231788./20231788./.ci/openfhe-install/include/openfhe/core/math/hal/transform.h
2026-08-31T18:38:23.1765612Z -- Installing: /home/runner/work/20231788./20231788./.ci/openfhe-install/include/openfhe/core/math/hal/nativeintbackend.h
2026-08-31T18:38:23.1766762Z -- Installing: /home/runner/work/20231788./20231788./.ci/openfhe-install/include/openfhe/core/math/hal/bigintbackend.h
2026-08-31T18:38:23.1767825Z -- Installing: /home/runner/work/20231788./20231788./.ci/openfhe-install/include/openfhe/core/math/hal/intnat
2026-08-31T18:38:23.1768898Z -- Installing: /home/runner/work/20231788./20231788./.ci/openfhe-install/include/openfhe/core/math/hal/intnat/ubintnat.h
2026-08-31T18:38:23.1770043Z -- Installing: /home/runner/work/20231788./20231788./.ci/openfhe-install/include/openfhe/core/math/hal/intnat/mubintvecnat.h
2026-08-31T18:38:23.1771189Z -- Installing: /home/runner/work/20231788./20231788./.ci/openfhe-install/include/openfhe/core/math/hal/intnat/transformnat.h
2026-08-31T18:38:23.1772794Z -- Installing: /home/runner/work/20231788./20231788./.ci/openfhe-install/include/openfhe/core/math/hal/intnat/transformnat-impl.h
2026-08-31T18:38:23.1782493Z -- Installing: /home/runner/work/20231788./20231788./.ci/openfhe-install/include/openfhe/core/math/hal/bigintfxd
2026-08-31T18:38:23.1783658Z -- Installing: /home/runner/work/20231788./20231788./.ci/openfhe-install/include/openfhe/core/math/hal/bigintfxd/ubintfxd.h
2026-08-31T18:38:23.1785241Z -- Installing: /home/runner/work/20231788./20231788./.ci/openfhe-install/include/openfhe/core/math/hal/bigintfxd/transformfxd.h
2026-08-31T18:38:23.1786762Z -- Installing: /home/runner/work/20231788./20231788./.ci/openfhe-install/include/openfhe/core/math/hal/bigintfxd/mubintvecfxd.h
2026-08-31T18:38:23.1788295Z -- Installing: /home/runner/work/20231788./20231788./.ci/openfhe-install/include/openfhe/core/math/hal/bigintfxd/transformfxd-impl.h
2026-08-31T18:38:23.1789506Z -- Installing: /home/runner/work/20231788./20231788./.ci/openfhe-install/include/openfhe/core/math/hal/bigintfxd/backendfxd.h
2026-08-31T18:38:23.1790308Z -- Installing: /home/runner/work/20231788./20231788./.ci/openfhe-install/include/openfhe/core/math/nbtheory.h
2026-08-31T18:38:23.1792792Z -- Installing: /home/runner/work/20231788./20231788./.ci/openfhe-install/include/openfhe/core/math/discretegaussiangenerator-impl.h
2026-08-31T18:38:23.1812643Z -- Installing: /home/runner/work/20231788./20231788./.ci/openfhe-install/include/openfhe/core/math/discretegaussiangenerator.h
2026-08-31T18:38:23.1822686Z -- Installing: /home/runner/work/20231788./20231788./.ci/openfhe-install/include/openfhe/core/math/binaryuniformgenerator-impl.h
2026-08-31T18:38:23.1823531Z -- Installing: /home/runner/work/20231788./20231788./.ci/openfhe-install/include/openfhe/core/math/README.md
2026-08-31T18:38:23.1824275Z -- Installing: /home/runner/work/20231788./20231788./.ci/openfhe-install/include/openfhe/core/math/chebyshev.h
2026-08-31T18:38:23.1825360Z -- Installing: /home/runner/work/20231788./20231788./.ci/openfhe-install/include/openfhe/core/math/distributiongenerator.h
2026-08-31T18:38:23.1826177Z -- Installing: /home/runner/work/20231788./20231788./.ci/openfhe-install/include/openfhe/core/math/dftransform.h
2026-08-31T18:38:23.1827137Z -- Installing: /home/runner/work/20231788./20231788./.ci/openfhe-install/include/openfhe/core/math/matrix-impl.h
2026-08-31T18:38:23.1827840Z -- Installing: /home/runner/work/20231788./20231788./.ci/openfhe-install/include/openfhe/core/math/hermite.h
2026-08-31T18:38:23.1828928Z -- Installing: /home/runner/work/20231788./20231788./.ci/openfhe-install/include/openfhe/core/math/binaryuniformgenerator.h
2026-08-31T18:38:23.1829809Z -- Installing: /home/runner/work/20231788./20231788./.ci/openfhe-install/include/openfhe/core/math/discretegaussiangeneratorgeneric.h
2026-08-31T18:38:23.1831081Z -- Installing: /home/runner/work/20231788./20231788./.ci/openfhe-install/include/openfhe/core/math/math-hal.h
2026-08-31T18:38:23.1832177Z -- Installing: /home/runner/work/20231788./20231788./.ci/openfhe-install/include/openfhe/core/math/discreteuniformgenerator.h
2026-08-31T18:38:23.1833186Z -- Installing: /home/runner/work/20231788./20231788./.ci/openfhe-install/include/openfhe/core/lattice
2026-08-31T18:38:23.1833903Z -- Installing: /home/runner/work/20231788./20231788./.ci/openfhe-install/include/openfhe/core/lattice/constants-lattice.h
2026-08-31T18:38:23.1834936Z -- Installing: /home/runner/work/20231788./20231788./.ci/openfhe-install/include/openfhe/core/lattice/trapdoorparameters.h
2026-08-31T18:38:23.1835700Z -- Installing: /home/runner/work/20231788./20231788./.ci/openfhe-install/include/openfhe/core/lattice/field2n.h
2026-08-31T18:38:23.1836665Z -- Installing: /home/runner/work/20231788./20231788./.ci/openfhe-install/include/openfhe/core/lattice/trapdoor.h
2026-08-31T18:38:23.1837395Z -- Installing: /home/runner/work/20231788./20231788./.ci/openfhe-install/include/openfhe/core/lattice/dgsampling.h
2026-08-31T18:38:23.1838339Z -- Installing: /home/runner/work/20231788./20231788./.ci/openfhe-install/include/openfhe/core/lattice/hal
2026-08-31T18:38:23.1839232Z -- Installing: /home/runner/work/20231788./20231788./.ci/openfhe-install/include/openfhe/core/lattice/hal/dcrtpoly-interface.h
2026-08-31T18:38:23.1840303Z -- Installing: /home/runner/work/20231788./20231788./.ci/openfhe-install/include/openfhe/core/lattice/hal/lat-backend.h
2026-08-31T18:38:23.1841055Z -- Installing: /home/runner/work/20231788./20231788./.ci/openfhe-install/include/openfhe/core/lattice/hal/README.md
2026-08-31T18:38:23.1842226Z -- Installing: /home/runner/work/20231788./20231788./.ci/openfhe-install/include/openfhe/core/lattice/hal/default
2026-08-31T18:38:23.1842995Z -- Installing: /home/runner/work/20231788./20231788./.ci/openfhe-install/include/openfhe/core/lattice/hal/default/dcrtpoly.h
2026-08-31T18:38:23.1844052Z -- Installing: /home/runner/work/20231788./20231788./.ci/openfhe-install/include/openfhe/core/lattice/hal/default/poly.h
2026-08-31T18:38:23.1844871Z -- Installing: /home/runner/work/20231788./20231788./.ci/openfhe-install/include/openfhe/core/lattice/hal/default/dcrtpoly-impl.h
2026-08-31T18:38:23.1845959Z -- Installing: /home/runner/work/20231788./20231788./.ci/openfhe-install/include/openfhe/core/lattice/hal/default/ilparams.h
2026-08-31T18:38:23.1846860Z -- Installing: /home/runner/work/20231788./20231788./.ci/openfhe-install/include/openfhe/core/lattice/hal/default/poly-impl.h
2026-08-31T18:38:23.1847891Z -- Installing: /home/runner/work/20231788./20231788./.ci/openfhe-install/include/openfhe/core/lattice/hal/default/ildcrtparams.h
2026-08-31T18:38:23.1848697Z -- Installing: /home/runner/work/20231788./20231788./.ci/openfhe-install/include/openfhe/core/lattice/hal/poly-interface.h
2026-08-31T18:38:23.1849470Z -- Installing: /home/runner/work/20231788./20231788./.ci/openfhe-install/include/openfhe/core/lattice/hal/elemparams.h
2026-08-31T18:38:23.1850245Z -- Installing: /home/runner/work/20231788./20231788./.ci/openfhe-install/include/openfhe/core/lattice/matrix-lattice-impl.h
2026-08-31T18:38:23.1850998Z -- Installing: /home/runner/work/20231788./20231788./.ci/openfhe-install/include/openfhe/core/lattice/lat-hal.h
2026-08-31T18:38:23.1851944Z -- Installing: /home/runner/work/20231788./20231788./.ci/openfhe-install/include/openfhe/core/lattice/trapdoor-impl.h
2026-08-31T18:38:23.1852957Z -- Installing: /home/runner/work/20231788./20231788./.ci/openfhe-install/include/openfhe/core/lattice/ilelement.h
2026-08-31T18:38:23.1853694Z -- Installing: /home/runner/work/20231788./20231788./.ci/openfhe-install/include/openfhe/core/lattice/stdlatticeparms.h
2026-08-31T18:38:23.1854423Z -- Installing: /home/runner/work/20231788./20231788./.ci/openfhe-install/include/openfhe/core/lattice/README.md
2026-08-31T18:38:23.1855289Z -- Installing: /home/runner/work/20231788./20231788./.ci/openfhe-install/include/openfhe/core/lattice/field2n-impl.h
2026-08-31T18:38:23.1856038Z -- Installing: /home/runner/work/20231788./20231788./.ci/openfhe-install/include/openfhe/core/lattice/dgsampling-impl.h
2026-08-31T18:38:23.1856735Z -- Installing: /home/runner/work/20231788./20231788./.ci/openfhe-install/lib/libOPENFHEpke.so.1.5.0
2026-08-31T18:38:23.1893321Z -- Installing: /home/runner/work/20231788./20231788./.ci/openfhe-install/lib/libOPENFHEpke.so.1
2026-08-31T18:38:23.1896986Z -- Set non-toolchain portion of runtime path of "/home/runner/work/20231788./20231788./.ci/openfhe-install/lib/libOPENFHEpke.so.1.5.0" to ""
2026-08-31T18:38:23.1897991Z -- Installing: /home/runner/work/20231788./20231788./.ci/openfhe-install/lib/libOPENFHEpke.so
2026-08-31T18:38:23.1899110Z -- Installing: /home/runner/work/20231788./20231788./.ci/openfhe-install/include/openfhe/pke
2026-08-31T18:38:23.1900400Z -- Installing: /home/runner/work/20231788./20231788./.ci/openfhe-install/include/openfhe/pke/cryptocontext.h
2026-08-31T18:38:23.1905414Z -- Installing: /home/runner/work/20231788./20231788./.ci/openfhe-install/include/openfhe/pke/schemebase
2026-08-31T18:38:23.1906841Z -- Installing: /home/runner/work/20231788./20231788./.ci/openfhe-install/include/openfhe/pke/schemebase/base-multiparty.h
2026-08-31T18:38:23.1908958Z -- Installing: /home/runner/work/20231788./20231788./.ci/openfhe-install/include/openfhe/pke/schemebase/base-leveledshe.h
2026-08-31T18:38:23.1910966Z -- Installing: /home/runner/work/20231788./20231788./.ci/openfhe-install/include/openfhe/pke/schemebase/base-advancedshe.h
2026-08-31T18:38:23.1913269Z -- Installing: /home/runner/work/20231788./20231788./.ci/openfhe-install/include/openfhe/pke/schemebase/base-pke.h
2026-08-31T18:38:23.1915199Z -- Installing: /home/runner/work/20231788./20231788./.ci/openfhe-install/include/openfhe/pke/schemebase/base-scheme.h
2026-08-31T18:38:23.1918424Z -- Installing: /home/runner/work/20231788./20231788./.ci/openfhe-install/include/openfhe/pke/schemebase/rlwe-cryptoparameters.h
2026-08-31T18:38:23.1920110Z -- Installing: /home/runner/work/20231788./20231788./.ci/openfhe-install/include/openfhe/pke/schemebase/base-fhe.h
2026-08-31T18:38:23.1922671Z -- Installing: /home/runner/work/20231788./20231788./.ci/openfhe-install/include/openfhe/pke/schemebase/base-cryptoparameters.h
2026-08-31T18:38:23.1924556Z -- Installing: /home/runner/work/20231788./20231788./.ci/openfhe-install/include/openfhe/pke/schemebase/base-parametergeneration.h
2026-08-31T18:38:23.1926268Z -- Installing: /home/runner/work/20231788./20231788./.ci/openfhe-install/include/openfhe/pke/schemebase/base-ser.h
2026-08-31T18:38:23.1928137Z -- Installing: /home/runner/work/20231788./20231788./.ci/openfhe-install/include/openfhe/pke/schemebase/decrypt-result.h
2026-08-31T18:38:23.1929875Z -- Installing: /home/runner/work/20231788./20231788./.ci/openfhe-install/include/openfhe/pke/schemebase/base-pre.h
2026-08-31T18:38:23.1931823Z -- Installing: /home/runner/work/20231788./20231788./.ci/openfhe-install/include/openfhe/pke/ciphertext.h
2026-08-31T18:38:23.1934447Z -- Installing: /home/runner/work/20231788./20231788./.ci/openfhe-install/include/openfhe/pke/constants-defs.h
2026-08-31T18:38:23.1936148Z -- Installing: /home/runner/work/20231788./20231788./.ci/openfhe-install/include/openfhe/pke/cryptocontextfactory.h
2026-08-31T18:38:23.1937840Z -- Installing: /home/runner/work/20231788./20231788./.ci/openfhe-install/include/openfhe/pke/keyswitch
2026-08-31T18:38:23.1939202Z -- Installing: /home/runner/work/20231788./20231788./.ci/openfhe-install/include/openfhe/pke/keyswitch/keyswitch-base.h
2026-08-31T18:38:23.1941034Z -- Installing: /home/runner/work/20231788./20231788./.ci/openfhe-install/include/openfhe/pke/keyswitch/keyswitch-hybrid.h
2026-08-31T18:38:23.1943263Z -- Installing: /home/runner/work/20231788./20231788./.ci/openfhe-install/include/openfhe/pke/keyswitch/keyswitch-bv.h
2026-08-31T18:38:23.1945119Z -- Installing: /home/runner/work/20231788./20231788./.ci/openfhe-install/include/openfhe/pke/keyswitch/README.md
2026-08-31T18:38:23.1946947Z -- Installing: /home/runner/work/20231788./20231788./.ci/openfhe-install/include/openfhe/pke/keyswitch/keyswitch-rns.h
2026-08-31T18:38:23.1948690Z -- Installing: /home/runner/work/20231788./20231788./.ci/openfhe-install/include/openfhe/pke/schemerns
2026-08-31T18:38:23.1950126Z -- Installing: /home/runner/work/20231788./20231788./.ci/openfhe-install/include/openfhe/pke/schemerns/rns-cryptoparameters.h
2026-08-31T18:38:23.1953120Z -- Installing: /home/runner/work/20231788./20231788./.ci/openfhe-install/include/openfhe/pke/schemerns/rns-scheme.h
2026-08-31T18:38:23.1954778Z -- Installing: /home/runner/work/20231788./20231788./.ci/openfhe-install/include/openfhe/pke/schemerns/rns-leveledshe.h
2026-08-31T18:38:23.1956699Z -- Installing: /home/runner/work/20231788./20231788./.ci/openfhe-install/include/openfhe/pke/schemerns/rns-ser.h
2026-08-31T18:38:23.1958486Z -- Installing: /home/runner/work/20231788./20231788./.ci/openfhe-install/include/openfhe/pke/schemerns/rns-pre.h
2026-08-31T18:38:23.1960359Z -- Installing: /home/runner/work/20231788./20231788./.ci/openfhe-install/include/openfhe/pke/schemerns/rns-parametergeneration.h
2026-08-31T18:38:23.1962343Z -- Installing: /home/runner/work/20231788./20231788./.ci/openfhe-install/include/openfhe/pke/schemerns/rns-pke.h
2026-08-31T18:38:23.1964302Z -- Installing: /home/runner/work/20231788./20231788./.ci/openfhe-install/include/openfhe/pke/schemerns/rns-fhe.h
2026-08-31T18:38:23.1965952Z -- Installing: /home/runner/work/20231788./20231788./.ci/openfhe-install/include/openfhe/pke/schemerns/rns-advancedshe.h
2026-08-31T18:38:23.1967829Z -- Installing: /home/runner/work/20231788./20231788./.ci/openfhe-install/include/openfhe/pke/schemerns/rns-multiparty.h
2026-08-31T18:38:23.1969586Z -- Installing: /home/runner/work/20231788./20231788./.ci/openfhe-install/include/openfhe/pke/cryptoobject.h
2026-08-31T18:38:23.1971331Z -- Installing: /home/runner/work/20231788./20231788./.ci/openfhe-install/include/openfhe/pke/encoding
2026-08-31T18:38:23.1972993Z -- Installing: /home/runner/work/20231788./20231788./.ci/openfhe-install/include/openfhe/pke/encoding/plaintext-fwd.h
2026-08-31T18:38:23.1974907Z -- Installing: /home/runner/work/20231788./20231788./.ci/openfhe-install/include/openfhe/pke/encoding/plaintextfactory.h
2026-08-31T18:38:23.1976808Z -- Installing: /home/runner/work/20231788./20231788./.ci/openfhe-install/include/openfhe/pke/encoding/stringencoding.h
2026-08-31T18:38:23.1978655Z -- Installing: /home/runner/work/20231788./20231788./.ci/openfhe-install/include/openfhe/pke/encoding/coefpackedencoding.h
2026-08-31T18:38:23.1980425Z -- Installing: /home/runner/work/20231788./20231788./.ci/openfhe-install/include/openfhe/pke/encoding/README.md
2026-08-31T18:38:23.1982368Z -- Installing: /home/runner/work/20231788./20231788./.ci/openfhe-install/include/openfhe/pke/encoding/encodings.h
2026-08-31T18:38:23.1984225Z -- Installing: /home/runner/work/20231788./20231788./.ci/openfhe-install/include/openfhe/pke/encoding/plaintext.h
2026-08-31T18:38:23.1986246Z -- Installing: /home/runner/work/20231788./20231788./.ci/openfhe-install/include/openfhe/pke/encoding/ckkspackedencoding.h
2026-08-31T18:38:23.1988106Z -- Installing: /home/runner/work/20231788./20231788./.ci/openfhe-install/include/openfhe/pke/encoding/packedencoding.h
2026-08-31T18:38:23.1990028Z -- Installing: /home/runner/work/20231788./20231788./.ci/openfhe-install/include/openfhe/pke/encoding/encodingparams.h
2026-08-31T18:38:23.1992042Z -- Installing: /home/runner/work/20231788./20231788./.ci/openfhe-install/include/openfhe/pke/globals.h
2026-08-31T18:38:23.1993918Z -- Installing: /home/runner/work/20231788./20231788./.ci/openfhe-install/include/openfhe/pke/ciphertext-fwd.h
2026-08-31T18:38:23.1995549Z -- Installing: /home/runner/work/20231788./20231788./.ci/openfhe-install/include/openfhe/pke/scheme
2026-08-31T18:38:23.1996965Z -- Installing: /home/runner/work/20231788./20231788./.ci/openfhe-install/include/openfhe/pke/scheme/scheme-utils.h
2026-08-31T18:38:23.1998805Z -- Installing: /home/runner/work/20231788./20231788./.ci/openfhe-install/include/openfhe/pke/scheme/scheme-swch-params.h
2026-08-31T18:38:23.2000824Z -- Installing: /home/runner/work/20231788./20231788./.ci/openfhe-install/include/openfhe/pke/scheme/gen-cryptocontext-params-defaults.h
2026-08-31T18:38:23.2002920Z -- Installing: /home/runner/work/20231788./20231788./.ci/openfhe-install/include/openfhe/pke/scheme/scheme-id.h
2026-08-31T18:38:23.2004686Z -- Installing: /home/runner/work/20231788./20231788./.ci/openfhe-install/include/openfhe/pke/scheme/README.md
2026-08-31T18:38:23.2006314Z -- Installing: /home/runner/work/20231788./20231788./.ci/openfhe-install/include/openfhe/pke/scheme/bgvrns
2026-08-31T18:38:23.2007831Z -- Installing: /home/runner/work/20231788./20231788./.ci/openfhe-install/include/openfhe/pke/scheme/bgvrns/bgvrns-parametergeneration.h
2026-08-31T18:38:23.2009666Z -- Installing: /home/runner/work/20231788./20231788./.ci/openfhe-install/include/openfhe/pke/scheme/bgvrns/bgvrns-leveledshe.h
2026-08-31T18:38:23.2011418Z -- Installing: /home/runner/work/20231788./20231788./.ci/openfhe-install/include/openfhe/pke/scheme/bgvrns/bgvrns-scheme.h
2026-08-31T18:38:23.2013587Z -- Installing: /home/runner/work/20231788./20231788./.ci/openfhe-install/include/openfhe/pke/scheme/bgvrns/bgvrns-advancedshe.h
2026-08-31T18:38:23.2015590Z -- Installing: /home/runner/work/20231788./20231788./.ci/openfhe-install/include/openfhe/pke/scheme/bgvrns/gen-cryptocontext-bgvrns.h
2026-08-31T18:38:23.2017157Z -- Installing: /home/runner/work/20231788./20231788./.ci/openfhe-install/include/openfhe/pke/scheme/bgvrns/bgvrns-ser.h
2026-08-31T18:38:23.2018646Z -- Installing: /home/runner/work/20231788./20231788./.ci/openfhe-install/include/openfhe/pke/scheme/bgvrns/bgvrns-pke.h
2026-08-31T18:38:23.2020309Z -- Installing: /home/runner/work/20231788./20231788./.ci/openfhe-install/include/openfhe/pke/scheme/bgvrns/bgvrns-fhe.h
2026-08-31T18:38:23.2022180Z -- Installing: /home/runner/work/20231788./20231788./.ci/openfhe-install/include/openfhe/pke/scheme/bgvrns/bgvrns-pre.h
2026-08-31T18:38:23.2023830Z -- Installing: /home/runner/work/20231788./20231788./.ci/openfhe-install/include/openfhe/pke/scheme/bgvrns/bgvrns-cryptoparameters.h
2026-08-31T18:38:23.2025201Z -- Installing: /home/runner/work/20231788./20231788./.ci/openfhe-install/include/openfhe/pke/scheme/bgvrns/bgvrns-multiparty.h
2026-08-31T18:38:23.2026543Z -- Installing: /home/runner/work/20231788./20231788./.ci/openfhe-install/include/openfhe/pke/scheme/bgvrns/gen-cryptocontext-bgvrns-internal.h
2026-08-31T18:38:23.2027945Z -- Installing: /home/runner/work/20231788./20231788./.ci/openfhe-install/include/openfhe/pke/scheme/bgvrns/gen-cryptocontext-bgvrns-params.h
2026-08-31T18:38:23.2029266Z -- Installing: /home/runner/work/20231788./20231788./.ci/openfhe-install/include/openfhe/pke/scheme/gen-cryptocontext-params.h
2026-08-31T18:38:23.2030755Z -- Installing: /home/runner/work/20231788./20231788./.ci/openfhe-install/include/openfhe/pke/scheme/gen-cryptocontext-params-validation.h
2026-08-31T18:38:23.2032068Z -- Installing: /home/runner/work/20231788./20231788./.ci/openfhe-install/include/openfhe/pke/scheme/ckksrns
2026-08-31T18:38:23.2033785Z -- Installing: /home/runner/work/20231788./20231788./.ci/openfhe-install/include/openfhe/pke/scheme/ckksrns/ckksrns-cryptoparameters.h
2026-08-31T18:38:23.2035168Z -- Installing: /home/runner/work/20231788./20231788./.ci/openfhe-install/include/openfhe/pke/scheme/ckksrns/ckksrns-utils.h
2026-08-31T18:38:23.2036668Z -- Installing: /home/runner/work/20231788./20231788./.ci/openfhe-install/include/openfhe/pke/scheme/ckksrns/ckksrns-multiparty.h
2026-08-31T18:38:23.2038039Z -- Installing: /home/runner/work/20231788./20231788./.ci/openfhe-install/include/openfhe/pke/scheme/ckksrns/gen-cryptocontext-ckksrns.h
2026-08-31T18:38:23.2039301Z -- Installing: /home/runner/work/20231788./20231788./.ci/openfhe-install/include/openfhe/pke/scheme/ckksrns/ckksrns-leveledshe.h
2026-08-31T18:38:23.2040761Z -- Installing: /home/runner/work/20231788./20231788./.ci/openfhe-install/include/openfhe/pke/scheme/ckksrns/gen-cryptocontext-ckksrns-internal.h
2026-08-31T18:38:23.2042137Z -- Installing: /home/runner/work/20231788./20231788./.ci/openfhe-install/include/openfhe/pke/scheme/ckksrns/ckksrns-parametergeneration.h
2026-08-31T18:38:23.2043616Z -- Installing: /home/runner/work/20231788./20231788./.ci/openfhe-install/include/openfhe/pke/scheme/ckksrns/ckksrns-pke.h
2026-08-31T18:38:23.2044908Z -- Installing: /home/runner/work/20231788./20231788./.ci/openfhe-install/include/openfhe/pke/scheme/ckksrns/ckksrns-fhe.h
2026-08-31T18:38:23.2046664Z -- Installing: /home/runner/work/20231788./20231788./.ci/openfhe-install/include/openfhe/pke/scheme/ckksrns/ckksrns-pre.h
2026-08-31T18:38:23.2048028Z -- Installing: /home/runner/work/20231788./20231788./.ci/openfhe-install/include/openfhe/pke/scheme/ckksrns/README.md
2026-08-31T18:38:23.2049365Z -- Installing: /home/runner/work/20231788./20231788./.ci/openfhe-install/include/openfhe/pke/scheme/ckksrns/ckksrns-scheme.h
2026-08-31T18:38:23.2050765Z -- Installing: /home/runner/work/20231788./20231788./.ci/openfhe-install/include/openfhe/pke/scheme/ckksrns/gen-cryptocontext-ckksrns-params.h
2026-08-31T18:38:23.2052124Z -- Installing: /home/runner/work/20231788./20231788./.ci/openfhe-install/include/openfhe/pke/scheme/ckksrns/ckksrns-advancedshe.h
2026-08-31T18:38:23.2054198Z -- Installing: /home/runner/work/20231788./20231788./.ci/openfhe-install/include/openfhe/pke/scheme/ckksrns/ckksrns-ser.h
2026-08-31T18:38:23.2055504Z -- Installing: /home/runner/work/20231788./20231788./.ci/openfhe-install/include/openfhe/pke/scheme/ckksrns/ckksrns-schemeswitching.h
2026-08-31T18:38:23.2056758Z -- Installing: /home/runner/work/20231788./20231788./.ci/openfhe-install/include/openfhe/pke/scheme/bfvrns
2026-08-31T18:38:23.2057781Z -- Installing: /home/runner/work/20231788./20231788./.ci/openfhe-install/include/openfhe/pke/scheme/bfvrns/bfvrns-pre.h
2026-08-31T18:38:23.2059075Z -- Installing: /home/runner/work/20231788./20231788./.ci/openfhe-install/include/openfhe/pke/scheme/bfvrns/bfvrns-ser.h
2026-08-31T18:38:23.2060387Z -- Installing: /home/runner/work/20231788./20231788./.ci/openfhe-install/include/openfhe/pke/scheme/bfvrns/bfvrns-cryptoparameters.h
2026-08-31T18:38:23.2061941Z -- Installing: /home/runner/work/20231788./20231788./.ci/openfhe-install/include/openfhe/pke/scheme/bfvrns/gen-cryptocontext-bfvrns-internal.h
2026-08-31T18:38:23.2063538Z -- Installing: /home/runner/work/20231788./20231788./.ci/openfhe-install/include/openfhe/pke/scheme/bfvrns/bfvrns-advancedshe.h
2026-08-31T18:38:23.2064846Z -- Installing: /home/runner/work/20231788./20231788./.ci/openfhe-install/include/openfhe/pke/scheme/bfvrns/bfvrns-multiparty.h
2026-08-31T18:38:23.2066126Z -- Installing: /home/runner/work/20231788./20231788./.ci/openfhe-install/include/openfhe/pke/scheme/bfvrns/bfvrns-scheme.h
2026-08-31T18:38:23.2067396Z -- Installing: /home/runner/work/20231788./20231788./.ci/openfhe-install/include/openfhe/pke/scheme/bfvrns/bfvrns-fhe.h
2026-08-31T18:38:23.2068769Z -- Installing: /home/runner/work/20231788./20231788./.ci/openfhe-install/include/openfhe/pke/scheme/bfvrns/gen-cryptocontext-bfvrns-params.h
2026-08-31T18:38:23.2070132Z -- Installing: /home/runner/work/20231788./20231788./.ci/openfhe-install/include/openfhe/pke/scheme/bfvrns/bfvrns-leveledshe.h
2026-08-31T18:38:23.2071566Z -- Installing: /home/runner/work/20231788./20231788./.ci/openfhe-install/include/openfhe/pke/scheme/bfvrns/bfvrns-pke.h
2026-08-31T18:38:23.2073502Z -- Installing: /home/runner/work/20231788./20231788./.ci/openfhe-install/include/openfhe/pke/scheme/bfvrns/gen-cryptocontext-bfvrns.h
2026-08-31T18:38:23.2092940Z -- Installing: /home/runner/work/20231788./20231788./.ci/openfhe-install/include/openfhe/pke/scheme/bfvrns/bfvrns-parametergeneration.h
2026-08-31T18:38:23.2093869Z -- Installing: /home/runner/work/20231788./20231788./.ci/openfhe-install/include/openfhe/pke/cryptocontext-fwd.h
2026-08-31T18:38:23.2094758Z -- Installing: /home/runner/work/20231788./20231788./.ci/openfhe-install/include/openfhe/pke/README.md
2026-08-31T18:38:23.2095696Z -- Installing: /home/runner/work/20231788./20231788./.ci/openfhe-install/include/openfhe/pke/cryptocontext-ser.h
2026-08-31T18:38:23.2096645Z -- Installing: /home/runner/work/20231788./20231788./.ci/openfhe-install/include/openfhe/pke/constants.h
2026-08-31T18:38:23.2097317Z -- Installing: /home/runner/work/20231788./20231788./.ci/openfhe-install/include/openfhe/pke/key
2026-08-31T18:38:23.2098015Z -- Installing: /home/runner/work/20231788./20231788./.ci/openfhe-install/include/openfhe/pke/key/privatekey.h
2026-08-31T18:38:23.2098930Z -- Installing: /home/runner/work/20231788./20231788./.ci/openfhe-install/include/openfhe/pke/key/privatekey-fwd.h
2026-08-31T18:38:23.2099665Z -- Installing: /home/runner/work/20231788./20231788./.ci/openfhe-install/include/openfhe/pke/key/keypair.h
2026-08-31T18:38:23.2100600Z -- Installing: /home/runner/work/20231788./20231788./.ci/openfhe-install/include/openfhe/pke/key/publickey-fwd.h
2026-08-31T18:38:23.2101596Z -- Installing: /home/runner/work/20231788./20231788./.ci/openfhe-install/include/openfhe/pke/key/publickey.h
2026-08-31T18:38:23.2102506Z -- Installing: /home/runner/work/20231788./20231788./.ci/openfhe-install/include/openfhe/pke/key/key-ser.h
2026-08-31T18:38:23.2103403Z -- Installing: /home/runner/work/20231788./20231788./.ci/openfhe-install/include/openfhe/pke/key/evalkey.h
2026-08-31T18:38:23.2104284Z -- Installing: /home/runner/work/20231788./20231788./.ci/openfhe-install/include/openfhe/pke/key/key.h
2026-08-31T18:38:23.2104975Z -- Installing: /home/runner/work/20231788./20231788./.ci/openfhe-install/include/openfhe/pke/key/README.md
2026-08-31T18:38:23.2105676Z -- Installing: /home/runner/work/20231788./20231788./.ci/openfhe-install/include/openfhe/pke/key/evalkey-fwd.h
2026-08-31T18:38:23.2106577Z -- Installing: /home/runner/work/20231788./20231788./.ci/openfhe-install/include/openfhe/pke/key/evalkeyrelin.h
2026-08-31T18:38:23.2107318Z -- Installing: /home/runner/work/20231788./20231788./.ci/openfhe-install/include/openfhe/pke/key/evalkeyrelin-fwd.h
2026-08-31T18:38:23.2108255Z -- Installing: /home/runner/work/20231788./20231788./.ci/openfhe-install/include/openfhe/pke/gen-cryptocontext.h
2026-08-31T18:38:23.2108977Z -- Installing: /home/runner/work/20231788./20231788./.ci/openfhe-install/include/openfhe/pke/ciphertext-ser.h
2026-08-31T18:38:23.2109872Z -- Installing: /home/runner/work/20231788./20231788./.ci/openfhe-install/include/openfhe/pke/metadata.h
2026-08-31T18:38:23.2110597Z -- Installing: /home/runner/work/20231788./20231788./.ci/openfhe-install/include/openfhe/pke/openfhe.h
2026-08-31T18:38:23.2111532Z -- Installing: /home/runner/work/20231788./20231788./.ci/openfhe-install/include/openfhe/pke/metadata-ser.h
2026-08-31T18:38:23.2112217Z -- Installing: /home/runner/work/20231788./20231788./.ci/openfhe-install/include/openfhe/pke/schemelet
2026-08-31T18:38:23.2112909Z -- Installing: /home/runner/work/20231788./20231788./.ci/openfhe-install/include/openfhe/pke/schemelet/rlwe-mp.h
2026-08-31T18:38:23.2113802Z -- Installing: /home/runner/work/20231788./20231788./.ci/openfhe-install/include/openfhe/pke/unittest/utils
2026-08-31T18:38:23.2115943Z -- Installing: /home/runner/work/20231788./20231788./.ci/openfhe-install/include/openfhe/pke/unittest/utils/UnitTestMetadataTestSer.h
2026-08-31T18:38:23.2118030Z -- Installing: /home/runner/work/20231788./20231788./.ci/openfhe-install/include/openfhe/pke/unittest/utils/UnitTestMetadataTest.h
2026-08-31T18:38:23.2120217Z -- Installing: /home/runner/work/20231788./20231788./.ci/openfhe-install/include/openfhe/pke/unittest/utils/schemeswitching-data-serializer.h
2026-08-31T18:38:23.2122310Z -- Installing: /home/runner/work/20231788./20231788./.ci/openfhe-install/include/openfhe/pke/unittest/utils/UnitTestException.h
2026-08-31T18:38:23.2124273Z -- Installing: /home/runner/work/20231788./20231788./.ci/openfhe-install/include/openfhe/pke/unittest/utils/UnitTestCryptoContext.h
2026-08-31T18:38:23.2126119Z -- Installing: /home/runner/work/20231788./20231788./.ci/openfhe-install/include/openfhe/pke/unittest/utils/BaseTestCase.h
2026-08-31T18:38:23.2128078Z -- Installing: /home/runner/work/20231788./20231788./.ci/openfhe-install/include/openfhe/pke/unittest/utils/UnitTestCCParams.h
2026-08-31T18:38:23.2130083Z -- Installing: /home/runner/work/20231788./20231788./.ci/openfhe-install/include/openfhe/pke/unittest/utils/UnitTestUtils.h
2026-08-31T18:38:23.2132420Z -- Installing: /home/runner/work/20231788./20231788./.ci/openfhe-install/include/openfhe/pke/unittest/utils/UnitTestSer.h
2026-08-31T18:38:23.2134397Z -- Installing: /home/runner/work/20231788./20231788./.ci/openfhe-install/include/openfhe/pke/unittest/utils/UnitTestReadCSVData.h
2026-08-31T18:38:23.2140619Z -- Installing: /home/runner/work/20231788./20231788./.ci/openfhe-install/lib/libOPENFHEbinfhe.so.1.5.0
2026-08-31T18:38:23.2147949Z -- Installing: /home/runner/work/20231788./20231788./.ci/openfhe-install/lib/libOPENFHEbinfhe.so.1
2026-08-31T18:38:23.2152264Z -- Set non-toolchain portion of runtime path of "/home/runner/work/20231788./20231788./.ci/openfhe-install/lib/libOPENFHEbinfhe.so.1.5.0" to ""
2026-08-31T18:38:23.2153748Z -- Installing: /home/runner/work/20231788./20231788./.ci/openfhe-install/lib/libOPENFHEbinfhe.so
2026-08-31T18:38:23.2154901Z -- Installing: /home/runner/work/20231788./20231788./.ci/openfhe-install/include/openfhe/binfhe
2026-08-31T18:38:23.2156262Z -- Installing: /home/runner/work/20231788./20231788./.ci/openfhe-install/include/openfhe/binfhe/rgsw-acc.h
2026-08-31T18:38:23.2162517Z -- Installing: /home/runner/work/20231788./20231788./.ci/openfhe-install/include/openfhe/binfhe/binfhecontext.h
2026-08-31T18:38:23.2163309Z -- Installing: /home/runner/work/20231788./20231788./.ci/openfhe-install/include/openfhe/binfhe/lwe-publickey.h
2026-08-31T18:38:23.2164507Z -- Installing: /home/runner/work/20231788./20231788./.ci/openfhe-install/include/openfhe/binfhe/lwe-ciphertext.h
2026-08-31T18:38:23.2165276Z -- Installing: /home/runner/work/20231788./20231788./.ci/openfhe-install/include/openfhe/binfhe/rlwe-ciphertext.h
2026-08-31T18:38:23.2166399Z -- Installing: /home/runner/work/20231788./20231788./.ci/openfhe-install/include/openfhe/binfhe/rgsw-acckey.h
2026-08-31T18:38:23.2167153Z -- Installing: /home/runner/work/20231788./20231788./.ci/openfhe-install/include/openfhe/binfhe/lwe-cryptoparameters.h
2026-08-31T18:38:23.2168375Z -- Installing: /home/runner/work/20231788./20231788./.ci/openfhe-install/include/openfhe/binfhe/lwe-privatekey-fwd.h
2026-08-31T18:38:23.2169667Z -- Installing: /home/runner/work/20231788./20231788./.ci/openfhe-install/include/openfhe/binfhe/lwe-keypair-fwd.h
2026-08-31T18:38:23.2171507Z -- Installing: /home/runner/work/20231788./20231788./.ci/openfhe-install/include/openfhe/binfhe/lwe-publickey-fwd.h
2026-08-31T18:38:23.2174314Z -- Installing: /home/runner/work/20231788./20231788./.ci/openfhe-install/include/openfhe/binfhe/binfhecontext-ser.h
2026-08-31T18:38:23.2175485Z -- Installing: /home/runner/work/20231788./20231788./.ci/openfhe-install/include/openfhe/binfhe/rgsw-acc-cggi.h
2026-08-31T18:38:23.2177372Z -- Installing: /home/runner/work/20231788./20231788./.ci/openfhe-install/include/openfhe/binfhe/lwe-ciphertext-fwd.h
2026-08-31T18:38:23.2179387Z -- Installing: /home/runner/work/20231788./20231788./.ci/openfhe-install/include/openfhe/binfhe/rgsw-acc-dm.h
2026-08-31T18:38:23.2181327Z -- Installing: /home/runner/work/20231788./20231788./.ci/openfhe-install/include/openfhe/binfhe/README.md
2026-08-31T18:38:23.2183607Z -- Installing: /home/runner/work/20231788./20231788./.ci/openfhe-install/include/openfhe/binfhe/lwe-keyswitchkey-fwd.h
2026-08-31T18:38:23.2185581Z -- Installing: /home/runner/work/20231788./20231788./.ci/openfhe-install/include/openfhe/binfhe/lwe-keyswitchkey.h
2026-08-31T18:38:23.2187459Z -- Installing: /home/runner/work/20231788./20231788./.ci/openfhe-install/include/openfhe/binfhe/lwe-privatekey.h
2026-08-31T18:38:23.2188966Z -- Installing: /home/runner/work/20231788./20231788./.ci/openfhe-install/include/openfhe/binfhe/lwe-pke.h
2026-08-31T18:38:23.2190478Z -- Installing: /home/runner/work/20231788./20231788./.ci/openfhe-install/include/openfhe/binfhe/binfhe-base-params.h
2026-08-31T18:38:23.2192153Z -- Installing: /home/runner/work/20231788./20231788./.ci/openfhe-install/include/openfhe/binfhe/rgsw-acc-lmkcdey.h
2026-08-31T18:38:23.2193731Z -- Installing: /home/runner/work/20231788./20231788./.ci/openfhe-install/include/openfhe/binfhe/binfhe-base-scheme.h
2026-08-31T18:38:23.2195758Z -- Installing: /home/runner/work/20231788./20231788./.ci/openfhe-install/include/openfhe/binfhe/rgsw-cryptoparameters.h
2026-08-31T18:38:23.2197349Z -- Installing: /home/runner/work/20231788./20231788./.ci/openfhe-install/include/openfhe/binfhe/rgsw-evalkey.h
2026-08-31T18:38:23.2200439Z -- Installing: /home/runner/work/20231788./20231788./.ci/openfhe-install/include/openfhe/binfhe/binfhe-constants.h
2026-08-31T18:38:23.2201288Z -- Installing: /home/runner/work/20231788./20231788./.ci/openfhe-install/include/openfhe/binfhe/lwe-keypair.h
2026-08-31T18:38:23.2204561Z -- Installing: /home/runner/work/20231788./20231788./.ci/openfhe-install/lib/OpenFHE/OpenFHEConfig.cmake
2026-08-31T18:38:23.2206455Z -- Installing: /home/runner/work/20231788./20231788./.ci/openfhe-install/lib/OpenFHE/OpenFHEConfigVersion.cmake
2026-08-31T18:38:23.2208989Z -- Installing: /home/runner/work/20231788./20231788./.ci/openfhe-install/lib/OpenFHE/OpenFHETargets.cmake
2026-08-31T18:38:23.2214356Z -- Installing: /home/runner/work/20231788./20231788./.ci/openfhe-install/lib/OpenFHE/OpenFHETargets-release.cmake
2026-08-31T18:38:23.2254263Z ##[group]Run cmake -S . -B build -DCMAKE_BUILD_TYPE=Debug -DCMAKE_PREFIX_PATH=${OPENFHE_PREFIX}
2026-08-31T18:38:23.2254906Z [36;1mcmake -S . -B build -DCMAKE_BUILD_TYPE=Debug -DCMAKE_PREFIX_PATH=${OPENFHE_PREFIX}[0m
2026-08-31T18:38:23.2291788Z shell: /usr/bin/bash -e {0}
2026-08-31T18:38:23.2292054Z env:
2026-08-31T18:38:23.2292307Z   OPENFHE_COMMIT: df495ba2e91739a6dc8f1de254fc5a41155ce504
2026-08-31T18:38:23.2292745Z   OPENFHE_PREFIX: /home/runner/work/20231788./20231788./.ci/openfhe-install
2026-08-31T18:38:23.2293118Z ##[endgroup]
2026-08-31T18:38:23.2889181Z -- The CXX compiler identification is GNU 13.3.0
2026-08-31T18:38:23.2972172Z -- Detecting CXX compiler ABI info
2026-08-31T18:38:23.3558341Z -- Detecting CXX compiler ABI info - done
2026-08-31T18:38:23.3733696Z -- Check for working CXX compiler: /usr/bin/c++ - skipped
2026-08-31T18:38:23.3737300Z -- Detecting CXX compile features
2026-08-31T18:38:23.3743887Z -- Detecting CXX compile features - done
2026-08-31T18:38:23.3836570Z -- Configuring done (0.1s)
2026-08-31T18:38:23.3900219Z -- Generating done (0.0s)
2026-08-31T18:38:23.3904454Z -- Build files have been written to: /home/runner/work/20231788./20231788./build
2026-08-31T18:38:23.3954099Z ##[group]Run cmake --build build --parallel 2
2026-08-31T18:38:23.3954488Z [36;1mcmake --build build --parallel 2[0m
2026-08-31T18:38:23.3990988Z shell: /usr/bin/bash -e {0}
2026-08-31T18:38:23.3991237Z env:
2026-08-31T18:38:23.3991764Z   OPENFHE_COMMIT: df495ba2e91739a6dc8f1de254fc5a41155ce504
2026-08-31T18:38:23.3992240Z   OPENFHE_PREFIX: /home/runner/work/20231788./20231788./.ci/openfhe-install
2026-08-31T18:38:23.3992634Z ##[endgroup]
2026-08-31T18:38:23.4190536Z [ 16%] Building CXX object CMakeFiles/openfhe_2023_1788.dir/src/double_ckks.cpp.o
2026-08-31T18:38:29.4312246Z [ 33%] Linking CXX static library libopenfhe_2023_1788.a
2026-08-31T18:38:30.0773739Z [ 33%] Built target openfhe_2023_1788
2026-08-31T18:38:30.0843931Z [ 50%] Building CXX object CMakeFiles/dcp_rcb_test.dir/tests/dcp_rcb_test.cpp.o
2026-08-31T18:38:30.0845088Z [ 66%] Building CXX object CMakeFiles/tensor2_api_contract_test.dir/tests/tensor2_api_contract_test.cpp.o
2026-08-31T18:38:31.4253955Z /home/runner/work/20231788./20231788./tests/tensor2_api_contract_test.cpp:12:26: error: ‘TensorCiphertextPair’ has not been declared in ‘openfhe_2023_1788’
2026-08-31T18:38:31.4261356Z    12 | using openfhe_2023_1788::TensorCiphertextPair;
2026-08-31T18:38:31.4262265Z       |                          ^~~~~~~~~~~~~~~~~~~~
2026-08-31T18:38:31.4264344Z /home/runner/work/20231788./20231788./tests/tensor2_api_contract_test.cpp:13:26: error: ‘TensorScaleDescriptor’ has not been declared in ‘openfhe_2023_1788’
2026-08-31T18:38:31.4265603Z    13 | using openfhe_2023_1788::TensorScaleDescriptor;
2026-08-31T18:38:31.4266199Z       |                          ^~~~~~~~~~~~~~~~~~~~~
2026-08-31T18:38:31.4267559Z /home/runner/work/20231788./20231788./tests/tensor2_api_contract_test.cpp:15:26: error: expected type-specifier before ‘TensorCiphertextPair’
2026-08-31T18:38:31.4269208Z    15 | using Tensor2Signature = TensorCiphertextPair (DoubleCKKS::*)(const CiphertextPair&, const CiphertextPair&) const;
2026-08-31T18:38:31.4270263Z       |                          ^~~~~~~~~~~~~~~~~~~~
2026-08-31T18:38:31.4272395Z /home/runner/work/20231788./20231788./tests/tensor2_api_contract_test.cpp:17:52: error: ‘Tensor2’ is not a member of ‘openfhe_2023_1788::DoubleCKKS’
2026-08-31T18:38:31.4273822Z    17 | static_assert(std::is_same_v<decltype(&DoubleCKKS::Tensor2), Tensor2Signature>,
2026-08-31T18:38:31.4274656Z       |                                                    ^~~~~~~
2026-08-31T18:38:31.4293489Z /home/runner/work/20231788./20231788./tests/tensor2_api_contract_test.cpp:17:62: error: ‘Tensor2Signature’ was not declared in this scope
2026-08-31T18:38:31.4294905Z    17 | static_assert(std::is_same_v<decltype(&DoubleCKKS::Tensor2), Tensor2Signature>,
2026-08-31T18:38:31.4295706Z       |                                                              ^~~~~~~~~~~~~~~~
2026-08-31T18:38:31.4296745Z /home/runner/work/20231788./20231788./tests/tensor2_api_contract_test.cpp:17:20: error: template argument 1 is invalid
2026-08-31T18:38:31.4297970Z    17 | static_assert(std::is_same_v<decltype(&DoubleCKKS::Tensor2), Tensor2Signature>,
2026-08-31T18:38:31.4298846Z       |                    ^~~~~~~~~~~~~~~~~~~~~~~~~~~~~~~~~~~~~~~~~~~~~~~~~~~~~~~~~~~
2026-08-31T18:38:31.4299895Z /home/runner/work/20231788./20231788./tests/tensor2_api_contract_test.cpp:17:20: error: template argument 2 is invalid
2026-08-31T18:38:31.4302092Z /home/runner/work/20231788./20231788./tests/tensor2_api_contract_test.cpp:19:58: error: ISO C++ forbids declaration of ‘type name’ with no type [-fpermissive]
2026-08-31T18:38:31.4303772Z    19 | static_assert(std::is_same_v<decltype(std::declval<const TensorCiphertextPair&>().GetHigh()), ReadOnlyCiphertext>);
2026-08-31T18:38:31.4304830Z       |                                                          ^~~~~~~~~~~~~~~~~~~~
2026-08-31T18:38:31.4305924Z /home/runner/work/20231788./20231788./tests/tensor2_api_contract_test.cpp:19:44: error: parse error in template argument list
2026-08-31T18:38:31.4307805Z    19 | static_assert(std::is_same_v<decltype(std::declval<const TensorCiphertextPair&>().GetHigh()), ReadOnlyCiphertext>);
2026-08-31T18:38:31.4308867Z       |                                            ^~~~~~~~~~~~~~~~~~~~~~~~~~~~~~~~~~~~
2026-08-31T18:38:31.4310311Z /home/runner/work/20231788./20231788./tests/tensor2_api_contract_test.cpp:19:80: error: no matching function for call to ‘declval<<expression error> >()’
2026-08-31T18:38:31.4312147Z    19 | static_assert(std::is_same_v<decltype(std::declval<const TensorCiphertextPair&>().GetHigh()), ReadOnlyCiphertext>);
2026-08-31T18:38:31.4313173Z       |                                       ~~~~~~~~~~~~~~~~~~~~~~~~~~~~~~~~~~~~~~~~~^~
2026-08-31T18:38:31.4313903Z In file included from /usr/include/c++/13/bits/move.h:37,
2026-08-31T18:38:31.4314561Z                  from /usr/include/c++/13/bits/new_allocator.h:36,
2026-08-31T18:38:31.4315255Z                  from /usr/include/x86_64-linux-gnu/c++/13/bits/c++allocator.h:33,
2026-08-31T18:38:31.4315992Z                  from /usr/include/c++/13/bits/allocator.h:46,
2026-08-31T18:38:31.4316554Z                  from /usr/include/c++/13/memory:65,
2026-08-31T18:38:31.4317400Z                  from /home/runner/work/20231788./20231788./.ci/openfhe-install/include/openfhe/pke/openfhe.h:36,
2026-08-31T18:38:31.4318484Z                  from /home/runner/work/20231788./20231788./include/openfhe_2023_1788/double_ckks.h:4,
2026-08-31T18:38:31.4319754Z                  from /home/runner/work/20231788./20231788./tests/tensor2_api_contract_test.cpp:1:
2026-08-31T18:38:31.4321318Z /usr/include/c++/13/type_traits:2386:10: note: candidate: ‘template<class _Tp> decltype (__declval<_Tp>(0)) std::declval()’
2026-08-31T18:38:31.4322695Z  2386 |     auto declval() noexcept -> decltype(__declval<_Tp>(0))
2026-08-31T18:38:31.4323290Z       |          ^~~~~~~
2026-08-31T18:38:31.4323913Z /usr/include/c++/13/type_traits:2386:10: note:   template argument deduction/substitution failed:
2026-08-31T18:38:31.4325199Z /home/runner/work/20231788./20231788./tests/tensor2_api_contract_test.cpp:19:80: error: template argument 1 is invalid
2026-08-31T18:38:31.4326671Z    19 | static_assert(std::is_same_v<decltype(std::declval<const TensorCiphertextPair&>().GetHigh()), ReadOnlyCiphertext>);
2026-08-31T18:38:31.4327699Z       |                                       ~~~~~~~~~~~~~~~~~~~~~~~~~~~~~~~~~~~~~~~~~^~
2026-08-31T18:38:31.4329201Z /home/runner/work/20231788./20231788./tests/tensor2_api_contract_test.cpp:19:80: error: no matching function for call to ‘declval<<expression error> >()’
2026-08-31T18:38:31.4331072Z /usr/include/c++/13/type_traits:2386:10: note: candidate: ‘template<class _Tp> decltype (__declval<_Tp>(0)) std::declval()’
2026-08-31T18:38:31.4332444Z  2386 |     auto declval() noexcept -> decltype(__declval<_Tp>(0))
2026-08-31T18:38:31.4333061Z       |          ^~~~~~~
2026-08-31T18:38:31.4333741Z /usr/include/c++/13/type_traits:2386:10: note:   template argument deduction/substitution failed:
2026-08-31T18:38:31.4334953Z /home/runner/work/20231788./20231788./tests/tensor2_api_contract_test.cpp:19:80: error: template argument 1 is invalid
2026-08-31T18:38:31.4336325Z    19 | static_assert(std::is_same_v<decltype(std::declval<const TensorCiphertextPair&>().GetHigh()), ReadOnlyCiphertext>);
2026-08-31T18:38:31.4337324Z       |                                       ~~~~~~~~~~~~~~~~~~~~~~~~~~~~~~~~~~~~~~~~~^~
2026-08-31T18:38:31.4338297Z /home/runner/work/20231788./20231788./tests/tensor2_api_contract_test.cpp:19:20: error: template argument 1 is invalid
2026-08-31T18:38:31.4339646Z    19 | static_assert(std::is_same_v<decltype(std::declval<const TensorCiphertextPair&>().GetHigh()), ReadOnlyCiphertext>);
2026-08-31T18:38:31.4340761Z       |                    ^~~~~~~~~~~~~~~~~~~~~~~~~~~~~~~~~~~~~~~~~~~~~~~~~~~~~~~~~~~~~~~~~~~~~~~~~~~~~~~~~~~~~~~~~~~~~~
2026-08-31T18:38:31.4342633Z /home/runner/work/20231788./20231788./tests/tensor2_api_contract_test.cpp:20:58: error: ISO C++ forbids declaration of ‘type name’ with no type [-fpermissive]
2026-08-31T18:38:31.4344521Z    20 | static_assert(std::is_same_v<decltype(std::declval<const TensorCiphertextPair&>().GetLow()), ReadOnlyCiphertext>);
2026-08-31T18:38:31.4345561Z       |                                                          ^~~~~~~~~~~~~~~~~~~~
2026-08-31T18:38:31.4346607Z /home/runner/work/20231788./20231788./tests/tensor2_api_contract_test.cpp:20:44: error: parse error in template argument list
2026-08-31T18:38:31.4348039Z    20 | static_assert(std::is_same_v<decltype(std::declval<const TensorCiphertextPair&>().GetLow()), ReadOnlyCiphertext>);
2026-08-31T18:38:31.4349048Z       |                                            ^~~~~~~~~~~~~~~~~~~~~~~~~~~~~~~~~~~~
2026-08-31T18:38:31.4350510Z /home/runner/work/20231788./20231788./tests/tensor2_api_contract_test.cpp:20:80: error: no matching function for call to ‘declval<<expression error> >()’
2026-08-31T18:38:31.4352378Z    20 | static_assert(std::is_same_v<decltype(std::declval<const TensorCiphertextPair&>().GetLow()), ReadOnlyCiphertext>);
2026-08-31T18:38:31.4353423Z       |                                       ~~~~~~~~~~~~~~~~~~~~~~~~~~~~~~~~~~~~~~~~~^~
2026-08-31T18:38:31.4354807Z /usr/include/c++/13/type_traits:2386:10: note: candidate: ‘template<class _Tp> decltype (__declval<_Tp>(0)) std::declval()’
2026-08-31T18:38:31.4355890Z  2386 |     auto declval() noexcept -> decltype(__declval<_Tp>(0))
2026-08-31T18:38:31.4356743Z       |          ^~~~~~~
2026-08-31T18:38:31.4357437Z /usr/include/c++/13/type_traits:2386:10: note:   template argument deduction/substitution failed:
2026-08-31T18:38:31.4358665Z /home/runner/work/20231788./20231788./tests/tensor2_api_contract_test.cpp:20:80: error: template argument 1 is invalid
2026-08-31T18:38:31.4360051Z    20 | static_assert(std::is_same_v<decltype(std::declval<const TensorCiphertextPair&>().GetLow()), ReadOnlyCiphertext>);
2026-08-31T18:38:31.4361047Z       |                                       ~~~~~~~~~~~~~~~~~~~~~~~~~~~~~~~~~~~~~~~~~^~
2026-08-31T18:38:31.4362725Z /home/runner/work/20231788./20231788./tests/tensor2_api_contract_test.cpp:20:80: error: no matching function for call to ‘declval<<expression error> >()’
2026-08-31T18:38:31.4364527Z /usr/include/c++/13/type_traits:2386:10: note: candidate: ‘template<class _Tp> decltype (__declval<_Tp>(0)) std::declval()’
2026-08-31T18:38:31.4365577Z  2386 |     auto declval() noexcept -> decltype(__declval<_Tp>(0))
2026-08-31T18:38:31.4366146Z       |          ^~~~~~~
2026-08-31T18:38:31.4366774Z /usr/include/c++/13/type_traits:2386:10: note:   template argument deduction/substitution failed:
2026-08-31T18:38:31.4367909Z /home/runner/work/20231788./20231788./tests/tensor2_api_contract_test.cpp:20:80: error: template argument 1 is invalid
2026-08-31T18:38:31.4369278Z    20 | static_assert(std::is_same_v<decltype(std::declval<const TensorCiphertextPair&>().GetLow()), ReadOnlyCiphertext>);
2026-08-31T18:38:31.4370281Z       |                                       ~~~~~~~~~~~~~~~~~~~~~~~~~~~~~~~~~~~~~~~~~^~
2026-08-31T18:38:31.4371295Z /home/runner/work/20231788./20231788./tests/tensor2_api_contract_test.cpp:20:20: error: template argument 1 is invalid
2026-08-31T18:38:31.4372914Z    20 | static_assert(std::is_same_v<decltype(std::declval<const TensorCiphertextPair&>().GetLow()), ReadOnlyCiphertext>);
2026-08-31T18:38:31.4374042Z       |                    ^~~~~~~~~~~~~~~~~~~~~~~~~~~~~~~~~~~~~~~~~~~~~~~~~~~~~~~~~~~~~~~~~~~~~~~~~~~~~~~~~~~~~~~~~~~~~
2026-08-31T18:38:31.4375673Z /home/runner/work/20231788./20231788./tests/tensor2_api_contract_test.cpp:21:58: error: ISO C++ forbids declaration of ‘type name’ with no type [-fpermissive]
2026-08-31T18:38:31.4377196Z    21 | static_assert(std::is_same_v<decltype(std::declval<const TensorCiphertextPair&>().GetTensorScale()),
2026-08-31T18:38:31.4378080Z       |                                                          ^~~~~~~~~~~~~~~~~~~~
2026-08-31T18:38:31.4379112Z /home/runner/work/20231788./20231788./tests/tensor2_api_contract_test.cpp:21:44: error: parse error in template argument list
2026-08-31T18:38:31.4380796Z    21 | static_assert(std::is_same_v<decltype(std::declval<const TensorCiphertextPair&>().GetTensorScale()),
2026-08-31T18:38:31.4381958Z       |                                            ^~~~~~~~~~~~~~~~~~~~~~~~~~~~~~~~~~~~
2026-08-31T18:38:31.4383389Z /home/runner/work/20231788./20231788./tests/tensor2_api_contract_test.cpp:21:80: error: no matching function for call to ‘declval<<expression error> >()’
2026-08-31T18:38:31.4384886Z    21 | static_assert(std::is_same_v<decltype(std::declval<const TensorCiphertextPair&>().GetTensorScale()),
2026-08-31T18:38:31.4385792Z       |                                       ~~~~~~~~~~~~~~~~~~~~~~~~~~~~~~~~~~~~~~~~~^~
2026-08-31T18:38:31.4387151Z /usr/include/c++/13/type_traits:2386:10: note: candidate: ‘template<class _Tp> decltype (__declval<_Tp>(0)) std::declval()’
2026-08-31T18:38:31.4388234Z  2386 |     auto declval() noexcept -> decltype(__declval<_Tp>(0))
2026-08-31T18:38:31.4388867Z       |          ^~~~~~~
2026-08-31T18:38:31.4389576Z /usr/include/c++/13/type_traits:2386:10: note:   template argument deduction/substitution failed:
2026-08-31T18:38:31.4390806Z /home/runner/work/20231788./20231788./tests/tensor2_api_contract_test.cpp:21:80: error: template argument 1 is invalid
2026-08-31T18:38:31.4392344Z    21 | static_assert(std::is_same_v<decltype(std::declval<const TensorCiphertextPair&>().GetTensorScale()),
2026-08-31T18:38:31.4393604Z       |                                       ~~~~~~~~~~~~~~~~~~~~~~~~~~~~~~~~~~~~~~~~~^~
2026-08-31T18:38:31.4395086Z /home/runner/work/20231788./20231788./tests/tensor2_api_contract_test.cpp:21:80: error: no matching function for call to ‘declval<<expression error> >()’
2026-08-31T18:38:31.4396998Z /usr/include/c++/13/type_traits:2386:10: note: candidate: ‘template<class _Tp> decltype (__declval<_Tp>(0)) std::declval()’
2026-08-31T18:38:31.4398129Z  2386 |     auto declval() noexcept -> decltype(__declval<_Tp>(0))
2026-08-31T18:38:31.4398704Z       |          ^~~~~~~
2026-08-31T18:38:31.4399394Z /usr/include/c++/13/type_traits:2386:10: note:   template argument deduction/substitution failed:
2026-08-31T18:38:31.4400625Z /home/runner/work/20231788./20231788./tests/tensor2_api_contract_test.cpp:21:80: error: template argument 1 is invalid
2026-08-31T18:38:31.4402189Z    21 | static_assert(std::is_same_v<decltype(std::declval<const TensorCiphertextPair&>().GetTensorScale()),
2026-08-31T18:38:31.4403175Z       |                                       ~~~~~~~~~~~~~~~~~~~~~~~~~~~~~~~~~~~~~~~~~^~
2026-08-31T18:38:31.4404784Z /home/runner/work/20231788./20231788./tests/tensor2_api_contract_test.cpp:22:36: error: ISO C++ forbids declaration of ‘type name’ with no type [-fpermissive]
2026-08-31T18:38:31.4406156Z    22 |                              const TensorScaleDescriptor&>);
2026-08-31T18:38:31.4406757Z       |                                    ^~~~~~~~~~~~~~~~~~~~~
2026-08-31T18:38:31.4407768Z /home/runner/work/20231788./20231788./tests/tensor2_api_contract_test.cpp:21:20: error: parse error in template argument list
2026-08-31T18:38:31.4409174Z    21 | static_assert(std::is_same_v<decltype(std::declval<const TensorCiphertextPair&>().GetTensorScale()),
2026-08-31T18:38:31.4410204Z       |                    ^~~~~~~~~~~~~~~~~~~~~~~~~~~~~~~~~~~~~~~~~~~~~~~~~~~~~~~~~~~~~~~~~~~~~~~~~~~~~~~~~
2026-08-31T18:38:31.4410925Z    22 |                              const TensorScaleDescriptor&>);
2026-08-31T18:38:31.4411803Z       |                              ~~~~~~~~~~~~~~~~~~~~~~~~~~~~~
2026-08-31T18:38:31.4412755Z /home/runner/work/20231788./20231788./tests/tensor2_api_contract_test.cpp:21:20: error: template argument 1 is invalid
2026-08-31T18:38:31.4414148Z /home/runner/work/20231788./20231788./tests/tensor2_api_contract_test.cpp:21:20: error: template argument 2 is invalid
2026-08-31T18:38:31.4415990Z /home/runner/work/20231788./20231788./tests/tensor2_api_contract_test.cpp:23:58: error: ISO C++ forbids declaration of ‘type name’ with no type [-fpermissive]
2026-08-31T18:38:31.4417884Z    23 | static_assert(std::is_same_v<decltype(std::declval<const TensorCiphertextPair&>().GetComponentCount()), std::size_t>);
2026-08-31T18:38:31.4418971Z       |                                                          ^~~~~~~~~~~~~~~~~~~~
2026-08-31T18:38:31.4420010Z /home/runner/work/20231788./20231788./tests/tensor2_api_contract_test.cpp:23:44: error: parse error in template argument list
2026-08-31T18:38:31.4421713Z    23 | static_assert(std::is_same_v<decltype(std::declval<const TensorCiphertextPair&>().GetComponentCount()), std::size_t>);
2026-08-31T18:38:31.4422769Z       |                                            ^~~~~~~~~~~~~~~~~~~~~~~~~~~~~~~~~~~~
2026-08-31T18:38:31.4424235Z /home/runner/work/20231788./20231788./tests/tensor2_api_contract_test.cpp:23:80: error: no matching function for call to ‘declval<<expression error> >()’
2026-08-31T18:38:31.4425878Z    23 | static_assert(std::is_same_v<decltype(std::declval<const TensorCiphertextPair&>().GetComponentCount()), std::size_t>);
2026-08-31T18:38:31.4426930Z       |                                       ~~~~~~~~~~~~~~~~~~~~~~~~~~~~~~~~~~~~~~~~~^~
2026-08-31T18:38:31.4428282Z /usr/include/c++/13/type_traits:2386:10: note: candidate: ‘template<class _Tp> decltype (__declval<_Tp>(0)) std::declval()’
2026-08-31T18:38:31.4429398Z  2386 |     auto declval() noexcept -> decltype(__declval<_Tp>(0))
2026-08-31T18:38:31.4430252Z       |          ^~~~~~~
2026-08-31T18:38:31.4430938Z /usr/include/c++/13/type_traits:2386:10: note:   template argument deduction/substitution failed:
2026-08-31T18:38:31.4432418Z /home/runner/work/20231788./20231788./tests/tensor2_api_contract_test.cpp:23:80: error: template argument 1 is invalid
2026-08-31T18:38:31.4433857Z    23 | static_assert(std::is_same_v<decltype(std::declval<const TensorCiphertextPair&>().GetComponentCount()), std::size_t>);
2026-08-31T18:38:31.4434899Z       |                                       ~~~~~~~~~~~~~~~~~~~~~~~~~~~~~~~~~~~~~~~~~^~
2026-08-31T18:38:31.4436404Z /home/runner/work/20231788./20231788./tests/tensor2_api_contract_test.cpp:23:80: error: no matching function for call to ‘declval<<expression error> >()’
2026-08-31T18:38:31.4438293Z /usr/include/c++/13/type_traits:2386:10: note: candidate: ‘template<class _Tp> decltype (__declval<_Tp>(0)) std::declval()’
2026-08-31T18:38:31.4439395Z  2386 |     auto declval() noexcept -> decltype(__declval<_Tp>(0))
2026-08-31T18:38:31.4440018Z       |          ^~~~~~~
2026-08-31T18:38:31.4440730Z /usr/include/c++/13/type_traits:2386:10: note:   template argument deduction/substitution failed:
2026-08-31T18:38:31.4442272Z /home/runner/work/20231788./20231788./tests/tensor2_api_contract_test.cpp:23:80: error: template argument 1 is invalid
2026-08-31T18:38:31.4443755Z    23 | static_assert(std::is_same_v<decltype(std::declval<const TensorCiphertextPair&>().GetComponentCount()), std::size_t>);
2026-08-31T18:38:31.4444871Z       |                                       ~~~~~~~~~~~~~~~~~~~~~~~~~~~~~~~~~~~~~~~~~^~
2026-08-31T18:38:31.4445921Z /home/runner/work/20231788./20231788./tests/tensor2_api_contract_test.cpp:23:20: error: template argument 1 is invalid
2026-08-31T18:38:31.4447331Z    23 | static_assert(std::is_same_v<decltype(std::declval<const TensorCiphertextPair&>().GetComponentCount()), std::size_t>);
2026-08-31T18:38:31.4448516Z       |                    ^~~~~~~~~~~~~~~~~~~~~~~~~~~~~~~~~~~~~~~~~~~~~~~~~~~~~~~~~~~~~~~~~~~~~~~~~~~~~~~~~~~~~~~~~~~~~~~~~
2026-08-31T18:38:32.3237660Z gmake[2]: *** [CMakeFiles/tensor2_api_contract_test.dir/build.make:79: CMakeFiles/tensor2_api_contract_test.dir/tests/tensor2_api_contract_test.cpp.o] Error 1
2026-08-31T18:38:32.3239303Z gmake[1]: *** [CMakeFiles/Makefile2:157: CMakeFiles/tensor2_api_contract_test.dir/all] Error 2
2026-08-31T18:38:32.3239823Z gmake[1]: *** Waiting for unfinished jobs....
2026-08-31T18:38:44.7083405Z [ 83%] Linking CXX executable dcp_rcb_test
2026-08-31T18:38:44.8294774Z [ 83%] Built target dcp_rcb_test
2026-08-31T18:38:44.8300232Z gmake: *** [Makefile:101: all] Error 2
2026-08-31T18:38:44.8324809Z ##[error]Process completed with exit code 2.
2026-08-31T18:38:44.8454949Z Node 20 is being deprecated. This workflow is running with Node 24 by default. If you need to temporarily use Node 20, you can set the ACTIONS_ALLOW_USE_UNSECURE_NODE_VERSION=true environment variable. For more information see: https://github.blog/changelog/2025-09-19-deprecation-of-node-20-on-github-actions-runners/
2026-08-31T18:38:44.8456220Z Post job cleanup.
2026-08-31T18:38:44.9294344Z [command]/usr/bin/git version
2026-08-31T18:38:44.9338024Z git version 2.55.0
2026-08-31T18:38:44.9377494Z Temporarily overriding HOME='/home/runner/work/_temp/e4819da8-329d-4efd-9646-af2c2db8516c' before making global git config changes
2026-08-31T18:38:44.9378887Z Adding repository directory to the temporary git global config as a safe directory
2026-08-31T18:38:44.9383146Z [command]/usr/bin/git config --global --add safe.directory /home/runner/work/20231788./20231788./.ci/openfhe-src
2026-08-31T18:38:44.9420983Z [command]/usr/bin/git config --local --name-only --get-regexp core\.sshCommand
2026-08-31T18:38:44.9456678Z [command]/usr/bin/git submodule foreach --recursive sh -c "git config --local --name-only --get-regexp 'core\.sshCommand' && git config --local --unset-all 'core.sshCommand' || :"
2026-08-31T18:38:44.9686192Z Entering 'third-party/cereal'
2026-08-31T18:38:44.9736460Z Entering 'third-party/google-benchmark'
2026-08-31T18:38:44.9812065Z Entering 'third-party/google-test'
2026-08-31T18:38:44.9848659Z Entering 'third-party/gperftools'
2026-08-31T18:38:44.9899445Z [command]/usr/bin/git config --local --name-only --get-regexp http\.https\:\/\/github\.com\/\.extraheader
2026-08-31T18:38:44.9933996Z http.https://github.com/.extraheader
2026-08-31T18:38:44.9954096Z [command]/usr/bin/git config --local --unset-all http.https://github.com/.extraheader
2026-08-31T18:38:45.0007237Z [command]/usr/bin/git submodule foreach --recursive sh -c "git config --local --name-only --get-regexp 'http\.https\:\/\/github\.com\/\.extraheader' && git config --local --unset-all 'http.https://github.com/.extraheader' || :"
2026-08-31T18:38:45.0226473Z Entering 'third-party/cereal'
2026-08-31T18:38:45.0260840Z http.https://github.com/.extraheader
2026-08-31T18:38:45.0305611Z Entering 'third-party/google-benchmark'
2026-08-31T18:38:45.0334956Z http.https://github.com/.extraheader
2026-08-31T18:38:45.0368591Z Entering 'third-party/google-test'
2026-08-31T18:38:45.0393549Z http.https://github.com/.extraheader
2026-08-31T18:38:45.0427799Z Entering 'third-party/gperftools'
2026-08-31T18:38:45.0452794Z http.https://github.com/.extraheader
2026-08-31T18:38:45.0504015Z [command]/usr/bin/git config --local --name-only --get-regexp ^includeIf\.gitdir:
2026-08-31T18:38:45.0542597Z [command]/usr/bin/git submodule foreach --recursive git config --local --show-origin --name-only --get-regexp remote.origin.url
2026-08-31T18:38:45.0756873Z Entering 'third-party/cereal'
2026-08-31T18:38:45.0776951Z file:/home/runner/work/20231788./20231788./.ci/openfhe-src/.git/modules/third-party/cereal/config	remote.origin.url
2026-08-31T18:38:45.0795256Z Entering 'third-party/google-benchmark'
2026-08-31T18:38:45.0814465Z file:/home/runner/work/20231788./20231788./.ci/openfhe-src/.git/modules/third-party/google-benchmark/config	remote.origin.url
2026-08-31T18:38:45.0833726Z Entering 'third-party/google-test'
2026-08-31T18:38:45.0852714Z file:/home/runner/work/20231788./20231788./.ci/openfhe-src/.git/modules/third-party/google-test/config	remote.origin.url
2026-08-31T18:38:45.0871298Z Entering 'third-party/gperftools'
2026-08-31T18:38:45.0890469Z file:/home/runner/work/20231788./20231788./.ci/openfhe-src/.git/modules/third-party/gperftools/config	remote.origin.url
2026-08-31T18:38:45.0925144Z [command]/usr/bin/git config --file /home/runner/work/20231788./20231788./.ci/openfhe-src/.git/modules/third-party/cereal/config --name-only --get-regexp ^includeIf\.gitdir:
2026-08-31T18:38:45.0960747Z [command]/usr/bin/git config --file /home/runner/work/20231788./20231788./.ci/openfhe-src/.git/modules/third-party/google-benchmark/config --name-only --get-regexp ^includeIf\.gitdir:
2026-08-31T18:38:45.0995691Z [command]/usr/bin/git config --file /home/runner/work/20231788./20231788./.ci/openfhe-src/.git/modules/third-party/google-test/config --name-only --get-regexp ^includeIf\.gitdir:
2026-08-31T18:38:45.1027988Z [command]/usr/bin/git config --file /home/runner/work/20231788./20231788./.ci/openfhe-src/.git/modules/third-party/gperftools/config --name-only --get-regexp ^includeIf\.gitdir:
2026-08-31T18:38:45.1207119Z Node 20 is being deprecated. This workflow is running with Node 24 by default. If you need to temporarily use Node 20, you can set the ACTIONS_ALLOW_USE_UNSECURE_NODE_VERSION=true environment variable. For more information see: https://github.blog/changelog/2025-09-19-deprecation-of-node-20-on-github-actions-runners/
2026-08-31T18:38:45.1208416Z Post job cleanup.
2026-08-31T18:38:45.2110558Z [command]/usr/bin/git version
2026-08-31T18:38:45.2167619Z git version 2.55.0
2026-08-31T18:38:45.2217162Z Temporarily overriding HOME='/home/runner/work/_temp/1a85d839-4783-478a-8db8-93bb903d0cad' before making global git config changes
2026-08-31T18:38:45.2223531Z Adding repository directory to the temporary git global config as a safe directory
2026-08-31T18:38:45.2224886Z [command]/usr/bin/git config --global --add safe.directory /home/runner/work/20231788./20231788.
2026-08-31T18:38:45.2273238Z [command]/usr/bin/git config --local --name-only --get-regexp core\.sshCommand
2026-08-31T18:38:45.2329498Z [command]/usr/bin/git submodule foreach --recursive sh -c "git config --local --name-only --get-regexp 'core\.sshCommand' && git config --local --unset-all 'core.sshCommand' || :"
2026-08-31T18:38:45.2673864Z [command]/usr/bin/git config --local --name-only --get-regexp http\.https\:\/\/github\.com\/\.extraheader
2026-08-31T18:38:45.2699560Z http.https://github.com/.extraheader
2026-08-31T18:38:45.2723284Z [command]/usr/bin/git config --local --unset-all http.https://github.com/.extraheader
2026-08-31T18:38:45.2758135Z [command]/usr/bin/git submodule foreach --recursive sh -c "git config --local --name-only --get-regexp 'http\.https\:\/\/github\.com\/\.extraheader' && git config --local --unset-all 'http.https://github.com/.extraheader' || :"
2026-08-31T18:38:45.3016440Z [command]/usr/bin/git config --local --name-only --get-regexp ^includeIf\.gitdir:
2026-08-31T18:38:45.3055196Z [command]/usr/bin/git submodule foreach --recursive git config --local --show-origin --name-only --get-regexp remote.origin.url
2026-08-31T18:38:45.3438531Z Cleaning up orphan processes
2026-08-31T18:38:45.3816845Z ##[warning]Node.js 20 is deprecated. The following actions target Node.js 20 but are being forced to run on Node.js 24: actions/cache@v4, actions/checkout@v4. For more information see: https://github.blog/changelog/2025-09-19-deprecation-of-node-20-on-github-actions-runners/
