2026-09-05T11:46:11.4421988Z Current runner version: '2.337.0'
2026-09-05T11:46:11.4446869Z ##[group]Runner Image Provisioner
2026-09-05T11:46:11.4447884Z Hosted Compute Agent
2026-09-05T11:46:11.4448483Z Version: 20260828.587
2026-09-05T11:46:11.4449135Z Commit: abac92662cab4cc7352de4f9f9d2e2419aad9c29
2026-09-05T11:46:11.4449939Z Build Date: 2026-08-28T16:44:25Z
2026-09-05T11:46:11.4450640Z Worker ID: {0f9f6327-0139-4b6c-8d95-2a01a3b6531a}
2026-09-05T11:46:11.4451405Z Azure Region: eastus
2026-09-05T11:46:11.4451980Z ##[endgroup]
2026-09-05T11:46:11.4453427Z ##[group]Operating System
2026-09-05T11:46:11.4454146Z Ubuntu
2026-09-05T11:46:11.4455146Z 24.04.4
2026-09-05T11:46:11.4455816Z LTS
2026-09-05T11:46:11.4456353Z ##[endgroup]
2026-09-05T11:46:11.4456918Z ##[group]Runner Image
2026-09-05T11:46:11.4457581Z Image: ubuntu-24.04
2026-09-05T11:46:11.4458211Z Version: 20260831.293.1
2026-09-05T11:46:11.4459581Z Included Software: https://github.com/actions/runner-images/blob/ubuntu24/20260831.293/images/ubuntu/Ubuntu2404-Readme.md
2026-09-05T11:46:11.4461136Z Image Release: https://github.com/actions/runner-images/releases/tag/ubuntu24%2F20260831.293
2026-09-05T11:46:11.4462159Z ##[endgroup]
2026-09-05T11:46:11.4463315Z ##[group]GITHUB_TOKEN Permissions
2026-09-05T11:46:11.4465817Z Contents: read
2026-09-05T11:46:11.4466424Z Metadata: read
2026-09-05T11:46:11.4466966Z ##[endgroup]
2026-09-05T11:46:11.4469220Z Secret source: Actions
2026-09-05T11:46:11.4470545Z Prepare workflow directory
2026-09-05T11:46:11.5015086Z Prepare all required actions
2026-09-05T11:46:11.5073626Z Getting action download info
2026-09-05T11:46:11.7004601Z Download action repository 'actions/checkout@v4' (SHA:11d5960a326750d5838078e36cf38b85af677262)
2026-09-05T11:46:11.8109879Z Download action repository 'actions/cache@v4' (SHA:0057852bfaa89a56745cba8c7296529d2fc39830)
2026-09-05T11:46:12.0082290Z Complete job name: linux-gcc
2026-09-05T11:46:12.0855124Z Node 20 is being deprecated. This workflow is running with Node 24 by default. If you need to temporarily use Node 20, you can set the ACTIONS_ALLOW_USE_UNSECURE_NODE_VERSION=true environment variable. For more information see: https://github.blog/changelog/2025-09-19-deprecation-of-node-20-on-github-actions-runners/
2026-09-05T11:46:12.0863971Z ##[group]Run actions/checkout@v4
2026-09-05T11:46:12.0864990Z with:
2026-09-05T11:46:12.0865454Z   repository: leemaple/20231788.
2026-09-05T11:46:12.0869331Z   token: ***
2026-09-05T11:46:12.0869781Z   ssh-strict: true
2026-09-05T11:46:12.0870226Z   ssh-user: git
2026-09-05T11:46:12.0870680Z   persist-credentials: true
2026-09-05T11:46:12.0871167Z   clean: true
2026-09-05T11:46:12.0871611Z   sparse-checkout-cone-mode: true
2026-09-05T11:46:12.0872127Z   fetch-depth: 1
2026-09-05T11:46:12.0872566Z   fetch-tags: false
2026-09-05T11:46:12.0873002Z   show-progress: true
2026-09-05T11:46:12.0873448Z   lfs: false
2026-09-05T11:46:12.0873902Z   submodules: false
2026-09-05T11:46:12.0874600Z   set-safe-directory: true
2026-09-05T11:46:12.0875136Z   allow-unsafe-pr-checkout: false
2026-09-05T11:46:12.0875924Z env:
2026-09-05T11:46:12.0876442Z   OPENFHE_COMMIT: df495ba2e91739a6dc8f1de254fc5a41155ce504
2026-09-05T11:46:12.0877272Z   OPENFHE_PREFIX: /home/runner/work/20231788./20231788./.ci/openfhe-install
2026-09-05T11:46:12.0877998Z ##[endgroup]
2026-09-05T11:46:12.1914716Z Syncing repository: leemaple/20231788.
2026-09-05T11:46:12.1917386Z ##[group]Getting Git version info
2026-09-05T11:46:12.1918502Z Working directory is '/home/runner/work/20231788./20231788.'
2026-09-05T11:46:12.1920100Z [command]/usr/bin/git version
2026-09-05T11:46:12.1989211Z git version 2.55.0
2026-09-05T11:46:12.2012577Z ##[endgroup]
2026-09-05T11:46:12.2028311Z Temporarily overriding HOME='/home/runner/work/_temp/6784b13d-5ee0-4f57-be1c-444a5ebd02c8' before making global git config changes
2026-09-05T11:46:12.2030762Z Adding repository directory to the temporary git global config as a safe directory
2026-09-05T11:46:12.2035230Z [command]/usr/bin/git config --global --add safe.directory /home/runner/work/20231788./20231788.
2026-09-05T11:46:12.2092555Z Deleting the contents of '/home/runner/work/20231788./20231788.'
2026-09-05T11:46:12.2097686Z ##[group]Initializing the repository
2026-09-05T11:46:12.2101975Z [command]/usr/bin/git init /home/runner/work/20231788./20231788.
2026-09-05T11:46:12.2208958Z hint: Using 'master' as the name for the initial branch. This default branch name
2026-09-05T11:46:12.2210755Z hint: will change to "main" in Git 3.0. To configure the initial branch name
2026-09-05T11:46:12.2212607Z hint: to use in all of your new repositories, which will suppress this warning,
2026-09-05T11:46:12.2214041Z hint: call:
2026-09-05T11:46:12.2215058Z hint:
2026-09-05T11:46:12.2216003Z hint: 	git config --global init.defaultBranch <name>
2026-09-05T11:46:12.2217181Z hint:
2026-09-05T11:46:12.2218215Z hint: Names commonly chosen instead of 'master' are 'main', 'trunk' and
2026-09-05T11:46:12.2219796Z hint: 'development'. The just-created branch can be renamed via this command:
2026-09-05T11:46:12.2222204Z hint:
2026-09-05T11:46:12.2222976Z hint: 	git branch -m <name>
2026-09-05T11:46:12.2223789Z hint:
2026-09-05T11:46:12.2225034Z hint: Disable this message with "git config set advice.defaultBranchName false"
2026-09-05T11:46:12.2226669Z Initialized empty Git repository in /home/runner/work/20231788./20231788./.git/
2026-09-05T11:46:12.2257079Z [command]/usr/bin/git remote add origin https://github.com/leemaple/20231788.
2026-09-05T11:46:12.2303636Z ##[endgroup]
2026-09-05T11:46:12.2305067Z ##[group]Disabling automatic garbage collection
2026-09-05T11:46:12.2307902Z [command]/usr/bin/git config --local gc.auto 0
2026-09-05T11:46:12.2338498Z ##[endgroup]
2026-09-05T11:46:12.2339726Z ##[group]Setting up auth
2026-09-05T11:46:12.2346325Z [command]/usr/bin/git config --local --name-only --get-regexp core\.sshCommand
2026-09-05T11:46:12.2382800Z [command]/usr/bin/git submodule foreach --recursive sh -c "git config --local --name-only --get-regexp 'core\.sshCommand' && git config --local --unset-all 'core.sshCommand' || :"
2026-09-05T11:46:12.2791917Z [command]/usr/bin/git config --local --name-only --get-regexp http\.https\:\/\/github\.com\/\.extraheader
2026-09-05T11:46:12.2830617Z [command]/usr/bin/git submodule foreach --recursive sh -c "git config --local --name-only --get-regexp 'http\.https\:\/\/github\.com\/\.extraheader' && git config --local --unset-all 'http.https://github.com/.extraheader' || :"
2026-09-05T11:46:12.3060952Z [command]/usr/bin/git config --local --name-only --get-regexp ^includeIf\.gitdir:
2026-09-05T11:46:12.3098769Z [command]/usr/bin/git submodule foreach --recursive git config --local --show-origin --name-only --get-regexp remote.origin.url
2026-09-05T11:46:12.3328573Z [command]/usr/bin/git config --local http.https://github.com/.extraheader AUTHORIZATION: basic ***
2026-09-05T11:46:12.3367559Z ##[endgroup]
2026-09-05T11:46:12.3368457Z ##[group]Fetching the repository
2026-09-05T11:46:12.3377979Z [command]/usr/bin/git -c protocol.version=2 fetch --no-tags --prune --no-recurse-submodules --depth=1 origin +9c4d83b5cde16e5c5af89886bd73fe5252a99002:refs/remotes/origin/codex/three-track-integration-20260905
2026-09-05T11:46:13.0048043Z From https://github.com/leemaple/20231788.
2026-09-05T11:46:13.0052147Z  * [new ref]         9c4d83b5cde16e5c5af89886bd73fe5252a99002 -> origin/codex/three-track-integration-20260905
2026-09-05T11:46:13.0060906Z ##[endgroup]
2026-09-05T11:46:13.0064029Z ##[group]Determining the checkout info
2026-09-05T11:46:13.0066975Z ##[endgroup]
2026-09-05T11:46:13.0068353Z [command]/usr/bin/git sparse-checkout disable
2026-09-05T11:46:13.0121472Z [command]/usr/bin/git config --local --unset-all extensions.worktreeConfig
2026-09-05T11:46:13.0155952Z ##[group]Checking out the ref
2026-09-05T11:46:13.0161694Z [command]/usr/bin/git checkout --progress --force -B codex/three-track-integration-20260905 refs/remotes/origin/codex/three-track-integration-20260905
2026-09-05T11:46:13.1542285Z Switched to a new branch 'codex/three-track-integration-20260905'
2026-09-05T11:46:13.1548431Z branch 'codex/three-track-integration-20260905' set up to track 'origin/codex/three-track-integration-20260905'.
2026-09-05T11:46:13.1563915Z ##[endgroup]
2026-09-05T11:46:13.1612540Z [command]/usr/bin/git log -1 --format=%H
2026-09-05T11:46:13.1640950Z 9c4d83b5cde16e5c5af89886bd73fe5252a99002
2026-09-05T11:46:13.2065415Z Node 20 is being deprecated. This workflow is running with Node 24 by default. If you need to temporarily use Node 20, you can set the ACTIONS_ALLOW_USE_UNSECURE_NODE_VERSION=true environment variable. For more information see: https://github.blog/changelog/2025-09-19-deprecation-of-node-20-on-github-actions-runners/
2026-09-05T11:46:13.2071122Z ##[group]Run actions/checkout@v4
2026-09-05T11:46:13.2072233Z with:
2026-09-05T11:46:13.2073228Z   repository: openfheorg/openfhe-development
2026-09-05T11:46:13.2074809Z   ref: df495ba2e91739a6dc8f1de254fc5a41155ce504
2026-09-05T11:46:13.2076151Z   path: .ci/openfhe-src
2026-09-05T11:46:13.2077175Z   submodules: recursive
2026-09-05T11:46:13.2087831Z   token: ***
2026-09-05T11:46:13.2088774Z   ssh-strict: true
2026-09-05T11:46:13.2089700Z   ssh-user: git
2026-09-05T11:46:13.2090650Z   persist-credentials: true
2026-09-05T11:46:13.2091717Z   clean: true
2026-09-05T11:46:13.2092676Z   sparse-checkout-cone-mode: true
2026-09-05T11:46:13.2093865Z   fetch-depth: 1
2026-09-05T11:46:13.2094933Z   fetch-tags: false
2026-09-05T11:46:13.2095917Z   show-progress: true
2026-09-05T11:46:13.2096901Z   lfs: false
2026-09-05T11:46:13.2097818Z   set-safe-directory: true
2026-09-05T11:46:13.2098932Z   allow-unsafe-pr-checkout: false
2026-09-05T11:46:13.2100058Z env:
2026-09-05T11:46:13.2101140Z   OPENFHE_COMMIT: df495ba2e91739a6dc8f1de254fc5a41155ce504
2026-09-05T11:46:13.2103062Z   OPENFHE_PREFIX: /home/runner/work/20231788./20231788./.ci/openfhe-install
2026-09-05T11:46:13.2104869Z ##[endgroup]
2026-09-05T11:46:13.2991160Z Syncing repository: openfheorg/openfhe-development
2026-09-05T11:46:13.2999150Z ##[group]Getting Git version info
2026-09-05T11:46:13.3002057Z Working directory is '/home/runner/work/20231788./20231788./.ci/openfhe-src'
2026-09-05T11:46:13.3039702Z [command]/usr/bin/git version
2026-09-05T11:46:13.3081279Z git version 2.55.0
2026-09-05T11:46:13.3107441Z ##[endgroup]
2026-09-05T11:46:13.3117908Z Temporarily overriding HOME='/home/runner/work/_temp/9830ea37-2d29-4ea0-bf98-73f8683007f2' before making global git config changes
2026-09-05T11:46:13.3123571Z Adding repository directory to the temporary git global config as a safe directory
2026-09-05T11:46:13.3128886Z [command]/usr/bin/git config --global --add safe.directory /home/runner/work/20231788./20231788./.ci/openfhe-src
2026-09-05T11:46:13.3163464Z ##[group]Initializing the repository
2026-09-05T11:46:13.3169265Z [command]/usr/bin/git init /home/runner/work/20231788./20231788./.ci/openfhe-src
2026-09-05T11:46:13.3217988Z hint: Using 'master' as the name for the initial branch. This default branch name
2026-09-05T11:46:13.3221850Z hint: will change to "main" in Git 3.0. To configure the initial branch name
2026-09-05T11:46:13.3225985Z hint: to use in all of your new repositories, which will suppress this warning,
2026-09-05T11:46:13.3228987Z hint: call:
2026-09-05T11:46:13.3230543Z hint:
2026-09-05T11:46:13.3232296Z hint: 	git config --global init.defaultBranch <name>
2026-09-05T11:46:13.3235020Z hint:
2026-09-05T11:46:13.3237262Z hint: Names commonly chosen instead of 'master' are 'main', 'trunk' and
2026-09-05T11:46:13.3240795Z hint: 'development'. The just-created branch can be renamed via this command:
2026-09-05T11:46:13.3243653Z hint:
2026-09-05T11:46:13.3245611Z hint: 	git branch -m <name>
2026-09-05T11:46:13.3247310Z hint:
2026-09-05T11:46:13.3249298Z hint: Disable this message with "git config set advice.defaultBranchName false"
2026-09-05T11:46:13.3252236Z Initialized empty Git repository in /home/runner/work/20231788./20231788./.ci/openfhe-src/.git/
2026-09-05T11:46:13.3257390Z [command]/usr/bin/git remote add origin https://github.com/openfheorg/openfhe-development
2026-09-05T11:46:13.3279039Z ##[endgroup]
2026-09-05T11:46:13.3282314Z ##[group]Disabling automatic garbage collection
2026-09-05T11:46:13.3285404Z [command]/usr/bin/git config --local gc.auto 0
2026-09-05T11:46:13.3316963Z ##[endgroup]
2026-09-05T11:46:13.3319872Z ##[group]Setting up auth
2026-09-05T11:46:13.3323796Z [command]/usr/bin/git config --local --name-only --get-regexp core\.sshCommand
2026-09-05T11:46:13.3361186Z [command]/usr/bin/git submodule foreach --recursive sh -c "git config --local --name-only --get-regexp 'core\.sshCommand' && git config --local --unset-all 'core.sshCommand' || :"
2026-09-05T11:46:13.3614676Z [command]/usr/bin/git config --local --name-only --get-regexp http\.https\:\/\/github\.com\/\.extraheader
2026-09-05T11:46:13.3652869Z [command]/usr/bin/git submodule foreach --recursive sh -c "git config --local --name-only --get-regexp 'http\.https\:\/\/github\.com\/\.extraheader' && git config --local --unset-all 'http.https://github.com/.extraheader' || :"
2026-09-05T11:46:13.3910615Z [command]/usr/bin/git config --local --name-only --get-regexp ^includeIf\.gitdir:
2026-09-05T11:46:13.3953564Z [command]/usr/bin/git submodule foreach --recursive git config --local --show-origin --name-only --get-regexp remote.origin.url
2026-09-05T11:46:13.4202650Z [command]/usr/bin/git config --local http.https://github.com/.extraheader AUTHORIZATION: basic ***
2026-09-05T11:46:13.4242781Z ##[endgroup]
2026-09-05T11:46:13.4245980Z ##[group]Fetching the repository
2026-09-05T11:46:13.4255868Z [command]/usr/bin/git -c protocol.version=2 fetch --no-tags --prune --no-recurse-submodules --depth=1 origin df495ba2e91739a6dc8f1de254fc5a41155ce504
2026-09-05T11:46:14.4128963Z From https://github.com/openfheorg/openfhe-development
2026-09-05T11:46:14.4130652Z  * branch            df495ba2e91739a6dc8f1de254fc5a41155ce504 -> FETCH_HEAD
2026-09-05T11:46:14.4135203Z ##[endgroup]
2026-09-05T11:46:14.4136435Z ##[group]Determining the checkout info
2026-09-05T11:46:14.4138940Z ##[endgroup]
2026-09-05T11:46:14.4146722Z [command]/usr/bin/git sparse-checkout disable
2026-09-05T11:46:14.4193113Z [command]/usr/bin/git config --local --unset-all extensions.worktreeConfig
2026-09-05T11:46:14.4227123Z ##[group]Checking out the ref
2026-09-05T11:46:14.4239154Z [command]/usr/bin/git checkout --progress --force df495ba2e91739a6dc8f1de254fc5a41155ce504
2026-09-05T11:46:14.4805944Z Note: switching to 'df495ba2e91739a6dc8f1de254fc5a41155ce504'.
2026-09-05T11:46:14.4806516Z 
2026-09-05T11:46:14.4806856Z You are in 'detached HEAD' state. You can look around, make experimental
2026-09-05T11:46:14.4807658Z changes and commit them, and you can discard any commits you make in this
2026-09-05T11:46:14.4808628Z state without impacting any branches by switching back to a branch.
2026-09-05T11:46:14.4809206Z 
2026-09-05T11:46:14.4809630Z If you want to create a new branch to retain commits you create, you may
2026-09-05T11:46:14.4810501Z do so (now or later) by using -c with the switch command. Example:
2026-09-05T11:46:14.4811020Z 
2026-09-05T11:46:14.4811218Z   git switch -c <new-branch-name>
2026-09-05T11:46:14.4811634Z 
2026-09-05T11:46:14.4811851Z Or undo this operation with:
2026-09-05T11:46:14.4812157Z 
2026-09-05T11:46:14.4812315Z   git switch -
2026-09-05T11:46:14.4812584Z 
2026-09-05T11:46:14.4813003Z Turn off this advice by setting config variable advice.detachedHead to false
2026-09-05T11:46:14.4813590Z 
2026-09-05T11:46:14.4813920Z HEAD is now at df495ba Merge pull request #1130 from openfheorg/dev
2026-09-05T11:46:14.4823310Z ##[endgroup]
2026-09-05T11:46:14.4823972Z ##[group]Setting up auth for fetching submodules
2026-09-05T11:46:14.4824898Z [command]/usr/bin/git config --global http.https://github.com/.extraheader AUTHORIZATION: basic ***
2026-09-05T11:46:14.4868688Z [command]/usr/bin/git config --global --unset-all url.https://github.com/.insteadOf
2026-09-05T11:46:14.4902860Z [command]/usr/bin/git config --global --add url.https://github.com/.insteadOf git@github.com:
2026-09-05T11:46:14.4936622Z [command]/usr/bin/git config --global --add url.https://github.com/.insteadOf org-26023695@github.com:
2026-09-05T11:46:14.4966555Z ##[endgroup]
2026-09-05T11:46:14.4966953Z ##[group]Fetching submodules
2026-09-05T11:46:14.4971686Z [command]/usr/bin/git submodule sync --recursive
2026-09-05T11:46:14.5208586Z [command]/usr/bin/git -c protocol.version=2 submodule update --init --force --depth=1 --recursive
2026-09-05T11:46:14.5432447Z Submodule 'third-party/cereal' (https://github.com/openfheorg/cereal.git) registered for path 'third-party/cereal'
2026-09-05T11:46:14.5436603Z Submodule 'third-party/google-benchmark' (https://github.com/google/benchmark.git) registered for path 'third-party/google-benchmark'
2026-09-05T11:46:14.5440343Z Submodule 'third-party/google-test' (https://github.com/google/googletest.git) registered for path 'third-party/google-test'
2026-09-05T11:46:14.5444790Z Submodule 'third-party/gperftools' (https://github.com/gperftools/gperftools.git) registered for path 'third-party/gperftools'
2026-09-05T11:46:14.5471759Z Cloning into '/home/runner/work/20231788./20231788./.ci/openfhe-src/third-party/cereal'...
2026-09-05T11:46:14.8735196Z Cloning into '/home/runner/work/20231788./20231788./.ci/openfhe-src/third-party/google-benchmark'...
2026-09-05T11:46:15.1706719Z Cloning into '/home/runner/work/20231788./20231788./.ci/openfhe-src/third-party/google-test'...
2026-09-05T11:46:15.4863350Z Cloning into '/home/runner/work/20231788./20231788./.ci/openfhe-src/third-party/gperftools'...
2026-09-05T11:46:16.1613938Z Submodule path 'third-party/cereal': checked out '984e3f194862b17916536b5fade40cba6e47a6fe'
2026-09-05T11:46:17.5234834Z From https://github.com/google/benchmark
2026-09-05T11:46:17.5235576Z  * branch            eddb0241389718a23a42db6af5f0164b6e0139af -> FETCH_HEAD
2026-09-05T11:46:17.5430477Z Submodule path 'third-party/google-benchmark': checked out 'eddb0241389718a23a42db6af5f0164b6e0139af'
2026-09-05T11:46:18.3841994Z From https://github.com/google/googletest
2026-09-05T11:46:18.3842762Z  * branch            52eb8108c5bdec04579160ae17225d66034bd723 -> FETCH_HEAD
2026-09-05T11:46:18.4242806Z Submodule path 'third-party/google-test': checked out '52eb8108c5bdec04579160ae17225d66034bd723'
2026-09-05T11:46:19.5388151Z From https://github.com/gperftools/gperftools
2026-09-05T11:46:19.5389132Z  * branch            83edb60836d87cf1b406e8846b9059c03031e8f5 -> FETCH_HEAD
2026-09-05T11:46:19.6265181Z Submodule path 'third-party/gperftools': checked out '83edb60836d87cf1b406e8846b9059c03031e8f5'
2026-09-05T11:46:19.6300901Z [command]/usr/bin/git submodule foreach --recursive git config --local gc.auto 0
2026-09-05T11:46:19.6531334Z Entering 'third-party/cereal'
2026-09-05T11:46:19.6713500Z Entering 'third-party/google-benchmark'
2026-09-05T11:46:19.6751587Z Entering 'third-party/google-test'
2026-09-05T11:46:19.6789778Z Entering 'third-party/gperftools'
2026-09-05T11:46:19.6850581Z ##[endgroup]
2026-09-05T11:46:19.6851235Z ##[group]Persisting credentials for submodules
2026-09-05T11:46:19.6852217Z [command]/usr/bin/git submodule foreach --recursive sh -c "git config --local --name-only --get-regexp 'url\.https\:\/\/github\.com\/\.insteadOf' && git config --local --unset-all 'url.https://github.com/.insteadOf' || :"
2026-09-05T11:46:19.7083680Z Entering 'third-party/cereal'
2026-09-05T11:46:19.7131077Z Entering 'third-party/google-benchmark'
2026-09-05T11:46:19.7177472Z Entering 'third-party/google-test'
2026-09-05T11:46:19.7222732Z Entering 'third-party/gperftools'
2026-09-05T11:46:19.7280595Z [command]/usr/bin/git submodule foreach --recursive sh -c "git config --local 'http.https://github.com/.extraheader' 'AUTHORIZATION: basic ***' && git config --local --show-origin --name-only --get-regexp remote.origin.url"
2026-09-05T11:46:19.7515468Z Entering 'third-party/cereal'
2026-09-05T11:46:19.7549406Z file:/home/runner/work/20231788./20231788./.ci/openfhe-src/.git/modules/third-party/cereal/config	remote.origin.url
2026-09-05T11:46:19.7570937Z Entering 'third-party/google-benchmark'
2026-09-05T11:46:19.7609431Z file:/home/runner/work/20231788./20231788./.ci/openfhe-src/.git/modules/third-party/google-benchmark/config	remote.origin.url
2026-09-05T11:46:19.7629295Z Entering 'third-party/google-test'
2026-09-05T11:46:19.7667389Z file:/home/runner/work/20231788./20231788./.ci/openfhe-src/.git/modules/third-party/google-test/config	remote.origin.url
2026-09-05T11:46:19.7687100Z Entering 'third-party/gperftools'
2026-09-05T11:46:19.7724663Z file:/home/runner/work/20231788./20231788./.ci/openfhe-src/.git/modules/third-party/gperftools/config	remote.origin.url
2026-09-05T11:46:19.7784296Z [command]/usr/bin/git submodule foreach --recursive git config --local --add 'url.https://github.com/.insteadOf' 'git@github.com:'
2026-09-05T11:46:19.8018500Z Entering 'third-party/cereal'
2026-09-05T11:46:19.8057749Z Entering 'third-party/google-benchmark'
2026-09-05T11:46:19.8096248Z Entering 'third-party/google-test'
2026-09-05T11:46:19.8134068Z Entering 'third-party/gperftools'
2026-09-05T11:46:19.8186624Z [command]/usr/bin/git submodule foreach --recursive git config --local --add 'url.https://github.com/.insteadOf' 'org-26023695@github.com:'
2026-09-05T11:46:19.8396116Z Entering 'third-party/cereal'
2026-09-05T11:46:19.8435001Z Entering 'third-party/google-benchmark'
2026-09-05T11:46:19.8473361Z Entering 'third-party/google-test'
2026-09-05T11:46:19.8512876Z Entering 'third-party/gperftools'
2026-09-05T11:46:19.8559555Z ##[endgroup]
2026-09-05T11:46:19.8601953Z [command]/usr/bin/git log -1 --format=%H
2026-09-05T11:46:19.8630108Z df495ba2e91739a6dc8f1de254fc5a41155ce504
2026-09-05T11:46:19.8774051Z ##[group]Run actual="$(git -C .ci/openfhe-src rev-parse HEAD)"
2026-09-05T11:46:19.8774927Z [36;1mactual="$(git -C .ci/openfhe-src rev-parse HEAD)"[0m
2026-09-05T11:46:19.8775361Z [36;1mtest "$actual" = "$OPENFHE_COMMIT"[0m
2026-09-05T11:46:19.8775697Z [36;1mgit -C .ci/openfhe-src status --short[0m
2026-09-05T11:46:19.8816001Z shell: /usr/bin/bash --noprofile --norc -e -o pipefail {0}
2026-09-05T11:46:19.8816354Z env:
2026-09-05T11:46:19.8816614Z   OPENFHE_COMMIT: df495ba2e91739a6dc8f1de254fc5a41155ce504
2026-09-05T11:46:19.8817066Z   OPENFHE_PREFIX: /home/runner/work/20231788./20231788./.ci/openfhe-install
2026-09-05T11:46:19.8817439Z ##[endgroup]
2026-09-05T11:46:20.0085850Z ##[group]Run sudo apt-get update
2026-09-05T11:46:20.0086164Z [36;1msudo apt-get update[0m
2026-09-05T11:46:20.0086521Z [36;1msudo apt-get install --yes --no-install-recommends libboost-dev[0m
2026-09-05T11:46:20.0122686Z shell: /usr/bin/bash -e {0}
2026-09-05T11:46:20.0122938Z env:
2026-09-05T11:46:20.0123202Z   OPENFHE_COMMIT: df495ba2e91739a6dc8f1de254fc5a41155ce504
2026-09-05T11:46:20.0123646Z   OPENFHE_PREFIX: /home/runner/work/20231788./20231788./.ci/openfhe-install
2026-09-05T11:46:20.0124023Z ##[endgroup]
2026-09-05T11:46:20.1025990Z Get:1 file:/etc/apt/apt-mirrors.txt Mirrorlist [144 B]
2026-09-05T11:46:20.1290224Z Get:6 https://packages.microsoft.com/ubuntu/24.04/prod noble InRelease [3600 B]
2026-09-05T11:46:20.1425920Z Hit:2 http://azure.archive.ubuntu.com/ubuntu noble InRelease
2026-09-05T11:46:20.1432656Z Get:7 https://dl.google.com/linux/chrome-stable/deb stable InRelease [2548 B]
2026-09-05T11:46:20.1443940Z Get:3 http://azure.archive.ubuntu.com/ubuntu noble-updates InRelease [126 kB]
2026-09-05T11:46:20.1513185Z Get:4 http://azure.archive.ubuntu.com/ubuntu noble-backports InRelease [126 kB]
2026-09-05T11:46:20.1547809Z Get:5 http://azure.archive.ubuntu.com/ubuntu noble-security InRelease [126 kB]
2026-09-05T11:46:20.2083655Z Get:8 https://packages.microsoft.com/ubuntu/24.04/prod noble/main amd64 Packages [441 kB]
2026-09-05T11:46:20.2266142Z Get:9 https://packages.microsoft.com/ubuntu/24.04/prod noble/main arm64 Packages [394 kB]
2026-09-05T11:46:20.3349679Z Get:10 https://dl.google.com/linux/chrome-stable/deb stable/main amd64 Packages [1401 B]
2026-09-05T11:46:20.3743735Z Get:11 http://azure.archive.ubuntu.com/ubuntu noble-updates/main amd64 Packages [1260 kB]
2026-09-05T11:46:20.3832112Z Get:12 http://azure.archive.ubuntu.com/ubuntu noble-updates/main Translation-en [292 kB]
2026-09-05T11:46:20.3883897Z Get:13 http://azure.archive.ubuntu.com/ubuntu noble-updates/main amd64 Components [180 kB]
2026-09-05T11:46:20.3909223Z Get:14 http://azure.archive.ubuntu.com/ubuntu noble-updates/universe amd64 Packages [1690 kB]
2026-09-05T11:46:20.4015698Z Get:15 http://azure.archive.ubuntu.com/ubuntu noble-updates/universe Translation-en [339 kB]
2026-09-05T11:46:20.4047985Z Get:16 http://azure.archive.ubuntu.com/ubuntu noble-updates/universe amd64 Components [388 kB]
2026-09-05T11:46:20.4077626Z Get:17 http://azure.archive.ubuntu.com/ubuntu noble-updates/restricted amd64 Packages [1536 kB]
2026-09-05T11:46:20.4157774Z Get:18 http://azure.archive.ubuntu.com/ubuntu noble-updates/restricted Translation-en [352 kB]
2026-09-05T11:46:20.4189174Z Get:19 http://azure.archive.ubuntu.com/ubuntu noble-updates/multiverse amd64 Components [940 B]
2026-09-05T11:46:20.4322365Z Get:20 http://azure.archive.ubuntu.com/ubuntu noble-backports/main amd64 Components [5740 B]
2026-09-05T11:46:20.4772943Z Get:21 http://azure.archive.ubuntu.com/ubuntu noble-backports/universe amd64 Components [12.6 kB]
2026-09-05T11:46:20.4896629Z Get:22 http://azure.archive.ubuntu.com/ubuntu noble-security/main amd64 Packages [1002 kB]
2026-09-05T11:46:20.4967191Z Get:23 http://azure.archive.ubuntu.com/ubuntu noble-security/main Translation-en [212 kB]
2026-09-05T11:46:20.4991631Z Get:24 http://azure.archive.ubuntu.com/ubuntu noble-security/main amd64 Components [46.4 kB]
2026-09-05T11:46:20.5011709Z Get:25 http://azure.archive.ubuntu.com/ubuntu noble-security/universe amd64 Packages [1206 kB]
2026-09-05T11:46:20.5085422Z Get:26 http://azure.archive.ubuntu.com/ubuntu noble-security/universe Translation-en [241 kB]
2026-09-05T11:46:20.5117675Z Get:27 http://azure.archive.ubuntu.com/ubuntu noble-security/universe amd64 Components [76.3 kB]
2026-09-05T11:46:20.5165426Z Get:28 http://azure.archive.ubuntu.com/ubuntu noble-security/restricted amd64 Packages [1437 kB]
2026-09-05T11:46:20.5237325Z Get:29 http://azure.archive.ubuntu.com/ubuntu noble-security/restricted Translation-en [334 kB]
2026-09-05T11:46:25.6196339Z Fetched 11.8 MB in 1s (8627 kB/s)
2026-09-05T11:46:26.4095467Z Reading package lists...
2026-09-05T11:46:26.4396660Z Reading package lists...
2026-09-05T11:46:26.6032277Z Building dependency tree...
2026-09-05T11:46:26.6039900Z Reading state information...
2026-09-05T11:46:26.7407821Z The following additional packages will be installed:
2026-09-05T11:46:26.7412914Z   libboost1.83-dev
2026-09-05T11:46:26.7418782Z Suggested packages:
2026-09-05T11:46:26.7419344Z   libboost-doc libboost1.83-doc libboost-atomic1.83-dev
2026-09-05T11:46:26.7420196Z   libboost-chrono1.83-dev libboost-container1.83-dev libboost-context1.83-dev
2026-09-05T11:46:26.7421048Z   libboost-contract1.83-dev libboost-coroutine1.83-dev
2026-09-05T11:46:26.7421580Z   libboost-date-time1.83-dev libboost-exception1.83-dev libboost-fiber1.83-dev
2026-09-05T11:46:26.7422156Z   libboost-filesystem1.83-dev libboost-graph-parallel1.83-dev
2026-09-05T11:46:26.7422698Z   libboost-graph1.83-dev libboost-iostreams1.83-dev libboost-json1.83-dev
2026-09-05T11:46:26.7423271Z   libboost-locale1.83-dev libboost-log1.83-dev libboost-math1.83-dev
2026-09-05T11:46:26.7423857Z   libboost-mpi-python1.83-dev libboost-mpi1.83-dev libboost-nowide1.83-dev
2026-09-05T11:46:26.7424607Z   libboost-numpy1.83-dev libboost-program-options1.83-dev
2026-09-05T11:46:26.7425102Z   libboost-python1.83-dev libboost-random1.83-dev libboost-regex1.83-dev
2026-09-05T11:46:26.7425568Z   libboost-serialization1.83-dev libboost-stacktrace1.83-dev
2026-09-05T11:46:26.7426027Z   libboost-system1.83-dev libboost-test1.83-dev libboost-thread1.83-dev
2026-09-05T11:46:26.7426522Z   libboost-timer1.83-dev libboost-type-erasure1.83-dev libboost-url1.83-dev
2026-09-05T11:46:26.7427014Z   libboost-wave1.83-dev libboost1.83-tools-dev libmpfrc++-dev libntl-dev
2026-09-05T11:46:26.7580465Z The following NEW packages will be installed:
2026-09-05T11:46:26.7585565Z   libboost-dev libboost1.83-dev
2026-09-05T11:46:26.7752687Z 0 upgraded, 2 newly installed, 0 to remove and 38 not upgraded.
2026-09-05T11:46:26.7753694Z Need to get 10.7 MB of archives.
2026-09-05T11:46:26.7754317Z After this operation, 161 MB of additional disk space will be used.
2026-09-05T11:46:26.7754977Z Get:1 file:/etc/apt/apt-mirrors.txt Mirrorlist [144 B]
2026-09-05T11:46:26.8004869Z Get:2 http://azure.archive.ubuntu.com/ubuntu noble-updates/main amd64 libboost1.83-dev amd64 1.83.0-2.1ubuntu3.2 [10.7 MB]
2026-09-05T11:46:26.9414944Z Get:3 http://azure.archive.ubuntu.com/ubuntu noble/main amd64 libboost-dev amd64 1.83.0.1ubuntu2 [4308 B]
2026-09-05T11:46:27.1898839Z Fetched 10.7 MB in 0s (60.9 MB/s)
2026-09-05T11:46:27.2220194Z Selecting previously unselected package libboost1.83-dev:amd64.
2026-09-05T11:46:27.2533068Z (Reading database ... 
2026-09-05T11:46:27.2533583Z (Reading database ... 5%
2026-09-05T11:46:27.2556633Z (Reading database ... 10%
2026-09-05T11:46:27.2557091Z (Reading database ... 15%
2026-09-05T11:46:27.2557467Z (Reading database ... 20%
2026-09-05T11:46:27.2557828Z (Reading database ... 25%
2026-09-05T11:46:27.2558223Z (Reading database ... 30%
2026-09-05T11:46:27.2558587Z (Reading database ... 35%
2026-09-05T11:46:27.2558986Z (Reading database ... 40%
2026-09-05T11:46:27.2559534Z (Reading database ... 45%
2026-09-05T11:46:27.2559904Z (Reading database ... 50%
2026-09-05T11:46:27.2560150Z (Reading database ... 55%
2026-09-05T11:46:27.3802817Z (Reading database ... 60%
2026-09-05T11:46:27.4998369Z (Reading database ... 65%
2026-09-05T11:46:27.7261973Z (Reading database ... 70%
2026-09-05T11:46:27.8410596Z (Reading database ... 75%
2026-09-05T11:46:28.0298366Z (Reading database ... 80%
2026-09-05T11:46:28.2387521Z (Reading database ... 85%
2026-09-05T11:46:28.4352869Z (Reading database ... 90%
2026-09-05T11:46:28.6372862Z (Reading database ... 95%
2026-09-05T11:46:28.6373412Z (Reading database ... 100%
2026-09-05T11:46:28.6373988Z (Reading database ... 201676 files and directories currently installed.)
2026-09-05T11:46:28.6415031Z Preparing to unpack .../libboost1.83-dev_1.83.0-2.1ubuntu3.2_amd64.deb ...
2026-09-05T11:46:28.6446085Z Unpacking libboost1.83-dev:amd64 (1.83.0-2.1ubuntu3.2) ...
2026-09-05T11:46:31.2101596Z Selecting previously unselected package libboost-dev:amd64.
2026-09-05T11:46:31.2283666Z Preparing to unpack .../libboost-dev_1.83.0.1ubuntu2_amd64.deb ...
2026-09-05T11:46:31.2293561Z Unpacking libboost-dev:amd64 (1.83.0.1ubuntu2) ...
2026-09-05T11:46:31.2656854Z Setting up libboost1.83-dev:amd64 (1.83.0-2.1ubuntu3.2) ...
2026-09-05T11:46:31.2681516Z Setting up libboost-dev:amd64 (1.83.0.1ubuntu2) ...
2026-09-05T11:46:31.8877740Z 
2026-09-05T11:46:31.8878297Z Running kernel seems to be up-to-date.
2026-09-05T11:46:31.8878679Z 
2026-09-05T11:46:31.8878855Z No services need to be restarted.
2026-09-05T11:46:31.8879149Z 
2026-09-05T11:46:31.8879319Z No containers need to be restarted.
2026-09-05T11:46:31.8879631Z 
2026-09-05T11:46:31.8879833Z No user sessions are running outdated binaries.
2026-09-05T11:46:31.8880190Z 
2026-09-05T11:46:31.8880526Z No VM guests are running outdated hypervisor (qemu) binaries on this host.
2026-09-05T11:46:32.6979566Z ##[group]Run cmake --version
2026-09-05T11:46:32.6979877Z [36;1mcmake --version[0m
2026-09-05T11:46:32.6980112Z [36;1mc++ --version[0m
2026-09-05T11:46:32.7017457Z shell: /usr/bin/bash -e {0}
2026-09-05T11:46:32.7017701Z env:
2026-09-05T11:46:32.7017961Z   OPENFHE_COMMIT: df495ba2e91739a6dc8f1de254fc5a41155ce504
2026-09-05T11:46:32.7018404Z   OPENFHE_PREFIX: /home/runner/work/20231788./20231788./.ci/openfhe-install
2026-09-05T11:46:32.7018776Z ##[endgroup]
2026-09-05T11:46:33.2702418Z cmake version 3.31.6
2026-09-05T11:46:33.2702765Z 
2026-09-05T11:46:33.2703197Z CMake suite maintained and supported by Kitware (kitware.com/cmake).
2026-09-05T11:46:33.2787130Z c++ (Ubuntu 13.3.0-6ubuntu2~24.04.1) 13.3.0
2026-09-05T11:46:33.2787660Z Copyright (C) 2023 Free Software Foundation, Inc.
2026-09-05T11:46:33.2788375Z This is free software; see the source for copying conditions.  There is NO
2026-09-05T11:46:33.2789623Z warranty; not even for MERCHANTABILITY or FITNESS FOR A PARTICULAR PURPOSE.
2026-09-05T11:46:33.2790612Z 
2026-09-05T11:46:33.2859696Z Node 20 is being deprecated. This workflow is running with Node 24 by default. If you need to temporarily use Node 20, you can set the ACTIONS_ALLOW_USE_UNSECURE_NODE_VERSION=true environment variable. For more information see: https://github.blog/changelog/2025-09-19-deprecation-of-node-20-on-github-actions-runners/
2026-09-05T11:46:33.2860995Z ##[group]Run actions/cache@v4
2026-09-05T11:46:33.2861226Z with:
2026-09-05T11:46:33.2861420Z   path: .ci/openfhe-install
2026-09-05T11:46:33.2861870Z   key: openfhe-1.5.0-Linux-gcc-df495ba2e91739a6dc8f1de254fc5a41155ce504-native64-backend4
2026-09-05T11:46:33.2862359Z   enableCrossOsArchive: false
2026-09-05T11:46:33.2862608Z   fail-on-cache-miss: false
2026-09-05T11:46:33.2862836Z   lookup-only: false
2026-09-05T11:46:33.2863042Z   save-always: false
2026-09-05T11:46:33.2863257Z env:
2026-09-05T11:46:33.2863499Z   OPENFHE_COMMIT: df495ba2e91739a6dc8f1de254fc5a41155ce504
2026-09-05T11:46:33.2863971Z   OPENFHE_PREFIX: /home/runner/work/20231788./20231788./.ci/openfhe-install
2026-09-05T11:46:33.2864570Z ##[endgroup]
2026-09-05T11:46:33.3898203Z (node:3263) [DEP0040] DeprecationWarning: The `punycode` module is deprecated. Please use a userland alternative instead.
2026-09-05T11:46:33.3899109Z (Use `node --trace-deprecation ...` to show where the warning was created)
2026-09-05T11:46:33.4513930Z Cache not found for input keys: openfhe-1.5.0-Linux-gcc-df495ba2e91739a6dc8f1de254fc5a41155ce504-native64-backend4
2026-09-05T11:46:33.4636427Z ##[group]Run cmake -S .ci/openfhe-src -B .ci/openfhe-build -DCMAKE_BUILD_TYPE=Release -DCMAKE_INSTALL_PREFIX=${OPENFHE_PREFIX} -DBUILD_UNITTESTS=OFF -DBUILD_EXAMPLES=OFF -DBUILD_BENCHMARKS=OFF -DBUILD_EXTRAS=OFF -DWITH_OPENMP=ON -DNATIVE_SIZE=64 -DMATHBACKEND=4
2026-09-05T11:46:33.4638243Z [36;1mcmake -S .ci/openfhe-src -B .ci/openfhe-build -DCMAKE_BUILD_TYPE=Release -DCMAKE_INSTALL_PREFIX=${OPENFHE_PREFIX} -DBUILD_UNITTESTS=OFF -DBUILD_EXAMPLES=OFF -DBUILD_BENCHMARKS=OFF -DBUILD_EXTRAS=OFF -DWITH_OPENMP=ON -DNATIVE_SIZE=64 -DMATHBACKEND=4[0m
2026-09-05T11:46:33.4674843Z shell: /usr/bin/bash -e {0}
2026-09-05T11:46:33.4675090Z env:
2026-09-05T11:46:33.4675349Z   OPENFHE_COMMIT: df495ba2e91739a6dc8f1de254fc5a41155ce504
2026-09-05T11:46:33.4675794Z   OPENFHE_PREFIX: /home/runner/work/20231788./20231788./.ci/openfhe-install
2026-09-05T11:46:33.4676162Z ##[endgroup]
2026-09-05T11:46:34.7141462Z -- The C compiler identification is GNU 13.3.0
2026-09-05T11:46:34.9018905Z -- The CXX compiler identification is GNU 13.3.0
2026-09-05T11:46:35.0083929Z -- Detecting C compiler ABI info
2026-09-05T11:46:35.2385364Z -- Detecting C compiler ABI info - done
2026-09-05T11:46:35.2560342Z -- Check for working C compiler: /usr/bin/cc - skipped
2026-09-05T11:46:35.2627264Z -- Detecting C compile features
2026-09-05T11:46:35.2634039Z -- Detecting C compile features - done
2026-09-05T11:46:35.2945341Z -- Detecting CXX compiler ABI info
2026-09-05T11:46:35.3774911Z -- Detecting CXX compiler ABI info - done
2026-09-05T11:46:35.3956161Z -- Check for working CXX compiler: /usr/bin/c++ - skipped
2026-09-05T11:46:35.3960180Z -- Detecting CXX compile features
2026-09-05T11:46:35.3967043Z -- Detecting CXX compile features - done
2026-09-05T11:46:35.4137914Z -- Building in Release mode
2026-09-05T11:46:35.4138688Z -- BUILD_UNITTESTS:    OFF
2026-09-05T11:46:35.4139246Z -- BUILD_EXAMPLES:     OFF
2026-09-05T11:46:35.4139662Z -- BUILD_BENCHMARKS:   OFF
2026-09-05T11:46:35.4139977Z -- BUILD_EXTRAS:       OFF
2026-09-05T11:46:35.4140368Z -- BUILD_STATIC:       OFF
2026-09-05T11:46:35.4140821Z -- BUILD_SHARED:       ON
2026-09-05T11:46:35.4141278Z -- GIT_SUBMOD_AUTO:    ON
2026-09-05T11:46:35.4141661Z -- WITH_BE2:           OFF
2026-09-05T11:46:35.4142101Z -- WITH_BE4:           OFF
2026-09-05T11:46:35.4142552Z -- WITH_NTL:           OFF
2026-09-05T11:46:35.4142938Z -- WITH_TCM:           OFF
2026-09-05T11:46:35.4143222Z -- WITH_OPENMP:        ON
2026-09-05T11:46:35.4143504Z -- NATIVE_SIZE:        64
2026-09-05T11:46:35.4144063Z -- CKKS_M_FACTOR:      1
2026-09-05T11:46:35.4144643Z -- WITH_NATIVEOPT:     OFF
2026-09-05T11:46:35.4145117Z -- WITH_COVTEST:       OFF
2026-09-05T11:46:35.4145529Z -- WITH_NOISE_DEBUG:   OFF
2026-09-05T11:46:35.4145819Z -- WITH_REDUCED_NOISE: OFF
2026-09-05T11:46:35.4146142Z -- USE_MACPORTS:       OFF
2026-09-05T11:46:35.4146905Z ***** INSTALL IS AT /home/runner/work/20231788./20231788./.ci/openfhe-install; to change, run cmake with -DCMAKE_INSTALL_PREFIX=/your/path
2026-09-05T11:46:35.4147739Z -- BUILTIN_INFO_AVAILABLE is defined
2026-09-05T11:46:35.4162621Z -- Architecture is x86_64
2026-09-05T11:46:35.4982562Z -- Looking for sys/types.h
2026-09-05T11:46:35.6669842Z -- Looking for sys/types.h - found
2026-09-05T11:46:35.6670453Z -- Looking for stdint.h
2026-09-05T11:46:35.7225185Z -- Looking for stdint.h - found
2026-09-05T11:46:35.7225795Z -- Looking for stddef.h
2026-09-05T11:46:35.7743999Z -- Looking for stddef.h - found
2026-09-05T11:46:35.7744921Z -- Check size of __int128
2026-09-05T11:46:35.8427185Z -- Check size of __int128 - done
2026-09-05T11:46:35.8430029Z -- Check size of uint64_t
2026-09-05T11:46:35.8987622Z -- Check size of uint64_t - done
2026-09-05T11:46:35.8988069Z -- NATIVEINT is set to 64
2026-09-05T11:46:35.8988390Z -- MATHBACKEND is set to 4
2026-09-05T11:46:35.8988710Z -- MATHBACKEND set to 4. Setting WITH_BE4 to ON
2026-09-05T11:46:36.2636587Z -- Found OpenMP_C: -fopenmp (found version "4.5")
2026-09-05T11:46:36.3398759Z -- Found OpenMP_CXX: -fopenmp (found version "4.5")
2026-09-05T11:46:36.3403308Z -- Found OpenMP: TRUE (found version "4.5")
2026-09-05T11:46:36.3582184Z -- Found Git: /usr/bin/git (found version "2.55.0")
2026-09-05T11:46:36.3582846Z -- Submodule update
2026-09-05T11:46:36.3796685Z Synchronizing submodule url for 'third-party/cereal'
2026-09-05T11:46:36.3817306Z Synchronizing submodule url for 'third-party/google-benchmark'
2026-09-05T11:46:36.3838273Z Synchronizing submodule url for 'third-party/google-test'
2026-09-05T11:46:36.3860166Z Synchronizing submodule url for 'third-party/gperftools'
2026-09-05T11:46:36.5977724Z -- Configuring done (3.1s)
2026-09-05T11:46:36.6649808Z -- Generating done (0.1s)
2026-09-05T11:46:36.6654091Z -- Build files have been written to: /home/runner/work/20231788./20231788./.ci/openfhe-build
2026-09-05T11:46:36.6755564Z ##[group]Run cmake --build .ci/openfhe-build --parallel 2
2026-09-05T11:46:36.6756357Z [36;1mcmake --build .ci/openfhe-build --parallel 2[0m
2026-09-05T11:46:36.6756978Z [36;1mcmake --install .ci/openfhe-build[0m
2026-09-05T11:46:36.6808527Z shell: /usr/bin/bash -e {0}
2026-09-05T11:46:36.6808950Z env:
2026-09-05T11:46:36.6809393Z   OPENFHE_COMMIT: df495ba2e91739a6dc8f1de254fc5a41155ce504
2026-09-05T11:46:36.6810200Z   OPENFHE_PREFIX: /home/runner/work/20231788./20231788./.ci/openfhe-install
2026-09-05T11:46:36.6810880Z ##[endgroup]
2026-09-05T11:46:36.7075598Z -- Copied demoData files
2026-09-05T11:46:36.7094910Z [  0%] Built target third-party
2026-09-05T11:46:36.7179455Z [  1%] Building CXX object src/core/CMakeFiles/coreobj.dir/lib/lattice/constants-lattice-impl.cpp.o
2026-09-05T11:46:36.7181888Z [  2%] Building CXX object src/core/CMakeFiles/coreobj.dir/lib/lattice/lattice.cpp.o
2026-09-05T11:46:37.2455443Z [  3%] Building CXX object src/core/CMakeFiles/coreobj.dir/lib/lattice/stdlatticeparms.cpp.o
2026-09-05T11:46:37.9564660Z [  4%] Building CXX object src/core/CMakeFiles/coreobj.dir/lib/lattice/trapdoor-dcrtpoly.cpp.o
2026-09-05T11:46:44.3968699Z [  5%] Building CXX object src/core/CMakeFiles/coreobj.dir/lib/lattice/trapdoor-poly.cpp.o
2026-09-05T11:46:51.3838545Z [  6%] Building CXX object src/core/CMakeFiles/coreobj.dir/lib/math/chebyshev.cpp.o
2026-09-05T11:46:51.7830972Z [  6%] Building CXX object src/core/CMakeFiles/coreobj.dir/lib/math/dftransform.cpp.o
2026-09-05T11:46:51.9481823Z [  7%] Building CXX object src/core/CMakeFiles/coreobj.dir/lib/math/discretegaussiangeneratorgeneric.cpp.o
2026-09-05T11:46:52.8365792Z [  8%] Building CXX object src/core/CMakeFiles/coreobj.dir/lib/math/distributiongenerator.cpp.o
2026-09-05T11:46:52.8738556Z [  9%] Building CXX object src/core/CMakeFiles/coreobj.dir/lib/math/hal/bigintdyn/be4-math-impl.cpp.o
2026-09-05T11:46:53.3419033Z [ 10%] Building CXX object src/core/CMakeFiles/coreobj.dir/lib/math/hal/bigintdyn/mubintvecdyn.cpp.o
2026-09-05T11:46:55.4186932Z [ 11%] Building CXX object src/core/CMakeFiles/coreobj.dir/lib/math/hal/bigintdyn/ubintdyn.cpp.o
2026-09-05T11:46:56.4969195Z [ 12%] Building CXX object src/core/CMakeFiles/coreobj.dir/lib/math/hal/bigintfxd/be2-math-impl.cpp.o
2026-09-05T11:46:56.5085611Z [ 13%] Building CXX object src/core/CMakeFiles/coreobj.dir/lib/math/hal/bigintfxd/mubintvecfxd.cpp.o
2026-09-05T11:46:56.5201149Z [ 14%] Building CXX object src/core/CMakeFiles/coreobj.dir/lib/math/hal/bigintfxd/ubintfxd.cpp.o
2026-09-05T11:46:56.5321709Z [ 15%] Building CXX object src/core/CMakeFiles/coreobj.dir/lib/math/hal/bigintntl/be6-math-impl.cpp.o
2026-09-05T11:46:56.5434686Z [ 15%] Building CXX object src/core/CMakeFiles/coreobj.dir/lib/math/hal/bigintntl/mubintvecntl.cpp.o
2026-09-05T11:46:56.5550141Z [ 16%] Building CXX object src/core/CMakeFiles/coreobj.dir/lib/math/hal/bigintntl/ubintntl.cpp.o
2026-09-05T11:46:56.5663839Z [ 17%] Building CXX object src/core/CMakeFiles/coreobj.dir/lib/math/hal/intnat/benative-math-impl.cpp.o
2026-09-05T11:46:57.6532745Z [ 18%] Building CXX object src/core/CMakeFiles/coreobj.dir/lib/math/hal/intnat/mubintvecnat.cpp.o
2026-09-05T11:46:59.3448340Z [ 19%] Building CXX object src/core/CMakeFiles/coreobj.dir/lib/math/hermite.cpp.o
2026-09-05T11:47:00.1632025Z [ 20%] Building CXX object src/core/CMakeFiles/coreobj.dir/lib/math/matrix.cpp.o
2026-09-05T11:47:00.2449101Z [ 21%] Building CXX object src/core/CMakeFiles/coreobj.dir/lib/math/nbtheory2.cpp.o
2026-09-05T11:47:01.3539715Z [ 22%] Building CXX object src/core/CMakeFiles/coreobj.dir/lib/utils/blockAllocator/blockAllocator.cpp.o
2026-09-05T11:47:01.7347399Z [ 23%] Building CXX object src/core/CMakeFiles/coreobj.dir/lib/utils/blockAllocator/xallocator.cpp.o
2026-09-05T11:47:02.3160320Z [ 24%] Building CXX object src/core/CMakeFiles/coreobj.dir/lib/utils/debug.cpp.o
2026-09-05T11:47:02.6122897Z [ 24%] Building CXX object src/core/CMakeFiles/coreobj.dir/lib/utils/demangle.cpp.o
2026-09-05T11:47:02.8209952Z [ 25%] Building CXX object src/core/CMakeFiles/coreobj.dir/lib/utils/get-call-stack.cpp.o
2026-09-05T11:47:03.1238012Z [ 26%] Building CXX object src/core/CMakeFiles/coreobj.dir/lib/utils/hashutil.cpp.o
2026-09-05T11:47:03.4171844Z [ 27%] Building CXX object src/core/CMakeFiles/coreobj.dir/lib/utils/inttypes.cpp.o
2026-09-05T11:47:03.6356082Z [ 28%] Building CXX object src/core/CMakeFiles/coreobj.dir/lib/utils/memory.cpp.o
2026-09-05T11:47:03.6457780Z [ 29%] Building CXX object src/core/CMakeFiles/coreobj.dir/lib/utils/openfhebase64.cpp.o
2026-09-05T11:47:03.8522726Z [ 30%] Building CXX object src/core/CMakeFiles/coreobj.dir/lib/utils/parallel.cpp.o
2026-09-05T11:47:03.8707845Z [ 31%] Building C object src/core/CMakeFiles/coreobj.dir/lib/utils/prng/blake2b-ref.c.o
2026-09-05T11:47:03.8747261Z [ 32%] Building CXX object src/core/CMakeFiles/coreobj.dir/lib/utils/prng/blake2engine.cpp.o
2026-09-05T11:47:04.3391356Z [ 34%] Building C object src/core/CMakeFiles/coreobj.dir/lib/utils/prng/blake2xb-ref.c.o
2026-09-05T11:47:04.3960509Z [ 34%] Building CXX object src/core/CMakeFiles/coreobj.dir/lib/utils/utilities.cpp.o
2026-09-05T11:47:04.6490923Z [ 34%] Built target coreobj
2026-09-05T11:47:04.6562700Z [ 35%] Linking CXX shared library ../../lib/libOPENFHEcore.so
2026-09-05T11:47:04.7595245Z [ 35%] Built target OPENFHEcore
2026-09-05T11:47:04.7667373Z [ 36%] Building CXX object src/binfhe/CMakeFiles/binfheobj.dir/lib/binfhe-base-scheme.cpp.o
2026-09-05T11:47:04.7669290Z [ 37%] Building CXX object src/binfhe/CMakeFiles/binfheobj.dir/lib/binfhe-constants-impl.cpp.o
2026-09-05T11:47:05.1966981Z [ 38%] Building CXX object src/binfhe/CMakeFiles/binfheobj.dir/lib/binfhecontext.cpp.o
2026-09-05T11:47:08.1991705Z [ 39%] Building CXX object src/binfhe/CMakeFiles/binfheobj.dir/lib/lwe-pke.cpp.o
2026-09-05T11:47:08.3920338Z [ 40%] Building CXX object src/binfhe/CMakeFiles/binfheobj.dir/lib/rgsw-acc-cggi.cpp.o
2026-09-05T11:47:09.9321551Z [ 41%] Building CXX object src/binfhe/CMakeFiles/binfheobj.dir/lib/rgsw-acc-dm.cpp.o
2026-09-05T11:47:10.5029116Z [ 41%] Building CXX object src/binfhe/CMakeFiles/binfheobj.dir/lib/rgsw-acc-lmkcdey.cpp.o
2026-09-05T11:47:12.0520552Z [ 42%] Building CXX object src/binfhe/CMakeFiles/binfheobj.dir/lib/rgsw-acc.cpp.o
2026-09-05T11:47:13.1105163Z [ 43%] Building CXX object src/binfhe/CMakeFiles/binfheobj.dir/lib/rgsw-cryptoparameters.cpp.o
2026-09-05T11:47:14.8064505Z [ 43%] Built target binfheobj
2026-09-05T11:47:14.8133047Z [ 43%] Linking CXX shared library ../../lib/libOPENFHEbinfhe.so
2026-09-05T11:47:14.8817502Z [ 43%] Built target OPENFHEbinfhe
2026-09-05T11:47:14.8909355Z [ 44%] Building CXX object src/pke/CMakeFiles/pkeobj.dir/lib/ciphertext-impl.cpp.o
2026-09-05T11:47:14.8911689Z [ 45%] Building CXX object src/pke/CMakeFiles/pkeobj.dir/lib/constants-impl.cpp.o
2026-09-05T11:47:15.5152245Z [ 46%] Building CXX object src/pke/CMakeFiles/pkeobj.dir/lib/cryptocontext.cpp.o
2026-09-05T11:47:19.2674986Z [ 47%] Building CXX object src/pke/CMakeFiles/pkeobj.dir/lib/cryptocontextfactory.cpp.o
2026-09-05T11:47:23.2430004Z [ 48%] Building CXX object src/pke/CMakeFiles/pkeobj.dir/lib/cryptoobject-impl.cpp.o
2026-09-05T11:47:25.0776618Z [ 49%] Building CXX object src/pke/CMakeFiles/pkeobj.dir/lib/encoding/ckkspackedencoding.cpp.o
2026-09-05T11:47:26.0241897Z [ 50%] Building CXX object src/pke/CMakeFiles/pkeobj.dir/lib/encoding/coefpackedencoding.cpp.o
2026-09-05T11:47:28.1910631Z [ 51%] Building CXX object src/pke/CMakeFiles/pkeobj.dir/lib/encoding/encodingparams.cpp.o
2026-09-05T11:47:28.9093298Z [ 51%] Building CXX object src/pke/CMakeFiles/pkeobj.dir/lib/encoding/packedencoding.cpp.o
2026-09-05T11:47:29.0337418Z [ 52%] Building CXX object src/pke/CMakeFiles/pkeobj.dir/lib/encoding/stringencoding.cpp.o
2026-09-05T11:47:31.8826917Z [ 53%] Building CXX object src/pke/CMakeFiles/pkeobj.dir/lib/globals-impl.cpp.o
2026-09-05T11:47:31.9000126Z [ 54%] Building CXX object src/pke/CMakeFiles/pkeobj.dir/lib/key/evalkey.cpp.o
2026-09-05T11:47:33.4254994Z [ 55%] Building CXX object src/pke/CMakeFiles/pkeobj.dir/lib/key/evalkeyrelin.cpp.o
2026-09-05T11:47:33.5882551Z [ 56%] Building CXX object src/pke/CMakeFiles/pkeobj.dir/lib/key/privatekey.cpp.o
2026-09-05T11:47:36.7600431Z [ 57%] Building CXX object src/pke/CMakeFiles/pkeobj.dir/lib/key/publickey.cpp.o
2026-09-05T11:47:36.7688903Z [ 58%] Building CXX object src/pke/CMakeFiles/pkeobj.dir/lib/keyswitch/keyswitch-base.cpp.o
2026-09-05T11:47:38.6882925Z [ 59%] Building CXX object src/pke/CMakeFiles/pkeobj.dir/lib/keyswitch/keyswitch-bv.cpp.o
2026-09-05T11:47:40.0760533Z [ 60%] Building CXX object src/pke/CMakeFiles/pkeobj.dir/lib/keyswitch/keyswitch-hybrid.cpp.o
2026-09-05T11:47:42.5667514Z [ 60%] Building CXX object src/pke/CMakeFiles/pkeobj.dir/lib/scheme/bfvrns/bfvrns-cryptoparameters.cpp.o
2026-09-05T11:47:44.1207492Z [ 61%] Building CXX object src/pke/CMakeFiles/pkeobj.dir/lib/scheme/bfvrns/bfvrns-leveledshe.cpp.o
2026-09-05T11:47:46.8018230Z [ 62%] Building CXX object src/pke/CMakeFiles/pkeobj.dir/lib/scheme/bfvrns/bfvrns-multiparty.cpp.o
2026-09-05T11:47:49.3064015Z [ 63%] Building CXX object src/pke/CMakeFiles/pkeobj.dir/lib/scheme/bfvrns/bfvrns-parametergeneration.cpp.o
2026-09-05T11:47:50.6946781Z [ 64%] Building CXX object src/pke/CMakeFiles/pkeobj.dir/lib/scheme/bfvrns/bfvrns-pke.cpp.o
2026-09-05T11:47:52.3915319Z [ 65%] Building CXX object src/pke/CMakeFiles/pkeobj.dir/lib/scheme/bfvrns/bfvrns-scheme.cpp.o
2026-09-05T11:47:54.7837260Z [ 67%] Building CXX object src/pke/CMakeFiles/pkeobj.dir/lib/scheme/bgvrns/bgvrns-cryptoparameters.cpp.o
2026-09-05T11:47:56.9016828Z [ 68%] Building CXX object src/pke/CMakeFiles/pkeobj.dir/lib/scheme/bgvrns/bgvrns-leveledshe.cpp.o
2026-09-05T11:47:57.2342311Z [ 69%] Building CXX object src/pke/CMakeFiles/pkeobj.dir/lib/scheme/bgvrns/bgvrns-multiparty.cpp.o
2026-09-05T11:47:58.9505113Z [ 70%] Building CXX object src/pke/CMakeFiles/pkeobj.dir/lib/scheme/bgvrns/bgvrns-parametergeneration.cpp.o
2026-09-05T11:48:00.7164628Z [ 70%] Building CXX object src/pke/CMakeFiles/pkeobj.dir/lib/scheme/bgvrns/bgvrns-pke.cpp.o
2026-09-05T11:48:02.0830905Z [ 71%] Building CXX object src/pke/CMakeFiles/pkeobj.dir/lib/scheme/bgvrns/bgvrns-scheme.cpp.o
2026-09-05T11:48:04.2091816Z [ 72%] Building CXX object src/pke/CMakeFiles/pkeobj.dir/lib/scheme/ckksrns/ckksrns-advancedshe.cpp.o
2026-09-05T11:48:06.9189394Z [ 73%] Building CXX object src/pke/CMakeFiles/pkeobj.dir/lib/scheme/ckksrns/ckksrns-cryptoparameters.cpp.o
2026-09-05T11:48:09.0056018Z [ 74%] Building CXX object src/pke/CMakeFiles/pkeobj.dir/lib/scheme/ckksrns/ckksrns-fhe.cpp.o
2026-09-05T11:48:09.2266079Z [ 75%] Building CXX object src/pke/CMakeFiles/pkeobj.dir/lib/scheme/ckksrns/ckksrns-leveledshe.cpp.o
2026-09-05T11:48:13.5132207Z [ 76%] Building CXX object src/pke/CMakeFiles/pkeobj.dir/lib/scheme/ckksrns/ckksrns-multiparty.cpp.o
2026-09-05T11:48:18.2965493Z [ 77%] Building CXX object src/pke/CMakeFiles/pkeobj.dir/lib/scheme/ckksrns/ckksrns-parametergeneration.cpp.o
2026-09-05T11:48:19.4651635Z [ 78%] Building CXX object src/pke/CMakeFiles/pkeobj.dir/lib/scheme/ckksrns/ckksrns-pke.cpp.o
2026-09-05T11:48:20.8560859Z [ 79%] Building CXX object src/pke/CMakeFiles/pkeobj.dir/lib/scheme/ckksrns/ckksrns-scheme.cpp.o
2026-09-05T11:48:22.9366117Z [ 79%] Building CXX object src/pke/CMakeFiles/pkeobj.dir/lib/scheme/ckksrns/ckksrns-schemeswitching.cpp.o
2026-09-05T11:48:25.6613341Z [ 80%] Building CXX object src/pke/CMakeFiles/pkeobj.dir/lib/scheme/ckksrns/ckksrns-utils.cpp.o
2026-09-05T11:48:28.2671028Z [ 81%] Building CXX object src/pke/CMakeFiles/pkeobj.dir/lib/scheme/gen-cryptocontext-params-impl.cpp.o
2026-09-05T11:48:28.9057674Z [ 82%] Building CXX object src/pke/CMakeFiles/pkeobj.dir/lib/scheme/gen-cryptocontext-params-validation.cpp.o
2026-09-05T11:48:29.5860481Z [ 83%] Building CXX object src/pke/CMakeFiles/pkeobj.dir/lib/scheme/scheme-id-impl.cpp.o
2026-09-05T11:48:30.0460500Z [ 84%] Building CXX object src/pke/CMakeFiles/pkeobj.dir/lib/scheme/scheme-swch-params.cpp.o
2026-09-05T11:48:30.7888304Z [ 85%] Building CXX object src/pke/CMakeFiles/pkeobj.dir/lib/schemebase/base-advancedshe.cpp.o
2026-09-05T11:48:32.0741366Z [ 86%] Building CXX object src/pke/CMakeFiles/pkeobj.dir/lib/schemebase/base-cryptoparameters.cpp.o
2026-09-05T11:48:33.3305076Z [ 87%] Building CXX object src/pke/CMakeFiles/pkeobj.dir/lib/schemebase/base-fhe.cpp.o
2026-09-05T11:48:35.1593931Z [ 88%] Building CXX object src/pke/CMakeFiles/pkeobj.dir/lib/schemebase/base-leveledshe.cpp.o
2026-09-05T11:48:36.3168944Z [ 88%] Building CXX object src/pke/CMakeFiles/pkeobj.dir/lib/schemebase/base-multiparty.cpp.o
2026-09-05T11:48:40.0878806Z [ 89%] Building CXX object src/pke/CMakeFiles/pkeobj.dir/lib/schemebase/base-parametergeneration.cpp.o
2026-09-05T11:48:40.9056829Z [ 90%] Building CXX object src/pke/CMakeFiles/pkeobj.dir/lib/schemebase/base-pke.cpp.o
2026-09-05T11:48:41.2232122Z [ 91%] Building CXX object src/pke/CMakeFiles/pkeobj.dir/lib/schemebase/base-pre.cpp.o
2026-09-05T11:48:44.8849502Z [ 92%] Building CXX object src/pke/CMakeFiles/pkeobj.dir/lib/schemebase/base-scheme.cpp.o
2026-09-05T11:48:44.9743985Z [ 93%] Building CXX object src/pke/CMakeFiles/pkeobj.dir/lib/schemebase/rlwe-cryptoparameters-impl.cpp.o
2026-09-05T11:48:46.3252214Z [ 94%] Building CXX object src/pke/CMakeFiles/pkeobj.dir/lib/schemelet/rlwe-mp.cpp.o
2026-09-05T11:48:49.9443821Z [ 95%] Building CXX object src/pke/CMakeFiles/pkeobj.dir/lib/schemerns/rns-cryptoparameters.cpp.o
2026-09-05T11:48:50.5609297Z [ 96%] Building CXX object src/pke/CMakeFiles/pkeobj.dir/lib/schemerns/rns-leveledshe.cpp.o
2026-09-05T11:48:53.3075370Z [ 97%] Building CXX object src/pke/CMakeFiles/pkeobj.dir/lib/schemerns/rns-multiparty.cpp.o
2026-09-05T11:48:54.9255734Z [ 98%] Building CXX object src/pke/CMakeFiles/pkeobj.dir/lib/schemerns/rns-pke.cpp.o
2026-09-05T11:48:58.6189463Z [ 98%] Built target pkeobj
2026-09-05T11:48:58.6265162Z [100%] Linking CXX shared library ../../lib/libOPENFHEpke.so
2026-09-05T11:48:58.8149623Z [100%] Built target OPENFHEpke
2026-09-05T11:48:58.8222231Z -- Install configuration: "Release"
2026-09-05T11:48:58.8608022Z -- Installing: /home/runner/work/20231788./20231788./.ci/openfhe-install/include/openfhe/core/config_core.h
2026-09-05T11:48:58.8611316Z -- Installing: /home/runner/work/20231788./20231788./.ci/openfhe-install/include/openfhe/cereal
2026-09-05T11:48:58.8612646Z -- Installing: /home/runner/work/20231788./20231788./.ci/openfhe-install/include/openfhe/cereal/external
2026-09-05T11:48:58.8614106Z -- Installing: /home/runner/work/20231788./20231788./.ci/openfhe-install/include/openfhe/cereal/external/rapidjson
2026-09-05T11:48:58.8616300Z -- Installing: /home/runner/work/20231788./20231788./.ci/openfhe-install/include/openfhe/cereal/external/rapidjson/memorybuffer.h
2026-09-05T11:48:58.8619021Z -- Installing: /home/runner/work/20231788./20231788./.ci/openfhe-install/include/openfhe/cereal/external/rapidjson/writer.h
2026-09-05T11:48:58.8621142Z -- Installing: /home/runner/work/20231788./20231788./.ci/openfhe-install/include/openfhe/cereal/external/rapidjson/reader.h
2026-09-05T11:48:58.8624602Z -- Installing: /home/runner/work/20231788./20231788./.ci/openfhe-install/include/openfhe/cereal/external/rapidjson/istreamwrapper.h
2026-09-05T11:48:58.8626665Z -- Installing: /home/runner/work/20231788./20231788./.ci/openfhe-install/include/openfhe/cereal/external/rapidjson/cursorstreamwrapper.h
2026-09-05T11:48:58.8628504Z -- Installing: /home/runner/work/20231788./20231788./.ci/openfhe-install/include/openfhe/cereal/external/rapidjson/schema.h
2026-09-05T11:48:58.8631639Z -- Installing: /home/runner/work/20231788./20231788./.ci/openfhe-install/include/openfhe/cereal/external/rapidjson/fwd.h
2026-09-05T11:48:58.8633462Z -- Installing: /home/runner/work/20231788./20231788./.ci/openfhe-install/include/openfhe/cereal/external/rapidjson/internal
2026-09-05T11:48:58.8635487Z -- Installing: /home/runner/work/20231788./20231788./.ci/openfhe-install/include/openfhe/cereal/external/rapidjson/internal/stack.h
2026-09-05T11:48:58.8637211Z -- Installing: /home/runner/work/20231788./20231788./.ci/openfhe-install/include/openfhe/cereal/external/rapidjson/internal/strfunc.h
2026-09-05T11:48:58.8639166Z -- Installing: /home/runner/work/20231788./20231788./.ci/openfhe-install/include/openfhe/cereal/external/rapidjson/internal/diyfp.h
2026-09-05T11:48:58.8641049Z -- Installing: /home/runner/work/20231788./20231788./.ci/openfhe-install/include/openfhe/cereal/external/rapidjson/internal/ieee754.h
2026-09-05T11:48:58.8642892Z -- Installing: /home/runner/work/20231788./20231788./.ci/openfhe-install/include/openfhe/cereal/external/rapidjson/internal/itoa.h
2026-09-05T11:48:58.8644914Z -- Installing: /home/runner/work/20231788./20231788./.ci/openfhe-install/include/openfhe/cereal/external/rapidjson/internal/strtod.h
2026-09-05T11:48:58.8646957Z -- Installing: /home/runner/work/20231788./20231788./.ci/openfhe-install/include/openfhe/cereal/external/rapidjson/internal/swap.h
2026-09-05T11:48:58.8648795Z -- Installing: /home/runner/work/20231788./20231788./.ci/openfhe-install/include/openfhe/cereal/external/rapidjson/internal/biginteger.h
2026-09-05T11:48:58.8650784Z -- Installing: /home/runner/work/20231788./20231788./.ci/openfhe-install/include/openfhe/cereal/external/rapidjson/internal/dtoa.h
2026-09-05T11:48:58.8652709Z -- Installing: /home/runner/work/20231788./20231788./.ci/openfhe-install/include/openfhe/cereal/external/rapidjson/internal/meta.h
2026-09-05T11:48:58.8654831Z -- Installing: /home/runner/work/20231788./20231788./.ci/openfhe-install/include/openfhe/cereal/external/rapidjson/internal/pow10.h
2026-09-05T11:48:58.8656731Z -- Installing: /home/runner/work/20231788./20231788./.ci/openfhe-install/include/openfhe/cereal/external/rapidjson/internal/regex.h
2026-09-05T11:48:58.8658881Z -- Installing: /home/runner/work/20231788./20231788./.ci/openfhe-install/include/openfhe/cereal/external/rapidjson/ostreamwrapper.h
2026-09-05T11:48:58.8660779Z -- Installing: /home/runner/work/20231788./20231788./.ci/openfhe-install/include/openfhe/cereal/external/rapidjson/memorystream.h
2026-09-05T11:48:58.8662579Z -- Installing: /home/runner/work/20231788./20231788./.ci/openfhe-install/include/openfhe/cereal/external/rapidjson/stringbuffer.h
2026-09-05T11:48:58.8664571Z -- Installing: /home/runner/work/20231788./20231788./.ci/openfhe-install/include/openfhe/cereal/external/rapidjson/document.h
2026-09-05T11:48:58.8667992Z -- Installing: /home/runner/work/20231788./20231788./.ci/openfhe-install/include/openfhe/cereal/external/rapidjson/prettywriter.h
2026-09-05T11:48:58.8669899Z -- Installing: /home/runner/work/20231788./20231788./.ci/openfhe-install/include/openfhe/cereal/external/rapidjson/filereadstream.h
2026-09-05T11:48:58.8671674Z -- Installing: /home/runner/work/20231788./20231788./.ci/openfhe-install/include/openfhe/cereal/external/rapidjson/rapidjson.h
2026-09-05T11:48:58.8673818Z -- Installing: /home/runner/work/20231788./20231788./.ci/openfhe-install/include/openfhe/cereal/external/rapidjson/pointer.h
2026-09-05T11:48:58.8676663Z -- Installing: /home/runner/work/20231788./20231788./.ci/openfhe-install/include/openfhe/cereal/external/rapidjson/stream.h
2026-09-05T11:48:58.8678488Z -- Installing: /home/runner/work/20231788./20231788./.ci/openfhe-install/include/openfhe/cereal/external/rapidjson/msinttypes
2026-09-05T11:48:58.8680265Z -- Installing: /home/runner/work/20231788./20231788./.ci/openfhe-install/include/openfhe/cereal/external/rapidjson/msinttypes/inttypes.h
2026-09-05T11:48:58.8681990Z -- Installing: /home/runner/work/20231788./20231788./.ci/openfhe-install/include/openfhe/cereal/external/rapidjson/msinttypes/stdint.h
2026-09-05T11:48:58.8683821Z -- Installing: /home/runner/work/20231788./20231788./.ci/openfhe-install/include/openfhe/cereal/external/rapidjson/msinttypes/LICENSE
2026-09-05T11:48:58.8685898Z -- Installing: /home/runner/work/20231788./20231788./.ci/openfhe-install/include/openfhe/cereal/external/rapidjson/allocators.h
2026-09-05T11:48:58.8687824Z -- Installing: /home/runner/work/20231788./20231788./.ci/openfhe-install/include/openfhe/cereal/external/rapidjson/filewritestream.h
2026-09-05T11:48:58.8689618Z -- Installing: /home/runner/work/20231788./20231788./.ci/openfhe-install/include/openfhe/cereal/external/rapidjson/LICENSE
2026-09-05T11:48:58.8691506Z -- Installing: /home/runner/work/20231788./20231788./.ci/openfhe-install/include/openfhe/cereal/external/rapidjson/error
2026-09-05T11:48:58.8693202Z -- Installing: /home/runner/work/20231788./20231788./.ci/openfhe-install/include/openfhe/cereal/external/rapidjson/error/error.h
2026-09-05T11:48:58.8695140Z -- Installing: /home/runner/work/20231788./20231788./.ci/openfhe-install/include/openfhe/cereal/external/rapidjson/error/en.h
2026-09-05T11:48:58.8696775Z -- Installing: /home/runner/work/20231788./20231788./.ci/openfhe-install/include/openfhe/cereal/external/rapidjson/encodings.h
2026-09-05T11:48:58.8698837Z -- Installing: /home/runner/work/20231788./20231788./.ci/openfhe-install/include/openfhe/cereal/external/rapidjson/encodedstream.h
2026-09-05T11:48:58.8700721Z -- Installing: /home/runner/work/20231788./20231788./.ci/openfhe-install/include/openfhe/cereal/external/base64.hpp
2026-09-05T11:48:58.8702474Z -- Installing: /home/runner/work/20231788./20231788./.ci/openfhe-install/include/openfhe/cereal/external/LICENSE
2026-09-05T11:48:58.8704255Z -- Installing: /home/runner/work/20231788./20231788./.ci/openfhe-install/include/openfhe/cereal/external/rapidxml
2026-09-05T11:48:58.8706056Z -- Installing: /home/runner/work/20231788./20231788./.ci/openfhe-install/include/openfhe/cereal/external/rapidxml/license.txt
2026-09-05T11:48:58.8708066Z -- Installing: /home/runner/work/20231788./20231788./.ci/openfhe-install/include/openfhe/cereal/external/rapidxml/rapidxml.hpp
2026-09-05T11:48:58.8710962Z -- Installing: /home/runner/work/20231788./20231788./.ci/openfhe-install/include/openfhe/cereal/external/rapidxml/rapidxml_iterators.hpp
2026-09-05T11:48:58.8712742Z -- Installing: /home/runner/work/20231788./20231788./.ci/openfhe-install/include/openfhe/cereal/external/rapidxml/rapidxml_utils.hpp
2026-09-05T11:48:58.8714969Z -- Installing: /home/runner/work/20231788./20231788./.ci/openfhe-install/include/openfhe/cereal/external/rapidxml/rapidxml_print.hpp
2026-09-05T11:48:58.8716953Z -- Installing: /home/runner/work/20231788./20231788./.ci/openfhe-install/include/openfhe/cereal/external/rapidxml/manual.html
2026-09-05T11:48:58.8720297Z -- Installing: /home/runner/work/20231788./20231788./.ci/openfhe-install/include/openfhe/cereal/access.hpp
2026-09-05T11:48:58.8721950Z -- Installing: /home/runner/work/20231788./20231788./.ci/openfhe-install/include/openfhe/cereal/version.hpp
2026-09-05T11:48:58.8723667Z -- Installing: /home/runner/work/20231788./20231788./.ci/openfhe-install/include/openfhe/cereal/macros.hpp
2026-09-05T11:48:58.8725702Z -- Installing: /home/runner/work/20231788./20231788./.ci/openfhe-install/include/openfhe/cereal/cereal.hpp
2026-09-05T11:48:58.8728338Z -- Installing: /home/runner/work/20231788./20231788./.ci/openfhe-install/include/openfhe/cereal/specialize.hpp
2026-09-05T11:48:58.8729703Z -- Installing: /home/runner/work/20231788./20231788./.ci/openfhe-install/include/openfhe/cereal/types
2026-09-05T11:48:58.8731305Z -- Installing: /home/runner/work/20231788./20231788./.ci/openfhe-install/include/openfhe/cereal/types/memory.hpp
2026-09-05T11:48:58.8733337Z -- Installing: /home/runner/work/20231788./20231788./.ci/openfhe-install/include/openfhe/cereal/types/optional.hpp
2026-09-05T11:48:58.8735211Z -- Installing: /home/runner/work/20231788./20231788./.ci/openfhe-install/include/openfhe/cereal/types/stack.hpp
2026-09-05T11:48:58.8737151Z -- Installing: /home/runner/work/20231788./20231788./.ci/openfhe-install/include/openfhe/cereal/types/set.hpp
2026-09-05T11:48:58.8738928Z -- Installing: /home/runner/work/20231788./20231788./.ci/openfhe-install/include/openfhe/cereal/types/array.hpp
2026-09-05T11:48:58.8740730Z -- Installing: /home/runner/work/20231788./20231788./.ci/openfhe-install/include/openfhe/cereal/types/unordered_set.hpp
2026-09-05T11:48:58.8742470Z -- Installing: /home/runner/work/20231788./20231788./.ci/openfhe-install/include/openfhe/cereal/types/chrono.hpp
2026-09-05T11:48:58.8744587Z -- Installing: /home/runner/work/20231788./20231788./.ci/openfhe-install/include/openfhe/cereal/types/functional.hpp
2026-09-05T11:48:58.8746313Z -- Installing: /home/runner/work/20231788./20231788./.ci/openfhe-install/include/openfhe/cereal/types/unordered_map.hpp
2026-09-05T11:48:58.8747968Z -- Installing: /home/runner/work/20231788./20231788./.ci/openfhe-install/include/openfhe/cereal/types/map.hpp
2026-09-05T11:48:58.8749703Z -- Installing: /home/runner/work/20231788./20231788./.ci/openfhe-install/include/openfhe/cereal/types/concepts
2026-09-05T11:48:58.8751297Z -- Installing: /home/runner/work/20231788./20231788./.ci/openfhe-install/include/openfhe/cereal/types/concepts/pair_associative_container.hpp
2026-09-05T11:48:58.8752879Z -- Installing: /home/runner/work/20231788./20231788./.ci/openfhe-install/include/openfhe/cereal/types/deque.hpp
2026-09-05T11:48:58.8754690Z -- Installing: /home/runner/work/20231788./20231788./.ci/openfhe-install/include/openfhe/cereal/types/polymorphic.hpp
2026-09-05T11:48:58.8756791Z -- Installing: /home/runner/work/20231788./20231788./.ci/openfhe-install/include/openfhe/cereal/types/variant.hpp
2026-09-05T11:48:58.8758610Z -- Installing: /home/runner/work/20231788./20231788./.ci/openfhe-install/include/openfhe/cereal/types/tuple.hpp
2026-09-05T11:48:58.8760498Z -- Installing: /home/runner/work/20231788./20231788./.ci/openfhe-install/include/openfhe/cereal/types/atomic.hpp
2026-09-05T11:48:58.8762275Z -- Installing: /home/runner/work/20231788./20231788./.ci/openfhe-install/include/openfhe/cereal/types/base_class.hpp
2026-09-05T11:48:58.8764193Z -- Installing: /home/runner/work/20231788./20231788./.ci/openfhe-install/include/openfhe/cereal/types/string.hpp
2026-09-05T11:48:58.8766234Z -- Installing: /home/runner/work/20231788./20231788./.ci/openfhe-install/include/openfhe/cereal/types/list.hpp
2026-09-05T11:48:58.8767990Z -- Installing: /home/runner/work/20231788./20231788./.ci/openfhe-install/include/openfhe/cereal/types/queue.hpp
2026-09-05T11:48:58.8769870Z -- Installing: /home/runner/work/20231788./20231788./.ci/openfhe-install/include/openfhe/cereal/types/valarray.hpp
2026-09-05T11:48:58.8771638Z -- Installing: /home/runner/work/20231788./20231788./.ci/openfhe-install/include/openfhe/cereal/types/vector.hpp
2026-09-05T11:48:58.8773477Z -- Installing: /home/runner/work/20231788./20231788./.ci/openfhe-install/include/openfhe/cereal/types/bitset.hpp
2026-09-05T11:48:58.8775620Z -- Installing: /home/runner/work/20231788./20231788./.ci/openfhe-install/include/openfhe/cereal/types/boost_variant.hpp
2026-09-05T11:48:58.8777618Z -- Installing: /home/runner/work/20231788./20231788./.ci/openfhe-install/include/openfhe/cereal/types/utility.hpp
2026-09-05T11:48:58.8779460Z -- Installing: /home/runner/work/20231788./20231788./.ci/openfhe-install/include/openfhe/cereal/types/forward_list.hpp
2026-09-05T11:48:58.8781176Z -- Installing: /home/runner/work/20231788./20231788./.ci/openfhe-install/include/openfhe/cereal/types/common.hpp
2026-09-05T11:48:58.8783072Z -- Installing: /home/runner/work/20231788./20231788./.ci/openfhe-install/include/openfhe/cereal/types/complex.hpp
2026-09-05T11:48:58.8784949Z -- Installing: /home/runner/work/20231788./20231788./.ci/openfhe-install/include/openfhe/cereal/details
2026-09-05T11:48:58.8786379Z -- Installing: /home/runner/work/20231788./20231788./.ci/openfhe-install/include/openfhe/cereal/details/traits.hpp
2026-09-05T11:48:58.8789754Z -- Installing: /home/runner/work/20231788./20231788./.ci/openfhe-install/include/openfhe/cereal/details/polymorphic_impl.hpp
2026-09-05T11:48:58.8791723Z -- Installing: /home/runner/work/20231788./20231788./.ci/openfhe-install/include/openfhe/cereal/details/polymorphic_impl_fwd.hpp
2026-09-05T11:48:58.8793477Z -- Installing: /home/runner/work/20231788./20231788./.ci/openfhe-install/include/openfhe/cereal/details/helpers.hpp
2026-09-05T11:48:58.8795868Z -- Installing: /home/runner/work/20231788./20231788./.ci/openfhe-install/include/openfhe/cereal/details/static_object.hpp
2026-09-05T11:48:58.8797419Z -- Installing: /home/runner/work/20231788./20231788./.ci/openfhe-install/include/openfhe/cereal/details/util.hpp
2026-09-05T11:48:58.8799288Z -- Installing: /home/runner/work/20231788./20231788./.ci/openfhe-install/include/openfhe/cereal/archives
2026-09-05T11:48:58.8800703Z -- Installing: /home/runner/work/20231788./20231788./.ci/openfhe-install/include/openfhe/cereal/archives/adapters.hpp
2026-09-05T11:48:58.8802162Z -- Installing: /home/runner/work/20231788./20231788./.ci/openfhe-install/include/openfhe/cereal/archives/binary.hpp
2026-09-05T11:48:58.8803942Z -- Installing: /home/runner/work/20231788./20231788./.ci/openfhe-install/include/openfhe/cereal/archives/json.hpp
2026-09-05T11:48:58.8806991Z -- Installing: /home/runner/work/20231788./20231788./.ci/openfhe-install/include/openfhe/cereal/archives/xml.hpp
2026-09-05T11:48:58.8809121Z -- Installing: /home/runner/work/20231788./20231788./.ci/openfhe-install/include/openfhe/cereal/archives/portable_binary.hpp
2026-09-05T11:48:58.8814301Z -- Installing: /home/runner/work/20231788./20231788./.ci/openfhe-install/lib/libOPENFHEcore.so.1.5.0
2026-09-05T11:48:58.8839582Z -- Installing: /home/runner/work/20231788./20231788./.ci/openfhe-install/lib/libOPENFHEcore.so.1
2026-09-05T11:48:58.8840810Z -- Installing: /home/runner/work/20231788./20231788./.ci/openfhe-install/lib/libOPENFHEcore.so
2026-09-05T11:48:58.8842487Z -- Installing: /home/runner/work/20231788./20231788./.ci/openfhe-install/include/openfhe/core/math
2026-09-05T11:48:58.8844025Z -- Installing: /home/runner/work/20231788./20231788./.ci/openfhe-install/include/openfhe/core/math/ternaryuniformgenerator-impl.h
2026-09-05T11:48:58.8845890Z -- Installing: /home/runner/work/20231788./20231788./.ci/openfhe-install/include/openfhe/core/math/hal
2026-09-05T11:48:58.8847239Z -- Installing: /home/runner/work/20231788./20231788./.ci/openfhe-install/include/openfhe/core/math/hal/transform.h
2026-09-05T11:48:58.8849201Z -- Installing: /home/runner/work/20231788./20231788./.ci/openfhe-install/include/openfhe/core/math/hal/bigintdyn
2026-09-05T11:48:58.8850770Z -- Installing: /home/runner/work/20231788./20231788./.ci/openfhe-install/include/openfhe/core/math/hal/bigintdyn/backenddyn.h
2026-09-05T11:48:58.8852346Z -- Installing: /home/runner/work/20231788./20231788./.ci/openfhe-install/include/openfhe/core/math/hal/bigintdyn/ubintdyn.h
2026-09-05T11:48:58.8854864Z -- Installing: /home/runner/work/20231788./20231788./.ci/openfhe-install/include/openfhe/core/math/hal/bigintdyn/mubintvecdyn.h
2026-09-05T11:48:58.8856941Z -- Installing: /home/runner/work/20231788./20231788./.ci/openfhe-install/include/openfhe/core/math/hal/bigintdyn/transformdyn.h
2026-09-05T11:48:58.8859146Z -- Installing: /home/runner/work/20231788./20231788./.ci/openfhe-install/include/openfhe/core/math/hal/bigintdyn/transformdyn-impl.h
2026-09-05T11:48:58.8861527Z -- Installing: /home/runner/work/20231788./20231788./.ci/openfhe-install/include/openfhe/core/math/hal/vector.h
2026-09-05T11:48:58.8863463Z -- Installing: /home/runner/work/20231788./20231788./.ci/openfhe-install/include/openfhe/core/math/hal/basicint.h
2026-09-05T11:48:58.8865377Z -- Installing: /home/runner/work/20231788./20231788./.ci/openfhe-install/include/openfhe/core/math/hal/bigintntl
2026-09-05T11:48:58.8866824Z -- Installing: /home/runner/work/20231788./20231788./.ci/openfhe-install/include/openfhe/core/math/hal/bigintntl/backendntl.h
2026-09-05T11:48:58.8868506Z -- Installing: /home/runner/work/20231788./20231788./.ci/openfhe-install/include/openfhe/core/math/hal/bigintntl/mubintvecntl.h
2026-09-05T11:48:58.8870458Z -- Installing: /home/runner/work/20231788./20231788./.ci/openfhe-install/include/openfhe/core/math/hal/bigintntl/transformntl-impl.h
2026-09-05T11:48:58.8872889Z -- Installing: /home/runner/work/20231788./20231788./.ci/openfhe-install/include/openfhe/core/math/hal/bigintntl/transformntl.h
2026-09-05T11:48:58.8874919Z -- Installing: /home/runner/work/20231788./20231788./.ci/openfhe-install/include/openfhe/core/math/hal/bigintntl/ubintntl.h
2026-09-05T11:48:58.8877099Z -- Installing: /home/runner/work/20231788./20231788./.ci/openfhe-install/include/openfhe/core/math/hal/nativeintbackend.h
2026-09-05T11:48:58.8878728Z -- Installing: /home/runner/work/20231788./20231788./.ci/openfhe-install/include/openfhe/core/math/hal/bigintfxd
2026-09-05T11:48:58.8879906Z -- Installing: /home/runner/work/20231788./20231788./.ci/openfhe-install/include/openfhe/core/math/hal/bigintfxd/ubintfxd.h
2026-09-05T11:48:58.8882060Z -- Installing: /home/runner/work/20231788./20231788./.ci/openfhe-install/include/openfhe/core/math/hal/bigintfxd/mubintvecfxd.h
2026-09-05T11:48:58.8883963Z -- Installing: /home/runner/work/20231788./20231788./.ci/openfhe-install/include/openfhe/core/math/hal/bigintfxd/transformfxd.h
2026-09-05T11:48:58.8886631Z -- Installing: /home/runner/work/20231788./20231788./.ci/openfhe-install/include/openfhe/core/math/hal/bigintfxd/transformfxd-impl.h
2026-09-05T11:48:58.8888738Z -- Installing: /home/runner/work/20231788./20231788./.ci/openfhe-install/include/openfhe/core/math/hal/bigintfxd/backendfxd.h
2026-09-05T11:48:58.8890203Z -- Installing: /home/runner/work/20231788./20231788./.ci/openfhe-install/include/openfhe/core/math/hal/intnat
2026-09-05T11:48:58.8891515Z -- Installing: /home/runner/work/20231788./20231788./.ci/openfhe-install/include/openfhe/core/math/hal/intnat/transformnat.h
2026-09-05T11:48:58.8893737Z -- Installing: /home/runner/work/20231788./20231788./.ci/openfhe-install/include/openfhe/core/math/hal/intnat/transformnat-impl.h
2026-09-05T11:48:58.8896504Z -- Installing: /home/runner/work/20231788./20231788./.ci/openfhe-install/include/openfhe/core/math/hal/intnat/ubintnat.h
2026-09-05T11:48:58.8898646Z -- Installing: /home/runner/work/20231788./20231788./.ci/openfhe-install/include/openfhe/core/math/hal/intnat/mubintvecnat.h
2026-09-05T11:48:58.8900592Z -- Installing: /home/runner/work/20231788./20231788./.ci/openfhe-install/include/openfhe/core/math/hal/bigintbackend.h
2026-09-05T11:48:58.8902147Z -- Installing: /home/runner/work/20231788./20231788./.ci/openfhe-install/include/openfhe/core/math/hal/integer.h
2026-09-05T11:48:58.8904108Z -- Installing: /home/runner/work/20231788./20231788./.ci/openfhe-install/include/openfhe/core/math/matrix-impl.h
2026-09-05T11:48:58.8906034Z -- Installing: /home/runner/work/20231788./20231788./.ci/openfhe-install/include/openfhe/core/math/nbtheory.h
2026-09-05T11:48:58.8907799Z -- Installing: /home/runner/work/20231788./20231788./.ci/openfhe-install/include/openfhe/core/math/SAMPLING_README.md
2026-09-05T11:48:58.8909534Z -- Installing: /home/runner/work/20231788./20231788./.ci/openfhe-install/include/openfhe/core/math/discretegaussiangenerator.h
2026-09-05T11:48:58.8911132Z -- Installing: /home/runner/work/20231788./20231788./.ci/openfhe-install/include/openfhe/core/math/hermite.h
2026-09-05T11:48:58.8912862Z -- Installing: /home/runner/work/20231788./20231788./.ci/openfhe-install/include/openfhe/core/math/matrix.h
2026-09-05T11:48:58.8915204Z -- Installing: /home/runner/work/20231788./20231788./.ci/openfhe-install/include/openfhe/core/math/dftransform.h
2026-09-05T11:48:58.8916717Z -- Installing: /home/runner/work/20231788./20231788./.ci/openfhe-install/include/openfhe/core/math/distributiongenerator.h
2026-09-05T11:48:58.8918509Z -- Installing: /home/runner/work/20231788./20231788./.ci/openfhe-install/include/openfhe/core/math/matrixstrassen.h
2026-09-05T11:48:58.8920430Z -- Installing: /home/runner/work/20231788./20231788./.ci/openfhe-install/include/openfhe/core/math/discretegaussiangenerator-impl.h
2026-09-05T11:48:58.8922159Z -- Installing: /home/runner/work/20231788./20231788./.ci/openfhe-install/include/openfhe/core/math/matrixstrassen-impl.h
2026-09-05T11:48:58.8924285Z -- Installing: /home/runner/work/20231788./20231788./.ci/openfhe-install/include/openfhe/core/math/nbtheory-impl.h
2026-09-05T11:48:58.8926973Z -- Installing: /home/runner/work/20231788./20231788./.ci/openfhe-install/include/openfhe/core/math/binaryuniformgenerator.h
2026-09-05T11:48:58.8928344Z -- Installing: /home/runner/work/20231788./20231788./.ci/openfhe-install/include/openfhe/core/math/discretegaussiangeneratorgeneric.h
2026-09-05T11:48:58.8930414Z -- Installing: /home/runner/work/20231788./20231788./.ci/openfhe-install/include/openfhe/core/math/math_backends.md
2026-09-05T11:48:58.8931818Z -- Installing: /home/runner/work/20231788./20231788./.ci/openfhe-install/include/openfhe/core/math/chebyshev.h
2026-09-05T11:48:58.8933661Z -- Installing: /home/runner/work/20231788./20231788./.ci/openfhe-install/include/openfhe/core/math/discreteuniformgenerator-impl.h
2026-09-05T11:48:58.8936281Z -- Installing: /home/runner/work/20231788./20231788./.ci/openfhe-install/include/openfhe/core/math/math-hal.h
2026-09-05T11:48:58.8937232Z -- Installing: /home/runner/work/20231788./20231788./.ci/openfhe-install/include/openfhe/core/math/binaryuniformgenerator-impl.h
2026-09-05T11:48:58.8938831Z -- Installing: /home/runner/work/20231788./20231788./.ci/openfhe-install/include/openfhe/core/math/README.md
2026-09-05T11:48:58.8940746Z -- Installing: /home/runner/work/20231788./20231788./.ci/openfhe-install/include/openfhe/core/math/ternaryuniformgenerator.h
2026-09-05T11:48:58.8942195Z -- Installing: /home/runner/work/20231788./20231788./.ci/openfhe-install/include/openfhe/core/math/distrgen.h
2026-09-05T11:48:58.8944139Z -- Installing: /home/runner/work/20231788./20231788./.ci/openfhe-install/include/openfhe/core/math/discreteuniformgenerator.h
2026-09-05T11:48:58.8946234Z -- Installing: /home/runner/work/20231788./20231788./.ci/openfhe-install/include/openfhe/core/openfhecore.h
2026-09-05T11:48:58.8947657Z -- Installing: /home/runner/work/20231788./20231788./.ci/openfhe-install/include/openfhe/core/testdefs.h
2026-09-05T11:48:58.8949472Z -- Installing: /home/runner/work/20231788./20231788./.ci/openfhe-install/include/openfhe/core/version.h
2026-09-05T11:48:58.8950939Z -- Installing: /home/runner/work/20231788./20231788./.ci/openfhe-install/include/openfhe/core/utils
2026-09-05T11:48:58.8952308Z -- Installing: /home/runner/work/20231788./20231788./.ci/openfhe-install/include/openfhe/core/utils/get-call-stack.h
2026-09-05T11:48:58.8954059Z -- Installing: /home/runner/work/20231788./20231788./.ci/openfhe-install/include/openfhe/core/utils/parallel.h
2026-09-05T11:48:58.8956021Z -- Installing: /home/runner/work/20231788./20231788./.ci/openfhe-install/include/openfhe/core/utils/utilities.h
2026-09-05T11:48:58.8957552Z -- Installing: /home/runner/work/20231788./20231788./.ci/openfhe-install/include/openfhe/core/utils/debug.h
2026-09-05T11:48:58.8959540Z -- Installing: /home/runner/work/20231788./20231788./.ci/openfhe-install/include/openfhe/core/utils/serializable.h
2026-09-05T11:48:58.8960982Z -- Installing: /home/runner/work/20231788./20231788./.ci/openfhe-install/include/openfhe/core/utils/sertype.h
2026-09-05T11:48:58.8962806Z -- Installing: /home/runner/work/20231788./20231788./.ci/openfhe-install/include/openfhe/core/utils/inttypes.h
2026-09-05T11:48:58.8964276Z -- Installing: /home/runner/work/20231788./20231788./.ci/openfhe-install/include/openfhe/core/utils/caller_info.h
2026-09-05T11:48:58.8966506Z -- Installing: /home/runner/work/20231788./20231788./.ci/openfhe-install/include/openfhe/core/utils/type_name.h
2026-09-05T11:48:58.8967738Z -- Installing: /home/runner/work/20231788./20231788./.ci/openfhe-install/include/openfhe/core/utils/prng
2026-09-05T11:48:58.8969041Z -- Installing: /home/runner/work/20231788./20231788./.ci/openfhe-install/include/openfhe/core/utils/prng/blake2-impl.h
2026-09-05T11:48:58.8970894Z -- Installing: /home/runner/work/20231788./20231788./.ci/openfhe-install/include/openfhe/core/utils/prng/blake2.h
2026-09-05T11:48:58.8972452Z -- Installing: /home/runner/work/20231788./20231788./.ci/openfhe-install/include/openfhe/core/utils/prng/CPPLINT.cfg
2026-09-05T11:48:58.8974272Z -- Installing: /home/runner/work/20231788./20231788./.ci/openfhe-install/include/openfhe/core/utils/prng/README.md
2026-09-05T11:48:58.8976306Z -- Installing: /home/runner/work/20231788./20231788./.ci/openfhe-install/include/openfhe/core/utils/prng/prng.h
2026-09-05T11:48:58.8978262Z -- Installing: /home/runner/work/20231788./20231788./.ci/openfhe-install/include/openfhe/core/utils/prng/blake2engine.h
2026-09-05T11:48:58.8979881Z -- Installing: /home/runner/work/20231788./20231788./.ci/openfhe-install/include/openfhe/core/utils/demangle.h
2026-09-05T11:48:58.8981422Z -- Installing: /home/runner/work/20231788./20231788./.ci/openfhe-install/include/openfhe/core/utils/serial.h
2026-09-05T11:48:58.8983315Z -- Installing: /home/runner/work/20231788./20231788./.ci/openfhe-install/include/openfhe/core/utils/exception.h
2026-09-05T11:48:58.8985118Z -- Installing: /home/runner/work/20231788./20231788./.ci/openfhe-install/include/openfhe/core/utils/utilities-int.h
2026-09-05T11:48:58.8987078Z -- Installing: /home/runner/work/20231788./20231788./.ci/openfhe-install/include/openfhe/core/utils/blockAllocator
2026-09-05T11:48:58.8988429Z -- Installing: /home/runner/work/20231788./20231788./.ci/openfhe-install/include/openfhe/core/utils/blockAllocator/xqueue.h
2026-09-05T11:48:58.8990166Z -- Installing: /home/runner/work/20231788./20231788./.ci/openfhe-install/include/openfhe/core/utils/blockAllocator/xstring.h
2026-09-05T11:48:58.8991899Z -- Installing: /home/runner/work/20231788./20231788./.ci/openfhe-install/include/openfhe/core/utils/blockAllocator/xset.h
2026-09-05T11:48:58.8993668Z -- Installing: /home/runner/work/20231788./20231788./.ci/openfhe-install/include/openfhe/core/utils/blockAllocator/xmap.h
2026-09-05T11:48:58.8995879Z -- Installing: /home/runner/work/20231788./20231788./.ci/openfhe-install/include/openfhe/core/utils/blockAllocator/stl_allocator.h
2026-09-05T11:48:58.8997634Z -- Installing: /home/runner/work/20231788./20231788./.ci/openfhe-install/include/openfhe/core/utils/blockAllocator/xvector.h
2026-09-05T11:48:58.8999426Z -- Installing: /home/runner/work/20231788./20231788./.ci/openfhe-install/include/openfhe/core/utils/blockAllocator/xsstream.h
2026-09-05T11:48:58.9001193Z -- Installing: /home/runner/work/20231788./20231788./.ci/openfhe-install/include/openfhe/core/utils/blockAllocator/xlist.h
2026-09-05T11:48:58.9002947Z -- Installing: /home/runner/work/20231788./20231788./.ci/openfhe-install/include/openfhe/core/utils/blockAllocator/README.md
2026-09-05T11:48:58.9004958Z -- Installing: /home/runner/work/20231788./20231788./.ci/openfhe-install/include/openfhe/core/utils/blockAllocator/xallocator.h
2026-09-05T11:48:58.9007006Z -- Installing: /home/runner/work/20231788./20231788./.ci/openfhe-install/include/openfhe/core/utils/blockAllocator/blockAllocator.h
2026-09-05T11:48:58.9008541Z -- Installing: /home/runner/work/20231788./20231788./.ci/openfhe-install/include/openfhe/core/utils/README.md
2026-09-05T11:48:58.9010358Z -- Installing: /home/runner/work/20231788./20231788./.ci/openfhe-install/include/openfhe/core/utils/memory.h
2026-09-05T11:48:58.9012174Z -- Installing: /home/runner/work/20231788./20231788./.ci/openfhe-install/include/openfhe/core/utils/hashutil.h
2026-09-05T11:48:58.9014094Z -- Installing: /home/runner/work/20231788./20231788./.ci/openfhe-install/include/openfhe/core/utils/openfhebase64.h
2026-09-05T11:48:58.9016056Z -- Installing: /home/runner/work/20231788./20231788./.ci/openfhe-install/include/openfhe/core/README.md
2026-09-05T11:48:58.9017695Z -- Installing: /home/runner/work/20231788./20231788./.ci/openfhe-install/include/openfhe/core/lattice
2026-09-05T11:48:58.9019015Z -- Installing: /home/runner/work/20231788./20231788./.ci/openfhe-install/include/openfhe/core/lattice/hal
2026-09-05T11:48:58.9020450Z -- Installing: /home/runner/work/20231788./20231788./.ci/openfhe-install/include/openfhe/core/lattice/hal/dcrtpoly-interface.h
2026-09-05T11:48:58.9023085Z -- Installing: /home/runner/work/20231788./20231788./.ci/openfhe-install/include/openfhe/core/lattice/hal/poly-interface.h
2026-09-05T11:48:58.9025303Z -- Installing: /home/runner/work/20231788./20231788./.ci/openfhe-install/include/openfhe/core/lattice/hal/lat-backend.h
2026-09-05T11:48:58.9027134Z -- Installing: /home/runner/work/20231788./20231788./.ci/openfhe-install/include/openfhe/core/lattice/hal/elemparams.h
2026-09-05T11:48:58.9029004Z -- Installing: /home/runner/work/20231788./20231788./.ci/openfhe-install/include/openfhe/core/lattice/hal/README.md
2026-09-05T11:48:58.9030856Z -- Installing: /home/runner/work/20231788./20231788./.ci/openfhe-install/include/openfhe/core/lattice/hal/default
2026-09-05T11:48:58.9032354Z -- Installing: /home/runner/work/20231788./20231788./.ci/openfhe-install/include/openfhe/core/lattice/hal/default/dcrtpoly.h
2026-09-05T11:48:58.9034728Z -- Installing: /home/runner/work/20231788./20231788./.ci/openfhe-install/include/openfhe/core/lattice/hal/default/dcrtpoly-impl.h
2026-09-05T11:48:58.9038067Z -- Installing: /home/runner/work/20231788./20231788./.ci/openfhe-install/include/openfhe/core/lattice/hal/default/poly.h
2026-09-05T11:48:58.9039777Z -- Installing: /home/runner/work/20231788./20231788./.ci/openfhe-install/include/openfhe/core/lattice/hal/default/poly-impl.h
2026-09-05T11:48:58.9041859Z -- Installing: /home/runner/work/20231788./20231788./.ci/openfhe-install/include/openfhe/core/lattice/hal/default/ildcrtparams.h
2026-09-05T11:48:58.9043800Z -- Installing: /home/runner/work/20231788./20231788./.ci/openfhe-install/include/openfhe/core/lattice/hal/default/ilparams.h
2026-09-05T11:48:58.9045862Z -- Installing: /home/runner/work/20231788./20231788./.ci/openfhe-install/include/openfhe/core/lattice/dgsampling-impl.h
2026-09-05T11:48:58.9047975Z -- Installing: /home/runner/work/20231788./20231788./.ci/openfhe-install/include/openfhe/core/lattice/trapdoorparameters.h
2026-09-05T11:48:58.9049929Z -- Installing: /home/runner/work/20231788./20231788./.ci/openfhe-install/include/openfhe/core/lattice/trapdoor-impl.h
2026-09-05T11:48:58.9051795Z -- Installing: /home/runner/work/20231788./20231788./.ci/openfhe-install/include/openfhe/core/lattice/field2n-impl.h
2026-09-05T11:48:58.9053685Z -- Installing: /home/runner/work/20231788./20231788./.ci/openfhe-install/include/openfhe/core/lattice/lat-hal.h
2026-09-05T11:48:58.9055766Z -- Installing: /home/runner/work/20231788./20231788./.ci/openfhe-install/include/openfhe/core/lattice/dgsampling.h
2026-09-05T11:48:58.9057605Z -- Installing: /home/runner/work/20231788./20231788./.ci/openfhe-install/include/openfhe/core/lattice/stdlatticeparms.h
2026-09-05T11:48:58.9059419Z -- Installing: /home/runner/work/20231788./20231788./.ci/openfhe-install/include/openfhe/core/lattice/matrix-lattice-impl.h
2026-09-05T11:48:58.9061151Z -- Installing: /home/runner/work/20231788./20231788./.ci/openfhe-install/include/openfhe/core/lattice/ilelement.h
2026-09-05T11:48:58.9063086Z -- Installing: /home/runner/work/20231788./20231788./.ci/openfhe-install/include/openfhe/core/lattice/README.md
2026-09-05T11:48:58.9065195Z -- Installing: /home/runner/work/20231788./20231788./.ci/openfhe-install/include/openfhe/core/lattice/field2n.h
2026-09-05T11:48:58.9067145Z -- Installing: /home/runner/work/20231788./20231788./.ci/openfhe-install/include/openfhe/core/lattice/trapdoor.h
2026-09-05T11:48:58.9069261Z -- Installing: /home/runner/work/20231788./20231788./.ci/openfhe-install/include/openfhe/core/lattice/constants-lattice.h
2026-09-05T11:48:58.9074450Z -- Installing: /home/runner/work/20231788./20231788./.ci/openfhe-install/lib/libOPENFHEpke.so.1.5.0
2026-09-05T11:48:58.9112227Z -- Installing: /home/runner/work/20231788./20231788./.ci/openfhe-install/lib/libOPENFHEpke.so.1
2026-09-05T11:48:58.9116395Z -- Set non-toolchain portion of runtime path of "/home/runner/work/20231788./20231788./.ci/openfhe-install/lib/libOPENFHEpke.so.1.5.0" to ""
2026-09-05T11:48:58.9117864Z -- Installing: /home/runner/work/20231788./20231788./.ci/openfhe-install/lib/libOPENFHEpke.so
2026-09-05T11:48:58.9119066Z -- Installing: /home/runner/work/20231788./20231788./.ci/openfhe-install/include/openfhe/pke
2026-09-05T11:48:58.9120311Z -- Installing: /home/runner/work/20231788./20231788./.ci/openfhe-install/include/openfhe/pke/encoding
2026-09-05T11:48:58.9121660Z -- Installing: /home/runner/work/20231788./20231788./.ci/openfhe-install/include/openfhe/pke/encoding/plaintext.h
2026-09-05T11:48:58.9123106Z -- Installing: /home/runner/work/20231788./20231788./.ci/openfhe-install/include/openfhe/pke/encoding/stringencoding.h
2026-09-05T11:48:58.9124985Z -- Installing: /home/runner/work/20231788./20231788./.ci/openfhe-install/include/openfhe/pke/encoding/coefpackedencoding.h
2026-09-05T11:48:58.9126604Z -- Installing: /home/runner/work/20231788./20231788./.ci/openfhe-install/include/openfhe/pke/encoding/ckkspackedencoding.h
2026-09-05T11:48:58.9128455Z -- Installing: /home/runner/work/20231788./20231788./.ci/openfhe-install/include/openfhe/pke/encoding/plaintextfactory.h
2026-09-05T11:48:58.9130223Z -- Installing: /home/runner/work/20231788./20231788./.ci/openfhe-install/include/openfhe/pke/encoding/plaintext-fwd.h
2026-09-05T11:48:58.9132027Z -- Installing: /home/runner/work/20231788./20231788./.ci/openfhe-install/include/openfhe/pke/encoding/packedencoding.h
2026-09-05T11:48:58.9133852Z -- Installing: /home/runner/work/20231788./20231788./.ci/openfhe-install/include/openfhe/pke/encoding/encodingparams.h
2026-09-05T11:48:58.9136056Z -- Installing: /home/runner/work/20231788./20231788./.ci/openfhe-install/include/openfhe/pke/encoding/README.md
2026-09-05T11:48:58.9137814Z -- Installing: /home/runner/work/20231788./20231788./.ci/openfhe-install/include/openfhe/pke/encoding/encodings.h
2026-09-05T11:48:58.9139586Z -- Installing: /home/runner/work/20231788./20231788./.ci/openfhe-install/include/openfhe/pke/ciphertext.h
2026-09-05T11:48:58.9141523Z -- Installing: /home/runner/work/20231788./20231788./.ci/openfhe-install/include/openfhe/pke/openfhe.h
2026-09-05T11:48:58.9143118Z -- Installing: /home/runner/work/20231788./20231788./.ci/openfhe-install/include/openfhe/pke/key
2026-09-05T11:48:58.9144898Z -- Installing: /home/runner/work/20231788./20231788./.ci/openfhe-install/include/openfhe/pke/key/evalkeyrelin-fwd.h
2026-09-05T11:48:58.9146717Z -- Installing: /home/runner/work/20231788./20231788./.ci/openfhe-install/include/openfhe/pke/key/privatekey-fwd.h
2026-09-05T11:48:58.9148401Z -- Installing: /home/runner/work/20231788./20231788./.ci/openfhe-install/include/openfhe/pke/key/publickey-fwd.h
2026-09-05T11:48:58.9150117Z -- Installing: /home/runner/work/20231788./20231788./.ci/openfhe-install/include/openfhe/pke/key/evalkey.h
2026-09-05T11:48:58.9151953Z -- Installing: /home/runner/work/20231788./20231788./.ci/openfhe-install/include/openfhe/pke/key/privatekey.h
2026-09-05T11:48:58.9153817Z -- Installing: /home/runner/work/20231788./20231788./.ci/openfhe-install/include/openfhe/pke/key/evalkey-fwd.h
2026-09-05T11:48:58.9155785Z -- Installing: /home/runner/work/20231788./20231788./.ci/openfhe-install/include/openfhe/pke/key/key.h
2026-09-05T11:48:58.9157600Z -- Installing: /home/runner/work/20231788./20231788./.ci/openfhe-install/include/openfhe/pke/key/evalkeyrelin.h
2026-09-05T11:48:58.9159355Z -- Installing: /home/runner/work/20231788./20231788./.ci/openfhe-install/include/openfhe/pke/key/key-ser.h
2026-09-05T11:48:58.9161107Z -- Installing: /home/runner/work/20231788./20231788./.ci/openfhe-install/include/openfhe/pke/key/publickey.h
2026-09-05T11:48:58.9162989Z -- Installing: /home/runner/work/20231788./20231788./.ci/openfhe-install/include/openfhe/pke/key/README.md
2026-09-05T11:48:58.9164905Z -- Installing: /home/runner/work/20231788./20231788./.ci/openfhe-install/include/openfhe/pke/key/keypair.h
2026-09-05T11:48:58.9166745Z -- Installing: /home/runner/work/20231788./20231788./.ci/openfhe-install/include/openfhe/pke/cryptocontext.h
2026-09-05T11:48:58.9170957Z -- Installing: /home/runner/work/20231788./20231788./.ci/openfhe-install/include/openfhe/pke/cryptocontext-ser.h
2026-09-05T11:48:58.9172319Z -- Installing: /home/runner/work/20231788./20231788./.ci/openfhe-install/include/openfhe/pke/scheme
2026-09-05T11:48:58.9173704Z -- Installing: /home/runner/work/20231788./20231788./.ci/openfhe-install/include/openfhe/pke/scheme/scheme-swch-params.h
2026-09-05T11:48:58.9175993Z -- Installing: /home/runner/work/20231788./20231788./.ci/openfhe-install/include/openfhe/pke/scheme/gen-cryptocontext-params-validation.h
2026-09-05T11:48:58.9177546Z -- Installing: /home/runner/work/20231788./20231788./.ci/openfhe-install/include/openfhe/pke/scheme/scheme-id.h
2026-09-05T11:48:58.9179383Z -- Installing: /home/runner/work/20231788./20231788./.ci/openfhe-install/include/openfhe/pke/scheme/gen-cryptocontext-params-defaults.h
2026-09-05T11:48:58.9180770Z -- Installing: /home/runner/work/20231788./20231788./.ci/openfhe-install/include/openfhe/pke/scheme/ckksrns
2026-09-05T11:48:58.9182041Z -- Installing: /home/runner/work/20231788./20231788./.ci/openfhe-install/include/openfhe/pke/scheme/ckksrns/ckksrns-utils.h
2026-09-05T11:48:58.9184178Z -- Installing: /home/runner/work/20231788./20231788./.ci/openfhe-install/include/openfhe/pke/scheme/ckksrns/ckksrns-parametergeneration.h
2026-09-05T11:48:58.9186114Z -- Installing: /home/runner/work/20231788./20231788./.ci/openfhe-install/include/openfhe/pke/scheme/ckksrns/ckksrns-leveledshe.h
2026-09-05T11:48:58.9187566Z -- Installing: /home/runner/work/20231788./20231788./.ci/openfhe-install/include/openfhe/pke/scheme/ckksrns/ckksrns-scheme.h
2026-09-05T11:48:58.9189181Z -- Installing: /home/runner/work/20231788./20231788./.ci/openfhe-install/include/openfhe/pke/scheme/ckksrns/ckksrns-pre.h
2026-09-05T11:48:58.9190813Z -- Installing: /home/runner/work/20231788./20231788./.ci/openfhe-install/include/openfhe/pke/scheme/ckksrns/ckksrns-advancedshe.h
2026-09-05T11:48:58.9192835Z -- Installing: /home/runner/work/20231788./20231788./.ci/openfhe-install/include/openfhe/pke/scheme/ckksrns/gen-cryptocontext-ckksrns.h
2026-09-05T11:48:58.9194645Z -- Installing: /home/runner/work/20231788./20231788./.ci/openfhe-install/include/openfhe/pke/scheme/ckksrns/gen-cryptocontext-ckksrns-internal.h
2026-09-05T11:48:58.9196322Z -- Installing: /home/runner/work/20231788./20231788./.ci/openfhe-install/include/openfhe/pke/scheme/ckksrns/ckksrns-multiparty.h
2026-09-05T11:48:58.9198012Z -- Installing: /home/runner/work/20231788./20231788./.ci/openfhe-install/include/openfhe/pke/scheme/ckksrns/ckksrns-cryptoparameters.h
2026-09-05T11:48:58.9199644Z -- Installing: /home/runner/work/20231788./20231788./.ci/openfhe-install/include/openfhe/pke/scheme/ckksrns/ckksrns-pke.h
2026-09-05T11:48:58.9201508Z -- Installing: /home/runner/work/20231788./20231788./.ci/openfhe-install/include/openfhe/pke/scheme/ckksrns/ckksrns-schemeswitching.h
2026-09-05T11:48:58.9203231Z -- Installing: /home/runner/work/20231788./20231788./.ci/openfhe-install/include/openfhe/pke/scheme/ckksrns/gen-cryptocontext-ckksrns-params.h
2026-09-05T11:48:58.9205220Z -- Installing: /home/runner/work/20231788./20231788./.ci/openfhe-install/include/openfhe/pke/scheme/ckksrns/ckksrns-fhe.h
2026-09-05T11:48:58.9207403Z -- Installing: /home/runner/work/20231788./20231788./.ci/openfhe-install/include/openfhe/pke/scheme/ckksrns/ckksrns-ser.h
2026-09-05T11:48:58.9209001Z -- Installing: /home/runner/work/20231788./20231788./.ci/openfhe-install/include/openfhe/pke/scheme/ckksrns/README.md
2026-09-05T11:48:58.9210803Z -- Installing: /home/runner/work/20231788./20231788./.ci/openfhe-install/include/openfhe/pke/scheme/scheme-utils.h
2026-09-05T11:48:58.9212256Z -- Installing: /home/runner/work/20231788./20231788./.ci/openfhe-install/include/openfhe/pke/scheme/bfvrns
2026-09-05T11:48:58.9213511Z -- Installing: /home/runner/work/20231788./20231788./.ci/openfhe-install/include/openfhe/pke/scheme/bfvrns/bfvrns-fhe.h
2026-09-05T11:48:58.9216016Z -- Installing: /home/runner/work/20231788./20231788./.ci/openfhe-install/include/openfhe/pke/scheme/bfvrns/gen-cryptocontext-bfvrns-internal.h
2026-09-05T11:48:58.9217175Z -- Installing: /home/runner/work/20231788./20231788./.ci/openfhe-install/include/openfhe/pke/scheme/bfvrns/bfvrns-ser.h
2026-09-05T11:48:58.9219154Z -- Installing: /home/runner/work/20231788./20231788./.ci/openfhe-install/include/openfhe/pke/scheme/bfvrns/gen-cryptocontext-bfvrns.h
2026-09-05T11:48:58.9220602Z -- Installing: /home/runner/work/20231788./20231788./.ci/openfhe-install/include/openfhe/pke/scheme/bfvrns/bfvrns-pre.h
2026-09-05T11:48:58.9222496Z -- Installing: /home/runner/work/20231788./20231788./.ci/openfhe-install/include/openfhe/pke/scheme/bfvrns/bfvrns-cryptoparameters.h
2026-09-05T11:48:58.9224221Z -- Installing: /home/runner/work/20231788./20231788./.ci/openfhe-install/include/openfhe/pke/scheme/bfvrns/bfvrns-multiparty.h
2026-09-05T11:48:58.9226178Z -- Installing: /home/runner/work/20231788./20231788./.ci/openfhe-install/include/openfhe/pke/scheme/bfvrns/bfvrns-parametergeneration.h
2026-09-05T11:48:58.9227661Z -- Installing: /home/runner/work/20231788./20231788./.ci/openfhe-install/include/openfhe/pke/scheme/bfvrns/bfvrns-advancedshe.h
2026-09-05T11:48:58.9229349Z -- Installing: /home/runner/work/20231788./20231788./.ci/openfhe-install/include/openfhe/pke/scheme/bfvrns/bfvrns-scheme.h
2026-09-05T11:48:58.9231248Z -- Installing: /home/runner/work/20231788./20231788./.ci/openfhe-install/include/openfhe/pke/scheme/bfvrns/gen-cryptocontext-bfvrns-params.h
2026-09-05T11:48:58.9232715Z -- Installing: /home/runner/work/20231788./20231788./.ci/openfhe-install/include/openfhe/pke/scheme/bfvrns/bfvrns-pke.h
2026-09-05T11:48:58.9234711Z -- Installing: /home/runner/work/20231788./20231788./.ci/openfhe-install/include/openfhe/pke/scheme/bfvrns/bfvrns-leveledshe.h
2026-09-05T11:48:58.9236389Z -- Installing: /home/runner/work/20231788./20231788./.ci/openfhe-install/include/openfhe/pke/scheme/README.md
2026-09-05T11:48:58.9237851Z -- Installing: /home/runner/work/20231788./20231788./.ci/openfhe-install/include/openfhe/pke/scheme/bgvrns
2026-09-05T11:48:58.9239239Z -- Installing: /home/runner/work/20231788./20231788./.ci/openfhe-install/include/openfhe/pke/scheme/bgvrns/gen-cryptocontext-bgvrns-params.h
2026-09-05T11:48:58.9240824Z -- Installing: /home/runner/work/20231788./20231788./.ci/openfhe-install/include/openfhe/pke/scheme/bgvrns/bgvrns-scheme.h
2026-09-05T11:48:58.9242385Z -- Installing: /home/runner/work/20231788./20231788./.ci/openfhe-install/include/openfhe/pke/scheme/bgvrns/bgvrns-ser.h
2026-09-05T11:48:58.9244100Z -- Installing: /home/runner/work/20231788./20231788./.ci/openfhe-install/include/openfhe/pke/scheme/bgvrns/bgvrns-fhe.h
2026-09-05T11:48:58.9246065Z -- Installing: /home/runner/work/20231788./20231788./.ci/openfhe-install/include/openfhe/pke/scheme/bgvrns/bgvrns-advancedshe.h
2026-09-05T11:48:58.9247545Z -- Installing: /home/runner/work/20231788./20231788./.ci/openfhe-install/include/openfhe/pke/scheme/bgvrns/bgvrns-pke.h
2026-09-05T11:48:58.9249380Z -- Installing: /home/runner/work/20231788./20231788./.ci/openfhe-install/include/openfhe/pke/scheme/bgvrns/gen-cryptocontext-bgvrns.h
2026-09-05T11:48:58.9250981Z -- Installing: /home/runner/work/20231788./20231788./.ci/openfhe-install/include/openfhe/pke/scheme/bgvrns/bgvrns-parametergeneration.h
2026-09-05T11:48:58.9252860Z -- Installing: /home/runner/work/20231788./20231788./.ci/openfhe-install/include/openfhe/pke/scheme/bgvrns/bgvrns-multiparty.h
2026-09-05T11:48:58.9254656Z -- Installing: /home/runner/work/20231788./20231788./.ci/openfhe-install/include/openfhe/pke/scheme/bgvrns/bgvrns-pre.h
2026-09-05T11:48:58.9256540Z -- Installing: /home/runner/work/20231788./20231788./.ci/openfhe-install/include/openfhe/pke/scheme/bgvrns/bgvrns-cryptoparameters.h
2026-09-05T11:48:58.9258156Z -- Installing: /home/runner/work/20231788./20231788./.ci/openfhe-install/include/openfhe/pke/scheme/bgvrns/bgvrns-leveledshe.h
2026-09-05T11:48:58.9260330Z -- Installing: /home/runner/work/20231788./20231788./.ci/openfhe-install/include/openfhe/pke/scheme/bgvrns/gen-cryptocontext-bgvrns-internal.h
2026-09-05T11:48:58.9261792Z -- Installing: /home/runner/work/20231788./20231788./.ci/openfhe-install/include/openfhe/pke/scheme/gen-cryptocontext-params.h
2026-09-05T11:48:58.9263835Z -- Installing: /home/runner/work/20231788./20231788./.ci/openfhe-install/include/openfhe/pke/cryptocontext-fwd.h
2026-09-05T11:48:58.9265624Z -- Installing: /home/runner/work/20231788./20231788./.ci/openfhe-install/include/openfhe/pke/constants.h
2026-09-05T11:48:58.9267161Z -- Installing: /home/runner/work/20231788./20231788./.ci/openfhe-install/include/openfhe/pke/ciphertext-ser.h
2026-09-05T11:48:58.9269038Z -- Installing: /home/runner/work/20231788./20231788./.ci/openfhe-install/include/openfhe/pke/schemerns
2026-09-05T11:48:58.9270468Z -- Installing: /home/runner/work/20231788./20231788./.ci/openfhe-install/include/openfhe/pke/schemerns/rns-pre.h
2026-09-05T11:48:58.9272046Z -- Installing: /home/runner/work/20231788./20231788./.ci/openfhe-install/include/openfhe/pke/schemerns/rns-pke.h
2026-09-05T11:48:58.9273921Z -- Installing: /home/runner/work/20231788./20231788./.ci/openfhe-install/include/openfhe/pke/schemerns/rns-cryptoparameters.h
2026-09-05T11:48:58.9276520Z -- Installing: /home/runner/work/20231788./20231788./.ci/openfhe-install/include/openfhe/pke/schemerns/rns-fhe.h
2026-09-05T11:48:58.9278128Z -- Installing: /home/runner/work/20231788./20231788./.ci/openfhe-install/include/openfhe/pke/schemerns/rns-parametergeneration.h
2026-09-05T11:48:58.9279702Z -- Installing: /home/runner/work/20231788./20231788./.ci/openfhe-install/include/openfhe/pke/schemerns/rns-ser.h
2026-09-05T11:48:58.9281616Z -- Installing: /home/runner/work/20231788./20231788./.ci/openfhe-install/include/openfhe/pke/schemerns/rns-multiparty.h
2026-09-05T11:48:58.9283202Z -- Installing: /home/runner/work/20231788./20231788./.ci/openfhe-install/include/openfhe/pke/schemerns/rns-scheme.h
2026-09-05T11:48:58.9285295Z -- Installing: /home/runner/work/20231788./20231788./.ci/openfhe-install/include/openfhe/pke/schemerns/rns-advancedshe.h
2026-09-05T11:48:58.9286860Z -- Installing: /home/runner/work/20231788./20231788./.ci/openfhe-install/include/openfhe/pke/schemerns/rns-leveledshe.h
2026-09-05T11:48:58.9288779Z -- Installing: /home/runner/work/20231788./20231788./.ci/openfhe-install/include/openfhe/pke/constants-defs.h
2026-09-05T11:48:58.9290294Z -- Installing: /home/runner/work/20231788./20231788./.ci/openfhe-install/include/openfhe/pke/metadata-ser.h
2026-09-05T11:48:58.9291892Z -- Installing: /home/runner/work/20231788./20231788./.ci/openfhe-install/include/openfhe/pke/keyswitch
2026-09-05T11:48:58.9293045Z -- Installing: /home/runner/work/20231788./20231788./.ci/openfhe-install/include/openfhe/pke/keyswitch/keyswitch-hybrid.h
2026-09-05T11:48:58.9295100Z -- Installing: /home/runner/work/20231788./20231788./.ci/openfhe-install/include/openfhe/pke/keyswitch/keyswitch-rns.h
2026-09-05T11:48:58.9296626Z -- Installing: /home/runner/work/20231788./20231788./.ci/openfhe-install/include/openfhe/pke/keyswitch/README.md
2026-09-05T11:48:58.9298434Z -- Installing: /home/runner/work/20231788./20231788./.ci/openfhe-install/include/openfhe/pke/keyswitch/keyswitch-bv.h
2026-09-05T11:48:58.9300021Z -- Installing: /home/runner/work/20231788./20231788./.ci/openfhe-install/include/openfhe/pke/keyswitch/keyswitch-base.h
2026-09-05T11:48:58.9301866Z -- Installing: /home/runner/work/20231788./20231788./.ci/openfhe-install/include/openfhe/pke/ciphertext-fwd.h
2026-09-05T11:48:58.9303303Z -- Installing: /home/runner/work/20231788./20231788./.ci/openfhe-install/include/openfhe/pke/README.md
2026-09-05T11:48:58.9305726Z -- Installing: /home/runner/work/20231788./20231788./.ci/openfhe-install/include/openfhe/pke/cryptoobject.h
2026-09-05T11:48:58.9306746Z -- Installing: /home/runner/work/20231788./20231788./.ci/openfhe-install/include/openfhe/pke/gen-cryptocontext.h
2026-09-05T11:48:58.9308642Z -- Installing: /home/runner/work/20231788./20231788./.ci/openfhe-install/include/openfhe/pke/globals.h
2026-09-05T11:48:58.9310125Z -- Installing: /home/runner/work/20231788./20231788./.ci/openfhe-install/include/openfhe/pke/metadata.h
2026-09-05T11:48:58.9312000Z -- Installing: /home/runner/work/20231788./20231788./.ci/openfhe-install/include/openfhe/pke/cryptocontextfactory.h
2026-09-05T11:48:58.9313459Z -- Installing: /home/runner/work/20231788./20231788./.ci/openfhe-install/include/openfhe/pke/schemelet
2026-09-05T11:48:58.9314808Z -- Installing: /home/runner/work/20231788./20231788./.ci/openfhe-install/include/openfhe/pke/schemelet/rlwe-mp.h
2026-09-05T11:48:58.9316574Z -- Installing: /home/runner/work/20231788./20231788./.ci/openfhe-install/include/openfhe/pke/schemebase
2026-09-05T11:48:58.9317746Z -- Installing: /home/runner/work/20231788./20231788./.ci/openfhe-install/include/openfhe/pke/schemebase/base-fhe.h
2026-09-05T11:48:58.9319748Z -- Installing: /home/runner/work/20231788./20231788./.ci/openfhe-install/include/openfhe/pke/schemebase/decrypt-result.h
2026-09-05T11:48:58.9321222Z -- Installing: /home/runner/work/20231788./20231788./.ci/openfhe-install/include/openfhe/pke/schemebase/base-advancedshe.h
2026-09-05T11:48:58.9323228Z -- Installing: /home/runner/work/20231788./20231788./.ci/openfhe-install/include/openfhe/pke/schemebase/base-parametergeneration.h
2026-09-05T11:48:58.9325127Z -- Installing: /home/runner/work/20231788./20231788./.ci/openfhe-install/include/openfhe/pke/schemebase/rlwe-cryptoparameters.h
2026-09-05T11:48:58.9326897Z -- Installing: /home/runner/work/20231788./20231788./.ci/openfhe-install/include/openfhe/pke/schemebase/base-multiparty.h
2026-09-05T11:48:58.9328832Z -- Installing: /home/runner/work/20231788./20231788./.ci/openfhe-install/include/openfhe/pke/schemebase/base-ser.h
2026-09-05T11:48:58.9330313Z -- Installing: /home/runner/work/20231788./20231788./.ci/openfhe-install/include/openfhe/pke/schemebase/base-pke.h
2026-09-05T11:48:58.9332202Z -- Installing: /home/runner/work/20231788./20231788./.ci/openfhe-install/include/openfhe/pke/schemebase/base-leveledshe.h
2026-09-05T11:48:58.9334123Z -- Installing: /home/runner/work/20231788./20231788./.ci/openfhe-install/include/openfhe/pke/schemebase/base-pre.h
2026-09-05T11:48:58.9335980Z -- Installing: /home/runner/work/20231788./20231788./.ci/openfhe-install/include/openfhe/pke/schemebase/base-scheme.h
2026-09-05T11:48:58.9338503Z -- Installing: /home/runner/work/20231788./20231788./.ci/openfhe-install/include/openfhe/pke/schemebase/base-cryptoparameters.h
2026-09-05T11:48:58.9340796Z -- Installing: /home/runner/work/20231788./20231788./.ci/openfhe-install/include/openfhe/pke/unittest/utils
2026-09-05T11:48:58.9342372Z -- Installing: /home/runner/work/20231788./20231788./.ci/openfhe-install/include/openfhe/pke/unittest/utils/UnitTestReadCSVData.h
2026-09-05T11:48:58.9344388Z -- Installing: /home/runner/work/20231788./20231788./.ci/openfhe-install/include/openfhe/pke/unittest/utils/UnitTestUtils.h
2026-09-05T11:48:58.9346195Z -- Installing: /home/runner/work/20231788./20231788./.ci/openfhe-install/include/openfhe/pke/unittest/utils/UnitTestCCParams.h
2026-09-05T11:48:58.9348078Z -- Installing: /home/runner/work/20231788./20231788./.ci/openfhe-install/include/openfhe/pke/unittest/utils/UnitTestCryptoContext.h
2026-09-05T11:48:58.9349622Z -- Installing: /home/runner/work/20231788./20231788./.ci/openfhe-install/include/openfhe/pke/unittest/utils/UnitTestMetadataTestSer.h
2026-09-05T11:48:58.9351665Z -- Installing: /home/runner/work/20231788./20231788./.ci/openfhe-install/include/openfhe/pke/unittest/utils/UnitTestException.h
2026-09-05T11:48:58.9353251Z -- Installing: /home/runner/work/20231788./20231788./.ci/openfhe-install/include/openfhe/pke/unittest/utils/BaseTestCase.h
2026-09-05T11:48:58.9355207Z -- Installing: /home/runner/work/20231788./20231788./.ci/openfhe-install/include/openfhe/pke/unittest/utils/schemeswitching-data-serializer.h
2026-09-05T11:48:58.9356819Z -- Installing: /home/runner/work/20231788./20231788./.ci/openfhe-install/include/openfhe/pke/unittest/utils/UnitTestSer.h
2026-09-05T11:48:58.9358758Z -- Installing: /home/runner/work/20231788./20231788./.ci/openfhe-install/include/openfhe/pke/unittest/utils/UnitTestMetadataTest.h
2026-09-05T11:48:58.9363153Z -- Installing: /home/runner/work/20231788./20231788./.ci/openfhe-install/lib/libOPENFHEbinfhe.so.1.5.0
2026-09-05T11:48:58.9369945Z -- Installing: /home/runner/work/20231788./20231788./.ci/openfhe-install/lib/libOPENFHEbinfhe.so.1
2026-09-05T11:48:58.9373249Z -- Set non-toolchain portion of runtime path of "/home/runner/work/20231788./20231788./.ci/openfhe-install/lib/libOPENFHEbinfhe.so.1.5.0" to ""
2026-09-05T11:48:58.9374199Z -- Installing: /home/runner/work/20231788./20231788./.ci/openfhe-install/lib/libOPENFHEbinfhe.so
2026-09-05T11:48:58.9375773Z -- Installing: /home/runner/work/20231788./20231788./.ci/openfhe-install/include/openfhe/binfhe
2026-09-05T11:48:58.9376775Z -- Installing: /home/runner/work/20231788./20231788./.ci/openfhe-install/include/openfhe/binfhe/lwe-publickey-fwd.h
2026-09-05T11:48:58.9378316Z -- Installing: /home/runner/work/20231788./20231788./.ci/openfhe-install/include/openfhe/binfhe/rgsw-acc.h
2026-09-05T11:48:58.9380212Z -- Installing: /home/runner/work/20231788./20231788./.ci/openfhe-install/include/openfhe/binfhe/rgsw-acc-lmkcdey.h
2026-09-05T11:48:58.9381728Z -- Installing: /home/runner/work/20231788./20231788./.ci/openfhe-install/include/openfhe/binfhe/lwe-keypair.h
2026-09-05T11:48:58.9383569Z -- Installing: /home/runner/work/20231788./20231788./.ci/openfhe-install/include/openfhe/binfhe/lwe-privatekey-fwd.h
2026-09-05T11:48:58.9386170Z -- Installing: /home/runner/work/20231788./20231788./.ci/openfhe-install/include/openfhe/binfhe/binfhecontext.h
2026-09-05T11:48:58.9387709Z -- Installing: /home/runner/work/20231788./20231788./.ci/openfhe-install/include/openfhe/binfhe/lwe-keyswitchkey.h
2026-09-05T11:48:58.9389512Z -- Installing: /home/runner/work/20231788./20231788./.ci/openfhe-install/include/openfhe/binfhe/lwe-pke.h
2026-09-05T11:48:58.9391244Z -- Installing: /home/runner/work/20231788./20231788./.ci/openfhe-install/include/openfhe/binfhe/lwe-privatekey.h
2026-09-05T11:48:58.9392723Z -- Installing: /home/runner/work/20231788./20231788./.ci/openfhe-install/include/openfhe/binfhe/rlwe-ciphertext.h
2026-09-05T11:48:58.9394595Z -- Installing: /home/runner/work/20231788./20231788./.ci/openfhe-install/include/openfhe/binfhe/rgsw-acckey.h
2026-09-05T11:48:58.9396335Z -- Installing: /home/runner/work/20231788./20231788./.ci/openfhe-install/include/openfhe/binfhe/lwe-cryptoparameters.h
2026-09-05T11:48:58.9398112Z -- Installing: /home/runner/work/20231788./20231788./.ci/openfhe-install/include/openfhe/binfhe/lwe-ciphertext.h
2026-09-05T11:48:58.9399734Z -- Installing: /home/runner/work/20231788./20231788./.ci/openfhe-install/include/openfhe/binfhe/lwe-keyswitchkey-fwd.h
2026-09-05T11:48:58.9401368Z -- Installing: /home/runner/work/20231788./20231788./.ci/openfhe-install/include/openfhe/binfhe/lwe-keypair-fwd.h
2026-09-05T11:48:58.9403167Z -- Installing: /home/runner/work/20231788./20231788./.ci/openfhe-install/include/openfhe/binfhe/binfhe-constants.h
2026-09-05T11:48:58.9404969Z -- Installing: /home/runner/work/20231788./20231788./.ci/openfhe-install/include/openfhe/binfhe/binfhe-base-params.h
2026-09-05T11:48:58.9406566Z -- Installing: /home/runner/work/20231788./20231788./.ci/openfhe-install/include/openfhe/binfhe/lwe-ciphertext-fwd.h
2026-09-05T11:48:58.9408286Z -- Installing: /home/runner/work/20231788./20231788./.ci/openfhe-install/include/openfhe/binfhe/rgsw-acc-dm.h
2026-09-05T11:48:58.9409798Z -- Installing: /home/runner/work/20231788./20231788./.ci/openfhe-install/include/openfhe/binfhe/rgsw-cryptoparameters.h
2026-09-05T11:48:58.9411680Z -- Installing: /home/runner/work/20231788./20231788./.ci/openfhe-install/include/openfhe/binfhe/lwe-publickey.h
2026-09-05T11:48:58.9413185Z -- Installing: /home/runner/work/20231788./20231788./.ci/openfhe-install/include/openfhe/binfhe/README.md
2026-09-05T11:48:58.9415368Z -- Installing: /home/runner/work/20231788./20231788./.ci/openfhe-install/include/openfhe/binfhe/binfhe-base-scheme.h
2026-09-05T11:48:58.9417175Z -- Installing: /home/runner/work/20231788./20231788./.ci/openfhe-install/include/openfhe/binfhe/rgsw-evalkey.h
2026-09-05T11:48:58.9418676Z -- Installing: /home/runner/work/20231788./20231788./.ci/openfhe-install/include/openfhe/binfhe/rgsw-acc-cggi.h
2026-09-05T11:48:58.9420565Z -- Installing: /home/runner/work/20231788./20231788./.ci/openfhe-install/include/openfhe/binfhe/binfhecontext-ser.h
2026-09-05T11:48:58.9423946Z -- Installing: /home/runner/work/20231788./20231788./.ci/openfhe-install/lib/OpenFHE/OpenFHEConfig.cmake
2026-09-05T11:48:58.9426405Z -- Installing: /home/runner/work/20231788./20231788./.ci/openfhe-install/lib/OpenFHE/OpenFHEConfigVersion.cmake
2026-09-05T11:48:58.9428344Z -- Installing: /home/runner/work/20231788./20231788./.ci/openfhe-install/lib/OpenFHE/OpenFHETargets.cmake
2026-09-05T11:48:58.9430910Z -- Installing: /home/runner/work/20231788./20231788./.ci/openfhe-install/lib/OpenFHE/OpenFHETargets-release.cmake
2026-09-05T11:48:58.9469133Z ##[group]Run cmake -S . -B build -DCMAKE_BUILD_TYPE=Debug -DCMAKE_PREFIX_PATH=${OPENFHE_PREFIX}
2026-09-05T11:48:58.9469789Z [36;1mcmake -S . -B build -DCMAKE_BUILD_TYPE=Debug -DCMAKE_PREFIX_PATH=${OPENFHE_PREFIX}[0m
2026-09-05T11:48:58.9504829Z shell: /usr/bin/bash -e {0}
2026-09-05T11:48:58.9505072Z env:
2026-09-05T11:48:58.9505327Z   OPENFHE_COMMIT: df495ba2e91739a6dc8f1de254fc5a41155ce504
2026-09-05T11:48:58.9505770Z   OPENFHE_PREFIX: /home/runner/work/20231788./20231788./.ci/openfhe-install
2026-09-05T11:48:58.9506139Z ##[endgroup]
2026-09-05T11:48:59.0095236Z -- The CXX compiler identification is GNU 13.3.0
2026-09-05T11:48:59.0179578Z -- Detecting CXX compiler ABI info
2026-09-05T11:48:59.0780416Z -- Detecting CXX compiler ABI info - done
2026-09-05T11:48:59.0957671Z -- Check for working CXX compiler: /usr/bin/c++ - skipped
2026-09-05T11:48:59.0961504Z -- Detecting CXX compile features
2026-09-05T11:48:59.0968505Z -- Detecting CXX compile features - done
2026-09-05T11:48:59.1085043Z -- Configuring done (0.2s)
2026-09-05T11:48:59.1420550Z -- Generating done (0.0s)
2026-09-05T11:48:59.1424099Z -- Build files have been written to: /home/runner/work/20231788./20231788./build
2026-09-05T11:48:59.1490498Z ##[group]Run test "$(git rev-parse HEAD)" = "$GITHUB_SHA"
2026-09-05T11:48:59.1491209Z [36;1mtest "$(git rev-parse HEAD)" = "$GITHUB_SHA"[0m
2026-09-05T11:48:59.1492328Z [36;1mprintf 'PROJECT_SOURCE_COMMIT=%s GITHUB_RUN_ID=%s GITHUB_RUN_ATTEMPT=%s\n' "$GITHUB_SHA" "$GITHUB_RUN_ID" "$GITHUB_RUN_ATTEMPT"[0m
2026-09-05T11:48:59.1532685Z shell: /usr/bin/bash -e {0}
2026-09-05T11:48:59.1533109Z env:
2026-09-05T11:48:59.1533371Z   OPENFHE_COMMIT: df495ba2e91739a6dc8f1de254fc5a41155ce504
2026-09-05T11:48:59.1533823Z   OPENFHE_PREFIX: /home/runner/work/20231788./20231788./.ci/openfhe-install
2026-09-05T11:48:59.1534213Z ##[endgroup]
2026-09-05T11:48:59.1603069Z PROJECT_SOURCE_COMMIT=9c4d83b5cde16e5c5af89886bd73fe5252a99002 GITHUB_RUN_ID=33964209898 GITHUB_RUN_ATTEMPT=1
2026-09-05T11:48:59.1640399Z ##[group]Run cmake --build build --parallel 2
2026-09-05T11:48:59.1640745Z [36;1mcmake --build build --parallel 2[0m
2026-09-05T11:48:59.1672242Z shell: /usr/bin/bash -e {0}
2026-09-05T11:48:59.1672482Z env:
2026-09-05T11:48:59.1672734Z   OPENFHE_COMMIT: df495ba2e91739a6dc8f1de254fc5a41155ce504
2026-09-05T11:48:59.1673170Z   OPENFHE_PREFIX: /home/runner/work/20231788./20231788./.ci/openfhe-install
2026-09-05T11:48:59.1673537Z ##[endgroup]
2026-09-05T11:48:59.1880105Z [  3%] Building CXX object CMakeFiles/openfhe_2023_1788.dir/src/double_ckks.cpp.o
2026-09-05T11:48:59.1881817Z [  6%] Building CXX object CMakeFiles/openfhe_2023_1788.dir/src/high_precision_client_io.cpp.o
2026-09-05T11:49:08.2215580Z [  9%] Building CXX object CMakeFiles/openfhe_2023_1788.dir/src/repeated_mult2.cpp.o
2026-09-05T11:49:17.1274742Z [ 12%] Building CXX object CMakeFiles/openfhe_2023_1788.dir/src/paper_h128_client_keypair.cpp.o
2026-09-05T11:49:23.0716740Z [ 16%] Linking CXX static library libopenfhe_2023_1788.a
2026-09-05T11:49:31.4872838Z [ 16%] Built target openfhe_2023_1788
2026-09-05T11:49:31.4943839Z [ 19%] Building CXX object CMakeFiles/dcp_rcb_test.dir/tests/dcp_rcb_test.cpp.o
2026-09-05T11:49:31.4945205Z [ 22%] Building CXX object CMakeFiles/tensor2_api_contract_test.dir/tests/tensor2_api_contract_test.cpp.o
2026-09-05T11:49:34.0757333Z [ 25%] Linking CXX executable tensor2_api_contract_test
2026-09-05T11:49:34.1420170Z [ 25%] Built target tensor2_api_contract_test
2026-09-05T11:49:34.1492404Z [ 29%] Building CXX object CMakeFiles/pair_add_test.dir/tests/pair_add_test.cpp.o
2026-09-05T11:49:41.7118990Z [ 32%] Linking CXX executable pair_add_test
2026-09-05T11:49:41.8423539Z [ 32%] Built target pair_add_test
2026-09-05T11:49:41.8492667Z [ 35%] Building CXX object CMakeFiles/pair_sub_test.dir/tests/pair_sub_test.cpp.o
2026-09-05T11:49:46.1105428Z [ 38%] Linking CXX executable dcp_rcb_test
2026-09-05T11:49:46.2561319Z [ 38%] Built target dcp_rcb_test
2026-09-05T11:49:46.2636421Z [ 41%] Building CXX object CMakeFiles/pair_arithmetic_test.dir/tests/pair_arithmetic_test.cpp.o
2026-09-05T11:49:49.4488499Z [ 45%] Linking CXX executable pair_sub_test
2026-09-05T11:49:49.5826885Z [ 45%] Built target pair_sub_test
2026-09-05T11:49:49.5897302Z [ 48%] Building CXX object CMakeFiles/tensor2_test.dir/tests/tensor2_test.cpp.o
2026-09-05T11:50:01.0521405Z [ 51%] Linking CXX executable pair_arithmetic_test
2026-09-05T11:50:01.1973743Z [ 51%] Built target pair_arithmetic_test
2026-09-05T11:50:01.2043322Z [ 54%] Building CXX object CMakeFiles/relin2_test.dir/tests/relin2_test.cpp.o
2026-09-05T11:50:01.8640665Z [ 58%] Linking CXX executable tensor2_test
2026-09-05T11:50:02.0037837Z [ 58%] Built target tensor2_test
2026-09-05T11:50:02.0108057Z [ 61%] Building CXX object CMakeFiles/rs2_test.dir/tests/rs2_test.cpp.o
2026-09-05T11:50:15.7884952Z [ 64%] Linking CXX executable rs2_test
2026-09-05T11:50:15.9288376Z [ 64%] Built target rs2_test
2026-09-05T11:50:15.9357122Z [ 67%] Building CXX object CMakeFiles/mult2_test.dir/tests/mult2_test.cpp.o
2026-09-05T11:50:23.6068972Z [ 70%] Linking CXX executable mult2_test
2026-09-05T11:50:23.7379352Z [ 70%] Built target mult2_test
2026-09-05T11:50:23.7448280Z [ 74%] Building CXX object CMakeFiles/mult2_e2e_oracle_test.dir/tests/mult2_e2e_oracle_test.cpp.o
2026-09-05T11:50:26.4593210Z [ 77%] Linking CXX executable relin2_test
2026-09-05T11:50:26.6202618Z [ 77%] Built target relin2_test
2026-09-05T11:50:26.6275286Z [ 80%] Building CXX object CMakeFiles/precision_dcp_rcb_contract_test.dir/tests/precision_dcp_rcb_contract_test.cpp.o
2026-09-05T11:50:38.7415115Z [ 83%] Linking CXX executable mult2_e2e_oracle_test
2026-09-05T11:50:38.8873284Z [ 83%] Built target mult2_e2e_oracle_test
2026-09-05T11:50:38.8944118Z [ 87%] Building CXX object CMakeFiles/precision_first_mult2_contract_test.dir/tests/precision_first_mult2_contract_test.cpp.o
2026-09-05T11:50:42.6607314Z [ 90%] Building CXX object CMakeFiles/precision_dcp_rcb_contract_test.dir/tests/precision_dcp_rcb_fixture.cpp.o
2026-09-05T11:50:54.6798419Z [ 93%] Linking CXX executable precision_dcp_rcb_contract_test
2026-09-05T11:50:54.8452061Z [ 93%] Built target precision_dcp_rcb_contract_test
2026-09-05T11:50:54.8474750Z [ 96%] Building CXX object CMakeFiles/precision_first_mult2_contract_test.dir/tests/precision_dcp_rcb_fixture.cpp.o
2026-09-05T11:51:06.7913547Z [100%] Linking CXX executable precision_first_mult2_contract_test
2026-09-05T11:51:06.9535267Z [100%] Built target precision_first_mult2_contract_test
2026-09-05T11:51:06.9602081Z ##[group]Run cmake --build build --target relin2_api_contract_test --parallel 2
2026-09-05T11:51:06.9602669Z [36;1mcmake --build build --target relin2_api_contract_test --parallel 2[0m
2026-09-05T11:51:06.9638637Z shell: /usr/bin/bash -e {0}
2026-09-05T11:51:06.9638884Z env:
2026-09-05T11:51:06.9639137Z   OPENFHE_COMMIT: df495ba2e91739a6dc8f1de254fc5a41155ce504
2026-09-05T11:51:06.9639575Z   OPENFHE_PREFIX: /home/runner/work/20231788./20231788./.ci/openfhe-install
2026-09-05T11:51:06.9639947Z ##[endgroup]
2026-09-05T11:51:07.0139422Z [ 71%] Built target openfhe_2023_1788
2026-09-05T11:51:07.0206609Z [ 85%] Building CXX object CMakeFiles/relin2_api_contract_test.dir/tests/relin2_api_contract_test.cpp.o
2026-09-05T11:51:09.4967909Z [100%] Linking CXX executable relin2_api_contract_test
2026-09-05T11:51:09.5583011Z [100%] Built target relin2_api_contract_test
2026-09-05T11:51:09.5660186Z ##[group]Run cmake --build build --target rs2_api_contract_test --parallel 2
2026-09-05T11:51:09.5661135Z [36;1mcmake --build build --target rs2_api_contract_test --parallel 2[0m
2026-09-05T11:51:09.5710385Z shell: /usr/bin/bash -e {0}
2026-09-05T11:51:09.5710645Z env:
2026-09-05T11:51:09.5710904Z   OPENFHE_COMMIT: df495ba2e91739a6dc8f1de254fc5a41155ce504
2026-09-05T11:51:09.5711345Z   OPENFHE_PREFIX: /home/runner/work/20231788./20231788./.ci/openfhe-install
2026-09-05T11:51:09.5711714Z ##[endgroup]
2026-09-05T11:51:09.6115405Z [ 71%] Built target openfhe_2023_1788
2026-09-05T11:51:09.6181611Z [ 85%] Building CXX object CMakeFiles/rs2_api_contract_test.dir/tests/rs2_api_contract_test.cpp.o
2026-09-05T11:51:12.0856074Z [100%] Linking CXX executable rs2_api_contract_test
2026-09-05T11:51:12.1464924Z [100%] Built target rs2_api_contract_test
2026-09-05T11:51:12.1539864Z ##[group]Run cmake --build build --target precision_first_mult2_contract_test --parallel 2
2026-09-05T11:51:12.1541053Z [36;1mcmake --build build --target precision_first_mult2_contract_test --parallel 2[0m
2026-09-05T11:51:12.1542279Z [36;1mctest --test-dir build --verbose --output-on-failure -R '^precision_first_mult2_high_precision_contract$'[0m
2026-09-05T11:51:12.1589508Z shell: /usr/bin/bash -e {0}
2026-09-05T11:51:12.1589761Z env:
2026-09-05T11:51:12.1590022Z   OPENFHE_COMMIT: df495ba2e91739a6dc8f1de254fc5a41155ce504
2026-09-05T11:51:12.1590464Z   OPENFHE_PREFIX: /home/runner/work/20231788./20231788./.ci/openfhe-install
2026-09-05T11:51:12.1590828Z ##[endgroup]
2026-09-05T11:51:12.1991562Z [ 62%] Built target openfhe_2023_1788
2026-09-05T11:51:12.2244746Z [100%] Built target precision_first_mult2_contract_test
2026-09-05T11:51:12.9018985Z Internal ctest changing into directory: /home/runner/work/20231788./20231788./build
2026-09-05T11:51:12.9020186Z UpdateCTestConfiguration  from :/home/runner/work/20231788./20231788./build/DartConfiguration.tcl
2026-09-05T11:51:12.9776894Z UpdateCTestConfiguration  from :/home/runner/work/20231788./20231788./build/DartConfiguration.tcl
2026-09-05T11:51:12.9827530Z Test project /home/runner/work/20231788./20231788./build
2026-09-05T11:51:12.9834431Z Constructing a list of tests
2026-09-05T11:51:13.0159703Z Done constructing a list of tests
2026-09-05T11:51:13.0160564Z Updating test list for fixtures
2026-09-05T11:51:13.0161026Z Added 0 tests to meet fixture requirements
2026-09-05T11:51:13.0622495Z Checking test dependency graph...
2026-09-05T11:51:13.0623046Z Checking test dependency graph end
2026-09-05T11:51:13.0790211Z test 3
2026-09-05T11:51:13.0790894Z     Start 3: precision_first_mult2_high_precision_contract
2026-09-05T11:51:13.0791508Z 
2026-09-05T11:51:13.0791947Z 3: Test command: /home/runner/work/20231788./20231788./build/precision_first_mult2_contract_test
2026-09-05T11:51:13.0792839Z 3: Working Directory: /home/runner/work/20231788./20231788./build
2026-09-05T11:51:13.0943095Z 3: Test timeout computed to be: 10000000
2026-09-05T11:51:13.2661136Z 3: test=precision_first_mult2_high_precision_contract trial=0 claim_scope=first-Mult2-diagnostic-only security_level=HEStd_NotSet(diagnostic-only) key_switch=HYBRID ckks_data_type=COMPLEX N=64 batch=16 depth=7 scaling_mod_size=50 first_mod_size=55 input_scale_numerator=2^100 final_logical_scale_numerator=2^200 final_logical_scale_denominator=1267650600226646386227681786497 q_div=1125899906843009 q_l=1125899906840833 input_product_centered_headroom_bits=160 output_centered_headroom_bits=210 coefficient_error_numerator=89524838258812815220605512280544 coefficient_error_denominator=1267650600226646386227681786497 frozen_abs_tolerance=2^-80 product_delta_error=1.3996357034916916459880946588276934753080e-28 max_slot_error=4.7338421728136334430700518204744973466991e-28
2026-09-05T11:51:13.2667787Z 3: test=precision_first_mult2_high_precision_contract trial=1 claim_scope=first-Mult2-diagnostic-only security_level=HEStd_NotSet(diagnostic-only) key_switch=HYBRID ckks_data_type=COMPLEX N=64 batch=16 depth=7 scaling_mod_size=50 first_mod_size=55 input_scale_numerator=2^100 final_logical_scale_numerator=2^200 final_logical_scale_denominator=1267650600226646386227681786497 q_div=1125899906843009 q_l=1125899906840833 input_product_centered_headroom_bits=160 output_centered_headroom_bits=210 coefficient_error_numerator=107095505111621393719163432190711 coefficient_error_denominator=1267650600226646386227681786497 frozen_abs_tolerance=2^-80 product_delta_error=1.7492743484080155766059836977647031965548e-28 max_slot_error=4.5167534732594061959175997441297204661510e-28
2026-09-05T11:51:13.2673176Z 3: test=precision_first_mult2_high_precision_contract trial=2 claim_scope=first-Mult2-diagnostic-only security_level=HEStd_NotSet(diagnostic-only) key_switch=HYBRID ckks_data_type=COMPLEX N=64 batch=16 depth=7 scaling_mod_size=50 first_mod_size=55 input_scale_numerator=2^100 final_logical_scale_numerator=2^200 final_logical_scale_denominator=1267650600226646386227681786497 q_div=1125899906843009 q_l=1125899906840833 input_product_centered_headroom_bits=160 output_centered_headroom_bits=210 coefficient_error_numerator=202613139852487099530298535385989 coefficient_error_denominator=1267650600226646386227681786497 frozen_abs_tolerance=2^-80 product_delta_error=1.6999489904911429871155506484882636259190e-28 max_slot_error=1.6995106543573538162756714569149958224219e-27
2026-09-05T11:51:13.2678456Z 3: test=precision_first_mult2_high_precision_contract trial=3 claim_scope=first-Mult2-diagnostic-only security_level=HEStd_NotSet(diagnostic-only) key_switch=HYBRID ckks_data_type=COMPLEX N=64 batch=16 depth=7 scaling_mod_size=50 first_mod_size=55 input_scale_numerator=2^100 final_logical_scale_numerator=2^200 final_logical_scale_denominator=1267650600226646386227681786497 q_div=1125899906843009 q_l=1125899906840833 input_product_centered_headroom_bits=160 output_centered_headroom_bits=210 coefficient_error_numerator=96185305224188434534111808776040 coefficient_error_denominator=1267650600226646386227681786497 frozen_abs_tolerance=2^-80 product_delta_error=3.9472273276985906972699165682396273745526e-28 max_slot_error=4.0579287028576070022040062282202473059962e-28
2026-09-05T11:51:13.2681147Z 3: precision_first_mult2_high_precision_contract=PASS
2026-09-05T11:51:13.2681588Z 1/1 Test #3: precision_first_mult2_high_precision_contract ...   Passed    0.17 sec
2026-09-05T11:51:13.3331607Z 
2026-09-05T11:51:13.3331816Z The following tests passed:
2026-09-05T11:51:13.3332360Z 	precision_first_mult2_high_precision_contract
2026-09-05T11:51:13.3332750Z 
2026-09-05T11:51:13.3332920Z 100% tests passed, 0 tests failed out of 1
2026-09-05T11:51:13.3333155Z 
2026-09-05T11:51:13.3333270Z Total Test time (real) =   0.35 sec
2026-09-05T11:51:13.3808667Z ##[group]Run ctest --test-dir build --verbose --output-on-failure -R '^mult2_pair_(add|sub)_input_hybrid_complex$'
2026-09-05T11:51:13.3809465Z [36;1mctest --test-dir build --verbose --output-on-failure -R '^mult2_pair_(add|sub)_input_hybrid_complex$'[0m
2026-09-05T11:51:13.3844889Z shell: /usr/bin/bash -e {0}
2026-09-05T11:51:13.3845141Z env:
2026-09-05T11:51:13.3845393Z   OPENFHE_COMMIT: df495ba2e91739a6dc8f1de254fc5a41155ce504
2026-09-05T11:51:13.3845831Z   OPENFHE_PREFIX: /home/runner/work/20231788./20231788./.ci/openfhe-install
2026-09-05T11:51:13.3846198Z ##[endgroup]
2026-09-05T11:51:13.3916140Z Internal ctest changing into directory: /home/runner/work/20231788./20231788./build
2026-09-05T11:51:13.3916798Z UpdateCTestConfiguration  from :/home/runner/work/20231788./20231788./build/DartConfiguration.tcl
2026-09-05T11:51:13.3917643Z UpdateCTestConfiguration  from :/home/runner/work/20231788./20231788./build/DartConfiguration.tcl
2026-09-05T11:51:13.3918388Z Test project /home/runner/work/20231788./20231788./build
2026-09-05T11:51:13.3918985Z Constructing a list of tests
2026-09-05T11:51:13.3929254Z Done constructing a list of tests
2026-09-05T11:51:13.3929751Z Updating test list for fixtures
2026-09-05T11:51:13.3930229Z Added 0 tests to meet fixture requirements
2026-09-05T11:51:13.3930746Z Checking test dependency graph...
2026-09-05T11:51:13.3931196Z Checking test dependency graph end
2026-09-05T11:51:13.3933538Z test 56
2026-09-05T11:51:13.3933850Z     Start 56: mult2_pair_add_input_hybrid_complex
2026-09-05T11:51:13.3934072Z 
2026-09-05T11:51:13.3934696Z 56: Test command: /home/runner/work/20231788./20231788./build/mult2_e2e_oracle_test "pair_add_input_hybrid_complex"
2026-09-05T11:51:13.3935767Z 56: Working Directory: /home/runner/work/20231788./20231788./build
2026-09-05T11:51:13.3936389Z 56: Test timeout computed to be: 10000000
2026-09-05T11:51:13.4878751Z 56: [RELIN2-EXECUTION] q_div=1073741953 q_l=1073741441 ordinary_combined_relin_execution_error=12 pair_relin_execution_error=20 high_path_relin_error=10 low_path_relin_error=15 execution_relin2_triangle_bound=25 paper_additivity_residual=15 paper_additivity_execution_observed=true secret_h=44 input_Q_l=52656049226897061758347970843194892279389197066160739197584863617 oracle_basis_agreement=true
2026-09-05T11:51:13.4886722Z 56: case=pair_add_input_hybrid_complex security_level=HEStd_NotSet(functional-only) key_switch=HYBRID secret_key_dist=UNIFORM_TERNARY ckks_data_type=COMPLEX selected_ring_dimension=64 actual_N=64 batch_size=16 host_vector_length=8 encoding_noise_scale_degree=2 encoding_level=0 scaling_technique=FIXEDMANUAL digit_size=0 max_relin_sk_deg=2 scaling_mod_size=30 first_mod_size=35 multiplicative_depth=7 active_Q_l_towers=7 Q_l_bits=215 preselection_required_bits=174 selection_reserve_bits=32 q_div=1073741953 q_l=1073741441 ratio_2^(2p)/(q_div*q_l)=1.00000023655603276 descriptor_ratio=1.00000023655603276 M_high=89261195 M_low=9139387210 secret_h=44 ordinary_combined_relin_execution_error=12 pair_relin_execution_error=20 high_path_relin_error=10 low_path_relin_error=15 execution_relin2_triangle_bound=25 paper_additivity_residual=15 paper_additivity_execution_observed=true execution_certificate=PER_PATH_CONDITIONAL conservative_E_Relin_available=false universal_theorem_gate=UNPROVED execution_nonwrap_left=587902483061839740256929300677889625 execution_nonwrap_right_Q_l_over_2=26328024613448530879173985421597446139694598533080369598792431808 coefficient_error=204278223567844518665/1152921231876374273 execution_bound=10743516473000006704735/2305842463752748546 fixed_key_bv_bound_available=false frozen_decoded_abs_tolerance=0.00100000000000000002 measured_recorded_bias_error=6.60322039453541367e-10 measured_logical_slot_error=6.60321883250417333e-10
2026-09-05T11:51:13.4892794Z 1/2 Test #56: mult2_pair_add_input_hybrid_complex ...   Passed    0.09 sec
2026-09-05T11:51:13.4893159Z test 57
2026-09-05T11:51:13.4893378Z     Start 57: mult2_pair_sub_input_hybrid_complex
2026-09-05T11:51:13.4893585Z 
2026-09-05T11:51:13.4894089Z 57: Test command: /home/runner/work/20231788./20231788./build/mult2_e2e_oracle_test "pair_sub_input_hybrid_complex"
2026-09-05T11:51:13.4894930Z 57: Working Directory: /home/runner/work/20231788./20231788./build
2026-09-05T11:51:13.4895280Z 57: Test timeout computed to be: 10000000
2026-09-05T11:51:13.5680989Z 57: [RELIN2-EXECUTION] q_div=1073741953 q_l=1073741441 ordinary_combined_relin_execution_error=15 pair_relin_execution_error=23 high_path_relin_error=12 low_path_relin_error=11 execution_relin2_triangle_bound=23 paper_additivity_residual=17 paper_additivity_execution_observed=true secret_h=41 input_Q_l=52656049226897061758347970843194892279389197066160739197584863617 oracle_basis_agreement=true
2026-09-05T11:51:13.5689546Z 57: case=pair_sub_input_hybrid_complex security_level=HEStd_NotSet(functional-only) key_switch=HYBRID secret_key_dist=UNIFORM_TERNARY ckks_data_type=COMPLEX selected_ring_dimension=64 actual_N=64 batch_size=16 host_vector_length=8 encoding_noise_scale_degree=2 encoding_level=0 scaling_technique=FIXEDMANUAL digit_size=0 max_relin_sk_deg=2 scaling_mod_size=30 first_mod_size=35 multiplicative_depth=7 active_Q_l_towers=7 Q_l_bits=215 preselection_required_bits=174 selection_reserve_bits=32 q_div=1073741953 q_l=1073741441 ratio_2^(2p)/(q_div*q_l)=1.00000023655603276 descriptor_ratio=1.00000023655603276 M_high=89261193 M_low=8589935562 secret_h=41 ordinary_combined_relin_execution_error=15 pair_relin_execution_error=23 high_path_relin_error=12 low_path_relin_error=11 execution_relin2_triangle_bound=23 paper_additivity_residual=17 paper_additivity_execution_observed=true execution_certificate=PER_PATH_CONDITIONAL conservative_E_Relin_available=false universal_theorem_gate=UNPROVED execution_nonwrap_left=587902449975921481333526009002949207 execution_nonwrap_right_Q_l_over_2=26328024613448530879173985421597446139694598533080369598792431808 coefficient_error=167369464620806688906/1152921231876374273 execution_bound=9493157790580168597336/2305842463752748546 fixed_key_bv_bound_available=false frozen_decoded_abs_tolerance=0.00100000000000000002 measured_recorded_bias_error=8.52649238333343328e-10 measured_logical_slot_error=8.52649035289509171e-10
2026-09-05T11:51:13.5696555Z 2/2 Test #57: mult2_pair_sub_input_hybrid_complex ...   Passed    0.08 sec
2026-09-05T11:51:13.5697073Z 
2026-09-05T11:51:13.5697240Z The following tests passed:
2026-09-05T11:51:13.5697669Z 	mult2_pair_add_input_hybrid_complex
2026-09-05T11:51:13.5698148Z 	mult2_pair_sub_input_hybrid_complex
2026-09-05T11:51:13.5698456Z 
2026-09-05T11:51:13.5698638Z 100% tests passed, 0 tests failed out of 2
2026-09-05T11:51:13.5698963Z 
2026-09-05T11:51:13.5699143Z Total Test time (real) =   0.18 sec
2026-09-05T11:51:13.5739764Z ##[group]Run ctest --test-dir build --show-only=json-v1 -E '^(precision_client_io_first_mult2_contract|repeated_mult2_semantic_two_square_contract|paper_h128_client_keypair_contract)$'
2026-09-05T11:51:13.5742140Z [36;1mctest --test-dir build --show-only=json-v1 -E '^(precision_client_io_first_mult2_contract|repeated_mult2_semantic_two_square_contract|paper_h128_client_keypair_contract)$'[0m
2026-09-05T11:51:13.5744781Z [36;1mctest --test-dir build --verbose --output-on-failure -E '^(precision_client_io_first_mult2_contract|repeated_mult2_semantic_two_square_contract|paper_h128_client_keypair_contract)$'[0m
2026-09-05T11:51:13.5794975Z shell: /usr/bin/bash -e {0}
2026-09-05T11:51:13.5795385Z env:
2026-09-05T11:51:13.5795815Z   OPENFHE_COMMIT: df495ba2e91739a6dc8f1de254fc5a41155ce504
2026-09-05T11:51:13.5796599Z   OPENFHE_PREFIX: /home/runner/work/20231788./20231788./.ci/openfhe-install
2026-09-05T11:51:13.5797260Z ##[endgroup]
2026-09-05T11:51:13.5960678Z {
2026-09-05T11:51:13.5961167Z   "backtraceGraph" : 
2026-09-05T11:51:13.5961681Z   {
2026-09-05T11:51:13.5962095Z     "commands" : 
2026-09-05T11:51:13.5962604Z     [
2026-09-05T11:51:13.5963121Z       "add_test"
2026-09-05T11:51:13.5979089Z     ],
2026-09-05T11:51:13.5979468Z     "files" : 
2026-09-05T11:51:13.5979811Z     [
2026-09-05T11:51:13.5980240Z       "/home/runner/work/20231788./20231788./CMakeLists.txt"
2026-09-05T11:51:13.5980902Z     ],
2026-09-05T11:51:13.5981218Z     "nodes" : 
2026-09-05T11:51:13.5981544Z     [
2026-09-05T11:51:13.5981841Z       {
2026-09-05T11:51:13.5982163Z         "file" : 0
2026-09-05T11:51:13.5982511Z       },
2026-09-05T11:51:13.5982815Z       {
2026-09-05T11:51:13.5983121Z         "command" : 0,
2026-09-05T11:51:13.5983490Z         "file" : 0,
2026-09-05T11:51:13.5983830Z         "line" : 180,
2026-09-05T11:51:13.5984195Z         "parent" : 0
2026-09-05T11:51:13.5986922Z       },
2026-09-05T11:51:13.5987252Z       {
2026-09-05T11:51:13.5987583Z         "file" : 0
2026-09-05T11:51:13.5987957Z       },
2026-09-05T11:51:13.5988270Z       {
2026-09-05T11:51:13.5988577Z         "command" : 0,
2026-09-05T11:51:13.5988947Z         "file" : 0,
2026-09-05T11:51:13.5989295Z         "line" : 181,
2026-09-05T11:51:13.5989663Z         "parent" : 2
2026-09-05T11:51:13.5990005Z       },
2026-09-05T11:51:13.5990426Z       {
2026-09-05T11:51:13.5990726Z         "file" : 0
2026-09-05T11:51:13.5991065Z       },
2026-09-05T11:51:13.5991353Z       {
2026-09-05T11:51:13.5991620Z         "command" : 0,
2026-09-05T11:51:13.5991927Z         "file" : 0,
2026-09-05T11:51:13.5992222Z         "line" : 183,
2026-09-05T11:51:13.5992544Z         "parent" : 4
2026-09-05T11:51:13.5992882Z       },
2026-09-05T11:51:13.5993189Z       {
2026-09-05T11:51:13.5993480Z         "file" : 0
2026-09-05T11:51:13.5993818Z       },
2026-09-05T11:51:13.5994115Z       {
2026-09-05T11:51:13.5994684Z         "command" : 0,
2026-09-05T11:51:13.5995060Z         "file" : 0,
2026-09-05T11:51:13.5995418Z         "line" : 185,
2026-09-05T11:51:13.5995787Z         "parent" : 6
2026-09-05T11:51:13.5996145Z       },
2026-09-05T11:51:13.5996452Z       {
2026-09-05T11:51:13.5996752Z         "file" : 0
2026-09-05T11:51:13.5997083Z       },
2026-09-05T11:51:13.5997376Z       {
2026-09-05T11:51:13.5997684Z         "command" : 0,
2026-09-05T11:51:13.5998050Z         "file" : 0,
2026-09-05T11:51:13.5998394Z         "line" : 186,
2026-09-05T11:51:13.5998754Z         "parent" : 8
2026-09-05T11:51:13.5999107Z       },
2026-09-05T11:51:13.5999412Z       {
2026-09-05T11:51:13.5999712Z         "file" : 0
2026-09-05T11:51:13.6000048Z       },
2026-09-05T11:51:13.6000361Z       {
2026-09-05T11:51:13.6000667Z         "command" : 0,
2026-09-05T11:51:13.6001027Z         "file" : 0,
2026-09-05T11:51:13.6001360Z         "line" : 187,
2026-09-05T11:51:13.6001715Z         "parent" : 10
2026-09-05T11:51:13.6002068Z       },
2026-09-05T11:51:13.6002356Z       {
2026-09-05T11:51:13.6002653Z         "file" : 0
2026-09-05T11:51:13.6002984Z       },
2026-09-05T11:51:13.6003550Z       {
2026-09-05T11:51:13.6003871Z         "command" : 0,
2026-09-05T11:51:13.6004235Z         "file" : 0,
2026-09-05T11:51:13.6004865Z         "line" : 188,
2026-09-05T11:51:13.6005225Z         "parent" : 12
2026-09-05T11:51:13.6005586Z       },
2026-09-05T11:51:13.6005891Z       {
2026-09-05T11:51:13.6006200Z         "file" : 0
2026-09-05T11:51:13.6006544Z       },
2026-09-05T11:51:13.6006852Z       {
2026-09-05T11:51:13.6007161Z         "command" : 0,
2026-09-05T11:51:13.6007536Z         "file" : 0,
2026-09-05T11:51:13.6007889Z         "line" : 190,
2026-09-05T11:51:13.6008262Z         "parent" : 14
2026-09-05T11:51:13.6008617Z       },
2026-09-05T11:51:13.6008927Z       {
2026-09-05T11:51:13.6009236Z         "file" : 0
2026-09-05T11:51:13.6009577Z       },
2026-09-05T11:51:13.6009880Z       {
2026-09-05T11:51:13.6010189Z         "command" : 0,
2026-09-05T11:51:13.6010541Z         "file" : 0,
2026-09-05T11:51:13.6010879Z         "line" : 192,
2026-09-05T11:51:13.6011554Z         "parent" : 16
2026-09-05T11:51:13.6011912Z       },
2026-09-05T11:51:13.6012204Z       {
2026-09-05T11:51:13.6012490Z         "file" : 0
2026-09-05T11:51:13.6012811Z       },
2026-09-05T11:51:13.6013100Z       {
2026-09-05T11:51:13.6013402Z         "command" : 0,
2026-09-05T11:51:13.6013763Z         "file" : 0,
2026-09-05T11:51:13.6014104Z         "line" : 193,
2026-09-05T11:51:13.6014780Z         "parent" : 18
2026-09-05T11:51:13.6015139Z       },
2026-09-05T11:51:13.6015435Z       {
2026-09-05T11:51:13.6015751Z         "file" : 0
2026-09-05T11:51:13.6016089Z       },
2026-09-05T11:51:13.6016384Z       {
2026-09-05T11:51:13.6016692Z         "command" : 0,
2026-09-05T11:51:13.6017062Z         "file" : 0,
2026-09-05T11:51:13.6017411Z         "line" : 194,
2026-09-05T11:51:13.6017778Z         "parent" : 20
2026-09-05T11:51:13.6018128Z       },
2026-09-05T11:51:13.6018426Z       {
2026-09-05T11:51:13.6018727Z         "file" : 0
2026-09-05T11:51:13.6019060Z       },
2026-09-05T11:51:13.6019425Z       {
2026-09-05T11:51:13.6019739Z         "command" : 0,
2026-09-05T11:51:13.6020100Z         "file" : 0,
2026-09-05T11:51:13.6020448Z         "line" : 195,
2026-09-05T11:51:13.6020796Z         "parent" : 22
2026-09-05T11:51:13.6021131Z       },
2026-09-05T11:51:13.6021414Z       {
2026-09-05T11:51:13.6021700Z         "file" : 0
2026-09-05T11:51:13.6022029Z       },
2026-09-05T11:51:13.6022317Z       {
2026-09-05T11:51:13.6022666Z         "command" : 0,
2026-09-05T11:51:13.6023018Z         "file" : 0,
2026-09-05T11:51:13.6023356Z         "line" : 196,
2026-09-05T11:51:13.6023717Z         "parent" : 24
2026-09-05T11:51:13.6024067Z       },
2026-09-05T11:51:13.6024618Z       {
2026-09-05T11:51:13.6024938Z         "file" : 0
2026-09-05T11:51:13.6025283Z       },
2026-09-05T11:51:13.6025587Z       {
2026-09-05T11:51:13.6025900Z         "command" : 0,
2026-09-05T11:51:13.6026275Z         "file" : 0,
2026-09-05T11:51:13.6026620Z         "line" : 197,
2026-09-05T11:51:13.6026983Z         "parent" : 26
2026-09-05T11:51:13.6027335Z       },
2026-09-05T11:51:13.6027646Z       {
2026-09-05T11:51:13.6027940Z         "file" : 0
2026-09-05T11:51:13.6028294Z       },
2026-09-05T11:51:13.6028589Z       {
2026-09-05T11:51:13.6028908Z         "command" : 0,
2026-09-05T11:51:13.6029278Z         "file" : 0,
2026-09-05T11:51:13.6029629Z         "line" : 198,
2026-09-05T11:51:13.6029992Z         "parent" : 28
2026-09-05T11:51:13.6030338Z       },
2026-09-05T11:51:13.6030636Z       {
2026-09-05T11:51:13.6030933Z         "file" : 0
2026-09-05T11:51:13.6031266Z       },
2026-09-05T11:51:13.6031573Z       {
2026-09-05T11:51:13.6032148Z         "command" : 0,
2026-09-05T11:51:13.6032704Z         "file" : 0,
2026-09-05T11:51:13.6033207Z         "line" : 199,
2026-09-05T11:51:13.6033685Z         "parent" : 30
2026-09-05T11:51:13.6033998Z       },
2026-09-05T11:51:13.6034280Z       {
2026-09-05T11:51:13.6034917Z         "file" : 0
2026-09-05T11:51:13.6035210Z       },
2026-09-05T11:51:13.6035502Z       {
2026-09-05T11:51:13.6035862Z         "command" : 0,
2026-09-05T11:51:13.6036316Z         "file" : 0,
2026-09-05T11:51:13.6036680Z         "line" : 200,
2026-09-05T11:51:13.6036971Z         "parent" : 32
2026-09-05T11:51:13.6037281Z       },
2026-09-05T11:51:13.6037598Z       {
2026-09-05T11:51:13.6037859Z         "file" : 0
2026-09-05T11:51:13.6038178Z       },
2026-09-05T11:51:13.6038436Z       {
2026-09-05T11:51:13.6038684Z         "command" : 0,
2026-09-05T11:51:13.6039062Z         "file" : 0,
2026-09-05T11:51:13.6039383Z         "line" : 201,
2026-09-05T11:51:13.6039708Z         "parent" : 34
2026-09-05T11:51:13.6039989Z       },
2026-09-05T11:51:13.6040229Z       {
2026-09-05T11:51:13.6040579Z         "file" : 0
2026-09-05T11:51:13.6040857Z       },
2026-09-05T11:51:13.6041138Z       {
2026-09-05T11:51:13.6041448Z         "command" : 0,
2026-09-05T11:51:13.6041888Z         "file" : 0,
2026-09-05T11:51:13.6042399Z         "line" : 202,
2026-09-05T11:51:13.6042827Z         "parent" : 36
2026-09-05T11:51:13.6043322Z       },
2026-09-05T11:51:13.6043897Z       {
2026-09-05T11:51:13.6044274Z         "file" : 0
2026-09-05T11:51:13.6045050Z       },
2026-09-05T11:51:13.6045429Z       {
2026-09-05T11:51:13.6045794Z         "command" : 0,
2026-09-05T11:51:13.6046290Z         "file" : 0,
2026-09-05T11:51:13.6046689Z         "line" : 203,
2026-09-05T11:51:13.6047181Z         "parent" : 38
2026-09-05T11:51:13.6047603Z       },
2026-09-05T11:51:13.6047964Z       {
2026-09-05T11:51:13.6048434Z         "file" : 0
2026-09-05T11:51:13.6048820Z       },
2026-09-05T11:51:13.6049267Z       {
2026-09-05T11:51:13.6049660Z         "command" : 0,
2026-09-05T11:51:13.6050082Z         "file" : 0,
2026-09-05T11:51:13.6050543Z         "line" : 204,
2026-09-05T11:51:13.6050953Z         "parent" : 40
2026-09-05T11:51:13.6051526Z       },
2026-09-05T11:51:13.6051895Z       {
2026-09-05T11:51:13.6052262Z         "file" : 0
2026-09-05T11:51:13.6052754Z       },
2026-09-05T11:51:13.6053125Z       {
2026-09-05T11:51:13.6053567Z         "command" : 0,
2026-09-05T11:51:13.6054014Z         "file" : 0,
2026-09-05T11:51:13.6054702Z         "line" : 205,
2026-09-05T11:51:13.6055208Z         "parent" : 42
2026-09-05T11:51:13.6055618Z       },
2026-09-05T11:51:13.6056016Z       {
2026-09-05T11:51:13.6056463Z         "file" : 0
2026-09-05T11:51:13.6056862Z       },
2026-09-05T11:51:13.6057286Z       {
2026-09-05T11:51:13.6057727Z         "command" : 0,
2026-09-05T11:51:13.6058173Z         "file" : 0,
2026-09-05T11:51:13.6058654Z         "line" : 206,
2026-09-05T11:51:13.6059066Z         "parent" : 44
2026-09-05T11:51:13.6059516Z       },
2026-09-05T11:51:13.6059907Z       {
2026-09-05T11:51:13.6060310Z         "file" : 0
2026-09-05T11:51:13.6060763Z       },
2026-09-05T11:51:13.6061127Z       {
2026-09-05T11:51:13.6061480Z         "command" : 0,
2026-09-05T11:51:13.6061979Z         "file" : 0,
2026-09-05T11:51:13.6062462Z         "line" : 207,
2026-09-05T11:51:13.6062933Z         "parent" : 46
2026-09-05T11:51:13.6063335Z       },
2026-09-05T11:51:13.6063681Z       {
2026-09-05T11:51:13.6064129Z         "file" : 0
2026-09-05T11:51:13.6064759Z       },
2026-09-05T11:51:13.6065170Z       {
2026-09-05T11:51:13.6065554Z         "command" : 0,
2026-09-05T11:51:13.6065971Z         "file" : 0,
2026-09-05T11:51:13.6066423Z         "line" : 208,
2026-09-05T11:51:13.6066879Z         "parent" : 48
2026-09-05T11:51:13.6067365Z       },
2026-09-05T11:51:13.6067750Z       {
2026-09-05T11:51:13.6068118Z         "file" : 0
2026-09-05T11:51:13.6068565Z       },
2026-09-05T11:51:13.6068968Z       {
2026-09-05T11:51:13.6069328Z         "command" : 0,
2026-09-05T11:51:13.6069863Z         "file" : 0,
2026-09-05T11:51:13.6070258Z         "line" : 209,
2026-09-05T11:51:13.6070709Z         "parent" : 50
2026-09-05T11:51:13.6071182Z       },
2026-09-05T11:51:13.6071549Z       {
2026-09-05T11:51:13.6072022Z         "file" : 0
2026-09-05T11:51:13.6072410Z       },
2026-09-05T11:51:13.6072814Z       {
2026-09-05T11:51:13.6073243Z         "command" : 0,
2026-09-05T11:51:13.6073656Z         "file" : 0,
2026-09-05T11:51:13.6074127Z         "line" : 210,
2026-09-05T11:51:13.6074876Z         "parent" : 52
2026-09-05T11:51:13.6075277Z       },
2026-09-05T11:51:13.6075782Z       {
2026-09-05T11:51:13.6076153Z         "file" : 0
2026-09-05T11:51:13.6076651Z       },
2026-09-05T11:51:13.6077022Z       {
2026-09-05T11:51:13.6077377Z         "command" : 0,
2026-09-05T11:51:13.6077903Z         "file" : 0,
2026-09-05T11:51:13.6078309Z         "line" : 211,
2026-09-05T11:51:13.6078754Z         "parent" : 54
2026-09-05T11:51:13.6079186Z       },
2026-09-05T11:51:13.6079552Z       {
2026-09-05T11:51:13.6080014Z         "file" : 0
2026-09-05T11:51:13.6080410Z       },
2026-09-05T11:51:13.6080759Z       {
2026-09-05T11:51:13.6081257Z         "command" : 0,
2026-09-05T11:51:13.6081712Z         "file" : 0,
2026-09-05T11:51:13.6082164Z         "line" : 212,
2026-09-05T11:51:13.6082578Z         "parent" : 56
2026-09-05T11:51:13.6082974Z       },
2026-09-05T11:51:13.6083407Z       {
2026-09-05T11:51:13.6083775Z         "file" : 0
2026-09-05T11:51:13.6084745Z       },
2026-09-05T11:51:13.6085156Z       {
2026-09-05T11:51:13.6085528Z         "command" : 0,
2026-09-05T11:51:13.6086016Z         "file" : 0,
2026-09-05T11:51:13.6086511Z         "line" : 213,
2026-09-05T11:51:13.6086963Z         "parent" : 58
2026-09-05T11:51:13.6087385Z       },
2026-09-05T11:51:13.6087752Z       {
2026-09-05T11:51:13.6088185Z         "file" : 0
2026-09-05T11:51:13.6088618Z       },
2026-09-05T11:51:13.6088963Z       {
2026-09-05T11:51:13.6089414Z         "command" : 0,
2026-09-05T11:51:13.6089829Z         "file" : 0,
2026-09-05T11:51:13.6090271Z         "line" : 214,
2026-09-05T11:51:13.6090750Z         "parent" : 60
2026-09-05T11:51:13.6091178Z       },
2026-09-05T11:51:13.6091620Z       {
2026-09-05T11:51:13.6091986Z         "file" : 0
2026-09-05T11:51:13.6092409Z       },
2026-09-05T11:51:13.6092836Z       {
2026-09-05T11:51:13.6093205Z         "command" : 0,
2026-09-05T11:51:13.6093514Z         "file" : 0,
2026-09-05T11:51:13.6093800Z         "line" : 215,
2026-09-05T11:51:13.6094105Z         "parent" : 62
2026-09-05T11:51:13.6094622Z       },
2026-09-05T11:51:13.6094872Z       {
2026-09-05T11:51:13.6095121Z         "file" : 0
2026-09-05T11:51:13.6095390Z       },
2026-09-05T11:51:13.6095631Z       {
2026-09-05T11:51:13.6095888Z         "command" : 0,
2026-09-05T11:51:13.6096180Z         "file" : 0,
2026-09-05T11:51:13.6096460Z         "line" : 216,
2026-09-05T11:51:13.6096751Z         "parent" : 64
2026-09-05T11:51:13.6097042Z       },
2026-09-05T11:51:13.6097291Z       {
2026-09-05T11:51:13.6097535Z         "file" : 0
2026-09-05T11:51:13.6097802Z       },
2026-09-05T11:51:13.6098052Z       {
2026-09-05T11:51:13.6098302Z         "command" : 0,
2026-09-05T11:51:13.6098595Z         "file" : 0,
2026-09-05T11:51:13.6098873Z         "line" : 217,
2026-09-05T11:51:13.6099164Z         "parent" : 66
2026-09-05T11:51:13.6099448Z       },
2026-09-05T11:51:13.6099693Z       {
2026-09-05T11:51:13.6099938Z         "file" : 0
2026-09-05T11:51:13.6100211Z       },
2026-09-05T11:51:13.6100464Z       {
2026-09-05T11:51:13.6100717Z         "command" : 0,
2026-09-05T11:51:13.6101009Z         "file" : 0,
2026-09-05T11:51:13.6101289Z         "line" : 218,
2026-09-05T11:51:13.6101583Z         "parent" : 68
2026-09-05T11:51:13.6101865Z       },
2026-09-05T11:51:13.6102106Z       {
2026-09-05T11:51:13.6102349Z         "file" : 0
2026-09-05T11:51:13.6102619Z       },
2026-09-05T11:51:13.6102861Z       {
2026-09-05T11:51:13.6103111Z         "command" : 0,
2026-09-05T11:51:13.6103401Z         "file" : 0,
2026-09-05T11:51:13.6103685Z         "line" : 219,
2026-09-05T11:51:13.6103978Z         "parent" : 70
2026-09-05T11:51:13.6104261Z       },
2026-09-05T11:51:13.6104652Z       {
2026-09-05T11:51:13.6104900Z         "file" : 0
2026-09-05T11:51:13.6105168Z       },
2026-09-05T11:51:13.6105410Z       {
2026-09-05T11:51:13.6105663Z         "command" : 0,
2026-09-05T11:51:13.6105956Z         "file" : 0,
2026-09-05T11:51:13.6106235Z         "line" : 220,
2026-09-05T11:51:13.6106522Z         "parent" : 72
2026-09-05T11:51:13.6106813Z       },
2026-09-05T11:51:13.6107223Z       {
2026-09-05T11:51:13.6107477Z         "file" : 0
2026-09-05T11:51:13.6107747Z       },
2026-09-05T11:51:13.6107994Z       {
2026-09-05T11:51:13.6108244Z         "command" : 0,
2026-09-05T11:51:13.6108534Z         "file" : 0,
2026-09-05T11:51:13.6108810Z         "line" : 221,
2026-09-05T11:51:13.6109103Z         "parent" : 74
2026-09-05T11:51:13.6109385Z       },
2026-09-05T11:51:13.6109629Z       {
2026-09-05T11:51:13.6109873Z         "file" : 0
2026-09-05T11:51:13.6110142Z       },
2026-09-05T11:51:13.6110391Z       {
2026-09-05T11:51:13.6110649Z         "command" : 0,
2026-09-05T11:51:13.6110941Z         "file" : 0,
2026-09-05T11:51:13.6111218Z         "line" : 222,
2026-09-05T11:51:13.6111514Z         "parent" : 76
2026-09-05T11:51:13.6111795Z       },
2026-09-05T11:51:13.6112038Z       {
2026-09-05T11:51:13.6112284Z         "file" : 0
2026-09-05T11:51:13.6112550Z       },
2026-09-05T11:51:13.6112797Z       {
2026-09-05T11:51:13.6113201Z         "command" : 0,
2026-09-05T11:51:13.6113501Z         "file" : 0,
2026-09-05T11:51:13.6113780Z         "line" : 223,
2026-09-05T11:51:13.6114075Z         "parent" : 78
2026-09-05T11:51:13.6114679Z       },
2026-09-05T11:51:13.6114938Z       {
2026-09-05T11:51:13.6115184Z         "file" : 0
2026-09-05T11:51:13.6115456Z       },
2026-09-05T11:51:13.6115704Z       {
2026-09-05T11:51:13.6115962Z         "command" : 0,
2026-09-05T11:51:13.6116271Z         "file" : 0,
2026-09-05T11:51:13.6116558Z         "line" : 224,
2026-09-05T11:51:13.6116860Z         "parent" : 80
2026-09-05T11:51:13.6117153Z       },
2026-09-05T11:51:13.6117400Z       {
2026-09-05T11:51:13.6117652Z         "file" : 0
2026-09-05T11:51:13.6117934Z       },
2026-09-05T11:51:13.6118184Z       {
2026-09-05T11:51:13.6118439Z         "command" : 0,
2026-09-05T11:51:13.6118737Z         "file" : 0,
2026-09-05T11:51:13.6119021Z         "line" : 225,
2026-09-05T11:51:13.6119321Z         "parent" : 82
2026-09-05T11:51:13.6119611Z       },
2026-09-05T11:51:13.6119869Z       {
2026-09-05T11:51:13.6120123Z         "file" : 0
2026-09-05T11:51:13.6120404Z       },
2026-09-05T11:51:13.6120651Z       {
2026-09-05T11:51:13.6120907Z         "command" : 0,
2026-09-05T11:51:13.6121204Z         "file" : 0,
2026-09-05T11:51:13.6121492Z         "line" : 226,
2026-09-05T11:51:13.6121792Z         "parent" : 84
2026-09-05T11:51:13.6122080Z       },
2026-09-05T11:51:13.6122331Z       {
2026-09-05T11:51:13.6122583Z         "file" : 0
2026-09-05T11:51:13.6122860Z       },
2026-09-05T11:51:13.6123108Z       {
2026-09-05T11:51:13.6123366Z         "command" : 0,
2026-09-05T11:51:13.6123680Z         "file" : 0,
2026-09-05T11:51:13.6123968Z         "line" : 227,
2026-09-05T11:51:13.6124261Z         "parent" : 86
2026-09-05T11:51:13.6124777Z       },
2026-09-05T11:51:13.6125032Z       {
2026-09-05T11:51:13.6125284Z         "file" : 0
2026-09-05T11:51:13.6125557Z       },
2026-09-05T11:51:13.6125810Z       {
2026-09-05T11:51:13.6126066Z         "command" : 0,
2026-09-05T11:51:13.6126367Z         "file" : 0,
2026-09-05T11:51:13.6126654Z         "line" : 228,
2026-09-05T11:51:13.6126957Z         "parent" : 88
2026-09-05T11:51:13.6127246Z       },
2026-09-05T11:51:13.6127493Z       {
2026-09-05T11:51:13.6127743Z         "file" : 0
2026-09-05T11:51:13.6128020Z       },
2026-09-05T11:51:13.6128269Z       {
2026-09-05T11:51:13.6128532Z         "command" : 0,
2026-09-05T11:51:13.6128829Z         "file" : 0,
2026-09-05T11:51:13.6129131Z         "line" : 229,
2026-09-05T11:51:13.6129426Z         "parent" : 90
2026-09-05T11:51:13.6129718Z       },
2026-09-05T11:51:13.6129968Z       {
2026-09-05T11:51:13.6130218Z         "file" : 0
2026-09-05T11:51:13.6130494Z       },
2026-09-05T11:51:13.6130743Z       {
2026-09-05T11:51:13.6131002Z         "command" : 0,
2026-09-05T11:51:13.6131301Z         "file" : 0,
2026-09-05T11:51:13.6131591Z         "line" : 231,
2026-09-05T11:51:13.6131891Z         "parent" : 92
2026-09-05T11:51:13.6132180Z       },
2026-09-05T11:51:13.6132428Z       {
2026-09-05T11:51:13.6132693Z         "file" : 0
2026-09-05T11:51:13.6133116Z       },
2026-09-05T11:51:13.6133371Z       {
2026-09-05T11:51:13.6133628Z         "command" : 0,
2026-09-05T11:51:13.6133949Z         "file" : 0,
2026-09-05T11:51:13.6134233Z         "line" : 232,
2026-09-05T11:51:13.6134695Z         "parent" : 94
2026-09-05T11:51:13.6134995Z       },
2026-09-05T11:51:13.6135284Z       {
2026-09-05T11:51:13.6135536Z         "file" : 0
2026-09-05T11:51:13.6135822Z       },
2026-09-05T11:51:13.6136069Z       {
2026-09-05T11:51:13.6136333Z         "command" : 0,
2026-09-05T11:51:13.6136639Z         "file" : 0,
2026-09-05T11:51:13.6136929Z         "line" : 233,
2026-09-05T11:51:13.6137223Z         "parent" : 96
2026-09-05T11:51:13.6137512Z       },
2026-09-05T11:51:13.6137758Z       {
2026-09-05T11:51:13.6138013Z         "file" : 0
2026-09-05T11:51:13.6138288Z       },
2026-09-05T11:51:13.6138537Z       {
2026-09-05T11:51:13.6138799Z         "command" : 0,
2026-09-05T11:51:13.6139116Z         "file" : 0,
2026-09-05T11:51:13.6139565Z         "line" : 234,
2026-09-05T11:51:13.6139865Z         "parent" : 98
2026-09-05T11:51:13.6140158Z       },
2026-09-05T11:51:13.6140409Z       {
2026-09-05T11:51:13.6140662Z         "file" : 0
2026-09-05T11:51:13.6140936Z       },
2026-09-05T11:51:13.6141184Z       {
2026-09-05T11:51:13.6141443Z         "command" : 0,
2026-09-05T11:51:13.6141739Z         "file" : 0,
2026-09-05T11:51:13.6142023Z         "line" : 236,
2026-09-05T11:51:13.6142320Z         "parent" : 100
2026-09-05T11:51:13.6142614Z       },
2026-09-05T11:51:13.6142870Z       {
2026-09-05T11:51:13.6143119Z         "file" : 0
2026-09-05T11:51:13.6143393Z       },
2026-09-05T11:51:13.6143645Z       {
2026-09-05T11:51:13.6143906Z         "command" : 0,
2026-09-05T11:51:13.6144203Z         "file" : 0,
2026-09-05T11:51:13.6144726Z         "line" : 237,
2026-09-05T11:51:13.6145020Z         "parent" : 102
2026-09-05T11:51:13.6145312Z       },
2026-09-05T11:51:13.6145553Z       {
2026-09-05T11:51:13.6145805Z         "file" : 0
2026-09-05T11:51:13.6146081Z       },
2026-09-05T11:51:13.6146335Z       {
2026-09-05T11:51:13.6146586Z         "command" : 0,
2026-09-05T11:51:13.6146880Z         "file" : 0,
2026-09-05T11:51:13.6147161Z         "line" : 238,
2026-09-05T11:51:13.6147452Z         "parent" : 104
2026-09-05T11:51:13.6147738Z       },
2026-09-05T11:51:13.6147985Z       {
2026-09-05T11:51:13.6148229Z         "file" : 0
2026-09-05T11:51:13.6148497Z       },
2026-09-05T11:51:13.6148739Z       {
2026-09-05T11:51:13.6148989Z         "command" : 0,
2026-09-05T11:51:13.6149285Z         "file" : 0,
2026-09-05T11:51:13.6149565Z         "line" : 239,
2026-09-05T11:51:13.6149860Z         "parent" : 106
2026-09-05T11:51:13.6150145Z       },
2026-09-05T11:51:13.6150405Z       {
2026-09-05T11:51:13.6150661Z         "file" : 0
2026-09-05T11:51:13.6150933Z       },
2026-09-05T11:51:13.6151177Z       {
2026-09-05T11:51:13.6151430Z         "command" : 0,
2026-09-05T11:51:13.6151724Z         "file" : 0,
2026-09-05T11:51:13.6152002Z         "line" : 240,
2026-09-05T11:51:13.6152300Z         "parent" : 108
2026-09-05T11:51:13.6152589Z       },
2026-09-05T11:51:13.6152833Z       {
2026-09-05T11:51:13.6153085Z         "file" : 0
2026-09-05T11:51:13.6153353Z       },
2026-09-05T11:51:13.6153594Z       {
2026-09-05T11:51:13.6153848Z         "command" : 0,
2026-09-05T11:51:13.6154143Z         "file" : 0,
2026-09-05T11:51:13.6154597Z         "line" : 241,
2026-09-05T11:51:13.6154891Z         "parent" : 110
2026-09-05T11:51:13.6155176Z       },
2026-09-05T11:51:13.6155419Z       {
2026-09-05T11:51:13.6155669Z         "file" : 0
2026-09-05T11:51:13.6155937Z       },
2026-09-05T11:51:13.6156180Z       {
2026-09-05T11:51:13.6156429Z         "command" : 0,
2026-09-05T11:51:13.6156727Z         "file" : 0,
2026-09-05T11:51:13.6157009Z         "line" : 243,
2026-09-05T11:51:13.6157299Z         "parent" : 112
2026-09-05T11:51:13.6157583Z       }
2026-09-05T11:51:13.6157826Z     ]
2026-09-05T11:51:13.6158075Z   },
2026-09-05T11:51:13.6158332Z   "kind" : "ctestInfo",
2026-09-05T11:51:13.6158642Z   "tests" : 
2026-09-05T11:51:13.6159051Z   [
2026-09-05T11:51:13.6159304Z     {
2026-09-05T11:51:13.6159560Z       "backtrace" : 1,
2026-09-05T11:51:13.6159858Z       "command" : 
2026-09-05T11:51:13.6160131Z       [
2026-09-05T11:51:13.6160500Z         "/home/runner/work/20231788./20231788./build/dcp_rcb_test"
2026-09-05T11:51:13.6160977Z       ],
2026-09-05T11:51:13.6161239Z       "name" : "dcp_rcb",
2026-09-05T11:51:13.6161567Z       "properties" : 
2026-09-05T11:51:13.6161858Z       [
2026-09-05T11:51:13.6162102Z         {
2026-09-05T11:51:13.6162380Z           "name" : "WORKING_DIRECTORY",
2026-09-05T11:51:13.6162843Z           "value" : "/home/runner/work/20231788./20231788./build"
2026-09-05T11:51:13.6163291Z         }
2026-09-05T11:51:13.6163536Z       ]
2026-09-05T11:51:13.6163781Z     },
2026-09-05T11:51:13.6164032Z     {
2026-09-05T11:51:13.6164287Z       "backtrace" : 3,
2026-09-05T11:51:13.6164746Z       "command" : 
2026-09-05T11:51:13.6165023Z       [
2026-09-05T11:51:13.6165647Z         "/home/runner/work/20231788./20231788./build/precision_dcp_rcb_contract_test"
2026-09-05T11:51:13.6166242Z       ],
2026-09-05T11:51:13.6166588Z       "name" : "precision_dcp_rcb_high_precision_contract",
2026-09-05T11:51:13.6167062Z       "properties" : 
2026-09-05T11:51:13.6167355Z       [
2026-09-05T11:51:13.6167599Z         {
2026-09-05T11:51:13.6167875Z           "name" : "WORKING_DIRECTORY",
2026-09-05T11:51:13.6168342Z           "value" : "/home/runner/work/20231788./20231788./build"
2026-09-05T11:51:13.6168789Z         }
2026-09-05T11:51:13.6169034Z       ]
2026-09-05T11:51:13.6169279Z     },
2026-09-05T11:51:13.6169523Z     {
2026-09-05T11:51:13.6169778Z       "backtrace" : 5,
2026-09-05T11:51:13.6170082Z       "command" : 
2026-09-05T11:51:13.6170360Z       [
2026-09-05T11:51:13.6170839Z         "/home/runner/work/20231788./20231788./build/precision_first_mult2_contract_test"
2026-09-05T11:51:13.6171467Z       ],
2026-09-05T11:51:13.6171827Z       "name" : "precision_first_mult2_high_precision_contract",
2026-09-05T11:51:13.6172324Z       "properties" : 
2026-09-05T11:51:13.6172628Z       [
2026-09-05T11:51:13.6172867Z         {
2026-09-05T11:51:13.6173147Z           "name" : "WORKING_DIRECTORY",
2026-09-05T11:51:13.6173755Z           "value" : "/home/runner/work/20231788./20231788./build"
2026-09-05T11:51:13.6174201Z         }
2026-09-05T11:51:13.6174676Z       ]
2026-09-05T11:51:13.6174919Z     },
2026-09-05T11:51:13.6175177Z     {
2026-09-05T11:51:13.6175470Z       "backtrace" : 7,
2026-09-05T11:51:13.6175798Z       "command" : 
2026-09-05T11:51:13.6176076Z       [
2026-09-05T11:51:13.6176446Z         "/home/runner/work/20231788./20231788./build/pair_add_test"
2026-09-05T11:51:13.6176934Z       ],
2026-09-05T11:51:13.6177225Z       "name" : "pair_add_runtime_behavior",
2026-09-05T11:51:13.6177631Z       "properties" : 
2026-09-05T11:51:13.6177930Z       [
2026-09-05T11:51:13.6178179Z         {
2026-09-05T11:51:13.6178458Z           "name" : "WORKING_DIRECTORY",
2026-09-05T11:51:13.6178923Z           "value" : "/home/runner/work/20231788./20231788./build"
2026-09-05T11:51:13.6179380Z         }
2026-09-05T11:51:13.6179629Z       ]
2026-09-05T11:51:13.6179874Z     },
2026-09-05T11:51:13.6180122Z     {
2026-09-05T11:51:13.6180390Z       "backtrace" : 9,
2026-09-05T11:51:13.6180693Z       "command" : 
2026-09-05T11:51:13.6180972Z       [
2026-09-05T11:51:13.6181335Z         "/home/runner/work/20231788./20231788./build/pair_sub_test"
2026-09-05T11:51:13.6181818Z       ],
2026-09-05T11:51:13.6182107Z       "name" : "pair_sub_runtime_behavior",
2026-09-05T11:51:13.6182505Z       "properties" : 
2026-09-05T11:51:13.6182805Z       [
2026-09-05T11:51:13.6183050Z         {
2026-09-05T11:51:13.6183326Z           "name" : "WORKING_DIRECTORY",
2026-09-05T11:51:13.6183783Z           "value" : "/home/runner/work/20231788./20231788./build"
2026-09-05T11:51:13.6184232Z         }
2026-09-05T11:51:13.6184779Z       ]
2026-09-05T11:51:13.6185031Z     },
2026-09-05T11:51:13.6185279Z     {
2026-09-05T11:51:13.6185546Z       "backtrace" : 11,
2026-09-05T11:51:13.6186034Z       "command" : 
2026-09-05T11:51:13.6186326Z       [
2026-09-05T11:51:13.6186733Z         "/home/runner/work/20231788./20231788./build/pair_arithmetic_test",
2026-09-05T11:51:13.6187300Z         "controlled_oracle"
2026-09-05T11:51:13.6187624Z       ],
2026-09-05T11:51:13.6187946Z       "name" : "pair_arithmetic_controlled_oracle",
2026-09-05T11:51:13.6188392Z       "properties" : 
2026-09-05T11:51:13.6188695Z       [
2026-09-05T11:51:13.6188942Z         {
2026-09-05T11:51:13.6189224Z           "name" : "WORKING_DIRECTORY",
2026-09-05T11:51:13.6189681Z           "value" : "/home/runner/work/20231788./20231788./build"
2026-09-05T11:51:13.6190128Z         }
2026-09-05T11:51:13.6190381Z       ]
2026-09-05T11:51:13.6190627Z     },
2026-09-05T11:51:13.6190872Z     {
2026-09-05T11:51:13.6191132Z       "backtrace" : 13,
2026-09-05T11:51:13.6191447Z       "command" : 
2026-09-05T11:51:13.6191733Z       [
2026-09-05T11:51:13.6192143Z         "/home/runner/work/20231788./20231788./build/pair_arithmetic_test",
2026-09-05T11:51:13.6192878Z         "public_lifecycles_keyless"
2026-09-05T11:51:13.6193237Z       ],
2026-09-05T11:51:13.6193580Z       "name" : "pair_arithmetic_public_lifecycles_keyless",
2026-09-05T11:51:13.6194051Z       "properties" : 
2026-09-05T11:51:13.6194517Z       [
2026-09-05T11:51:13.6194775Z         {
2026-09-05T11:51:13.6195056Z           "name" : "WORKING_DIRECTORY",
2026-09-05T11:51:13.6195511Z           "value" : "/home/runner/work/20231788./20231788./build"
2026-09-05T11:51:13.6195963Z         }
2026-09-05T11:51:13.6196218Z       ]
2026-09-05T11:51:13.6196463Z     },
2026-09-05T11:51:13.6196719Z     {
2026-09-05T11:51:13.6196982Z       "backtrace" : 15,
2026-09-05T11:51:13.6197290Z       "command" : 
2026-09-05T11:51:13.6197573Z       [
2026-09-05T11:51:13.6197980Z         "/home/runner/work/20231788./20231788./build/pair_arithmetic_test",
2026-09-05T11:51:13.6198544Z         "compatibility_rejections"
2026-09-05T11:51:13.6198912Z       ],
2026-09-05T11:51:13.6199268Z       "name" : "pair_arithmetic_compatibility_rejections",
2026-09-05T11:51:13.6199733Z       "properties" : 
2026-09-05T11:51:13.6200030Z       [
2026-09-05T11:51:13.6200285Z         {
2026-09-05T11:51:13.6200569Z           "name" : "WORKING_DIRECTORY",
2026-09-05T11:51:13.6201020Z           "value" : "/home/runner/work/20231788./20231788./build"
2026-09-05T11:51:13.6201469Z         }
2026-09-05T11:51:13.6201719Z       ]
2026-09-05T11:51:13.6201967Z     },
2026-09-05T11:51:13.6202212Z     {
2026-09-05T11:51:13.6202473Z       "backtrace" : 17,
2026-09-05T11:51:13.6202786Z       "command" : 
2026-09-05T11:51:13.6203067Z       [
2026-09-05T11:51:13.6203422Z         "/home/runner/work/20231788./20231788./build/tensor2_test",
2026-09-05T11:51:13.6203940Z         "valid_arithmetic_immutability"
2026-09-05T11:51:13.6219427Z       ],
2026-09-05T11:51:13.6219795Z       "name" : "tensor2_valid_arithmetic_immutability",
2026-09-05T11:51:13.6220278Z       "properties" : 
2026-09-05T11:51:13.6220600Z       [
2026-09-05T11:51:13.6220861Z         {
2026-09-05T11:51:13.6221145Z           "name" : "WORKING_DIRECTORY",
2026-09-05T11:51:13.6221625Z           "value" : "/home/runner/work/20231788./20231788./build"
2026-09-05T11:51:13.6222082Z         }
2026-09-05T11:51:13.6222336Z       ]
2026-09-05T11:51:13.6222578Z     },
2026-09-05T11:51:13.6222827Z     {
2026-09-05T11:51:13.6223085Z       "backtrace" : 19,
2026-09-05T11:51:13.6223395Z       "command" : 
2026-09-05T11:51:13.6223673Z       [
2026-09-05T11:51:13.6224040Z         "/home/runner/work/20231788./20231788./build/tensor2_test",
2026-09-05T11:51:13.6224817Z         "result_scale_contract"
2026-09-05T11:51:13.6225172Z       ],
2026-09-05T11:51:13.6225475Z       "name" : "tensor2_result_scale_contract",
2026-09-05T11:51:13.6225902Z       "properties" : 
2026-09-05T11:51:13.6226203Z       [
2026-09-05T11:51:13.6226447Z         {
2026-09-05T11:51:13.6226725Z           "name" : "WORKING_DIRECTORY",
2026-09-05T11:51:13.6227186Z           "value" : "/home/runner/work/20231788./20231788./build"
2026-09-05T11:51:13.6227840Z         }
2026-09-05T11:51:13.6228103Z       ]
2026-09-05T11:51:13.6228344Z     },
2026-09-05T11:51:13.6228593Z     {
2026-09-05T11:51:13.6228849Z       "backtrace" : 21,
2026-09-05T11:51:13.6229161Z       "command" : 
2026-09-05T11:51:13.6229438Z       [
2026-09-05T11:51:13.6229793Z         "/home/runner/work/20231788./20231788./build/tensor2_test",
2026-09-05T11:51:13.6230299Z         "right_input_validation"
2026-09-05T11:51:13.6230645Z       ],
2026-09-05T11:51:13.6230951Z       "name" : "tensor2_right_input_validation",
2026-09-05T11:51:13.6231379Z       "properties" : 
2026-09-05T11:51:13.6231677Z       [
2026-09-05T11:51:13.6231923Z         {
2026-09-05T11:51:13.6232202Z           "name" : "WORKING_DIRECTORY",
2026-09-05T11:51:13.6232664Z           "value" : "/home/runner/work/20231788./20231788./build"
2026-09-05T11:51:13.6233111Z         }
2026-09-05T11:51:13.6233355Z       ]
2026-09-05T11:51:13.6233597Z     },
2026-09-05T11:51:13.6234005Z     {
2026-09-05T11:51:13.6234275Z       "backtrace" : 23,
2026-09-05T11:51:13.6234762Z       "command" : 
2026-09-05T11:51:13.6235044Z       [
2026-09-05T11:51:13.6235403Z         "/home/runner/work/20231788./20231788./build/tensor2_test",
2026-09-05T11:51:13.6235915Z         "mutual_compatibility"
2026-09-05T11:51:13.6236259Z       ],
2026-09-05T11:51:13.6236568Z       "name" : "tensor2_mutual_compatibility",
2026-09-05T11:51:13.6236995Z       "properties" : 
2026-09-05T11:51:13.6237293Z       [
2026-09-05T11:51:13.6237540Z         {
2026-09-05T11:51:13.6237853Z           "name" : "WORKING_DIRECTORY",
2026-09-05T11:51:13.6238318Z           "value" : "/home/runner/work/20231788./20231788./build"
2026-09-05T11:51:13.6238769Z         }
2026-09-05T11:51:13.6239018Z       ]
2026-09-05T11:51:13.6239271Z     },
2026-09-05T11:51:13.6239517Z     {
2026-09-05T11:51:13.6239778Z       "backtrace" : 25,
2026-09-05T11:51:13.6240087Z       "command" : 
2026-09-05T11:51:13.6240370Z       [
2026-09-05T11:51:13.6240738Z         "/home/runner/work/20231788./20231788./build/tensor2_test",
2026-09-05T11:51:13.6241265Z         "prearithmetic_key_compatibility"
2026-09-05T11:51:13.6241659Z       ],
2026-09-05T11:51:13.6241998Z       "name" : "tensor2_prearithmetic_key_compatibility",
2026-09-05T11:51:13.6242456Z       "properties" : 
2026-09-05T11:51:13.6242758Z       [
2026-09-05T11:51:13.6243005Z         {
2026-09-05T11:51:13.6243280Z           "name" : "WORKING_DIRECTORY",
2026-09-05T11:51:13.6243736Z           "value" : "/home/runner/work/20231788./20231788./build"
2026-09-05T11:51:13.6244194Z         }
2026-09-05T11:51:13.6244897Z       ]
2026-09-05T11:51:13.6245150Z     },
2026-09-05T11:51:13.6245401Z     {
2026-09-05T11:51:13.6245668Z       "backtrace" : 27,
2026-09-05T11:51:13.6245982Z       "command" : 
2026-09-05T11:51:13.6246264Z       [
2026-09-05T11:51:13.6246615Z         "/home/runner/work/20231788./20231788./build/relin2_test",
2026-09-05T11:51:13.6247117Z         "tensor_validation_order"
2026-09-05T11:51:13.6247477Z       ],
2026-09-05T11:51:13.6247786Z       "name" : "relin2_tensor_validation_order",
2026-09-05T11:51:13.6248218Z       "properties" : 
2026-09-05T11:51:13.6248520Z       [
2026-09-05T11:51:13.6248766Z         {
2026-09-05T11:51:13.6249043Z           "name" : "WORKING_DIRECTORY",
2026-09-05T11:51:13.6249505Z           "value" : "/home/runner/work/20231788./20231788./build"
2026-09-05T11:51:13.6249953Z         }
2026-09-05T11:51:13.6250202Z       ]
2026-09-05T11:51:13.6250450Z     },
2026-09-05T11:51:13.6250696Z     {
2026-09-05T11:51:13.6250969Z       "backtrace" : 29,
2026-09-05T11:51:13.6251278Z       "command" : 
2026-09-05T11:51:13.6251562Z       [
2026-09-05T11:51:13.6251915Z         "/home/runner/work/20231788./20231788./build/relin2_test",
2026-09-05T11:51:13.6252416Z         "insufficient_active_basis"
2026-09-05T11:51:13.6252780Z       ],
2026-09-05T11:51:13.6253086Z       "name" : "relin2_insufficient_active_basis",
2026-09-05T11:51:13.6253518Z       "properties" : 
2026-09-05T11:51:13.6253822Z       [
2026-09-05T11:51:13.6254225Z         {
2026-09-05T11:51:13.6254771Z           "name" : "WORKING_DIRECTORY",
2026-09-05T11:51:13.6255232Z           "value" : "/home/runner/work/20231788./20231788./build"
2026-09-05T11:51:13.6255679Z         }
2026-09-05T11:51:13.6255932Z       ]
2026-09-05T11:51:13.6256179Z     },
2026-09-05T11:51:13.6256424Z     {
2026-09-05T11:51:13.6256688Z       "backtrace" : 31,
2026-09-05T11:51:13.6256999Z       "command" : 
2026-09-05T11:51:13.6257277Z       [
2026-09-05T11:51:13.6257626Z         "/home/runner/work/20231788./20231788./build/relin2_test",
2026-09-05T11:51:13.6258114Z         "missing_eval_key"
2026-09-05T11:51:13.6258431Z       ],
2026-09-05T11:51:13.6258714Z       "name" : "relin2_missing_eval_key",
2026-09-05T11:51:13.6259109Z       "properties" : 
2026-09-05T11:51:13.6259409Z       [
2026-09-05T11:51:13.6259655Z         {
2026-09-05T11:51:13.6259930Z           "name" : "WORKING_DIRECTORY",
2026-09-05T11:51:13.6260391Z           "value" : "/home/runner/work/20231788./20231788./build"
2026-09-05T11:51:13.6261053Z         }
2026-09-05T11:51:13.6261301Z       ]
2026-09-05T11:51:13.6261547Z     },
2026-09-05T11:51:13.6261800Z     {
2026-09-05T11:51:13.6262058Z       "backtrace" : 33,
2026-09-05T11:51:13.6262365Z       "command" : 
2026-09-05T11:51:13.6262640Z       [
2026-09-05T11:51:13.6262993Z         "/home/runner/work/20231788./20231788./build/relin2_test",
2026-09-05T11:51:13.6263468Z         "key_empty"
2026-09-05T11:51:13.6263752Z       ],
2026-09-05T11:51:13.6264029Z       "name" : "relin2_key_empty",
2026-09-05T11:51:13.6264573Z       "properties" : 
2026-09-05T11:51:13.6264870Z       [
2026-09-05T11:51:13.6265112Z         {
2026-09-05T11:51:13.6265385Z           "name" : "WORKING_DIRECTORY",
2026-09-05T11:51:13.6265834Z           "value" : "/home/runner/work/20231788./20231788./build"
2026-09-05T11:51:13.6266302Z         }
2026-09-05T11:51:13.6266568Z       ]
2026-09-05T11:51:13.6266823Z     },
2026-09-05T11:51:13.6267070Z     {
2026-09-05T11:51:13.6267332Z       "backtrace" : 35,
2026-09-05T11:51:13.6267644Z       "command" : 
2026-09-05T11:51:13.6267919Z       [
2026-09-05T11:51:13.6268270Z         "/home/runner/work/20231788./20231788./build/relin2_test",
2026-09-05T11:51:13.6268773Z         "key_null_first"
2026-09-05T11:51:13.6269093Z       ],
2026-09-05T11:51:13.6269375Z       "name" : "relin2_key_null_first",
2026-09-05T11:51:13.6269753Z       "properties" : 
2026-09-05T11:51:13.6270046Z       [
2026-09-05T11:51:13.6270294Z         {
2026-09-05T11:51:13.6270570Z           "name" : "WORKING_DIRECTORY",
2026-09-05T11:51:13.6271021Z           "value" : "/home/runner/work/20231788./20231788./build"
2026-09-05T11:51:13.6271469Z         }
2026-09-05T11:51:13.6271722Z       ]
2026-09-05T11:51:13.6271972Z     },
2026-09-05T11:51:13.6272224Z     {
2026-09-05T11:51:13.6272497Z       "backtrace" : 37,
2026-09-05T11:51:13.6272805Z       "command" : 
2026-09-05T11:51:13.6273083Z       [
2026-09-05T11:51:13.6273426Z         "/home/runner/work/20231788./20231788./build/relin2_test",
2026-09-05T11:51:13.6273923Z         "key_wrong_context"
2026-09-05T11:51:13.6274239Z       ],
2026-09-05T11:51:13.6274711Z       "name" : "relin2_key_wrong_context",
2026-09-05T11:51:13.6275256Z       "properties" : 
2026-09-05T11:51:13.6275607Z       [
2026-09-05T11:51:13.6275901Z         {
2026-09-05T11:51:13.6276232Z           "name" : "WORKING_DIRECTORY",
2026-09-05T11:51:13.6276784Z           "value" : "/home/runner/work/20231788./20231788./build"
2026-09-05T11:51:13.6277388Z         }
2026-09-05T11:51:13.6277738Z       ]
2026-09-05T11:51:13.6278035Z     },
2026-09-05T11:51:13.6278326Z     {
2026-09-05T11:51:13.6278649Z       "backtrace" : 39,
2026-09-05T11:51:13.6279054Z       "command" : 
2026-09-05T11:51:13.6279346Z       [
2026-09-05T11:51:13.6279715Z         "/home/runner/work/20231788./20231788./build/relin2_test",
2026-09-05T11:51:13.6280220Z         "key_wrong_tag"
2026-09-05T11:51:13.6280530Z       ],
2026-09-05T11:51:13.6280813Z       "name" : "relin2_key_wrong_tag",
2026-09-05T11:51:13.6281417Z       "properties" : 
2026-09-05T11:51:13.6281728Z       [
2026-09-05T11:51:13.6281979Z         {
2026-09-05T11:51:13.6282264Z           "name" : "WORKING_DIRECTORY",
2026-09-05T11:51:13.6282743Z           "value" : "/home/runner/work/20231788./20231788./build"
2026-09-05T11:51:13.6283202Z         }
2026-09-05T11:51:13.6283458Z       ]
2026-09-05T11:51:13.6283709Z     },
2026-09-05T11:51:13.6283959Z     {
2026-09-05T11:51:13.6284220Z       "backtrace" : 41,
2026-09-05T11:51:13.6284911Z       "command" : 
2026-09-05T11:51:13.6285204Z       [
2026-09-05T11:51:13.6285561Z         "/home/runner/work/20231788./20231788./build/relin2_test",
2026-09-05T11:51:13.6286064Z         "key_wrong_subtype"
2026-09-05T11:51:13.6286388Z       ],
2026-09-05T11:51:13.6286679Z       "name" : "relin2_key_wrong_subtype",
2026-09-05T11:51:13.6287086Z       "properties" : 
2026-09-05T11:51:13.6287390Z       [
2026-09-05T11:51:13.6287637Z         {
2026-09-05T11:51:13.6287916Z           "name" : "WORKING_DIRECTORY",
2026-09-05T11:51:13.6288559Z           "value" : "/home/runner/work/20231788./20231788./build"
2026-09-05T11:51:13.6289038Z         }
2026-09-05T11:51:13.6289290Z       ]
2026-09-05T11:51:13.6289542Z     },
2026-09-05T11:51:13.6289790Z     {
2026-09-05T11:51:13.6290050Z       "backtrace" : 43,
2026-09-05T11:51:13.6290361Z       "command" : 
2026-09-05T11:51:13.6290644Z       [
2026-09-05T11:51:13.6291026Z         "/home/runner/work/20231788./20231788./build/relin2_test",
2026-09-05T11:51:13.6291524Z         "key_hybrid_a_length"
2026-09-05T11:51:13.6291860Z       ],
2026-09-05T11:51:13.6292152Z       "name" : "relin2_key_hybrid_a_length",
2026-09-05T11:51:13.6292559Z       "properties" : 
2026-09-05T11:51:13.6292860Z       [
2026-09-05T11:51:13.6293110Z         {
2026-09-05T11:51:13.6293389Z           "name" : "WORKING_DIRECTORY",
2026-09-05T11:51:13.6293843Z           "value" : "/home/runner/work/20231788./20231788./build"
2026-09-05T11:51:13.6294301Z         }
2026-09-05T11:51:13.6294737Z       ]
2026-09-05T11:51:13.6294993Z     },
2026-09-05T11:51:13.6295245Z     {
2026-09-05T11:51:13.6295504Z       "backtrace" : 45,
2026-09-05T11:51:13.6295824Z       "command" : 
2026-09-05T11:51:13.6296109Z       [
2026-09-05T11:51:13.6296458Z         "/home/runner/work/20231788./20231788./build/relin2_test",
2026-09-05T11:51:13.6296949Z         "key_hybrid_b_length"
2026-09-05T11:51:13.6297279Z       ],
2026-09-05T11:51:13.6297564Z       "name" : "relin2_key_hybrid_b_length",
2026-09-05T11:51:13.6297968Z       "properties" : 
2026-09-05T11:51:13.6298267Z       [
2026-09-05T11:51:13.6298515Z         {
2026-09-05T11:51:13.6298800Z           "name" : "WORKING_DIRECTORY",
2026-09-05T11:51:13.6299255Z           "value" : "/home/runner/work/20231788./20231788./build"
2026-09-05T11:51:13.6299702Z         }
2026-09-05T11:51:13.6299957Z       ]
2026-09-05T11:51:13.6300202Z     },
2026-09-05T11:51:13.6300455Z     {
2026-09-05T11:51:13.6300714Z       "backtrace" : 47,
2026-09-05T11:51:13.6301023Z       "command" : 
2026-09-05T11:51:13.6301308Z       [
2026-09-05T11:51:13.6301666Z         "/home/runner/work/20231788./20231788./build/relin2_test",
2026-09-05T11:51:13.6302160Z         "key_hybrid_entry_basis"
2026-09-05T11:51:13.6302512Z       ],
2026-09-05T11:51:13.6302815Z       "name" : "relin2_key_hybrid_entry_basis",
2026-09-05T11:51:13.6303237Z       "properties" : 
2026-09-05T11:51:13.6303532Z       [
2026-09-05T11:51:13.6303792Z         {
2026-09-05T11:51:13.6304072Z           "name" : "WORKING_DIRECTORY",
2026-09-05T11:51:13.6304681Z           "value" : "/home/runner/work/20231788./20231788./build"
2026-09-05T11:51:13.6305128Z         }
2026-09-05T11:51:13.6305379Z       ]
2026-09-05T11:51:13.6305630Z     },
2026-09-05T11:51:13.6305877Z     {
2026-09-05T11:51:13.6306137Z       "backtrace" : 49,
2026-09-05T11:51:13.6306453Z       "command" : 
2026-09-05T11:51:13.6306731Z       [
2026-09-05T11:51:13.6307087Z         "/home/runner/work/20231788./20231788./build/relin2_test",
2026-09-05T11:51:13.6307577Z         "key_hybrid_entry_format"
2026-09-05T11:51:13.6308091Z       ],
2026-09-05T11:51:13.6308407Z       "name" : "relin2_key_hybrid_entry_format",
2026-09-05T11:51:13.6308833Z       "properties" : 
2026-09-05T11:51:13.6309138Z       [
2026-09-05T11:51:13.6309385Z         {
2026-09-05T11:51:13.6309661Z           "name" : "WORKING_DIRECTORY",
2026-09-05T11:51:13.6310111Z           "value" : "/home/runner/work/20231788./20231788./build"
2026-09-05T11:51:13.6310574Z         }
2026-09-05T11:51:13.6310826Z       ]
2026-09-05T11:51:13.6311072Z     },
2026-09-05T11:51:13.6311317Z     {
2026-09-05T11:51:13.6311582Z       "backtrace" : 51,
2026-09-05T11:51:13.6311892Z       "command" : 
2026-09-05T11:51:13.6312170Z       [
2026-09-05T11:51:13.6312521Z         "/home/runner/work/20231788./20231788./build/relin2_test",
2026-09-05T11:51:13.6313019Z         "key_bv_zero_digit_a_length"
2026-09-05T11:51:13.6313383Z       ],
2026-09-05T11:51:13.6313696Z       "name" : "relin2_key_bv_zero_digit_a_length",
2026-09-05T11:51:13.6314299Z       "properties" : 
2026-09-05T11:51:13.6314867Z       [
2026-09-05T11:51:13.6315119Z         {
2026-09-05T11:51:13.6315403Z           "name" : "WORKING_DIRECTORY",
2026-09-05T11:51:13.6315872Z           "value" : "/home/runner/work/20231788./20231788./build"
2026-09-05T11:51:13.6316334Z         }
2026-09-05T11:51:13.6316589Z       ]
2026-09-05T11:51:13.6316842Z     },
2026-09-05T11:51:13.6317092Z     {
2026-09-05T11:51:13.6317368Z       "backtrace" : 53,
2026-09-05T11:51:13.6317683Z       "command" : 
2026-09-05T11:51:13.6317965Z       [
2026-09-05T11:51:13.6318320Z         "/home/runner/work/20231788./20231788./build/relin2_test",
2026-09-05T11:51:13.6318817Z         "key_bv_zero_digit_b_length"
2026-09-05T11:51:13.6319183Z       ],
2026-09-05T11:51:13.6319493Z       "name" : "relin2_key_bv_zero_digit_b_length",
2026-09-05T11:51:13.6319927Z       "properties" : 
2026-09-05T11:51:13.6320225Z       [
2026-09-05T11:51:13.6320474Z         {
2026-09-05T11:51:13.6320753Z           "name" : "WORKING_DIRECTORY",
2026-09-05T11:51:13.6321225Z           "value" : "/home/runner/work/20231788./20231788./build"
2026-09-05T11:51:13.6321689Z         }
2026-09-05T11:51:13.6321936Z       ]
2026-09-05T11:51:13.6322186Z     },
2026-09-05T11:51:13.6322432Z     {
2026-09-05T11:51:13.6322699Z       "backtrace" : 55,
2026-09-05T11:51:13.6323009Z       "command" : 
2026-09-05T11:51:13.6323288Z       [
2026-09-05T11:51:13.6323639Z         "/home/runner/work/20231788./20231788./build/relin2_test",
2026-09-05T11:51:13.6324140Z         "key_bv_nonzero_digit_a_length"
2026-09-05T11:51:13.6324751Z       ],
2026-09-05T11:51:13.6325076Z       "name" : "relin2_key_bv_nonzero_digit_a_length",
2026-09-05T11:51:13.6325524Z       "properties" : 
2026-09-05T11:51:13.6325832Z       [
2026-09-05T11:51:13.6326077Z         {
2026-09-05T11:51:13.6326355Z           "name" : "WORKING_DIRECTORY",
2026-09-05T11:51:13.6326809Z           "value" : "/home/runner/work/20231788./20231788./build"
2026-09-05T11:51:13.6327262Z         }
2026-09-05T11:51:13.6327516Z       ]
2026-09-05T11:51:13.6327758Z     },
2026-09-05T11:51:13.6328027Z     {
2026-09-05T11:51:13.6328294Z       "backtrace" : 57,
2026-09-05T11:51:13.6328610Z       "command" : 
2026-09-05T11:51:13.6328889Z       [
2026-09-05T11:51:13.6329250Z         "/home/runner/work/20231788./20231788./build/relin2_test",
2026-09-05T11:51:13.6329749Z         "key_bv_nonzero_digit_b_length"
2026-09-05T11:51:13.6330120Z       ],
2026-09-05T11:51:13.6330442Z       "name" : "relin2_key_bv_nonzero_digit_b_length",
2026-09-05T11:51:13.6330884Z       "properties" : 
2026-09-05T11:51:13.6331183Z       [
2026-09-05T11:51:13.6331432Z         {
2026-09-05T11:51:13.6331718Z           "name" : "WORKING_DIRECTORY",
2026-09-05T11:51:13.6332175Z           "value" : "/home/runner/work/20231788./20231788./build"
2026-09-05T11:51:13.6332625Z         }
2026-09-05T11:51:13.6332880Z       ]
2026-09-05T11:51:13.6333136Z     },
2026-09-05T11:51:13.6333382Z     {
2026-09-05T11:51:13.6333643Z       "backtrace" : 59,
2026-09-05T11:51:13.6333964Z       "command" : 
2026-09-05T11:51:13.6334559Z       [
2026-09-05T11:51:13.6334940Z         "/home/runner/work/20231788./20231788./build/relin2_test",
2026-09-05T11:51:13.6335443Z         "key_bv_zero_digit_entry_basis"
2026-09-05T11:51:13.6335823Z       ],
2026-09-05T11:51:13.6336146Z       "name" : "relin2_key_bv_zero_digit_entry_basis",
2026-09-05T11:51:13.6336589Z       "properties" : 
2026-09-05T11:51:13.6336893Z       [
2026-09-05T11:51:13.6337146Z         {
2026-09-05T11:51:13.6337426Z           "name" : "WORKING_DIRECTORY",
2026-09-05T11:51:13.6337883Z           "value" : "/home/runner/work/20231788./20231788./build"
2026-09-05T11:51:13.6338339Z         }
2026-09-05T11:51:13.6338590Z       ]
2026-09-05T11:51:13.6338838Z     },
2026-09-05T11:51:13.6339087Z     {
2026-09-05T11:51:13.6339359Z       "backtrace" : 61,
2026-09-05T11:51:13.6339675Z       "command" : 
2026-09-05T11:51:13.6339952Z       [
2026-09-05T11:51:13.6340307Z         "/home/runner/work/20231788./20231788./build/relin2_test",
2026-09-05T11:51:13.6340975Z         "key_bv_nonzero_digit_entry_basis"
2026-09-05T11:51:13.6341374Z       ],
2026-09-05T11:51:13.6341710Z       "name" : "relin2_key_bv_nonzero_digit_entry_basis",
2026-09-05T11:51:13.6342167Z       "properties" : 
2026-09-05T11:51:13.6342464Z       [
2026-09-05T11:51:13.6342715Z         {
2026-09-05T11:51:13.6342994Z           "name" : "WORKING_DIRECTORY",
2026-09-05T11:51:13.6343452Z           "value" : "/home/runner/work/20231788./20231788./build"
2026-09-05T11:51:13.6343906Z         }
2026-09-05T11:51:13.6344156Z       ]
2026-09-05T11:51:13.6344556Z     },
2026-09-05T11:51:13.6344805Z     {
2026-09-05T11:51:13.6345061Z       "backtrace" : 63,
2026-09-05T11:51:13.6345371Z       "command" : 
2026-09-05T11:51:13.6345647Z       [
2026-09-05T11:51:13.6345998Z         "/home/runner/work/20231788./20231788./build/relin2_test",
2026-09-05T11:51:13.6346492Z         "key_bv_zero_digit_entry_format"
2026-09-05T11:51:13.6346868Z       ],
2026-09-05T11:51:13.6347189Z       "name" : "relin2_key_bv_zero_digit_entry_format",
2026-09-05T11:51:13.6347639Z       "properties" : 
2026-09-05T11:51:13.6347935Z       [
2026-09-05T11:51:13.6348189Z         {
2026-09-05T11:51:13.6348466Z           "name" : "WORKING_DIRECTORY",
2026-09-05T11:51:13.6348916Z           "value" : "/home/runner/work/20231788./20231788./build"
2026-09-05T11:51:13.6349369Z         }
2026-09-05T11:51:13.6349619Z       ]
2026-09-05T11:51:13.6349883Z     },
2026-09-05T11:51:13.6350133Z     {
2026-09-05T11:51:13.6350396Z       "backtrace" : 65,
2026-09-05T11:51:13.6350702Z       "command" : 
2026-09-05T11:51:13.6350981Z       [
2026-09-05T11:51:13.6351331Z         "/home/runner/work/20231788./20231788./build/relin2_test",
2026-09-05T11:51:13.6351837Z         "key_bv_nonzero_digit_entry_format"
2026-09-05T11:51:13.6352226Z       ],
2026-09-05T11:51:13.6352558Z       "name" : "relin2_key_bv_nonzero_digit_entry_format",
2026-09-05T11:51:13.6353023Z       "properties" : 
2026-09-05T11:51:13.6353319Z       [
2026-09-05T11:51:13.6353564Z         {
2026-09-05T11:51:13.6353852Z           "name" : "WORKING_DIRECTORY",
2026-09-05T11:51:13.6354307Z           "value" : "/home/runner/work/20231788./20231788./build"
2026-09-05T11:51:13.6354900Z         }
2026-09-05T11:51:13.6355149Z       ]
2026-09-05T11:51:13.6355393Z     },
2026-09-05T11:51:13.6355644Z     {
2026-09-05T11:51:13.6355903Z       "backtrace" : 67,
2026-09-05T11:51:13.6356212Z       "command" : 
2026-09-05T11:51:13.6356491Z       [
2026-09-05T11:51:13.6356851Z         "/home/runner/work/20231788./20231788./build/relin2_test",
2026-09-05T11:51:13.6357376Z         "valid_arithmetic_state_immutability"
2026-09-05T11:51:13.6357784Z       ],
2026-09-05T11:51:13.6358141Z       "name" : "relin2_valid_arithmetic_state_immutability",
2026-09-05T11:51:13.6358618Z       "properties" : 
2026-09-05T11:51:13.6358915Z       [
2026-09-05T11:51:13.6359165Z         {
2026-09-05T11:51:13.6359444Z           "name" : "WORKING_DIRECTORY",
2026-09-05T11:51:13.6359901Z           "value" : "/home/runner/work/20231788./20231788./build"
2026-09-05T11:51:13.6360534Z         }
2026-09-05T11:51:13.6360795Z       ]
2026-09-05T11:51:13.6361046Z     },
2026-09-05T11:51:13.6361293Z     {
2026-09-05T11:51:13.6361558Z       "backtrace" : 69,
2026-09-05T11:51:13.6361867Z       "command" : 
2026-09-05T11:51:13.6362146Z       [
2026-09-05T11:51:13.6362498Z         "/home/runner/work/20231788./20231788./build/relin2_test",
2026-09-05T11:51:13.6363022Z         "controlled_witnesses_and_boundaries"
2026-09-05T11:51:13.6363425Z       ],
2026-09-05T11:51:13.6363779Z       "name" : "relin2_controlled_witnesses_and_boundaries",
2026-09-05T11:51:13.6364256Z       "properties" : 
2026-09-05T11:51:13.6364706Z       [
2026-09-05T11:51:13.6364956Z         {
2026-09-05T11:51:13.6365239Z           "name" : "WORKING_DIRECTORY",
2026-09-05T11:51:13.6365698Z           "value" : "/home/runner/work/20231788./20231788./build"
2026-09-05T11:51:13.6366149Z         }
2026-09-05T11:51:13.6366398Z       ]
2026-09-05T11:51:13.6366672Z     },
2026-09-05T11:51:13.6367109Z     {
2026-09-05T11:51:13.6367375Z       "backtrace" : 71,
2026-09-05T11:51:13.6367684Z       "command" : 
2026-09-05T11:51:13.6367965Z       [
2026-09-05T11:51:13.6368318Z         "/home/runner/work/20231788./20231788./build/relin2_test",
2026-09-05T11:51:13.6368826Z         "representative_public_input"
2026-09-05T11:51:13.6369213Z       ],
2026-09-05T11:51:13.6369533Z       "name" : "relin2_representative_public_input",
2026-09-05T11:51:13.6369979Z       "properties" : 
2026-09-05T11:51:13.6370279Z       [
2026-09-05T11:51:13.6370533Z         {
2026-09-05T11:51:13.6370811Z           "name" : "WORKING_DIRECTORY",
2026-09-05T11:51:13.6371269Z           "value" : "/home/runner/work/20231788./20231788./build"
2026-09-05T11:51:13.6371722Z         }
2026-09-05T11:51:13.6371974Z       ]
2026-09-05T11:51:13.6372220Z     },
2026-09-05T11:51:13.6372467Z     {
2026-09-05T11:51:13.6372732Z       "backtrace" : 73,
2026-09-05T11:51:13.6373048Z       "command" : 
2026-09-05T11:51:13.6373331Z       [
2026-09-05T11:51:13.6373692Z         "/home/runner/work/20231788./20231788./build/relin2_test",
2026-09-05T11:51:13.6374190Z         "key_extra_later_valid"
2026-09-05T11:51:13.6374689Z       ],
2026-09-05T11:51:13.6374989Z       "name" : "relin2_key_extra_later_valid",
2026-09-05T11:51:13.6375407Z       "properties" : 
2026-09-05T11:51:13.6375709Z       [
2026-09-05T11:51:13.6375955Z         {
2026-09-05T11:51:13.6376232Z           "name" : "WORKING_DIRECTORY",
2026-09-05T11:51:13.6376685Z           "value" : "/home/runner/work/20231788./20231788./build"
2026-09-05T11:51:13.6377141Z         }
2026-09-05T11:51:13.6377392Z       ]
2026-09-05T11:51:13.6377635Z     },
2026-09-05T11:51:13.6377880Z     {
2026-09-05T11:51:13.6378144Z       "backtrace" : 75,
2026-09-05T11:51:13.6378452Z       "command" : 
2026-09-05T11:51:13.6378732Z       [
2026-09-05T11:51:13.6379084Z         "/home/runner/work/20231788./20231788./build/relin2_test",
2026-09-05T11:51:13.6379586Z         "key_malformed_later_ignored"
2026-09-05T11:51:13.6379961Z       ],
2026-09-05T11:51:13.6380285Z       "name" : "relin2_key_malformed_later_ignored",
2026-09-05T11:51:13.6380745Z       "properties" : 
2026-09-05T11:51:13.6381062Z       [
2026-09-05T11:51:13.6381308Z         {
2026-09-05T11:51:13.6381594Z           "name" : "WORKING_DIRECTORY",
2026-09-05T11:51:13.6382046Z           "value" : "/home/runner/work/20231788./20231788./build"
2026-09-05T11:51:13.6382496Z         }
2026-09-05T11:51:13.6382751Z       ]
2026-09-05T11:51:13.6382997Z     },
2026-09-05T11:51:13.6383242Z     {
2026-09-05T11:51:13.6383501Z       "backtrace" : 77,
2026-09-05T11:51:13.6383814Z       "command" : 
2026-09-05T11:51:13.6384096Z       [
2026-09-05T11:51:13.6384627Z         "/home/runner/work/20231788./20231788./build/relin2_test",
2026-09-05T11:51:13.6385132Z         "hybrid_valid_shapes"
2026-09-05T11:51:13.6385467Z       ],
2026-09-05T11:51:13.6385761Z       "name" : "relin2_hybrid_valid_shapes",
2026-09-05T11:51:13.6386167Z       "properties" : 
2026-09-05T11:51:13.6386459Z       [
2026-09-05T11:51:13.6386713Z         {
2026-09-05T11:51:13.6387140Z           "name" : "WORKING_DIRECTORY",
2026-09-05T11:51:13.6387598Z           "value" : "/home/runner/work/20231788./20231788./build"
2026-09-05T11:51:13.6388045Z         }
2026-09-05T11:51:13.6388293Z       ]
2026-09-05T11:51:13.6388541Z     },
2026-09-05T11:51:13.6388789Z     {
2026-09-05T11:51:13.6389047Z       "backtrace" : 79,
2026-09-05T11:51:13.6389359Z       "command" : 
2026-09-05T11:51:13.6389633Z       [
2026-09-05T11:51:13.6389988Z         "/home/runner/work/20231788./20231788./build/relin2_test",
2026-09-05T11:51:13.6390486Z         "bv_zero_digit_valid_shapes"
2026-09-05T11:51:13.6390852Z       ],
2026-09-05T11:51:13.6391160Z       "name" : "relin2_bv_zero_digit_valid_shapes",
2026-09-05T11:51:13.6391595Z       "properties" : 
2026-09-05T11:51:13.6391890Z       [
2026-09-05T11:51:13.6392137Z         {
2026-09-05T11:51:13.6392418Z           "name" : "WORKING_DIRECTORY",
2026-09-05T11:51:13.6392877Z           "value" : "/home/runner/work/20231788./20231788./build"
2026-09-05T11:51:13.6393475Z         }
2026-09-05T11:51:13.6393725Z       ]
2026-09-05T11:51:13.6393973Z     },
2026-09-05T11:51:13.6394216Z     {
2026-09-05T11:51:13.6394632Z       "backtrace" : 81,
2026-09-05T11:51:13.6394941Z       "command" : 
2026-09-05T11:51:13.6395218Z       [
2026-09-05T11:51:13.6395566Z         "/home/runner/work/20231788./20231788./build/relin2_test",
2026-09-05T11:51:13.6396064Z         "bv_nonzero_digit_valid_shapes"
2026-09-05T11:51:13.6396432Z       ],
2026-09-05T11:51:13.6396759Z       "name" : "relin2_bv_nonzero_digit_valid_shapes",
2026-09-05T11:51:13.6397202Z       "properties" : 
2026-09-05T11:51:13.6397495Z       [
2026-09-05T11:51:13.6397739Z         {
2026-09-05T11:51:13.6398019Z           "name" : "WORKING_DIRECTORY",
2026-09-05T11:51:13.6398467Z           "value" : "/home/runner/work/20231788./20231788./build"
2026-09-05T11:51:13.6398911Z         }
2026-09-05T11:51:13.6399165Z       ]
2026-09-05T11:51:13.6399407Z     },
2026-09-05T11:51:13.6399658Z     {
2026-09-05T11:51:13.6399920Z       "backtrace" : 83,
2026-09-05T11:51:13.6400231Z       "command" : 
2026-09-05T11:51:13.6400516Z       [
2026-09-05T11:51:13.6400863Z         "/home/runner/work/20231788./20231788./build/relin2_test",
2026-09-05T11:51:13.6401365Z         "first_recombined_rcb_validation"
2026-09-05T11:51:13.6401754Z       ],
2026-09-05T11:51:13.6402087Z       "name" : "relin2_first_recombined_rcb_validation",
2026-09-05T11:51:13.6402532Z       "properties" : 
2026-09-05T11:51:13.6402830Z       [
2026-09-05T11:51:13.6403076Z         {
2026-09-05T11:51:13.6403351Z           "name" : "WORKING_DIRECTORY",
2026-09-05T11:51:13.6403801Z           "value" : "/home/runner/work/20231788./20231788./build"
2026-09-05T11:51:13.6404245Z         }
2026-09-05T11:51:13.6404648Z       ]
2026-09-05T11:51:13.6404895Z     },
2026-09-05T11:51:13.6405140Z     {
2026-09-05T11:51:13.6405399Z       "backtrace" : 85,
2026-09-05T11:51:13.6405711Z       "command" : 
2026-09-05T11:51:13.6405993Z       [
2026-09-05T11:51:13.6406349Z         "/home/runner/work/20231788./20231788./build/relin2_test",
2026-09-05T11:51:13.6406864Z         "first_recombined_tensor2_validation"
2026-09-05T11:51:13.6407260Z       ],
2026-09-05T11:51:13.6407605Z       "name" : "relin2_first_recombined_tensor2_validation",
2026-09-05T11:51:13.6408079Z       "properties" : 
2026-09-05T11:51:13.6408374Z       [
2026-09-05T11:51:13.6408630Z         {
2026-09-05T11:51:13.6408905Z           "name" : "WORKING_DIRECTORY",
2026-09-05T11:51:13.6409357Z           "value" : "/home/runner/work/20231788./20231788./build"
2026-09-05T11:51:13.6409798Z         }
2026-09-05T11:51:13.6410046Z       ]
2026-09-05T11:51:13.6410295Z     },
2026-09-05T11:51:13.6410541Z     {
2026-09-05T11:51:13.6410801Z       "backtrace" : 87,
2026-09-05T11:51:13.6411109Z       "command" : 
2026-09-05T11:51:13.6411383Z       [
2026-09-05T11:51:13.6411731Z         "/home/runner/work/20231788./20231788./build/relin2_test",
2026-09-05T11:51:13.6412235Z         "tensor2_requires_first_lifecycle"
2026-09-05T11:51:13.6412773Z       ],
2026-09-05T11:51:13.6413112Z       "name" : "relin2_tensor2_requires_first_lifecycle",
2026-09-05T11:51:13.6413563Z       "properties" : 
2026-09-05T11:51:13.6413862Z       [
2026-09-05T11:51:13.6414106Z         {
2026-09-05T11:51:13.6414537Z           "name" : "WORKING_DIRECTORY",
2026-09-05T11:51:13.6414996Z           "value" : "/home/runner/work/20231788./20231788./build"
2026-09-05T11:51:13.6415442Z         }
2026-09-05T11:51:13.6415693Z       ]
2026-09-05T11:51:13.6415940Z     },
2026-09-05T11:51:13.6416186Z     {
2026-09-05T11:51:13.6416453Z       "backtrace" : 89,
2026-09-05T11:51:13.6416764Z       "command" : 
2026-09-05T11:51:13.6417046Z       [
2026-09-05T11:51:13.6417386Z         "/home/runner/work/20231788./20231788./build/rs2_test",
2026-09-05T11:51:13.6417861Z         "wrong_lifecycle"
2026-09-05T11:51:13.6418181Z       ],
2026-09-05T11:51:13.6418459Z       "name" : "rs2_wrong_lifecycle",
2026-09-05T11:51:13.6418844Z       "properties" : 
2026-09-05T11:51:13.6419303Z       [
2026-09-05T11:51:13.6419555Z         {
2026-09-05T11:51:13.6419838Z           "name" : "WORKING_DIRECTORY",
2026-09-05T11:51:13.6420310Z           "value" : "/home/runner/work/20231788./20231788./build"
2026-09-05T11:51:13.6420762Z         }
2026-09-05T11:51:13.6421013Z       ]
2026-09-05T11:51:13.6421262Z     },
2026-09-05T11:51:13.6421514Z     {
2026-09-05T11:51:13.6421776Z       "backtrace" : 91,
2026-09-05T11:51:13.6422085Z       "command" : 
2026-09-05T11:51:13.6422364Z       [
2026-09-05T11:51:13.6422705Z         "/home/runner/work/20231788./20231788./build/rs2_test",
2026-09-05T11:51:13.6423215Z         "valid_arithmetic_state_immutability"
2026-09-05T11:51:13.6423622Z       ],
2026-09-05T11:51:13.6423966Z       "name" : "rs2_valid_arithmetic_state_immutability",
2026-09-05T11:51:13.6424584Z       "properties" : 
2026-09-05T11:51:13.6424883Z       [
2026-09-05T11:51:13.6425132Z         {
2026-09-05T11:51:13.6425413Z           "name" : "WORKING_DIRECTORY",
2026-09-05T11:51:13.6425882Z           "value" : "/home/runner/work/20231788./20231788./build"
2026-09-05T11:51:13.6426334Z         }
2026-09-05T11:51:13.6426614Z       ]
2026-09-05T11:51:13.6426864Z     },
2026-09-05T11:51:13.6427110Z     {
2026-09-05T11:51:13.6427370Z       "backtrace" : 93,
2026-09-05T11:51:13.6427678Z       "command" : 
2026-09-05T11:51:13.6427960Z       [
2026-09-05T11:51:13.6428308Z         "/home/runner/work/20231788./20231788./build/rs2_test",
2026-09-05T11:51:13.6428783Z         "mixed_tower_format"
2026-09-05T11:51:13.6429115Z       ],
2026-09-05T11:51:13.6429397Z       "name" : "rs2_mixed_tower_format",
2026-09-05T11:51:13.6429792Z       "properties" : 
2026-09-05T11:51:13.6430093Z       [
2026-09-05T11:51:13.6430348Z         {
2026-09-05T11:51:13.6430632Z           "name" : "WORKING_DIRECTORY",
2026-09-05T11:51:13.6431089Z           "value" : "/home/runner/work/20231788./20231788./build"
2026-09-05T11:51:13.6431543Z         }
2026-09-05T11:51:13.6431795Z       ]
2026-09-05T11:51:13.6432054Z     },
2026-09-05T11:51:13.6432300Z     {
2026-09-05T11:51:13.6432565Z       "backtrace" : 95,
2026-09-05T11:51:13.6432878Z       "command" : 
2026-09-05T11:51:13.6433157Z       [
2026-09-05T11:51:13.6433493Z         "/home/runner/work/20231788./20231788./build/rs2_test",
2026-09-05T11:51:13.6433986Z         "untouched_public_pipeline"
2026-09-05T11:51:13.6434498Z       ],
2026-09-05T11:51:13.6434809Z       "name" : "rs2_untouched_public_pipeline",
2026-09-05T11:51:13.6435238Z       "properties" : 
2026-09-05T11:51:13.6435537Z       [
2026-09-05T11:51:13.6435788Z         {
2026-09-05T11:51:13.6436075Z           "name" : "WORKING_DIRECTORY",
2026-09-05T11:51:13.6436530Z           "value" : "/home/runner/work/20231788./20231788./build"
2026-09-05T11:51:13.6436983Z         }
2026-09-05T11:51:13.6437234Z       ]
2026-09-05T11:51:13.6437482Z     },
2026-09-05T11:51:13.6437729Z     {
2026-09-05T11:51:13.6437992Z       "backtrace" : 97,
2026-09-05T11:51:13.6438303Z       "command" : 
2026-09-05T11:51:13.6438586Z       [
2026-09-05T11:51:13.6439072Z         "/home/runner/work/20231788./20231788./build/rs2_test",
2026-09-05T11:51:13.6439567Z         "declared_basis_mismatch"
2026-09-05T11:51:13.6439926Z       ],
2026-09-05T11:51:13.6440223Z       "name" : "rs2_declared_basis_mismatch",
2026-09-05T11:51:13.6440643Z       "properties" : 
2026-09-05T11:51:13.6440942Z       [
2026-09-05T11:51:13.6441189Z         {
2026-09-05T11:51:13.6441471Z           "name" : "WORKING_DIRECTORY",
2026-09-05T11:51:13.6441926Z           "value" : "/home/runner/work/20231788./20231788./build"
2026-09-05T11:51:13.6442385Z         }
2026-09-05T11:51:13.6442639Z       ]
2026-09-05T11:51:13.6455636Z     },
2026-09-05T11:51:13.6455957Z     {
2026-09-05T11:51:13.6456232Z       "backtrace" : 99,
2026-09-05T11:51:13.6456568Z       "command" : 
2026-09-05T11:51:13.6456869Z       [
2026-09-05T11:51:13.6457227Z         "/home/runner/work/20231788./20231788./build/rs2_test",
2026-09-05T11:51:13.6457724Z         "terminal_rejections"
2026-09-05T11:51:13.6458283Z       ],
2026-09-05T11:51:13.6458582Z       "name" : "rs2_terminal_rejections",
2026-09-05T11:51:13.6458984Z       "properties" : 
2026-09-05T11:51:13.6459291Z       [
2026-09-05T11:51:13.6459541Z         {
2026-09-05T11:51:13.6459821Z           "name" : "WORKING_DIRECTORY",
2026-09-05T11:51:13.6460288Z           "value" : "/home/runner/work/20231788./20231788./build"
2026-09-05T11:51:13.6460753Z         }
2026-09-05T11:51:13.6461004Z       ]
2026-09-05T11:51:13.6461251Z     },
2026-09-05T11:51:13.6461503Z     {
2026-09-05T11:51:13.6461767Z       "backtrace" : 101,
2026-09-05T11:51:13.6462087Z       "command" : 
2026-09-05T11:51:13.6462368Z       [
2026-09-05T11:51:13.6462720Z         "/home/runner/work/20231788./20231788./build/mult2_test",
2026-09-05T11:51:13.6463211Z         "composition_contract"
2026-09-05T11:51:13.6463556Z       ],
2026-09-05T11:51:13.6463856Z       "name" : "mult2_composition_contract",
2026-09-05T11:51:13.6464287Z       "properties" : 
2026-09-05T11:51:13.6464805Z       [
2026-09-05T11:51:13.6465063Z         {
2026-09-05T11:51:13.6465352Z           "name" : "WORKING_DIRECTORY",
2026-09-05T11:51:13.6465819Z           "value" : "/home/runner/work/20231788./20231788./build"
2026-09-05T11:51:13.6466270Z         }
2026-09-05T11:51:13.6466520Z       ]
2026-09-05T11:51:13.6466764Z     },
2026-09-05T11:51:13.6467014Z     {
2026-09-05T11:51:13.6467277Z       "backtrace" : 103,
2026-09-05T11:51:13.6467594Z       "command" : 
2026-09-05T11:51:13.6467873Z       [
2026-09-05T11:51:13.6468297Z         "/home/runner/work/20231788./20231788./build/mult2_e2e_oracle_test",
2026-09-05T11:51:13.6468855Z         "hybrid_real"
2026-09-05T11:51:13.6469154Z       ],
2026-09-05T11:51:13.6469436Z       "name" : "mult2_e2e_hybrid_real",
2026-09-05T11:51:13.6469821Z       "properties" : 
2026-09-05T11:51:13.6470118Z       [
2026-09-05T11:51:13.6470369Z         {
2026-09-05T11:51:13.6470647Z           "name" : "WORKING_DIRECTORY",
2026-09-05T11:51:13.6471097Z           "value" : "/home/runner/work/20231788./20231788./build"
2026-09-05T11:51:13.6471558Z         }
2026-09-05T11:51:13.6471810Z       ]
2026-09-05T11:51:13.6472053Z     },
2026-09-05T11:51:13.6472303Z     {
2026-09-05T11:51:13.6472565Z       "backtrace" : 105,
2026-09-05T11:51:13.6472885Z       "command" : 
2026-09-05T11:51:13.6473162Z       [
2026-09-05T11:51:13.6473567Z         "/home/runner/work/20231788./20231788./build/mult2_e2e_oracle_test",
2026-09-05T11:51:13.6474119Z         "hybrid_complex"
2026-09-05T11:51:13.6474567Z       ],
2026-09-05T11:51:13.6474855Z       "name" : "mult2_e2e_hybrid_complex",
2026-09-05T11:51:13.6475257Z       "properties" : 
2026-09-05T11:51:13.6475553Z       [
2026-09-05T11:51:13.6475804Z         {
2026-09-05T11:51:13.6476081Z           "name" : "WORKING_DIRECTORY",
2026-09-05T11:51:13.6476538Z           "value" : "/home/runner/work/20231788./20231788./build"
2026-09-05T11:51:13.6476987Z         }
2026-09-05T11:51:13.6477232Z       ]
2026-09-05T11:51:13.6477475Z     },
2026-09-05T11:51:13.6477717Z     {
2026-09-05T11:51:13.6477985Z       "backtrace" : 107,
2026-09-05T11:51:13.6478449Z       "command" : 
2026-09-05T11:51:13.6478732Z       [
2026-09-05T11:51:13.6479137Z         "/home/runner/work/20231788./20231788./build/mult2_e2e_oracle_test",
2026-09-05T11:51:13.6479670Z         "bv_real"
2026-09-05T11:51:13.6479942Z       ],
2026-09-05T11:51:13.6480218Z       "name" : "mult2_e2e_bv_real",
2026-09-05T11:51:13.6480591Z       "properties" : 
2026-09-05T11:51:13.6480885Z       [
2026-09-05T11:51:13.6481129Z         {
2026-09-05T11:51:13.6481404Z           "name" : "WORKING_DIRECTORY",
2026-09-05T11:51:13.6481860Z           "value" : "/home/runner/work/20231788./20231788./build"
2026-09-05T11:51:13.6482312Z         }
2026-09-05T11:51:13.6482561Z       ]
2026-09-05T11:51:13.6482810Z     },
2026-09-05T11:51:13.6483054Z     {
2026-09-05T11:51:13.6483313Z       "backtrace" : 109,
2026-09-05T11:51:13.6483628Z       "command" : 
2026-09-05T11:51:13.6483914Z       [
2026-09-05T11:51:13.6484761Z         "/home/runner/work/20231788./20231788./build/mult2_e2e_oracle_test",
2026-09-05T11:51:13.6485562Z         "bv_complex"
2026-09-05T11:51:13.6485867Z       ],
2026-09-05T11:51:13.6486151Z       "name" : "mult2_e2e_bv_complex",
2026-09-05T11:51:13.6486543Z       "properties" : 
2026-09-05T11:51:13.6486849Z       [
2026-09-05T11:51:13.6487102Z         {
2026-09-05T11:51:13.6487381Z           "name" : "WORKING_DIRECTORY",
2026-09-05T11:51:13.6487845Z           "value" : "/home/runner/work/20231788./20231788./build"
2026-09-05T11:51:13.6488302Z         }
2026-09-05T11:51:13.6488556Z       ]
2026-09-05T11:51:13.6488802Z     },
2026-09-05T11:51:13.6489049Z     {
2026-09-05T11:51:13.6489315Z       "backtrace" : 111,
2026-09-05T11:51:13.6489632Z       "command" : 
2026-09-05T11:51:13.6489910Z       [
2026-09-05T11:51:13.6490318Z         "/home/runner/work/20231788./20231788./build/mult2_e2e_oracle_test",
2026-09-05T11:51:13.6490892Z         "pair_add_input_hybrid_complex"
2026-09-05T11:51:13.6491269Z       ],
2026-09-05T11:51:13.6491601Z       "name" : "mult2_pair_add_input_hybrid_complex",
2026-09-05T11:51:13.6492052Z       "properties" : 
2026-09-05T11:51:13.6492352Z       [
2026-09-05T11:51:13.6492606Z         {
2026-09-05T11:51:13.6492889Z           "name" : "WORKING_DIRECTORY",
2026-09-05T11:51:13.6493348Z           "value" : "/home/runner/work/20231788./20231788./build"
2026-09-05T11:51:13.6493801Z         }
2026-09-05T11:51:13.6494056Z       ]
2026-09-05T11:51:13.6494309Z     },
2026-09-05T11:51:13.6494730Z     {
2026-09-05T11:51:13.6494996Z       "backtrace" : 113,
2026-09-05T11:51:13.6495317Z       "command" : 
2026-09-05T11:51:13.6495600Z       [
2026-09-05T11:51:13.6496017Z         "/home/runner/work/20231788./20231788./build/mult2_e2e_oracle_test",
2026-09-05T11:51:13.6496589Z         "pair_sub_input_hybrid_complex"
2026-09-05T11:51:13.6496975Z       ],
2026-09-05T11:51:13.6497297Z       "name" : "mult2_pair_sub_input_hybrid_complex",
2026-09-05T11:51:13.6497739Z       "properties" : 
2026-09-05T11:51:13.6498040Z       [
2026-09-05T11:51:13.6498299Z         {
2026-09-05T11:51:13.6498583Z           "name" : "WORKING_DIRECTORY",
2026-09-05T11:51:13.6499038Z           "value" : "/home/runner/work/20231788./20231788./build"
2026-09-05T11:51:13.6499497Z         }
2026-09-05T11:51:13.6499745Z       ]
2026-09-05T11:51:13.6499987Z     }
2026-09-05T11:51:13.6500232Z   ],
2026-09-05T11:51:13.6500495Z   "version" : 
2026-09-05T11:51:13.6500768Z   {
2026-09-05T11:51:13.6501020Z     "major" : 1,
2026-09-05T11:51:13.6501302Z     "minor" : 0
2026-09-05T11:51:13.6501580Z   }
2026-09-05T11:51:13.6502067Z }Internal ctest changing into directory: /home/runner/work/20231788./20231788./build
2026-09-05T11:51:13.6503044Z UpdateCTestConfiguration  from :/home/runner/work/20231788./20231788./build/DartConfiguration.tcl
2026-09-05T11:51:13.6504104Z UpdateCTestConfiguration  from :/home/runner/work/20231788./20231788./build/DartConfiguration.tcl
2026-09-05T11:51:13.6505060Z Test project /home/runner/work/20231788./20231788./build
2026-09-05T11:51:13.6505541Z Constructing a list of tests
2026-09-05T11:51:13.6506063Z Done constructing a list of tests
2026-09-05T11:51:13.6506457Z Updating test list for fixtures
2026-09-05T11:51:13.6506856Z Added 0 tests to meet fixture requirements
2026-09-05T11:51:13.6507294Z Checking test dependency graph...
2026-09-05T11:51:13.6507686Z Checking test dependency graph end
2026-09-05T11:51:13.6508051Z test 1
2026-09-05T11:51:13.6508314Z       Start  1: dcp_rcb
2026-09-05T11:51:13.6508511Z 
2026-09-05T11:51:13.6508783Z 1: Test command: /home/runner/work/20231788./20231788./build/dcp_rcb_test
2026-09-05T11:51:13.6509449Z 1: Working Directory: /home/runner/work/20231788./20231788./build
2026-09-05T11:51:13.6509980Z 1: Test timeout computed to be: 10000000
2026-09-05T11:51:13.6664998Z 1: DCP/RCB independent-oracle tests passed
2026-09-05T11:51:13.6668870Z  1/57 Test  #1: dcp_rcb .........................................   Passed    0.07 sec
2026-09-05T11:51:13.6671072Z test 2
2026-09-05T11:51:13.6671477Z       Start  2: precision_dcp_rcb_high_precision_contract
2026-09-05T11:51:13.6672083Z 
2026-09-05T11:51:13.6672428Z 2: Test command: /home/runner/work/20231788./20231788./build/precision_dcp_rcb_contract_test
2026-09-05T11:51:13.6672972Z 2: Working Directory: /home/runner/work/20231788./20231788./build
2026-09-05T11:51:13.6673349Z 2: Test timeout computed to be: 10000000
2026-09-05T11:51:13.7229655Z 2: test=precision_dcp_rcb_high_precision_contract trial=0 security_level=HEStd_NotSet(functional-diagnostic-only) key_switch=HYBRID ckks_data_type=COMPLEX N=64 batch=16 depth=7 scaling_mod_size=50 first_mod_size=55 scale_bits=100 q_div=1125899906843009 active_modulus_bits=356 maximum_coefficient_bits=98 approximate_headroom_bits=258 delta_error=4.4724796963320527640043824616438313435842e-28 max_slot_error=3.1600739900871310500787908424216207942488e-28
2026-09-05T11:51:13.7235394Z 2: test=precision_dcp_rcb_high_precision_contract trial=1 security_level=HEStd_NotSet(functional-diagnostic-only) key_switch=HYBRID ckks_data_type=COMPLEX N=64 batch=16 depth=7 scaling_mod_size=50 first_mod_size=55 scale_bits=100 q_div=1125899906843009 active_modulus_bits=356 maximum_coefficient_bits=98 approximate_headroom_bits=258 delta_error=8.2674967438737639299837562141215409656688e-29 max_slot_error=4.7331949888795443365113885111820263665414e-28
2026-09-05T11:51:13.7238634Z 2: test=precision_dcp_rcb_high_precision_contract trial=2 security_level=HEStd_NotSet(functional-diagnostic-only) key_switch=HYBRID ckks_data_type=COMPLEX N=64 batch=16 depth=7 scaling_mod_size=50 first_mod_size=55 scale_bits=100 q_div=1125899906843009 active_modulus_bits=356 maximum_coefficient_bits=98 approximate_headroom_bits=258 delta_error=8.9819709439966059986438808675123316269697e-29 max_slot_error=3.1389874111587691895804550462978694584250e-28
2026-09-05T11:51:13.7242792Z 2: test=precision_dcp_rcb_high_precision_contract trial=3 security_level=HEStd_NotSet(functional-diagnostic-only) key_switch=HYBRID ckks_data_type=COMPLEX N=64 batch=16 depth=7 scaling_mod_size=50 first_mod_size=55 scale_bits=100 q_div=1125899906843009 active_modulus_bits=356 maximum_coefficient_bits=98 approximate_headroom_bits=258 delta_error=1.5681859111823162798752957090906737740764e-28 max_slot_error=5.2183156561691262519296333637406914628561e-28
2026-09-05T11:51:13.7242933Z 2: precision_dcp_rcb_high_precision_contract=PASS
2026-09-05T11:51:13.7243159Z  2/57 Test  #2: precision_dcp_rcb_high_precision_contract .......   Passed    0.06 sec
2026-09-05T11:51:13.7243251Z test 3
2026-09-05T11:51:13.7243406Z       Start  3: precision_first_mult2_high_precision_contract
2026-09-05T11:51:13.7243412Z 
2026-09-05T11:51:13.7243688Z 3: Test command: /home/runner/work/20231788./20231788./build/precision_first_mult2_contract_test
2026-09-05T11:51:13.7243851Z 3: Working Directory: /home/runner/work/20231788./20231788./build
2026-09-05T11:51:13.7243958Z 3: Test timeout computed to be: 10000000
2026-09-05T11:51:13.9059081Z 3: test=precision_first_mult2_high_precision_contract trial=0 claim_scope=first-Mult2-diagnostic-only security_level=HEStd_NotSet(diagnostic-only) key_switch=HYBRID ckks_data_type=COMPLEX N=64 batch=16 depth=7 scaling_mod_size=50 first_mod_size=55 input_scale_numerator=2^100 final_logical_scale_numerator=2^200 final_logical_scale_denominator=1267650600226646386227681786497 q_div=1125899906843009 q_l=1125899906840833 input_product_centered_headroom_bits=160 output_centered_headroom_bits=210 coefficient_error_numerator=64761416310023916295848747417946 coefficient_error_denominator=1267650600226646386227681786497 frozen_abs_tolerance=2^-80 product_delta_error=1.7657975831448628098902825278195980627940e-28 max_slot_error=3.2308785337786705608306305801324825469480e-28
2026-09-05T11:51:13.9062974Z 3: test=precision_first_mult2_high_precision_contract trial=1 claim_scope=first-Mult2-diagnostic-only security_level=HEStd_NotSet(diagnostic-only) key_switch=HYBRID ckks_data_type=COMPLEX N=64 batch=16 depth=7 scaling_mod_size=50 first_mod_size=55 input_scale_numerator=2^100 final_logical_scale_numerator=2^200 final_logical_scale_denominator=1267650600226646386227681786497 q_div=1125899906843009 q_l=1125899906840833 input_product_centered_headroom_bits=160 output_centered_headroom_bits=210 coefficient_error_numerator=191519556622430363568421523961863 coefficient_error_denominator=1267650600226646386227681786497 frozen_abs_tolerance=2^-80 product_delta_error=2.4013902285693499163554741278264085002176e-28 max_slot_error=1.5971244828938975027276276242449533226995e-27
2026-09-05T11:51:13.9067373Z 3: test=precision_first_mult2_high_precision_contract trial=2 claim_scope=first-Mult2-diagnostic-only security_level=HEStd_NotSet(diagnostic-only) key_switch=HYBRID ckks_data_type=COMPLEX N=64 batch=16 depth=7 scaling_mod_size=50 first_mod_size=55 input_scale_numerator=2^100 final_logical_scale_numerator=2^200 final_logical_scale_denominator=1267650600226646386227681786497 q_div=1125899906843009 q_l=1125899906840833 input_product_centered_headroom_bits=160 output_centered_headroom_bits=210 coefficient_error_numerator=137575071974608608952115471208137 coefficient_error_denominator=1267650600226646386227681786497 frozen_abs_tolerance=2^-80 product_delta_error=3.9423720594260401984425382029107396280458e-28 max_slot_error=1.0735968272463770105987225029518925258347e-27
2026-09-05T11:51:13.9070120Z 3: test=precision_first_mult2_high_precision_contract trial=3 claim_scope=first-Mult2-diagnostic-only security_level=HEStd_NotSet(diagnostic-only) key_switch=HYBRID ckks_data_type=COMPLEX N=64 batch=16 depth=7 scaling_mod_size=50 first_mod_size=55 input_scale_numerator=2^100 final_logical_scale_numerator=2^200 final_logical_scale_denominator=1267650600226646386227681786497 q_div=1125899906843009 q_l=1125899906840833 input_product_centered_headroom_bits=160 output_centered_headroom_bits=210 coefficient_error_numerator=99371639393018959071551112587273 coefficient_error_denominator=1267650600226646386227681786497 frozen_abs_tolerance=2^-80 product_delta_error=1.3835989357918403759948394375135349177793e-28 max_slot_error=5.7616386755262209117049000397626400120376e-28
2026-09-05T11:51:13.9070446Z 3: precision_first_mult2_high_precision_contract=PASS
2026-09-05T11:51:13.9071045Z  3/57 Test  #3: precision_first_mult2_high_precision_contract ...   Passed    0.18 sec
2026-09-05T11:51:13.9071187Z test 4
2026-09-05T11:51:13.9071371Z       Start  4: pair_add_runtime_behavior
2026-09-05T11:51:13.9071380Z 
2026-09-05T11:51:13.9071716Z 4: Test command: /home/runner/work/20231788./20231788./build/pair_add_test
2026-09-05T11:51:13.9072013Z 4: Working Directory: /home/runner/work/20231788./20231788./build
2026-09-05T11:51:13.9072195Z 4: Test timeout computed to be: 10000000
2026-09-05T11:51:13.9102742Z 4: pair Add runtime behavior passed
2026-09-05T11:51:13.9107054Z  4/57 Test  #4: pair_add_runtime_behavior .......................   Passed    0.00 sec
2026-09-05T11:51:13.9108210Z test 5
2026-09-05T11:51:13.9108417Z       Start  5: pair_sub_runtime_behavior
2026-09-05T11:51:13.9108429Z 
2026-09-05T11:51:13.9108775Z 5: Test command: /home/runner/work/20231788./20231788./build/pair_sub_test
2026-09-05T11:51:13.9109360Z 5: Working Directory: /home/runner/work/20231788./20231788./build
2026-09-05T11:51:13.9109556Z 5: Test timeout computed to be: 10000000
2026-09-05T11:51:13.9149245Z 5: pair Sub runtime behavior passed
2026-09-05T11:51:13.9153536Z  5/57 Test  #5: pair_sub_runtime_behavior .......................   Passed    0.00 sec
2026-09-05T11:51:13.9155003Z test 6
2026-09-05T11:51:13.9155214Z       Start  6: pair_arithmetic_controlled_oracle
2026-09-05T11:51:13.9155226Z 
2026-09-05T11:51:13.9155731Z 6: Test command: /home/runner/work/20231788./20231788./build/pair_arithmetic_test "controlled_oracle"
2026-09-05T11:51:13.9156004Z 6: Working Directory: /home/runner/work/20231788./20231788./build
2026-09-05T11:51:13.9156164Z 6: Test timeout computed to be: 10000000
2026-09-05T11:51:13.9794919Z 6: pair-arithmetic case passed: controlled_oracle
2026-09-05T11:51:13.9795598Z  6/57 Test  #6: pair_arithmetic_controlled_oracle ...............   Passed    0.06 sec
2026-09-05T11:51:13.9796994Z test 7
2026-09-05T11:51:13.9797477Z       Start  7: pair_arithmetic_public_lifecycles_keyless
2026-09-05T11:51:13.9797529Z 
2026-09-05T11:51:13.9797962Z 7: Test command: /home/runner/work/20231788./20231788./build/pair_arithmetic_test "public_lifecycles_keyless"
2026-09-05T11:51:13.9798146Z 7: Working Directory: /home/runner/work/20231788./20231788./build
2026-09-05T11:51:13.9798262Z 7: Test timeout computed to be: 10000000
2026-09-05T11:51:14.0193067Z 7: pair-arithmetic case passed: public_lifecycles_keyless
2026-09-05T11:51:14.0196975Z  7/57 Test  #7: pair_arithmetic_public_lifecycles_keyless .......   Passed    0.04 sec
2026-09-05T11:51:14.0198171Z test 8
2026-09-05T11:51:14.0198446Z       Start  8: pair_arithmetic_compatibility_rejections
2026-09-05T11:51:14.0198460Z 
2026-09-05T11:51:14.0199030Z 8: Test command: /home/runner/work/20231788./20231788./build/pair_arithmetic_test "compatibility_rejections"
2026-09-05T11:51:14.0199314Z 8: Working Directory: /home/runner/work/20231788./20231788./build
2026-09-05T11:51:14.0199508Z 8: Test timeout computed to be: 10000000
2026-09-05T11:51:14.0332613Z 8: pair-arithmetic case passed: compatibility_rejections
2026-09-05T11:51:14.0336705Z  8/57 Test  #8: pair_arithmetic_compatibility_rejections ........   Passed    0.01 sec
2026-09-05T11:51:14.0338591Z test 9
2026-09-05T11:51:14.0338864Z       Start  9: tensor2_valid_arithmetic_immutability
2026-09-05T11:51:14.0338873Z 
2026-09-05T11:51:14.0339440Z 9: Test command: /home/runner/work/20231788./20231788./build/tensor2_test "valid_arithmetic_immutability"
2026-09-05T11:51:14.0339784Z 9: Working Directory: /home/runner/work/20231788./20231788./build
2026-09-05T11:51:14.0340017Z 9: Test timeout computed to be: 10000000
2026-09-05T11:51:14.0409558Z 9: Tensor2 case passed: valid_arithmetic_immutability
2026-09-05T11:51:14.0413382Z  9/57 Test  #9: tensor2_valid_arithmetic_immutability ...........   Passed    0.01 sec
2026-09-05T11:51:14.0415449Z test 10
2026-09-05T11:51:14.0415671Z       Start 10: tensor2_result_scale_contract
2026-09-05T11:51:14.0415695Z 
2026-09-05T11:51:14.0416245Z 10: Test command: /home/runner/work/20231788./20231788./build/tensor2_test "result_scale_contract"
2026-09-05T11:51:14.0416559Z 10: Working Directory: /home/runner/work/20231788./20231788./build
2026-09-05T11:51:14.0416681Z 10: Test timeout computed to be: 10000000
2026-09-05T11:51:14.0455255Z 10: Tensor2 case passed: result_scale_contract
2026-09-05T11:51:14.0458906Z 10/57 Test #10: tensor2_result_scale_contract ...................   Passed    0.00 sec
2026-09-05T11:51:14.0460301Z test 11
2026-09-05T11:51:14.0460470Z       Start 11: tensor2_right_input_validation
2026-09-05T11:51:14.0460477Z 
2026-09-05T11:51:14.0460791Z 11: Test command: /home/runner/work/20231788./20231788./build/tensor2_test "right_input_validation"
2026-09-05T11:51:14.0460973Z 11: Working Directory: /home/runner/work/20231788./20231788./build
2026-09-05T11:51:14.0461078Z 11: Test timeout computed to be: 10000000
2026-09-05T11:51:14.0500249Z 11: Tensor2 case passed: right_input_validation
2026-09-05T11:51:14.0504856Z 11/57 Test #11: tensor2_right_input_validation ..................   Passed    0.00 sec
2026-09-05T11:51:14.0505760Z test 12
2026-09-05T11:51:14.0505955Z       Start 12: tensor2_mutual_compatibility
2026-09-05T11:51:14.0505970Z 
2026-09-05T11:51:14.0506449Z 12: Test command: /home/runner/work/20231788./20231788./build/tensor2_test "mutual_compatibility"
2026-09-05T11:51:14.0506727Z 12: Working Directory: /home/runner/work/20231788./20231788./build
2026-09-05T11:51:14.0506929Z 12: Test timeout computed to be: 10000000
2026-09-05T11:51:14.0546109Z 12: Tensor2 case passed: mutual_compatibility
2026-09-05T11:51:14.0549843Z 12/57 Test #12: tensor2_mutual_compatibility ....................   Passed    0.00 sec
2026-09-05T11:51:14.0551770Z test 13
2026-09-05T11:51:14.0552064Z       Start 13: tensor2_prearithmetic_key_compatibility
2026-09-05T11:51:14.0552073Z 
2026-09-05T11:51:14.0552646Z 13: Test command: /home/runner/work/20231788./20231788./build/tensor2_test "prearithmetic_key_compatibility"
2026-09-05T11:51:14.0553281Z 13: Working Directory: /home/runner/work/20231788./20231788./build
2026-09-05T11:51:14.0553412Z 13: Test timeout computed to be: 10000000
2026-09-05T11:51:14.0591535Z 13: Tensor2 case passed: prearithmetic_key_compatibility
2026-09-05T11:51:14.0595823Z 13/57 Test #13: tensor2_prearithmetic_key_compatibility .........   Passed    0.00 sec
2026-09-05T11:51:14.0597158Z test 14
2026-09-05T11:51:14.0597348Z       Start 14: relin2_tensor_validation_order
2026-09-05T11:51:14.0597361Z 
2026-09-05T11:51:14.0597846Z 14: Test command: /home/runner/work/20231788./20231788./build/relin2_test "tensor_validation_order"
2026-09-05T11:51:14.0598134Z 14: Working Directory: /home/runner/work/20231788./20231788./build
2026-09-05T11:51:14.0598269Z 14: Test timeout computed to be: 10000000
2026-09-05T11:51:14.0638026Z 14: Relin2 case passed: tensor_validation_order
2026-09-05T11:51:14.0641670Z 14/57 Test #14: relin2_tensor_validation_order ..................   Passed    0.00 sec
2026-09-05T11:51:14.0643340Z test 15
2026-09-05T11:51:14.0643511Z       Start 15: relin2_insufficient_active_basis
2026-09-05T11:51:14.0643518Z 
2026-09-05T11:51:14.0643837Z 15: Test command: /home/runner/work/20231788./20231788./build/relin2_test "insufficient_active_basis"
2026-09-05T11:51:14.0644021Z 15: Working Directory: /home/runner/work/20231788./20231788./build
2026-09-05T11:51:14.0644128Z 15: Test timeout computed to be: 10000000
2026-09-05T11:51:14.0682534Z 15: Relin2 case passed: insufficient_active_basis
2026-09-05T11:51:14.0686376Z 15/57 Test #15: relin2_insufficient_active_basis ................   Passed    0.00 sec
2026-09-05T11:51:14.0687960Z test 16
2026-09-05T11:51:14.0688107Z       Start 16: relin2_missing_eval_key
2026-09-05T11:51:14.0688114Z 
2026-09-05T11:51:14.0688381Z 16: Test command: /home/runner/work/20231788./20231788./build/relin2_test "missing_eval_key"
2026-09-05T11:51:14.0688557Z 16: Working Directory: /home/runner/work/20231788./20231788./build
2026-09-05T11:51:14.0688666Z 16: Test timeout computed to be: 10000000
2026-09-05T11:51:14.0727980Z 16: Relin2 case passed: missing_eval_key
2026-09-05T11:51:14.0731906Z 16/57 Test #16: relin2_missing_eval_key .........................   Passed    0.00 sec
2026-09-05T11:51:14.0733621Z test 17
2026-09-05T11:51:14.0733815Z       Start 17: relin2_key_empty
2026-09-05T11:51:14.0733823Z 
2026-09-05T11:51:14.0734253Z 17: Test command: /home/runner/work/20231788./20231788./build/relin2_test "key_empty"
2026-09-05T11:51:14.0734805Z 17: Working Directory: /home/runner/work/20231788./20231788./build
2026-09-05T11:51:14.0735042Z 17: Test timeout computed to be: 10000000
2026-09-05T11:51:14.0773351Z 17: Relin2 case passed: key_empty
2026-09-05T11:51:14.0777648Z 17/57 Test #17: relin2_key_empty ................................   Passed    0.00 sec
2026-09-05T11:51:14.0779205Z test 18
2026-09-05T11:51:14.0779412Z       Start 18: relin2_key_null_first
2026-09-05T11:51:14.0779421Z 
2026-09-05T11:51:14.0779929Z 18: Test command: /home/runner/work/20231788./20231788./build/relin2_test "key_null_first"
2026-09-05T11:51:14.0780542Z 18: Working Directory: /home/runner/work/20231788./20231788./build
2026-09-05T11:51:14.0780798Z 18: Test timeout computed to be: 10000000
2026-09-05T11:51:14.0819250Z 18: Relin2 case passed: key_null_first
2026-09-05T11:51:14.0823224Z 18/57 Test #18: relin2_key_null_first ...........................   Passed    0.00 sec
2026-09-05T11:51:14.0824687Z test 19
2026-09-05T11:51:14.0824858Z       Start 19: relin2_key_wrong_context
2026-09-05T11:51:14.0824872Z 
2026-09-05T11:51:14.0825322Z 19: Test command: /home/runner/work/20231788./20231788./build/relin2_test "key_wrong_context"
2026-09-05T11:51:14.0825609Z 19: Working Directory: /home/runner/work/20231788./20231788./build
2026-09-05T11:51:14.0825726Z 19: Test timeout computed to be: 10000000
2026-09-05T11:51:14.0873545Z 19: Relin2 case passed: key_wrong_context
2026-09-05T11:51:14.0877955Z 19/57 Test #19: relin2_key_wrong_context ........................   Passed    0.01 sec
2026-09-05T11:51:14.0879395Z test 20
2026-09-05T11:51:14.0879784Z       Start 20: relin2_key_wrong_tag
2026-09-05T11:51:14.0879794Z 
2026-09-05T11:51:14.0880213Z 20: Test command: /home/runner/work/20231788./20231788./build/relin2_test "key_wrong_tag"
2026-09-05T11:51:14.0880452Z 20: Working Directory: /home/runner/work/20231788./20231788./build
2026-09-05T11:51:14.0880592Z 20: Test timeout computed to be: 10000000
2026-09-05T11:51:14.0921091Z 20: Relin2 case passed: key_wrong_tag
2026-09-05T11:51:14.0925910Z 20/57 Test #20: relin2_key_wrong_tag ............................   Passed    0.00 sec
2026-09-05T11:51:14.0927150Z test 21
2026-09-05T11:51:14.0927303Z       Start 21: relin2_key_wrong_subtype
2026-09-05T11:51:14.0927309Z 
2026-09-05T11:51:14.0927590Z 21: Test command: /home/runner/work/20231788./20231788./build/relin2_test "key_wrong_subtype"
2026-09-05T11:51:14.0927771Z 21: Working Directory: /home/runner/work/20231788./20231788./build
2026-09-05T11:51:14.0927883Z 21: Test timeout computed to be: 10000000
2026-09-05T11:51:14.0974676Z 21: Relin2 case passed: key_wrong_subtype
2026-09-05T11:51:14.0978846Z 21/57 Test #21: relin2_key_wrong_subtype ........................   Passed    0.01 sec
2026-09-05T11:51:14.0980450Z test 22
2026-09-05T11:51:14.0980656Z       Start 22: relin2_key_hybrid_a_length
2026-09-05T11:51:14.0980666Z 
2026-09-05T11:51:14.0981142Z 22: Test command: /home/runner/work/20231788./20231788./build/relin2_test "key_hybrid_a_length"
2026-09-05T11:51:14.0981444Z 22: Working Directory: /home/runner/work/20231788./20231788./build
2026-09-05T11:51:14.0981679Z 22: Test timeout computed to be: 10000000
2026-09-05T11:51:14.1021420Z 22: Relin2 case passed: key_hybrid_a_length
2026-09-05T11:51:14.1026569Z 22/57 Test #22: relin2_key_hybrid_a_length ......................   Passed    0.00 sec
2026-09-05T11:51:14.1028094Z test 23
2026-09-05T11:51:14.1028307Z       Start 23: relin2_key_hybrid_b_length
2026-09-05T11:51:14.1028317Z 
2026-09-05T11:51:14.1028864Z 23: Test command: /home/runner/work/20231788./20231788./build/relin2_test "key_hybrid_b_length"
2026-09-05T11:51:14.1029243Z 23: Working Directory: /home/runner/work/20231788./20231788./build
2026-09-05T11:51:14.1029478Z 23: Test timeout computed to be: 10000000
2026-09-05T11:51:14.1069111Z 23: Relin2 case passed: key_hybrid_b_length
2026-09-05T11:51:14.1073440Z 23/57 Test #23: relin2_key_hybrid_b_length ......................   Passed    0.00 sec
2026-09-05T11:51:14.1075291Z test 24
2026-09-05T11:51:14.1075496Z       Start 24: relin2_key_hybrid_entry_basis
2026-09-05T11:51:14.1075505Z 
2026-09-05T11:51:14.1076002Z 24: Test command: /home/runner/work/20231788./20231788./build/relin2_test "key_hybrid_entry_basis"
2026-09-05T11:51:14.1076288Z 24: Working Directory: /home/runner/work/20231788./20231788./build
2026-09-05T11:51:14.1076477Z 24: Test timeout computed to be: 10000000
2026-09-05T11:51:14.1170141Z 24: Relin2 case passed: key_hybrid_entry_basis
2026-09-05T11:51:14.1174128Z 24/57 Test #24: relin2_key_hybrid_entry_basis ...................   Passed    0.01 sec
2026-09-05T11:51:14.1175713Z test 25
2026-09-05T11:51:14.1176152Z       Start 25: relin2_key_hybrid_entry_format
2026-09-05T11:51:14.1176215Z 
2026-09-05T11:51:14.1176755Z 25: Test command: /home/runner/work/20231788./20231788./build/relin2_test "key_hybrid_entry_format"
2026-09-05T11:51:14.1177094Z 25: Working Directory: /home/runner/work/20231788./20231788./build
2026-09-05T11:51:14.1177321Z 25: Test timeout computed to be: 10000000
2026-09-05T11:51:14.1224084Z 25: Relin2 case passed: key_hybrid_entry_format
2026-09-05T11:51:14.1228181Z 25/57 Test #25: relin2_key_hybrid_entry_format ..................   Passed    0.01 sec
2026-09-05T11:51:14.1230057Z test 26
2026-09-05T11:51:14.1230317Z       Start 26: relin2_key_bv_zero_digit_a_length
2026-09-05T11:51:14.1230327Z 
2026-09-05T11:51:14.1230876Z 26: Test command: /home/runner/work/20231788./20231788./build/relin2_test "key_bv_zero_digit_a_length"
2026-09-05T11:51:14.1231209Z 26: Working Directory: /home/runner/work/20231788./20231788./build
2026-09-05T11:51:14.1231456Z 26: Test timeout computed to be: 10000000
2026-09-05T11:51:14.1270258Z 26: Relin2 case passed: key_bv_zero_digit_a_length
2026-09-05T11:51:14.1274794Z 26/57 Test #26: relin2_key_bv_zero_digit_a_length ...............   Passed    0.00 sec
2026-09-05T11:51:14.1275919Z test 27
2026-09-05T11:51:14.1276756Z       Start 27: relin2_key_bv_zero_digit_b_length
2026-09-05T11:51:14.1277149Z 
2026-09-05T11:51:14.1277754Z 27: Test command: /home/runner/work/20231788./20231788./build/relin2_test "key_bv_zero_digit_b_length"
2026-09-05T11:51:14.1278345Z 27: Working Directory: /home/runner/work/20231788./20231788./build
2026-09-05T11:51:14.1278718Z 27: Test timeout computed to be: 10000000
2026-09-05T11:51:14.1320854Z 27: Relin2 case passed: key_bv_zero_digit_b_length
2026-09-05T11:51:14.1325431Z 27/57 Test #27: relin2_key_bv_zero_digit_b_length ...............   Passed    0.00 sec
2026-09-05T11:51:14.1326591Z test 28
2026-09-05T11:51:14.1327033Z       Start 28: relin2_key_bv_nonzero_digit_a_length
2026-09-05T11:51:14.1327462Z 
2026-09-05T11:51:14.1328043Z 28: Test command: /home/runner/work/20231788./20231788./build/relin2_test "key_bv_nonzero_digit_a_length"
2026-09-05T11:51:14.1328878Z 28: Working Directory: /home/runner/work/20231788./20231788./build
2026-09-05T11:51:14.1329254Z 28: Test timeout computed to be: 10000000
2026-09-05T11:51:14.1374580Z 28: Relin2 case passed: key_bv_nonzero_digit_a_length
2026-09-05T11:51:14.1378559Z 28/57 Test #28: relin2_key_bv_nonzero_digit_a_length ............   Passed    0.01 sec
2026-09-05T11:51:14.1380184Z test 29
2026-09-05T11:51:14.1380467Z       Start 29: relin2_key_bv_nonzero_digit_b_length
2026-09-05T11:51:14.1380703Z 
2026-09-05T11:51:14.1381012Z 29: Test command: /home/runner/work/20231788./20231788./build/relin2_test "key_bv_nonzero_digit_b_length"
2026-09-05T11:51:14.1381641Z 29: Working Directory: /home/runner/work/20231788./20231788./build
2026-09-05T11:51:14.1382000Z 29: Test timeout computed to be: 10000000
2026-09-05T11:51:14.1427419Z 29: Relin2 case passed: key_bv_nonzero_digit_b_length
2026-09-05T11:51:14.1431784Z 29/57 Test #29: relin2_key_bv_nonzero_digit_b_length ............   Passed    0.01 sec
2026-09-05T11:51:14.1432785Z test 30
2026-09-05T11:51:14.1433163Z       Start 30: relin2_key_bv_zero_digit_entry_basis
2026-09-05T11:51:14.1433535Z 
2026-09-05T11:51:14.1434042Z 30: Test command: /home/runner/work/20231788./20231788./build/relin2_test "key_bv_zero_digit_entry_basis"
2026-09-05T11:51:14.1435171Z 30: Working Directory: /home/runner/work/20231788./20231788./build
2026-09-05T11:51:14.1435698Z 30: Test timeout computed to be: 10000000
2026-09-05T11:51:14.1478249Z 30: Relin2 case passed: key_bv_zero_digit_entry_basis
2026-09-05T11:51:14.1482155Z 30/57 Test #30: relin2_key_bv_zero_digit_entry_basis ............   Passed    0.00 sec
2026-09-05T11:51:14.1483766Z test 31
2026-09-05T11:51:14.1484189Z       Start 31: relin2_key_bv_nonzero_digit_entry_basis
2026-09-05T11:51:14.1484888Z 
2026-09-05T11:51:14.1485531Z 31: Test command: /home/runner/work/20231788./20231788./build/relin2_test "key_bv_nonzero_digit_entry_basis"
2026-09-05T11:51:14.1486413Z 31: Working Directory: /home/runner/work/20231788./20231788./build
2026-09-05T11:51:14.1539141Z 31: Test timeout computed to be: 10000000
2026-09-05T11:51:14.1539732Z 31: Relin2 case passed: key_bv_nonzero_digit_entry_basis
2026-09-05T11:51:14.1544275Z 31/57 Test #31: relin2_key_bv_nonzero_digit_entry_basis .........   Passed    0.01 sec
2026-09-05T11:51:14.1545557Z test 32
2026-09-05T11:51:14.1545981Z       Start 32: relin2_key_bv_zero_digit_entry_format
2026-09-05T11:51:14.1546384Z 
2026-09-05T11:51:14.1546973Z 32: Test command: /home/runner/work/20231788./20231788./build/relin2_test "key_bv_zero_digit_entry_format"
2026-09-05T11:51:14.1548010Z 32: Working Directory: /home/runner/work/20231788./20231788./build
2026-09-05T11:51:14.1548529Z 32: Test timeout computed to be: 10000000
2026-09-05T11:51:14.1587210Z 32: Relin2 case passed: key_bv_zero_digit_entry_format
2026-09-05T11:51:14.1591394Z 32/57 Test #32: relin2_key_bv_zero_digit_entry_format ...........   Passed    0.00 sec
2026-09-05T11:51:14.1592929Z test 33
2026-09-05T11:51:14.1593310Z       Start 33: relin2_key_bv_nonzero_digit_entry_format
2026-09-05T11:51:14.1593541Z 
2026-09-05T11:51:14.1593863Z 33: Test command: /home/runner/work/20231788./20231788./build/relin2_test "key_bv_nonzero_digit_entry_format"
2026-09-05T11:51:14.1594982Z 33: Working Directory: /home/runner/work/20231788./20231788./build
2026-09-05T11:51:14.1595482Z 33: Test timeout computed to be: 10000000
2026-09-05T11:51:14.1641965Z 33: Relin2 case passed: key_bv_nonzero_digit_entry_format
2026-09-05T11:51:14.1646411Z 33/57 Test #33: relin2_key_bv_nonzero_digit_entry_format ........   Passed    0.01 sec
2026-09-05T11:51:14.1647613Z test 34
2026-09-05T11:51:14.1648019Z       Start 34: relin2_valid_arithmetic_state_immutability
2026-09-05T11:51:14.1648415Z 
2026-09-05T11:51:14.1648922Z 34: Test command: /home/runner/work/20231788./20231788./build/relin2_test "valid_arithmetic_state_immutability"
2026-09-05T11:51:14.1649533Z 34: Working Directory: /home/runner/work/20231788./20231788./build
2026-09-05T11:51:14.1649896Z 34: Test timeout computed to be: 10000000
2026-09-05T11:51:14.2435532Z 34: Relin2 case passed: valid_arithmetic_state_immutability
2026-09-05T11:51:14.2439375Z 34/57 Test #34: relin2_valid_arithmetic_state_immutability ......   Passed    0.08 sec
2026-09-05T11:51:14.2441422Z test 35
2026-09-05T11:51:14.2441731Z       Start 35: relin2_controlled_witnesses_and_boundaries
2026-09-05T11:51:14.2441965Z 
2026-09-05T11:51:14.2442297Z 35: Test command: /home/runner/work/20231788./20231788./build/relin2_test "controlled_witnesses_and_boundaries"
2026-09-05T11:51:14.2442914Z 35: Working Directory: /home/runner/work/20231788./20231788./build
2026-09-05T11:51:14.2443305Z 35: Test timeout computed to be: 10000000
2026-09-05T11:51:14.2528579Z 35: Relin2 case passed: controlled_witnesses_and_boundaries
2026-09-05T11:51:14.2532452Z 35/57 Test #35: relin2_controlled_witnesses_and_boundaries ......   Passed    0.01 sec
2026-09-05T11:51:14.2534301Z test 36
2026-09-05T11:51:14.2534919Z       Start 36: relin2_representative_public_input
2026-09-05T11:51:14.2535149Z 
2026-09-05T11:51:14.2535442Z 36: Test command: /home/runner/work/20231788./20231788./build/relin2_test "representative_public_input"
2026-09-05T11:51:14.2536072Z 36: Working Directory: /home/runner/work/20231788./20231788./build
2026-09-05T11:51:14.2536439Z 36: Test timeout computed to be: 10000000
2026-09-05T11:51:14.2681560Z 36: Relin2 case passed: representative_public_input
2026-09-05T11:51:14.2685797Z 36/57 Test #36: relin2_representative_public_input ..............   Passed    0.02 sec
2026-09-05T11:51:14.2687463Z test 37
2026-09-05T11:51:14.2687845Z       Start 37: relin2_key_extra_later_valid
2026-09-05T11:51:14.2688200Z 
2026-09-05T11:51:14.2688671Z 37: Test command: /home/runner/work/20231788./20231788./build/relin2_test "key_extra_later_valid"
2026-09-05T11:51:14.2689570Z 37: Working Directory: /home/runner/work/20231788./20231788./build
2026-09-05T11:51:14.2689961Z 37: Test timeout computed to be: 10000000
2026-09-05T11:51:14.3030952Z 37: Relin2 case passed: key_extra_later_valid
2026-09-05T11:51:14.3035191Z 37/57 Test #37: relin2_key_extra_later_valid ....................   Passed    0.03 sec
2026-09-05T11:51:14.3036589Z test 38
2026-09-05T11:51:14.3036965Z       Start 38: relin2_key_malformed_later_ignored
2026-09-05T11:51:14.3037328Z 
2026-09-05T11:51:14.3037871Z 38: Test command: /home/runner/work/20231788./20231788./build/relin2_test "key_malformed_later_ignored"
2026-09-05T11:51:14.3038474Z 38: Working Directory: /home/runner/work/20231788./20231788./build
2026-09-05T11:51:14.3038860Z 38: Test timeout computed to be: 10000000
2026-09-05T11:51:14.3158020Z 38: Relin2 case passed: key_malformed_later_ignored
2026-09-05T11:51:14.3162857Z 38/57 Test #38: relin2_key_malformed_later_ignored ..............   Passed    0.01 sec
2026-09-05T11:51:14.3164097Z test 39
2026-09-05T11:51:14.3164704Z       Start 39: relin2_hybrid_valid_shapes
2026-09-05T11:51:14.3165095Z 
2026-09-05T11:51:14.3165808Z 39: Test command: /home/runner/work/20231788./20231788./build/relin2_test "hybrid_valid_shapes"
2026-09-05T11:51:14.3166525Z 39: Working Directory: /home/runner/work/20231788./20231788./build
2026-09-05T11:51:14.3167003Z 39: Test timeout computed to be: 10000000
2026-09-05T11:51:14.3239851Z 39: Relin2 case passed: hybrid_valid_shapes
2026-09-05T11:51:14.3244639Z 39/57 Test #39: relin2_hybrid_valid_shapes ......................   Passed    0.01 sec
2026-09-05T11:51:14.3246162Z test 40
2026-09-05T11:51:14.3246534Z       Start 40: relin2_bv_zero_digit_valid_shapes
2026-09-05T11:51:14.3246892Z 
2026-09-05T11:51:14.3247404Z 40: Test command: /home/runner/work/20231788./20231788./build/relin2_test "bv_zero_digit_valid_shapes"
2026-09-05T11:51:14.3248075Z 40: Working Directory: /home/runner/work/20231788./20231788./build
2026-09-05T11:51:14.3248449Z 40: Test timeout computed to be: 10000000
2026-09-05T11:51:14.3301176Z 40: Relin2 case passed: bv_zero_digit_valid_shapes
2026-09-05T11:51:14.3305407Z 40/57 Test #40: relin2_bv_zero_digit_valid_shapes ...............   Passed    0.01 sec
2026-09-05T11:51:14.3307020Z test 41
2026-09-05T11:51:14.3307319Z       Start 41: relin2_bv_nonzero_digit_valid_shapes
2026-09-05T11:51:14.3307546Z 
2026-09-05T11:51:14.3307854Z 41: Test command: /home/runner/work/20231788./20231788./build/relin2_test "bv_nonzero_digit_valid_shapes"
2026-09-05T11:51:14.3308495Z 41: Working Directory: /home/runner/work/20231788./20231788./build
2026-09-05T11:51:14.3308858Z 41: Test timeout computed to be: 10000000
2026-09-05T11:51:14.3370865Z 41: Relin2 case passed: bv_nonzero_digit_valid_shapes
2026-09-05T11:51:14.3375431Z 41/57 Test #41: relin2_bv_nonzero_digit_valid_shapes ............   Passed    0.01 sec
2026-09-05T11:51:14.3376677Z test 42
2026-09-05T11:51:14.3377072Z       Start 42: relin2_first_recombined_rcb_validation
2026-09-05T11:51:14.3377461Z 
2026-09-05T11:51:14.3377990Z 42: Test command: /home/runner/work/20231788./20231788./build/relin2_test "first_recombined_rcb_validation"
2026-09-05T11:51:14.3378603Z 42: Working Directory: /home/runner/work/20231788./20231788./build
2026-09-05T11:51:14.3378974Z 42: Test timeout computed to be: 10000000
2026-09-05T11:51:14.3417156Z 42: Relin2 case passed: first_recombined_rcb_validation
2026-09-05T11:51:14.3420785Z 42/57 Test #42: relin2_first_recombined_rcb_validation ..........   Passed    0.00 sec
2026-09-05T11:51:14.3422479Z test 43
2026-09-05T11:51:14.3422792Z       Start 43: relin2_first_recombined_tensor2_validation
2026-09-05T11:51:14.3423036Z 
2026-09-05T11:51:14.3423382Z 43: Test command: /home/runner/work/20231788./20231788./build/relin2_test "first_recombined_tensor2_validation"
2026-09-05T11:51:14.3424029Z 43: Working Directory: /home/runner/work/20231788./20231788./build
2026-09-05T11:51:14.3424618Z 43: Test timeout computed to be: 10000000
2026-09-05T11:51:14.3463145Z 43: Relin2 case passed: first_recombined_tensor2_validation
2026-09-05T11:51:14.3467741Z 43/57 Test #43: relin2_first_recombined_tensor2_validation ......   Passed    0.00 sec
2026-09-05T11:51:14.3468875Z test 44
2026-09-05T11:51:14.3469473Z       Start 44: relin2_tensor2_requires_first_lifecycle
2026-09-05T11:51:14.3469855Z 
2026-09-05T11:51:14.3470313Z 44: Test command: /home/runner/work/20231788./20231788./build/relin2_test "tensor2_requires_first_lifecycle"
2026-09-05T11:51:14.3470898Z 44: Working Directory: /home/runner/work/20231788./20231788./build
2026-09-05T11:51:14.3471262Z 44: Test timeout computed to be: 10000000
2026-09-05T11:51:14.3742003Z 44: Relin2 case passed: tensor2_requires_first_lifecycle
2026-09-05T11:51:14.3746028Z 44/57 Test #44: relin2_tensor2_requires_first_lifecycle .........   Passed    0.03 sec
2026-09-05T11:51:14.3747627Z test 45
2026-09-05T11:51:14.3747909Z       Start 45: rs2_wrong_lifecycle
2026-09-05T11:51:14.3748110Z 
2026-09-05T11:51:14.3748386Z 45: Test command: /home/runner/work/20231788./20231788./build/rs2_test "wrong_lifecycle"
2026-09-05T11:51:14.3749005Z 45: Working Directory: /home/runner/work/20231788./20231788./build
2026-09-05T11:51:14.3749576Z 45: Test timeout computed to be: 10000000
2026-09-05T11:51:14.3787884Z 45: RS2 case passed: wrong_lifecycle
2026-09-05T11:51:14.3792130Z 45/57 Test #45: rs2_wrong_lifecycle .............................   Passed    0.00 sec
2026-09-05T11:51:14.3793334Z test 46
2026-09-05T11:51:14.3793732Z       Start 46: rs2_valid_arithmetic_state_immutability
2026-09-05T11:51:14.3794109Z 
2026-09-05T11:51:14.3794852Z 46: Test command: /home/runner/work/20231788./20231788./build/rs2_test "valid_arithmetic_state_immutability"
2026-09-05T11:51:14.3795911Z 46: Working Directory: /home/runner/work/20231788./20231788./build
2026-09-05T11:51:14.3796547Z 46: Test timeout computed to be: 10000000
2026-09-05T11:51:14.3859589Z 46: RS2 case passed: valid_arithmetic_state_immutability
2026-09-05T11:51:14.3863715Z 46/57 Test #46: rs2_valid_arithmetic_state_immutability .........   Passed    0.01 sec
2026-09-05T11:51:14.3865480Z test 47
2026-09-05T11:51:14.3865815Z       Start 47: rs2_mixed_tower_format
2026-09-05T11:51:14.3866128Z 
2026-09-05T11:51:14.3866586Z 47: Test command: /home/runner/work/20231788./20231788./build/rs2_test "mixed_tower_format"
2026-09-05T11:51:14.3867173Z 47: Working Directory: /home/runner/work/20231788./20231788./build
2026-09-05T11:51:14.3867539Z 47: Test timeout computed to be: 10000000
2026-09-05T11:51:14.3957941Z 47: RS2 case passed: mixed_tower_format
2026-09-05T11:51:14.3962291Z 47/57 Test #47: rs2_mixed_tower_format ..........................   Passed    0.01 sec
2026-09-05T11:51:14.3963457Z test 48
2026-09-05T11:51:14.3963961Z       Start 48: rs2_untouched_public_pipeline
2026-09-05T11:51:14.3964693Z 
2026-09-05T11:51:14.3965298Z 48: Test command: /home/runner/work/20231788./20231788./build/rs2_test "untouched_public_pipeline"
2026-09-05T11:51:14.3966237Z 48: Working Directory: /home/runner/work/20231788./20231788./build
2026-09-05T11:51:14.3966683Z 48: Test timeout computed to be: 10000000
2026-09-05T11:51:14.4059808Z 48: RS2 case passed: untouched_public_pipeline
2026-09-05T11:51:14.4063772Z 48/57 Test #48: rs2_untouched_public_pipeline ...................   Passed    0.01 sec
2026-09-05T11:51:14.4065876Z test 49
2026-09-05T11:51:14.4066222Z       Start 49: rs2_declared_basis_mismatch
2026-09-05T11:51:14.4066550Z 
2026-09-05T11:51:14.4066955Z 49: Test command: /home/runner/work/20231788./20231788./build/rs2_test "declared_basis_mismatch"
2026-09-05T11:51:14.4067505Z 49: Working Directory: /home/runner/work/20231788./20231788./build
2026-09-05T11:51:14.4067865Z 49: Test timeout computed to be: 10000000
2026-09-05T11:51:14.4119244Z 49: RS2 case passed: declared_basis_mismatch
2026-09-05T11:51:14.4123414Z 49/57 Test #49: rs2_declared_basis_mismatch .....................   Passed    0.01 sec
2026-09-05T11:51:14.4125080Z test 50
2026-09-05T11:51:14.4125406Z       Start 50: rs2_terminal_rejections
2026-09-05T11:51:14.4125719Z 
2026-09-05T11:51:14.4126145Z 50: Test command: /home/runner/work/20231788./20231788./build/rs2_test "terminal_rejections"
2026-09-05T11:51:14.4126854Z 50: Working Directory: /home/runner/work/20231788./20231788./build
2026-09-05T11:51:14.4127428Z 50: Test timeout computed to be: 10000000
2026-09-05T11:51:14.4171714Z 50: RS2 case passed: terminal_rejections
2026-09-05T11:51:14.4176162Z 50/57 Test #50: rs2_terminal_rejections .........................   Passed    0.00 sec
2026-09-05T11:51:14.4177379Z test 51
2026-09-05T11:51:14.4177716Z       Start 51: mult2_composition_contract
2026-09-05T11:51:14.4178036Z 
2026-09-05T11:51:14.4178480Z 51: Test command: /home/runner/work/20231788./20231788./build/mult2_test "composition_contract"
2026-09-05T11:51:14.4179084Z 51: Working Directory: /home/runner/work/20231788./20231788./build
2026-09-05T11:51:14.4179460Z 51: Test timeout computed to be: 10000000
2026-09-05T11:51:14.4239727Z 51: security_level=HEStd_NotSet(functional-only) ring_dimension=64 batch_size=16 scaling_mod_size=30 first_mod_size=35 multiplicative_depth=7 key_switch=HYBRID secret_key_dist=UNIFORM_TERNARY ckks_data_type=REAL active_Q_l_towers=7 q_div=1073741953 q_l=1073741441 ratio_2^(2p)/(q_div*q_l)=1.00000023655603276 frozen_decoded_abs_tolerance=0.00100000000000000002 measured_max_logical_slot_error=1.12699569634769688e-08
2026-09-05T11:51:14.4242560Z 51/57 Test #51: mult2_composition_contract ......................   Passed    0.01 sec
2026-09-05T11:51:14.4243638Z test 52
2026-09-05T11:51:14.4243957Z       Start 52: mult2_e2e_hybrid_real
2026-09-05T11:51:14.4244267Z 
2026-09-05T11:51:14.4244971Z 52: Test command: /home/runner/work/20231788./20231788./build/mult2_e2e_oracle_test "hybrid_real"
2026-09-05T11:51:14.4245564Z 52: Working Directory: /home/runner/work/20231788./20231788./build
2026-09-05T11:51:14.4245921Z 52: Test timeout computed to be: 10000000
2026-09-05T11:51:14.4924161Z 52: [RELIN2-EXECUTION] q_div=1073741953 q_l=1073741441 ordinary_combined_relin_execution_error=14 pair_relin_execution_error=23 high_path_relin_error=12 low_path_relin_error=14 execution_relin2_triangle_bound=26 paper_additivity_residual=14 paper_additivity_execution_observed=true secret_h=38 input_Q_l=52656049226897061758347970843194892279389197066160739197584863617 oracle_basis_agreement=true
2026-09-05T11:51:14.4932767Z 52: case=hybrid_real security_level=HEStd_NotSet(functional-only) key_switch=HYBRID secret_key_dist=UNIFORM_TERNARY ckks_data_type=REAL selected_ring_dimension=64 actual_N=64 batch_size=16 host_vector_length=8 encoding_noise_scale_degree=2 encoding_level=0 scaling_technique=FIXEDMANUAL digit_size=0 max_relin_sk_deg=2 scaling_mod_size=30 first_mod_size=35 multiplicative_depth=7 active_Q_l_towers=7 Q_l_bits=215 preselection_required_bits=174 selection_reserve_bits=32 q_div=1073741953 q_l=1073741441 ratio_2^(2p)/(q_div*q_l)=1.00000023655603276 descriptor_ratio=1.00000023655603276 M_high=107367069 M_low=5368709768 secret_h=38 ordinary_combined_relin_execution_error=14 pair_relin_execution_error=23 high_path_relin_error=12 low_path_relin_error=14 execution_relin2_triangle_bound=26 paper_additivity_residual=14 paper_additivity_execution_observed=true execution_certificate=PER_PATH_CONDITIONAL conservative_E_Relin_available=false universal_theorem_gate=UNPROVED execution_nonwrap_left=850593488318278796639563514433640026 execution_nonwrap_right_Q_l_over_2=26328024613448530879173985421597446139694598533080369598792431808 coefficient_error=119948844973020234512/1152921231876374273 execution_bound=3734313633445395747675/2305842463752748546 fixed_key_bv_bound_available=false frozen_decoded_abs_tolerance=0.00100000000000000002 measured_recorded_bias_error=8.91978168747188775e-09 measured_logical_slot_error=8.91977957744421806e-09
2026-09-05T11:51:14.4938258Z 52/57 Test #52: mult2_e2e_hybrid_real ...........................   Passed    0.07 sec
2026-09-05T11:51:14.4938652Z test 53
2026-09-05T11:51:14.4938847Z       Start 53: mult2_e2e_hybrid_complex
2026-09-05T11:51:14.4939032Z 
2026-09-05T11:51:14.4939313Z 53: Test command: /home/runner/work/20231788./20231788./build/mult2_e2e_oracle_test "hybrid_complex"
2026-09-05T11:51:14.4939834Z 53: Working Directory: /home/runner/work/20231788./20231788./build
2026-09-05T11:51:14.4940369Z 53: Test timeout computed to be: 10000000
2026-09-05T11:51:14.5512835Z 53: [RELIN2-EXECUTION] q_div=1073741953 q_l=1073741441 ordinary_combined_relin_execution_error=14 pair_relin_execution_error=25 high_path_relin_error=16 low_path_relin_error=14 execution_relin2_triangle_bound=30 paper_additivity_residual=14 paper_additivity_execution_observed=true secret_h=35 input_Q_l=52656049226897061758347970843194892279389197066160739197584863617 oracle_basis_agreement=true
2026-09-05T11:51:14.5523101Z 53: case=hybrid_complex security_level=HEStd_NotSet(functional-only) key_switch=HYBRID secret_key_dist=UNIFORM_TERNARY ckks_data_type=COMPLEX selected_ring_dimension=64 actual_N=64 batch_size=16 host_vector_length=8 encoding_noise_scale_degree=2 encoding_level=0 scaling_technique=FIXEDMANUAL digit_size=0 max_relin_sk_deg=2 scaling_mod_size=30 first_mod_size=35 multiplicative_depth=7 active_Q_l_towers=7 Q_l_bits=215 preselection_required_bits=174 selection_reserve_bits=32 q_div=1073741953 q_l=1073741441 ratio_2^(2p)/(q_div*q_l)=1.00000023655603276 descriptor_ratio=1.00000023655603276 M_high=88152830 M_low=3892431096 secret_h=35 ordinary_combined_relin_execution_error=14 pair_relin_execution_error=25 high_path_relin_error=16 low_path_relin_error=14 execution_relin2_triangle_bound=30 paper_additivity_residual=14 paper_additivity_execution_observed=true execution_certificate=PER_PATH_CONDITIONAL conservative_E_Relin_available=false universal_theorem_gate=UNPROVED execution_nonwrap_left=573392980796429105279020978597337374 execution_nonwrap_right_Q_l_over_2=26328024613448530879173985421597446139694598533080369598792431808 coefficient_error=90568562498640297590/1152921231876374273 execution_bound=1980835703561767426656/2305842463752748546 fixed_key_bv_bound_available=false frozen_decoded_abs_tolerance=0.00100000000000000002 measured_recorded_bias_error=1.32248364133121014e-09 measured_logical_slot_error=1.32248332824508558e-09
2026-09-05T11:51:14.5530025Z 53/57 Test #53: mult2_e2e_hybrid_complex ........................   Passed    0.06 sec
2026-09-05T11:51:14.5530428Z test 54
2026-09-05T11:51:14.5530615Z       Start 54: mult2_e2e_bv_real
2026-09-05T11:51:14.5530781Z 
2026-09-05T11:51:14.5531039Z 54: Test command: /home/runner/work/20231788./20231788./build/mult2_e2e_oracle_test "bv_real"
2026-09-05T11:51:14.5531535Z 54: Working Directory: /home/runner/work/20231788./20231788./build
2026-09-05T11:51:14.5531889Z 54: Test timeout computed to be: 10000000
2026-09-05T11:51:14.6241548Z 54: [RELIN2-EXECUTION] q_div=1073741953 q_l=1073741441 ordinary_combined_relin_execution_error=181595719792 pair_relin_execution_error=283567046377 high_path_relin_error=208918771836 low_path_relin_error=163440876495 execution_relin2_triangle_bound=372359648331 paper_additivity_residual=297426460542 paper_additivity_execution_observed=false secret_h=42 input_Q_l=52656049226897061758347970843194892279389197066160739197584863617 oracle_basis_agreement=true
2026-09-05T11:51:14.6253982Z 54: case=bv_real security_level=HEStd_NotSet(functional-only) key_switch=BV secret_key_dist=UNIFORM_TERNARY ckks_data_type=REAL selected_ring_dimension=64 actual_N=64 batch_size=16 host_vector_length=8 encoding_noise_scale_degree=2 encoding_level=0 scaling_technique=FIXEDMANUAL digit_size=0 max_relin_sk_deg=2 scaling_mod_size=30 first_mod_size=35 multiplicative_depth=7 active_Q_l_towers=7 Q_l_bits=215 preselection_required_bits=174 selection_reserve_bits=32 q_div=1073741953 q_l=1073741441 ratio_2^(2p)/(q_div*q_l)=1.00000023655603276 descriptor_ratio=1.00000023655603276 M_high=107367068 M_low=6364077341 secret_h=42 ordinary_combined_relin_execution_error=181595719792 pair_relin_execution_error=283567046377 high_path_relin_error=208918771836 low_path_relin_error=163440876495 execution_relin2_triangle_bound=372359648331 paper_additivity_residual=297426460542 paper_additivity_execution_observed=false execution_certificate=PER_PATH_CONDITIONAL conservative_E_Relin_available=false universal_theorem_gate=UNPROVED execution_nonwrap_left=850593487161753523751380108840353931 execution_nonwrap_right_Q_l_over_2=26328024613448530879173985421597446139694598533080369598792431808 coefficient_error=355364780800713625391/1152921231876374273 execution_bound=6033401456490719030593/2305842463752748546 fixed_key_bv_bound_available=true fixed_key_bv_bound_status=CANDIDATE_FIXED_KEY_CIPHERTEXT_UNIFORM_CONDITIONAL_ON_CENTERED_DIGIT_LIFT fixed_key_bv_noise_scale=1 fixed_key_bv_active_rows=7 fixed_key_bv_raised_high_q_div_digit=ZERO fixed_key_bv_row_residual_norms=2,3,2,3,2,2,3 fixed_key_bv_per_path_raw_bound=2714419187712 fixed_key_bv_pair_raw_bound=5428838375424 fixed_key_bv_integer_lift_nonwrap=true fixed_key_bv_conservative_nonwrap_left=850593487161753523751385165319081024 fixed_key_bv_conservative_bound=16892108143954302695851/2305842463752748546 fixed_key_bv_final_integer_lift=1701186974323523939610903427264107051<56539009134152591222370164266759140395695978104921302317938424343356224001 fixed_key_bv_unconditional_gaussian_key_bound=false fixed_key_bv_universal_theorem_gate=UNPROVED centered_digit_boundary_probe=PASSED frozen_decoded_abs_tolerance=0.00100000000000000002 measured_recorded_bias_error=1.00506854506634369e-08 measured_logical_slot_error=1.00506830731137218e-08
2026-09-05T11:51:14.6262367Z 54/57 Test #54: mult2_e2e_bv_real ...............................   Passed    0.07 sec
2026-09-05T11:51:14.6262756Z test 55
2026-09-05T11:51:14.6262946Z       Start 55: mult2_e2e_bv_complex
2026-09-05T11:51:14.6263122Z 
2026-09-05T11:51:14.6263392Z 55: Test command: /home/runner/work/20231788./20231788./build/mult2_e2e_oracle_test "bv_complex"
2026-09-05T11:51:14.6263901Z 55: Working Directory: /home/runner/work/20231788./20231788./build
2026-09-05T11:51:14.6264259Z 55: Test timeout computed to be: 10000000
2026-09-05T11:51:14.6975753Z 55: [RELIN2-EXECUTION] q_div=1073741953 q_l=1073741441 ordinary_combined_relin_execution_error=213790314121 pair_relin_execution_error=272704741691 high_path_relin_error=235872746441 low_path_relin_error=188678717971 execution_relin2_triangle_bound=424551464412 paper_additivity_residual=367219717889 paper_additivity_execution_observed=false secret_h=40 input_Q_l=52656049226897061758347970843194892279389197066160739197584863617 oracle_basis_agreement=true
2026-09-05T11:51:14.6986942Z 55: case=bv_complex security_level=HEStd_NotSet(functional-only) key_switch=BV secret_key_dist=UNIFORM_TERNARY ckks_data_type=COMPLEX selected_ring_dimension=64 actual_N=64 batch_size=16 host_vector_length=8 encoding_noise_scale_degree=2 encoding_level=0 scaling_technique=FIXEDMANUAL digit_size=0 max_relin_sk_deg=2 scaling_mod_size=30 first_mod_size=35 multiplicative_depth=7 active_Q_l_towers=7 Q_l_bits=215 preselection_required_bits=174 selection_reserve_bits=32 q_div=1073741953 q_l=1073741441 ratio_2^(2p)/(q_div*q_l)=1.00000023655603276 descriptor_ratio=1.00000023655603276 M_high=88152830 M_low=5368709733 secret_h=40 ordinary_combined_relin_execution_error=213790314121 pair_relin_execution_error=272704741691 high_path_relin_error=235872746441 low_path_relin_error=188678717971 execution_relin2_triangle_bound=424551464412 paper_additivity_residual=367219717889 paper_additivity_execution_observed=false execution_certificate=PER_PATH_CONDITIONAL conservative_E_Relin_available=false universal_theorem_gate=UNPROVED execution_nonwrap_left=573392998682481859052000581010903068 execution_nonwrap_right_Q_l_over_2=26328024613448530879173985421597446139694598533080369598792431808 coefficient_error=297038682127086872691/1152921231876374273 execution_bound=4648336864843176303457/2305842463752748546 fixed_key_bv_bound_available=true fixed_key_bv_bound_status=CANDIDATE_FIXED_KEY_CIPHERTEXT_UNIFORM_CONDITIONAL_ON_CENTERED_DIGIT_LIFT fixed_key_bv_noise_scale=1 fixed_key_bv_active_rows=7 fixed_key_bv_raised_high_q_div_digit=ZERO fixed_key_bv_row_residual_norms=2,2,3,2,2,3,2 fixed_key_bv_per_path_raw_bound=2680059269120 fixed_key_bv_pair_raw_bound=5360118538240 fixed_key_bv_integer_lift_nonwrap=true fixed_key_bv_conservative_nonwrap_left=573392998682481859052005516577976896 fixed_key_bv_conservative_bound=15247387722872320115625/2305842463752748546 fixed_key_bv_final_integer_lift=1146785997364978965491723185238992937<56539009134152591222370164266759140395695978104921302317938424343356224001 fixed_key_bv_unconditional_gaussian_key_bound=false fixed_key_bv_universal_theorem_gate=UNPROVED centered_digit_boundary_probe=PASSED frozen_decoded_abs_tolerance=0.00100000000000000002 measured_recorded_bias_error=1.32248397885063204e-09 measured_logical_slot_error=1.32248366576444233e-09
2026-09-05T11:51:14.6995135Z 55/57 Test #55: mult2_e2e_bv_complex ............................   Passed    0.07 sec
2026-09-05T11:51:14.6995527Z test 56
2026-09-05T11:51:14.6995746Z       Start 56: mult2_pair_add_input_hybrid_complex
2026-09-05T11:51:14.6995962Z 
2026-09-05T11:51:14.6996294Z 56: Test command: /home/runner/work/20231788./20231788./build/mult2_e2e_oracle_test "pair_add_input_hybrid_complex"
2026-09-05T11:51:14.6996874Z 56: Working Directory: /home/runner/work/20231788./20231788./build
2026-09-05T11:51:14.6997364Z 56: Test timeout computed to be: 10000000
2026-09-05T11:51:14.8104186Z 56: [RELIN2-EXECUTION] q_div=1073741953 q_l=1073741441 ordinary_combined_relin_execution_error=15 pair_relin_execution_error=23 high_path_relin_error=14 low_path_relin_error=14 execution_relin2_triangle_bound=28 paper_additivity_residual=16 paper_additivity_execution_observed=true secret_h=41 input_Q_l=52656049226897061758347970843194892279389197066160739197584863617 oracle_basis_agreement=true
2026-09-05T11:51:14.8112557Z 56: case=pair_add_input_hybrid_complex security_level=HEStd_NotSet(functional-only) key_switch=HYBRID secret_key_dist=UNIFORM_TERNARY ckks_data_type=COMPLEX selected_ring_dimension=64 actual_N=64 batch_size=16 host_vector_length=8 encoding_noise_scale_degree=2 encoding_level=0 scaling_technique=FIXEDMANUAL digit_size=0 max_relin_sk_deg=2 scaling_mod_size=30 first_mod_size=35 multiplicative_depth=7 active_Q_l_towers=7 Q_l_bits=215 preselection_required_bits=174 selection_reserve_bits=32 q_div=1073741953 q_l=1073741441 ratio_2^(2p)/(q_div*q_l)=1.00000023655603276 descriptor_ratio=1.00000023655603276 M_high=89261192 M_low=7516193698 secret_h=41 ordinary_combined_relin_execution_error=15 pair_relin_execution_error=23 high_path_relin_error=14 low_path_relin_error=14 execution_relin2_triangle_bound=28 paper_additivity_residual=16 paper_additivity_execution_observed=true execution_certificate=PER_PATH_CONDITIONAL conservative_E_Relin_available=false universal_theorem_gate=UNPROVED execution_nonwrap_left=587902423630660049116588143554705692 execution_nonwrap_right_Q_l_over_2=26328024613448530879173985421597446139694598533080369598792431808 coefficient_error=153510963181604910868/1152921231876374273 execution_bound=7279548158148366414946/2305842463752748546 fixed_key_bv_bound_available=false frozen_decoded_abs_tolerance=0.00100000000000000002 measured_recorded_bias_error=6.60322165571790954e-10 measured_logical_slot_error=6.60322009368638175e-10
2026-09-05T11:51:14.8118118Z 56/57 Test #56: mult2_pair_add_input_hybrid_complex .............   Passed    0.11 sec
2026-09-05T11:51:14.8118537Z test 57
2026-09-05T11:51:14.8118758Z       Start 57: mult2_pair_sub_input_hybrid_complex
2026-09-05T11:51:14.8118975Z 
2026-09-05T11:51:14.8119314Z 57: Test command: /home/runner/work/20231788./20231788./build/mult2_e2e_oracle_test "pair_sub_input_hybrid_complex"
2026-09-05T11:51:14.8119915Z 57: Working Directory: /home/runner/work/20231788./20231788./build
2026-09-05T11:51:14.8120268Z 57: Test timeout computed to be: 10000000
2026-09-05T11:51:14.9458002Z 57: [RELIN2-EXECUTION] q_div=1073741953 q_l=1073741441 ordinary_combined_relin_execution_error=15 pair_relin_execution_error=26 high_path_relin_error=14 low_path_relin_error=15 execution_relin2_triangle_bound=29 paper_additivity_residual=19 paper_additivity_execution_observed=true secret_h=44 input_Q_l=52656049226897061758347970843194892279389197066160739197584863617 oracle_basis_agreement=true
2026-09-05T11:51:14.9465885Z 57: case=pair_sub_input_hybrid_complex security_level=HEStd_NotSet(functional-only) key_switch=HYBRID secret_key_dist=UNIFORM_TERNARY ckks_data_type=COMPLEX selected_ring_dimension=64 actual_N=64 batch_size=16 host_vector_length=8 encoding_noise_scale_degree=2 encoding_level=0 scaling_technique=FIXEDMANUAL digit_size=0 max_relin_sk_deg=2 scaling_mod_size=30 first_mod_size=35 multiplicative_depth=7 active_Q_l_towers=7 Q_l_bits=215 preselection_required_bits=174 selection_reserve_bits=32 q_div=1073741953 q_l=1073741441 ratio_2^(2p)/(q_div*q_l)=1.00000023655603276 descriptor_ratio=1.00000023655603276 M_high=89261196 M_low=6442451706 secret_h=44 ordinary_combined_relin_execution_error=15 pair_relin_execution_error=26 high_path_relin_error=14 low_path_relin_error=15 execution_relin2_triangle_bound=29 paper_additivity_residual=19 paper_additivity_execution_observed=true execution_certificate=PER_PATH_CONDITIONAL conservative_E_Relin_available=false universal_theorem_gate=UNPROVED execution_nonwrap_left=587902463148553578125902765117442333 execution_nonwrap_right_Q_l_over_2=26328024613448530879173985421597446139694598533080369598792431808 coefficient_error=143548390932892453959/1152921231876374273 execution_bound=5364545005466929611367/2305842463752748546 fixed_key_bv_bound_available=false frozen_decoded_abs_tolerance=0.00100000000000000002 measured_recorded_bias_error=8.52649114721160657e-10 measured_logical_slot_error=8.526489116773265e-10
2026-09-05T11:51:14.9471926Z 57/57 Test #57: mult2_pair_sub_input_hybrid_complex .............   Passed    0.14 sec
2026-09-05T11:51:14.9472241Z 
2026-09-05T11:51:14.9472345Z The following tests passed:
2026-09-05T11:51:14.9472580Z 	dcp_rcb
2026-09-05T11:51:14.9472791Z 	precision_dcp_rcb_high_precision_contract
2026-09-05T11:51:14.9473095Z 	precision_first_mult2_high_precision_contract
2026-09-05T11:51:14.9473413Z 	pair_add_runtime_behavior
2026-09-05T11:51:14.9473639Z 	pair_sub_runtime_behavior
2026-09-05T11:51:14.9473870Z 	pair_arithmetic_controlled_oracle
2026-09-05T11:51:14.9474139Z 	pair_arithmetic_public_lifecycles_keyless
2026-09-05T11:51:14.9474716Z 	pair_arithmetic_compatibility_rejections
2026-09-05T11:51:14.9475249Z 	tensor2_valid_arithmetic_immutability
2026-09-05T11:51:14.9475696Z 	tensor2_result_scale_contract
2026-09-05T11:51:14.9475994Z 	tensor2_right_input_validation
2026-09-05T11:51:14.9476237Z 	tensor2_mutual_compatibility
2026-09-05T11:51:14.9476517Z 	tensor2_prearithmetic_key_compatibility
2026-09-05T11:51:14.9476790Z 	relin2_tensor_validation_order
2026-09-05T11:51:14.9477146Z 	relin2_insufficient_active_basis
2026-09-05T11:51:14.9477765Z 	relin2_missing_eval_key
2026-09-05T11:51:14.9478132Z 	relin2_key_empty
2026-09-05T11:51:14.9478474Z 	relin2_key_null_first
2026-09-05T11:51:14.9478831Z 	relin2_key_wrong_context
2026-09-05T11:51:14.9479159Z 	relin2_key_wrong_tag
2026-09-05T11:51:14.9479377Z 	relin2_key_wrong_subtype
2026-09-05T11:51:14.9479599Z 	relin2_key_hybrid_a_length
2026-09-05T11:51:14.9479828Z 	relin2_key_hybrid_b_length
2026-09-05T11:51:14.9480061Z 	relin2_key_hybrid_entry_basis
2026-09-05T11:51:14.9480299Z 	relin2_key_hybrid_entry_format
2026-09-05T11:51:14.9480568Z 	relin2_key_bv_zero_digit_a_length
2026-09-05T11:51:14.9480822Z 	relin2_key_bv_zero_digit_b_length
2026-09-05T11:51:14.9481074Z 	relin2_key_bv_nonzero_digit_a_length
2026-09-05T11:51:14.9481335Z 	relin2_key_bv_nonzero_digit_b_length
2026-09-05T11:51:14.9481595Z 	relin2_key_bv_zero_digit_entry_basis
2026-09-05T11:51:14.9481859Z 	relin2_key_bv_nonzero_digit_entry_basis
2026-09-05T11:51:14.9482130Z 	relin2_key_bv_zero_digit_entry_format
2026-09-05T11:51:14.9482395Z 	relin2_key_bv_nonzero_digit_entry_format
2026-09-05T11:51:14.9482681Z 	relin2_valid_arithmetic_state_immutability
2026-09-05T11:51:14.9482972Z 	relin2_controlled_witnesses_and_boundaries
2026-09-05T11:51:14.9483253Z 	relin2_representative_public_input
2026-09-05T11:51:14.9483509Z 	relin2_key_extra_later_valid
2026-09-05T11:51:14.9483750Z 	relin2_key_malformed_later_ignored
2026-09-05T11:51:14.9483998Z 	relin2_hybrid_valid_shapes
2026-09-05T11:51:14.9484232Z 	relin2_bv_zero_digit_valid_shapes
2026-09-05T11:51:14.9484717Z 	relin2_bv_nonzero_digit_valid_shapes
2026-09-05T11:51:14.9485125Z 	relin2_first_recombined_rcb_validation
2026-09-05T11:51:14.9485406Z 	relin2_first_recombined_tensor2_validation
2026-09-05T11:51:14.9485687Z 	relin2_tensor2_requires_first_lifecycle
2026-09-05T11:51:14.9485943Z 	rs2_wrong_lifecycle
2026-09-05T11:51:14.9486165Z 	rs2_valid_arithmetic_state_immutability
2026-09-05T11:51:14.9486419Z 	rs2_mixed_tower_format
2026-09-05T11:51:14.9486641Z 	rs2_untouched_public_pipeline
2026-09-05T11:51:14.9486878Z 	rs2_declared_basis_mismatch
2026-09-05T11:51:14.9487104Z 	rs2_terminal_rejections
2026-09-05T11:51:14.9487326Z 	mult2_composition_contract
2026-09-05T11:51:14.9487555Z 	mult2_e2e_hybrid_real
2026-09-05T11:51:14.9487765Z 	mult2_e2e_hybrid_complex
2026-09-05T11:51:14.9487977Z 	mult2_e2e_bv_real
2026-09-05T11:51:14.9488205Z 	mult2_e2e_bv_complex
2026-09-05T11:51:14.9488421Z 	mult2_pair_add_input_hybrid_complex
2026-09-05T11:51:14.9488680Z 	mult2_pair_sub_input_hybrid_complex
2026-09-05T11:51:14.9488866Z 
2026-09-05T11:51:14.9489172Z 100% tests passed, 0 tests failed out of 57
2026-09-05T11:51:14.9489373Z 
2026-09-05T11:51:14.9489464Z Total Test time (real) =   1.35 sec
2026-09-05T11:51:14.9515540Z ##[group]Run cmake --build build --target mult2_api_contract_test --parallel 2
2026-09-05T11:51:14.9516095Z [36;1mcmake --build build --target mult2_api_contract_test --parallel 2[0m
2026-09-05T11:51:14.9550684Z shell: /usr/bin/bash -e {0}
2026-09-05T11:51:14.9550925Z env:
2026-09-05T11:51:14.9551185Z   OPENFHE_COMMIT: df495ba2e91739a6dc8f1de254fc5a41155ce504
2026-09-05T11:51:14.9551630Z   OPENFHE_PREFIX: /home/runner/work/20231788./20231788./.ci/openfhe-install
2026-09-05T11:51:14.9551994Z ##[endgroup]
2026-09-05T11:51:14.9946845Z [ 71%] Built target openfhe_2023_1788
2026-09-05T11:51:15.0014250Z [ 85%] Building CXX object CMakeFiles/mult2_api_contract_test.dir/tests/mult2_api_contract_test.cpp.o
2026-09-05T11:51:17.4949980Z [100%] Linking CXX executable mult2_api_contract_test
2026-09-05T11:51:17.5574286Z [100%] Built target mult2_api_contract_test
2026-09-05T11:51:17.5635379Z ##[group]Run cmake --build build --target add_api_contract_test --parallel 2
2026-09-05T11:51:17.5635927Z [36;1mcmake --build build --target add_api_contract_test --parallel 2[0m
2026-09-05T11:51:17.5670768Z shell: /usr/bin/bash -e {0}
2026-09-05T11:51:17.5671012Z env:
2026-09-05T11:51:17.5671269Z   OPENFHE_COMMIT: df495ba2e91739a6dc8f1de254fc5a41155ce504
2026-09-05T11:51:17.5671719Z   OPENFHE_PREFIX: /home/runner/work/20231788./20231788./.ci/openfhe-install
2026-09-05T11:51:17.5672092Z ##[endgroup]
2026-09-05T11:51:17.6069491Z [ 71%] Built target openfhe_2023_1788
2026-09-05T11:51:17.6136707Z [ 85%] Building CXX object CMakeFiles/add_api_contract_test.dir/tests/add_api_contract_test.cpp.o
2026-09-05T11:51:20.0638901Z [100%] Linking CXX executable add_api_contract_test
2026-09-05T11:51:20.1266918Z [100%] Built target add_api_contract_test
2026-09-05T11:51:20.1326286Z ##[group]Run cmake --build build --target sub_api_contract_test --parallel 2
2026-09-05T11:51:20.1326847Z [36;1mcmake --build build --target sub_api_contract_test --parallel 2[0m
2026-09-05T11:51:20.1362364Z shell: /usr/bin/bash -e {0}
2026-09-05T11:51:20.1362613Z env:
2026-09-05T11:51:20.1362864Z   OPENFHE_COMMIT: df495ba2e91739a6dc8f1de254fc5a41155ce504
2026-09-05T11:51:20.1363298Z   OPENFHE_PREFIX: /home/runner/work/20231788./20231788./.ci/openfhe-install
2026-09-05T11:51:20.1363662Z ##[endgroup]
2026-09-05T11:51:20.1762944Z [ 71%] Built target openfhe_2023_1788
2026-09-05T11:51:20.1829785Z [ 85%] Building CXX object CMakeFiles/sub_api_contract_test.dir/tests/sub_api_contract_test.cpp.o
2026-09-05T11:51:22.6671955Z [100%] Linking CXX executable sub_api_contract_test
2026-09-05T11:51:22.7281433Z [100%] Built target sub_api_contract_test
2026-09-05T11:51:22.7341666Z ##[group]Run cmake --build build --target precision_client_io_first_mult2_contract_test --parallel 2
2026-09-05T11:51:22.7342375Z [36;1mcmake --build build --target precision_client_io_first_mult2_contract_test --parallel 2[0m
2026-09-05T11:51:22.7377837Z shell: /usr/bin/bash -e {0}
2026-09-05T11:51:22.7378096Z env:
2026-09-05T11:51:22.7378360Z   OPENFHE_COMMIT: df495ba2e91739a6dc8f1de254fc5a41155ce504
2026-09-05T11:51:22.7378818Z   OPENFHE_PREFIX: /home/runner/work/20231788./20231788./.ci/openfhe-install
2026-09-05T11:51:22.7379202Z ##[endgroup]
2026-09-05T11:51:22.7779102Z [ 71%] Built target openfhe_2023_1788
2026-09-05T11:51:22.7847779Z [ 85%] Building CXX object CMakeFiles/precision_client_io_first_mult2_contract_test.dir/tests/precision_client_io_first_mult2_contract_test.cpp.o
2026-09-05T11:51:43.3747725Z [100%] Linking CXX executable precision_client_io_first_mult2_contract_test
2026-09-05T11:51:43.5614207Z [100%] Built target precision_client_io_first_mult2_contract_test
2026-09-05T11:51:43.5688490Z ##[group]Run cmake --build build --target repeated_mult2_semantic_two_square_test --parallel 2
2026-09-05T11:51:43.5689763Z [36;1mcmake --build build --target repeated_mult2_semantic_two_square_test --parallel 2[0m
2026-09-05T11:51:43.5725922Z shell: /usr/bin/bash -e {0}
2026-09-05T11:51:43.5726171Z env:
2026-09-05T11:51:43.5726426Z   OPENFHE_COMMIT: df495ba2e91739a6dc8f1de254fc5a41155ce504
2026-09-05T11:51:43.5726860Z   OPENFHE_PREFIX: /home/runner/work/20231788./20231788./.ci/openfhe-install
2026-09-05T11:51:43.5727227Z ##[endgroup]
2026-09-05T11:51:43.6127272Z [ 62%] Built target openfhe_2023_1788
2026-09-05T11:51:43.6195734Z [ 75%] Building CXX object CMakeFiles/repeated_mult2_semantic_two_square_test.dir/tests/repeated_mult2_semantic_two_square_test.cpp.o
2026-09-05T11:51:43.6197668Z [ 87%] Building CXX object CMakeFiles/repeated_mult2_semantic_two_square_test.dir/tests/precision_dcp_rcb_fixture.cpp.o
2026-09-05T11:51:59.9685692Z [100%] Linking CXX executable repeated_mult2_semantic_two_square_test
2026-09-05T11:52:00.1263122Z [100%] Built target repeated_mult2_semantic_two_square_test
2026-09-05T11:52:00.1324803Z ##[group]Run cmake --build build --target paper_h128_client_keypair_contract_test --parallel 2
2026-09-05T11:52:00.1325528Z [36;1mcmake --build build --target paper_h128_client_keypair_contract_test --parallel 2[0m
2026-09-05T11:52:00.1360248Z shell: /usr/bin/bash -e {0}
2026-09-05T11:52:00.1360491Z env:
2026-09-05T11:52:00.1360739Z   OPENFHE_COMMIT: df495ba2e91739a6dc8f1de254fc5a41155ce504
2026-09-05T11:52:00.1361176Z   OPENFHE_PREFIX: /home/runner/work/20231788./20231788./.ci/openfhe-install
2026-09-05T11:52:00.1361543Z ##[endgroup]
2026-09-05T11:52:00.1765529Z [ 71%] Built target openfhe_2023_1788
2026-09-05T11:52:00.1833596Z [ 85%] Building CXX object CMakeFiles/paper_h128_client_keypair_contract_test.dir/tests/paper_h128_client_keypair_contract_test.cpp.o
2026-09-05T11:52:09.7809163Z [100%] Linking CXX executable paper_h128_client_keypair_contract_test
2026-09-05T11:52:09.8910979Z [100%] Built target paper_h128_client_keypair_contract_test
2026-09-05T11:52:09.8970625Z ##[group]Run ctest --test-dir build --verbose --output-on-failure -R '^precision_client_io_first_mult2_contract$'
2026-09-05T11:52:09.8971430Z [36;1mctest --test-dir build --verbose --output-on-failure -R '^precision_client_io_first_mult2_contract$'[0m
2026-09-05T11:52:09.9007151Z shell: /usr/bin/bash -e {0}
2026-09-05T11:52:09.9007403Z env:
2026-09-05T11:52:09.9007656Z   OPENFHE_COMMIT: df495ba2e91739a6dc8f1de254fc5a41155ce504
2026-09-05T11:52:09.9008098Z   OPENFHE_PREFIX: /home/runner/work/20231788./20231788./.ci/openfhe-install
2026-09-05T11:52:09.9008473Z ##[endgroup]
2026-09-05T11:52:09.9073573Z Internal ctest changing into directory: /home/runner/work/20231788./20231788./build
2026-09-05T11:52:09.9074959Z UpdateCTestConfiguration  from :/home/runner/work/20231788./20231788./build/DartConfiguration.tcl
2026-09-05T11:52:09.9076327Z UpdateCTestConfiguration  from :/home/runner/work/20231788./20231788./build/DartConfiguration.tcl
2026-09-05T11:52:09.9077445Z Test project /home/runner/work/20231788./20231788./build
2026-09-05T11:52:09.9078092Z Constructing a list of tests
2026-09-05T11:52:09.9087817Z Done constructing a list of tests
2026-09-05T11:52:09.9088324Z Updating test list for fixtures
2026-09-05T11:52:09.9088809Z Added 0 tests to meet fixture requirements
2026-09-05T11:52:09.9089687Z Checking test dependency graph...
2026-09-05T11:52:09.9090152Z Checking test dependency graph end
2026-09-05T11:52:09.9090591Z test 58
2026-09-05T11:52:09.9090993Z     Start 58: precision_client_io_first_mult2_contract
2026-09-05T11:52:09.9091405Z 
2026-09-05T11:52:09.9091947Z 58: Test command: /home/runner/work/20231788./20231788./build/precision_client_io_first_mult2_contract_test
2026-09-05T11:52:09.9092769Z 58: Working Directory: /home/runner/work/20231788./20231788./build
2026-09-05T11:52:09.9093138Z 58: Test timeout computed to be: 10000000
2026-09-05T11:52:10.1183751Z 58: test=precision_client_io_first_mult2_contract result=PASS source=9c4d83b5cde16e5c5af89886bd73fe5252a99002 openfhe_pin=df495ba2e91739a6dc8f1de254fc5a41155ce504 claim_scope=low-N-first-operation-production-io-diagnostic N=64 S=16 gap=2 native=64 backend=4 depth=7 scaling_bits=50 first_bits=55 key_switch=HYBRID scaling=FIXEDMANUAL data=COMPLEX execution=EXEC_EVALUATION decrypt_noise=FIXED_NOISE_DECRYPT encryption=STANDARD multiplication=HPS PRE=NOT_SET noise_scale=1 secret=UNIFORM_TERNARY security=HEStd_NotSet fresh_keypairs=1 eval_keygen_calls=1 q_div=1125899906843009 q_l=1125899906840833 exact_scale_numerator=1606938044258990275541962092341162602522202993782792835301376 exact_scale_denominator=1267650600226646386227681786497 max_fresh_public_error=3.67324511922808112570019032186114690846755606e-28 max_fresh_oracle_error=3.67324511922808112570019032186114690846755606e-28 max_product_public_error=4.33368876675138564305908999143255777927399884e-28 max_product_oracle_error=4.33368876675138564305908999143255777927399884e-28 input_public_delta_error=2.27605406630091002548424161128776093726960729e-28 input_oracle_delta_error=2.27605406630091002548424161128776093726960729e-28 product_public_delta_error=5.00552104320059896771452317411457698122895097e-28 product_oracle_delta_error=5.00552104320059896771452317411457698122895097e-28 max_horner_component_disagreement=1.03250602550323826678e-107 cross_precision_error=9.69978346078924438111573402538020747022300589e-166 centered_headroom=32592575621437030210620824512759899172413712944662430971418726595098153787900901747269577016 malformed_key_rejections=32
2026-09-05T11:52:10.1194006Z 58: first_modulus_boundary_fixture ready=1 actual_first_bits=56 Q_towers=8 N=64 M=128 fixture_new_keypairs=0
2026-09-05T11:52:10.1224683Z 58: first_modulus_boundary_rejection passed
2026-09-05T11:52:10.1235523Z 58: clone_isolation_contract passed fresh_and_result=1 coefficients=1 scalars=1 present_empty_maps=1
2026-09-05T11:52:10.1262300Z 58: shared_params_fixture allocation_plan additional_matching_keypairs=1 additional_eval_keygen_calls=1 actual_first_bits=55 isolated_context_and_bases=1
2026-09-05T11:52:10.2145834Z 58: shared_params_fixture ready=1 valid_clone_bind_decrypt=1 actual_first_bits=55 Q_towers=8 fixture_new_keypairs=1 fixture_eval_keygen_calls=1 crypto_complete_before_drift=1
2026-09-05T11:52:10.2161953Z 58: shared_params_mutation ready=1 Q_towers_before=8 Q_towers_after=7 immutable_receipt_towers=8 next_boundary=CloneForEvaluation
2026-09-05T11:52:10.2164183Z 58: shared_params_boundary_rejection passed boundary=CloneForEvaluation
2026-09-05T11:52:10.2180931Z 58: shared_params_boundary_rejection passed boundary=BindFirstMult2Rcb
2026-09-05T11:52:10.2197296Z 58: shared_params_boundary_rejection passed boundary=Decrypt
2026-09-05T11:52:10.2210540Z 58: shared_params_drift_contract passed boundaries=3 owned_eval_tag_cleanup=1
2026-09-05T11:52:10.2218498Z 1/1 Test #58: precision_client_io_first_mult2_contract ...   Passed    0.31 sec
2026-09-05T11:52:10.2223046Z 
2026-09-05T11:52:10.2223295Z The following tests passed:
2026-09-05T11:52:10.2223772Z 	precision_client_io_first_mult2_contract
2026-09-05T11:52:10.2224142Z 
2026-09-05T11:52:10.2224560Z 100% tests passed, 0 tests failed out of 1
2026-09-05T11:52:10.2224904Z 
2026-09-05T11:52:10.2225076Z Total Test time (real) =   0.31 sec
2026-09-05T11:52:10.2273344Z ##[group]Run ctest --test-dir build --verbose --output-on-failure -R '^(repeated_mult2_semantic_two_square_contract|paper_h128_client_keypair_contract)$'
2026-09-05T11:52:10.2274644Z [36;1mctest --test-dir build --verbose --output-on-failure -R '^(repeated_mult2_semantic_two_square_contract|paper_h128_client_keypair_contract)$'[0m
2026-09-05T11:52:10.2309344Z shell: /usr/bin/bash -e {0}
2026-09-05T11:52:10.2309585Z env:
2026-09-05T11:52:10.2309836Z   OPENFHE_COMMIT: df495ba2e91739a6dc8f1de254fc5a41155ce504
2026-09-05T11:52:10.2310282Z   OPENFHE_PREFIX: /home/runner/work/20231788./20231788./.ci/openfhe-install
2026-09-05T11:52:10.2310652Z ##[endgroup]
2026-09-05T11:52:10.2376957Z Internal ctest changing into directory: /home/runner/work/20231788./20231788./build
2026-09-05T11:52:10.2378041Z UpdateCTestConfiguration  from :/home/runner/work/20231788./20231788./build/DartConfiguration.tcl
2026-09-05T11:52:10.2379263Z UpdateCTestConfiguration  from :/home/runner/work/20231788./20231788./build/DartConfiguration.tcl
2026-09-05T11:52:10.2380415Z Test project /home/runner/work/20231788./20231788./build
2026-09-05T11:52:10.2380957Z Constructing a list of tests
2026-09-05T11:52:10.2389052Z Done constructing a list of tests
2026-09-05T11:52:10.2389535Z Updating test list for fixtures
2026-09-05T11:52:10.2389993Z Added 0 tests to meet fixture requirements
2026-09-05T11:52:10.2390559Z Checking test dependency graph...
2026-09-05T11:52:10.2391035Z Checking test dependency graph end
2026-09-05T11:52:10.2391461Z test 59
2026-09-05T11:52:10.2391858Z     Start 59: repeated_mult2_semantic_two_square_contract
2026-09-05T11:52:10.2393142Z 
2026-09-05T11:52:10.2393669Z 59: Test command: /home/runner/work/20231788./20231788./build/repeated_mult2_semantic_two_square_test
2026-09-05T11:52:10.2394886Z 59: Working Directory: /home/runner/work/20231788./20231788./build
2026-09-05T11:52:10.4736761Z 59: Test timeout computed to be: 10000000
2026-09-05T11:52:10.4741492Z 59: {"test":"repeated_mult2_semantic_two_square_contract","scope":"low-N-two-operation-diagnostic","trial":0,"stage":1,"N":64,"batch":16,"depth":9,"scaling_bits":50,"first_bits":55,"input_scale_bits":100,"scaling":"FIXEDMANUAL","key_switch":"HYBRID","data_type":"COMPLEX","secret_distribution":"UNIFORM_TERNARY","security":"HEStd_NotSet","evaluation_family":0,"result_family":1,"tag":"f2bf4cc59a35b7b0ab27034adcf32753-mult2-family-1","d":"1125899906843009","m":"1125899906840833","m1":"1125899906840833","m2":"1125899906844161","scale_numerator":"1606938044258990275541962092341162602522202993782792835301376","scale_denominator":"1267650600226646386227681786497","max_slot_error":"5.5755690449568613693372344473399964605482238402499e-28","delta_error":"2.271613816384061110937657557663595552125253720313e-28","observed_product_headroom_bits":258}
2026-09-05T11:52:10.4775755Z 59: {"test":"repeated_mult2_semantic_two_square_contract","scope":"low-N-two-operation-diagnostic","trial":0,"stage":2,"N":64,"batch":16,"depth":9,"scaling_bits":50,"first_bits":55,"input_scale_bits":100,"scaling":"FIXEDMANUAL","key_switch":"HYBRID","data_type":"COMPLEX","secret_distribution":"UNIFORM_TERNARY","security":"HEStd_NotSet","evaluation_family":1,"result_family":1,"tag":"f2bf4cc59a35b7b0ab27034adcf32753-mult2-family-1","d":"1125899906843009","m":"1125899906844161","m1":"1125899906840833","m2":"1125899906844161","scale_numerator":"2582249878086908589655919172003011874329705792829223512830659356540647622016841194629645353280137831435903171972747493376","scale_denominator":"2037035976332875852527482486577051056657800595085080553399799398642248571644790159515303041","max_slot_error":"3.7654490931094702697758981941078575349298570085967e-28","delta_error":"1.2365616282764513513446796368386852796649219843318e-28","observed_product_headroom_bits":211}
2026-09-05T11:52:10.6909831Z 59: {"test":"repeated_mult2_semantic_two_square_contract","scope":"low-N-two-operation-diagnostic","trial":1,"stage":1,"N":64,"batch":16,"depth":9,"scaling_bits":50,"first_bits":55,"input_scale_bits":100,"scaling":"FIXEDMANUAL","key_switch":"HYBRID","data_type":"COMPLEX","secret_distribution":"UNIFORM_TERNARY","security":"HEStd_NotSet","evaluation_family":0,"result_family":1,"tag":"af3f42826e889530919e7be382443b0c-mult2-family-1","d":"1125899906843009","m":"1125899906840833","m1":"1125899906840833","m2":"1125899906844161","scale_numerator":"1606938044258990275541962092341162602522202993782792835301376","scale_denominator":"1267650600226646386227681786497","max_slot_error":"9.7631000113641782560960124957673138950112085827658e-28","delta_error":"1.1798818430615564725699448182676447189706941435809e-28","observed_product_headroom_bits":258}
2026-09-05T11:52:10.6932063Z 59: {"test":"repeated_mult2_semantic_two_square_contract","scope":"low-N-two-operation-diagnostic","trial":1,"stage":2,"N":64,"batch":16,"depth":9,"scaling_bits":50,"first_bits":55,"input_scale_bits":100,"scaling":"FIXEDMANUAL","key_switch":"HYBRID","data_type":"COMPLEX","secret_distribution":"UNIFORM_TERNARY","security":"HEStd_NotSet","evaluation_family":1,"result_family":1,"tag":"af3f42826e889530919e7be382443b0c-mult2-family-1","d":"1125899906843009","m":"1125899906844161","m1":"1125899906840833","m2":"1125899906844161","scale_numerator":"2582249878086908589655919172003011874329705792829223512830659356540647622016841194629645353280137831435903171972747493376","scale_denominator":"2037035976332875852527482486577051056657800595085080553399799398642248571644790159515303041","max_slot_error":"7.4308183665107960379756820079018146209394038817453e-28","delta_error":"3.6093264085280215929407239518222148060247037249623e-29","observed_product_headroom_bits":211}
2026-09-05T11:52:10.9049577Z 59: {"test":"repeated_mult2_semantic_two_square_contract","scope":"low-N-two-operation-diagnostic","trial":2,"stage":1,"N":64,"batch":16,"depth":9,"scaling_bits":50,"first_bits":55,"input_scale_bits":100,"scaling":"FIXEDMANUAL","key_switch":"HYBRID","data_type":"COMPLEX","secret_distribution":"UNIFORM_TERNARY","security":"HEStd_NotSet","evaluation_family":0,"result_family":1,"tag":"352a40fa645ea21d9057d3d2774fa46d-mult2-family-1","d":"1125899906843009","m":"1125899906840833","m1":"1125899906840833","m2":"1125899906844161","scale_numerator":"1606938044258990275541962092341162602522202993782792835301376","scale_denominator":"1267650600226646386227681786497","max_slot_error":"6.951979749976488263536883039366141446887156127842e-28","delta_error":"5.0551171149809758878718814668689032000662033651491e-28","observed_product_headroom_bits":258}
2026-09-05T11:52:10.9083536Z 59: {"test":"repeated_mult2_semantic_two_square_contract","scope":"low-N-two-operation-diagnostic","trial":2,"stage":2,"N":64,"batch":16,"depth":9,"scaling_bits":50,"first_bits":55,"input_scale_bits":100,"scaling":"FIXEDMANUAL","key_switch":"HYBRID","data_type":"COMPLEX","secret_distribution":"UNIFORM_TERNARY","security":"HEStd_NotSet","evaluation_family":1,"result_family":1,"tag":"352a40fa645ea21d9057d3d2774fa46d-mult2-family-1","d":"1125899906843009","m":"1125899906844161","m1":"1125899906840833","m2":"1125899906844161","scale_numerator":"2582249878086908589655919172003011874329705792829223512830659356540647622016841194629645353280137831435903171972747493376","scale_denominator":"2037035976332875852527482486577051056657800595085080553399799398642248571644790159515303041","max_slot_error":"2.6269769795689512502051895969812113761705070331064e-27","delta_error":"2.4213671991497076336962766976136635027954534024541e-27","observed_product_headroom_bits":211}
2026-09-05T11:52:11.1200738Z 59: {"test":"repeated_mult2_semantic_two_square_contract","scope":"low-N-two-operation-diagnostic","trial":3,"stage":1,"N":64,"batch":16,"depth":9,"scaling_bits":50,"first_bits":55,"input_scale_bits":100,"scaling":"FIXEDMANUAL","key_switch":"HYBRID","data_type":"COMPLEX","secret_distribution":"UNIFORM_TERNARY","security":"HEStd_NotSet","evaluation_family":0,"result_family":1,"tag":"5db716c494c2d6e163fcf7526a649ec0-mult2-family-1","d":"1125899906843009","m":"1125899906840833","m1":"1125899906840833","m2":"1125899906844161","scale_numerator":"1606938044258990275541962092341162602522202993782792835301376","scale_denominator":"1267650600226646386227681786497","max_slot_error":"3.7269146962300049291274677830700368746664793261366e-28","delta_error":"1.0660151812466197395863721098415808184539862013052e-28","observed_product_headroom_bits":258}
2026-09-05T11:52:11.1248380Z 59: {"test":"repeated_mult2_semantic_two_square_contract","scope":"low-N-two-operation-diagnostic","trial":3,"stage":2,"N":64,"batch":16,"depth":9,"scaling_bits":50,"first_bits":55,"input_scale_bits":100,"scaling":"FIXEDMANUAL","key_switch":"HYBRID","data_type":"COMPLEX","secret_distribution":"UNIFORM_TERNARY","security":"HEStd_NotSet","evaluation_family":1,"result_family":1,"tag":"5db716c494c2d6e163fcf7526a649ec0-mult2-family-1","d":"1125899906843009","m":"1125899906844161","m1":"1125899906840833","m2":"1125899906844161","scale_numerator":"2582249878086908589655919172003011874329705792829223512830659356540647622016841194629645353280137831435903171972747493376","scale_denominator":"2037035976332875852527482486577051056657800595085080553399799398642248571644790159515303041","max_slot_error":"3.2983136593956466453514481266108496906534556266752e-28","delta_error":"6.6915149023540211558154742533986022374259448731649e-29","observed_product_headroom_bits":211}
2026-09-05T11:52:11.1262425Z 1/2 Test #59: repeated_mult2_semantic_two_square_contract ...   Passed    0.89 sec
2026-09-05T11:52:11.1263117Z test 60
2026-09-05T11:52:11.1263473Z     Start 60: paper_h128_client_keypair_contract
2026-09-05T11:52:11.1263832Z 
2026-09-05T11:52:11.1264323Z 60: Test command: /home/runner/work/20231788./20231788./build/paper_h128_client_keypair_contract_test
2026-09-05T11:52:11.1265480Z 60: Working Directory: /home/runner/work/20231788./20231788./build
2026-09-05T11:52:11.1266119Z 60: Test timeout computed to be: 10000000
2026-09-05T11:52:11.2102789Z 60: valid-path assertions passed (diagnostic, not paper evidence)
2026-09-05T11:52:11.2103741Z 60: 50 named rejection assertions passed (no injected tag collisions)
2026-09-05T11:52:11.2105214Z 60: two-call uniqueness and owned-tag cache-isolation assertions passed
2026-09-05T11:52:11.2108218Z 2/2 Test #60: paper_h128_client_keypair_contract ............   Passed    0.08 sec
2026-09-05T11:52:11.2112246Z 
2026-09-05T11:52:11.2112419Z The following tests passed:
2026-09-05T11:52:11.2112883Z 	repeated_mult2_semantic_two_square_contract
2026-09-05T11:52:11.2113397Z 	paper_h128_client_keypair_contract
2026-09-05T11:52:11.2113717Z 
2026-09-05T11:52:11.2113828Z 100% tests passed, 0 tests failed out of 2
2026-09-05T11:52:11.2114021Z 
2026-09-05T11:52:11.2114117Z Total Test time (real) =   0.97 sec
2026-09-05T11:52:11.2148635Z ##[group]Run ctest --test-dir build --show-only=json-v1
2026-09-05T11:52:11.2149044Z [36;1mctest --test-dir build --show-only=json-v1[0m
2026-09-05T11:52:11.2149422Z [36;1mctest --test-dir build --verbose --output-on-failure[0m
2026-09-05T11:52:11.2184260Z shell: /usr/bin/bash -e {0}
2026-09-05T11:52:11.2184712Z env:
2026-09-05T11:52:11.2184970Z   OPENFHE_COMMIT: df495ba2e91739a6dc8f1de254fc5a41155ce504
2026-09-05T11:52:11.2185445Z   OPENFHE_PREFIX: /home/runner/work/20231788./20231788./.ci/openfhe-install
2026-09-05T11:52:11.2185854Z ##[endgroup]
2026-09-05T11:52:11.2277683Z {
2026-09-05T11:52:11.2278076Z   "backtraceGraph" : 
2026-09-05T11:52:11.2278435Z   {
2026-09-05T11:52:11.2278731Z     "commands" : 
2026-09-05T11:52:11.2279058Z     [
2026-09-05T11:52:11.2279394Z       "add_test"
2026-09-05T11:52:11.2279713Z     ],
2026-09-05T11:52:11.2279992Z     "files" : 
2026-09-05T11:52:11.2280201Z     [
2026-09-05T11:52:11.2280495Z       "/home/runner/work/20231788./20231788./CMakeLists.txt"
2026-09-05T11:52:11.2280828Z     ],
2026-09-05T11:52:11.2281014Z     "nodes" : 
2026-09-05T11:52:11.2281216Z     [
2026-09-05T11:52:11.2281390Z       {
2026-09-05T11:52:11.2281570Z         "file" : 0
2026-09-05T11:52:11.2281920Z       },
2026-09-05T11:52:11.2282100Z       {
2026-09-05T11:52:11.2282284Z         "command" : 0,
2026-09-05T11:52:11.2282500Z         "file" : 0,
2026-09-05T11:52:11.2282711Z         "line" : 180,
2026-09-05T11:52:11.2282926Z         "parent" : 0
2026-09-05T11:52:11.2283137Z       },
2026-09-05T11:52:11.2283315Z       {
2026-09-05T11:52:11.2283493Z         "file" : 0
2026-09-05T11:52:11.2283694Z       },
2026-09-05T11:52:11.2283871Z       {
2026-09-05T11:52:11.2284051Z         "command" : 0,
2026-09-05T11:52:11.2284262Z         "file" : 0,
2026-09-05T11:52:11.2284772Z         "line" : 181,
2026-09-05T11:52:11.2285130Z         "parent" : 2
2026-09-05T11:52:11.2285485Z       },
2026-09-05T11:52:11.2285786Z       {
2026-09-05T11:52:11.2286098Z         "file" : 0
2026-09-05T11:52:11.2286455Z       },
2026-09-05T11:52:11.2286761Z       {
2026-09-05T11:52:11.2287068Z         "command" : 0,
2026-09-05T11:52:11.2287440Z         "file" : 0,
2026-09-05T11:52:11.2287783Z         "line" : 183,
2026-09-05T11:52:11.2288130Z         "parent" : 4
2026-09-05T11:52:11.2288460Z       },
2026-09-05T11:52:11.2288746Z       {
2026-09-05T11:52:11.2289044Z         "file" : 0
2026-09-05T11:52:11.2289607Z       },
2026-09-05T11:52:11.2289889Z       {
2026-09-05T11:52:11.2290183Z         "command" : 0,
2026-09-05T11:52:11.2290541Z         "file" : 0,
2026-09-05T11:52:11.2290881Z         "line" : 185,
2026-09-05T11:52:11.2291229Z         "parent" : 6
2026-09-05T11:52:11.2291578Z       },
2026-09-05T11:52:11.2291879Z       {
2026-09-05T11:52:11.2292174Z         "file" : 0
2026-09-05T11:52:11.2292489Z       },
2026-09-05T11:52:11.2292770Z       {
2026-09-05T11:52:11.2293061Z         "command" : 0,
2026-09-05T11:52:11.2293383Z         "file" : 0,
2026-09-05T11:52:11.2293583Z         "line" : 186,
2026-09-05T11:52:11.2293797Z         "parent" : 8
2026-09-05T11:52:11.2293995Z       },
2026-09-05T11:52:11.2294165Z       {
2026-09-05T11:52:11.2294577Z         "file" : 0
2026-09-05T11:52:11.2294889Z       },
2026-09-05T11:52:11.2295147Z       {
2026-09-05T11:52:11.2295335Z         "command" : 0,
2026-09-05T11:52:11.2295532Z         "file" : 0,
2026-09-05T11:52:11.2295721Z         "line" : 187,
2026-09-05T11:52:11.2295920Z         "parent" : 10
2026-09-05T11:52:11.2296115Z       },
2026-09-05T11:52:11.2296283Z       {
2026-09-05T11:52:11.2296449Z         "file" : 0
2026-09-05T11:52:11.2296627Z       },
2026-09-05T11:52:11.2296795Z       {
2026-09-05T11:52:11.2296964Z         "command" : 0,
2026-09-05T11:52:11.2297160Z         "file" : 0,
2026-09-05T11:52:11.2297347Z         "line" : 188,
2026-09-05T11:52:11.2297542Z         "parent" : 12
2026-09-05T11:52:11.2297732Z       },
2026-09-05T11:52:11.2297905Z       {
2026-09-05T11:52:11.2298075Z         "file" : 0
2026-09-05T11:52:11.2298258Z       },
2026-09-05T11:52:11.2298636Z       {
2026-09-05T11:52:11.2298820Z         "command" : 0,
2026-09-05T11:52:11.2299024Z         "file" : 0,
2026-09-05T11:52:11.2299209Z         "line" : 190,
2026-09-05T11:52:11.2299406Z         "parent" : 14
2026-09-05T11:52:11.2299598Z       },
2026-09-05T11:52:11.2299768Z       {
2026-09-05T11:52:11.2299937Z         "file" : 0
2026-09-05T11:52:11.2300122Z       },
2026-09-05T11:52:11.2300293Z       {
2026-09-05T11:52:11.2300465Z         "command" : 0,
2026-09-05T11:52:11.2300663Z         "file" : 0,
2026-09-05T11:52:11.2300853Z         "line" : 192,
2026-09-05T11:52:11.2301042Z         "parent" : 16
2026-09-05T11:52:11.2301228Z       },
2026-09-05T11:52:11.2301389Z       {
2026-09-05T11:52:11.2301551Z         "file" : 0
2026-09-05T11:52:11.2301729Z       },
2026-09-05T11:52:11.2301891Z       {
2026-09-05T11:52:11.2302059Z         "command" : 0,
2026-09-05T11:52:11.2302252Z         "file" : 0,
2026-09-05T11:52:11.2302434Z         "line" : 193,
2026-09-05T11:52:11.2302625Z         "parent" : 18
2026-09-05T11:52:11.2302817Z       },
2026-09-05T11:52:11.2302981Z       {
2026-09-05T11:52:11.2303150Z         "file" : 0
2026-09-05T11:52:11.2303328Z       },
2026-09-05T11:52:11.2303491Z       {
2026-09-05T11:52:11.2303665Z         "command" : 0,
2026-09-05T11:52:11.2303860Z         "file" : 0,
2026-09-05T11:52:11.2304077Z         "line" : 194,
2026-09-05T11:52:11.2304277Z         "parent" : 20
2026-09-05T11:52:11.2305413Z       },
2026-09-05T11:52:11.2305722Z       {
2026-09-05T11:52:11.2306022Z         "file" : 0
2026-09-05T11:52:11.2306348Z       },
2026-09-05T11:52:11.2306634Z       {
2026-09-05T11:52:11.2306944Z         "command" : 0,
2026-09-05T11:52:11.2307293Z         "file" : 0,
2026-09-05T11:52:11.2307620Z         "line" : 195,
2026-09-05T11:52:11.2307975Z         "parent" : 22
2026-09-05T11:52:11.2308305Z       },
2026-09-05T11:52:11.2308585Z       {
2026-09-05T11:52:11.2308868Z         "file" : 0
2026-09-05T11:52:11.2309187Z       },
2026-09-05T11:52:11.2309465Z       {
2026-09-05T11:52:11.2309764Z         "command" : 0,
2026-09-05T11:52:11.2310104Z         "file" : 0,
2026-09-05T11:52:11.2310425Z         "line" : 196,
2026-09-05T11:52:11.2310761Z         "parent" : 24
2026-09-05T11:52:11.2311092Z       },
2026-09-05T11:52:11.2311373Z       {
2026-09-05T11:52:11.2311660Z         "file" : 0
2026-09-05T11:52:11.2311969Z       },
2026-09-05T11:52:11.2312247Z       {
2026-09-05T11:52:11.2312744Z         "command" : 0,
2026-09-05T11:52:11.2313092Z         "file" : 0,
2026-09-05T11:52:11.2313415Z         "line" : 197,
2026-09-05T11:52:11.2313619Z         "parent" : 26
2026-09-05T11:52:11.2313814Z       },
2026-09-05T11:52:11.2313980Z       {
2026-09-05T11:52:11.2314145Z         "file" : 0
2026-09-05T11:52:11.2314584Z       },
2026-09-05T11:52:11.2314857Z       {
2026-09-05T11:52:11.2315048Z         "command" : 0,
2026-09-05T11:52:11.2315242Z         "file" : 0,
2026-09-05T11:52:11.2315425Z         "line" : 198,
2026-09-05T11:52:11.2315615Z         "parent" : 28
2026-09-05T11:52:11.2315799Z       },
2026-09-05T11:52:11.2315969Z       {
2026-09-05T11:52:11.2316132Z         "file" : 0
2026-09-05T11:52:11.2316312Z       },
2026-09-05T11:52:11.2316472Z       {
2026-09-05T11:52:11.2316639Z         "command" : 0,
2026-09-05T11:52:11.2316834Z         "file" : 0,
2026-09-05T11:52:11.2317014Z         "line" : 199,
2026-09-05T11:52:11.2317206Z         "parent" : 30
2026-09-05T11:52:11.2317391Z       },
2026-09-05T11:52:11.2317556Z       {
2026-09-05T11:52:11.2317719Z         "file" : 0
2026-09-05T11:52:11.2317910Z       },
2026-09-05T11:52:11.2318210Z       {
2026-09-05T11:52:11.2318502Z         "command" : 0,
2026-09-05T11:52:11.2318834Z         "file" : 0,
2026-09-05T11:52:11.2319148Z         "line" : 200,
2026-09-05T11:52:11.2319480Z         "parent" : 32
2026-09-05T11:52:11.2319801Z       },
2026-09-05T11:52:11.2320079Z       {
2026-09-05T11:52:11.2320359Z         "file" : 0
2026-09-05T11:52:11.2320669Z       },
2026-09-05T11:52:11.2320946Z       {
2026-09-05T11:52:11.2321234Z         "command" : 0,
2026-09-05T11:52:11.2321757Z         "file" : 0,
2026-09-05T11:52:11.2322095Z         "line" : 201,
2026-09-05T11:52:11.2322435Z         "parent" : 34
2026-09-05T11:52:11.2322758Z       },
2026-09-05T11:52:11.2323036Z       {
2026-09-05T11:52:11.2323316Z         "file" : 0
2026-09-05T11:52:11.2323628Z       },
2026-09-05T11:52:11.2323906Z       {
2026-09-05T11:52:11.2324194Z         "command" : 0,
2026-09-05T11:52:11.2324739Z         "file" : 0,
2026-09-05T11:52:11.2325063Z         "line" : 202,
2026-09-05T11:52:11.2325399Z         "parent" : 36
2026-09-05T11:52:11.2325723Z       },
2026-09-05T11:52:11.2326003Z       {
2026-09-05T11:52:11.2326294Z         "file" : 0
2026-09-05T11:52:11.2326602Z       },
2026-09-05T11:52:11.2326879Z       {
2026-09-05T11:52:11.2327173Z         "command" : 0,
2026-09-05T11:52:11.2327510Z         "file" : 0,
2026-09-05T11:52:11.2327738Z         "line" : 203,
2026-09-05T11:52:11.2327931Z         "parent" : 38
2026-09-05T11:52:11.2328117Z       },
2026-09-05T11:52:11.2328278Z       {
2026-09-05T11:52:11.2328445Z         "file" : 0
2026-09-05T11:52:11.2328619Z       },
2026-09-05T11:52:11.2328780Z       {
2026-09-05T11:52:11.2328945Z         "command" : 0,
2026-09-05T11:52:11.2329144Z         "file" : 0,
2026-09-05T11:52:11.2329328Z         "line" : 204,
2026-09-05T11:52:11.2329517Z         "parent" : 40
2026-09-05T11:52:11.2329699Z       },
2026-09-05T11:52:11.2329861Z       {
2026-09-05T11:52:11.2330030Z         "file" : 0
2026-09-05T11:52:11.2330205Z       },
2026-09-05T11:52:11.2330365Z       {
2026-09-05T11:52:11.2330529Z         "command" : 0,
2026-09-05T11:52:11.2330721Z         "file" : 0,
2026-09-05T11:52:11.2330902Z         "line" : 205,
2026-09-05T11:52:11.2331090Z         "parent" : 42
2026-09-05T11:52:11.2331279Z       },
2026-09-05T11:52:11.2331439Z       {
2026-09-05T11:52:11.2331600Z         "file" : 0
2026-09-05T11:52:11.2331774Z       },
2026-09-05T11:52:11.2331933Z       {
2026-09-05T11:52:11.2332098Z         "command" : 0,
2026-09-05T11:52:11.2332286Z         "file" : 0,
2026-09-05T11:52:11.2332472Z         "line" : 206,
2026-09-05T11:52:11.2332661Z         "parent" : 44
2026-09-05T11:52:11.2332841Z       },
2026-09-05T11:52:11.2333003Z       {
2026-09-05T11:52:11.2333164Z         "file" : 0
2026-09-05T11:52:11.2333340Z       },
2026-09-05T11:52:11.2333509Z       {
2026-09-05T11:52:11.2333674Z         "command" : 0,
2026-09-05T11:52:11.2333864Z         "file" : 0,
2026-09-05T11:52:11.2334188Z         "line" : 207,
2026-09-05T11:52:11.2334630Z         "parent" : 46
2026-09-05T11:52:11.2334927Z       },
2026-09-05T11:52:11.2335090Z       {
2026-09-05T11:52:11.2335252Z         "file" : 0
2026-09-05T11:52:11.2335427Z       },
2026-09-05T11:52:11.2335587Z       {
2026-09-05T11:52:11.2335751Z         "command" : 0,
2026-09-05T11:52:11.2335941Z         "file" : 0,
2026-09-05T11:52:11.2336122Z         "line" : 208,
2026-09-05T11:52:11.2336317Z         "parent" : 48
2026-09-05T11:52:11.2336500Z       },
2026-09-05T11:52:11.2336661Z       {
2026-09-05T11:52:11.2336821Z         "file" : 0
2026-09-05T11:52:11.2337003Z       },
2026-09-05T11:52:11.2337164Z       {
2026-09-05T11:52:11.2337328Z         "command" : 0,
2026-09-05T11:52:11.2337524Z         "file" : 0,
2026-09-05T11:52:11.2337710Z         "line" : 209,
2026-09-05T11:52:11.2337902Z         "parent" : 50
2026-09-05T11:52:11.2338090Z       },
2026-09-05T11:52:11.2338253Z       {
2026-09-05T11:52:11.2338422Z         "file" : 0
2026-09-05T11:52:11.2338601Z       },
2026-09-05T11:52:11.2338760Z       {
2026-09-05T11:52:11.2338924Z         "command" : 0,
2026-09-05T11:52:11.2339116Z         "file" : 0,
2026-09-05T11:52:11.2339296Z         "line" : 210,
2026-09-05T11:52:11.2339487Z         "parent" : 52
2026-09-05T11:52:11.2339673Z       },
2026-09-05T11:52:11.2339834Z       {
2026-09-05T11:52:11.2339996Z         "file" : 0
2026-09-05T11:52:11.2340171Z       },
2026-09-05T11:52:11.2340333Z       {
2026-09-05T11:52:11.2340497Z         "command" : 0,
2026-09-05T11:52:11.2340692Z         "file" : 0,
2026-09-05T11:52:11.2340876Z         "line" : 211,
2026-09-05T11:52:11.2341202Z         "parent" : 54
2026-09-05T11:52:11.2341392Z       },
2026-09-05T11:52:11.2341552Z       {
2026-09-05T11:52:11.2341716Z         "file" : 0
2026-09-05T11:52:11.2341892Z       },
2026-09-05T11:52:11.2342050Z       {
2026-09-05T11:52:11.2342215Z         "command" : 0,
2026-09-05T11:52:11.2342405Z         "file" : 0,
2026-09-05T11:52:11.2342586Z         "line" : 212,
2026-09-05T11:52:11.2342778Z         "parent" : 56
2026-09-05T11:52:11.2342964Z       },
2026-09-05T11:52:11.2343123Z       {
2026-09-05T11:52:11.2343284Z         "file" : 0
2026-09-05T11:52:11.2343460Z       },
2026-09-05T11:52:11.2343620Z       {
2026-09-05T11:52:11.2343785Z         "command" : 0,
2026-09-05T11:52:11.2343974Z         "file" : 0,
2026-09-05T11:52:11.2344191Z         "line" : 213,
2026-09-05T11:52:11.2344648Z         "parent" : 58
2026-09-05T11:52:11.2344942Z       },
2026-09-05T11:52:11.2345103Z       {
2026-09-05T11:52:11.2345272Z         "file" : 0
2026-09-05T11:52:11.2345450Z       },
2026-09-05T11:52:11.2345620Z       {
2026-09-05T11:52:11.2345788Z         "command" : 0,
2026-09-05T11:52:11.2345977Z         "file" : 0,
2026-09-05T11:52:11.2346156Z         "line" : 214,
2026-09-05T11:52:11.2346348Z         "parent" : 60
2026-09-05T11:52:11.2346532Z       },
2026-09-05T11:52:11.2346694Z       {
2026-09-05T11:52:11.2346857Z         "file" : 0
2026-09-05T11:52:11.2347031Z       },
2026-09-05T11:52:11.2347193Z       {
2026-09-05T11:52:11.2347361Z         "command" : 0,
2026-09-05T11:52:11.2347550Z         "file" : 0,
2026-09-05T11:52:11.2347742Z         "line" : 215,
2026-09-05T11:52:11.2347936Z         "parent" : 62
2026-09-05T11:52:11.2348121Z       },
2026-09-05T11:52:11.2348283Z       {
2026-09-05T11:52:11.2348449Z         "file" : 0
2026-09-05T11:52:11.2348629Z       },
2026-09-05T11:52:11.2348790Z       {
2026-09-05T11:52:11.2348957Z         "command" : 0,
2026-09-05T11:52:11.2349153Z         "file" : 0,
2026-09-05T11:52:11.2349336Z         "line" : 216,
2026-09-05T11:52:11.2349530Z         "parent" : 64
2026-09-05T11:52:11.2349716Z       },
2026-09-05T11:52:11.2349876Z       {
2026-09-05T11:52:11.2350042Z         "file" : 0
2026-09-05T11:52:11.2350220Z       },
2026-09-05T11:52:11.2350379Z       {
2026-09-05T11:52:11.2350547Z         "command" : 0,
2026-09-05T11:52:11.2350738Z         "file" : 0,
2026-09-05T11:52:11.2350920Z         "line" : 217,
2026-09-05T11:52:11.2351109Z         "parent" : 66
2026-09-05T11:52:11.2351435Z       },
2026-09-05T11:52:11.2351593Z       {
2026-09-05T11:52:11.2351757Z         "file" : 0
2026-09-05T11:52:11.2351932Z       },
2026-09-05T11:52:11.2352092Z       {
2026-09-05T11:52:11.2352262Z         "command" : 0,
2026-09-05T11:52:11.2352456Z         "file" : 0,
2026-09-05T11:52:11.2352637Z         "line" : 218,
2026-09-05T11:52:11.2352825Z         "parent" : 68
2026-09-05T11:52:11.2353009Z       },
2026-09-05T11:52:11.2353167Z       {
2026-09-05T11:52:11.2353329Z         "file" : 0
2026-09-05T11:52:11.2353506Z       },
2026-09-05T11:52:11.2353667Z       {
2026-09-05T11:52:11.2353838Z         "command" : 0,
2026-09-05T11:52:11.2354028Z         "file" : 0,
2026-09-05T11:52:11.2354209Z         "line" : 219,
2026-09-05T11:52:11.2354681Z         "parent" : 70
2026-09-05T11:52:11.2354996Z       },
2026-09-05T11:52:11.2355158Z       {
2026-09-05T11:52:11.2355318Z         "file" : 0
2026-09-05T11:52:11.2355493Z       },
2026-09-05T11:52:11.2355651Z       {
2026-09-05T11:52:11.2355818Z         "command" : 0,
2026-09-05T11:52:11.2356011Z         "file" : 0,
2026-09-05T11:52:11.2356193Z         "line" : 220,
2026-09-05T11:52:11.2356383Z         "parent" : 72
2026-09-05T11:52:11.2356565Z       },
2026-09-05T11:52:11.2356725Z       {
2026-09-05T11:52:11.2356887Z         "file" : 0
2026-09-05T11:52:11.2357072Z       },
2026-09-05T11:52:11.2357229Z       {
2026-09-05T11:52:11.2357393Z         "command" : 0,
2026-09-05T11:52:11.2357582Z         "file" : 0,
2026-09-05T11:52:11.2357763Z         "line" : 221,
2026-09-05T11:52:11.2357955Z         "parent" : 74
2026-09-05T11:52:11.2358139Z       },
2026-09-05T11:52:11.2358425Z       {
2026-09-05T11:52:11.2358594Z         "file" : 0
2026-09-05T11:52:11.2358771Z       },
2026-09-05T11:52:11.2358929Z       {
2026-09-05T11:52:11.2359091Z         "command" : 0,
2026-09-05T11:52:11.2359280Z         "file" : 0,
2026-09-05T11:52:11.2359466Z         "line" : 222,
2026-09-05T11:52:11.2359651Z         "parent" : 76
2026-09-05T11:52:11.2359841Z       },
2026-09-05T11:52:11.2359999Z       {
2026-09-05T11:52:11.2360161Z         "file" : 0
2026-09-05T11:52:11.2360342Z       },
2026-09-05T11:52:11.2360506Z       {
2026-09-05T11:52:11.2360672Z         "command" : 0,
2026-09-05T11:52:11.2360861Z         "file" : 0,
2026-09-05T11:52:11.2361044Z         "line" : 223,
2026-09-05T11:52:11.2361232Z         "parent" : 78
2026-09-05T11:52:11.2361414Z       },
2026-09-05T11:52:11.2361578Z       {
2026-09-05T11:52:11.2361738Z         "file" : 0
2026-09-05T11:52:11.2361913Z       },
2026-09-05T11:52:11.2362071Z       {
2026-09-05T11:52:11.2362236Z         "command" : 0,
2026-09-05T11:52:11.2362431Z         "file" : 0,
2026-09-05T11:52:11.2362616Z         "line" : 224,
2026-09-05T11:52:11.2362806Z         "parent" : 80
2026-09-05T11:52:11.2362989Z       },
2026-09-05T11:52:11.2363180Z       {
2026-09-05T11:52:11.2363456Z         "file" : 0
2026-09-05T11:52:11.2363733Z       },
2026-09-05T11:52:11.2363979Z       {
2026-09-05T11:52:11.2364239Z         "command" : 0,
2026-09-05T11:52:11.2364738Z         "file" : 0,
2026-09-05T11:52:11.2365027Z         "line" : 225,
2026-09-05T11:52:11.2365324Z         "parent" : 82
2026-09-05T11:52:11.2365614Z       },
2026-09-05T11:52:11.2365869Z       {
2026-09-05T11:52:11.2366121Z         "file" : 0
2026-09-05T11:52:11.2366396Z       },
2026-09-05T11:52:11.2366645Z       {
2026-09-05T11:52:11.2366905Z         "command" : 0,
2026-09-05T11:52:11.2367204Z         "file" : 0,
2026-09-05T11:52:11.2367489Z         "line" : 226,
2026-09-05T11:52:11.2367790Z         "parent" : 84
2026-09-05T11:52:11.2368084Z       },
2026-09-05T11:52:11.2368333Z       {
2026-09-05T11:52:11.2368590Z         "file" : 0
2026-09-05T11:52:11.2368865Z       },
2026-09-05T11:52:11.2369114Z       {
2026-09-05T11:52:11.2369377Z         "command" : 0,
2026-09-05T11:52:11.2369677Z         "file" : 0,
2026-09-05T11:52:11.2369962Z         "line" : 227,
2026-09-05T11:52:11.2370258Z         "parent" : 86
2026-09-05T11:52:11.2370556Z       },
2026-09-05T11:52:11.2370969Z       {
2026-09-05T11:52:11.2371224Z         "file" : 0
2026-09-05T11:52:11.2371508Z       },
2026-09-05T11:52:11.2371757Z       {
2026-09-05T11:52:11.2372013Z         "command" : 0,
2026-09-05T11:52:11.2372312Z         "file" : 0,
2026-09-05T11:52:11.2372596Z         "line" : 228,
2026-09-05T11:52:11.2372903Z         "parent" : 88
2026-09-05T11:52:11.2373193Z       },
2026-09-05T11:52:11.2373441Z       {
2026-09-05T11:52:11.2373693Z         "file" : 0
2026-09-05T11:52:11.2373974Z       },
2026-09-05T11:52:11.2374221Z       {
2026-09-05T11:52:11.2374668Z         "command" : 0,
2026-09-05T11:52:11.2374973Z         "file" : 0,
2026-09-05T11:52:11.2375267Z         "line" : 229,
2026-09-05T11:52:11.2375562Z         "parent" : 90
2026-09-05T11:52:11.2375859Z       },
2026-09-05T11:52:11.2376110Z       {
2026-09-05T11:52:11.2376359Z         "file" : 0
2026-09-05T11:52:11.2376634Z       },
2026-09-05T11:52:11.2376884Z       {
2026-09-05T11:52:11.2377146Z         "command" : 0,
2026-09-05T11:52:11.2377444Z         "file" : 0,
2026-09-05T11:52:11.2377736Z         "line" : 231,
2026-09-05T11:52:11.2378028Z         "parent" : 92
2026-09-05T11:52:11.2378321Z       },
2026-09-05T11:52:11.2378575Z       {
2026-09-05T11:52:11.2378826Z         "file" : 0
2026-09-05T11:52:11.2379099Z       },
2026-09-05T11:52:11.2379350Z       {
2026-09-05T11:52:11.2379605Z         "command" : 0,
2026-09-05T11:52:11.2379902Z         "file" : 0,
2026-09-05T11:52:11.2380186Z         "line" : 232,
2026-09-05T11:52:11.2380484Z         "parent" : 94
2026-09-05T11:52:11.2380773Z       },
2026-09-05T11:52:11.2381021Z       {
2026-09-05T11:52:11.2381269Z         "file" : 0
2026-09-05T11:52:11.2381697Z       },
2026-09-05T11:52:11.2381957Z       {
2026-09-05T11:52:11.2382218Z         "command" : 0,
2026-09-05T11:52:11.2382521Z         "file" : 0,
2026-09-05T11:52:11.2382809Z         "line" : 233,
2026-09-05T11:52:11.2383103Z         "parent" : 96
2026-09-05T11:52:11.2383391Z       },
2026-09-05T11:52:11.2383638Z       {
2026-09-05T11:52:11.2383891Z         "file" : 0
2026-09-05T11:52:11.2384174Z       },
2026-09-05T11:52:11.2384596Z       {
2026-09-05T11:52:11.2384860Z         "command" : 0,
2026-09-05T11:52:11.2385162Z         "file" : 0,
2026-09-05T11:52:11.2385448Z         "line" : 234,
2026-09-05T11:52:11.2385754Z         "parent" : 98
2026-09-05T11:52:11.2386046Z       },
2026-09-05T11:52:11.2386294Z       {
2026-09-05T11:52:11.2386544Z         "file" : 0
2026-09-05T11:52:11.2386820Z       },
2026-09-05T11:52:11.2387072Z       {
2026-09-05T11:52:11.2387328Z         "command" : 0,
2026-09-05T11:52:11.2387627Z         "file" : 0,
2026-09-05T11:52:11.2387915Z         "line" : 236,
2026-09-05T11:52:11.2388218Z         "parent" : 100
2026-09-05T11:52:11.2388511Z       },
2026-09-05T11:52:11.2388762Z       {
2026-09-05T11:52:11.2389012Z         "file" : 0
2026-09-05T11:52:11.2389299Z       },
2026-09-05T11:52:11.2389549Z       {
2026-09-05T11:52:11.2389804Z         "command" : 0,
2026-09-05T11:52:11.2407916Z         "file" : 0,
2026-09-05T11:52:11.2408252Z         "line" : 237,
2026-09-05T11:52:11.2408597Z         "parent" : 102
2026-09-05T11:52:11.2408919Z       },
2026-09-05T11:52:11.2409180Z       {
2026-09-05T11:52:11.2409449Z         "file" : 0
2026-09-05T11:52:11.2409740Z       },
2026-09-05T11:52:11.2409998Z       {
2026-09-05T11:52:11.2410261Z         "command" : 0,
2026-09-05T11:52:11.2410580Z         "file" : 0,
2026-09-05T11:52:11.2410875Z         "line" : 238,
2026-09-05T11:52:11.2411181Z         "parent" : 104
2026-09-05T11:52:11.2411481Z       },
2026-09-05T11:52:11.2411750Z       {
2026-09-05T11:52:11.2412006Z         "file" : 0
2026-09-05T11:52:11.2412291Z       },
2026-09-05T11:52:11.2412547Z       {
2026-09-05T11:52:11.2412812Z         "command" : 0,
2026-09-05T11:52:11.2413124Z         "file" : 0,
2026-09-05T11:52:11.2413412Z         "line" : 239,
2026-09-05T11:52:11.2413720Z         "parent" : 106
2026-09-05T11:52:11.2414018Z       },
2026-09-05T11:52:11.2414276Z       {
2026-09-05T11:52:11.2414731Z         "file" : 0
2026-09-05T11:52:11.2415225Z       },
2026-09-05T11:52:11.2415485Z       {
2026-09-05T11:52:11.2415751Z         "command" : 0,
2026-09-05T11:52:11.2416058Z         "file" : 0,
2026-09-05T11:52:11.2416349Z         "line" : 240,
2026-09-05T11:52:11.2416654Z         "parent" : 108
2026-09-05T11:52:11.2416953Z       },
2026-09-05T11:52:11.2417207Z       {
2026-09-05T11:52:11.2417466Z         "file" : 0
2026-09-05T11:52:11.2417742Z       },
2026-09-05T11:52:11.2417989Z       {
2026-09-05T11:52:11.2418249Z         "command" : 0,
2026-09-05T11:52:11.2418548Z         "file" : 0,
2026-09-05T11:52:11.2418831Z         "line" : 241,
2026-09-05T11:52:11.2419133Z         "parent" : 110
2026-09-05T11:52:11.2419434Z       },
2026-09-05T11:52:11.2419681Z       {
2026-09-05T11:52:11.2419933Z         "file" : 0
2026-09-05T11:52:11.2420203Z       },
2026-09-05T11:52:11.2420463Z       {
2026-09-05T11:52:11.2420718Z         "command" : 0,
2026-09-05T11:52:11.2421020Z         "file" : 0,
2026-09-05T11:52:11.2421302Z         "line" : 243,
2026-09-05T11:52:11.2421606Z         "parent" : 112
2026-09-05T11:52:11.2421899Z       },
2026-09-05T11:52:11.2422147Z       {
2026-09-05T11:52:11.2422396Z         "file" : 0
2026-09-05T11:52:11.2422677Z       },
2026-09-05T11:52:11.2422927Z       {
2026-09-05T11:52:11.2423180Z         "command" : 0,
2026-09-05T11:52:11.2423481Z         "file" : 0,
2026-09-05T11:52:11.2423764Z         "line" : 245,
2026-09-05T11:52:11.2424071Z         "parent" : 114
2026-09-05T11:52:11.2424952Z       },
2026-09-05T11:52:11.2425227Z       {
2026-09-05T11:52:11.2425481Z         "file" : 0
2026-09-05T11:52:11.2425766Z       },
2026-09-05T11:52:11.2426016Z       {
2026-09-05T11:52:11.2426438Z         "command" : 0,
2026-09-05T11:52:11.2426752Z         "file" : 0,
2026-09-05T11:52:11.2427042Z         "line" : 247,
2026-09-05T11:52:11.2427341Z         "parent" : 116
2026-09-05T11:52:11.2427636Z       },
2026-09-05T11:52:11.2427883Z       {
2026-09-05T11:52:11.2428144Z         "file" : 0
2026-09-05T11:52:11.2428421Z       },
2026-09-05T11:52:11.2428673Z       {
2026-09-05T11:52:11.2428928Z         "command" : 0,
2026-09-05T11:52:11.2429235Z         "file" : 0,
2026-09-05T11:52:11.2429518Z         "line" : 249,
2026-09-05T11:52:11.2429817Z         "parent" : 118
2026-09-05T11:52:11.2430109Z       }
2026-09-05T11:52:11.2430359Z     ]
2026-09-05T11:52:11.2430610Z   },
2026-09-05T11:52:11.2430873Z   "kind" : "ctestInfo",
2026-09-05T11:52:11.2431187Z   "tests" : 
2026-09-05T11:52:11.2431458Z   [
2026-09-05T11:52:11.2431710Z     {
2026-09-05T11:52:11.2431978Z       "backtrace" : 1,
2026-09-05T11:52:11.2432288Z       "command" : 
2026-09-05T11:52:11.2432567Z       [
2026-09-05T11:52:11.2432944Z         "/home/runner/work/20231788./20231788./build/dcp_rcb_test"
2026-09-05T11:52:11.2433435Z       ],
2026-09-05T11:52:11.2433704Z       "name" : "dcp_rcb",
2026-09-05T11:52:11.2434044Z       "properties" : 
2026-09-05T11:52:11.2434527Z       [
2026-09-05T11:52:11.2434787Z         {
2026-09-05T11:52:11.2435071Z           "name" : "WORKING_DIRECTORY",
2026-09-05T11:52:11.2435550Z           "value" : "/home/runner/work/20231788./20231788./build"
2026-09-05T11:52:11.2436019Z         }
2026-09-05T11:52:11.2436267Z       ]
2026-09-05T11:52:11.2436512Z     },
2026-09-05T11:52:11.2436759Z     {
2026-09-05T11:52:11.2437025Z       "backtrace" : 3,
2026-09-05T11:52:11.2437331Z       "command" : 
2026-09-05T11:52:11.2437610Z       [
2026-09-05T11:52:11.2438083Z         "/home/runner/work/20231788./20231788./build/precision_dcp_rcb_contract_test"
2026-09-05T11:52:11.2438679Z       ],
2026-09-05T11:52:11.2439031Z       "name" : "precision_dcp_rcb_high_precision_contract",
2026-09-05T11:52:11.2439526Z       "properties" : 
2026-09-05T11:52:11.2439836Z       [
2026-09-05T11:52:11.2440086Z         {
2026-09-05T11:52:11.2440373Z           "name" : "WORKING_DIRECTORY",
2026-09-05T11:52:11.2440840Z           "value" : "/home/runner/work/20231788./20231788./build"
2026-09-05T11:52:11.2441298Z         }
2026-09-05T11:52:11.2441553Z       ]
2026-09-05T11:52:11.2441795Z     },
2026-09-05T11:52:11.2442200Z     {
2026-09-05T11:52:11.2442460Z       "backtrace" : 5,
2026-09-05T11:52:11.2442771Z       "command" : 
2026-09-05T11:52:11.2443052Z       [
2026-09-05T11:52:11.2443535Z         "/home/runner/work/20231788./20231788./build/precision_first_mult2_contract_test"
2026-09-05T11:52:11.2444203Z       ],
2026-09-05T11:52:11.2444744Z       "name" : "precision_first_mult2_high_precision_contract",
2026-09-05T11:52:11.2445243Z       "properties" : 
2026-09-05T11:52:11.2445540Z       [
2026-09-05T11:52:11.2445791Z         {
2026-09-05T11:52:11.2446069Z           "name" : "WORKING_DIRECTORY",
2026-09-05T11:52:11.2446533Z           "value" : "/home/runner/work/20231788./20231788./build"
2026-09-05T11:52:11.2446986Z         }
2026-09-05T11:52:11.2447234Z       ]
2026-09-05T11:52:11.2447479Z     },
2026-09-05T11:52:11.2447722Z     {
2026-09-05T11:52:11.2447981Z       "backtrace" : 7,
2026-09-05T11:52:11.2448293Z       "command" : 
2026-09-05T11:52:11.2448570Z       [
2026-09-05T11:52:11.2448932Z         "/home/runner/work/20231788./20231788./build/pair_add_test"
2026-09-05T11:52:11.2449423Z       ],
2026-09-05T11:52:11.2449714Z       "name" : "pair_add_runtime_behavior",
2026-09-05T11:52:11.2450122Z       "properties" : 
2026-09-05T11:52:11.2450419Z       [
2026-09-05T11:52:11.2450668Z         {
2026-09-05T11:52:11.2450945Z           "name" : "WORKING_DIRECTORY",
2026-09-05T11:52:11.2451398Z           "value" : "/home/runner/work/20231788./20231788./build"
2026-09-05T11:52:11.2451848Z         }
2026-09-05T11:52:11.2452100Z       ]
2026-09-05T11:52:11.2452344Z     },
2026-09-05T11:52:11.2452588Z     {
2026-09-05T11:52:11.2452995Z       "backtrace" : 9,
2026-09-05T11:52:11.2453308Z       "command" : 
2026-09-05T11:52:11.2453588Z       [
2026-09-05T11:52:11.2453953Z         "/home/runner/work/20231788./20231788./build/pair_sub_test"
2026-09-05T11:52:11.2459382Z       ],
2026-09-05T11:52:11.2459712Z       "name" : "pair_sub_runtime_behavior",
2026-09-05T11:52:11.2460144Z       "properties" : 
2026-09-05T11:52:11.2460471Z       [
2026-09-05T11:52:11.2460729Z         {
2026-09-05T11:52:11.2461020Z           "name" : "WORKING_DIRECTORY",
2026-09-05T11:52:11.2461504Z           "value" : "/home/runner/work/20231788./20231788./build"
2026-09-05T11:52:11.2461971Z         }
2026-09-05T11:52:11.2462229Z       ]
2026-09-05T11:52:11.2462477Z     },
2026-09-05T11:52:11.2462731Z     {
2026-09-05T11:52:11.2462992Z       "backtrace" : 11,
2026-09-05T11:52:11.2463308Z       "command" : 
2026-09-05T11:52:11.2463592Z       [
2026-09-05T11:52:11.2464016Z         "/home/runner/work/20231788./20231788./build/pair_arithmetic_test",
2026-09-05T11:52:11.2464824Z         "controlled_oracle"
2026-09-05T11:52:11.2465158Z       ],
2026-09-05T11:52:11.2465480Z       "name" : "pair_arithmetic_controlled_oracle",
2026-09-05T11:52:11.2465934Z       "properties" : 
2026-09-05T11:52:11.2466249Z       [
2026-09-05T11:52:11.2466504Z         {
2026-09-05T11:52:11.2466788Z           "name" : "WORKING_DIRECTORY",
2026-09-05T11:52:11.2467260Z           "value" : "/home/runner/work/20231788./20231788./build"
2026-09-05T11:52:11.2467721Z         }
2026-09-05T11:52:11.2467972Z       ]
2026-09-05T11:52:11.2468223Z     },
2026-09-05T11:52:11.2468472Z     {
2026-09-05T11:52:11.2468740Z       "backtrace" : 13,
2026-09-05T11:52:11.2469054Z       "command" : 
2026-09-05T11:52:11.2469338Z       [
2026-09-05T11:52:11.2469750Z         "/home/runner/work/20231788./20231788./build/pair_arithmetic_test",
2026-09-05T11:52:11.2470327Z         "public_lifecycles_keyless"
2026-09-05T11:52:11.2470694Z       ],
2026-09-05T11:52:11.2471039Z       "name" : "pair_arithmetic_public_lifecycles_keyless",
2026-09-05T11:52:11.2471525Z       "properties" : 
2026-09-05T11:52:11.2471826Z       [
2026-09-05T11:52:11.2472070Z         {
2026-09-05T11:52:11.2472350Z           "name" : "WORKING_DIRECTORY",
2026-09-05T11:52:11.2472816Z           "value" : "/home/runner/work/20231788./20231788./build"
2026-09-05T11:52:11.2473268Z         }
2026-09-05T11:52:11.2473516Z       ]
2026-09-05T11:52:11.2474035Z     },
2026-09-05T11:52:11.2474285Z     {
2026-09-05T11:52:11.2474741Z       "backtrace" : 15,
2026-09-05T11:52:11.2475057Z       "command" : 
2026-09-05T11:52:11.2475339Z       [
2026-09-05T11:52:11.2475751Z         "/home/runner/work/20231788./20231788./build/pair_arithmetic_test",
2026-09-05T11:52:11.2476321Z         "compatibility_rejections"
2026-09-05T11:52:11.2476687Z       ],
2026-09-05T11:52:11.2477037Z       "name" : "pair_arithmetic_compatibility_rejections",
2026-09-05T11:52:11.2477510Z       "properties" : 
2026-09-05T11:52:11.2477811Z       [
2026-09-05T11:52:11.2478085Z         {
2026-09-05T11:52:11.2478374Z           "name" : "WORKING_DIRECTORY",
2026-09-05T11:52:11.2478840Z           "value" : "/home/runner/work/20231788./20231788./build"
2026-09-05T11:52:11.2479297Z         }
2026-09-05T11:52:11.2479549Z       ]
2026-09-05T11:52:11.2479799Z     },
2026-09-05T11:52:11.2480051Z     {
2026-09-05T11:52:11.2480315Z       "backtrace" : 17,
2026-09-05T11:52:11.2480633Z       "command" : 
2026-09-05T11:52:11.2480919Z       [
2026-09-05T11:52:11.2481286Z         "/home/runner/work/20231788./20231788./build/tensor2_test",
2026-09-05T11:52:11.2481811Z         "valid_arithmetic_immutability"
2026-09-05T11:52:11.2482195Z       ],
2026-09-05T11:52:11.2482523Z       "name" : "tensor2_valid_arithmetic_immutability",
2026-09-05T11:52:11.2482987Z       "properties" : 
2026-09-05T11:52:11.2483288Z       [
2026-09-05T11:52:11.2483535Z         {
2026-09-05T11:52:11.2483817Z           "name" : "WORKING_DIRECTORY",
2026-09-05T11:52:11.2484284Z           "value" : "/home/runner/work/20231788./20231788./build"
2026-09-05T11:52:11.2485052Z         }
2026-09-05T11:52:11.2485315Z       ]
2026-09-05T11:52:11.2485562Z     },
2026-09-05T11:52:11.2485814Z     {
2026-09-05T11:52:11.2486077Z       "backtrace" : 19,
2026-09-05T11:52:11.2486389Z       "command" : 
2026-09-05T11:52:11.2486680Z       [
2026-09-05T11:52:11.2487051Z         "/home/runner/work/20231788./20231788./build/tensor2_test",
2026-09-05T11:52:11.2487556Z         "result_scale_contract"
2026-09-05T11:52:11.2487905Z       ],
2026-09-05T11:52:11.2488216Z       "name" : "tensor2_result_scale_contract",
2026-09-05T11:52:11.2488641Z       "properties" : 
2026-09-05T11:52:11.2488939Z       [
2026-09-05T11:52:11.2489191Z         {
2026-09-05T11:52:11.2489468Z           "name" : "WORKING_DIRECTORY",
2026-09-05T11:52:11.2489923Z           "value" : "/home/runner/work/20231788./20231788./build"
2026-09-05T11:52:11.2490377Z         }
2026-09-05T11:52:11.2490628Z       ]
2026-09-05T11:52:11.2490883Z     },
2026-09-05T11:52:11.2491131Z     {
2026-09-05T11:52:11.2491392Z       "backtrace" : 21,
2026-09-05T11:52:11.2491712Z       "command" : 
2026-09-05T11:52:11.2491995Z       [
2026-09-05T11:52:11.2492354Z         "/home/runner/work/20231788./20231788./build/tensor2_test",
2026-09-05T11:52:11.2492865Z         "right_input_validation"
2026-09-05T11:52:11.2493218Z       ],
2026-09-05T11:52:11.2493530Z       "name" : "tensor2_right_input_validation",
2026-09-05T11:52:11.2493968Z       "properties" : 
2026-09-05T11:52:11.2494274Z       [
2026-09-05T11:52:11.2494714Z         {
2026-09-05T11:52:11.2494997Z           "name" : "WORKING_DIRECTORY",
2026-09-05T11:52:11.2495510Z           "value" : "/home/runner/work/20231788./20231788./build"
2026-09-05T11:52:11.2495964Z         }
2026-09-05T11:52:11.2496214Z       ]
2026-09-05T11:52:11.2496459Z     },
2026-09-05T11:52:11.2496712Z     {
2026-09-05T11:52:11.2496971Z       "backtrace" : 23,
2026-09-05T11:52:11.2497282Z       "command" : 
2026-09-05T11:52:11.2497564Z       [
2026-09-05T11:52:11.2497934Z         "/home/runner/work/20231788./20231788./build/tensor2_test",
2026-09-05T11:52:11.2498439Z         "mutual_compatibility"
2026-09-05T11:52:11.2498786Z       ],
2026-09-05T11:52:11.2499097Z       "name" : "tensor2_mutual_compatibility",
2026-09-05T11:52:11.2499521Z       "properties" : 
2026-09-05T11:52:11.2499816Z       [
2026-09-05T11:52:11.2500064Z         {
2026-09-05T11:52:11.2500350Z           "name" : "WORKING_DIRECTORY",
2026-09-05T11:52:11.2500982Z           "value" : "/home/runner/work/20231788./20231788./build"
2026-09-05T11:52:11.2501433Z         }
2026-09-05T11:52:11.2501684Z       ]
2026-09-05T11:52:11.2501928Z     },
2026-09-05T11:52:11.2502171Z     {
2026-09-05T11:52:11.2502431Z       "backtrace" : 25,
2026-09-05T11:52:11.2502751Z       "command" : 
2026-09-05T11:52:11.2503029Z       [
2026-09-05T11:52:11.2503384Z         "/home/runner/work/20231788./20231788./build/tensor2_test",
2026-09-05T11:52:11.2503906Z         "prearithmetic_key_compatibility"
2026-09-05T11:52:11.2504297Z       ],
2026-09-05T11:52:11.2504830Z       "name" : "tensor2_prearithmetic_key_compatibility",
2026-09-05T11:52:11.2505293Z       "properties" : 
2026-09-05T11:52:11.2505593Z       [
2026-09-05T11:52:11.2505848Z         {
2026-09-05T11:52:11.2506123Z           "name" : "WORKING_DIRECTORY",
2026-09-05T11:52:11.2506575Z           "value" : "/home/runner/work/20231788./20231788./build"
2026-09-05T11:52:11.2507033Z         }
2026-09-05T11:52:11.2507282Z       ]
2026-09-05T11:52:11.2507531Z     },
2026-09-05T11:52:11.2507777Z     {
2026-09-05T11:52:11.2508044Z       "backtrace" : 27,
2026-09-05T11:52:11.2508356Z       "command" : 
2026-09-05T11:52:11.2508637Z       [
2026-09-05T11:52:11.2508994Z         "/home/runner/work/20231788./20231788./build/relin2_test",
2026-09-05T11:52:11.2509497Z         "tensor_validation_order"
2026-09-05T11:52:11.2509844Z       ],
2026-09-05T11:52:11.2510148Z       "name" : "relin2_tensor_validation_order",
2026-09-05T11:52:11.2510582Z       "properties" : 
2026-09-05T11:52:11.2510893Z       [
2026-09-05T11:52:11.2511139Z         {
2026-09-05T11:52:11.2511611Z           "name" : "WORKING_DIRECTORY",
2026-09-05T11:52:11.2512068Z           "value" : "/home/runner/work/20231788./20231788./build"
2026-09-05T11:52:11.2512510Z         }
2026-09-05T11:52:11.2512764Z       ]
2026-09-05T11:52:11.2513014Z     },
2026-09-05T11:52:11.2513258Z     {
2026-09-05T11:52:11.2513513Z       "backtrace" : 29,
2026-09-05T11:52:11.2513827Z       "command" : 
2026-09-05T11:52:11.2514115Z       [
2026-09-05T11:52:11.2514638Z         "/home/runner/work/20231788./20231788./build/relin2_test",
2026-09-05T11:52:11.2515148Z         "insufficient_active_basis"
2026-09-05T11:52:11.2515508Z       ],
2026-09-05T11:52:11.2515821Z       "name" : "relin2_insufficient_active_basis",
2026-09-05T11:52:11.2516257Z       "properties" : 
2026-09-05T11:52:11.2516553Z       [
2026-09-05T11:52:11.2516802Z         {
2026-09-05T11:52:11.2517085Z           "name" : "WORKING_DIRECTORY",
2026-09-05T11:52:11.2517531Z           "value" : "/home/runner/work/20231788./20231788./build"
2026-09-05T11:52:11.2517984Z         }
2026-09-05T11:52:11.2518233Z       ]
2026-09-05T11:52:11.2518475Z     },
2026-09-05T11:52:11.2518720Z     {
2026-09-05T11:52:11.2518977Z       "backtrace" : 31,
2026-09-05T11:52:11.2519288Z       "command" : 
2026-09-05T11:52:11.2519565Z       [
2026-09-05T11:52:11.2519911Z         "/home/runner/work/20231788./20231788./build/relin2_test",
2026-09-05T11:52:11.2520400Z         "missing_eval_key"
2026-09-05T11:52:11.2520725Z       ],
2026-09-05T11:52:11.2521005Z       "name" : "relin2_missing_eval_key",
2026-09-05T11:52:11.2521397Z       "properties" : 
2026-09-05T11:52:11.2521695Z       [
2026-09-05T11:52:11.2521939Z         {
2026-09-05T11:52:11.2522213Z           "name" : "WORKING_DIRECTORY",
2026-09-05T11:52:11.2522664Z           "value" : "/home/runner/work/20231788./20231788./build"
2026-09-05T11:52:11.2523109Z         }
2026-09-05T11:52:11.2523356Z       ]
2026-09-05T11:52:11.2523600Z     },
2026-09-05T11:52:11.2523851Z     {
2026-09-05T11:52:11.2524111Z       "backtrace" : 33,
2026-09-05T11:52:11.2524587Z       "command" : 
2026-09-05T11:52:11.2524870Z       [
2026-09-05T11:52:11.2525224Z         "/home/runner/work/20231788./20231788./build/relin2_test",
2026-09-05T11:52:11.2525704Z         "key_empty"
2026-09-05T11:52:11.2525994Z       ],
2026-09-05T11:52:11.2526271Z       "name" : "relin2_key_empty",
2026-09-05T11:52:11.2526638Z       "properties" : 
2026-09-05T11:52:11.2527107Z       [
2026-09-05T11:52:11.2527355Z         {
2026-09-05T11:52:11.2527631Z           "name" : "WORKING_DIRECTORY",
2026-09-05T11:52:11.2528092Z           "value" : "/home/runner/work/20231788./20231788./build"
2026-09-05T11:52:11.2528550Z         }
2026-09-05T11:52:11.2528798Z       ]
2026-09-05T11:52:11.2529042Z     },
2026-09-05T11:52:11.2529292Z     {
2026-09-05T11:52:11.2529552Z       "backtrace" : 35,
2026-09-05T11:52:11.2529862Z       "command" : 
2026-09-05T11:52:11.2530139Z       [
2026-09-05T11:52:11.2530494Z         "/home/runner/work/20231788./20231788./build/relin2_test",
2026-09-05T11:52:11.2530985Z         "key_null_first"
2026-09-05T11:52:11.2531298Z       ],
2026-09-05T11:52:11.2531580Z       "name" : "relin2_key_null_first",
2026-09-05T11:52:11.2531964Z       "properties" : 
2026-09-05T11:52:11.2532264Z       [
2026-09-05T11:52:11.2532508Z         {
2026-09-05T11:52:11.2532787Z           "name" : "WORKING_DIRECTORY",
2026-09-05T11:52:11.2533240Z           "value" : "/home/runner/work/20231788./20231788./build"
2026-09-05T11:52:11.2533692Z         }
2026-09-05T11:52:11.2533949Z       ]
2026-09-05T11:52:11.2534195Z     },
2026-09-05T11:52:11.2534605Z     {
2026-09-05T11:52:11.2534875Z       "backtrace" : 37,
2026-09-05T11:52:11.2535191Z       "command" : 
2026-09-05T11:52:11.2535473Z       [
2026-09-05T11:52:11.2535836Z         "/home/runner/work/20231788./20231788./build/relin2_test",
2026-09-05T11:52:11.2536333Z         "key_wrong_context"
2026-09-05T11:52:11.2536656Z       ],
2026-09-05T11:52:11.2536944Z       "name" : "relin2_key_wrong_context",
2026-09-05T11:52:11.2537345Z       "properties" : 
2026-09-05T11:52:11.2537792Z       [
2026-09-05T11:52:11.2538050Z         {
2026-09-05T11:52:11.2538327Z           "name" : "WORKING_DIRECTORY",
2026-09-05T11:52:11.2538783Z           "value" : "/home/runner/work/20231788./20231788./build"
2026-09-05T11:52:11.2539235Z         }
2026-09-05T11:52:11.2539484Z       ]
2026-09-05T11:52:11.2539727Z     },
2026-09-05T11:52:11.2539970Z     {
2026-09-05T11:52:11.2540242Z       "backtrace" : 39,
2026-09-05T11:52:11.2540554Z       "command" : 
2026-09-05T11:52:11.2540832Z       [
2026-09-05T11:52:11.2541184Z         "/home/runner/work/20231788./20231788./build/relin2_test",
2026-09-05T11:52:11.2541667Z         "key_wrong_tag"
2026-09-05T11:52:11.2541966Z       ],
2026-09-05T11:52:11.2542242Z       "name" : "relin2_key_wrong_tag",
2026-09-05T11:52:11.2542624Z       "properties" : 
2026-09-05T11:52:11.2542921Z       [
2026-09-05T11:52:11.2543166Z         {
2026-09-05T11:52:11.2543442Z           "name" : "WORKING_DIRECTORY",
2026-09-05T11:52:11.2543908Z           "value" : "/home/runner/work/20231788./20231788./build"
2026-09-05T11:52:11.2544561Z         }
2026-09-05T11:52:11.2544818Z       ]
2026-09-05T11:52:11.2545060Z     },
2026-09-05T11:52:11.2545304Z     {
2026-09-05T11:52:11.2545563Z       "backtrace" : 41,
2026-09-05T11:52:11.2545877Z       "command" : 
2026-09-05T11:52:11.2546154Z       [
2026-09-05T11:52:11.2546506Z         "/home/runner/work/20231788./20231788./build/relin2_test",
2026-09-05T11:52:11.2547001Z         "key_wrong_subtype"
2026-09-05T11:52:11.2547321Z       ],
2026-09-05T11:52:11.2547605Z       "name" : "relin2_key_wrong_subtype",
2026-09-05T11:52:11.2548016Z       "properties" : 
2026-09-05T11:52:11.2548312Z       [
2026-09-05T11:52:11.2548557Z         {
2026-09-05T11:52:11.2548833Z           "name" : "WORKING_DIRECTORY",
2026-09-05T11:52:11.2549289Z           "value" : "/home/runner/work/20231788./20231788./build"
2026-09-05T11:52:11.2549733Z         }
2026-09-05T11:52:11.2549981Z       ]
2026-09-05T11:52:11.2550228Z     },
2026-09-05T11:52:11.2550477Z     {
2026-09-05T11:52:11.2550739Z       "backtrace" : 43,
2026-09-05T11:52:11.2551046Z       "command" : 
2026-09-05T11:52:11.2551323Z       [
2026-09-05T11:52:11.2551686Z         "/home/runner/work/20231788./20231788./build/relin2_test",
2026-09-05T11:52:11.2552173Z         "key_hybrid_a_length"
2026-09-05T11:52:11.2552506Z       ],
2026-09-05T11:52:11.2552805Z       "name" : "relin2_key_hybrid_a_length",
2026-09-05T11:52:11.2553370Z       "properties" : 
2026-09-05T11:52:11.2553665Z       [
2026-09-05T11:52:11.2553921Z         {
2026-09-05T11:52:11.2554205Z           "name" : "WORKING_DIRECTORY",
2026-09-05T11:52:11.2554821Z           "value" : "/home/runner/work/20231788./20231788./build"
2026-09-05T11:52:11.2555267Z         }
2026-09-05T11:52:11.2555514Z       ]
2026-09-05T11:52:11.2555769Z     },
2026-09-05T11:52:11.2556014Z     {
2026-09-05T11:52:11.2556272Z       "backtrace" : 45,
2026-09-05T11:52:11.2556576Z       "command" : 
2026-09-05T11:52:11.2556855Z       [
2026-09-05T11:52:11.2557209Z         "/home/runner/work/20231788./20231788./build/relin2_test",
2026-09-05T11:52:11.2557687Z         "key_hybrid_b_length"
2026-09-05T11:52:11.2558018Z       ],
2026-09-05T11:52:11.2558302Z       "name" : "relin2_key_hybrid_b_length",
2026-09-05T11:52:11.2558703Z       "properties" : 
2026-09-05T11:52:11.2558995Z       [
2026-09-05T11:52:11.2559243Z         {
2026-09-05T11:52:11.2559525Z           "name" : "WORKING_DIRECTORY",
2026-09-05T11:52:11.2559978Z           "value" : "/home/runner/work/20231788./20231788./build"
2026-09-05T11:52:11.2560423Z         }
2026-09-05T11:52:11.2560671Z       ]
2026-09-05T11:52:11.2560913Z     },
2026-09-05T11:52:11.2561158Z     {
2026-09-05T11:52:11.2561416Z       "backtrace" : 47,
2026-09-05T11:52:11.2561729Z       "command" : 
2026-09-05T11:52:11.2562005Z       [
2026-09-05T11:52:11.2562352Z         "/home/runner/work/20231788./20231788./build/relin2_test",
2026-09-05T11:52:11.2562841Z         "key_hybrid_entry_basis"
2026-09-05T11:52:11.2563180Z       ],
2026-09-05T11:52:11.2563632Z       "name" : "relin2_key_hybrid_entry_basis",
2026-09-05T11:52:11.2564064Z       "properties" : 
2026-09-05T11:52:11.2564530Z       [
2026-09-05T11:52:11.2564782Z         {
2026-09-05T11:52:11.2565058Z           "name" : "WORKING_DIRECTORY",
2026-09-05T11:52:11.2565510Z           "value" : "/home/runner/work/20231788./20231788./build"
2026-09-05T11:52:11.2565960Z         }
2026-09-05T11:52:11.2566214Z       ]
2026-09-05T11:52:11.2566457Z     },
2026-09-05T11:52:11.2566707Z     {
2026-09-05T11:52:11.2566969Z       "backtrace" : 49,
2026-09-05T11:52:11.2567279Z       "command" : 
2026-09-05T11:52:11.2567555Z       [
2026-09-05T11:52:11.2567902Z         "/home/runner/work/20231788./20231788./build/relin2_test",
2026-09-05T11:52:11.2568392Z         "key_hybrid_entry_format"
2026-09-05T11:52:11.2568733Z       ],
2026-09-05T11:52:11.2569034Z       "name" : "relin2_key_hybrid_entry_format",
2026-09-05T11:52:11.2569459Z       "properties" : 
2026-09-05T11:52:11.2569751Z       [
2026-09-05T11:52:11.2570000Z         {
2026-09-05T11:52:11.2570282Z           "name" : "WORKING_DIRECTORY",
2026-09-05T11:52:11.2570730Z           "value" : "/home/runner/work/20231788./20231788./build"
2026-09-05T11:52:11.2571175Z         }
2026-09-05T11:52:11.2571424Z       ]
2026-09-05T11:52:11.2571673Z     },
2026-09-05T11:52:11.2571916Z     {
2026-09-05T11:52:11.2572173Z       "backtrace" : 51,
2026-09-05T11:52:11.2572483Z       "command" : 
2026-09-05T11:52:11.2572766Z       [
2026-09-05T11:52:11.2573113Z         "/home/runner/work/20231788./20231788./build/relin2_test",
2026-09-05T11:52:11.2573602Z         "key_bv_zero_digit_a_length"
2026-09-05T11:52:11.2573966Z       ],
2026-09-05T11:52:11.2574273Z       "name" : "relin2_key_bv_zero_digit_a_length",
2026-09-05T11:52:11.2574877Z       "properties" : 
2026-09-05T11:52:11.2575179Z       [
2026-09-05T11:52:11.2575427Z         {
2026-09-05T11:52:11.2575707Z           "name" : "WORKING_DIRECTORY",
2026-09-05T11:52:11.2576156Z           "value" : "/home/runner/work/20231788./20231788./build"
2026-09-05T11:52:11.2576603Z         }
2026-09-05T11:52:11.2576856Z       ]
2026-09-05T11:52:11.2577100Z     },
2026-09-05T11:52:11.2577344Z     {
2026-09-05T11:52:11.2577602Z       "backtrace" : 53,
2026-09-05T11:52:11.2577905Z       "command" : 
2026-09-05T11:52:11.2578187Z       [
2026-09-05T11:52:11.2578533Z         "/home/runner/work/20231788./20231788./build/relin2_test",
2026-09-05T11:52:11.2579195Z         "key_bv_zero_digit_b_length"
2026-09-05T11:52:11.2579554Z       ],
2026-09-05T11:52:11.2579859Z       "name" : "relin2_key_bv_zero_digit_b_length",
2026-09-05T11:52:11.2580287Z       "properties" : 
2026-09-05T11:52:11.2580584Z       [
2026-09-05T11:52:11.2580829Z         {
2026-09-05T11:52:11.2581105Z           "name" : "WORKING_DIRECTORY",
2026-09-05T11:52:11.2581557Z           "value" : "/home/runner/work/20231788./20231788./build"
2026-09-05T11:52:11.2581999Z         }
2026-09-05T11:52:11.2582245Z       ]
2026-09-05T11:52:11.2582489Z     },
2026-09-05T11:52:11.2582738Z     {
2026-09-05T11:52:11.2583004Z       "backtrace" : 55,
2026-09-05T11:52:11.2583310Z       "command" : 
2026-09-05T11:52:11.2583584Z       [
2026-09-05T11:52:11.2583935Z         "/home/runner/work/20231788./20231788./build/relin2_test",
2026-09-05T11:52:11.2584594Z         "key_bv_nonzero_digit_a_length"
2026-09-05T11:52:11.2584980Z       ],
2026-09-05T11:52:11.2585303Z       "name" : "relin2_key_bv_nonzero_digit_a_length",
2026-09-05T11:52:11.2585759Z       "properties" : 
2026-09-05T11:52:11.2586054Z       [
2026-09-05T11:52:11.2586300Z         {
2026-09-05T11:52:11.2586578Z           "name" : "WORKING_DIRECTORY",
2026-09-05T11:52:11.2587045Z           "value" : "/home/runner/work/20231788./20231788./build"
2026-09-05T11:52:11.2587496Z         }
2026-09-05T11:52:11.2587745Z       ]
2026-09-05T11:52:11.2587996Z     },
2026-09-05T11:52:11.2588241Z     {
2026-09-05T11:52:11.2588501Z       "backtrace" : 57,
2026-09-05T11:52:11.2588810Z       "command" : 
2026-09-05T11:52:11.2589086Z       [
2026-09-05T11:52:11.2589588Z         "/home/runner/work/20231788./20231788./build/relin2_test",
2026-09-05T11:52:11.2590094Z         "key_bv_nonzero_digit_b_length"
2026-09-05T11:52:11.2590469Z       ],
2026-09-05T11:52:11.2590651Z       "name" : "relin2_key_bv_nonzero_digit_b_length",
2026-09-05T11:52:11.2590774Z       "properties" : 
2026-09-05T11:52:11.2590879Z       [
2026-09-05T11:52:11.2590988Z         {
2026-09-05T11:52:11.2591125Z           "name" : "WORKING_DIRECTORY",
2026-09-05T11:52:11.2591323Z           "value" : "/home/runner/work/20231788./20231788./build"
2026-09-05T11:52:11.2591433Z         }
2026-09-05T11:52:11.2591545Z       ]
2026-09-05T11:52:11.2591649Z     },
2026-09-05T11:52:11.2591758Z     {
2026-09-05T11:52:11.2591881Z       "backtrace" : 59,
2026-09-05T11:52:11.2591993Z       "command" : 
2026-09-05T11:52:11.2592102Z       [
2026-09-05T11:52:11.2592308Z         "/home/runner/work/20231788./20231788./build/relin2_test",
2026-09-05T11:52:11.2592447Z         "key_bv_zero_digit_entry_basis"
2026-09-05T11:52:11.2592552Z       ],
2026-09-05T11:52:11.2592736Z       "name" : "relin2_key_bv_zero_digit_entry_basis",
2026-09-05T11:52:11.2592855Z       "properties" : 
2026-09-05T11:52:11.2592968Z       [
2026-09-05T11:52:11.2593077Z         {
2026-09-05T11:52:11.2593209Z           "name" : "WORKING_DIRECTORY",
2026-09-05T11:52:11.2593401Z           "value" : "/home/runner/work/20231788./20231788./build"
2026-09-05T11:52:11.2593511Z         }
2026-09-05T11:52:11.2593622Z       ]
2026-09-05T11:52:11.2593727Z     },
2026-09-05T11:52:11.2593841Z     {
2026-09-05T11:52:11.2593961Z       "backtrace" : 61,
2026-09-05T11:52:11.2594080Z       "command" : 
2026-09-05T11:52:11.2594189Z       [
2026-09-05T11:52:11.2594555Z         "/home/runner/work/20231788./20231788./build/relin2_test",
2026-09-05T11:52:11.2594710Z         "key_bv_nonzero_digit_entry_basis"
2026-09-05T11:52:11.2594816Z       ],
2026-09-05T11:52:11.2595006Z       "name" : "relin2_key_bv_nonzero_digit_entry_basis",
2026-09-05T11:52:11.2595126Z       "properties" : 
2026-09-05T11:52:11.2595241Z       [
2026-09-05T11:52:11.2595347Z         {
2026-09-05T11:52:11.2595484Z           "name" : "WORKING_DIRECTORY",
2026-09-05T11:52:11.2595687Z           "value" : "/home/runner/work/20231788./20231788./build"
2026-09-05T11:52:11.2595795Z         }
2026-09-05T11:52:11.2595907Z       ]
2026-09-05T11:52:11.2596011Z     },
2026-09-05T11:52:11.2596118Z     {
2026-09-05T11:52:11.2596390Z       "backtrace" : 63,
2026-09-05T11:52:11.2596508Z       "command" : 
2026-09-05T11:52:11.2596613Z       [
2026-09-05T11:52:11.2596830Z         "/home/runner/work/20231788./20231788./build/relin2_test",
2026-09-05T11:52:11.2596974Z         "key_bv_zero_digit_entry_format"
2026-09-05T11:52:11.2597080Z       ],
2026-09-05T11:52:11.2597261Z       "name" : "relin2_key_bv_zero_digit_entry_format",
2026-09-05T11:52:11.2597379Z       "properties" : 
2026-09-05T11:52:11.2597488Z       [
2026-09-05T11:52:11.2597593Z         {
2026-09-05T11:52:11.2597730Z           "name" : "WORKING_DIRECTORY",
2026-09-05T11:52:11.2597928Z           "value" : "/home/runner/work/20231788./20231788./build"
2026-09-05T11:52:11.2598039Z         }
2026-09-05T11:52:11.2598148Z       ]
2026-09-05T11:52:11.2598251Z     },
2026-09-05T11:52:11.2598360Z     {
2026-09-05T11:52:11.2598480Z       "backtrace" : 65,
2026-09-05T11:52:11.2598597Z       "command" : 
2026-09-05T11:52:11.2598702Z       [
2026-09-05T11:52:11.2598914Z         "/home/runner/work/20231788./20231788./build/relin2_test",
2026-09-05T11:52:11.2599067Z         "key_bv_nonzero_digit_entry_format"
2026-09-05T11:52:11.2599177Z       ],
2026-09-05T11:52:11.2599371Z       "name" : "relin2_key_bv_nonzero_digit_entry_format",
2026-09-05T11:52:11.2599489Z       "properties" : 
2026-09-05T11:52:11.2599599Z       [
2026-09-05T11:52:11.2599704Z         {
2026-09-05T11:52:11.2599845Z           "name" : "WORKING_DIRECTORY",
2026-09-05T11:52:11.2600037Z           "value" : "/home/runner/work/20231788./20231788./build"
2026-09-05T11:52:11.2600150Z         }
2026-09-05T11:52:11.2600258Z       ]
2026-09-05T11:52:11.2600505Z     },
2026-09-05T11:52:11.2600619Z     {
2026-09-05T11:52:11.2600740Z       "backtrace" : 67,
2026-09-05T11:52:11.2600857Z       "command" : 
2026-09-05T11:52:11.2600962Z       [
2026-09-05T11:52:11.2601174Z         "/home/runner/work/20231788./20231788./build/relin2_test",
2026-09-05T11:52:11.2601329Z         "valid_arithmetic_state_immutability"
2026-09-05T11:52:11.2601449Z       ],
2026-09-05T11:52:11.2601662Z       "name" : "relin2_valid_arithmetic_state_immutability",
2026-09-05T11:52:11.2601780Z       "properties" : 
2026-09-05T11:52:11.2601889Z       [
2026-09-05T11:52:11.2601993Z         {
2026-09-05T11:52:11.2602131Z           "name" : "WORKING_DIRECTORY",
2026-09-05T11:52:11.2602318Z           "value" : "/home/runner/work/20231788./20231788./build"
2026-09-05T11:52:11.2602428Z         }
2026-09-05T11:52:11.2602534Z       ]
2026-09-05T11:52:11.2602648Z     },
2026-09-05T11:52:11.2602758Z     {
2026-09-05T11:52:11.2602877Z       "backtrace" : 69,
2026-09-05T11:52:11.2602998Z       "command" : 
2026-09-05T11:52:11.2603103Z       [
2026-09-05T11:52:11.2603314Z         "/home/runner/work/20231788./20231788./build/relin2_test",
2026-09-05T11:52:11.2603469Z         "controlled_witnesses_and_boundaries"
2026-09-05T11:52:11.2603583Z       ],
2026-09-05T11:52:11.2603786Z       "name" : "relin2_controlled_witnesses_and_boundaries",
2026-09-05T11:52:11.2603911Z       "properties" : 
2026-09-05T11:52:11.2604025Z       [
2026-09-05T11:52:11.2604130Z         {
2026-09-05T11:52:11.2604268Z           "name" : "WORKING_DIRECTORY",
2026-09-05T11:52:11.2604620Z           "value" : "/home/runner/work/20231788./20231788./build"
2026-09-05T11:52:11.2604732Z         }
2026-09-05T11:52:11.2604836Z       ]
2026-09-05T11:52:11.2604944Z     },
2026-09-05T11:52:11.2605049Z     {
2026-09-05T11:52:11.2605174Z       "backtrace" : 71,
2026-09-05T11:52:11.2605291Z       "command" : 
2026-09-05T11:52:11.2605397Z       [
2026-09-05T11:52:11.2605607Z         "/home/runner/work/20231788./20231788./build/relin2_test",
2026-09-05T11:52:11.2605763Z         "representative_public_input"
2026-09-05T11:52:11.2605874Z       ],
2026-09-05T11:52:11.2606052Z       "name" : "relin2_representative_public_input",
2026-09-05T11:52:11.2606175Z       "properties" : 
2026-09-05T11:52:11.2606281Z       [
2026-09-05T11:52:11.2606391Z         {
2026-09-05T11:52:11.2606528Z           "name" : "WORKING_DIRECTORY",
2026-09-05T11:52:11.2606872Z           "value" : "/home/runner/work/20231788./20231788./build"
2026-09-05T11:52:11.2606983Z         }
2026-09-05T11:52:11.2607088Z       ]
2026-09-05T11:52:11.2607199Z     },
2026-09-05T11:52:11.2607303Z     {
2026-09-05T11:52:11.2607428Z       "backtrace" : 73,
2026-09-05T11:52:11.2607540Z       "command" : 
2026-09-05T11:52:11.2607650Z       [
2026-09-05T11:52:11.2607863Z         "/home/runner/work/20231788./20231788./build/relin2_test",
2026-09-05T11:52:11.2607996Z         "key_extra_later_valid"
2026-09-05T11:52:11.2608106Z       ],
2026-09-05T11:52:11.2608257Z       "name" : "relin2_key_extra_later_valid",
2026-09-05T11:52:11.2608386Z       "properties" : 
2026-09-05T11:52:11.2608493Z       [
2026-09-05T11:52:11.2608602Z         {
2026-09-05T11:52:11.2608735Z           "name" : "WORKING_DIRECTORY",
2026-09-05T11:52:11.2608928Z           "value" : "/home/runner/work/20231788./20231788./build"
2026-09-05T11:52:11.2609037Z         }
2026-09-05T11:52:11.2609147Z       ]
2026-09-05T11:52:11.2609261Z     },
2026-09-05T11:52:11.2609365Z     {
2026-09-05T11:52:11.2609489Z       "backtrace" : 75,
2026-09-05T11:52:11.2609601Z       "command" : 
2026-09-05T11:52:11.2609711Z       [
2026-09-05T11:52:11.2609913Z         "/home/runner/work/20231788./20231788./build/relin2_test",
2026-09-05T11:52:11.2610053Z         "key_malformed_later_ignored"
2026-09-05T11:52:11.2610159Z       ],
2026-09-05T11:52:11.2610329Z       "name" : "relin2_key_malformed_later_ignored",
2026-09-05T11:52:11.2610450Z       "properties" : 
2026-09-05T11:52:11.2610552Z       [
2026-09-05T11:52:11.2610659Z         {
2026-09-05T11:52:11.2610934Z           "name" : "WORKING_DIRECTORY",
2026-09-05T11:52:11.2611130Z           "value" : "/home/runner/work/20231788./20231788./build"
2026-09-05T11:52:11.2611238Z         }
2026-09-05T11:52:11.2611340Z       ]
2026-09-05T11:52:11.2611450Z     },
2026-09-05T11:52:11.2611551Z     {
2026-09-05T11:52:11.2611671Z       "backtrace" : 77,
2026-09-05T11:52:11.2611781Z       "command" : 
2026-09-05T11:52:11.2611892Z       [
2026-09-05T11:52:11.2612093Z         "/home/runner/work/20231788./20231788./build/relin2_test",
2026-09-05T11:52:11.2612225Z         "hybrid_valid_shapes"
2026-09-05T11:52:11.2612332Z       ],
2026-09-05T11:52:11.2612476Z       "name" : "relin2_hybrid_valid_shapes",
2026-09-05T11:52:11.2612598Z       "properties" : 
2026-09-05T11:52:11.2612702Z       [
2026-09-05T11:52:11.2612810Z         {
2026-09-05T11:52:11.2612941Z           "name" : "WORKING_DIRECTORY",
2026-09-05T11:52:11.2613130Z           "value" : "/home/runner/work/20231788./20231788./build"
2026-09-05T11:52:11.2613232Z         }
2026-09-05T11:52:11.2613344Z       ]
2026-09-05T11:52:11.2613450Z     },
2026-09-05T11:52:11.2613552Z     {
2026-09-05T11:52:11.2613672Z       "backtrace" : 79,
2026-09-05T11:52:11.2613785Z       "command" : 
2026-09-05T11:52:11.2613892Z       [
2026-09-05T11:52:11.2614093Z         "/home/runner/work/20231788./20231788./build/relin2_test",
2026-09-05T11:52:11.2614233Z         "bv_zero_digit_valid_shapes"
2026-09-05T11:52:11.2614490Z       ],
2026-09-05T11:52:11.2614666Z       "name" : "relin2_bv_zero_digit_valid_shapes",
2026-09-05T11:52:11.2614792Z       "properties" : 
2026-09-05T11:52:11.2614897Z       [
2026-09-05T11:52:11.2615005Z         {
2026-09-05T11:52:11.2615139Z           "name" : "WORKING_DIRECTORY",
2026-09-05T11:52:11.2615336Z           "value" : "/home/runner/work/20231788./20231788./build"
2026-09-05T11:52:11.2615443Z         }
2026-09-05T11:52:11.2615552Z       ]
2026-09-05T11:52:11.2615656Z     },
2026-09-05T11:52:11.2615764Z     {
2026-09-05T11:52:11.2615890Z       "backtrace" : 81,
2026-09-05T11:52:11.2616012Z       "command" : 
2026-09-05T11:52:11.2616121Z       [
2026-09-05T11:52:11.2616327Z         "/home/runner/work/20231788./20231788./build/relin2_test",
2026-09-05T11:52:11.2616469Z         "bv_nonzero_digit_valid_shapes"
2026-09-05T11:52:11.2616574Z       ],
2026-09-05T11:52:11.2616754Z       "name" : "relin2_bv_nonzero_digit_valid_shapes",
2026-09-05T11:52:11.2616872Z       "properties" : 
2026-09-05T11:52:11.2617139Z       [
2026-09-05T11:52:11.2617248Z         {
2026-09-05T11:52:11.2617380Z           "name" : "WORKING_DIRECTORY",
2026-09-05T11:52:11.2617571Z           "value" : "/home/runner/work/20231788./20231788./build"
2026-09-05T11:52:11.2617676Z         }
2026-09-05T11:52:11.2617785Z       ]
2026-09-05T11:52:11.2617888Z     },
2026-09-05T11:52:11.2617999Z     {
2026-09-05T11:52:11.2618117Z       "backtrace" : 83,
2026-09-05T11:52:11.2618242Z       "command" : 
2026-09-05T11:52:11.2618352Z       [
2026-09-05T11:52:11.2618659Z         "/home/runner/work/20231788./20231788./build/relin2_test",
2026-09-05T11:52:11.2618815Z         "first_recombined_rcb_validation"
2026-09-05T11:52:11.2618923Z       ],
2026-09-05T11:52:11.2619114Z       "name" : "relin2_first_recombined_rcb_validation",
2026-09-05T11:52:11.2619236Z       "properties" : 
2026-09-05T11:52:11.2619347Z       [
2026-09-05T11:52:11.2619464Z         {
2026-09-05T11:52:11.2619598Z           "name" : "WORKING_DIRECTORY",
2026-09-05T11:52:11.2619798Z           "value" : "/home/runner/work/20231788./20231788./build"
2026-09-05T11:52:11.2619903Z         }
2026-09-05T11:52:11.2620012Z       ]
2026-09-05T11:52:11.2620117Z     },
2026-09-05T11:52:11.2620226Z     {
2026-09-05T11:52:11.2620347Z       "backtrace" : 85,
2026-09-05T11:52:11.2620464Z       "command" : 
2026-09-05T11:52:11.2620577Z       [
2026-09-05T11:52:11.2620785Z         "/home/runner/work/20231788./20231788./build/relin2_test",
2026-09-05T11:52:11.2620945Z         "first_recombined_tensor2_validation"
2026-09-05T11:52:11.2621050Z       ],
2026-09-05T11:52:11.2621442Z       "name" : "relin2_first_recombined_tensor2_validation",
2026-09-05T11:52:11.2621570Z       "properties" : 
2026-09-05T11:52:11.2621679Z       [
2026-09-05T11:52:11.2621788Z         {
2026-09-05T11:52:11.2621927Z           "name" : "WORKING_DIRECTORY",
2026-09-05T11:52:11.2622123Z           "value" : "/home/runner/work/20231788./20231788./build"
2026-09-05T11:52:11.2622230Z         }
2026-09-05T11:52:11.2622344Z       ]
2026-09-05T11:52:11.2622447Z     },
2026-09-05T11:52:11.2622556Z     {
2026-09-05T11:52:11.2622675Z       "backtrace" : 87,
2026-09-05T11:52:11.2622791Z       "command" : 
2026-09-05T11:52:11.2622911Z       [
2026-09-05T11:52:11.2623129Z         "/home/runner/work/20231788./20231788./build/relin2_test",
2026-09-05T11:52:11.2623281Z         "tensor2_requires_first_lifecycle"
2026-09-05T11:52:11.2623386Z       ],
2026-09-05T11:52:11.2623576Z       "name" : "relin2_tensor2_requires_first_lifecycle",
2026-09-05T11:52:11.2623695Z       "properties" : 
2026-09-05T11:52:11.2623804Z       [
2026-09-05T11:52:11.2623912Z         {
2026-09-05T11:52:11.2624054Z           "name" : "WORKING_DIRECTORY",
2026-09-05T11:52:11.2624242Z           "value" : "/home/runner/work/20231788./20231788./build"
2026-09-05T11:52:11.2624512Z         }
2026-09-05T11:52:11.2624628Z       ]
2026-09-05T11:52:11.2624733Z     },
2026-09-05T11:52:11.2624844Z     {
2026-09-05T11:52:11.2624964Z       "backtrace" : 89,
2026-09-05T11:52:11.2625085Z       "command" : 
2026-09-05T11:52:11.2625191Z       [
2026-09-05T11:52:11.2625392Z         "/home/runner/work/20231788./20231788./build/rs2_test",
2026-09-05T11:52:11.2625516Z         "wrong_lifecycle"
2026-09-05T11:52:11.2625630Z       ],
2026-09-05T11:52:11.2625769Z       "name" : "rs2_wrong_lifecycle",
2026-09-05T11:52:11.2639686Z       "properties" : 
2026-09-05T11:52:11.2639834Z       [
2026-09-05T11:52:11.2639955Z         {
2026-09-05T11:52:11.2640111Z           "name" : "WORKING_DIRECTORY",
2026-09-05T11:52:11.2640340Z           "value" : "/home/runner/work/20231788./20231788./build"
2026-09-05T11:52:11.2640458Z         }
2026-09-05T11:52:11.2640577Z       ]
2026-09-05T11:52:11.2640687Z     },
2026-09-05T11:52:11.2640802Z     {
2026-09-05T11:52:11.2640928Z       "backtrace" : 91,
2026-09-05T11:52:11.2641054Z       "command" : 
2026-09-05T11:52:11.2641171Z       [
2026-09-05T11:52:11.2641386Z         "/home/runner/work/20231788./20231788./build/rs2_test",
2026-09-05T11:52:11.2641765Z         "valid_arithmetic_state_immutability"
2026-09-05T11:52:11.2641875Z       ],
2026-09-05T11:52:11.2642094Z       "name" : "rs2_valid_arithmetic_state_immutability",
2026-09-05T11:52:11.2642219Z       "properties" : 
2026-09-05T11:52:11.2642334Z       [
2026-09-05T11:52:11.2642442Z         {
2026-09-05T11:52:11.2642591Z           "name" : "WORKING_DIRECTORY",
2026-09-05T11:52:11.2642800Z           "value" : "/home/runner/work/20231788./20231788./build"
2026-09-05T11:52:11.2642908Z         }
2026-09-05T11:52:11.2643023Z       ]
2026-09-05T11:52:11.2643131Z     },
2026-09-05T11:52:11.2643241Z     {
2026-09-05T11:52:11.2643370Z       "backtrace" : 93,
2026-09-05T11:52:11.2643493Z       "command" : 
2026-09-05T11:52:11.2643601Z       [
2026-09-05T11:52:11.2643816Z         "/home/runner/work/20231788./20231788./build/rs2_test",
2026-09-05T11:52:11.2644000Z         "mixed_tower_format"
2026-09-05T11:52:11.2644112Z       ],
2026-09-05T11:52:11.2644260Z       "name" : "rs2_mixed_tower_format",
2026-09-05T11:52:11.2644574Z       "properties" : 
2026-09-05T11:52:11.2644692Z       [
2026-09-05T11:52:11.2644799Z         {
2026-09-05T11:52:11.2644945Z           "name" : "WORKING_DIRECTORY",
2026-09-05T11:52:11.2645148Z           "value" : "/home/runner/work/20231788./20231788./build"
2026-09-05T11:52:11.2645262Z         }
2026-09-05T11:52:11.2645374Z       ]
2026-09-05T11:52:11.2645480Z     },
2026-09-05T11:52:11.2645591Z     {
2026-09-05T11:52:11.2645719Z       "backtrace" : 95,
2026-09-05T11:52:11.2645839Z       "command" : 
2026-09-05T11:52:11.2645943Z       [
2026-09-05T11:52:11.2646305Z         "/home/runner/work/20231788./20231788./build/rs2_test",
2026-09-05T11:52:11.2646455Z         "untouched_public_pipeline"
2026-09-05T11:52:11.2646568Z       ],
2026-09-05T11:52:11.2646742Z       "name" : "rs2_untouched_public_pipeline",
2026-09-05T11:52:11.2646867Z       "properties" : 
2026-09-05T11:52:11.2646981Z       [
2026-09-05T11:52:11.2647088Z         {
2026-09-05T11:52:11.2647234Z           "name" : "WORKING_DIRECTORY",
2026-09-05T11:52:11.2647434Z           "value" : "/home/runner/work/20231788./20231788./build"
2026-09-05T11:52:11.2647547Z         }
2026-09-05T11:52:11.2647652Z       ]
2026-09-05T11:52:11.2647766Z     },
2026-09-05T11:52:11.2647877Z     {
2026-09-05T11:52:11.2648000Z       "backtrace" : 97,
2026-09-05T11:52:11.2648121Z       "command" : 
2026-09-05T11:52:11.2648226Z       [
2026-09-05T11:52:11.2648428Z         "/home/runner/work/20231788./20231788./build/rs2_test",
2026-09-05T11:52:11.2648565Z         "declared_basis_mismatch"
2026-09-05T11:52:11.2648678Z       ],
2026-09-05T11:52:11.2648835Z       "name" : "rs2_declared_basis_mismatch",
2026-09-05T11:52:11.2648964Z       "properties" : 
2026-09-05T11:52:11.2649070Z       [
2026-09-05T11:52:11.2649182Z         {
2026-09-05T11:52:11.2649317Z           "name" : "WORKING_DIRECTORY",
2026-09-05T11:52:11.2649510Z           "value" : "/home/runner/work/20231788./20231788./build"
2026-09-05T11:52:11.2649615Z         }
2026-09-05T11:52:11.2649726Z       ]
2026-09-05T11:52:11.2649838Z     },
2026-09-05T11:52:11.2649947Z     {
2026-09-05T11:52:11.2650070Z       "backtrace" : 99,
2026-09-05T11:52:11.2650181Z       "command" : 
2026-09-05T11:52:11.2650290Z       [
2026-09-05T11:52:11.2650488Z         "/home/runner/work/20231788./20231788./build/rs2_test",
2026-09-05T11:52:11.2650622Z         "terminal_rejections"
2026-09-05T11:52:11.2650727Z       ],
2026-09-05T11:52:11.2650875Z       "name" : "rs2_terminal_rejections",
2026-09-05T11:52:11.2650993Z       "properties" : 
2026-09-05T11:52:11.2651102Z       [
2026-09-05T11:52:11.2651212Z         {
2026-09-05T11:52:11.2651349Z           "name" : "WORKING_DIRECTORY",
2026-09-05T11:52:11.2651544Z           "value" : "/home/runner/work/20231788./20231788./build"
2026-09-05T11:52:11.2651650Z         }
2026-09-05T11:52:11.2651760Z       ]
2026-09-05T11:52:11.2651864Z     },
2026-09-05T11:52:11.2651978Z     {
2026-09-05T11:52:11.2652099Z       "backtrace" : 101,
2026-09-05T11:52:11.2652220Z       "command" : 
2026-09-05T11:52:11.2652484Z       [
2026-09-05T11:52:11.2652691Z         "/home/runner/work/20231788./20231788./build/mult2_test",
2026-09-05T11:52:11.2652827Z         "composition_contract"
2026-09-05T11:52:11.2652933Z       ],
2026-09-05T11:52:11.2653090Z       "name" : "mult2_composition_contract",
2026-09-05T11:52:11.2653208Z       "properties" : 
2026-09-05T11:52:11.2653318Z       [
2026-09-05T11:52:11.2653422Z         {
2026-09-05T11:52:11.2653562Z           "name" : "WORKING_DIRECTORY",
2026-09-05T11:52:11.2653756Z           "value" : "/home/runner/work/20231788./20231788./build"
2026-09-05T11:52:11.2653867Z         }
2026-09-05T11:52:11.2653983Z       ]
2026-09-05T11:52:11.2654088Z     },
2026-09-05T11:52:11.2654196Z     {
2026-09-05T11:52:11.2654316Z       "backtrace" : 103,
2026-09-05T11:52:11.2654594Z       "command" : 
2026-09-05T11:52:11.2654702Z       [
2026-09-05T11:52:11.2654983Z         "/home/runner/work/20231788./20231788./build/mult2_e2e_oracle_test",
2026-09-05T11:52:11.2655101Z         "hybrid_real"
2026-09-05T11:52:11.2655211Z       ],
2026-09-05T11:52:11.2655347Z       "name" : "mult2_e2e_hybrid_real",
2026-09-05T11:52:11.2655465Z       "properties" : 
2026-09-05T11:52:11.2655575Z       [
2026-09-05T11:52:11.2655684Z         {
2026-09-05T11:52:11.2655821Z           "name" : "WORKING_DIRECTORY",
2026-09-05T11:52:11.2656018Z           "value" : "/home/runner/work/20231788./20231788./build"
2026-09-05T11:52:11.2656131Z         }
2026-09-05T11:52:11.2656241Z       ]
2026-09-05T11:52:11.2656344Z     },
2026-09-05T11:52:11.2656454Z     {
2026-09-05T11:52:11.2656574Z       "backtrace" : 105,
2026-09-05T11:52:11.2656852Z       "command" : 
2026-09-05T11:52:11.2656963Z       [
2026-09-05T11:52:11.2657237Z         "/home/runner/work/20231788./20231788./build/mult2_e2e_oracle_test",
2026-09-05T11:52:11.2657362Z         "hybrid_complex"
2026-09-05T11:52:11.2657468Z       ],
2026-09-05T11:52:11.2657614Z       "name" : "mult2_e2e_hybrid_complex",
2026-09-05T11:52:11.2657734Z       "properties" : 
2026-09-05T11:52:11.2657848Z       [
2026-09-05T11:52:11.2657954Z         {
2026-09-05T11:52:11.2658094Z           "name" : "WORKING_DIRECTORY",
2026-09-05T11:52:11.2658281Z           "value" : "/home/runner/work/20231788./20231788./build"
2026-09-05T11:52:11.2658392Z         }
2026-09-05T11:52:11.2658500Z       ]
2026-09-05T11:52:11.2658604Z     },
2026-09-05T11:52:11.2658712Z     {
2026-09-05T11:52:11.2658830Z       "backtrace" : 107,
2026-09-05T11:52:11.2658945Z       "command" : 
2026-09-05T11:52:11.2659049Z       [
2026-09-05T11:52:11.2659322Z         "/home/runner/work/20231788./20231788./build/mult2_e2e_oracle_test",
2026-09-05T11:52:11.2659438Z         "bv_real"
2026-09-05T11:52:11.2659549Z       ],
2026-09-05T11:52:11.2659683Z       "name" : "mult2_e2e_bv_real",
2026-09-05T11:52:11.2659802Z       "properties" : 
2026-09-05T11:52:11.2659913Z       [
2026-09-05T11:52:11.2660017Z         {
2026-09-05T11:52:11.2660153Z           "name" : "WORKING_DIRECTORY",
2026-09-05T11:52:11.2660346Z           "value" : "/home/runner/work/20231788./20231788./build"
2026-09-05T11:52:11.2660462Z         }
2026-09-05T11:52:11.2660565Z       ]
2026-09-05T11:52:11.2660674Z     },
2026-09-05T11:52:11.2660785Z     {
2026-09-05T11:52:11.2660906Z       "backtrace" : 109,
2026-09-05T11:52:11.2661026Z       "command" : 
2026-09-05T11:52:11.2661134Z       [
2026-09-05T11:52:11.2661399Z         "/home/runner/work/20231788./20231788./build/mult2_e2e_oracle_test",
2026-09-05T11:52:11.2661519Z         "bv_complex"
2026-09-05T11:52:11.2661629Z       ],
2026-09-05T11:52:11.2661765Z       "name" : "mult2_e2e_bv_complex",
2026-09-05T11:52:11.2661889Z       "properties" : 
2026-09-05T11:52:11.2662002Z       [
2026-09-05T11:52:11.2662107Z         {
2026-09-05T11:52:11.2662242Z           "name" : "WORKING_DIRECTORY",
2026-09-05T11:52:11.2662429Z           "value" : "/home/runner/work/20231788./20231788./build"
2026-09-05T11:52:11.2662540Z         }
2026-09-05T11:52:11.2662654Z       ]
2026-09-05T11:52:11.2662765Z     },
2026-09-05T11:52:11.2662869Z     {
2026-09-05T11:52:11.2663144Z       "backtrace" : 111,
2026-09-05T11:52:11.2663260Z       "command" : 
2026-09-05T11:52:11.2663365Z       [
2026-09-05T11:52:11.2663629Z         "/home/runner/work/20231788./20231788./build/mult2_e2e_oracle_test",
2026-09-05T11:52:11.2663772Z         "pair_add_input_hybrid_complex"
2026-09-05T11:52:11.2663886Z       ],
2026-09-05T11:52:11.2664065Z       "name" : "mult2_pair_add_input_hybrid_complex",
2026-09-05T11:52:11.2664189Z       "properties" : 
2026-09-05T11:52:11.2664296Z       [
2026-09-05T11:52:11.2664923Z         {
2026-09-05T11:52:11.2665074Z           "name" : "WORKING_DIRECTORY",
2026-09-05T11:52:11.2665277Z           "value" : "/home/runner/work/20231788./20231788./build"
2026-09-05T11:52:11.2665388Z         }
2026-09-05T11:52:11.2665493Z       ]
2026-09-05T11:52:11.2665601Z     },
2026-09-05T11:52:11.2665710Z     {
2026-09-05T11:52:11.2665838Z       "backtrace" : 113,
2026-09-05T11:52:11.2665949Z       "command" : 
2026-09-05T11:52:11.2666060Z       [
2026-09-05T11:52:11.2666336Z         "/home/runner/work/20231788./20231788./build/mult2_e2e_oracle_test",
2026-09-05T11:52:11.2666477Z         "pair_sub_input_hybrid_complex"
2026-09-05T11:52:11.2666588Z       ],
2026-09-05T11:52:11.2666763Z       "name" : "mult2_pair_sub_input_hybrid_complex",
2026-09-05T11:52:11.2666894Z       "properties" : 
2026-09-05T11:52:11.2666999Z       [
2026-09-05T11:52:11.2667109Z         {
2026-09-05T11:52:11.2667242Z           "name" : "WORKING_DIRECTORY",
2026-09-05T11:52:11.2667437Z           "value" : "/home/runner/work/20231788./20231788./build"
2026-09-05T11:52:11.2667546Z         }
2026-09-05T11:52:11.2667817Z       ]
2026-09-05T11:52:11.2667933Z     },
2026-09-05T11:52:11.2668040Z     {
2026-09-05T11:52:11.2668167Z       "backtrace" : 115,
2026-09-05T11:52:11.2668280Z       "command" : 
2026-09-05T11:52:11.2668392Z       [
2026-09-05T11:52:11.2668804Z         "/home/runner/work/20231788./20231788./build/precision_client_io_first_mult2_contract_test"
2026-09-05T11:52:11.2668915Z       ],
2026-09-05T11:52:11.2669124Z       "name" : "precision_client_io_first_mult2_contract",
2026-09-05T11:52:11.2669243Z       "properties" : 
2026-09-05T11:52:11.2669352Z       [
2026-09-05T11:52:11.2669455Z         {
2026-09-05T11:52:11.2669595Z           "name" : "WORKING_DIRECTORY",
2026-09-05T11:52:11.2669788Z           "value" : "/home/runner/work/20231788./20231788./build"
2026-09-05T11:52:11.2669898Z         }
2026-09-05T11:52:11.2670007Z       ]
2026-09-05T11:52:11.2670111Z     },
2026-09-05T11:52:11.2670219Z     {
2026-09-05T11:52:11.2670342Z       "backtrace" : 117,
2026-09-05T11:52:11.2670459Z       "command" : 
2026-09-05T11:52:11.2670568Z       [
2026-09-05T11:52:11.2670939Z         "/home/runner/work/20231788./20231788./build/repeated_mult2_semantic_two_square_test"
2026-09-05T11:52:11.2671044Z       ],
2026-09-05T11:52:11.2671259Z       "name" : "repeated_mult2_semantic_two_square_contract",
2026-09-05T11:52:11.2671382Z       "properties" : 
2026-09-05T11:52:11.2671491Z       [
2026-09-05T11:52:11.2671605Z         {
2026-09-05T11:52:11.2671740Z           "name" : "WORKING_DIRECTORY",
2026-09-05T11:52:11.2671936Z           "value" : "/home/runner/work/20231788./20231788./build"
2026-09-05T11:52:11.2672041Z         }
2026-09-05T11:52:11.2672151Z       ]
2026-09-05T11:52:11.2672254Z     },
2026-09-05T11:52:11.2672364Z     {
2026-09-05T11:52:11.2672489Z       "backtrace" : 119,
2026-09-05T11:52:11.2672605Z       "command" : 
2026-09-05T11:52:11.2672714Z       [
2026-09-05T11:52:11.2673075Z         "/home/runner/work/20231788./20231788./build/paper_h128_client_keypair_contract_test"
2026-09-05T11:52:11.2673185Z       ],
2026-09-05T11:52:11.2673366Z       "name" : "paper_h128_client_keypair_contract",
2026-09-05T11:52:11.2673492Z       "properties" : 
2026-09-05T11:52:11.2673596Z       [
2026-09-05T11:52:11.2673708Z         {
2026-09-05T11:52:11.2673849Z           "name" : "WORKING_DIRECTORY",
2026-09-05T11:52:11.2674038Z           "value" : "/home/runner/work/20231788./20231788./build"
2026-09-05T11:52:11.2674300Z         }
2026-09-05T11:52:11.2674586Z       ]
2026-09-05T11:52:11.2674698Z     }
2026-09-05T11:52:11.2674801Z   ],
2026-09-05T11:52:11.2674920Z   "version" : 
2026-09-05T11:52:11.2675023Z   {
2026-09-05T11:52:11.2675140Z     "major" : 1,
2026-09-05T11:52:11.2675254Z     "minor" : 0
2026-09-05T11:52:11.2675358Z   }
2026-09-05T11:52:11.2675714Z }Internal ctest changing into directory: /home/runner/work/20231788./20231788./build
2026-09-05T11:52:11.2676164Z UpdateCTestConfiguration  from :/home/runner/work/20231788./20231788./build/DartConfiguration.tcl
2026-09-05T11:52:11.2676606Z UpdateCTestConfiguration  from :/home/runner/work/20231788./20231788./build/DartConfiguration.tcl
2026-09-05T11:52:11.2676808Z Test project /home/runner/work/20231788./20231788./build
2026-09-05T11:52:11.2676951Z Constructing a list of tests
2026-09-05T11:52:11.2677098Z Done constructing a list of tests
2026-09-05T11:52:11.2677234Z Updating test list for fixtures
2026-09-05T11:52:11.2677394Z Added 0 tests to meet fixture requirements
2026-09-05T11:52:11.2677539Z Checking test dependency graph...
2026-09-05T11:52:11.2677686Z Checking test dependency graph end
2026-09-05T11:52:11.2677791Z test 1
2026-09-05T11:52:11.2677914Z       Start  1: dcp_rcb
2026-09-05T11:52:11.2677921Z 
2026-09-05T11:52:11.2678202Z 1: Test command: /home/runner/work/20231788./20231788./build/dcp_rcb_test
2026-09-05T11:52:11.2678439Z 1: Working Directory: /home/runner/work/20231788./20231788./build
2026-09-05T11:52:11.2678590Z 1: Test timeout computed to be: 10000000
2026-09-05T11:52:11.2846490Z 1: DCP/RCB independent-oracle tests passed
2026-09-05T11:52:11.2851580Z  1/60 Test  #1: dcp_rcb .........................................   Passed    0.05 sec
2026-09-05T11:52:11.2853846Z test 2
2026-09-05T11:52:11.2854124Z       Start  2: precision_dcp_rcb_high_precision_contract
2026-09-05T11:52:11.2854132Z 
2026-09-05T11:52:11.2854803Z 2: Test command: /home/runner/work/20231788./20231788./build/precision_dcp_rcb_contract_test
2026-09-05T11:52:11.2855073Z 2: Working Directory: /home/runner/work/20231788./20231788./build
2026-09-05T11:52:11.2855255Z 2: Test timeout computed to be: 10000000
2026-09-05T11:52:11.3410970Z 2: test=precision_dcp_rcb_high_precision_contract trial=0 security_level=HEStd_NotSet(functional-diagnostic-only) key_switch=HYBRID ckks_data_type=COMPLEX N=64 batch=16 depth=7 scaling_mod_size=50 first_mod_size=55 scale_bits=100 q_div=1125899906843009 active_modulus_bits=356 maximum_coefficient_bits=98 approximate_headroom_bits=258 delta_error=3.2078993026617450598743075292585844173045e-28 max_slot_error=3.7176507958765661861277037788993774486438e-28
2026-09-05T11:52:11.3413326Z 2: test=precision_dcp_rcb_high_precision_contract trial=1 security_level=HEStd_NotSet(functional-diagnostic-only) key_switch=HYBRID ckks_data_type=COMPLEX N=64 batch=16 depth=7 scaling_mod_size=50 first_mod_size=55 scale_bits=100 q_div=1125899906843009 active_modulus_bits=356 maximum_coefficient_bits=98 approximate_headroom_bits=258 delta_error=2.5632017242595107909568863358613751120040e-28 max_slot_error=2.8608913194154407486097952926229713177656e-28
2026-09-05T11:52:11.3415696Z 2: test=precision_dcp_rcb_high_precision_contract trial=2 security_level=HEStd_NotSet(functional-diagnostic-only) key_switch=HYBRID ckks_data_type=COMPLEX N=64 batch=16 depth=7 scaling_mod_size=50 first_mod_size=55 scale_bits=100 q_div=1125899906843009 active_modulus_bits=356 maximum_coefficient_bits=98 approximate_headroom_bits=258 delta_error=3.7908175262531122679715516163875984019947e-28 max_slot_error=3.7625366422092253403886566388295935638220e-28
2026-09-05T11:52:11.3417836Z 2: test=precision_dcp_rcb_high_precision_contract trial=3 security_level=HEStd_NotSet(functional-diagnostic-only) key_switch=HYBRID ckks_data_type=COMPLEX N=64 batch=16 depth=7 scaling_mod_size=50 first_mod_size=55 scale_bits=100 q_div=1125899906843009 active_modulus_bits=356 maximum_coefficient_bits=98 approximate_headroom_bits=258 delta_error=2.8030350855759988455977053774049049257442e-28 max_slot_error=3.1402536508637764627600420340848285055335e-28
2026-09-05T11:52:11.3418270Z 2: precision_dcp_rcb_high_precision_contract=PASS
2026-09-05T11:52:11.3418514Z  2/60 Test  #2: precision_dcp_rcb_high_precision_contract .......   Passed    0.06 sec
2026-09-05T11:52:11.3418591Z test 3
2026-09-05T11:52:11.3418743Z       Start  3: precision_first_mult2_high_precision_contract
2026-09-05T11:52:11.3418748Z 
2026-09-05T11:52:11.3419023Z 3: Test command: /home/runner/work/20231788./20231788./build/precision_first_mult2_contract_test
2026-09-05T11:52:11.3419187Z 3: Working Directory: /home/runner/work/20231788./20231788./build
2026-09-05T11:52:11.3419292Z 3: Test timeout computed to be: 10000000
2026-09-05T11:52:11.5144025Z 3: test=precision_first_mult2_high_precision_contract trial=0 claim_scope=first-Mult2-diagnostic-only security_level=HEStd_NotSet(diagnostic-only) key_switch=HYBRID ckks_data_type=COMPLEX N=64 batch=16 depth=7 scaling_mod_size=50 first_mod_size=55 input_scale_numerator=2^100 final_logical_scale_numerator=2^200 final_logical_scale_denominator=1267650600226646386227681786497 q_div=1125899906843009 q_l=1125899906840833 input_product_centered_headroom_bits=160 output_centered_headroom_bits=210 coefficient_error_numerator=112332219801160280888069416100950 coefficient_error_denominator=1267650600226646386227681786497 frozen_abs_tolerance=2^-80 product_delta_error=1.0688404456161877831274260033910452088129e-27 max_slot_error=1.0455811118097503971423126966562468763100e-27
2026-09-05T11:52:11.5147828Z 3: test=precision_first_mult2_high_precision_contract trial=1 claim_scope=first-Mult2-diagnostic-only security_level=HEStd_NotSet(diagnostic-only) key_switch=HYBRID ckks_data_type=COMPLEX N=64 batch=16 depth=7 scaling_mod_size=50 first_mod_size=55 input_scale_numerator=2^100 final_logical_scale_numerator=2^200 final_logical_scale_denominator=1267650600226646386227681786497 q_div=1125899906843009 q_l=1125899906840833 input_product_centered_headroom_bits=160 output_centered_headroom_bits=210 coefficient_error_numerator=188324811142810256015014868832527 coefficient_error_denominator=1267650600226646386227681786497 frozen_abs_tolerance=2^-80 product_delta_error=2.8399801570211976707011995409243383556856e-28 max_slot_error=1.0793582614571201194952892801459717808969e-27
2026-09-05T11:52:11.5150859Z 3: test=precision_first_mult2_high_precision_contract trial=2 claim_scope=first-Mult2-diagnostic-only security_level=HEStd_NotSet(diagnostic-only) key_switch=HYBRID ckks_data_type=COMPLEX N=64 batch=16 depth=7 scaling_mod_size=50 first_mod_size=55 input_scale_numerator=2^100 final_logical_scale_numerator=2^200 final_logical_scale_denominator=1267650600226646386227681786497 q_div=1125899906843009 q_l=1125899906840833 input_product_centered_headroom_bits=160 output_centered_headroom_bits=210 coefficient_error_numerator=86183208437330450112252826972222 coefficient_error_denominator=1267650600226646386227681786497 frozen_abs_tolerance=2^-80 product_delta_error=3.7797093064965715134136083688520530583554e-28 max_slot_error=7.7427609914552098735710385262522000889181e-28
2026-09-05T11:52:11.5153362Z 3: test=precision_first_mult2_high_precision_contract trial=3 claim_scope=first-Mult2-diagnostic-only security_level=HEStd_NotSet(diagnostic-only) key_switch=HYBRID ckks_data_type=COMPLEX N=64 batch=16 depth=7 scaling_mod_size=50 first_mod_size=55 input_scale_numerator=2^100 final_logical_scale_numerator=2^200 final_logical_scale_denominator=1267650600226646386227681786497 q_div=1125899906843009 q_l=1125899906840833 input_product_centered_headroom_bits=160 output_centered_headroom_bits=210 coefficient_error_numerator=82142491161178246884880977712964 coefficient_error_denominator=1267650600226646386227681786497 frozen_abs_tolerance=2^-80 product_delta_error=2.3581558350958528142858075576359798120335e-28 max_slot_error=3.8231630948528715937613512204947673807212e-28
2026-09-05T11:52:11.5153517Z 3: precision_first_mult2_high_precision_contract=PASS
2026-09-05T11:52:11.5153759Z  3/60 Test  #3: precision_first_mult2_high_precision_contract ...   Passed    0.17 sec
2026-09-05T11:52:11.5153987Z test 4
2026-09-05T11:52:11.5154097Z       Start  4: pair_add_runtime_behavior
2026-09-05T11:52:11.5154103Z 
2026-09-05T11:52:11.5154297Z 4: Test command: /home/runner/work/20231788./20231788./build/pair_add_test
2026-09-05T11:52:11.5154717Z 4: Working Directory: /home/runner/work/20231788./20231788./build
2026-09-05T11:52:11.5154822Z 4: Test timeout computed to be: 10000000
2026-09-05T11:52:11.5197903Z 4: pair Add runtime behavior passed
2026-09-05T11:52:11.5201306Z  4/60 Test  #4: pair_add_runtime_behavior .......................   Passed    0.01 sec
2026-09-05T11:52:11.5203118Z test 5
2026-09-05T11:52:11.5203399Z       Start  5: pair_sub_runtime_behavior
2026-09-05T11:52:11.5203412Z 
2026-09-05T11:52:11.5203626Z 5: Test command: /home/runner/work/20231788./20231788./build/pair_sub_test
2026-09-05T11:52:11.5203791Z 5: Working Directory: /home/runner/work/20231788./20231788./build
2026-09-05T11:52:11.5203898Z 5: Test timeout computed to be: 10000000
2026-09-05T11:52:11.5246431Z 5: pair Sub runtime behavior passed
2026-09-05T11:52:11.5250547Z  5/60 Test  #5: pair_sub_runtime_behavior .......................   Passed    0.00 sec
2026-09-05T11:52:11.5251778Z test 6
2026-09-05T11:52:11.5252016Z       Start  6: pair_arithmetic_controlled_oracle
2026-09-05T11:52:11.5252043Z 
2026-09-05T11:52:11.5252576Z 6: Test command: /home/runner/work/20231788./20231788./build/pair_arithmetic_test "controlled_oracle"
2026-09-05T11:52:11.5252871Z 6: Working Directory: /home/runner/work/20231788./20231788./build
2026-09-05T11:52:11.5253044Z 6: Test timeout computed to be: 10000000
2026-09-05T11:52:11.5871632Z 6: pair-arithmetic case passed: controlled_oracle
2026-09-05T11:52:11.5875744Z  6/60 Test  #6: pair_arithmetic_controlled_oracle ...............   Passed    0.06 sec
2026-09-05T11:52:11.5877682Z test 7
2026-09-05T11:52:11.5877944Z       Start  7: pair_arithmetic_public_lifecycles_keyless
2026-09-05T11:52:11.5877954Z 
2026-09-05T11:52:11.5878502Z 7: Test command: /home/runner/work/20231788./20231788./build/pair_arithmetic_test "public_lifecycles_keyless"
2026-09-05T11:52:11.5878807Z 7: Working Directory: /home/runner/work/20231788./20231788./build
2026-09-05T11:52:11.5878986Z 7: Test timeout computed to be: 10000000
2026-09-05T11:52:11.6246307Z 7: pair-arithmetic case passed: public_lifecycles_keyless
2026-09-05T11:52:11.6250209Z  7/60 Test  #7: pair_arithmetic_public_lifecycles_keyless .......   Passed    0.04 sec
2026-09-05T11:52:11.6252246Z test 8
2026-09-05T11:52:11.6252521Z       Start  8: pair_arithmetic_compatibility_rejections
2026-09-05T11:52:11.6252538Z 
2026-09-05T11:52:11.6253104Z 8: Test command: /home/runner/work/20231788./20231788./build/pair_arithmetic_test "compatibility_rejections"
2026-09-05T11:52:11.6253391Z 8: Working Directory: /home/runner/work/20231788./20231788./build
2026-09-05T11:52:11.6253560Z 8: Test timeout computed to be: 10000000
2026-09-05T11:52:11.6363237Z 8: pair-arithmetic case passed: compatibility_rejections
2026-09-05T11:52:11.6365023Z  8/60 Test  #8: pair_arithmetic_compatibility_rejections ........   Passed    0.01 sec
2026-09-05T11:52:11.6368980Z test 9
2026-09-05T11:52:11.6369355Z       Start  9: tensor2_valid_arithmetic_immutability
2026-09-05T11:52:11.6369371Z 
2026-09-05T11:52:11.6369728Z 9: Test command: /home/runner/work/20231788./20231788./build/tensor2_test "valid_arithmetic_immutability"
2026-09-05T11:52:11.6369911Z 9: Working Directory: /home/runner/work/20231788./20231788./build
2026-09-05T11:52:11.6370025Z 9: Test timeout computed to be: 10000000
2026-09-05T11:52:11.6443103Z 9: Tensor2 case passed: valid_arithmetic_immutability
2026-09-05T11:52:11.6447229Z  9/60 Test  #9: tensor2_valid_arithmetic_immutability ...........   Passed    0.01 sec
2026-09-05T11:52:11.6448827Z test 10
2026-09-05T11:52:11.6449004Z       Start 10: tensor2_result_scale_contract
2026-09-05T11:52:11.6449087Z 
2026-09-05T11:52:11.6449586Z 10: Test command: /home/runner/work/20231788./20231788./build/tensor2_test "result_scale_contract"
2026-09-05T11:52:11.6449842Z 10: Working Directory: /home/runner/work/20231788./20231788./build
2026-09-05T11:52:11.6450410Z 10: Test timeout computed to be: 10000000
2026-09-05T11:52:11.6492775Z 10: Tensor2 case passed: result_scale_contract
2026-09-05T11:52:11.6496882Z 10/60 Test #10: tensor2_result_scale_contract ...................   Passed    0.00 sec
2026-09-05T11:52:11.6498716Z test 11
2026-09-05T11:52:11.6499114Z       Start 11: tensor2_right_input_validation
2026-09-05T11:52:11.6499123Z 
2026-09-05T11:52:11.6499437Z 11: Test command: /home/runner/work/20231788./20231788./build/tensor2_test "right_input_validation"
2026-09-05T11:52:11.6499633Z 11: Working Directory: /home/runner/work/20231788./20231788./build
2026-09-05T11:52:11.6499743Z 11: Test timeout computed to be: 10000000
2026-09-05T11:52:11.6541311Z 11: Tensor2 case passed: right_input_validation
2026-09-05T11:52:11.6545494Z 11/60 Test #11: tensor2_right_input_validation ..................   Passed    0.00 sec
2026-09-05T11:52:11.6547193Z test 12
2026-09-05T11:52:11.6547528Z       Start 12: tensor2_mutual_compatibility
2026-09-05T11:52:11.6547554Z 
2026-09-05T11:52:11.6548053Z 12: Test command: /home/runner/work/20231788./20231788./build/tensor2_test "mutual_compatibility"
2026-09-05T11:52:11.6548388Z 12: Working Directory: /home/runner/work/20231788./20231788./build
2026-09-05T11:52:11.6548607Z 12: Test timeout computed to be: 10000000
2026-09-05T11:52:11.6587120Z 12: Tensor2 case passed: mutual_compatibility
2026-09-05T11:52:11.6591194Z 12/60 Test #12: tensor2_mutual_compatibility ....................   Passed    0.00 sec
2026-09-05T11:52:11.6592485Z test 13
2026-09-05T11:52:11.6592972Z       Start 13: tensor2_prearithmetic_key_compatibility
2026-09-05T11:52:11.6592982Z 
2026-09-05T11:52:11.6593520Z 13: Test command: /home/runner/work/20231788./20231788./build/tensor2_test "prearithmetic_key_compatibility"
2026-09-05T11:52:11.6593697Z 13: Working Directory: /home/runner/work/20231788./20231788./build
2026-09-05T11:52:11.6593819Z 13: Test timeout computed to be: 10000000
2026-09-05T11:52:11.6633578Z 13: Tensor2 case passed: prearithmetic_key_compatibility
2026-09-05T11:52:11.6637749Z 13/60 Test #13: tensor2_prearithmetic_key_compatibility .........   Passed    0.00 sec
2026-09-05T11:52:11.6639728Z test 14
2026-09-05T11:52:11.6639940Z       Start 14: relin2_tensor_validation_order
2026-09-05T11:52:11.6639948Z 
2026-09-05T11:52:11.6640451Z 14: Test command: /home/runner/work/20231788./20231788./build/relin2_test "tensor_validation_order"
2026-09-05T11:52:11.6640742Z 14: Working Directory: /home/runner/work/20231788./20231788./build
2026-09-05T11:52:11.6640971Z 14: Test timeout computed to be: 10000000
2026-09-05T11:52:11.6682267Z 14: Relin2 case passed: tensor_validation_order
2026-09-05T11:52:11.6686432Z 14/60 Test #14: relin2_tensor_validation_order ..................   Passed    0.00 sec
2026-09-05T11:52:11.6688444Z test 15
2026-09-05T11:52:11.6688860Z       Start 15: relin2_insufficient_active_basis
2026-09-05T11:52:11.6689236Z 
2026-09-05T11:52:11.6689741Z 15: Test command: /home/runner/work/20231788./20231788./build/relin2_test "insufficient_active_basis"
2026-09-05T11:52:11.6690680Z 15: Working Directory: /home/runner/work/20231788./20231788./build
2026-09-05T11:52:11.6691073Z 15: Test timeout computed to be: 10000000
2026-09-05T11:52:11.6728596Z 15: Relin2 case passed: insufficient_active_basis
2026-09-05T11:52:11.6733429Z 15/60 Test #15: relin2_insufficient_active_basis ................   Passed    0.00 sec
2026-09-05T11:52:11.6735134Z test 16
2026-09-05T11:52:11.6735671Z       Start 16: relin2_missing_eval_key
2026-09-05T11:52:11.6735896Z 
2026-09-05T11:52:11.6736183Z 16: Test command: /home/runner/work/20231788./20231788./build/relin2_test "missing_eval_key"
2026-09-05T11:52:11.6736966Z 16: Working Directory: /home/runner/work/20231788./20231788./build
2026-09-05T11:52:11.6737593Z 16: Test timeout computed to be: 10000000
2026-09-05T11:52:11.6779154Z 16: Relin2 case passed: missing_eval_key
2026-09-05T11:52:11.6783287Z 16/60 Test #16: relin2_missing_eval_key .........................   Passed    0.00 sec
2026-09-05T11:52:11.6784906Z test 17
2026-09-05T11:52:11.6785238Z       Start 17: relin2_key_empty
2026-09-05T11:52:11.6785520Z 
2026-09-05T11:52:11.6785905Z 17: Test command: /home/runner/work/20231788./20231788./build/relin2_test "key_empty"
2026-09-05T11:52:11.6786539Z 17: Working Directory: /home/runner/work/20231788./20231788./build
2026-09-05T11:52:11.6786913Z 17: Test timeout computed to be: 10000000
2026-09-05T11:52:11.6827094Z 17: Relin2 case passed: key_empty
2026-09-05T11:52:11.6831227Z 17/60 Test #17: relin2_key_empty ................................   Passed    0.00 sec
2026-09-05T11:52:11.6832809Z test 18
2026-09-05T11:52:11.6833200Z       Start 18: relin2_key_null_first
2026-09-05T11:52:11.6833517Z 
2026-09-05T11:52:11.6833954Z 18: Test command: /home/runner/work/20231788./20231788./build/relin2_test "key_null_first"
2026-09-05T11:52:11.6835109Z 18: Working Directory: /home/runner/work/20231788./20231788./build
2026-09-05T11:52:11.6835515Z 18: Test timeout computed to be: 10000000
2026-09-05T11:52:11.6874751Z 18: Relin2 case passed: key_null_first
2026-09-05T11:52:11.6878742Z 18/60 Test #18: relin2_key_null_first ...........................   Passed    0.00 sec
2026-09-05T11:52:11.6880211Z test 19
2026-09-05T11:52:11.6880608Z       Start 19: relin2_key_wrong_context
2026-09-05T11:52:11.6880932Z 
2026-09-05T11:52:11.6881404Z 19: Test command: /home/runner/work/20231788./20231788./build/relin2_test "key_wrong_context"
2026-09-05T11:52:11.6882335Z 19: Working Directory: /home/runner/work/20231788./20231788./build
2026-09-05T11:52:11.6882761Z 19: Test timeout computed to be: 10000000
2026-09-05T11:52:11.6930564Z 19: Relin2 case passed: key_wrong_context
2026-09-05T11:52:11.6935043Z 19/60 Test #19: relin2_key_wrong_context ........................   Passed    0.01 sec
2026-09-05T11:52:11.6936397Z test 20
2026-09-05T11:52:11.6936793Z       Start 20: relin2_key_wrong_tag
2026-09-05T11:52:11.6937106Z 
2026-09-05T11:52:11.6937553Z 20: Test command: /home/runner/work/20231788./20231788./build/relin2_test "key_wrong_tag"
2026-09-05T11:52:11.6938516Z 20: Working Directory: /home/runner/work/20231788./20231788./build
2026-09-05T11:52:11.6938953Z 20: Test timeout computed to be: 10000000
2026-09-05T11:52:11.6980199Z 20: Relin2 case passed: key_wrong_tag
2026-09-05T11:52:11.6984844Z 20/60 Test #20: relin2_key_wrong_tag ............................   Passed    0.00 sec
2026-09-05T11:52:11.6986394Z test 21
2026-09-05T11:52:11.6986773Z       Start 21: relin2_key_wrong_subtype
2026-09-05T11:52:11.6987098Z 
2026-09-05T11:52:11.6987546Z 21: Test command: /home/runner/work/20231788./20231788./build/relin2_test "key_wrong_subtype"
2026-09-05T11:52:11.6988473Z 21: Working Directory: /home/runner/work/20231788./20231788./build
2026-09-05T11:52:11.6988856Z 21: Test timeout computed to be: 10000000
2026-09-05T11:52:11.7035186Z 21: Relin2 case passed: key_wrong_subtype
2026-09-05T11:52:11.7039509Z 21/60 Test #21: relin2_key_wrong_subtype ........................   Passed    0.01 sec
2026-09-05T11:52:11.7040708Z test 22
2026-09-05T11:52:11.7041066Z       Start 22: relin2_key_hybrid_a_length
2026-09-05T11:52:11.7041381Z 
2026-09-05T11:52:11.7041827Z 22: Test command: /home/runner/work/20231788./20231788./build/relin2_test "key_hybrid_a_length"
2026-09-05T11:52:11.7042439Z 22: Working Directory: /home/runner/work/20231788./20231788./build
2026-09-05T11:52:11.7042798Z 22: Test timeout computed to be: 10000000
2026-09-05T11:52:11.7083919Z 22: Relin2 case passed: key_hybrid_a_length
2026-09-05T11:52:11.7088363Z 22/60 Test #22: relin2_key_hybrid_a_length ......................   Passed    0.00 sec
2026-09-05T11:52:11.7089536Z test 23
2026-09-05T11:52:11.7089894Z       Start 23: relin2_key_hybrid_b_length
2026-09-05T11:52:11.7090209Z 
2026-09-05T11:52:11.7090660Z 23: Test command: /home/runner/work/20231788./20231788./build/relin2_test "key_hybrid_b_length"
2026-09-05T11:52:11.7091271Z 23: Working Directory: /home/runner/work/20231788./20231788./build
2026-09-05T11:52:11.7091645Z 23: Test timeout computed to be: 10000000
2026-09-05T11:52:11.7131920Z 23: Relin2 case passed: key_hybrid_b_length
2026-09-05T11:52:11.7136438Z 23/60 Test #23: relin2_key_hybrid_b_length ......................   Passed    0.00 sec
2026-09-05T11:52:11.7137636Z test 24
2026-09-05T11:52:11.7137990Z       Start 24: relin2_key_hybrid_entry_basis
2026-09-05T11:52:11.7138340Z 
2026-09-05T11:52:11.7138819Z 24: Test command: /home/runner/work/20231788./20231788./build/relin2_test "key_hybrid_entry_basis"
2026-09-05T11:52:11.7139434Z 24: Working Directory: /home/runner/work/20231788./20231788./build
2026-09-05T11:52:11.7139831Z 24: Test timeout computed to be: 10000000
2026-09-05T11:52:11.7187931Z 24: Relin2 case passed: key_hybrid_entry_basis
2026-09-05T11:52:11.7191865Z 24/60 Test #24: relin2_key_hybrid_entry_basis ...................   Passed    0.01 sec
2026-09-05T11:52:11.7193080Z test 25
2026-09-05T11:52:11.7193475Z       Start 25: relin2_key_hybrid_entry_format
2026-09-05T11:52:11.7193835Z 
2026-09-05T11:52:11.7194591Z 25: Test command: /home/runner/work/20231788./20231788./build/relin2_test "key_hybrid_entry_format"
2026-09-05T11:52:11.7195582Z 25: Working Directory: /home/runner/work/20231788./20231788./build
2026-09-05T11:52:11.7195985Z 25: Test timeout computed to be: 10000000
2026-09-05T11:52:11.7370753Z 25: Relin2 case passed: key_hybrid_entry_format
2026-09-05T11:52:11.7374971Z 25/60 Test #25: relin2_key_hybrid_entry_format ..................   Passed    0.02 sec
2026-09-05T11:52:11.7376997Z test 26
2026-09-05T11:52:11.7377358Z       Start 26: relin2_key_bv_zero_digit_a_length
2026-09-05T11:52:11.7377636Z 
2026-09-05T11:52:11.7378285Z 26: Test command: /home/runner/work/20231788./20231788./build/relin2_test "key_bv_zero_digit_a_length"
2026-09-05T11:52:11.7379099Z 26: Working Directory: /home/runner/work/20231788./20231788./build
2026-09-05T11:52:11.7379584Z 26: Test timeout computed to be: 10000000
2026-09-05T11:52:11.7423778Z 26: Relin2 case passed: key_bv_zero_digit_a_length
2026-09-05T11:52:11.7428230Z 26/60 Test #26: relin2_key_bv_zero_digit_a_length ...............   Passed    0.00 sec
2026-09-05T11:52:11.7429507Z test 27
2026-09-05T11:52:11.7429875Z       Start 27: relin2_key_bv_zero_digit_b_length
2026-09-05T11:52:11.7430242Z 
2026-09-05T11:52:11.7430679Z 27: Test command: /home/runner/work/20231788./20231788./build/relin2_test "key_bv_zero_digit_b_length"
2026-09-05T11:52:11.7431293Z 27: Working Directory: /home/runner/work/20231788./20231788./build
2026-09-05T11:52:11.7431651Z 27: Test timeout computed to be: 10000000
2026-09-05T11:52:11.7471492Z 27: Relin2 case passed: key_bv_zero_digit_b_length
2026-09-05T11:52:11.7475952Z 27/60 Test #27: relin2_key_bv_zero_digit_b_length ...............   Passed    0.00 sec
2026-09-05T11:52:11.7477029Z test 28
2026-09-05T11:52:11.7477381Z       Start 28: relin2_key_bv_nonzero_digit_a_length
2026-09-05T11:52:11.7477602Z 
2026-09-05T11:52:11.7477913Z 28: Test command: /home/runner/work/20231788./20231788./build/relin2_test "key_bv_nonzero_digit_a_length"
2026-09-05T11:52:11.7478499Z 28: Working Directory: /home/runner/work/20231788./20231788./build
2026-09-05T11:52:11.7478898Z 28: Test timeout computed to be: 10000000
2026-09-05T11:52:11.7526141Z 28: Relin2 case passed: key_bv_nonzero_digit_a_length
2026-09-05T11:52:11.7529946Z 28/60 Test #28: relin2_key_bv_nonzero_digit_a_length ............   Passed    0.01 sec
2026-09-05T11:52:11.7531337Z test 29
2026-09-05T11:52:11.7531762Z       Start 29: relin2_key_bv_nonzero_digit_b_length
2026-09-05T11:52:11.7532151Z 
2026-09-05T11:52:11.7532720Z 29: Test command: /home/runner/work/20231788./20231788./build/relin2_test "key_bv_nonzero_digit_b_length"
2026-09-05T11:52:11.7533505Z 29: Working Directory: /home/runner/work/20231788./20231788./build
2026-09-05T11:52:11.7533876Z 29: Test timeout computed to be: 10000000
2026-09-05T11:52:11.7579168Z 29: Relin2 case passed: key_bv_nonzero_digit_b_length
2026-09-05T11:52:11.7583997Z 29/60 Test #29: relin2_key_bv_nonzero_digit_b_length ............   Passed    0.01 sec
2026-09-05T11:52:11.7585242Z test 30
2026-09-05T11:52:11.7585633Z       Start 30: relin2_key_bv_zero_digit_entry_basis
2026-09-05T11:52:11.7586262Z 
2026-09-05T11:52:11.7586682Z 30: Test command: /home/runner/work/20231788./20231788./build/relin2_test "key_bv_zero_digit_entry_basis"
2026-09-05T11:52:11.7587265Z 30: Working Directory: /home/runner/work/20231788./20231788./build
2026-09-05T11:52:11.7587624Z 30: Test timeout computed to be: 10000000
2026-09-05T11:52:11.7626895Z 30: Relin2 case passed: key_bv_zero_digit_entry_basis
2026-09-05T11:52:11.7630878Z 30/60 Test #30: relin2_key_bv_zero_digit_entry_basis ............   Passed    0.00 sec
2026-09-05T11:52:11.7632266Z test 31
2026-09-05T11:52:11.7632706Z       Start 31: relin2_key_bv_nonzero_digit_entry_basis
2026-09-05T11:52:11.7633103Z 
2026-09-05T11:52:11.7633699Z 31: Test command: /home/runner/work/20231788./20231788./build/relin2_test "key_bv_nonzero_digit_entry_basis"
2026-09-05T11:52:11.7634818Z 31: Working Directory: /home/runner/work/20231788./20231788./build
2026-09-05T11:52:11.7635202Z 31: Test timeout computed to be: 10000000
2026-09-05T11:52:11.7680412Z 31: Relin2 case passed: key_bv_nonzero_digit_entry_basis
2026-09-05T11:52:11.7684916Z 31/60 Test #31: relin2_key_bv_nonzero_digit_entry_basis .........   Passed    0.01 sec
2026-09-05T11:52:11.7686295Z test 32
2026-09-05T11:52:11.7686674Z       Start 32: relin2_key_bv_zero_digit_entry_format
2026-09-05T11:52:11.7687057Z 
2026-09-05T11:52:11.7687551Z 32: Test command: /home/runner/work/20231788./20231788./build/relin2_test "key_bv_zero_digit_entry_format"
2026-09-05T11:52:11.7688162Z 32: Working Directory: /home/runner/work/20231788./20231788./build
2026-09-05T11:52:11.7688728Z 32: Test timeout computed to be: 10000000
2026-09-05T11:52:11.7728218Z 32: Relin2 case passed: key_bv_zero_digit_entry_format
2026-09-05T11:52:11.7732158Z 32/60 Test #32: relin2_key_bv_zero_digit_entry_format ...........   Passed    0.00 sec
2026-09-05T11:52:11.7733812Z test 33
2026-09-05T11:52:11.7734126Z       Start 33: relin2_key_bv_nonzero_digit_entry_format
2026-09-05T11:52:11.7734573Z 
2026-09-05T11:52:11.7735117Z 33: Test command: /home/runner/work/20231788./20231788./build/relin2_test "key_bv_nonzero_digit_entry_format"
2026-09-05T11:52:11.7736227Z 33: Working Directory: /home/runner/work/20231788./20231788./build
2026-09-05T11:52:11.7736582Z 33: Test timeout computed to be: 10000000
2026-09-05T11:52:11.7783868Z 33: Relin2 case passed: key_bv_nonzero_digit_entry_format
2026-09-05T11:52:11.7788200Z 33/60 Test #33: relin2_key_bv_nonzero_digit_entry_format ........   Passed    0.01 sec
2026-09-05T11:52:11.7789827Z test 34
2026-09-05T11:52:11.7790128Z       Start 34: relin2_valid_arithmetic_state_immutability
2026-09-05T11:52:11.7790385Z 
2026-09-05T11:52:11.7790745Z 34: Test command: /home/runner/work/20231788./20231788./build/relin2_test "valid_arithmetic_state_immutability"
2026-09-05T11:52:11.7791404Z 34: Working Directory: /home/runner/work/20231788./20231788./build
2026-09-05T11:52:11.7791773Z 34: Test timeout computed to be: 10000000
2026-09-05T11:52:11.7861478Z 34: Relin2 case passed: valid_arithmetic_state_immutability
2026-09-05T11:52:11.7865992Z 34/60 Test #34: relin2_valid_arithmetic_state_immutability ......   Passed    0.01 sec
2026-09-05T11:52:11.7867463Z test 35
2026-09-05T11:52:11.7867875Z       Start 35: relin2_controlled_witnesses_and_boundaries
2026-09-05T11:52:11.7868277Z 
2026-09-05T11:52:11.7868791Z 35: Test command: /home/runner/work/20231788./20231788./build/relin2_test "controlled_witnesses_and_boundaries"
2026-09-05T11:52:11.7869413Z 35: Working Directory: /home/runner/work/20231788./20231788./build
2026-09-05T11:52:11.7869776Z 35: Test timeout computed to be: 10000000
2026-09-05T11:52:11.7922806Z 35: Relin2 case passed: controlled_witnesses_and_boundaries
2026-09-05T11:52:11.7927192Z 35/60 Test #35: relin2_controlled_witnesses_and_boundaries ......   Passed    0.01 sec
2026-09-05T11:52:11.7928804Z test 36
2026-09-05T11:52:11.7929097Z       Start 36: relin2_representative_public_input
2026-09-05T11:52:11.7929334Z 
2026-09-05T11:52:11.7929638Z 36: Test command: /home/runner/work/20231788./20231788./build/relin2_test "representative_public_input"
2026-09-05T11:52:11.7930493Z 36: Working Directory: /home/runner/work/20231788./20231788./build
2026-09-05T11:52:11.7930850Z 36: Test timeout computed to be: 10000000
2026-09-05T11:52:11.8178372Z 36: Relin2 case passed: representative_public_input
2026-09-05T11:52:11.8182589Z 36/60 Test #36: relin2_representative_public_input ..............   Passed    0.03 sec
2026-09-05T11:52:11.8183869Z test 37
2026-09-05T11:52:11.8184251Z       Start 37: relin2_key_extra_later_valid
2026-09-05T11:52:11.8184880Z 
2026-09-05T11:52:11.8185648Z 37: Test command: /home/runner/work/20231788./20231788./build/relin2_test "key_extra_later_valid"
2026-09-05T11:52:11.8186719Z 37: Working Directory: /home/runner/work/20231788./20231788./build
2026-09-05T11:52:11.8187330Z 37: Test timeout computed to be: 10000000
2026-09-05T11:52:11.8418847Z 37: Relin2 case passed: key_extra_later_valid
2026-09-05T11:52:11.8422834Z 37/60 Test #37: relin2_key_extra_later_valid ....................   Passed    0.02 sec
2026-09-05T11:52:11.8424709Z test 38
2026-09-05T11:52:11.8425135Z       Start 38: relin2_key_malformed_later_ignored
2026-09-05T11:52:11.8425521Z 
2026-09-05T11:52:11.8426083Z 38: Test command: /home/runner/work/20231788./20231788./build/relin2_test "key_malformed_later_ignored"
2026-09-05T11:52:11.8426883Z 38: Working Directory: /home/runner/work/20231788./20231788./build
2026-09-05T11:52:11.8427267Z 38: Test timeout computed to be: 10000000
2026-09-05T11:52:11.8780201Z 38: Relin2 case passed: key_malformed_later_ignored
2026-09-05T11:52:11.8784994Z 38/60 Test #38: relin2_key_malformed_later_ignored ..............   Passed    0.04 sec
2026-09-05T11:52:11.8786654Z test 39
2026-09-05T11:52:11.8787020Z       Start 39: relin2_hybrid_valid_shapes
2026-09-05T11:52:11.8787350Z 
2026-09-05T11:52:11.8787801Z 39: Test command: /home/runner/work/20231788./20231788./build/relin2_test "hybrid_valid_shapes"
2026-09-05T11:52:11.8788821Z 39: Working Directory: /home/runner/work/20231788./20231788./build
2026-09-05T11:52:11.8789256Z 39: Test timeout computed to be: 10000000
2026-09-05T11:52:11.8918341Z 39: Relin2 case passed: hybrid_valid_shapes
2026-09-05T11:52:11.8922372Z 39/60 Test #39: relin2_hybrid_valid_shapes ......................   Passed    0.01 sec
2026-09-05T11:52:11.8924245Z test 40
2026-09-05T11:52:11.8924993Z       Start 40: relin2_bv_zero_digit_valid_shapes
2026-09-05T11:52:11.8925519Z 
2026-09-05T11:52:11.8926285Z 40: Test command: /home/runner/work/20231788./20231788./build/relin2_test "bv_zero_digit_valid_shapes"
2026-09-05T11:52:11.8927185Z 40: Working Directory: /home/runner/work/20231788./20231788./build
2026-09-05T11:52:11.8927674Z 40: Test timeout computed to be: 10000000
2026-09-05T11:52:11.8981758Z 40: Relin2 case passed: bv_zero_digit_valid_shapes
2026-09-05T11:52:11.8986369Z 40/60 Test #40: relin2_bv_zero_digit_valid_shapes ...............   Passed    0.01 sec
2026-09-05T11:52:11.8987792Z test 41
2026-09-05T11:52:11.8988220Z       Start 41: relin2_bv_nonzero_digit_valid_shapes
2026-09-05T11:52:11.8988630Z 
2026-09-05T11:52:11.8989181Z 41: Test command: /home/runner/work/20231788./20231788./build/relin2_test "bv_nonzero_digit_valid_shapes"
2026-09-05T11:52:11.8990120Z 41: Working Directory: /home/runner/work/20231788./20231788./build
2026-09-05T11:52:11.8990532Z 41: Test timeout computed to be: 10000000
2026-09-05T11:52:11.9053159Z 41: Relin2 case passed: bv_nonzero_digit_valid_shapes
2026-09-05T11:52:11.9057472Z 41/60 Test #41: relin2_bv_nonzero_digit_valid_shapes ............   Passed    0.01 sec
2026-09-05T11:52:11.9059138Z test 42
2026-09-05T11:52:11.9059603Z       Start 42: relin2_first_recombined_rcb_validation
2026-09-05T11:52:11.9060023Z 
2026-09-05T11:52:11.9060635Z 42: Test command: /home/runner/work/20231788./20231788./build/relin2_test "first_recombined_rcb_validation"
2026-09-05T11:52:11.9061482Z 42: Working Directory: /home/runner/work/20231788./20231788./build
2026-09-05T11:52:11.9061899Z 42: Test timeout computed to be: 10000000
2026-09-05T11:52:11.9100614Z 42: Relin2 case passed: first_recombined_rcb_validation
2026-09-05T11:52:11.9104667Z 42/60 Test #42: relin2_first_recombined_rcb_validation ..........   Passed    0.00 sec
2026-09-05T11:52:11.9106404Z test 43
2026-09-05T11:52:11.9106870Z       Start 43: relin2_first_recombined_tensor2_validation
2026-09-05T11:52:11.9107284Z 
2026-09-05T11:52:11.9107899Z 43: Test command: /home/runner/work/20231788./20231788./build/relin2_test "first_recombined_tensor2_validation"
2026-09-05T11:52:11.9108714Z 43: Working Directory: /home/runner/work/20231788./20231788./build
2026-09-05T11:52:11.9109099Z 43: Test timeout computed to be: 10000000
2026-09-05T11:52:11.9147302Z 43: Relin2 case passed: first_recombined_tensor2_validation
2026-09-05T11:52:11.9151151Z 43/60 Test #43: relin2_first_recombined_tensor2_validation ......   Passed    0.00 sec
2026-09-05T11:52:11.9152522Z test 44
2026-09-05T11:52:11.9152949Z       Start 44: relin2_tensor2_requires_first_lifecycle
2026-09-05T11:52:11.9153340Z 
2026-09-05T11:52:11.9153925Z 44: Test command: /home/runner/work/20231788./20231788./build/relin2_test "tensor2_requires_first_lifecycle"
2026-09-05T11:52:11.9155008Z 44: Working Directory: /home/runner/work/20231788./20231788./build
2026-09-05T11:52:11.9155372Z 44: Test timeout computed to be: 10000000
2026-09-05T11:52:11.9202914Z 44: Relin2 case passed: tensor2_requires_first_lifecycle
2026-09-05T11:52:11.9207058Z 44/60 Test #44: relin2_tensor2_requires_first_lifecycle .........   Passed    0.01 sec
2026-09-05T11:52:11.9208594Z test 45
2026-09-05T11:52:11.9208958Z       Start 45: rs2_wrong_lifecycle
2026-09-05T11:52:11.9209265Z 
2026-09-05T11:52:11.9209913Z 45: Test command: /home/runner/work/20231788./20231788./build/rs2_test "wrong_lifecycle"
2026-09-05T11:52:11.9210811Z 45: Working Directory: /home/runner/work/20231788./20231788./build
2026-09-05T11:52:11.9211201Z 45: Test timeout computed to be: 10000000
2026-09-05T11:52:11.9249299Z 45: RS2 case passed: wrong_lifecycle
2026-09-05T11:52:11.9253070Z 45/60 Test #45: rs2_wrong_lifecycle .............................   Passed    0.00 sec
2026-09-05T11:52:11.9255128Z test 46
2026-09-05T11:52:11.9255563Z       Start 46: rs2_valid_arithmetic_state_immutability
2026-09-05T11:52:11.9255961Z 
2026-09-05T11:52:11.9256562Z 46: Test command: /home/runner/work/20231788./20231788./build/rs2_test "valid_arithmetic_state_immutability"
2026-09-05T11:52:11.9257407Z 46: Working Directory: /home/runner/work/20231788./20231788./build
2026-09-05T11:52:11.9257805Z 46: Test timeout computed to be: 10000000
2026-09-05T11:52:11.9319855Z 46: RS2 case passed: valid_arithmetic_state_immutability
2026-09-05T11:52:11.9323883Z 46/60 Test #46: rs2_valid_arithmetic_state_immutability .........   Passed    0.01 sec
2026-09-05T11:52:11.9325812Z test 47
2026-09-05T11:52:11.9326149Z       Start 47: rs2_mixed_tower_format
2026-09-05T11:52:11.9326457Z 
2026-09-05T11:52:11.9326901Z 47: Test command: /home/runner/work/20231788./20231788./build/rs2_test "mixed_tower_format"
2026-09-05T11:52:11.9327473Z 47: Working Directory: /home/runner/work/20231788./20231788./build
2026-09-05T11:52:11.9327852Z 47: Test timeout computed to be: 10000000
2026-09-05T11:52:11.9378034Z 47: RS2 case passed: mixed_tower_format
2026-09-05T11:52:11.9381951Z 47/60 Test #47: rs2_mixed_tower_format ..........................   Passed    0.01 sec
2026-09-05T11:52:11.9383476Z test 48
2026-09-05T11:52:11.9383874Z       Start 48: rs2_untouched_public_pipeline
2026-09-05T11:52:11.9384233Z 
2026-09-05T11:52:11.9385012Z 48: Test command: /home/runner/work/20231788./20231788./build/rs2_test "untouched_public_pipeline"
2026-09-05T11:52:11.9385986Z 48: Working Directory: /home/runner/work/20231788./20231788./build
2026-09-05T11:52:11.9386375Z 48: Test timeout computed to be: 10000000
2026-09-05T11:52:11.9561585Z 48: RS2 case passed: untouched_public_pipeline
2026-09-05T11:52:11.9562384Z 48/60 Test #48: rs2_untouched_public_pipeline ...................   Passed    0.02 sec
2026-09-05T11:52:11.9564179Z test 49
2026-09-05T11:52:11.9564798Z       Start 49: rs2_declared_basis_mismatch
2026-09-05T11:52:11.9565400Z 
2026-09-05T11:52:11.9565954Z 49: Test command: /home/runner/work/20231788./20231788./build/rs2_test "declared_basis_mismatch"
2026-09-05T11:52:11.9566624Z 49: Working Directory: /home/runner/work/20231788./20231788./build
2026-09-05T11:52:11.9566993Z 49: Test timeout computed to be: 10000000
2026-09-05T11:52:11.9848046Z 49: RS2 case passed: declared_basis_mismatch
2026-09-05T11:52:11.9852430Z 49/60 Test #49: rs2_declared_basis_mismatch .....................   Passed    0.03 sec
2026-09-05T11:52:11.9853777Z test 50
2026-09-05T11:52:11.9854150Z       Start 50: rs2_terminal_rejections
2026-09-05T11:52:11.9854733Z 
2026-09-05T11:52:11.9855204Z 50: Test command: /home/runner/work/20231788./20231788./build/rs2_test "terminal_rejections"
2026-09-05T11:52:11.9856122Z 50: Working Directory: /home/runner/work/20231788./20231788./build
2026-09-05T11:52:11.9856520Z 50: Test timeout computed to be: 10000000
2026-09-05T11:52:11.9958961Z 50: RS2 case passed: terminal_rejections
2026-09-05T11:52:11.9963169Z 50/60 Test #50: rs2_terminal_rejections .........................   Passed    0.01 sec
2026-09-05T11:52:11.9965003Z test 51
2026-09-05T11:52:11.9965389Z       Start 51: mult2_composition_contract
2026-09-05T11:52:11.9965736Z 
2026-09-05T11:52:11.9966218Z 51: Test command: /home/runner/work/20231788./20231788./build/mult2_test "composition_contract"
2026-09-05T11:52:11.9967102Z 51: Working Directory: /home/runner/work/20231788./20231788./build
2026-09-05T11:52:11.9967485Z 51: Test timeout computed to be: 10000000
2026-09-05T11:52:12.0102417Z 51: security_level=HEStd_NotSet(functional-only) ring_dimension=64 batch_size=16 scaling_mod_size=30 first_mod_size=35 multiplicative_depth=7 key_switch=HYBRID secret_key_dist=UNIFORM_TERNARY ckks_data_type=REAL active_Q_l_towers=7 q_div=1073741953 q_l=1073741441 ratio_2^(2p)/(q_div*q_l)=1.00000023655603276 frozen_decoded_abs_tolerance=0.00100000000000000002 measured_max_logical_slot_error=9.33953591547576067e-09
2026-09-05T11:52:12.0104706Z 51/60 Test #51: mult2_composition_contract ......................   Passed    0.01 sec
2026-09-05T11:52:12.0106536Z test 52
2026-09-05T11:52:12.0106796Z       Start 52: mult2_e2e_hybrid_real
2026-09-05T11:52:12.0106988Z 
2026-09-05T11:52:12.0107296Z 52: Test command: /home/runner/work/20231788./20231788./build/mult2_e2e_oracle_test "hybrid_real"
2026-09-05T11:52:12.0107885Z 52: Working Directory: /home/runner/work/20231788./20231788./build
2026-09-05T11:52:12.0108241Z 52: Test timeout computed to be: 10000000
2026-09-05T11:52:12.1019028Z 52: [RELIN2-EXECUTION] q_div=1073741953 q_l=1073741441 ordinary_combined_relin_execution_error=14 pair_relin_execution_error=24 high_path_relin_error=12 low_path_relin_error=14 execution_relin2_triangle_bound=26 paper_additivity_residual=17 paper_additivity_execution_observed=true secret_h=40 input_Q_l=52656049226897061758347970843194892279389197066160739197584863617 oracle_basis_agreement=true
2026-09-05T11:52:12.1028270Z 52: case=hybrid_real security_level=HEStd_NotSet(functional-only) key_switch=HYBRID secret_key_dist=UNIFORM_TERNARY ckks_data_type=REAL selected_ring_dimension=64 actual_N=64 batch_size=16 host_vector_length=8 encoding_noise_scale_degree=2 encoding_level=0 scaling_technique=FIXEDMANUAL digit_size=0 max_relin_sk_deg=2 scaling_mod_size=30 first_mod_size=35 multiplicative_depth=7 active_Q_l_towers=7 Q_l_bits=215 preselection_required_bits=174 selection_reserve_bits=32 q_div=1073741953 q_l=1073741441 ratio_2^(2p)/(q_div*q_l)=1.00000023655603276 descriptor_ratio=1.00000023655603276 M_high=107367068 M_low=5368709750 secret_h=40 ordinary_combined_relin_execution_error=14 pair_relin_execution_error=24 high_path_relin_error=12 low_path_relin_error=14 execution_relin2_triangle_bound=26 paper_additivity_residual=17 paper_additivity_execution_observed=true execution_certificate=PER_PATH_CONDITIONAL conservative_E_Relin_available=false universal_theorem_gate=UNPROVED execution_nonwrap_left=850593472473691309486572465978298650 execution_nonwrap_right_Q_l_over_2=26328024613448530879173985421597446139694598533080369598792431808 coefficient_error=74261027315301727599/1152921231876374273 execution_bound=3736619451170133926749/2305842463752748546 fixed_key_bv_bound_available=false frozen_decoded_abs_tolerance=0.00100000000000000002 measured_recorded_bias_error=1.66212473490742913e-08 measured_logical_slot_error=1.66212434172188847e-08
2026-09-05T11:52:12.1035271Z 52/60 Test #52: mult2_e2e_hybrid_real ...........................   Passed    0.09 sec
2026-09-05T11:52:12.1035658Z test 53
2026-09-05T11:52:12.1035850Z       Start 53: mult2_e2e_hybrid_complex
2026-09-05T11:52:12.1036036Z 
2026-09-05T11:52:12.1036324Z 53: Test command: /home/runner/work/20231788./20231788./build/mult2_e2e_oracle_test "hybrid_complex"
2026-09-05T11:52:12.1036857Z 53: Working Directory: /home/runner/work/20231788./20231788./build
2026-09-05T11:52:12.1037215Z 53: Test timeout computed to be: 10000000
2026-09-05T11:52:12.2217560Z 53: [RELIN2-EXECUTION] q_div=1073741953 q_l=1073741441 ordinary_combined_relin_execution_error=11 pair_relin_execution_error=17 high_path_relin_error=11 low_path_relin_error=10 execution_relin2_triangle_bound=21 paper_additivity_residual=14 paper_additivity_execution_observed=true secret_h=38 input_Q_l=52656049226897061758347970843194892279389197066160739197584863617 oracle_basis_agreement=true
2026-09-05T11:52:12.2228770Z 53: case=hybrid_complex security_level=HEStd_NotSet(functional-only) key_switch=HYBRID secret_key_dist=UNIFORM_TERNARY ckks_data_type=COMPLEX selected_ring_dimension=64 actual_N=64 batch_size=16 host_vector_length=8 encoding_noise_scale_degree=2 encoding_level=0 scaling_technique=FIXEDMANUAL digit_size=0 max_relin_sk_deg=2 scaling_mod_size=30 first_mod_size=35 multiplicative_depth=7 active_Q_l_towers=7 Q_l_bits=215 preselection_required_bits=174 selection_reserve_bits=32 q_div=1073741953 q_l=1073741441 ratio_2^(2p)/(q_div*q_l)=1.00000023655603276 descriptor_ratio=1.00000023655603276 M_high=88152833 M_low=5368709755 secret_h=38 ordinary_combined_relin_execution_error=11 pair_relin_execution_error=17 high_path_relin_error=11 low_path_relin_error=10 execution_relin2_triangle_bound=21 paper_additivity_residual=14 paper_additivity_execution_observed=true execution_certificate=PER_PATH_CONDITIONAL conservative_E_Relin_available=false universal_theorem_gate=UNPROVED execution_nonwrap_left=573393037709679045986417022186292245 execution_nonwrap_right_Q_l_over_2=26328024613448530879173985421597446139694598533080369598792431808 coefficient_error=73420451407214666333/1152921231876374273 execution_bound=3734313615567592241873/2305842463752748546 fixed_key_bv_bound_available=false frozen_decoded_abs_tolerance=0.00100000000000000002 measured_recorded_bias_error=1.32248405082804069e-09 measured_logical_slot_error=1.32248373774184375e-09
2026-09-05T11:52:12.2234895Z 53/60 Test #53: mult2_e2e_hybrid_complex ........................   Passed    0.12 sec
2026-09-05T11:52:12.2235300Z test 54
2026-09-05T11:52:12.2235487Z       Start 54: mult2_e2e_bv_real
2026-09-05T11:52:12.2235651Z 
2026-09-05T11:52:12.2235907Z 54: Test command: /home/runner/work/20231788./20231788./build/mult2_e2e_oracle_test "bv_real"
2026-09-05T11:52:12.2236415Z 54: Working Directory: /home/runner/work/20231788./20231788./build
2026-09-05T11:52:12.2236769Z 54: Test timeout computed to be: 10000000
2026-09-05T11:52:12.2967501Z 54: [RELIN2-EXECUTION] q_div=1073741953 q_l=1073741441 ordinary_combined_relin_execution_error=283573426383 pair_relin_execution_error=297124092301 high_path_relin_error=183476867932 low_path_relin_error=228500984878 execution_relin2_triangle_bound=411977852810 paper_additivity_residual=356482253974 paper_additivity_execution_observed=false secret_h=46 input_Q_l=52656049226897061758347970843194892279389197066160739197584863617 oracle_basis_agreement=true
2026-09-05T11:52:12.2979118Z 54: case=bv_real security_level=HEStd_NotSet(functional-only) key_switch=BV secret_key_dist=UNIFORM_TERNARY ckks_data_type=REAL selected_ring_dimension=64 actual_N=64 batch_size=16 host_vector_length=8 encoding_noise_scale_degree=2 encoding_level=0 scaling_technique=FIXEDMANUAL digit_size=0 max_relin_sk_deg=2 scaling_mod_size=30 first_mod_size=35 multiplicative_depth=7 active_Q_l_towers=7 Q_l_bits=215 preselection_required_bits=174 selection_reserve_bits=32 q_div=1073741953 q_l=1073741441 ratio_2^(2p)/(q_div*q_l)=1.00000023655603276 descriptor_ratio=1.00000023655603276 M_high=107367068 M_low=5368709787 secret_h=46 ordinary_combined_relin_execution_error=283573426383 pair_relin_execution_error=297124092301 high_path_relin_error=183476867932 low_path_relin_error=228500984878 execution_relin2_triangle_bound=411977852810 paper_additivity_residual=356482253974 paper_additivity_execution_observed=false execution_certificate=PER_PATH_CONDITIONAL conservative_E_Relin_available=false universal_theorem_gate=UNPROVED execution_nonwrap_left=850593472473691855474110040682830794 execution_nonwrap_right_Q_l_over_2=26328024613448530879173985421597446139694598533080369598792431808 coefficient_error=330553164364229067269/1152921231876374273 execution_bound=4628252837895888393923/2305842463752748546 fixed_key_bv_bound_available=true fixed_key_bv_bound_status=CANDIDATE_FIXED_KEY_CIPHERTEXT_UNIFORM_CONDITIONAL_ON_CENTERED_DIGIT_LIFT fixed_key_bv_noise_scale=1 fixed_key_bv_active_rows=7 fixed_key_bv_raised_high_q_div_digit=ZERO fixed_key_bv_row_residual_norms=3,2,2,3,2,3,3 fixed_key_bv_per_path_raw_bound=3813930692608 fixed_key_bv_pair_raw_bound=7627861385216 fixed_key_bv_integer_lift_nonwrap=true fixed_key_bv_conservative_nonwrap_left=850593472473691855474117256566363200 fixed_key_bv_conservative_bound=20124246591308202851759/2305842463752748546 fixed_key_bv_final_integer_lift=1701186944947403835194810565612807727<56539009134152591222370164266759140395695978104921302317938424343356224001 fixed_key_bv_unconditional_gaussian_key_bound=false fixed_key_bv_universal_theorem_gate=UNPROVED centered_digit_boundary_probe=PASSED frozen_decoded_abs_tolerance=0.00100000000000000002 measured_recorded_bias_error=1.40572153732882078e-08 measured_logical_slot_error=1.4057212047969894e-08
2026-09-05T11:52:12.2987475Z 54/60 Test #54: mult2_e2e_bv_real ...............................   Passed    0.07 sec
2026-09-05T11:52:12.2987867Z test 55
2026-09-05T11:52:12.2988063Z       Start 55: mult2_e2e_bv_complex
2026-09-05T11:52:12.2988238Z 
2026-09-05T11:52:12.2988511Z 55: Test command: /home/runner/work/20231788./20231788./build/mult2_e2e_oracle_test "bv_complex"
2026-09-05T11:52:12.2989025Z 55: Working Directory: /home/runner/work/20231788./20231788./build
2026-09-05T11:52:12.2989378Z 55: Test timeout computed to be: 10000000
2026-09-05T11:52:12.3715228Z 55: [RELIN2-EXECUTION] q_div=1073741953 q_l=1073741441 ordinary_combined_relin_execution_error=210253854868 pair_relin_execution_error=279897133455 high_path_relin_error=221229994760 low_path_relin_error=174220130105 execution_relin2_triangle_bound=395450124865 paper_additivity_residual=336081193219 paper_additivity_execution_observed=false secret_h=40 input_Q_l=52656049226897061758347970843194892279389197066160739197584863617 oracle_basis_agreement=true
2026-09-05T11:52:12.3726326Z 55: case=bv_complex security_level=HEStd_NotSet(functional-only) key_switch=BV secret_key_dist=UNIFORM_TERNARY ckks_data_type=COMPLEX selected_ring_dimension=64 actual_N=64 batch_size=16 host_vector_length=8 encoding_noise_scale_degree=2 encoding_level=0 scaling_technique=FIXEDMANUAL digit_size=0 max_relin_sk_deg=2 scaling_mod_size=30 first_mod_size=35 multiplicative_depth=7 active_Q_l_towers=7 Q_l_bits=215 preselection_required_bits=174 selection_reserve_bits=32 q_div=1073741953 q_l=1073741441 ratio_2^(2p)/(q_div*q_l)=1.00000023655603276 descriptor_ratio=1.00000023655603276 M_high=88152830 M_low=5680539097 secret_h=40 ordinary_combined_relin_execution_error=210253854868 pair_relin_execution_error=279897133455 high_path_relin_error=221229994760 low_path_relin_error=174220130105 execution_relin2_triangle_bound=395450124865 paper_additivity_residual=336081193219 paper_additivity_execution_observed=false execution_certificate=PER_PATH_CONDITIONAL conservative_E_Relin_available=false universal_theorem_gate=UNPROVED execution_nonwrap_left=573393002460492573001720740511985281 execution_nonwrap_right_Q_l_over_2=26328024613448530879173985421597446139694598533080369598792431808 coefficient_error=375898774829468941226/1152921231876374273 execution_bound=5026863676646042920235/2305842463752748546 fixed_key_bv_bound_available=true fixed_key_bv_bound_status=CANDIDATE_FIXED_KEY_CIPHERTEXT_UNIFORM_CONDITIONAL_ON_CENTERED_DIGIT_LIFT fixed_key_bv_noise_scale=1 fixed_key_bv_active_rows=7 fixed_key_bv_raised_high_q_div_digit=ZERO fixed_key_bv_row_residual_norms=2,3,2,2,3,3,3 fixed_key_bv_per_path_raw_bound=2748778840064 fixed_key_bv_pair_raw_bound=5497557680128 fixed_key_bv_integer_lift_nonwrap=true fixed_key_bv_conservative_nonwrap_left=573393002460492573001725842619540544 fixed_key_bv_conservative_bound=15983557538254341017513/2305842463752748546 fixed_key_bv_final_integer_lift=1146786004921001129560978944464738345<56539009134152591222370164266759140395695978104921302317938424343356224001 fixed_key_bv_unconditional_gaussian_key_bound=false fixed_key_bv_universal_theorem_gate=UNPROVED centered_digit_boundary_probe=PASSED frozen_decoded_abs_tolerance=0.00100000000000000002 measured_recorded_bias_error=1.3224837331577095e-09 measured_logical_slot_error=1.322483420071587e-09
2026-09-05T11:52:12.3734666Z 55/60 Test #55: mult2_e2e_bv_complex ............................   Passed    0.07 sec
2026-09-05T11:52:12.3735049Z test 56
2026-09-05T11:52:12.3735271Z       Start 56: mult2_pair_add_input_hybrid_complex
2026-09-05T11:52:12.3735493Z 
2026-09-05T11:52:12.3735952Z 56: Test command: /home/runner/work/20231788./20231788./build/mult2_e2e_oracle_test "pair_add_input_hybrid_complex"
2026-09-05T11:52:12.3736539Z 56: Working Directory: /home/runner/work/20231788./20231788./build
2026-09-05T11:52:12.3736890Z 56: Test timeout computed to be: 10000000
2026-09-05T11:52:12.4690231Z 56: [RELIN2-EXECUTION] q_div=1073741953 q_l=1073741441 ordinary_combined_relin_execution_error=25 pair_relin_execution_error=51 high_path_relin_error=30 low_path_relin_error=25 execution_relin2_triangle_bound=55 paper_additivity_residual=30 paper_additivity_execution_observed=true secret_h=42 input_Q_l=52656049226897061758347970843194892279389197066160739197584863617 oracle_basis_agreement=true
2026-09-05T11:52:12.4698269Z 56: case=pair_add_input_hybrid_complex security_level=HEStd_NotSet(functional-only) key_switch=HYBRID secret_key_dist=UNIFORM_TERNARY ckks_data_type=COMPLEX selected_ring_dimension=64 actual_N=64 batch_size=16 host_vector_length=8 encoding_noise_scale_degree=2 encoding_level=0 scaling_technique=FIXEDMANUAL digit_size=0 max_relin_sk_deg=2 scaling_mod_size=30 first_mod_size=35 multiplicative_depth=7 active_Q_l_towers=7 Q_l_bits=215 preselection_required_bits=174 selection_reserve_bits=32 q_div=1073741953 q_l=1073741441 ratio_2^(2p)/(q_div*q_l)=1.00000023655603276 descriptor_ratio=1.00000023655603276 M_high=89261193 M_low=7145825322 secret_h=42 ordinary_combined_relin_execution_error=25 pair_relin_execution_error=51 high_path_relin_error=30 low_path_relin_error=25 execution_relin2_triangle_bound=55 paper_additivity_residual=30 paper_additivity_execution_observed=true execution_certificate=PER_PATH_CONDITIONAL conservative_E_Relin_available=false universal_theorem_gate=UNPROVED execution_nonwrap_left=587902432259624087999067013892672119 execution_nonwrap_right_Q_l_over_2=26328024613448530879173985421597446139694598533080369598792431808 coefficient_error=112658527796682023031/1152921231876374273 execution_bound=6585616513253455380121/2305842463752748546 fixed_key_bv_bound_available=false frozen_decoded_abs_tolerance=0.00100000000000000002 measured_recorded_bias_error=6.60322139323156848e-10 measured_logical_slot_error=6.60321983120002415e-10
2026-09-05T11:52:12.4703568Z 56/60 Test #56: mult2_pair_add_input_hybrid_complex .............   Passed    0.10 sec
2026-09-05T11:52:12.4703955Z test 57
2026-09-05T11:52:12.4704172Z       Start 57: mult2_pair_sub_input_hybrid_complex
2026-09-05T11:52:12.4704588Z 
2026-09-05T11:52:12.4704931Z 57: Test command: /home/runner/work/20231788./20231788./build/mult2_e2e_oracle_test "pair_sub_input_hybrid_complex"
2026-09-05T11:52:12.4705713Z 57: Working Directory: /home/runner/work/20231788./20231788./build
2026-09-05T11:52:12.4706073Z 57: Test timeout computed to be: 10000000
2026-09-05T11:52:12.5608677Z 57: [RELIN2-EXECUTION] q_div=1073741953 q_l=1073741441 ordinary_combined_relin_execution_error=9 pair_relin_execution_error=16 high_path_relin_error=12 low_path_relin_error=7 execution_relin2_triangle_bound=19 paper_additivity_residual=10 paper_additivity_execution_observed=true secret_h=41 input_Q_l=52656049226897061758347970843194892279389197066160739197584863617 oracle_basis_agreement=true
2026-09-05T11:52:12.5617205Z 57: case=pair_sub_input_hybrid_complex security_level=HEStd_NotSet(functional-only) key_switch=HYBRID secret_key_dist=UNIFORM_TERNARY ckks_data_type=COMPLEX selected_ring_dimension=64 actual_N=64 batch_size=16 host_vector_length=8 encoding_noise_scale_degree=2 encoding_level=0 scaling_technique=FIXEDMANUAL digit_size=0 max_relin_sk_deg=2 scaling_mod_size=30 first_mod_size=35 multiplicative_depth=7 active_Q_l_towers=7 Q_l_bits=215 preselection_required_bits=174 selection_reserve_bits=32 q_div=1073741953 q_l=1073741441 ratio_2^(2p)/(q_div*q_l)=1.00000023655603276 descriptor_ratio=1.00000023655603276 M_high=89261196 M_low=6442451737 secret_h=41 ordinary_combined_relin_execution_error=9 pair_relin_execution_error=16 high_path_relin_error=12 low_path_relin_error=7 execution_relin2_triangle_bound=19 paper_additivity_residual=10 paper_additivity_execution_observed=true execution_certificate=PER_PATH_CONDITIONAL conservative_E_Relin_available=false universal_theorem_gate=UNPROVED execution_nonwrap_left=587902463148553958432900299944040019 execution_nonwrap_right_Q_l_over_2=26328024613448530879173985421597446139694598533080369598792431808 coefficient_error=167176551141814465060/1152921231876374273 execution_bound=5361086292877122511312/2305842463752748546 fixed_key_bv_bound_available=false frozen_decoded_abs_tolerance=0.00100000000000000002 measured_recorded_bias_error=8.52649274956646041e-10 measured_logical_slot_error=8.52649071912811885e-10
2026-09-05T11:52:12.5622971Z 57/60 Test #57: mult2_pair_sub_input_hybrid_complex .............   Passed    0.09 sec
2026-09-05T11:52:12.5623370Z test 58
2026-09-05T11:52:12.5623602Z       Start 58: precision_client_io_first_mult2_contract
2026-09-05T11:52:12.5623829Z 
2026-09-05T11:52:12.5624146Z 58: Test command: /home/runner/work/20231788./20231788./build/precision_client_io_first_mult2_contract_test
2026-09-05T11:52:12.5624920Z 58: Working Directory: /home/runner/work/20231788./20231788./build
2026-09-05T11:52:12.5625274Z 58: Test timeout computed to be: 10000000
2026-09-05T11:52:12.7773927Z 58: test=precision_client_io_first_mult2_contract result=PASS source=9c4d83b5cde16e5c5af89886bd73fe5252a99002 openfhe_pin=df495ba2e91739a6dc8f1de254fc5a41155ce504 claim_scope=low-N-first-operation-production-io-diagnostic N=64 S=16 gap=2 native=64 backend=4 depth=7 scaling_bits=50 first_bits=55 key_switch=HYBRID scaling=FIXEDMANUAL data=COMPLEX execution=EXEC_EVALUATION decrypt_noise=FIXED_NOISE_DECRYPT encryption=STANDARD multiplication=HPS PRE=NOT_SET noise_scale=1 secret=UNIFORM_TERNARY security=HEStd_NotSet fresh_keypairs=1 eval_keygen_calls=1 q_div=1125899906843009 q_l=1125899906840833 exact_scale_numerator=1606938044258990275541962092341162602522202993782792835301376 exact_scale_denominator=1267650600226646386227681786497 max_fresh_public_error=2.8090827233279290866207631017185827631621864e-28 max_fresh_oracle_error=2.8090827233279290866207631017185827631621864e-28 max_product_public_error=3.67618986523367529215565992930760363473362109e-28 max_product_oracle_error=3.67618986523367529215565992930760363473362109e-28 input_public_delta_error=1.56776264625538120506724602641527239346106551e-28 input_oracle_delta_error=1.56776264625538120506724602641527239346106551e-28 product_public_delta_error=4.93126799053982052270419073042357094011012287e-28 product_oracle_delta_error=4.93126799053982052270419073042357094011012287e-28 max_horner_component_disagreement=1.032506025503290695724e-107 cross_precision_error=9.69978346078924437992809577572818599824192545e-166 centered_headroom=32592575621437030210620824512759899172413712944662430971418726595098153787900901747269577019 malformed_key_rejections=32
2026-09-05T11:52:12.7784939Z 58: first_modulus_boundary_fixture ready=1 actual_first_bits=56 Q_towers=8 N=64 M=128 fixture_new_keypairs=0
2026-09-05T11:52:12.7785916Z 58: first_modulus_boundary_rejection passed
2026-09-05T11:52:12.7802727Z 58: clone_isolation_contract passed fresh_and_result=1 coefficients=1 scalars=1 present_empty_maps=1
2026-09-05T11:52:12.7830033Z 58: shared_params_fixture allocation_plan additional_matching_keypairs=1 additional_eval_keygen_calls=1 actual_first_bits=55 isolated_context_and_bases=1
2026-09-05T11:52:12.8665735Z 58: shared_params_fixture ready=1 valid_clone_bind_decrypt=1 actual_first_bits=55 Q_towers=8 fixture_new_keypairs=1 fixture_eval_keygen_calls=1 crypto_complete_before_drift=1
2026-09-05T11:52:12.8667021Z 58: shared_params_mutation ready=1 Q_towers_before=8 Q_towers_after=7 immutable_receipt_towers=8 next_boundary=CloneForEvaluation
2026-09-05T11:52:12.8675203Z 58: shared_params_boundary_rejection passed boundary=CloneForEvaluation
2026-09-05T11:52:12.8692405Z 58: shared_params_boundary_rejection passed boundary=BindFirstMult2Rcb
2026-09-05T11:52:12.8709701Z 58: shared_params_boundary_rejection passed boundary=Decrypt
2026-09-05T11:52:12.8723555Z 58: shared_params_drift_contract passed boundaries=3 owned_eval_tag_cleanup=1
2026-09-05T11:52:12.8732438Z 58/60 Test #58: precision_client_io_first_mult2_contract ........   Passed    0.31 sec
2026-09-05T11:52:12.8733984Z test 59
2026-09-05T11:52:12.8734739Z       Start 59: repeated_mult2_semantic_two_square_contract
2026-09-05T11:52:12.8735124Z 
2026-09-05T11:52:12.8735507Z 59: Test command: /home/runner/work/20231788./20231788./build/repeated_mult2_semantic_two_square_test
2026-09-05T11:52:12.8736209Z 59: Working Directory: /home/runner/work/20231788./20231788./build
2026-09-05T11:52:12.8736646Z 59: Test timeout computed to be: 10000000
2026-09-05T11:52:13.0979894Z 59: {"test":"repeated_mult2_semantic_two_square_contract","scope":"low-N-two-operation-diagnostic","trial":0,"stage":1,"N":64,"batch":16,"depth":9,"scaling_bits":50,"first_bits":55,"input_scale_bits":100,"scaling":"FIXEDMANUAL","key_switch":"HYBRID","data_type":"COMPLEX","secret_distribution":"UNIFORM_TERNARY","security":"HEStd_NotSet","evaluation_family":0,"result_family":1,"tag":"f7a89f83b7119b3cabda29f96c71d43b-mult2-family-1","d":"1125899906843009","m":"1125899906840833","m1":"1125899906840833","m2":"1125899906844161","scale_numerator":"1606938044258990275541962092341162602522202993782792835301376","scale_denominator":"1267650600226646386227681786497","max_slot_error":"3.827956893683897370868712029015200666237420895413e-28","delta_error":"2.8420367491276445126253344557676961571887264028833e-28","observed_product_headroom_bits":258}
2026-09-05T11:52:13.0997968Z 59: {"test":"repeated_mult2_semantic_two_square_contract","scope":"low-N-two-operation-diagnostic","trial":0,"stage":2,"N":64,"batch":16,"depth":9,"scaling_bits":50,"first_bits":55,"input_scale_bits":100,"scaling":"FIXEDMANUAL","key_switch":"HYBRID","data_type":"COMPLEX","secret_distribution":"UNIFORM_TERNARY","security":"HEStd_NotSet","evaluation_family":1,"result_family":1,"tag":"f7a89f83b7119b3cabda29f96c71d43b-mult2-family-1","d":"1125899906843009","m":"1125899906844161","m1":"1125899906840833","m2":"1125899906844161","scale_numerator":"2582249878086908589655919172003011874329705792829223512830659356540647622016841194629645353280137831435903171972747493376","scale_denominator":"2037035976332875852527482486577051056657800595085080553399799398642248571644790159515303041","max_slot_error":"5.8795659015240927334894497100258012094087492040555e-28","delta_error":"5.5061256548448276485142740413993280528110496424917e-28","observed_product_headroom_bits":211}
2026-09-05T11:52:13.3119176Z 59: {"test":"repeated_mult2_semantic_two_square_contract","scope":"low-N-two-operation-diagnostic","trial":1,"stage":1,"N":64,"batch":16,"depth":9,"scaling_bits":50,"first_bits":55,"input_scale_bits":100,"scaling":"FIXEDMANUAL","key_switch":"HYBRID","data_type":"COMPLEX","secret_distribution":"UNIFORM_TERNARY","security":"HEStd_NotSet","evaluation_family":0,"result_family":1,"tag":"4ccc999d5eb42db47ed13850268b1b54-mult2-family-1","d":"1125899906843009","m":"1125899906840833","m1":"1125899906840833","m2":"1125899906844161","scale_numerator":"1606938044258990275541962092341162602522202993782792835301376","scale_denominator":"1267650600226646386227681786497","max_slot_error":"7.2890937495666425131163326654265156084559302938198e-28","delta_error":"4.5941589613447294784017843063424136409497890069205e-28","observed_product_headroom_bits":258}
2026-09-05T11:52:13.3144168Z 59: {"test":"repeated_mult2_semantic_two_square_contract","scope":"low-N-two-operation-diagnostic","trial":1,"stage":2,"N":64,"batch":16,"depth":9,"scaling_bits":50,"first_bits":55,"input_scale_bits":100,"scaling":"FIXEDMANUAL","key_switch":"HYBRID","data_type":"COMPLEX","secret_distribution":"UNIFORM_TERNARY","security":"HEStd_NotSet","evaluation_family":1,"result_family":1,"tag":"4ccc999d5eb42db47ed13850268b1b54-mult2-family-1","d":"1125899906843009","m":"1125899906844161","m1":"1125899906840833","m2":"1125899906844161","scale_numerator":"2582249878086908589655919172003011874329705792829223512830659356540647622016841194629645353280137831435903171972747493376","scale_denominator":"2037035976332875852527482486577051056657800595085080553399799398642248571644790159515303041","max_slot_error":"9.8591144714092004737898466348015017640291296083681e-28","delta_error":"1.157436167589492983466224154652216998755936664083e-27","observed_product_headroom_bits":211}
2026-09-05T11:52:13.5277858Z 59: {"test":"repeated_mult2_semantic_two_square_contract","scope":"low-N-two-operation-diagnostic","trial":2,"stage":1,"N":64,"batch":16,"depth":9,"scaling_bits":50,"first_bits":55,"input_scale_bits":100,"scaling":"FIXEDMANUAL","key_switch":"HYBRID","data_type":"COMPLEX","secret_distribution":"UNIFORM_TERNARY","security":"HEStd_NotSet","evaluation_family":0,"result_family":1,"tag":"a17217ca951c82d1ce40c8dfa6b64992-mult2-family-1","d":"1125899906843009","m":"1125899906840833","m1":"1125899906840833","m2":"1125899906844161","scale_numerator":"1606938044258990275541962092341162602522202993782792835301376","scale_denominator":"1267650600226646386227681786497","max_slot_error":"5.9819765011038942509110011665559083071902386672524e-28","delta_error":"1.2596751759300978090921047714798969603185668378968e-28","observed_product_headroom_bits":258}
2026-09-05T11:52:13.5294807Z 59: {"test":"repeated_mult2_semantic_two_square_contract","scope":"low-N-two-operation-diagnostic","trial":2,"stage":2,"N":64,"batch":16,"depth":9,"scaling_bits":50,"first_bits":55,"input_scale_bits":100,"scaling":"FIXEDMANUAL","key_switch":"HYBRID","data_type":"COMPLEX","secret_distribution":"UNIFORM_TERNARY","security":"HEStd_NotSet","evaluation_family":1,"result_family":1,"tag":"a17217ca951c82d1ce40c8dfa6b64992-mult2-family-1","d":"1125899906843009","m":"1125899906844161","m1":"1125899906840833","m2":"1125899906844161","scale_numerator":"2582249878086908589655919172003011874329705792829223512830659356540647622016841194629645353280137831435903171972747493376","scale_denominator":"2037035976332875852527482486577051056657800595085080553399799398642248571644790159515303041","max_slot_error":"7.6402351709183340521605375081097476759869436857649e-28","delta_error":"4.0955007927093970437556189263627991605405647459768e-28","observed_product_headroom_bits":211}
2026-09-05T11:52:13.7428356Z 59: {"test":"repeated_mult2_semantic_two_square_contract","scope":"low-N-two-operation-diagnostic","trial":3,"stage":1,"N":64,"batch":16,"depth":9,"scaling_bits":50,"first_bits":55,"input_scale_bits":100,"scaling":"FIXEDMANUAL","key_switch":"HYBRID","data_type":"COMPLEX","secret_distribution":"UNIFORM_TERNARY","security":"HEStd_NotSet","evaluation_family":0,"result_family":1,"tag":"dbd2f93aa138fa6be27a730d52a5f254-mult2-family-1","d":"1125899906843009","m":"1125899906840833","m1":"1125899906840833","m2":"1125899906844161","scale_numerator":"1606938044258990275541962092341162602522202993782792835301376","scale_denominator":"1267650600226646386227681786497","max_slot_error":"6.2311079266796273812613009986422896391321806930926e-28","delta_error":"8.7469374278060409609040210148038924441849554047384e-28","observed_product_headroom_bits":258}
2026-09-05T11:52:13.7444695Z 59: {"test":"repeated_mult2_semantic_two_square_contract","scope":"low-N-two-operation-diagnostic","trial":3,"stage":2,"N":64,"batch":16,"depth":9,"scaling_bits":50,"first_bits":55,"input_scale_bits":100,"scaling":"FIXEDMANUAL","key_switch":"HYBRID","data_type":"COMPLEX","secret_distribution":"UNIFORM_TERNARY","security":"HEStd_NotSet","evaluation_family":1,"result_family":1,"tag":"dbd2f93aa138fa6be27a730d52a5f254-mult2-family-1","d":"1125899906843009","m":"1125899906844161","m1":"1125899906840833","m2":"1125899906844161","scale_numerator":"2582249878086908589655919172003011874329705792829223512830659356540647622016841194629645353280137831435903171972747493376","scale_denominator":"2037035976332875852527482486577051056657800595085080553399799398642248571644790159515303041","max_slot_error":"8.673244874692922463406124443444703323026437158428e-28","delta_error":"9.1051937292442431790827157858029303086722759679569e-28","observed_product_headroom_bits":211}
2026-09-05T11:52:13.7452550Z 59/60 Test #59: repeated_mult2_semantic_two_square_contract .....   Passed    0.87 sec
2026-09-05T11:52:13.7455111Z test 60
2026-09-05T11:52:13.7455633Z       Start 60: paper_h128_client_keypair_contract
2026-09-05T11:52:13.7455881Z 
2026-09-05T11:52:13.7456170Z 60: Test command: /home/runner/work/20231788./20231788./build/paper_h128_client_keypair_contract_test
2026-09-05T11:52:13.7456739Z 60: Working Directory: /home/runner/work/20231788./20231788./build
2026-09-05T11:52:13.7457150Z 60: Test timeout computed to be: 10000000
2026-09-05T11:52:13.7840688Z 60: valid-path assertions passed (diagnostic, not paper evidence)
2026-09-05T11:52:13.7841442Z 60: 50 named rejection assertions passed (no injected tag collisions)
2026-09-05T11:52:13.7841917Z 60: two-call uniqueness and owned-tag cache-isolation assertions passed
2026-09-05T11:52:13.7844901Z 60/60 Test #60: paper_h128_client_keypair_contract ..............   Passed    0.04 sec
2026-09-05T11:52:13.7849194Z 
2026-09-05T11:52:13.7849398Z 100% tests passed, 0 tests failed out of 60
2026-09-05T11:52:13.7849628Z 
2026-09-05T11:52:13.7849724Z Total Test time (real) =   2.55 sec
2026-09-05T11:52:13.7945242Z Node 20 is being deprecated. This workflow is running with Node 24 by default. If you need to temporarily use Node 20, you can set the ACTIONS_ALLOW_USE_UNSECURE_NODE_VERSION=true environment variable. For more information see: https://github.blog/changelog/2025-09-19-deprecation-of-node-20-on-github-actions-runners/
2026-09-05T11:52:13.7946557Z Post job cleanup.
2026-09-05T11:52:13.8963455Z (node:6721) [DEP0040] DeprecationWarning: The `punycode` module is deprecated. Please use a userland alternative instead.
2026-09-05T11:52:13.8964627Z (Use `node --trace-deprecation ...` to show where the warning was created)
2026-09-05T11:52:13.9121716Z [command]/usr/bin/tar --posix -cf cache.tzst --exclude cache.tzst -P -C /home/runner/work/20231788./20231788. --files-from manifest.txt --use-compress-program zstdmt
2026-09-05T11:52:14.0853573Z (node:6721) [DEP0169] DeprecationWarning: `url.parse()` behavior is not standardized and prone to errors that have security implications. Use the WHATWG URL API instead. CVEs are not issued for `url.parse()` vulnerabilities.
2026-09-05T11:52:14.2011088Z Sent 2477960 of 2477960 (100.0%), 19.2 MBs/sec
2026-09-05T11:52:14.2714742Z Cache saved with key: openfhe-1.5.0-Linux-gcc-df495ba2e91739a6dc8f1de254fc5a41155ce504-native64-backend4
2026-09-05T11:52:14.2843697Z Node 20 is being deprecated. This workflow is running with Node 24 by default. If you need to temporarily use Node 20, you can set the ACTIONS_ALLOW_USE_UNSECURE_NODE_VERSION=true environment variable. For more information see: https://github.blog/changelog/2025-09-19-deprecation-of-node-20-on-github-actions-runners/
2026-09-05T11:52:14.2845320Z Post job cleanup.
2026-09-05T11:52:14.3658965Z [command]/usr/bin/git version
2026-09-05T11:52:14.3702006Z git version 2.55.0
2026-09-05T11:52:14.3740454Z Temporarily overriding HOME='/home/runner/work/_temp/8c1ba554-1e41-4151-8d9a-08f24bf0e960' before making global git config changes
2026-09-05T11:52:14.3741798Z Adding repository directory to the temporary git global config as a safe directory
2026-09-05T11:52:14.3746559Z [command]/usr/bin/git config --global --add safe.directory /home/runner/work/20231788./20231788./.ci/openfhe-src
2026-09-05T11:52:14.3786700Z [command]/usr/bin/git config --local --name-only --get-regexp core\.sshCommand
2026-09-05T11:52:14.3821091Z [command]/usr/bin/git submodule foreach --recursive sh -c "git config --local --name-only --get-regexp 'core\.sshCommand' && git config --local --unset-all 'core.sshCommand' || :"
2026-09-05T11:52:14.4055184Z Entering 'third-party/cereal'
2026-09-05T11:52:14.4099568Z Entering 'third-party/google-benchmark'
2026-09-05T11:52:14.4142941Z Entering 'third-party/google-test'
2026-09-05T11:52:14.4187370Z Entering 'third-party/gperftools'
2026-09-05T11:52:14.4265381Z [command]/usr/bin/git config --local --name-only --get-regexp http\.https\:\/\/github\.com\/\.extraheader
2026-09-05T11:52:14.4295081Z http.https://github.com/.extraheader
2026-09-05T11:52:14.4306116Z [command]/usr/bin/git config --local --unset-all http.https://github.com/.extraheader
2026-09-05T11:52:14.4340023Z [command]/usr/bin/git submodule foreach --recursive sh -c "git config --local --name-only --get-regexp 'http\.https\:\/\/github\.com\/\.extraheader' && git config --local --unset-all 'http.https://github.com/.extraheader' || :"
2026-09-05T11:52:14.4573838Z Entering 'third-party/cereal'
2026-09-05T11:52:14.4599327Z http.https://github.com/.extraheader
2026-09-05T11:52:14.4641408Z Entering 'third-party/google-benchmark'
2026-09-05T11:52:14.4666225Z http.https://github.com/.extraheader
2026-09-05T11:52:14.4699153Z Entering 'third-party/google-test'
2026-09-05T11:52:14.4723525Z http.https://github.com/.extraheader
2026-09-05T11:52:14.4757130Z Entering 'third-party/gperftools'
2026-09-05T11:52:14.4781929Z http.https://github.com/.extraheader
2026-09-05T11:52:14.4844123Z [command]/usr/bin/git config --local --name-only --get-regexp ^includeIf\.gitdir:
2026-09-05T11:52:14.4873200Z [command]/usr/bin/git submodule foreach --recursive git config --local --show-origin --name-only --get-regexp remote.origin.url
2026-09-05T11:52:14.5101936Z Entering 'third-party/cereal'
2026-09-05T11:52:14.5121610Z file:/home/runner/work/20231788./20231788./.ci/openfhe-src/.git/modules/third-party/cereal/config	remote.origin.url
2026-09-05T11:52:14.5140370Z Entering 'third-party/google-benchmark'
2026-09-05T11:52:14.5160274Z file:/home/runner/work/20231788./20231788./.ci/openfhe-src/.git/modules/third-party/google-benchmark/config	remote.origin.url
2026-09-05T11:52:14.5178740Z Entering 'third-party/google-test'
2026-09-05T11:52:14.5198416Z file:/home/runner/work/20231788./20231788./.ci/openfhe-src/.git/modules/third-party/google-test/config	remote.origin.url
2026-09-05T11:52:14.5216950Z Entering 'third-party/gperftools'
2026-09-05T11:52:14.5236048Z file:/home/runner/work/20231788./20231788./.ci/openfhe-src/.git/modules/third-party/gperftools/config	remote.origin.url
2026-09-05T11:52:14.5270142Z [command]/usr/bin/git config --file /home/runner/work/20231788./20231788./.ci/openfhe-src/.git/modules/third-party/cereal/config --name-only --get-regexp ^includeIf\.gitdir:
2026-09-05T11:52:14.5307068Z [command]/usr/bin/git config --file /home/runner/work/20231788./20231788./.ci/openfhe-src/.git/modules/third-party/google-benchmark/config --name-only --get-regexp ^includeIf\.gitdir:
2026-09-05T11:52:14.5339426Z [command]/usr/bin/git config --file /home/runner/work/20231788./20231788./.ci/openfhe-src/.git/modules/third-party/google-test/config --name-only --get-regexp ^includeIf\.gitdir:
2026-09-05T11:52:14.5371148Z [command]/usr/bin/git config --file /home/runner/work/20231788./20231788./.ci/openfhe-src/.git/modules/third-party/gperftools/config --name-only --get-regexp ^includeIf\.gitdir:
2026-09-05T11:52:14.5548106Z Node 20 is being deprecated. This workflow is running with Node 24 by default. If you need to temporarily use Node 20, you can set the ACTIONS_ALLOW_USE_UNSECURE_NODE_VERSION=true environment variable. For more information see: https://github.blog/changelog/2025-09-19-deprecation-of-node-20-on-github-actions-runners/
2026-09-05T11:52:14.5549344Z Post job cleanup.
2026-09-05T11:52:14.6369762Z [command]/usr/bin/git version
2026-09-05T11:52:14.6413532Z git version 2.55.0
2026-09-05T11:52:14.6458677Z Temporarily overriding HOME='/home/runner/work/_temp/95f280bc-aa20-4a6b-be95-88a39a6cdd8b' before making global git config changes
2026-09-05T11:52:14.6460159Z Adding repository directory to the temporary git global config as a safe directory
2026-09-05T11:52:14.6465048Z [command]/usr/bin/git config --global --add safe.directory /home/runner/work/20231788./20231788.
2026-09-05T11:52:14.6505428Z [command]/usr/bin/git config --local --name-only --get-regexp core\.sshCommand
2026-09-05T11:52:14.6538090Z [command]/usr/bin/git submodule foreach --recursive sh -c "git config --local --name-only --get-regexp 'core\.sshCommand' && git config --local --unset-all 'core.sshCommand' || :"
2026-09-05T11:52:14.6797788Z [command]/usr/bin/git config --local --name-only --get-regexp http\.https\:\/\/github\.com\/\.extraheader
2026-09-05T11:52:14.6823564Z http.https://github.com/.extraheader
2026-09-05T11:52:14.6835693Z [command]/usr/bin/git config --local --unset-all http.https://github.com/.extraheader
2026-09-05T11:52:14.6868987Z [command]/usr/bin/git submodule foreach --recursive sh -c "git config --local --name-only --get-regexp 'http\.https\:\/\/github\.com\/\.extraheader' && git config --local --unset-all 'http.https://github.com/.extraheader' || :"
2026-09-05T11:52:14.7123558Z [command]/usr/bin/git config --local --name-only --get-regexp ^includeIf\.gitdir:
2026-09-05T11:52:14.7163492Z [command]/usr/bin/git submodule foreach --recursive git config --local --show-origin --name-only --get-regexp remote.origin.url
2026-09-05T11:52:14.7549095Z Cleaning up orphan processes
2026-09-05T11:52:14.7836289Z ##[warning]Node.js 20 is deprecated. The following actions target Node.js 20 but are being forced to run on Node.js 24: actions/cache@v4, actions/checkout@v4. For more information see: https://github.blog/changelog/2025-09-19-deprecation-of-node-20-on-github-actions-runners/
