2026-09-05T10:17:37.0583979Z Current runner version: '2.337.0'
2026-09-05T10:17:37.0609239Z ##[group]Runner Image Provisioner
2026-09-05T10:17:37.0610144Z Hosted Compute Agent
2026-09-05T10:17:37.0610830Z Version: 20260828.587
2026-09-05T10:17:37.0611477Z Commit: abac92662cab4cc7352de4f9f9d2e2419aad9c29
2026-09-05T10:17:37.0612248Z Build Date: 2026-08-28T16:44:25Z
2026-09-05T10:17:37.0613238Z Worker ID: {b08b69b8-953f-4302-b4e0-1bbae99685b1}
2026-09-05T10:17:37.0613974Z Azure Region: westus2
2026-09-05T10:17:37.0614647Z ##[endgroup]
2026-09-05T10:17:37.0616277Z ##[group]Operating System
2026-09-05T10:17:37.0616972Z Ubuntu
2026-09-05T10:17:37.0617556Z 24.04.4
2026-09-05T10:17:37.0618074Z LTS
2026-09-05T10:17:37.0618650Z ##[endgroup]
2026-09-05T10:17:37.0619198Z ##[group]Runner Image
2026-09-05T10:17:37.0619789Z Image: ubuntu-24.04
2026-09-05T10:17:37.0620454Z Version: 20260831.293.1
2026-09-05T10:17:37.0621693Z Included Software: https://github.com/actions/runner-images/blob/ubuntu24/20260831.293/images/ubuntu/Ubuntu2404-Readme.md
2026-09-05T10:17:37.0623626Z Image Release: https://github.com/actions/runner-images/releases/tag/ubuntu24%2F20260831.293
2026-09-05T10:17:37.0624584Z ##[endgroup]
2026-09-05T10:17:37.0625816Z ##[group]GITHUB_TOKEN Permissions
2026-09-05T10:17:37.0627668Z Contents: read
2026-09-05T10:17:37.0628438Z Metadata: read
2026-09-05T10:17:37.0628999Z ##[endgroup]
2026-09-05T10:17:37.0631211Z Secret source: Actions
2026-09-05T10:17:37.0632246Z Prepare workflow directory
2026-09-05T10:17:37.1179034Z Prepare all required actions
2026-09-05T10:17:37.1228291Z Getting action download info
2026-09-05T10:17:37.4489307Z Download action repository 'actions/checkout@v4' (SHA:11d5960a326750d5838078e36cf38b85af677262)
2026-09-05T10:17:37.5688116Z Download action repository 'actions/cache@v4' (SHA:0057852bfaa89a56745cba8c7296529d2fc39830)
2026-09-05T10:17:37.8199873Z Complete job name: linux-gcc
2026-09-05T10:17:37.8961871Z Node 20 is being deprecated. This workflow is running with Node 24 by default. If you need to temporarily use Node 20, you can set the ACTIONS_ALLOW_USE_UNSECURE_NODE_VERSION=true environment variable. For more information see: https://github.blog/changelog/2025-09-19-deprecation-of-node-20-on-github-actions-runners/
2026-09-05T10:17:37.8970874Z ##[group]Run actions/checkout@v4
2026-09-05T10:17:37.8971623Z with:
2026-09-05T10:17:37.8972076Z   repository: leemaple/20231788.
2026-09-05T10:17:37.8976631Z   token: ***
2026-09-05T10:17:37.8977115Z   ssh-strict: true
2026-09-05T10:17:37.8977563Z   ssh-user: git
2026-09-05T10:17:37.8978004Z   persist-credentials: true
2026-09-05T10:17:37.8978506Z   clean: true
2026-09-05T10:17:37.8978960Z   sparse-checkout-cone-mode: true
2026-09-05T10:17:37.8979482Z   fetch-depth: 1
2026-09-05T10:17:37.8979918Z   fetch-tags: false
2026-09-05T10:17:37.8980370Z   show-progress: true
2026-09-05T10:17:37.8980829Z   lfs: false
2026-09-05T10:17:37.8981290Z   submodules: false
2026-09-05T10:17:37.8981747Z   set-safe-directory: true
2026-09-05T10:17:37.8982260Z   allow-unsafe-pr-checkout: false
2026-09-05T10:17:37.8983294Z env:
2026-09-05T10:17:37.8983845Z   OPENFHE_COMMIT: df495ba2e91739a6dc8f1de254fc5a41155ce504
2026-09-05T10:17:37.8984683Z   OPENFHE_PREFIX: /home/runner/work/20231788./20231788./.ci/openfhe-install
2026-09-05T10:17:37.8985409Z ##[endgroup]
2026-09-05T10:17:37.9986678Z Syncing repository: leemaple/20231788.
2026-09-05T10:17:37.9989620Z ##[group]Getting Git version info
2026-09-05T10:17:37.9990808Z Working directory is '/home/runner/work/20231788./20231788.'
2026-09-05T10:17:37.9992409Z [command]/usr/bin/git version
2026-09-05T10:17:38.0080593Z git version 2.55.0
2026-09-05T10:17:38.0103119Z ##[endgroup]
2026-09-05T10:17:38.0129275Z Temporarily overriding HOME='/home/runner/work/_temp/8f098183-c7a7-4f2d-82b7-423becaaab15' before making global git config changes
2026-09-05T10:17:38.0131379Z Adding repository directory to the temporary git global config as a safe directory
2026-09-05T10:17:38.0132526Z [command]/usr/bin/git config --global --add safe.directory /home/runner/work/20231788./20231788.
2026-09-05T10:17:38.0183353Z Deleting the contents of '/home/runner/work/20231788./20231788.'
2026-09-05T10:17:38.0188591Z ##[group]Initializing the repository
2026-09-05T10:17:38.0193216Z [command]/usr/bin/git init /home/runner/work/20231788./20231788.
2026-09-05T10:17:38.0305679Z hint: Using 'master' as the name for the initial branch. This default branch name
2026-09-05T10:17:38.0307558Z hint: will change to "main" in Git 3.0. To configure the initial branch name
2026-09-05T10:17:38.0309210Z hint: to use in all of your new repositories, which will suppress this warning,
2026-09-05T10:17:38.0310585Z hint: call:
2026-09-05T10:17:38.0311344Z hint:
2026-09-05T10:17:38.0312372Z hint: 	git config --global init.defaultBranch <name>
2026-09-05T10:17:38.0313787Z hint:
2026-09-05T10:17:38.0314827Z hint: Names commonly chosen instead of 'master' are 'main', 'trunk' and
2026-09-05T10:17:38.0316532Z hint: 'development'. The just-created branch can be renamed via this command:
2026-09-05T10:17:38.0318001Z hint:
2026-09-05T10:17:38.0318815Z hint: 	git branch -m <name>
2026-09-05T10:17:38.0319721Z hint:
2026-09-05T10:17:38.0320828Z hint: Disable this message with "git config set advice.defaultBranchName false"
2026-09-05T10:17:38.0323003Z Initialized empty Git repository in /home/runner/work/20231788./20231788./.git/
2026-09-05T10:17:38.0327697Z [command]/usr/bin/git remote add origin https://github.com/leemaple/20231788.
2026-09-05T10:17:38.0384770Z ##[endgroup]
2026-09-05T10:17:38.0386093Z ##[group]Disabling automatic garbage collection
2026-09-05T10:17:38.0389838Z [command]/usr/bin/git config --local gc.auto 0
2026-09-05T10:17:38.0423262Z ##[endgroup]
2026-09-05T10:17:38.0424720Z ##[group]Setting up auth
2026-09-05T10:17:38.0430959Z [command]/usr/bin/git config --local --name-only --get-regexp core\.sshCommand
2026-09-05T10:17:38.0464103Z [command]/usr/bin/git submodule foreach --recursive sh -c "git config --local --name-only --get-regexp 'core\.sshCommand' && git config --local --unset-all 'core.sshCommand' || :"
2026-09-05T10:17:38.0868869Z [command]/usr/bin/git config --local --name-only --get-regexp http\.https\:\/\/github\.com\/\.extraheader
2026-09-05T10:17:38.0911322Z [command]/usr/bin/git submodule foreach --recursive sh -c "git config --local --name-only --get-regexp 'http\.https\:\/\/github\.com\/\.extraheader' && git config --local --unset-all 'http.https://github.com/.extraheader' || :"
2026-09-05T10:17:38.1152265Z [command]/usr/bin/git config --local --name-only --get-regexp ^includeIf\.gitdir:
2026-09-05T10:17:38.1198172Z [command]/usr/bin/git submodule foreach --recursive git config --local --show-origin --name-only --get-regexp remote.origin.url
2026-09-05T10:17:38.1451233Z [command]/usr/bin/git config --local http.https://github.com/.extraheader AUTHORIZATION: basic ***
2026-09-05T10:17:38.1492648Z ##[endgroup]
2026-09-05T10:17:38.1494334Z ##[group]Fetching the repository
2026-09-05T10:17:38.1504487Z [command]/usr/bin/git -c protocol.version=2 fetch --no-tags --prune --no-recurse-submodules --depth=1 origin +4648da463c6ec77f6f23acb1a56c5dce88c7732e:refs/remotes/origin/codex/lossless-io-implementation-01
2026-09-05T10:17:38.9595669Z From https://github.com/leemaple/20231788.
2026-09-05T10:17:38.9598208Z  * [new ref]         4648da463c6ec77f6f23acb1a56c5dce88c7732e -> origin/codex/lossless-io-implementation-01
2026-09-05T10:17:38.9611771Z ##[endgroup]
2026-09-05T10:17:38.9613040Z ##[group]Determining the checkout info
2026-09-05T10:17:38.9614885Z ##[endgroup]
2026-09-05T10:17:38.9624746Z [command]/usr/bin/git sparse-checkout disable
2026-09-05T10:17:38.9683307Z [command]/usr/bin/git config --local --unset-all extensions.worktreeConfig
2026-09-05T10:17:38.9719674Z ##[group]Checking out the ref
2026-09-05T10:17:38.9725265Z [command]/usr/bin/git checkout --progress --force -B codex/lossless-io-implementation-01 refs/remotes/origin/codex/lossless-io-implementation-01
2026-09-05T10:17:39.1050406Z Switched to a new branch 'codex/lossless-io-implementation-01'
2026-09-05T10:17:39.1054349Z branch 'codex/lossless-io-implementation-01' set up to track 'origin/codex/lossless-io-implementation-01'.
2026-09-05T10:17:39.1068289Z ##[endgroup]
2026-09-05T10:17:39.1113196Z [command]/usr/bin/git log -1 --format=%H
2026-09-05T10:17:39.1139886Z 4648da463c6ec77f6f23acb1a56c5dce88c7732e
2026-09-05T10:17:39.1533306Z Node 20 is being deprecated. This workflow is running with Node 24 by default. If you need to temporarily use Node 20, you can set the ACTIONS_ALLOW_USE_UNSECURE_NODE_VERSION=true environment variable. For more information see: https://github.blog/changelog/2025-09-19-deprecation-of-node-20-on-github-actions-runners/
2026-09-05T10:17:39.1538434Z ##[group]Run actions/checkout@v4
2026-09-05T10:17:39.1539494Z with:
2026-09-05T10:17:39.1540454Z   repository: openfheorg/openfhe-development
2026-09-05T10:17:39.1541767Z   ref: df495ba2e91739a6dc8f1de254fc5a41155ce504
2026-09-05T10:17:39.1543176Z   path: .ci/openfhe-src
2026-09-05T10:17:39.1544170Z   submodules: recursive
2026-09-05T10:17:39.1553528Z   token: ***
2026-09-05T10:17:39.1554469Z   ssh-strict: true
2026-09-05T10:17:39.1555379Z   ssh-user: git
2026-09-05T10:17:39.1556313Z   persist-credentials: true
2026-09-05T10:17:39.1557327Z   clean: true
2026-09-05T10:17:39.1558260Z   sparse-checkout-cone-mode: true
2026-09-05T10:17:39.1559363Z   fetch-depth: 1
2026-09-05T10:17:39.1560270Z   fetch-tags: false
2026-09-05T10:17:39.1561205Z   show-progress: true
2026-09-05T10:17:39.1562141Z   lfs: false
2026-09-05T10:17:39.1563153Z   set-safe-directory: true
2026-09-05T10:17:39.1564210Z   allow-unsafe-pr-checkout: false
2026-09-05T10:17:39.1565250Z env:
2026-09-05T10:17:39.1566288Z   OPENFHE_COMMIT: df495ba2e91739a6dc8f1de254fc5a41155ce504
2026-09-05T10:17:39.1568016Z   OPENFHE_PREFIX: /home/runner/work/20231788./20231788./.ci/openfhe-install
2026-09-05T10:17:39.1569702Z ##[endgroup]
2026-09-05T10:17:39.2454745Z Syncing repository: openfheorg/openfhe-development
2026-09-05T10:17:39.2459086Z ##[group]Getting Git version info
2026-09-05T10:17:39.2462309Z Working directory is '/home/runner/work/20231788./20231788./.ci/openfhe-src'
2026-09-05T10:17:39.2509048Z [command]/usr/bin/git version
2026-09-05T10:17:39.2554435Z git version 2.55.0
2026-09-05T10:17:39.2579437Z ##[endgroup]
2026-09-05T10:17:39.2593910Z Temporarily overriding HOME='/home/runner/work/_temp/f086b09c-aa3b-423b-a217-ce619e32d7c0' before making global git config changes
2026-09-05T10:17:39.2598857Z Adding repository directory to the temporary git global config as a safe directory
2026-09-05T10:17:39.2601385Z [command]/usr/bin/git config --global --add safe.directory /home/runner/work/20231788./20231788./.ci/openfhe-src
2026-09-05T10:17:39.2638862Z ##[group]Initializing the repository
2026-09-05T10:17:39.2643395Z [command]/usr/bin/git init /home/runner/work/20231788./20231788./.ci/openfhe-src
2026-09-05T10:17:39.2689040Z hint: Using 'master' as the name for the initial branch. This default branch name
2026-09-05T10:17:39.2691641Z hint: will change to "main" in Git 3.0. To configure the initial branch name
2026-09-05T10:17:39.2694332Z hint: to use in all of your new repositories, which will suppress this warning,
2026-09-05T10:17:39.2696254Z hint: call:
2026-09-05T10:17:39.2697733Z hint:
2026-09-05T10:17:39.2699189Z hint: 	git config --global init.defaultBranch <name>
2026-09-05T10:17:39.2700716Z hint:
2026-09-05T10:17:39.2702113Z hint: Names commonly chosen instead of 'master' are 'main', 'trunk' and
2026-09-05T10:17:39.2705690Z hint: 'development'. The just-created branch can be renamed via this command:
2026-09-05T10:17:39.2707310Z hint:
2026-09-05T10:17:39.2708185Z hint: 	git branch -m <name>
2026-09-05T10:17:39.2709182Z hint:
2026-09-05T10:17:39.2710552Z hint: Disable this message with "git config set advice.defaultBranchName false"
2026-09-05T10:17:39.2713071Z Initialized empty Git repository in /home/runner/work/20231788./20231788./.ci/openfhe-src/.git/
2026-09-05T10:17:39.2718452Z [command]/usr/bin/git remote add origin https://github.com/openfheorg/openfhe-development
2026-09-05T10:17:39.2740767Z ##[endgroup]
2026-09-05T10:17:39.2743881Z ##[group]Disabling automatic garbage collection
2026-09-05T10:17:39.2746096Z [command]/usr/bin/git config --local gc.auto 0
2026-09-05T10:17:39.2778329Z ##[endgroup]
2026-09-05T10:17:39.2780685Z ##[group]Setting up auth
2026-09-05T10:17:39.2784295Z [command]/usr/bin/git config --local --name-only --get-regexp core\.sshCommand
2026-09-05T10:17:39.2818607Z [command]/usr/bin/git submodule foreach --recursive sh -c "git config --local --name-only --get-regexp 'core\.sshCommand' && git config --local --unset-all 'core.sshCommand' || :"
2026-09-05T10:17:39.3105440Z [command]/usr/bin/git config --local --name-only --get-regexp http\.https\:\/\/github\.com\/\.extraheader
2026-09-05T10:17:39.3143748Z [command]/usr/bin/git submodule foreach --recursive sh -c "git config --local --name-only --get-regexp 'http\.https\:\/\/github\.com\/\.extraheader' && git config --local --unset-all 'http.https://github.com/.extraheader' || :"
2026-09-05T10:17:39.3398523Z [command]/usr/bin/git config --local --name-only --get-regexp ^includeIf\.gitdir:
2026-09-05T10:17:39.3441785Z [command]/usr/bin/git submodule foreach --recursive git config --local --show-origin --name-only --get-regexp remote.origin.url
2026-09-05T10:17:39.3700879Z [command]/usr/bin/git config --local http.https://github.com/.extraheader AUTHORIZATION: basic ***
2026-09-05T10:17:39.3742008Z ##[endgroup]
2026-09-05T10:17:39.3745137Z ##[group]Fetching the repository
2026-09-05T10:17:39.3755059Z [command]/usr/bin/git -c protocol.version=2 fetch --no-tags --prune --no-recurse-submodules --depth=1 origin df495ba2e91739a6dc8f1de254fc5a41155ce504
2026-09-05T10:17:40.0305275Z From https://github.com/openfheorg/openfhe-development
2026-09-05T10:17:40.0305897Z  * branch            df495ba2e91739a6dc8f1de254fc5a41155ce504 -> FETCH_HEAD
2026-09-05T10:17:40.0315276Z ##[endgroup]
2026-09-05T10:17:40.0316232Z ##[group]Determining the checkout info
2026-09-05T10:17:40.0317275Z ##[endgroup]
2026-09-05T10:17:40.0323323Z [command]/usr/bin/git sparse-checkout disable
2026-09-05T10:17:40.0373687Z [command]/usr/bin/git config --local --unset-all extensions.worktreeConfig
2026-09-05T10:17:40.0409754Z ##[group]Checking out the ref
2026-09-05T10:17:40.0426419Z [command]/usr/bin/git checkout --progress --force df495ba2e91739a6dc8f1de254fc5a41155ce504
2026-09-05T10:17:40.0987960Z Note: switching to 'df495ba2e91739a6dc8f1de254fc5a41155ce504'.
2026-09-05T10:17:40.0988485Z 
2026-09-05T10:17:40.0988832Z You are in 'detached HEAD' state. You can look around, make experimental
2026-09-05T10:17:40.0989580Z changes and commit them, and you can discard any commits you make in this
2026-09-05T10:17:40.0990354Z state without impacting any branches by switching back to a branch.
2026-09-05T10:17:40.0990841Z 
2026-09-05T10:17:40.0991157Z If you want to create a new branch to retain commits you create, you may
2026-09-05T10:17:40.0991854Z do so (now or later) by using -c with the switch command. Example:
2026-09-05T10:17:40.0992228Z 
2026-09-05T10:17:40.0992361Z   git switch -c <new-branch-name>
2026-09-05T10:17:40.0992939Z 
2026-09-05T10:17:40.0993183Z Or undo this operation with:
2026-09-05T10:17:40.0993505Z 
2026-09-05T10:17:40.0993667Z   git switch -
2026-09-05T10:17:40.0994859Z 
2026-09-05T10:17:40.0995153Z Turn off this advice by setting config variable advice.detachedHead to false
2026-09-05T10:17:40.0995675Z 
2026-09-05T10:17:40.0996059Z HEAD is now at df495ba Merge pull request #1130 from openfheorg/dev
2026-09-05T10:17:40.1000159Z ##[endgroup]
2026-09-05T10:17:40.1000748Z ##[group]Setting up auth for fetching submodules
2026-09-05T10:17:40.1009149Z [command]/usr/bin/git config --global http.https://github.com/.extraheader AUTHORIZATION: basic ***
2026-09-05T10:17:40.1058507Z [command]/usr/bin/git config --global --unset-all url.https://github.com/.insteadOf
2026-09-05T10:17:40.1097866Z [command]/usr/bin/git config --global --add url.https://github.com/.insteadOf git@github.com:
2026-09-05T10:17:40.1136717Z [command]/usr/bin/git config --global --add url.https://github.com/.insteadOf org-26023695@github.com:
2026-09-05T10:17:40.1168148Z ##[endgroup]
2026-09-05T10:17:40.1168546Z ##[group]Fetching submodules
2026-09-05T10:17:40.1171839Z [command]/usr/bin/git submodule sync --recursive
2026-09-05T10:17:40.1401160Z [command]/usr/bin/git -c protocol.version=2 submodule update --init --force --depth=1 --recursive
2026-09-05T10:17:40.1624336Z Submodule 'third-party/cereal' (https://github.com/openfheorg/cereal.git) registered for path 'third-party/cereal'
2026-09-05T10:17:40.1628420Z Submodule 'third-party/google-benchmark' (https://github.com/google/benchmark.git) registered for path 'third-party/google-benchmark'
2026-09-05T10:17:40.1633718Z Submodule 'third-party/google-test' (https://github.com/google/googletest.git) registered for path 'third-party/google-test'
2026-09-05T10:17:40.1638803Z Submodule 'third-party/gperftools' (https://github.com/gperftools/gperftools.git) registered for path 'third-party/gperftools'
2026-09-05T10:17:40.1666188Z Cloning into '/home/runner/work/20231788./20231788./.ci/openfhe-src/third-party/cereal'...
2026-09-05T10:17:40.5820731Z Cloning into '/home/runner/work/20231788./20231788./.ci/openfhe-src/third-party/google-benchmark'...
2026-09-05T10:17:40.9630027Z Cloning into '/home/runner/work/20231788./20231788./.ci/openfhe-src/third-party/google-test'...
2026-09-05T10:17:41.3656135Z Cloning into '/home/runner/work/20231788./20231788./.ci/openfhe-src/third-party/gperftools'...
2026-09-05T10:17:42.1580256Z Submodule path 'third-party/cereal': checked out '984e3f194862b17916536b5fade40cba6e47a6fe'
2026-09-05T10:17:42.9684927Z From https://github.com/google/benchmark
2026-09-05T10:17:42.9685644Z  * branch            eddb0241389718a23a42db6af5f0164b6e0139af -> FETCH_HEAD
2026-09-05T10:17:42.9883393Z Submodule path 'third-party/google-benchmark': checked out 'eddb0241389718a23a42db6af5f0164b6e0139af'
2026-09-05T10:17:43.8824903Z From https://github.com/google/googletest
2026-09-05T10:17:43.8825683Z  * branch            52eb8108c5bdec04579160ae17225d66034bd723 -> FETCH_HEAD
2026-09-05T10:17:43.9235532Z Submodule path 'third-party/google-test': checked out '52eb8108c5bdec04579160ae17225d66034bd723'
2026-09-05T10:17:45.0089533Z From https://github.com/gperftools/gperftools
2026-09-05T10:17:45.0090629Z  * branch            83edb60836d87cf1b406e8846b9059c03031e8f5 -> FETCH_HEAD
2026-09-05T10:17:45.0958817Z Submodule path 'third-party/gperftools': checked out '83edb60836d87cf1b406e8846b9059c03031e8f5'
2026-09-05T10:17:45.1002321Z [command]/usr/bin/git submodule foreach --recursive git config --local gc.auto 0
2026-09-05T10:17:45.1234423Z Entering 'third-party/cereal'
2026-09-05T10:17:45.1280730Z Entering 'third-party/google-benchmark'
2026-09-05T10:17:45.1320634Z Entering 'third-party/google-test'
2026-09-05T10:17:45.1360753Z Entering 'third-party/gperftools'
2026-09-05T10:17:45.1409318Z ##[endgroup]
2026-09-05T10:17:45.1410278Z ##[group]Persisting credentials for submodules
2026-09-05T10:17:45.1417487Z [command]/usr/bin/git submodule foreach --recursive sh -c "git config --local --name-only --get-regexp 'url\.https\:\/\/github\.com\/\.insteadOf' && git config --local --unset-all 'url.https://github.com/.insteadOf' || :"
2026-09-05T10:17:45.1654020Z Entering 'third-party/cereal'
2026-09-05T10:17:45.1699200Z Entering 'third-party/google-benchmark'
2026-09-05T10:17:45.1747033Z Entering 'third-party/google-test'
2026-09-05T10:17:45.1792593Z Entering 'third-party/gperftools'
2026-09-05T10:17:45.1850813Z [command]/usr/bin/git submodule foreach --recursive sh -c "git config --local 'http.https://github.com/.extraheader' 'AUTHORIZATION: basic ***' && git config --local --show-origin --name-only --get-regexp remote.origin.url"
2026-09-05T10:17:45.2103552Z Entering 'third-party/cereal'
2026-09-05T10:17:45.2146054Z file:/home/runner/work/20231788./20231788./.ci/openfhe-src/.git/modules/third-party/cereal/config	remote.origin.url
2026-09-05T10:17:45.2165528Z Entering 'third-party/google-benchmark'
2026-09-05T10:17:45.2204508Z file:/home/runner/work/20231788./20231788./.ci/openfhe-src/.git/modules/third-party/google-benchmark/config	remote.origin.url
2026-09-05T10:17:45.2225158Z Entering 'third-party/google-test'
2026-09-05T10:17:45.2264473Z file:/home/runner/work/20231788./20231788./.ci/openfhe-src/.git/modules/third-party/google-test/config	remote.origin.url
2026-09-05T10:17:45.2286388Z Entering 'third-party/gperftools'
2026-09-05T10:17:45.2325562Z file:/home/runner/work/20231788./20231788./.ci/openfhe-src/.git/modules/third-party/gperftools/config	remote.origin.url
2026-09-05T10:17:45.2385843Z [command]/usr/bin/git submodule foreach --recursive git config --local --add 'url.https://github.com/.insteadOf' 'git@github.com:'
2026-09-05T10:17:45.2618522Z Entering 'third-party/cereal'
2026-09-05T10:17:45.2661824Z Entering 'third-party/google-benchmark'
2026-09-05T10:17:45.2700692Z Entering 'third-party/google-test'
2026-09-05T10:17:45.2739301Z Entering 'third-party/gperftools'
2026-09-05T10:17:45.2791505Z [command]/usr/bin/git submodule foreach --recursive git config --local --add 'url.https://github.com/.insteadOf' 'org-26023695@github.com:'
2026-09-05T10:17:45.3005859Z Entering 'third-party/cereal'
2026-09-05T10:17:45.3043448Z Entering 'third-party/google-benchmark'
2026-09-05T10:17:45.3081258Z Entering 'third-party/google-test'
2026-09-05T10:17:45.3119659Z Entering 'third-party/gperftools'
2026-09-05T10:17:45.3166353Z ##[endgroup]
2026-09-05T10:17:45.3208129Z [command]/usr/bin/git log -1 --format=%H
2026-09-05T10:17:45.3235308Z df495ba2e91739a6dc8f1de254fc5a41155ce504
2026-09-05T10:17:45.3377429Z ##[group]Run actual="$(git -C .ci/openfhe-src rev-parse HEAD)"
2026-09-05T10:17:45.3377935Z [36;1mactual="$(git -C .ci/openfhe-src rev-parse HEAD)"[0m
2026-09-05T10:17:45.3378299Z [36;1mtest "$actual" = "$OPENFHE_COMMIT"[0m
2026-09-05T10:17:45.3378655Z [36;1mgit -C .ci/openfhe-src status --short[0m
2026-09-05T10:17:45.3419799Z shell: /usr/bin/bash --noprofile --norc -e -o pipefail {0}
2026-09-05T10:17:45.3420151Z env:
2026-09-05T10:17:45.3420413Z   OPENFHE_COMMIT: df495ba2e91739a6dc8f1de254fc5a41155ce504
2026-09-05T10:17:45.3420855Z   OPENFHE_PREFIX: /home/runner/work/20231788./20231788./.ci/openfhe-install
2026-09-05T10:17:45.3421232Z ##[endgroup]
2026-09-05T10:17:45.4683362Z ##[group]Run sudo apt-get update
2026-09-05T10:17:45.4683700Z [36;1msudo apt-get update[0m
2026-09-05T10:17:45.4684058Z [36;1msudo apt-get install --yes --no-install-recommends libboost-dev[0m
2026-09-05T10:17:45.4720847Z shell: /usr/bin/bash -e {0}
2026-09-05T10:17:45.4721101Z env:
2026-09-05T10:17:45.4721363Z   OPENFHE_COMMIT: df495ba2e91739a6dc8f1de254fc5a41155ce504
2026-09-05T10:17:45.4721808Z   OPENFHE_PREFIX: /home/runner/work/20231788./20231788./.ci/openfhe-install
2026-09-05T10:17:45.4722180Z ##[endgroup]
2026-09-05T10:17:45.5638513Z Get:1 file:/etc/apt/apt-mirrors.txt Mirrorlist [144 B]
2026-09-05T10:17:45.5961192Z Hit:2 http://azure.archive.ubuntu.com/ubuntu noble InRelease
2026-09-05T10:17:45.5973590Z Get:6 https://packages.microsoft.com/ubuntu/24.04/prod noble InRelease [3600 B]
2026-09-05T10:17:45.5975720Z Get:3 http://azure.archive.ubuntu.com/ubuntu noble-updates InRelease [126 kB]
2026-09-05T10:17:45.6027160Z Get:4 http://azure.archive.ubuntu.com/ubuntu noble-backports InRelease [126 kB]
2026-09-05T10:17:45.6041012Z Get:5 http://azure.archive.ubuntu.com/ubuntu noble-security InRelease [126 kB]
2026-09-05T10:17:45.6700674Z Get:7 https://dl.google.com/linux/chrome-stable/deb stable InRelease [2548 B]
2026-09-05T10:17:45.7378801Z Get:8 https://packages.microsoft.com/ubuntu/24.04/prod noble/main arm64 Packages [394 kB]
2026-09-05T10:17:45.7525059Z Get:9 https://packages.microsoft.com/ubuntu/24.04/prod noble/main amd64 Packages [441 kB]
2026-09-05T10:17:45.7849509Z Get:10 http://azure.archive.ubuntu.com/ubuntu noble-updates/main amd64 Packages [1260 kB]
2026-09-05T10:17:45.7941109Z Get:11 http://azure.archive.ubuntu.com/ubuntu noble-updates/main Translation-en [292 kB]
2026-09-05T10:17:45.7975775Z Get:12 http://azure.archive.ubuntu.com/ubuntu noble-updates/main amd64 Components [180 kB]
2026-09-05T10:17:45.7996769Z Get:13 http://azure.archive.ubuntu.com/ubuntu noble-updates/universe amd64 Packages [1690 kB]
2026-09-05T10:17:45.8096774Z Get:14 http://azure.archive.ubuntu.com/ubuntu noble-updates/universe Translation-en [339 kB]
2026-09-05T10:17:45.8154450Z Get:15 http://azure.archive.ubuntu.com/ubuntu noble-updates/universe amd64 Components [388 kB]
2026-09-05T10:17:45.8243375Z Get:16 http://azure.archive.ubuntu.com/ubuntu noble-updates/restricted amd64 Packages [1536 kB]
2026-09-05T10:17:45.8362110Z Get:17 http://azure.archive.ubuntu.com/ubuntu noble-updates/restricted Translation-en [352 kB]
2026-09-05T10:17:45.8389657Z Get:18 http://azure.archive.ubuntu.com/ubuntu noble-updates/multiverse amd64 Components [940 B]
2026-09-05T10:17:45.8703721Z Get:19 http://azure.archive.ubuntu.com/ubuntu noble-backports/main amd64 Components [5740 B]
2026-09-05T10:17:45.9111417Z Get:20 http://azure.archive.ubuntu.com/ubuntu noble-backports/universe amd64 Components [12.6 kB]
2026-09-05T10:17:45.9294164Z Get:21 http://azure.archive.ubuntu.com/ubuntu noble-security/main amd64 Packages [1002 kB]
2026-09-05T10:17:45.9488428Z Get:22 http://azure.archive.ubuntu.com/ubuntu noble-security/main Translation-en [212 kB]
2026-09-05T10:17:45.9495310Z Get:23 http://azure.archive.ubuntu.com/ubuntu noble-security/main amd64 Components [46.4 kB]
2026-09-05T10:17:45.9518629Z Get:24 http://azure.archive.ubuntu.com/ubuntu noble-security/universe amd64 Packages [1206 kB]
2026-09-05T10:17:45.9591478Z Get:25 http://azure.archive.ubuntu.com/ubuntu noble-security/universe Translation-en [241 kB]
2026-09-05T10:17:45.9613889Z Get:26 http://azure.archive.ubuntu.com/ubuntu noble-security/universe amd64 Components [76.3 kB]
2026-09-05T10:17:45.9633929Z Get:27 http://azure.archive.ubuntu.com/ubuntu noble-security/restricted amd64 Packages [1437 kB]
2026-09-05T10:17:45.9704229Z Get:28 http://azure.archive.ubuntu.com/ubuntu noble-security/restricted Translation-en [334 kB]
2026-09-05T10:17:45.9914095Z Get:29 https://dl.google.com/linux/chrome-stable/deb stable/main amd64 Packages [1401 B]
2026-09-05T10:17:49.9536128Z Fetched 11.8 MB in 1s (8935 kB/s)
2026-09-05T10:17:50.7229093Z Reading package lists...
2026-09-05T10:17:50.7531460Z Reading package lists...
2026-09-05T10:17:50.9112004Z Building dependency tree...
2026-09-05T10:17:50.9119516Z Reading state information...
2026-09-05T10:17:51.0470250Z The following additional packages will be installed:
2026-09-05T10:17:51.0476403Z   libboost1.83-dev
2026-09-05T10:17:51.0481829Z Suggested packages:
2026-09-05T10:17:51.0482366Z   libboost-doc libboost1.83-doc libboost-atomic1.83-dev
2026-09-05T10:17:51.0483404Z   libboost-chrono1.83-dev libboost-container1.83-dev libboost-context1.83-dev
2026-09-05T10:17:51.0483971Z   libboost-contract1.83-dev libboost-coroutine1.83-dev
2026-09-05T10:17:51.0484494Z   libboost-date-time1.83-dev libboost-exception1.83-dev libboost-fiber1.83-dev
2026-09-05T10:17:51.0485057Z   libboost-filesystem1.83-dev libboost-graph-parallel1.83-dev
2026-09-05T10:17:51.0485605Z   libboost-graph1.83-dev libboost-iostreams1.83-dev libboost-json1.83-dev
2026-09-05T10:17:51.0486190Z   libboost-locale1.83-dev libboost-log1.83-dev libboost-math1.83-dev
2026-09-05T10:17:51.0486773Z   libboost-mpi-python1.83-dev libboost-mpi1.83-dev libboost-nowide1.83-dev
2026-09-05T10:17:51.0487306Z   libboost-numpy1.83-dev libboost-program-options1.83-dev
2026-09-05T10:17:51.0487804Z   libboost-python1.83-dev libboost-random1.83-dev libboost-regex1.83-dev
2026-09-05T10:17:51.0488324Z   libboost-serialization1.83-dev libboost-stacktrace1.83-dev
2026-09-05T10:17:51.0488836Z   libboost-system1.83-dev libboost-test1.83-dev libboost-thread1.83-dev
2026-09-05T10:17:51.0489394Z   libboost-timer1.83-dev libboost-type-erasure1.83-dev libboost-url1.83-dev
2026-09-05T10:17:51.0489952Z   libboost-wave1.83-dev libboost1.83-tools-dev libmpfrc++-dev libntl-dev
2026-09-05T10:17:51.0623164Z The following NEW packages will be installed:
2026-09-05T10:17:51.0627441Z   libboost-dev libboost1.83-dev
2026-09-05T10:17:51.0797437Z 0 upgraded, 2 newly installed, 0 to remove and 38 not upgraded.
2026-09-05T10:17:51.0798321Z Need to get 10.7 MB of archives.
2026-09-05T10:17:51.0798678Z After this operation, 161 MB of additional disk space will be used.
2026-09-05T10:17:51.0799099Z Get:1 file:/etc/apt/apt-mirrors.txt Mirrorlist [144 B]
2026-09-05T10:17:51.2306576Z Get:2 http://azure.archive.ubuntu.com/ubuntu noble-updates/main amd64 libboost1.83-dev amd64 1.83.0-2.1ubuntu3.2 [10.7 MB]
2026-09-05T10:17:51.5249516Z Get:3 http://azure.archive.ubuntu.com/ubuntu noble/main amd64 libboost-dev amd64 1.83.0.1ubuntu2 [4308 B]
2026-09-05T10:17:51.7723662Z Fetched 10.7 MB in 0s (23.6 MB/s)
2026-09-05T10:17:51.7984391Z Selecting previously unselected package libboost1.83-dev:amd64.
2026-09-05T10:17:51.8287358Z (Reading database ... 
2026-09-05T10:17:51.8287992Z (Reading database ... 5%
2026-09-05T10:17:51.8288570Z (Reading database ... 10%
2026-09-05T10:17:51.8288950Z (Reading database ... 15%
2026-09-05T10:17:51.8289299Z (Reading database ... 20%
2026-09-05T10:17:51.8289526Z (Reading database ... 25%
2026-09-05T10:17:51.8289787Z (Reading database ... 30%
2026-09-05T10:17:51.8290003Z (Reading database ... 35%
2026-09-05T10:17:51.8290232Z (Reading database ... 40%
2026-09-05T10:17:51.8290573Z (Reading database ... 45%
2026-09-05T10:17:51.8290984Z (Reading database ... 50%
2026-09-05T10:17:51.8291417Z (Reading database ... 55%
2026-09-05T10:17:51.9460720Z (Reading database ... 60%
2026-09-05T10:17:52.1063788Z (Reading database ... 65%
2026-09-05T10:17:52.3073340Z (Reading database ... 70%
2026-09-05T10:17:52.4427169Z (Reading database ... 75%
2026-09-05T10:17:52.7058993Z (Reading database ... 80%
2026-09-05T10:17:53.6937545Z (Reading database ... 85%
2026-09-05T10:17:53.8556573Z (Reading database ... 90%
2026-09-05T10:17:53.9923272Z (Reading database ... 95%
2026-09-05T10:17:53.9924005Z (Reading database ... 100%
2026-09-05T10:17:53.9924496Z (Reading database ... 201676 files and directories currently installed.)
2026-09-05T10:17:53.9966356Z Preparing to unpack .../libboost1.83-dev_1.83.0-2.1ubuntu3.2_amd64.deb ...
2026-09-05T10:17:54.0010029Z Unpacking libboost1.83-dev:amd64 (1.83.0-2.1ubuntu3.2) ...
2026-09-05T10:17:56.6497759Z Selecting previously unselected package libboost-dev:amd64.
2026-09-05T10:17:56.6679745Z Preparing to unpack .../libboost-dev_1.83.0.1ubuntu2_amd64.deb ...
2026-09-05T10:17:56.6688834Z Unpacking libboost-dev:amd64 (1.83.0.1ubuntu2) ...
2026-09-05T10:17:56.7076728Z Setting up libboost1.83-dev:amd64 (1.83.0-2.1ubuntu3.2) ...
2026-09-05T10:17:56.7100966Z Setting up libboost-dev:amd64 (1.83.0.1ubuntu2) ...
2026-09-05T10:17:57.3461865Z 
2026-09-05T10:17:57.3462362Z Running kernel seems to be up-to-date.
2026-09-05T10:17:57.3463272Z 
2026-09-05T10:17:57.3463423Z No services need to be restarted.
2026-09-05T10:17:57.3463626Z 
2026-09-05T10:17:57.3463746Z No containers need to be restarted.
2026-09-05T10:17:57.3463948Z 
2026-09-05T10:17:57.3464093Z No user sessions are running outdated binaries.
2026-09-05T10:17:57.3464336Z 
2026-09-05T10:17:57.3464562Z No VM guests are running outdated hypervisor (qemu) binaries on this host.
2026-09-05T10:17:58.1827838Z ##[group]Run cmake --version
2026-09-05T10:17:58.1828147Z [36;1mcmake --version[0m
2026-09-05T10:17:58.1828390Z [36;1mc++ --version[0m
2026-09-05T10:17:58.1866914Z shell: /usr/bin/bash -e {0}
2026-09-05T10:17:58.1867172Z env:
2026-09-05T10:17:58.1867444Z   OPENFHE_COMMIT: df495ba2e91739a6dc8f1de254fc5a41155ce504
2026-09-05T10:17:58.1867891Z   OPENFHE_PREFIX: /home/runner/work/20231788./20231788./.ci/openfhe-install
2026-09-05T10:17:58.1868270Z ##[endgroup]
2026-09-05T10:17:58.2286018Z cmake version 3.31.6
2026-09-05T10:17:58.2286314Z 
2026-09-05T10:17:58.2286646Z CMake suite maintained and supported by Kitware (kitware.com/cmake).
2026-09-05T10:17:58.2358298Z c++ (Ubuntu 13.3.0-6ubuntu2~24.04.1) 13.3.0
2026-09-05T10:17:58.2358916Z Copyright (C) 2023 Free Software Foundation, Inc.
2026-09-05T10:17:58.2359506Z This is free software; see the source for copying conditions.  There is NO
2026-09-05T10:17:58.2360210Z warranty; not even for MERCHANTABILITY or FITNESS FOR A PARTICULAR PURPOSE.
2026-09-05T10:17:58.2360826Z 
2026-09-05T10:17:58.2431289Z Node 20 is being deprecated. This workflow is running with Node 24 by default. If you need to temporarily use Node 20, you can set the ACTIONS_ALLOW_USE_UNSECURE_NODE_VERSION=true environment variable. For more information see: https://github.blog/changelog/2025-09-19-deprecation-of-node-20-on-github-actions-runners/
2026-09-05T10:17:58.2432565Z ##[group]Run actions/cache@v4
2026-09-05T10:17:58.2433364Z with:
2026-09-05T10:17:58.2433583Z   path: .ci/openfhe-install
2026-09-05T10:17:58.2434034Z   key: openfhe-1.5.0-Linux-gcc-df495ba2e91739a6dc8f1de254fc5a41155ce504-native64-backend4
2026-09-05T10:17:58.2434521Z   enableCrossOsArchive: false
2026-09-05T10:17:58.2434775Z   fail-on-cache-miss: false
2026-09-05T10:17:58.2435003Z   lookup-only: false
2026-09-05T10:17:58.2435216Z   save-always: false
2026-09-05T10:17:58.2435411Z env:
2026-09-05T10:17:58.2435656Z   OPENFHE_COMMIT: df495ba2e91739a6dc8f1de254fc5a41155ce504
2026-09-05T10:17:58.2436130Z   OPENFHE_PREFIX: /home/runner/work/20231788./20231788./.ci/openfhe-install
2026-09-05T10:17:58.2436500Z ##[endgroup]
2026-09-05T10:17:58.3464716Z (node:3250) [DEP0040] DeprecationWarning: The `punycode` module is deprecated. Please use a userland alternative instead.
2026-09-05T10:17:58.3465668Z (Use `node --trace-deprecation ...` to show where the warning was created)
2026-09-05T10:17:58.5878298Z Cache hit for: openfhe-1.5.0-Linux-gcc-df495ba2e91739a6dc8f1de254fc5a41155ce504-native64-backend4
2026-09-05T10:17:58.5988441Z (node:3250) [DEP0169] DeprecationWarning: `url.parse()` behavior is not standardized and prone to errors that have security implications. Use the WHATWG URL API instead. CVEs are not issued for `url.parse()` vulnerabilities.
2026-09-05T10:17:59.7460346Z Received 2477977 of 2477977 (100.0%), 2.8 MBs/sec
2026-09-05T10:17:59.7460771Z Cache Size: ~2 MB (2477977 B)
2026-09-05T10:17:59.7490051Z [command]/usr/bin/tar -xf /home/runner/work/_temp/c74eb1c5-60a2-463b-8e9f-15a2471af222/cache.tzst -P -C /home/runner/work/20231788./20231788. --use-compress-program unzstd
2026-09-05T10:17:59.7883376Z Cache restored successfully
2026-09-05T10:17:59.7962567Z Cache restored from key: openfhe-1.5.0-Linux-gcc-df495ba2e91739a6dc8f1de254fc5a41155ce504-native64-backend4
2026-09-05T10:17:59.8100135Z ##[group]Run cmake -S . -B build -DCMAKE_BUILD_TYPE=Debug -DCMAKE_PREFIX_PATH=${OPENFHE_PREFIX}
2026-09-05T10:17:59.8100804Z [36;1mcmake -S . -B build -DCMAKE_BUILD_TYPE=Debug -DCMAKE_PREFIX_PATH=${OPENFHE_PREFIX}[0m
2026-09-05T10:17:59.8137322Z shell: /usr/bin/bash -e {0}
2026-09-05T10:17:59.8137580Z env:
2026-09-05T10:17:59.8137848Z   OPENFHE_COMMIT: df495ba2e91739a6dc8f1de254fc5a41155ce504
2026-09-05T10:17:59.8138300Z   OPENFHE_PREFIX: /home/runner/work/20231788./20231788./.ci/openfhe-install
2026-09-05T10:17:59.8138686Z ##[endgroup]
2026-09-05T10:17:59.9928903Z -- The CXX compiler identification is GNU 13.3.0
2026-09-05T10:18:00.0094329Z -- Detecting CXX compiler ABI info
2026-09-05T10:18:00.0918882Z -- Detecting CXX compiler ABI info - done
2026-09-05T10:18:00.1094411Z -- Check for working CXX compiler: /usr/bin/c++ - skipped
2026-09-05T10:18:00.1102988Z -- Detecting CXX compile features
2026-09-05T10:18:00.1112693Z -- Detecting CXX compile features - done
2026-09-05T10:18:00.1244235Z -- Configuring done (0.3s)
2026-09-05T10:18:00.1556071Z -- Generating done (0.0s)
2026-09-05T10:18:00.1559156Z -- Build files have been written to: /home/runner/work/20231788./20231788./build
2026-09-05T10:18:00.1609344Z ##[group]Run test "$(git rev-parse HEAD)" = "$GITHUB_SHA"
2026-09-05T10:18:00.1609777Z [36;1mtest "$(git rev-parse HEAD)" = "$GITHUB_SHA"[0m
2026-09-05T10:18:00.1610406Z [36;1mprintf 'PROJECT_SOURCE_COMMIT=%s GITHUB_RUN_ID=%s GITHUB_RUN_ATTEMPT=%s\n' "$GITHUB_SHA" "$GITHUB_RUN_ID" "$GITHUB_RUN_ATTEMPT"[0m
2026-09-05T10:18:00.1647114Z shell: /usr/bin/bash -e {0}
2026-09-05T10:18:00.1647378Z env:
2026-09-05T10:18:00.1647653Z   OPENFHE_COMMIT: df495ba2e91739a6dc8f1de254fc5a41155ce504
2026-09-05T10:18:00.1648269Z   OPENFHE_PREFIX: /home/runner/work/20231788./20231788./.ci/openfhe-install
2026-09-05T10:18:00.1648685Z ##[endgroup]
2026-09-05T10:18:00.1717323Z PROJECT_SOURCE_COMMIT=4648da463c6ec77f6f23acb1a56c5dce88c7732e GITHUB_RUN_ID=33960255214 GITHUB_RUN_ATTEMPT=1
2026-09-05T10:18:00.1742056Z ##[group]Run cmake --build build --parallel 2
2026-09-05T10:18:00.1742430Z [36;1mcmake --build build --parallel 2[0m
2026-09-05T10:18:00.1775363Z shell: /usr/bin/bash -e {0}
2026-09-05T10:18:00.1775620Z env:
2026-09-05T10:18:00.1775894Z   OPENFHE_COMMIT: df495ba2e91739a6dc8f1de254fc5a41155ce504
2026-09-05T10:18:00.1776348Z   OPENFHE_PREFIX: /home/runner/work/20231788./20231788./.ci/openfhe-install
2026-09-05T10:18:00.1776723Z ##[endgroup]
2026-09-05T10:18:00.1988545Z [  3%] Building CXX object CMakeFiles/openfhe_2023_1788.dir/src/double_ckks.cpp.o
2026-09-05T10:18:00.1990900Z [  6%] Building CXX object CMakeFiles/openfhe_2023_1788.dir/src/high_precision_client_io.cpp.o
2026-09-05T10:18:18.3465372Z [ 10%] Linking CXX static library libopenfhe_2023_1788.a
2026-09-05T10:18:19.1450643Z [ 10%] Built target openfhe_2023_1788
2026-09-05T10:18:19.1520693Z [ 13%] Building CXX object CMakeFiles/dcp_rcb_test.dir/tests/dcp_rcb_test.cpp.o
2026-09-05T10:18:19.1521996Z [ 17%] Building CXX object CMakeFiles/tensor2_api_contract_test.dir/tests/tensor2_api_contract_test.cpp.o
2026-09-05T10:18:21.7584197Z [ 20%] Linking CXX executable tensor2_api_contract_test
2026-09-05T10:18:21.8676884Z [ 20%] Built target tensor2_api_contract_test
2026-09-05T10:18:21.8748172Z [ 24%] Building CXX object CMakeFiles/pair_add_test.dir/tests/pair_add_test.cpp.o
2026-09-05T10:18:29.5109313Z [ 27%] Linking CXX executable pair_add_test
2026-09-05T10:18:29.6180259Z [ 27%] Built target pair_add_test
2026-09-05T10:18:29.6250307Z [ 31%] Building CXX object CMakeFiles/pair_sub_test.dir/tests/pair_sub_test.cpp.o
2026-09-05T10:18:33.7970786Z [ 34%] Linking CXX executable dcp_rcb_test
2026-09-05T10:18:33.9196612Z [ 34%] Built target dcp_rcb_test
2026-09-05T10:18:33.9265120Z [ 37%] Building CXX object CMakeFiles/pair_arithmetic_test.dir/tests/pair_arithmetic_test.cpp.o
2026-09-05T10:18:37.2424918Z [ 41%] Linking CXX executable pair_sub_test
2026-09-05T10:18:37.3516322Z [ 41%] Built target pair_sub_test
2026-09-05T10:18:37.3586539Z [ 44%] Building CXX object CMakeFiles/tensor2_test.dir/tests/tensor2_test.cpp.o
2026-09-05T10:18:48.6563690Z [ 48%] Linking CXX executable pair_arithmetic_test
2026-09-05T10:18:48.7790971Z [ 48%] Built target pair_arithmetic_test
2026-09-05T10:18:48.7862561Z [ 51%] Building CXX object CMakeFiles/relin2_test.dir/tests/relin2_test.cpp.o
2026-09-05T10:18:49.7133498Z [ 55%] Linking CXX executable tensor2_test
2026-09-05T10:18:49.8264161Z [ 55%] Built target tensor2_test
2026-09-05T10:18:49.8334040Z [ 58%] Building CXX object CMakeFiles/rs2_test.dir/tests/rs2_test.cpp.o
2026-09-05T10:19:03.7078897Z [ 62%] Linking CXX executable rs2_test
2026-09-05T10:19:03.8295405Z [ 62%] Built target rs2_test
2026-09-05T10:19:03.8366532Z [ 65%] Building CXX object CMakeFiles/mult2_test.dir/tests/mult2_test.cpp.o
2026-09-05T10:19:11.5647192Z [ 68%] Linking CXX executable mult2_test
2026-09-05T10:19:11.6745909Z [ 68%] Built target mult2_test
2026-09-05T10:19:11.6816120Z [ 72%] Building CXX object CMakeFiles/mult2_e2e_oracle_test.dir/tests/mult2_e2e_oracle_test.cpp.o
2026-09-05T10:19:13.8168985Z [ 75%] Linking CXX executable relin2_test
2026-09-05T10:19:13.9748364Z [ 75%] Built target relin2_test
2026-09-05T10:19:13.9837732Z [ 79%] Building CXX object CMakeFiles/precision_dcp_rcb_contract_test.dir/tests/precision_dcp_rcb_contract_test.cpp.o
2026-09-05T10:19:26.7604675Z [ 82%] Linking CXX executable mult2_e2e_oracle_test
2026-09-05T10:19:26.8823409Z [ 82%] Built target mult2_e2e_oracle_test
2026-09-05T10:19:26.8894640Z [ 86%] Building CXX object CMakeFiles/precision_first_mult2_contract_test.dir/tests/precision_first_mult2_contract_test.cpp.o
2026-09-05T10:19:29.9764658Z [ 89%] Building CXX object CMakeFiles/precision_dcp_rcb_contract_test.dir/tests/precision_dcp_rcb_fixture.cpp.o
2026-09-05T10:19:42.0037690Z [ 93%] Linking CXX executable precision_dcp_rcb_contract_test
2026-09-05T10:19:42.1451764Z [ 93%] Built target precision_dcp_rcb_contract_test
2026-09-05T10:19:42.1475429Z [ 96%] Building CXX object CMakeFiles/precision_first_mult2_contract_test.dir/tests/precision_dcp_rcb_fixture.cpp.o
2026-09-05T10:19:54.0733939Z [100%] Linking CXX executable precision_first_mult2_contract_test
2026-09-05T10:19:54.2158357Z [100%] Built target precision_first_mult2_contract_test
2026-09-05T10:19:54.2250579Z ##[group]Run cmake --build build --target relin2_api_contract_test --parallel 2
2026-09-05T10:19:54.2251165Z [36;1mcmake --build build --target relin2_api_contract_test --parallel 2[0m
2026-09-05T10:19:54.2286804Z shell: /usr/bin/bash -e {0}
2026-09-05T10:19:54.2287061Z env:
2026-09-05T10:19:54.2287331Z   OPENFHE_COMMIT: df495ba2e91739a6dc8f1de254fc5a41155ce504
2026-09-05T10:19:54.2287811Z   OPENFHE_PREFIX: /home/runner/work/20231788./20231788./.ci/openfhe-install
2026-09-05T10:19:54.2288210Z ##[endgroup]
2026-09-05T10:19:54.2696302Z [ 60%] Built target openfhe_2023_1788
2026-09-05T10:19:54.2762813Z [ 80%] Building CXX object CMakeFiles/relin2_api_contract_test.dir/tests/relin2_api_contract_test.cpp.o
2026-09-05T10:19:56.7359289Z [100%] Linking CXX executable relin2_api_contract_test
2026-09-05T10:19:56.7997767Z [100%] Built target relin2_api_contract_test
2026-09-05T10:19:56.8074496Z ##[group]Run cmake --build build --target rs2_api_contract_test --parallel 2
2026-09-05T10:19:56.8075533Z [36;1mcmake --build build --target rs2_api_contract_test --parallel 2[0m
2026-09-05T10:19:56.8127965Z shell: /usr/bin/bash -e {0}
2026-09-05T10:19:56.8128412Z env:
2026-09-05T10:19:56.8128883Z   OPENFHE_COMMIT: df495ba2e91739a6dc8f1de254fc5a41155ce504
2026-09-05T10:19:56.8129709Z   OPENFHE_PREFIX: /home/runner/work/20231788./20231788./.ci/openfhe-install
2026-09-05T10:19:56.8130420Z ##[endgroup]
2026-09-05T10:19:56.8501313Z [ 60%] Built target openfhe_2023_1788
2026-09-05T10:19:56.8568737Z [ 80%] Building CXX object CMakeFiles/rs2_api_contract_test.dir/tests/rs2_api_contract_test.cpp.o
2026-09-05T10:19:59.3226592Z [100%] Linking CXX executable rs2_api_contract_test
2026-09-05T10:19:59.3870708Z [100%] Built target rs2_api_contract_test
2026-09-05T10:19:59.3931250Z ##[group]Run cmake --build build --target precision_first_mult2_contract_test --parallel 2
2026-09-05T10:19:59.3931908Z [36;1mcmake --build build --target precision_first_mult2_contract_test --parallel 2[0m
2026-09-05T10:19:59.3932590Z [36;1mctest --test-dir build --verbose --output-on-failure -R '^precision_first_mult2_high_precision_contract$'[0m
2026-09-05T10:19:59.3968389Z shell: /usr/bin/bash -e {0}
2026-09-05T10:19:59.3968644Z env:
2026-09-05T10:19:59.3968912Z   OPENFHE_COMMIT: df495ba2e91739a6dc8f1de254fc5a41155ce504
2026-09-05T10:19:59.3969363Z   OPENFHE_PREFIX: /home/runner/work/20231788./20231788./.ci/openfhe-install
2026-09-05T10:19:59.3969747Z ##[endgroup]
2026-09-05T10:19:59.4324274Z [ 50%] Built target openfhe_2023_1788
2026-09-05T10:19:59.4580171Z [100%] Built target precision_first_mult2_contract_test
2026-09-05T10:19:59.4869525Z Internal ctest changing into directory: /home/runner/work/20231788./20231788./build
2026-09-05T10:19:59.4870604Z UpdateCTestConfiguration  from :/home/runner/work/20231788./20231788./build/DartConfiguration.tcl
2026-09-05T10:19:59.4927443Z UpdateCTestConfiguration  from :/home/runner/work/20231788./20231788./build/DartConfiguration.tcl
2026-09-05T10:19:59.4930258Z Test project /home/runner/work/20231788./20231788./build
2026-09-05T10:19:59.4938038Z Constructing a list of tests
2026-09-05T10:19:59.4960082Z Done constructing a list of tests
2026-09-05T10:19:59.4960874Z Updating test list for fixtures
2026-09-05T10:19:59.4961244Z Added 0 tests to meet fixture requirements
2026-09-05T10:19:59.4977144Z Checking test dependency graph...
2026-09-05T10:19:59.4977638Z Checking test dependency graph end
2026-09-05T10:19:59.5000315Z test 3
2026-09-05T10:19:59.5000780Z     Start 3: precision_first_mult2_high_precision_contract
2026-09-05T10:19:59.5001275Z 
2026-09-05T10:19:59.5001568Z 3: Test command: /home/runner/work/20231788./20231788./build/precision_first_mult2_contract_test
2026-09-05T10:19:59.5002309Z 3: Working Directory: /home/runner/work/20231788./20231788./build
2026-09-05T10:19:59.5007521Z 3: Test timeout computed to be: 10000000
2026-09-05T10:19:59.6722329Z 3: test=precision_first_mult2_high_precision_contract trial=0 claim_scope=first-Mult2-diagnostic-only security_level=HEStd_NotSet(diagnostic-only) key_switch=HYBRID ckks_data_type=COMPLEX N=64 batch=16 depth=7 scaling_mod_size=50 first_mod_size=55 input_scale_numerator=2^100 final_logical_scale_numerator=2^200 final_logical_scale_denominator=1267650600226646386227681786497 q_div=1125899906843009 q_l=1125899906840833 input_product_centered_headroom_bits=160 output_centered_headroom_bits=210 coefficient_error_numerator=139029682951056375261250793103983 coefficient_error_denominator=1267650600226646386227681786497 frozen_abs_tolerance=2^-80 product_delta_error=5.5281712172344763185582288517028460947510e-28 max_slot_error=6.7132390482678027987159836898118735929179e-28
2026-09-05T10:19:59.6727896Z 3: test=precision_first_mult2_high_precision_contract trial=1 claim_scope=first-Mult2-diagnostic-only security_level=HEStd_NotSet(diagnostic-only) key_switch=HYBRID ckks_data_type=COMPLEX N=64 batch=16 depth=7 scaling_mod_size=50 first_mod_size=55 input_scale_numerator=2^100 final_logical_scale_numerator=2^200 final_logical_scale_denominator=1267650600226646386227681786497 q_div=1125899906843009 q_l=1125899906840833 input_product_centered_headroom_bits=160 output_centered_headroom_bits=210 coefficient_error_numerator=138318939646239362530470074424852 coefficient_error_denominator=1267650600226646386227681786497 frozen_abs_tolerance=2^-80 product_delta_error=1.5375858939939960500783027454533956246582e-27 max_slot_error=1.4966730511754708363548982861176834544939e-27
2026-09-05T10:19:59.6733414Z 3: test=precision_first_mult2_high_precision_contract trial=2 claim_scope=first-Mult2-diagnostic-only security_level=HEStd_NotSet(diagnostic-only) key_switch=HYBRID ckks_data_type=COMPLEX N=64 batch=16 depth=7 scaling_mod_size=50 first_mod_size=55 input_scale_numerator=2^100 final_logical_scale_numerator=2^200 final_logical_scale_denominator=1267650600226646386227681786497 q_div=1125899906843009 q_l=1125899906840833 input_product_centered_headroom_bits=160 output_centered_headroom_bits=210 coefficient_error_numerator=115365137096096940701741500277474 coefficient_error_denominator=1267650600226646386227681786497 frozen_abs_tolerance=2^-80 product_delta_error=7.3042530747878494706751770177247735098795e-28 max_slot_error=1.0440796126815813632820531626352089457868e-27
2026-09-05T10:19:59.6738509Z 3: test=precision_first_mult2_high_precision_contract trial=3 claim_scope=first-Mult2-diagnostic-only security_level=HEStd_NotSet(diagnostic-only) key_switch=HYBRID ckks_data_type=COMPLEX N=64 batch=16 depth=7 scaling_mod_size=50 first_mod_size=55 input_scale_numerator=2^100 final_logical_scale_numerator=2^200 final_logical_scale_denominator=1267650600226646386227681786497 q_div=1125899906843009 q_l=1125899906840833 input_product_centered_headroom_bits=160 output_centered_headroom_bits=210 coefficient_error_numerator=121950668950895415230464382820022 coefficient_error_denominator=1267650600226646386227681786497 frozen_abs_tolerance=2^-80 product_delta_error=7.6834965262599916269187150175867678965466e-29 max_slot_error=4.4962821796657746222050064163857260176555e-28
2026-09-05T10:19:59.6741217Z 3: precision_first_mult2_high_precision_contract=PASS
2026-09-05T10:19:59.6741673Z 1/1 Test #3: precision_first_mult2_high_precision_contract ...   Passed    0.17 sec
2026-09-05T10:19:59.7006487Z 
2026-09-05T10:19:59.7006718Z The following tests passed:
2026-09-05T10:19:59.7007279Z 	precision_first_mult2_high_precision_contract
2026-09-05T10:19:59.7007613Z 
2026-09-05T10:19:59.7007750Z 100% tests passed, 0 tests failed out of 1
2026-09-05T10:19:59.7007993Z 
2026-09-05T10:19:59.7008107Z Total Test time (real) =   0.21 sec
2026-09-05T10:19:59.7077656Z ##[group]Run ctest --test-dir build --verbose --output-on-failure -R '^mult2_pair_(add|sub)_input_hybrid_complex$'
2026-09-05T10:19:59.7078477Z [36;1mctest --test-dir build --verbose --output-on-failure -R '^mult2_pair_(add|sub)_input_hybrid_complex$'[0m
2026-09-05T10:19:59.7114196Z shell: /usr/bin/bash -e {0}
2026-09-05T10:19:59.7114452Z env:
2026-09-05T10:19:59.7114754Z   OPENFHE_COMMIT: df495ba2e91739a6dc8f1de254fc5a41155ce504
2026-09-05T10:19:59.7115217Z   OPENFHE_PREFIX: /home/runner/work/20231788./20231788./.ci/openfhe-install
2026-09-05T10:19:59.7115605Z ##[endgroup]
2026-09-05T10:19:59.7183035Z Internal ctest changing into directory: /home/runner/work/20231788./20231788./build
2026-09-05T10:19:59.7184148Z UpdateCTestConfiguration  from :/home/runner/work/20231788./20231788./build/DartConfiguration.tcl
2026-09-05T10:19:59.7185390Z UpdateCTestConfiguration  from :/home/runner/work/20231788./20231788./build/DartConfiguration.tcl
2026-09-05T10:19:59.7186416Z Test project /home/runner/work/20231788./20231788./build
2026-09-05T10:19:59.7187002Z Constructing a list of tests
2026-09-05T10:19:59.7196094Z Done constructing a list of tests
2026-09-05T10:19:59.7196498Z Updating test list for fixtures
2026-09-05T10:19:59.7196803Z Added 0 tests to meet fixture requirements
2026-09-05T10:19:59.7197489Z Checking test dependency graph...
2026-09-05T10:19:59.7197795Z Checking test dependency graph end
2026-09-05T10:19:59.7198295Z test 56
2026-09-05T10:19:59.7198712Z     Start 56: mult2_pair_add_input_hybrid_complex
2026-09-05T10:19:59.7198984Z 
2026-09-05T10:19:59.7199331Z 56: Test command: /home/runner/work/20231788./20231788./build/mult2_e2e_oracle_test "pair_add_input_hybrid_complex"
2026-09-05T10:19:59.7199980Z 56: Working Directory: /home/runner/work/20231788./20231788./build
2026-09-05T10:19:59.7200608Z 56: Test timeout computed to be: 10000000
2026-09-05T10:19:59.9463470Z 56: [RELIN2-EXECUTION] q_div=1073741953 q_l=1073741441 ordinary_combined_relin_execution_error=27 pair_relin_execution_error=56 high_path_relin_error=27 low_path_relin_error=30 execution_relin2_triangle_bound=57 paper_additivity_residual=35 paper_additivity_execution_observed=true secret_h=48 input_Q_l=52656049226897061758347970843194892279389197066160739197584863617 oracle_basis_agreement=true
2026-09-05T10:19:59.9471288Z 56: case=pair_add_input_hybrid_complex security_level=HEStd_NotSet(functional-only) key_switch=HYBRID secret_key_dist=UNIFORM_TERNARY ckks_data_type=COMPLEX selected_ring_dimension=64 actual_N=64 batch_size=16 host_vector_length=8 encoding_noise_scale_degree=2 encoding_level=0 scaling_technique=FIXEDMANUAL digit_size=0 max_relin_sk_deg=2 scaling_mod_size=30 first_mod_size=35 multiplicative_depth=7 active_Q_l_towers=7 Q_l_bits=215 preselection_required_bits=174 selection_reserve_bits=32 q_div=1073741953 q_l=1073741441 ratio_2^(2p)/(q_div*q_l)=1.00000023655603276 descriptor_ratio=1.00000023655603276 M_high=89261198 M_low=6625496233 secret_h=48 ordinary_combined_relin_execution_error=27 pair_relin_execution_error=56 high_path_relin_error=27 low_path_relin_error=30 execution_relin2_triangle_bound=57 paper_additivity_residual=35 paper_additivity_execution_observed=true execution_certificate=PER_PATH_CONDITIONAL conservative_E_Relin_available=false universal_theorem_gate=UNPROVED execution_nonwrap_left=587902491739401378112931795081557113 execution_nonwrap_right_Q_l_over_2=26328024613448530879173985421597446139694598533080369598792431808 coefficient_error=125732232331360928277/1152921231876374273 execution_bound=5675334783171989279011/2305842463752748546 fixed_key_bv_bound_available=false frozen_decoded_abs_tolerance=0.00100000000000000002 measured_recorded_bias_error=6.60322052702325011e-10 measured_logical_slot_error=6.60321896499193118e-10
2026-09-05T10:19:59.9476793Z 1/2 Test #56: mult2_pair_add_input_hybrid_complex ...   Passed    0.23 sec
2026-09-05T10:19:59.9477169Z test 57
2026-09-05T10:19:59.9477407Z     Start 57: mult2_pair_sub_input_hybrid_complex
2026-09-05T10:19:59.9477624Z 
2026-09-05T10:19:59.9478349Z 57: Test command: /home/runner/work/20231788./20231788./build/mult2_e2e_oracle_test "pair_sub_input_hybrid_complex"
2026-09-05T10:19:59.9478955Z 57: Working Directory: /home/runner/work/20231788./20231788./build
2026-09-05T10:19:59.9479319Z 57: Test timeout computed to be: 10000000
2026-09-05T10:20:00.0254378Z 57: [RELIN2-EXECUTION] q_div=1073741953 q_l=1073741441 ordinary_combined_relin_execution_error=15 pair_relin_execution_error=32 high_path_relin_error=16 low_path_relin_error=18 execution_relin2_triangle_bound=34 paper_additivity_residual=18 paper_additivity_execution_observed=true secret_h=44 input_Q_l=52656049226897061758347970843194892279389197066160739197584863617 oracle_basis_agreement=true
2026-09-05T10:20:00.0261721Z 57: case=pair_sub_input_hybrid_complex security_level=HEStd_NotSet(functional-only) key_switch=HYBRID secret_key_dist=UNIFORM_TERNARY ckks_data_type=COMPLEX selected_ring_dimension=64 actual_N=64 batch_size=16 host_vector_length=8 encoding_noise_scale_degree=2 encoding_level=0 scaling_technique=FIXEDMANUAL digit_size=0 max_relin_sk_deg=2 scaling_mod_size=30 first_mod_size=35 multiplicative_depth=7 active_Q_l_towers=7 Q_l_bits=215 preselection_required_bits=174 selection_reserve_bits=32 q_div=1073741953 q_l=1073741441 ratio_2^(2p)/(q_div*q_l)=1.00000023655603276 descriptor_ratio=1.00000023655603276 M_high=89261193 M_low=8589935620 secret_h=44 ordinary_combined_relin_execution_error=15 pair_relin_execution_error=32 high_path_relin_error=16 low_path_relin_error=18 execution_relin2_triangle_bound=34 paper_additivity_residual=18 paper_additivity_execution_observed=true execution_certificate=PER_PATH_CONDITIONAL conservative_E_Relin_available=false universal_theorem_gate=UNPROVED execution_nonwrap_left=587902449975922192875642457540569698 execution_nonwrap_right_Q_l_over_2=26328024613448530879173985421597446139694598533080369598792431808 coefficient_error=179580991367365308720/1152921231876374273 execution_bound=9496616681842783698289/2305842463752748546 fixed_key_bv_bound_available=false frozen_decoded_abs_tolerance=0.00100000000000000002 measured_recorded_bias_error=8.52649190869141373e-10 measured_logical_slot_error=8.52648987825307114e-10
2026-09-05T10:20:00.0267539Z 2/2 Test #57: mult2_pair_sub_input_hybrid_complex ...   Passed    0.08 sec
2026-09-05T10:20:00.0267951Z 
2026-09-05T10:20:00.0268119Z The following tests passed:
2026-09-05T10:20:00.0268544Z 	mult2_pair_add_input_hybrid_complex
2026-09-05T10:20:00.0269019Z 	mult2_pair_sub_input_hybrid_complex
2026-09-05T10:20:00.0269316Z 
2026-09-05T10:20:00.0269506Z 100% tests passed, 0 tests failed out of 2
2026-09-05T10:20:00.0269833Z 
2026-09-05T10:20:00.0269999Z Total Test time (real) =   0.31 sec
2026-09-05T10:20:00.0298373Z ##[group]Run ctest --test-dir build --show-only=json-v1 -E '^precision_client_io_first_mult2_contract$'
2026-09-05T10:20:00.0299088Z [36;1mctest --test-dir build --show-only=json-v1 -E '^precision_client_io_first_mult2_contract$'[0m
2026-09-05T10:20:00.0299773Z [36;1mctest --test-dir build --verbose --output-on-failure -E '^precision_client_io_first_mult2_contract$'[0m
2026-09-05T10:20:00.0335671Z shell: /usr/bin/bash -e {0}
2026-09-05T10:20:00.0335935Z env:
2026-09-05T10:20:00.0336215Z   OPENFHE_COMMIT: df495ba2e91739a6dc8f1de254fc5a41155ce504
2026-09-05T10:20:00.0336671Z   OPENFHE_PREFIX: /home/runner/work/20231788./20231788./.ci/openfhe-install
2026-09-05T10:20:00.0337057Z ##[endgroup]
2026-09-05T10:20:00.0513318Z {
2026-09-05T10:20:00.0513889Z   "backtraceGraph" : 
2026-09-05T10:20:00.0514376Z   {
2026-09-05T10:20:00.0514760Z     "commands" : 
2026-09-05T10:20:00.0515197Z     [
2026-09-05T10:20:00.0515577Z       "add_test"
2026-09-05T10:20:00.0515990Z     ],
2026-09-05T10:20:00.0516380Z     "files" : 
2026-09-05T10:20:00.0516763Z     [
2026-09-05T10:20:00.0517220Z       "/home/runner/work/20231788./20231788./CMakeLists.txt"
2026-09-05T10:20:00.0517835Z     ],
2026-09-05T10:20:00.0518215Z     "nodes" : 
2026-09-05T10:20:00.0518557Z     [
2026-09-05T10:20:00.0518878Z       {
2026-09-05T10:20:00.0519214Z         "file" : 0
2026-09-05T10:20:00.0519662Z       },
2026-09-05T10:20:00.0520008Z       {
2026-09-05T10:20:00.0520241Z         "command" : 0,
2026-09-05T10:20:00.0520673Z         "file" : 0,
2026-09-05T10:20:00.0521075Z         "line" : 164,
2026-09-05T10:20:00.0521388Z         "parent" : 0
2026-09-05T10:20:00.0521650Z       },
2026-09-05T10:20:00.0521867Z       {
2026-09-05T10:20:00.0522089Z         "file" : 0
2026-09-05T10:20:00.0522323Z       },
2026-09-05T10:20:00.0522539Z       {
2026-09-05T10:20:00.0522995Z         "command" : 0,
2026-09-05T10:20:00.0523256Z         "file" : 0,
2026-09-05T10:20:00.0523511Z         "line" : 165,
2026-09-05T10:20:00.0523769Z         "parent" : 2
2026-09-05T10:20:00.0524009Z       },
2026-09-05T10:20:00.0524226Z       {
2026-09-05T10:20:00.0524444Z         "file" : 0
2026-09-05T10:20:00.0524826Z       },
2026-09-05T10:20:00.0525175Z       {
2026-09-05T10:20:00.0525533Z         "command" : 0,
2026-09-05T10:20:00.0525941Z         "file" : 0,
2026-09-05T10:20:00.0526346Z         "line" : 167,
2026-09-05T10:20:00.0526756Z         "parent" : 4
2026-09-05T10:20:00.0527034Z       },
2026-09-05T10:20:00.0527244Z       {
2026-09-05T10:20:00.0527528Z         "file" : 0
2026-09-05T10:20:00.0527789Z       },
2026-09-05T10:20:00.0527996Z       {
2026-09-05T10:20:00.0528180Z         "command" : 0,
2026-09-05T10:20:00.0528400Z         "file" : 0,
2026-09-05T10:20:00.0528600Z         "line" : 169,
2026-09-05T10:20:00.0528847Z         "parent" : 6
2026-09-05T10:20:00.0529045Z       },
2026-09-05T10:20:00.0529230Z       {
2026-09-05T10:20:00.0529407Z         "file" : 0
2026-09-05T10:20:00.0529602Z       },
2026-09-05T10:20:00.0529782Z       {
2026-09-05T10:20:00.0529970Z         "command" : 0,
2026-09-05T10:20:00.0530193Z         "file" : 0,
2026-09-05T10:20:00.0530394Z         "line" : 170,
2026-09-05T10:20:00.0530616Z         "parent" : 8
2026-09-05T10:20:00.0530819Z       },
2026-09-05T10:20:00.0531005Z       {
2026-09-05T10:20:00.0531185Z         "file" : 0
2026-09-05T10:20:00.0531381Z       },
2026-09-05T10:20:00.0531565Z       {
2026-09-05T10:20:00.0531749Z         "command" : 0,
2026-09-05T10:20:00.0531964Z         "file" : 0,
2026-09-05T10:20:00.0532243Z         "line" : 171,
2026-09-05T10:20:00.0532581Z         "parent" : 10
2026-09-05T10:20:00.0533030Z       },
2026-09-05T10:20:00.0533218Z       {
2026-09-05T10:20:00.0533400Z         "file" : 0
2026-09-05T10:20:00.0533599Z       },
2026-09-05T10:20:00.0533775Z       {
2026-09-05T10:20:00.0533955Z         "command" : 0,
2026-09-05T10:20:00.0534196Z         "file" : 0,
2026-09-05T10:20:00.0534418Z         "line" : 172,
2026-09-05T10:20:00.0534714Z         "parent" : 12
2026-09-05T10:20:00.0534969Z       },
2026-09-05T10:20:00.0535362Z       {
2026-09-05T10:20:00.0535556Z         "file" : 0
2026-09-05T10:20:00.0535753Z       },
2026-09-05T10:20:00.0535931Z       {
2026-09-05T10:20:00.0536118Z         "command" : 0,
2026-09-05T10:20:00.0536328Z         "file" : 0,
2026-09-05T10:20:00.0536528Z         "line" : 174,
2026-09-05T10:20:00.0536736Z         "parent" : 14
2026-09-05T10:20:00.0536942Z       },
2026-09-05T10:20:00.0537126Z       {
2026-09-05T10:20:00.0537304Z         "file" : 0
2026-09-05T10:20:00.0537505Z       },
2026-09-05T10:20:00.0537680Z       {
2026-09-05T10:20:00.0537869Z         "command" : 0,
2026-09-05T10:20:00.0538076Z         "file" : 0,
2026-09-05T10:20:00.0538276Z         "line" : 176,
2026-09-05T10:20:00.0538481Z         "parent" : 16
2026-09-05T10:20:00.0538682Z       },
2026-09-05T10:20:00.0538863Z       {
2026-09-05T10:20:00.0539041Z         "file" : 0
2026-09-05T10:20:00.0539232Z       },
2026-09-05T10:20:00.0539408Z       {
2026-09-05T10:20:00.0539587Z         "command" : 0,
2026-09-05T10:20:00.0539805Z         "file" : 0,
2026-09-05T10:20:00.0540147Z         "line" : 177,
2026-09-05T10:20:00.0540393Z         "parent" : 18
2026-09-05T10:20:00.0540599Z       },
2026-09-05T10:20:00.0540786Z       {
2026-09-05T10:20:00.0540965Z         "file" : 0
2026-09-05T10:20:00.0541167Z       },
2026-09-05T10:20:00.0541347Z       {
2026-09-05T10:20:00.0541670Z         "command" : 0,
2026-09-05T10:20:00.0541966Z         "file" : 0,
2026-09-05T10:20:00.0542236Z         "line" : 178,
2026-09-05T10:20:00.0542455Z         "parent" : 20
2026-09-05T10:20:00.0542856Z       },
2026-09-05T10:20:00.0543163Z       {
2026-09-05T10:20:00.0543347Z         "file" : 0
2026-09-05T10:20:00.0543552Z       },
2026-09-05T10:20:00.0543729Z       {
2026-09-05T10:20:00.0543909Z         "command" : 0,
2026-09-05T10:20:00.0544124Z         "file" : 0,
2026-09-05T10:20:00.0544323Z         "line" : 179,
2026-09-05T10:20:00.0544527Z         "parent" : 22
2026-09-05T10:20:00.0544724Z       },
2026-09-05T10:20:00.0544919Z       {
2026-09-05T10:20:00.0545112Z         "file" : 0
2026-09-05T10:20:00.0545308Z       },
2026-09-05T10:20:00.0545482Z       {
2026-09-05T10:20:00.0545662Z         "command" : 0,
2026-09-05T10:20:00.0545877Z         "file" : 0,
2026-09-05T10:20:00.0546077Z         "line" : 180,
2026-09-05T10:20:00.0546286Z         "parent" : 24
2026-09-05T10:20:00.0546490Z       },
2026-09-05T10:20:00.0546671Z       {
2026-09-05T10:20:00.0546847Z         "file" : 0
2026-09-05T10:20:00.0547037Z       },
2026-09-05T10:20:00.0547212Z       {
2026-09-05T10:20:00.0547395Z         "command" : 0,
2026-09-05T10:20:00.0547608Z         "file" : 0,
2026-09-05T10:20:00.0547804Z         "line" : 181,
2026-09-05T10:20:00.0548010Z         "parent" : 26
2026-09-05T10:20:00.0548209Z       },
2026-09-05T10:20:00.0548394Z       {
2026-09-05T10:20:00.0548573Z         "file" : 0
2026-09-05T10:20:00.0548765Z       },
2026-09-05T10:20:00.0548943Z       {
2026-09-05T10:20:00.0549122Z         "command" : 0,
2026-09-05T10:20:00.0549338Z         "file" : 0,
2026-09-05T10:20:00.0549541Z         "line" : 182,
2026-09-05T10:20:00.0549749Z         "parent" : 28
2026-09-05T10:20:00.0549948Z       },
2026-09-05T10:20:00.0550133Z       {
2026-09-05T10:20:00.0550324Z         "file" : 0
2026-09-05T10:20:00.0550517Z       },
2026-09-05T10:20:00.0550691Z       {
2026-09-05T10:20:00.0550871Z         "command" : 0,
2026-09-05T10:20:00.0551128Z         "file" : 0,
2026-09-05T10:20:00.0551337Z         "line" : 183,
2026-09-05T10:20:00.0551544Z         "parent" : 30
2026-09-05T10:20:00.0551741Z       },
2026-09-05T10:20:00.0551973Z       {
2026-09-05T10:20:00.0552235Z         "file" : 0
2026-09-05T10:20:00.0552433Z       },
2026-09-05T10:20:00.0552617Z       {
2026-09-05T10:20:00.0553098Z         "command" : 0,
2026-09-05T10:20:00.0553495Z         "file" : 0,
2026-09-05T10:20:00.0553702Z         "line" : 184,
2026-09-05T10:20:00.0553909Z         "parent" : 32
2026-09-05T10:20:00.0554108Z       },
2026-09-05T10:20:00.0554283Z       {
2026-09-05T10:20:00.0554465Z         "file" : 0
2026-09-05T10:20:00.0554897Z       },
2026-09-05T10:20:00.0555151Z       {
2026-09-05T10:20:00.0555343Z         "command" : 0,
2026-09-05T10:20:00.0555560Z         "file" : 0,
2026-09-05T10:20:00.0555854Z         "line" : 185,
2026-09-05T10:20:00.0556240Z         "parent" : 34
2026-09-05T10:20:00.0556544Z       },
2026-09-05T10:20:00.0556736Z       {
2026-09-05T10:20:00.0556916Z         "file" : 0
2026-09-05T10:20:00.0557113Z       },
2026-09-05T10:20:00.0557305Z       {
2026-09-05T10:20:00.0557495Z         "command" : 0,
2026-09-05T10:20:00.0557720Z         "file" : 0,
2026-09-05T10:20:00.0557920Z         "line" : 186,
2026-09-05T10:20:00.0558144Z         "parent" : 36
2026-09-05T10:20:00.0558357Z       },
2026-09-05T10:20:00.0558535Z       {
2026-09-05T10:20:00.0558715Z         "file" : 0
2026-09-05T10:20:00.0558909Z       },
2026-09-05T10:20:00.0559139Z       {
2026-09-05T10:20:00.0559327Z         "command" : 0,
2026-09-05T10:20:00.0559589Z         "file" : 0,
2026-09-05T10:20:00.0571504Z         "line" : 187,
2026-09-05T10:20:00.0571913Z         "parent" : 38
2026-09-05T10:20:00.0572134Z       },
2026-09-05T10:20:00.0572326Z       {
2026-09-05T10:20:00.0572510Z         "file" : 0
2026-09-05T10:20:00.0572972Z       },
2026-09-05T10:20:00.0573173Z       {
2026-09-05T10:20:00.0573364Z         "command" : 0,
2026-09-05T10:20:00.0573592Z         "file" : 0,
2026-09-05T10:20:00.0573995Z         "line" : 188,
2026-09-05T10:20:00.0574207Z         "parent" : 40
2026-09-05T10:20:00.0574411Z       },
2026-09-05T10:20:00.0574593Z       {
2026-09-05T10:20:00.0574771Z         "file" : 0
2026-09-05T10:20:00.0574966Z       },
2026-09-05T10:20:00.0575138Z       {
2026-09-05T10:20:00.0575317Z         "command" : 0,
2026-09-05T10:20:00.0575532Z         "file" : 0,
2026-09-05T10:20:00.0575727Z         "line" : 189,
2026-09-05T10:20:00.0575935Z         "parent" : 42
2026-09-05T10:20:00.0576138Z       },
2026-09-05T10:20:00.0576318Z       {
2026-09-05T10:20:00.0576497Z         "file" : 0
2026-09-05T10:20:00.0576693Z       },
2026-09-05T10:20:00.0576873Z       {
2026-09-05T10:20:00.0577055Z         "command" : 0,
2026-09-05T10:20:00.0577274Z         "file" : 0,
2026-09-05T10:20:00.0577473Z         "line" : 190,
2026-09-05T10:20:00.0577688Z         "parent" : 44
2026-09-05T10:20:00.0577884Z       },
2026-09-05T10:20:00.0578073Z       {
2026-09-05T10:20:00.0578248Z         "file" : 0
2026-09-05T10:20:00.0578458Z       },
2026-09-05T10:20:00.0578634Z       {
2026-09-05T10:20:00.0578819Z         "command" : 0,
2026-09-05T10:20:00.0579037Z         "file" : 0,
2026-09-05T10:20:00.0579240Z         "line" : 191,
2026-09-05T10:20:00.0579444Z         "parent" : 46
2026-09-05T10:20:00.0579646Z       },
2026-09-05T10:20:00.0579839Z       {
2026-09-05T10:20:00.0580017Z         "file" : 0
2026-09-05T10:20:00.0580212Z       },
2026-09-05T10:20:00.0580391Z       {
2026-09-05T10:20:00.0580571Z         "command" : 0,
2026-09-05T10:20:00.0580781Z         "file" : 0,
2026-09-05T10:20:00.0580978Z         "line" : 192,
2026-09-05T10:20:00.0581188Z         "parent" : 48
2026-09-05T10:20:00.0581389Z       },
2026-09-05T10:20:00.0581571Z       {
2026-09-05T10:20:00.0581748Z         "file" : 0
2026-09-05T10:20:00.0581941Z       },
2026-09-05T10:20:00.0582113Z       {
2026-09-05T10:20:00.0582290Z         "command" : 0,
2026-09-05T10:20:00.0582501Z         "file" : 0,
2026-09-05T10:20:00.0582966Z         "line" : 193,
2026-09-05T10:20:00.0583249Z         "parent" : 50
2026-09-05T10:20:00.0583453Z       },
2026-09-05T10:20:00.0583627Z       {
2026-09-05T10:20:00.0583808Z         "file" : 0
2026-09-05T10:20:00.0583998Z       },
2026-09-05T10:20:00.0584172Z       {
2026-09-05T10:20:00.0584345Z         "command" : 0,
2026-09-05T10:20:00.0584555Z         "file" : 0,
2026-09-05T10:20:00.0584752Z         "line" : 194,
2026-09-05T10:20:00.0584957Z         "parent" : 52
2026-09-05T10:20:00.0585156Z       },
2026-09-05T10:20:00.0585331Z       {
2026-09-05T10:20:00.0585514Z         "file" : 0
2026-09-05T10:20:00.0585701Z       },
2026-09-05T10:20:00.0585873Z       {
2026-09-05T10:20:00.0586184Z         "command" : 0,
2026-09-05T10:20:00.0586403Z         "file" : 0,
2026-09-05T10:20:00.0586602Z         "line" : 195,
2026-09-05T10:20:00.0586809Z         "parent" : 54
2026-09-05T10:20:00.0587010Z       },
2026-09-05T10:20:00.0587184Z       {
2026-09-05T10:20:00.0587363Z         "file" : 0
2026-09-05T10:20:00.0587558Z       },
2026-09-05T10:20:00.0587730Z       {
2026-09-05T10:20:00.0587914Z         "command" : 0,
2026-09-05T10:20:00.0588133Z         "file" : 0,
2026-09-05T10:20:00.0588332Z         "line" : 196,
2026-09-05T10:20:00.0588539Z         "parent" : 56
2026-09-05T10:20:00.0588738Z       },
2026-09-05T10:20:00.0588913Z       {
2026-09-05T10:20:00.0589100Z         "file" : 0
2026-09-05T10:20:00.0589290Z       },
2026-09-05T10:20:00.0589462Z       {
2026-09-05T10:20:00.0589640Z         "command" : 0,
2026-09-05T10:20:00.0589848Z         "file" : 0,
2026-09-05T10:20:00.0590042Z         "line" : 197,
2026-09-05T10:20:00.0590244Z         "parent" : 58
2026-09-05T10:20:00.0590451Z       },
2026-09-05T10:20:00.0590625Z       {
2026-09-05T10:20:00.0590806Z         "file" : 0
2026-09-05T10:20:00.0590999Z       },
2026-09-05T10:20:00.0591175Z       {
2026-09-05T10:20:00.0591356Z         "command" : 0,
2026-09-05T10:20:00.0591572Z         "file" : 0,
2026-09-05T10:20:00.0591767Z         "line" : 198,
2026-09-05T10:20:00.0592089Z         "parent" : 60
2026-09-05T10:20:00.0592288Z       },
2026-09-05T10:20:00.0592465Z       {
2026-09-05T10:20:00.0592856Z         "file" : 0
2026-09-05T10:20:00.0593082Z       },
2026-09-05T10:20:00.0593257Z       {
2026-09-05T10:20:00.0593439Z         "command" : 0,
2026-09-05T10:20:00.0593645Z         "file" : 0,
2026-09-05T10:20:00.0593848Z         "line" : 199,
2026-09-05T10:20:00.0594052Z         "parent" : 62
2026-09-05T10:20:00.0594250Z       },
2026-09-05T10:20:00.0594421Z       {
2026-09-05T10:20:00.0594600Z         "file" : 0
2026-09-05T10:20:00.0594784Z       },
2026-09-05T10:20:00.0594954Z       {
2026-09-05T10:20:00.0595131Z         "command" : 0,
2026-09-05T10:20:00.0595342Z         "file" : 0,
2026-09-05T10:20:00.0595557Z         "line" : 200,
2026-09-05T10:20:00.0595760Z         "parent" : 64
2026-09-05T10:20:00.0595960Z       },
2026-09-05T10:20:00.0596135Z       {
2026-09-05T10:20:00.0596318Z         "file" : 0
2026-09-05T10:20:00.0596505Z       },
2026-09-05T10:20:00.0596674Z       {
2026-09-05T10:20:00.0596860Z         "command" : 0,
2026-09-05T10:20:00.0597070Z         "file" : 0,
2026-09-05T10:20:00.0597267Z         "line" : 201,
2026-09-05T10:20:00.0597470Z         "parent" : 66
2026-09-05T10:20:00.0597663Z       },
2026-09-05T10:20:00.0597972Z       {
2026-09-05T10:20:00.0598248Z         "file" : 0
2026-09-05T10:20:00.0598543Z       },
2026-09-05T10:20:00.0598811Z       {
2026-09-05T10:20:00.0599111Z         "command" : 0,
2026-09-05T10:20:00.0599437Z         "file" : 0,
2026-09-05T10:20:00.0599737Z         "line" : 202,
2026-09-05T10:20:00.0600054Z         "parent" : 68
2026-09-05T10:20:00.0600384Z       },
2026-09-05T10:20:00.0600664Z       {
2026-09-05T10:20:00.0600934Z         "file" : 0
2026-09-05T10:20:00.0601228Z       },
2026-09-05T10:20:00.0601515Z       {
2026-09-05T10:20:00.0601789Z         "command" : 0,
2026-09-05T10:20:00.0602113Z         "file" : 0,
2026-09-05T10:20:00.0602416Z         "line" : 203,
2026-09-05T10:20:00.0602934Z         "parent" : 70
2026-09-05T10:20:00.0603254Z       },
2026-09-05T10:20:00.0603527Z       {
2026-09-05T10:20:00.0603795Z         "file" : 0
2026-09-05T10:20:00.0604117Z       },
2026-09-05T10:20:00.0604388Z       {
2026-09-05T10:20:00.0604665Z         "command" : 0,
2026-09-05T10:20:00.0604987Z         "file" : 0,
2026-09-05T10:20:00.0605313Z         "line" : 204,
2026-09-05T10:20:00.0605628Z         "parent" : 72
2026-09-05T10:20:00.0605936Z       },
2026-09-05T10:20:00.0606207Z       {
2026-09-05T10:20:00.0606501Z         "file" : 0
2026-09-05T10:20:00.0606793Z       },
2026-09-05T10:20:00.0607057Z       {
2026-09-05T10:20:00.0607334Z         "command" : 0,
2026-09-05T10:20:00.0607852Z         "file" : 0,
2026-09-05T10:20:00.0608165Z         "line" : 205,
2026-09-05T10:20:00.0608481Z         "parent" : 74
2026-09-05T10:20:00.0608815Z       },
2026-09-05T10:20:00.0609087Z       {
2026-09-05T10:20:00.0609354Z         "file" : 0
2026-09-05T10:20:00.0609643Z       },
2026-09-05T10:20:00.0609929Z       {
2026-09-05T10:20:00.0610201Z         "command" : 0,
2026-09-05T10:20:00.0610525Z         "file" : 0,
2026-09-05T10:20:00.0610823Z         "line" : 206,
2026-09-05T10:20:00.0611155Z         "parent" : 76
2026-09-05T10:20:00.0611459Z       },
2026-09-05T10:20:00.0611730Z       {
2026-09-05T10:20:00.0611995Z         "file" : 0
2026-09-05T10:20:00.0612306Z       },
2026-09-05T10:20:00.0612575Z       {
2026-09-05T10:20:00.0613025Z         "command" : 0,
2026-09-05T10:20:00.0613349Z         "file" : 0,
2026-09-05T10:20:00.0613647Z         "line" : 207,
2026-09-05T10:20:00.0613961Z         "parent" : 78
2026-09-05T10:20:00.0614291Z       },
2026-09-05T10:20:00.0614563Z       {
2026-09-05T10:20:00.0614838Z         "file" : 0
2026-09-05T10:20:00.0615133Z       },
2026-09-05T10:20:00.0615420Z       {
2026-09-05T10:20:00.0615692Z         "command" : 0,
2026-09-05T10:20:00.0616010Z         "file" : 0,
2026-09-05T10:20:00.0616308Z         "line" : 208,
2026-09-05T10:20:00.0616645Z         "parent" : 80
2026-09-05T10:20:00.0616953Z       },
2026-09-05T10:20:00.0617385Z       {
2026-09-05T10:20:00.0617680Z         "file" : 0
2026-09-05T10:20:00.0617971Z       },
2026-09-05T10:20:00.0618235Z       {
2026-09-05T10:20:00.0618509Z         "command" : 0,
2026-09-05T10:20:00.0618852Z         "file" : 0,
2026-09-05T10:20:00.0619151Z         "line" : 209,
2026-09-05T10:20:00.0619465Z         "parent" : 82
2026-09-05T10:20:00.0619771Z       },
2026-09-05T10:20:00.0620057Z       {
2026-09-05T10:20:00.0620331Z         "file" : 0
2026-09-05T10:20:00.0620622Z       },
2026-09-05T10:20:00.0620883Z       {
2026-09-05T10:20:00.0621183Z         "command" : 0,
2026-09-05T10:20:00.0621511Z         "file" : 0,
2026-09-05T10:20:00.0621817Z         "line" : 210,
2026-09-05T10:20:00.0622128Z         "parent" : 84
2026-09-05T10:20:00.0622451Z       },
2026-09-05T10:20:00.0622890Z       {
2026-09-05T10:20:00.0623177Z         "file" : 0
2026-09-05T10:20:00.0623469Z       },
2026-09-05T10:20:00.0623733Z       {
2026-09-05T10:20:00.0624005Z         "command" : 0,
2026-09-05T10:20:00.0624355Z         "file" : 0,
2026-09-05T10:20:00.0624667Z         "line" : 211,
2026-09-05T10:20:00.0624978Z         "parent" : 86
2026-09-05T10:20:00.0625303Z       },
2026-09-05T10:20:00.0625568Z       {
2026-09-05T10:20:00.0625841Z         "file" : 0
2026-09-05T10:20:00.0626129Z       },
2026-09-05T10:20:00.0626414Z       {
2026-09-05T10:20:00.0626687Z         "command" : 0,
2026-09-05T10:20:00.0627006Z         "file" : 0,
2026-09-05T10:20:00.0627307Z         "line" : 212,
2026-09-05T10:20:00.0627642Z         "parent" : 88
2026-09-05T10:20:00.0627946Z       },
2026-09-05T10:20:00.0628211Z       {
2026-09-05T10:20:00.0628488Z         "file" : 0
2026-09-05T10:20:00.0628808Z       },
2026-09-05T10:20:00.0629076Z       {
2026-09-05T10:20:00.0629349Z         "command" : 0,
2026-09-05T10:20:00.0629668Z         "file" : 0,
2026-09-05T10:20:00.0629992Z         "line" : 213,
2026-09-05T10:20:00.0630352Z         "parent" : 90
2026-09-05T10:20:00.0630658Z       },
2026-09-05T10:20:00.0630924Z       {
2026-09-05T10:20:00.0631225Z         "file" : 0
2026-09-05T10:20:00.0631516Z       },
2026-09-05T10:20:00.0631781Z       {
2026-09-05T10:20:00.0632056Z         "command" : 0,
2026-09-05T10:20:00.0632399Z         "file" : 0,
2026-09-05T10:20:00.0632864Z         "line" : 215,
2026-09-05T10:20:00.0633187Z         "parent" : 92
2026-09-05T10:20:00.0633492Z       },
2026-09-05T10:20:00.0633754Z       {
2026-09-05T10:20:00.0634049Z         "file" : 0
2026-09-05T10:20:00.0634343Z       },
2026-09-05T10:20:00.0634603Z       {
2026-09-05T10:20:00.0634874Z         "command" : 0,
2026-09-05T10:20:00.0635216Z         "file" : 0,
2026-09-05T10:20:00.0635521Z         "line" : 216,
2026-09-05T10:20:00.0635988Z         "parent" : 94
2026-09-05T10:20:00.0636304Z       },
2026-09-05T10:20:00.0636590Z       {
2026-09-05T10:20:00.0636863Z         "file" : 0
2026-09-05T10:20:00.0637156Z       },
2026-09-05T10:20:00.0637419Z       {
2026-09-05T10:20:00.0637719Z         "command" : 0,
2026-09-05T10:20:00.0638029Z         "file" : 0,
2026-09-05T10:20:00.0638334Z         "line" : 217,
2026-09-05T10:20:00.0638641Z         "parent" : 96
2026-09-05T10:20:00.0638966Z       },
2026-09-05T10:20:00.0639232Z       {
2026-09-05T10:20:00.0639496Z         "file" : 0
2026-09-05T10:20:00.0639784Z       },
2026-09-05T10:20:00.0640073Z       {
2026-09-05T10:20:00.0640349Z         "command" : 0,
2026-09-05T10:20:00.0640661Z         "file" : 0,
2026-09-05T10:20:00.0640960Z         "line" : 218,
2026-09-05T10:20:00.0641294Z         "parent" : 98
2026-09-05T10:20:00.0641596Z       },
2026-09-05T10:20:00.0641865Z       {
2026-09-05T10:20:00.0642129Z         "file" : 0
2026-09-05T10:20:00.0642441Z       },
2026-09-05T10:20:00.0642870Z       {
2026-09-05T10:20:00.0643162Z         "command" : 0,
2026-09-05T10:20:00.0643482Z         "file" : 0,
2026-09-05T10:20:00.0643782Z         "line" : 220,
2026-09-05T10:20:00.0644124Z         "parent" : 100
2026-09-05T10:20:00.0644432Z       },
2026-09-05T10:20:00.0644704Z       {
2026-09-05T10:20:00.0644971Z         "file" : 0
2026-09-05T10:20:00.0645460Z       },
2026-09-05T10:20:00.0645722Z       {
2026-09-05T10:20:00.0645995Z         "command" : 0,
2026-09-05T10:20:00.0646340Z         "file" : 0,
2026-09-05T10:20:00.0646654Z         "line" : 221,
2026-09-05T10:20:00.0646970Z         "parent" : 102
2026-09-05T10:20:00.0647279Z       },
2026-09-05T10:20:00.0647565Z       {
2026-09-05T10:20:00.0647839Z         "file" : 0
2026-09-05T10:20:00.0648127Z       },
2026-09-05T10:20:00.0648390Z       {
2026-09-05T10:20:00.0648686Z         "command" : 0,
2026-09-05T10:20:00.0649001Z         "file" : 0,
2026-09-05T10:20:00.0649310Z         "line" : 222,
2026-09-05T10:20:00.0649622Z         "parent" : 104
2026-09-05T10:20:00.0649962Z       },
2026-09-05T10:20:00.0650234Z       {
2026-09-05T10:20:00.0650506Z         "file" : 0
2026-09-05T10:20:00.0650795Z       },
2026-09-05T10:20:00.0651078Z       {
2026-09-05T10:20:00.0651351Z         "command" : 0,
2026-09-05T10:20:00.0651667Z         "file" : 0,
2026-09-05T10:20:00.0651973Z         "line" : 223,
2026-09-05T10:20:00.0652321Z         "parent" : 106
2026-09-05T10:20:00.0652632Z       },
2026-09-05T10:20:00.0653073Z       {
2026-09-05T10:20:00.0653348Z         "file" : 0
2026-09-05T10:20:00.0653642Z       },
2026-09-05T10:20:00.0653906Z       {
2026-09-05T10:20:00.0654211Z         "command" : 0,
2026-09-05T10:20:00.0654527Z         "file" : 0,
2026-09-05T10:20:00.0654829Z         "line" : 224,
2026-09-05T10:20:00.0655143Z         "parent" : 108
2026-09-05T10:20:00.0655479Z       },
2026-09-05T10:20:00.0655745Z       {
2026-09-05T10:20:00.0656018Z         "file" : 0
2026-09-05T10:20:00.0656311Z       },
2026-09-05T10:20:00.0656600Z       {
2026-09-05T10:20:00.0656885Z         "command" : 0,
2026-09-05T10:20:00.0657202Z         "file" : 0,
2026-09-05T10:20:00.0657510Z         "line" : 225,
2026-09-05T10:20:00.0657853Z         "parent" : 110
2026-09-05T10:20:00.0658165Z       },
2026-09-05T10:20:00.0658428Z       {
2026-09-05T10:20:00.0658697Z         "file" : 0
2026-09-05T10:20:00.0659018Z       },
2026-09-05T10:20:00.0659290Z       {
2026-09-05T10:20:00.0659566Z         "command" : 0,
2026-09-05T10:20:00.0659881Z         "file" : 0,
2026-09-05T10:20:00.0660209Z         "line" : 227,
2026-09-05T10:20:00.0660522Z         "parent" : 112
2026-09-05T10:20:00.0660833Z       }
2026-09-05T10:20:00.0661114Z     ]
2026-09-05T10:20:00.0661381Z   },
2026-09-05T10:20:00.0661664Z   "kind" : "ctestInfo",
2026-09-05T10:20:00.0661995Z   "tests" : 
2026-09-05T10:20:00.0662298Z   [
2026-09-05T10:20:00.0662558Z     {
2026-09-05T10:20:00.0663013Z       "backtrace" : 1,
2026-09-05T10:20:00.0663338Z       "command" : 
2026-09-05T10:20:00.0663633Z       [
2026-09-05T10:20:00.0664202Z         "/home/runner/work/20231788./20231788./build/dcp_rcb_test"
2026-09-05T10:20:00.0664715Z       ],
2026-09-05T10:20:00.0665007Z       "name" : "dcp_rcb",
2026-09-05T10:20:00.0665385Z       "properties" : 
2026-09-05T10:20:00.0665699Z       [
2026-09-05T10:20:00.0665964Z         {
2026-09-05T10:20:00.0666269Z           "name" : "WORKING_DIRECTORY",
2026-09-05T10:20:00.0666789Z           "value" : "/home/runner/work/20231788./20231788./build"
2026-09-05T10:20:00.0667259Z         }
2026-09-05T10:20:00.0667547Z       ]
2026-09-05T10:20:00.0667823Z     },
2026-09-05T10:20:00.0668089Z     {
2026-09-05T10:20:00.0668364Z       "backtrace" : 3,
2026-09-05T10:20:00.0668706Z       "command" : 
2026-09-05T10:20:00.0669006Z       [
2026-09-05T10:20:00.0669500Z         "/home/runner/work/20231788./20231788./build/precision_dcp_rcb_contract_test"
2026-09-05T10:20:00.0670139Z       ],
2026-09-05T10:20:00.0670511Z       "name" : "precision_dcp_rcb_high_precision_contract",
2026-09-05T10:20:00.0671003Z       "properties" : 
2026-09-05T10:20:00.0671359Z       [
2026-09-05T10:20:00.0671625Z         {
2026-09-05T10:20:00.0671924Z           "name" : "WORKING_DIRECTORY",
2026-09-05T10:20:00.0672443Z           "value" : "/home/runner/work/20231788./20231788./build"
2026-09-05T10:20:00.0673100Z         }
2026-09-05T10:20:00.0673375Z       ]
2026-09-05T10:20:00.0673643Z     },
2026-09-05T10:20:00.0674193Z     {
2026-09-05T10:20:00.0674479Z       "backtrace" : 5,
2026-09-05T10:20:00.0674812Z       "command" : 
2026-09-05T10:20:00.0675108Z       [
2026-09-05T10:20:00.0675637Z         "/home/runner/work/20231788./20231788./build/precision_first_mult2_contract_test"
2026-09-05T10:20:00.0676266Z       ],
2026-09-05T10:20:00.0676679Z       "name" : "precision_first_mult2_high_precision_contract",
2026-09-05T10:20:00.0677180Z       "properties" : 
2026-09-05T10:20:00.0677490Z       [
2026-09-05T10:20:00.0677773Z         {
2026-09-05T10:20:00.0678068Z           "name" : "WORKING_DIRECTORY",
2026-09-05T10:20:00.0678560Z           "value" : "/home/runner/work/20231788./20231788./build"
2026-09-05T10:20:00.0679049Z         }
2026-09-05T10:20:00.0679317Z       ]
2026-09-05T10:20:00.0679579Z     },
2026-09-05T10:20:00.0679846Z     {
2026-09-05T10:20:00.0680144Z       "backtrace" : 7,
2026-09-05T10:20:00.0680467Z       "command" : 
2026-09-05T10:20:00.0680759Z       [
2026-09-05T10:20:00.0681157Z         "/home/runner/work/20231788./20231788./build/pair_add_test"
2026-09-05T10:20:00.0681661Z       ],
2026-09-05T10:20:00.0681968Z       "name" : "pair_add_runtime_behavior",
2026-09-05T10:20:00.0682409Z       "properties" : 
2026-09-05T10:20:00.0682881Z       [
2026-09-05T10:20:00.0683153Z         {
2026-09-05T10:20:00.0683447Z           "name" : "WORKING_DIRECTORY",
2026-09-05T10:20:00.0683913Z           "value" : "/home/runner/work/20231788./20231788./build"
2026-09-05T10:20:00.0684390Z         }
2026-09-05T10:20:00.0684658Z       ]
2026-09-05T10:20:00.0684912Z     },
2026-09-05T10:20:00.0685191Z     {
2026-09-05T10:20:00.0685461Z       "backtrace" : 9,
2026-09-05T10:20:00.0685780Z       "command" : 
2026-09-05T10:20:00.0686077Z       [
2026-09-05T10:20:00.0686471Z         "/home/runner/work/20231788./20231788./build/pair_sub_test"
2026-09-05T10:20:00.0686951Z       ],
2026-09-05T10:20:00.0687249Z       "name" : "pair_sub_runtime_behavior",
2026-09-05T10:20:00.0687686Z       "properties" : 
2026-09-05T10:20:00.0687998Z       [
2026-09-05T10:20:00.0688252Z         {
2026-09-05T10:20:00.0688540Z           "name" : "WORKING_DIRECTORY",
2026-09-05T10:20:00.0689030Z           "value" : "/home/runner/work/20231788./20231788./build"
2026-09-05T10:20:00.0689483Z         }
2026-09-05T10:20:00.0689742Z       ]
2026-09-05T10:20:00.0690021Z     },
2026-09-05T10:20:00.0690277Z     {
2026-09-05T10:20:00.0690551Z       "backtrace" : 11,
2026-09-05T10:20:00.0690868Z       "command" : 
2026-09-05T10:20:00.0691178Z       [
2026-09-05T10:20:00.0691591Z         "/home/runner/work/20231788./20231788./build/pair_arithmetic_test",
2026-09-05T10:20:00.0692164Z         "controlled_oracle"
2026-09-05T10:20:00.0692802Z       ],
2026-09-05T10:20:00.0693146Z       "name" : "pair_arithmetic_controlled_oracle",
2026-09-05T10:20:00.0693591Z       "properties" : 
2026-09-05T10:20:00.0693894Z       [
2026-09-05T10:20:00.0694180Z         {
2026-09-05T10:20:00.0694468Z           "name" : "WORKING_DIRECTORY",
2026-09-05T10:20:00.0694934Z           "value" : "/home/runner/work/20231788./20231788./build"
2026-09-05T10:20:00.0695418Z         }
2026-09-05T10:20:00.0695680Z       ]
2026-09-05T10:20:00.0695934Z     },
2026-09-05T10:20:00.0696189Z     {
2026-09-05T10:20:00.0696483Z       "backtrace" : 13,
2026-09-05T10:20:00.0696804Z       "command" : 
2026-09-05T10:20:00.0697095Z       [
2026-09-05T10:20:00.0697530Z         "/home/runner/work/20231788./20231788./build/pair_arithmetic_test",
2026-09-05T10:20:00.0698095Z         "public_lifecycles_keyless"
2026-09-05T10:20:00.0698469Z       ],
2026-09-05T10:20:00.0698855Z       "name" : "pair_arithmetic_public_lifecycles_keyless",
2026-09-05T10:20:00.0699337Z       "properties" : 
2026-09-05T10:20:00.0699644Z       [
2026-09-05T10:20:00.0699925Z         {
2026-09-05T10:20:00.0700212Z           "name" : "WORKING_DIRECTORY",
2026-09-05T10:20:00.0700683Z           "value" : "/home/runner/work/20231788./20231788./build"
2026-09-05T10:20:00.0701157Z         }
2026-09-05T10:20:00.0701415Z       ]
2026-09-05T10:20:00.0701835Z     },
2026-09-05T10:20:00.0702096Z     {
2026-09-05T10:20:00.0702392Z       "backtrace" : 15,
2026-09-05T10:20:00.0702983Z       "command" : 
2026-09-05T10:20:00.0703290Z       [
2026-09-05T10:20:00.0703725Z         "/home/runner/work/20231788./20231788./build/pair_arithmetic_test",
2026-09-05T10:20:00.0704341Z         "compatibility_rejections"
2026-09-05T10:20:00.0704721Z       ],
2026-09-05T10:20:00.0705082Z       "name" : "pair_arithmetic_compatibility_rejections",
2026-09-05T10:20:00.0705594Z       "properties" : 
2026-09-05T10:20:00.0705911Z       [
2026-09-05T10:20:00.0706172Z         {
2026-09-05T10:20:00.0706493Z           "name" : "WORKING_DIRECTORY",
2026-09-05T10:20:00.0706975Z           "value" : "/home/runner/work/20231788./20231788./build"
2026-09-05T10:20:00.0707446Z         }
2026-09-05T10:20:00.0707741Z       ]
2026-09-05T10:20:00.0708002Z     },
2026-09-05T10:20:00.0708264Z     {
2026-09-05T10:20:00.0708538Z       "backtrace" : 17,
2026-09-05T10:20:00.0708896Z       "command" : 
2026-09-05T10:20:00.0709204Z       [
2026-09-05T10:20:00.0709589Z         "/home/runner/work/20231788./20231788./build/tensor2_test",
2026-09-05T10:20:00.0710147Z         "valid_arithmetic_immutability"
2026-09-05T10:20:00.0710549Z       ],
2026-09-05T10:20:00.0710896Z       "name" : "tensor2_valid_arithmetic_immutability",
2026-09-05T10:20:00.0711390Z       "properties" : 
2026-09-05T10:20:00.0711707Z       [
2026-09-05T10:20:00.0711977Z         {
2026-09-05T10:20:00.0712299Z           "name" : "WORKING_DIRECTORY",
2026-09-05T10:20:00.0712944Z           "value" : "/home/runner/work/20231788./20231788./build"
2026-09-05T10:20:00.0713416Z         }
2026-09-05T10:20:00.0713690Z       ]
2026-09-05T10:20:00.0713961Z     },
2026-09-05T10:20:00.0714251Z     {
2026-09-05T10:20:00.0714534Z       "backtrace" : 19,
2026-09-05T10:20:00.0714868Z       "command" : 
2026-09-05T10:20:00.0715194Z       [
2026-09-05T10:20:00.0715575Z         "/home/runner/work/20231788./20231788./build/tensor2_test",
2026-09-05T10:20:00.0716106Z         "result_scale_contract"
2026-09-05T10:20:00.0716484Z       ],
2026-09-05T10:20:00.0716810Z       "name" : "tensor2_result_scale_contract",
2026-09-05T10:20:00.0717259Z       "properties" : 
2026-09-05T10:20:00.0717592Z       [
2026-09-05T10:20:00.0717858Z         {
2026-09-05T10:20:00.0718155Z           "name" : "WORKING_DIRECTORY",
2026-09-05T10:20:00.0718634Z           "value" : "/home/runner/work/20231788./20231788./build"
2026-09-05T10:20:00.0719122Z         }
2026-09-05T10:20:00.0719398Z       ]
2026-09-05T10:20:00.0719662Z     },
2026-09-05T10:20:00.0719952Z     {
2026-09-05T10:20:00.0720230Z       "backtrace" : 21,
2026-09-05T10:20:00.0720712Z       "command" : 
2026-09-05T10:20:00.0721040Z       [
2026-09-05T10:20:00.0721441Z         "/home/runner/work/20231788./20231788./build/tensor2_test",
2026-09-05T10:20:00.0721979Z         "right_input_validation"
2026-09-05T10:20:00.0722369Z       ],
2026-09-05T10:20:00.0722861Z       "name" : "tensor2_right_input_validation",
2026-09-05T10:20:00.0723322Z       "properties" : 
2026-09-05T10:20:00.0723637Z       [
2026-09-05T10:20:00.0723903Z         {
2026-09-05T10:20:00.0724222Z           "name" : "WORKING_DIRECTORY",
2026-09-05T10:20:00.0724697Z           "value" : "/home/runner/work/20231788./20231788./build"
2026-09-05T10:20:00.0725181Z         }
2026-09-05T10:20:00.0725454Z       ]
2026-09-05T10:20:00.0725715Z     },
2026-09-05T10:20:00.0725977Z     {
2026-09-05T10:20:00.0726255Z       "backtrace" : 23,
2026-09-05T10:20:00.0726613Z       "command" : 
2026-09-05T10:20:00.0726912Z       [
2026-09-05T10:20:00.0727288Z         "/home/runner/work/20231788./20231788./build/tensor2_test",
2026-09-05T10:20:00.0727851Z         "mutual_compatibility"
2026-09-05T10:20:00.0728217Z       ],
2026-09-05T10:20:00.0728539Z       "name" : "tensor2_mutual_compatibility",
2026-09-05T10:20:00.0729002Z       "properties" : 
2026-09-05T10:20:00.0729316Z       [
2026-09-05T10:20:00.0729582Z         {
2026-09-05T10:20:00.0729904Z           "name" : "WORKING_DIRECTORY",
2026-09-05T10:20:00.0730542Z           "value" : "/home/runner/work/20231788./20231788./build"
2026-09-05T10:20:00.0731029Z         }
2026-09-05T10:20:00.0731300Z       ]
2026-09-05T10:20:00.0731567Z     },
2026-09-05T10:20:00.0731832Z     {
2026-09-05T10:20:00.0732112Z       "backtrace" : 25,
2026-09-05T10:20:00.0732467Z       "command" : 
2026-09-05T10:20:00.0732922Z       [
2026-09-05T10:20:00.0733310Z         "/home/runner/work/20231788./20231788./build/tensor2_test",
2026-09-05T10:20:00.0733902Z         "prearithmetic_key_compatibility"
2026-09-05T10:20:00.0734322Z       ],
2026-09-05T10:20:00.0734673Z       "name" : "tensor2_prearithmetic_key_compatibility",
2026-09-05T10:20:00.0735154Z       "properties" : 
2026-09-05T10:20:00.0735491Z       [
2026-09-05T10:20:00.0735746Z         {
2026-09-05T10:20:00.0736028Z           "name" : "WORKING_DIRECTORY",
2026-09-05T10:20:00.0736517Z           "value" : "/home/runner/work/20231788./20231788./build"
2026-09-05T10:20:00.0736970Z         }
2026-09-05T10:20:00.0737235Z       ]
2026-09-05T10:20:00.0737489Z     },
2026-09-05T10:20:00.0737769Z     {
2026-09-05T10:20:00.0738051Z       "backtrace" : 27,
2026-09-05T10:20:00.0738371Z       "command" : 
2026-09-05T10:20:00.0738659Z       [
2026-09-05T10:20:00.0739047Z         "/home/runner/work/20231788./20231788./build/relin2_test",
2026-09-05T10:20:00.0739552Z         "tensor_validation_order"
2026-09-05T10:20:00.0739933Z       ],
2026-09-05T10:20:00.0740249Z       "name" : "relin2_tensor_validation_order",
2026-09-05T10:20:00.0740687Z       "properties" : 
2026-09-05T10:20:00.0740995Z       [
2026-09-05T10:20:00.0741281Z         {
2026-09-05T10:20:00.0741575Z           "name" : "WORKING_DIRECTORY",
2026-09-05T10:20:00.0742036Z           "value" : "/home/runner/work/20231788./20231788./build"
2026-09-05T10:20:00.0742513Z         }
2026-09-05T10:20:00.0743226Z       ]
2026-09-05T10:20:00.0743490Z     },
2026-09-05T10:20:00.0743753Z     {
2026-09-05T10:20:00.0744049Z       "backtrace" : 29,
2026-09-05T10:20:00.0744372Z       "command" : 
2026-09-05T10:20:00.0744675Z       [
2026-09-05T10:20:00.0745039Z         "/home/runner/work/20231788./20231788./build/relin2_test",
2026-09-05T10:20:00.0745571Z         "insufficient_active_basis"
2026-09-05T10:20:00.0745938Z       ],
2026-09-05T10:20:00.0746266Z       "name" : "relin2_insufficient_active_basis",
2026-09-05T10:20:00.0746730Z       "properties" : 
2026-09-05T10:20:00.0747034Z       [
2026-09-05T10:20:00.0747290Z         {
2026-09-05T10:20:00.0747610Z           "name" : "WORKING_DIRECTORY",
2026-09-05T10:20:00.0748074Z           "value" : "/home/runner/work/20231788./20231788./build"
2026-09-05T10:20:00.0748525Z         }
2026-09-05T10:20:00.0748979Z       ]
2026-09-05T10:20:00.0749247Z     },
2026-09-05T10:20:00.0749507Z     {
2026-09-05T10:20:00.0749777Z       "backtrace" : 31,
2026-09-05T10:20:00.0750121Z       "command" : 
2026-09-05T10:20:00.0750409Z       [
2026-09-05T10:20:00.0750776Z         "/home/runner/work/20231788./20231788./build/relin2_test",
2026-09-05T10:20:00.0751291Z         "missing_eval_key"
2026-09-05T10:20:00.0751619Z       ],
2026-09-05T10:20:00.0751911Z       "name" : "relin2_missing_eval_key",
2026-09-05T10:20:00.0752337Z       "properties" : 
2026-09-05T10:20:00.0752646Z       [
2026-09-05T10:20:00.0753085Z         {
2026-09-05T10:20:00.0753371Z           "name" : "WORKING_DIRECTORY",
2026-09-05T10:20:00.0753834Z           "value" : "/home/runner/work/20231788./20231788./build"
2026-09-05T10:20:00.0754315Z         }
2026-09-05T10:20:00.0754574Z       ]
2026-09-05T10:20:00.0754828Z     },
2026-09-05T10:20:00.0755082Z     {
2026-09-05T10:20:00.0755388Z       "backtrace" : 33,
2026-09-05T10:20:00.0755708Z       "command" : 
2026-09-05T10:20:00.0756003Z       [
2026-09-05T10:20:00.0756384Z         "/home/runner/work/20231788./20231788./build/relin2_test",
2026-09-05T10:20:00.0756867Z         "key_empty"
2026-09-05T10:20:00.0757166Z       ],
2026-09-05T10:20:00.0757454Z       "name" : "relin2_key_empty",
2026-09-05T10:20:00.0757851Z       "properties" : 
2026-09-05T10:20:00.0758318Z       [
2026-09-05T10:20:00.0758582Z         {
2026-09-05T10:20:00.0758898Z           "name" : "WORKING_DIRECTORY",
2026-09-05T10:20:00.0759358Z           "value" : "/home/runner/work/20231788./20231788./build"
2026-09-05T10:20:00.0759819Z         }
2026-09-05T10:20:00.0760102Z       ]
2026-09-05T10:20:00.0760362Z     },
2026-09-05T10:20:00.0760621Z     {
2026-09-05T10:20:00.0760893Z       "backtrace" : 35,
2026-09-05T10:20:00.0761234Z       "command" : 
2026-09-05T10:20:00.0761526Z       [
2026-09-05T10:20:00.0761886Z         "/home/runner/work/20231788./20231788./build/relin2_test",
2026-09-05T10:20:00.0762394Z         "key_null_first"
2026-09-05T10:20:00.0762877Z       ],
2026-09-05T10:20:00.0763171Z       "name" : "relin2_key_null_first",
2026-09-05T10:20:00.0763713Z       "properties" : 
2026-09-05T10:20:00.0764316Z       [
2026-09-05T10:20:00.0764706Z         {
2026-09-05T10:20:00.0765177Z           "name" : "WORKING_DIRECTORY",
2026-09-05T10:20:00.0765865Z           "value" : "/home/runner/work/20231788./20231788./build"
2026-09-05T10:20:00.0766535Z         }
2026-09-05T10:20:00.0766988Z       ]
2026-09-05T10:20:00.0767417Z     },
2026-09-05T10:20:00.0767806Z     {
2026-09-05T10:20:00.0768285Z       "backtrace" : 37,
2026-09-05T10:20:00.0768809Z       "command" : 
2026-09-05T10:20:00.0769290Z       [
2026-09-05T10:20:00.0769827Z         "/home/runner/work/20231788./20231788./build/relin2_test",
2026-09-05T10:20:00.0770458Z         "key_wrong_context"
2026-09-05T10:20:00.0771075Z       ],
2026-09-05T10:20:00.0784722Z       "name" : "relin2_key_wrong_context",
2026-09-05T10:20:00.0785243Z       "properties" : 
2026-09-05T10:20:00.0785573Z       [
2026-09-05T10:20:00.0785856Z         {
2026-09-05T10:20:00.0786169Z           "name" : "WORKING_DIRECTORY",
2026-09-05T10:20:00.0786695Z           "value" : "/home/runner/work/20231788./20231788./build"
2026-09-05T10:20:00.0787177Z         }
2026-09-05T10:20:00.0787446Z       ]
2026-09-05T10:20:00.0787738Z     },
2026-09-05T10:20:00.0788008Z     {
2026-09-05T10:20:00.0788297Z       "backtrace" : 39,
2026-09-05T10:20:00.0788633Z       "command" : 
2026-09-05T10:20:00.0788972Z       [
2026-09-05T10:20:00.0789355Z         "/home/runner/work/20231788./20231788./build/relin2_test",
2026-09-05T10:20:00.0789881Z         "key_wrong_tag"
2026-09-05T10:20:00.0790201Z       ],
2026-09-05T10:20:00.0790501Z       "name" : "relin2_key_wrong_tag",
2026-09-05T10:20:00.0790914Z       "properties" : 
2026-09-05T10:20:00.0791258Z       [
2026-09-05T10:20:00.0791525Z         {
2026-09-05T10:20:00.0791819Z           "name" : "WORKING_DIRECTORY",
2026-09-05T10:20:00.0792332Z           "value" : "/home/runner/work/20231788./20231788./build"
2026-09-05T10:20:00.0793182Z         }
2026-09-05T10:20:00.0793460Z       ]
2026-09-05T10:20:00.0793720Z     },
2026-09-05T10:20:00.0793983Z     {
2026-09-05T10:20:00.0794293Z       "backtrace" : 41,
2026-09-05T10:20:00.0794616Z       "command" : 
2026-09-05T10:20:00.0794906Z       [
2026-09-05T10:20:00.0795295Z         "/home/runner/work/20231788./20231788./build/relin2_test",
2026-09-05T10:20:00.0795805Z         "key_wrong_subtype"
2026-09-05T10:20:00.0796139Z       ],
2026-09-05T10:20:00.0796464Z       "name" : "relin2_key_wrong_subtype",
2026-09-05T10:20:00.0796888Z       "properties" : 
2026-09-05T10:20:00.0797208Z       [
2026-09-05T10:20:00.0797470Z         {
2026-09-05T10:20:00.0797789Z           "name" : "WORKING_DIRECTORY",
2026-09-05T10:20:00.0798267Z           "value" : "/home/runner/work/20231788./20231788./build"
2026-09-05T10:20:00.0798749Z         }
2026-09-05T10:20:00.0799022Z       ]
2026-09-05T10:20:00.0799281Z     },
2026-09-05T10:20:00.0799540Z     {
2026-09-05T10:20:00.0799830Z       "backtrace" : 43,
2026-09-05T10:20:00.0800186Z       "command" : 
2026-09-05T10:20:00.0800480Z       [
2026-09-05T10:20:00.0800848Z         "/home/runner/work/20231788./20231788./build/relin2_test",
2026-09-05T10:20:00.0801370Z         "key_hybrid_a_length"
2026-09-05T10:20:00.0801715Z       ],
2026-09-05T10:20:00.0802032Z       "name" : "relin2_key_hybrid_a_length",
2026-09-05T10:20:00.0802629Z       "properties" : 
2026-09-05T10:20:00.0803207Z       [
2026-09-05T10:20:00.0803472Z         {
2026-09-05T10:20:00.0803772Z           "name" : "WORKING_DIRECTORY",
2026-09-05T10:20:00.0804270Z           "value" : "/home/runner/work/20231788./20231788./build"
2026-09-05T10:20:00.0804728Z         }
2026-09-05T10:20:00.0804987Z       ]
2026-09-05T10:20:00.0805266Z     },
2026-09-05T10:20:00.0805530Z     {
2026-09-05T10:20:00.0805801Z       "backtrace" : 45,
2026-09-05T10:20:00.0806120Z       "command" : 
2026-09-05T10:20:00.0806435Z       [
2026-09-05T10:20:00.0806818Z         "/home/runner/work/20231788./20231788./build/relin2_test",
2026-09-05T10:20:00.0807316Z         "key_hybrid_b_length"
2026-09-05T10:20:00.0807679Z       ],
2026-09-05T10:20:00.0807981Z       "name" : "relin2_key_hybrid_b_length",
2026-09-05T10:20:00.0808397Z       "properties" : 
2026-09-05T10:20:00.0808729Z       [
2026-09-05T10:20:00.0808989Z         {
2026-09-05T10:20:00.0809289Z           "name" : "WORKING_DIRECTORY",
2026-09-05T10:20:00.0809751Z           "value" : "/home/runner/work/20231788./20231788./build"
2026-09-05T10:20:00.0810238Z         }
2026-09-05T10:20:00.0810501Z       ]
2026-09-05T10:20:00.0810758Z     },
2026-09-05T10:20:00.0811038Z     {
2026-09-05T10:20:00.0811318Z       "backtrace" : 47,
2026-09-05T10:20:00.0811635Z       "command" : 
2026-09-05T10:20:00.0811923Z       [
2026-09-05T10:20:00.0812307Z         "/home/runner/work/20231788./20231788./build/relin2_test",
2026-09-05T10:20:00.0812994Z         "key_hybrid_entry_basis"
2026-09-05T10:20:00.0813362Z       ],
2026-09-05T10:20:00.0813681Z       "name" : "relin2_key_hybrid_entry_basis",
2026-09-05T10:20:00.0814142Z       "properties" : 
2026-09-05T10:20:00.0814449Z       [
2026-09-05T10:20:00.0814715Z         {
2026-09-05T10:20:00.0815004Z           "name" : "WORKING_DIRECTORY",
2026-09-05T10:20:00.0815493Z           "value" : "/home/runner/work/20231788./20231788./build"
2026-09-05T10:20:00.0815945Z         }
2026-09-05T10:20:00.0816219Z       ]
2026-09-05T10:20:00.0816498Z     },
2026-09-05T10:20:00.0816757Z     {
2026-09-05T10:20:00.0817029Z       "backtrace" : 49,
2026-09-05T10:20:00.0817351Z       "command" : 
2026-09-05T10:20:00.0817671Z       [
2026-09-05T10:20:00.0818035Z         "/home/runner/work/20231788./20231788./build/relin2_test",
2026-09-05T10:20:00.0818533Z         "key_hybrid_entry_format"
2026-09-05T10:20:00.0818913Z       ],
2026-09-05T10:20:00.0819234Z       "name" : "relin2_key_hybrid_entry_format",
2026-09-05T10:20:00.0819667Z       "properties" : 
2026-09-05T10:20:00.0819993Z       [
2026-09-05T10:20:00.0820249Z         {
2026-09-05T10:20:00.0820691Z           "name" : "WORKING_DIRECTORY",
2026-09-05T10:20:00.0821190Z           "value" : "/home/runner/work/20231788./20231788./build"
2026-09-05T10:20:00.0821646Z         }
2026-09-05T10:20:00.0821908Z       ]
2026-09-05T10:20:00.0822197Z     },
2026-09-05T10:20:00.0822463Z     {
2026-09-05T10:20:00.0822900Z       "backtrace" : 51,
2026-09-05T10:20:00.0823246Z       "command" : 
2026-09-05T10:20:00.0823547Z       [
2026-09-05T10:20:00.0823928Z         "/home/runner/work/20231788./20231788./build/relin2_test",
2026-09-05T10:20:00.0824484Z         "key_bv_zero_digit_a_length"
2026-09-05T10:20:00.0824870Z       ],
2026-09-05T10:20:00.0825222Z       "name" : "relin2_key_bv_zero_digit_a_length",
2026-09-05T10:20:00.0825678Z       "properties" : 
2026-09-05T10:20:00.0826001Z       [
2026-09-05T10:20:00.0826264Z         {
2026-09-05T10:20:00.0826687Z           "name" : "WORKING_DIRECTORY",
2026-09-05T10:20:00.0827169Z           "value" : "/home/runner/work/20231788./20231788./build"
2026-09-05T10:20:00.0827676Z         }
2026-09-05T10:20:00.0827945Z       ]
2026-09-05T10:20:00.0828210Z     },
2026-09-05T10:20:00.0828479Z     {
2026-09-05T10:20:00.0828786Z       "backtrace" : 53,
2026-09-05T10:20:00.0829120Z       "command" : 
2026-09-05T10:20:00.0829421Z       [
2026-09-05T10:20:00.0829815Z         "/home/runner/work/20231788./20231788./build/relin2_test",
2026-09-05T10:20:00.0830496Z         "key_bv_zero_digit_b_length"
2026-09-05T10:20:00.0830874Z       ],
2026-09-05T10:20:00.0831229Z       "name" : "relin2_key_bv_zero_digit_b_length",
2026-09-05T10:20:00.0831675Z       "properties" : 
2026-09-05T10:20:00.0831994Z       [
2026-09-05T10:20:00.0832278Z         {
2026-09-05T10:20:00.0832571Z           "name" : "WORKING_DIRECTORY",
2026-09-05T10:20:00.0833215Z           "value" : "/home/runner/work/20231788./20231788./build"
2026-09-05T10:20:00.0833680Z         }
2026-09-05T10:20:00.0833976Z       ]
2026-09-05T10:20:00.0834245Z     },
2026-09-05T10:20:00.0834508Z     {
2026-09-05T10:20:00.0834784Z       "backtrace" : 55,
2026-09-05T10:20:00.0835149Z       "command" : 
2026-09-05T10:20:00.0835447Z       [
2026-09-05T10:20:00.0835815Z         "/home/runner/work/20231788./20231788./build/relin2_test",
2026-09-05T10:20:00.0836346Z         "key_bv_nonzero_digit_a_length"
2026-09-05T10:20:00.0836743Z       ],
2026-09-05T10:20:00.0837078Z       "name" : "relin2_key_bv_nonzero_digit_a_length",
2026-09-05T10:20:00.0837561Z       "properties" : 
2026-09-05T10:20:00.0837865Z       [
2026-09-05T10:20:00.0838121Z         {
2026-09-05T10:20:00.0838412Z           "name" : "WORKING_DIRECTORY",
2026-09-05T10:20:00.0838893Z           "value" : "/home/runner/work/20231788./20231788./build"
2026-09-05T10:20:00.0839343Z         }
2026-09-05T10:20:00.0839599Z       ]
2026-09-05T10:20:00.0839879Z     },
2026-09-05T10:20:00.0840134Z     {
2026-09-05T10:20:00.0840402Z       "backtrace" : 57,
2026-09-05T10:20:00.0840719Z       "command" : 
2026-09-05T10:20:00.0841031Z       [
2026-09-05T10:20:00.0841402Z         "/home/runner/work/20231788./20231788./build/relin2_test",
2026-09-05T10:20:00.0841900Z         "key_bv_nonzero_digit_b_length"
2026-09-05T10:20:00.0842299Z       ],
2026-09-05T10:20:00.0842623Z       "name" : "relin2_key_bv_nonzero_digit_b_length",
2026-09-05T10:20:00.0843235Z       "properties" : 
2026-09-05T10:20:00.0843539Z       [
2026-09-05T10:20:00.0843794Z         {
2026-09-05T10:20:00.0844112Z           "name" : "WORKING_DIRECTORY",
2026-09-05T10:20:00.0844579Z           "value" : "/home/runner/work/20231788./20231788./build"
2026-09-05T10:20:00.0845028Z         }
2026-09-05T10:20:00.0845309Z       ]
2026-09-05T10:20:00.0845562Z     },
2026-09-05T10:20:00.0845817Z     {
2026-09-05T10:20:00.0846088Z       "backtrace" : 59,
2026-09-05T10:20:00.0846429Z       "command" : 
2026-09-05T10:20:00.0846717Z       [
2026-09-05T10:20:00.0847072Z         "/home/runner/work/20231788./20231788./build/relin2_test",
2026-09-05T10:20:00.0847598Z         "key_bv_zero_digit_entry_basis"
2026-09-05T10:20:00.0847972Z       ],
2026-09-05T10:20:00.0848452Z       "name" : "relin2_key_bv_zero_digit_entry_basis",
2026-09-05T10:20:00.0848928Z       "properties" : 
2026-09-05T10:20:00.0849232Z       [
2026-09-05T10:20:00.0849497Z         {
2026-09-05T10:20:00.0849635Z           "name" : "WORKING_DIRECTORY",
2026-09-05T10:20:00.0849861Z           "value" : "/home/runner/work/20231788./20231788./build"
2026-09-05T10:20:00.0849985Z         }
2026-09-05T10:20:00.0850096Z       ]
2026-09-05T10:20:00.0850211Z     },
2026-09-05T10:20:00.0850319Z     {
2026-09-05T10:20:00.0850451Z       "backtrace" : 61,
2026-09-05T10:20:00.0850573Z       "command" : 
2026-09-05T10:20:00.0850682Z       [
2026-09-05T10:20:00.0850904Z         "/home/runner/work/20231788./20231788./build/relin2_test",
2026-09-05T10:20:00.0851082Z         "key_bv_nonzero_digit_entry_basis"
2026-09-05T10:20:00.0851194Z       ],
2026-09-05T10:20:00.0851388Z       "name" : "relin2_key_bv_nonzero_digit_entry_basis",
2026-09-05T10:20:00.0851512Z       "properties" : 
2026-09-05T10:20:00.0851627Z       [
2026-09-05T10:20:00.0851751Z         {
2026-09-05T10:20:00.0851891Z           "name" : "WORKING_DIRECTORY",
2026-09-05T10:20:00.0852092Z           "value" : "/home/runner/work/20231788./20231788./build"
2026-09-05T10:20:00.0852228Z         }
2026-09-05T10:20:00.0852339Z       ]
2026-09-05T10:20:00.0852453Z     },
2026-09-05T10:20:00.0852560Z     {
2026-09-05T10:20:00.0853016Z       "backtrace" : 63,
2026-09-05T10:20:00.0853151Z       "command" : 
2026-09-05T10:20:00.0853263Z       [
2026-09-05T10:20:00.0853483Z         "/home/runner/work/20231788./20231788./build/relin2_test",
2026-09-05T10:20:00.0853633Z         "key_bv_zero_digit_entry_format"
2026-09-05T10:20:00.0853742Z       ],
2026-09-05T10:20:00.0853928Z       "name" : "relin2_key_bv_zero_digit_entry_format",
2026-09-05T10:20:00.0854057Z       "properties" : 
2026-09-05T10:20:00.0854167Z       [
2026-09-05T10:20:00.0854308Z         {
2026-09-05T10:20:00.0854450Z           "name" : "WORKING_DIRECTORY",
2026-09-05T10:20:00.0854659Z           "value" : "/home/runner/work/20231788./20231788./build"
2026-09-05T10:20:00.0854774Z         }
2026-09-05T10:20:00.0854883Z       ]
2026-09-05T10:20:00.0854998Z     },
2026-09-05T10:20:00.0855110Z     {
2026-09-05T10:20:00.0855236Z       "backtrace" : 65,
2026-09-05T10:20:00.0855357Z       "command" : 
2026-09-05T10:20:00.0855491Z       [
2026-09-05T10:20:00.0855711Z         "/home/runner/work/20231788./20231788./build/relin2_test",
2026-09-05T10:20:00.0855874Z         "key_bv_nonzero_digit_entry_format"
2026-09-05T10:20:00.0855982Z       ],
2026-09-05T10:20:00.0856181Z       "name" : "relin2_key_bv_nonzero_digit_entry_format",
2026-09-05T10:20:00.0856309Z       "properties" : 
2026-09-05T10:20:00.0856419Z       [
2026-09-05T10:20:00.0856533Z         {
2026-09-05T10:20:00.0856693Z           "name" : "WORKING_DIRECTORY",
2026-09-05T10:20:00.0856894Z           "value" : "/home/runner/work/20231788./20231788./build"
2026-09-05T10:20:00.0857010Z         }
2026-09-05T10:20:00.0857122Z       ]
2026-09-05T10:20:00.0857237Z     },
2026-09-05T10:20:00.0857359Z     {
2026-09-05T10:20:00.0857486Z       "backtrace" : 67,
2026-09-05T10:20:00.0857610Z       "command" : 
2026-09-05T10:20:00.0857719Z       [
2026-09-05T10:20:00.0857964Z         "/home/runner/work/20231788./20231788./build/relin2_test",
2026-09-05T10:20:00.0858134Z         "valid_arithmetic_state_immutability"
2026-09-05T10:20:00.0858248Z       ],
2026-09-05T10:20:00.0858465Z       "name" : "relin2_valid_arithmetic_state_immutability",
2026-09-05T10:20:00.0858607Z       "properties" : 
2026-09-05T10:20:00.0858718Z       [
2026-09-05T10:20:00.0858834Z         {
2026-09-05T10:20:00.0858994Z           "name" : "WORKING_DIRECTORY",
2026-09-05T10:20:00.0859199Z           "value" : "/home/runner/work/20231788./20231788./build"
2026-09-05T10:20:00.0859317Z         }
2026-09-05T10:20:00.0859426Z       ]
2026-09-05T10:20:00.0859540Z     },
2026-09-05T10:20:00.0859654Z     {
2026-09-05T10:20:00.0859778Z       "backtrace" : 69,
2026-09-05T10:20:00.0859900Z       "command" : 
2026-09-05T10:20:00.0860235Z       [
2026-09-05T10:20:00.0860462Z         "/home/runner/work/20231788./20231788./build/relin2_test",
2026-09-05T10:20:00.0860627Z         "controlled_witnesses_and_boundaries"
2026-09-05T10:20:00.0860736Z       ],
2026-09-05T10:20:00.0860948Z       "name" : "relin2_controlled_witnesses_and_boundaries",
2026-09-05T10:20:00.0861080Z       "properties" : 
2026-09-05T10:20:00.0861195Z       [
2026-09-05T10:20:00.0861334Z         {
2026-09-05T10:20:00.0861482Z           "name" : "WORKING_DIRECTORY",
2026-09-05T10:20:00.0861677Z           "value" : "/home/runner/work/20231788./20231788./build"
2026-09-05T10:20:00.0861793Z         }
2026-09-05T10:20:00.0861902Z       ]
2026-09-05T10:20:00.0862016Z     },
2026-09-05T10:20:00.0862128Z     {
2026-09-05T10:20:00.0862252Z       "backtrace" : 71,
2026-09-05T10:20:00.0862377Z       "command" : 
2026-09-05T10:20:00.0862516Z       [
2026-09-05T10:20:00.0862893Z         "/home/runner/work/20231788./20231788./build/relin2_test",
2026-09-05T10:20:00.0863060Z         "representative_public_input"
2026-09-05T10:20:00.0863171Z       ],
2026-09-05T10:20:00.0863359Z       "name" : "relin2_representative_public_input",
2026-09-05T10:20:00.0863487Z       "properties" : 
2026-09-05T10:20:00.0863595Z       [
2026-09-05T10:20:00.0863710Z         {
2026-09-05T10:20:00.0863852Z           "name" : "WORKING_DIRECTORY",
2026-09-05T10:20:00.0864230Z           "value" : "/home/runner/work/20231788./20231788./build"
2026-09-05T10:20:00.0864345Z         }
2026-09-05T10:20:00.0864456Z       ]
2026-09-05T10:20:00.0864570Z     },
2026-09-05T10:20:00.0864684Z     {
2026-09-05T10:20:00.0864810Z       "backtrace" : 73,
2026-09-05T10:20:00.0864930Z       "command" : 
2026-09-05T10:20:00.0865045Z       [
2026-09-05T10:20:00.0865283Z         "/home/runner/work/20231788./20231788./build/relin2_test",
2026-09-05T10:20:00.0865422Z         "key_extra_later_valid"
2026-09-05T10:20:00.0865530Z       ],
2026-09-05T10:20:00.0865692Z       "name" : "relin2_key_extra_later_valid",
2026-09-05T10:20:00.0865828Z       "properties" : 
2026-09-05T10:20:00.0865938Z       [
2026-09-05T10:20:00.0866053Z         {
2026-09-05T10:20:00.0866197Z           "name" : "WORKING_DIRECTORY",
2026-09-05T10:20:00.0866412Z           "value" : "/home/runner/work/20231788./20231788./build"
2026-09-05T10:20:00.0866532Z         }
2026-09-05T10:20:00.0866644Z       ]
2026-09-05T10:20:00.0866765Z     },
2026-09-05T10:20:00.0866879Z     {
2026-09-05T10:20:00.0867002Z       "backtrace" : 75,
2026-09-05T10:20:00.0867125Z       "command" : 
2026-09-05T10:20:00.0867240Z       [
2026-09-05T10:20:00.0867451Z         "/home/runner/work/20231788./20231788./build/relin2_test",
2026-09-05T10:20:00.0867626Z         "key_malformed_later_ignored"
2026-09-05T10:20:00.0867738Z       ],
2026-09-05T10:20:00.0867917Z       "name" : "relin2_key_malformed_later_ignored",
2026-09-05T10:20:00.0868049Z       "properties" : 
2026-09-05T10:20:00.0868159Z       [
2026-09-05T10:20:00.0868275Z         {
2026-09-05T10:20:00.0868418Z           "name" : "WORKING_DIRECTORY",
2026-09-05T10:20:00.0868617Z           "value" : "/home/runner/work/20231788./20231788./build"
2026-09-05T10:20:00.0868756Z         }
2026-09-05T10:20:00.0868872Z       ]
2026-09-05T10:20:00.0868981Z     },
2026-09-05T10:20:00.0869095Z     {
2026-09-05T10:20:00.0869221Z       "backtrace" : 77,
2026-09-05T10:20:00.0869343Z       "command" : 
2026-09-05T10:20:00.0869462Z       [
2026-09-05T10:20:00.0869674Z         "/home/runner/work/20231788./20231788./build/relin2_test",
2026-09-05T10:20:00.0869835Z         "hybrid_valid_shapes"
2026-09-05T10:20:00.0869955Z       ],
2026-09-05T10:20:00.0870109Z       "name" : "relin2_hybrid_valid_shapes",
2026-09-05T10:20:00.0870240Z       "properties" : 
2026-09-05T10:20:00.0870350Z       [
2026-09-05T10:20:00.0870470Z         {
2026-09-05T10:20:00.0870613Z           "name" : "WORKING_DIRECTORY",
2026-09-05T10:20:00.0870805Z           "value" : "/home/runner/work/20231788./20231788./build"
2026-09-05T10:20:00.0870921Z         }
2026-09-05T10:20:00.0871057Z       ]
2026-09-05T10:20:00.0871310Z     },
2026-09-05T10:20:00.0871432Z     {
2026-09-05T10:20:00.0871558Z       "backtrace" : 79,
2026-09-05T10:20:00.0871687Z       "command" : 
2026-09-05T10:20:00.0871801Z       [
2026-09-05T10:20:00.0872013Z         "/home/runner/work/20231788./20231788./build/relin2_test",
2026-09-05T10:20:00.0872186Z         "bv_zero_digit_valid_shapes"
2026-09-05T10:20:00.0872309Z       ],
2026-09-05T10:20:00.0872481Z       "name" : "relin2_bv_zero_digit_valid_shapes",
2026-09-05T10:20:00.0872609Z       "properties" : 
2026-09-05T10:20:00.0872883Z       [
2026-09-05T10:20:00.0872999Z         {
2026-09-05T10:20:00.0873143Z           "name" : "WORKING_DIRECTORY",
2026-09-05T10:20:00.0873336Z           "value" : "/home/runner/work/20231788./20231788./build"
2026-09-05T10:20:00.0873452Z         }
2026-09-05T10:20:00.0873566Z       ]
2026-09-05T10:20:00.0873673Z     },
2026-09-05T10:20:00.0873786Z     {
2026-09-05T10:20:00.0873910Z       "backtrace" : 81,
2026-09-05T10:20:00.0874060Z       "command" : 
2026-09-05T10:20:00.0874182Z       [
2026-09-05T10:20:00.0874394Z         "/home/runner/work/20231788./20231788./build/relin2_test",
2026-09-05T10:20:00.0874543Z         "bv_nonzero_digit_valid_shapes"
2026-09-05T10:20:00.0874657Z       ],
2026-09-05T10:20:00.0874841Z       "name" : "relin2_bv_nonzero_digit_valid_shapes",
2026-09-05T10:20:00.0874971Z       "properties" : 
2026-09-05T10:20:00.0875256Z       [
2026-09-05T10:20:00.0875376Z         {
2026-09-05T10:20:00.0875519Z           "name" : "WORKING_DIRECTORY",
2026-09-05T10:20:00.0875714Z           "value" : "/home/runner/work/20231788./20231788./build"
2026-09-05T10:20:00.0875829Z         }
2026-09-05T10:20:00.0875943Z       ]
2026-09-05T10:20:00.0876051Z     },
2026-09-05T10:20:00.0876164Z     {
2026-09-05T10:20:00.0876286Z       "backtrace" : 83,
2026-09-05T10:20:00.0876435Z       "command" : 
2026-09-05T10:20:00.0876552Z       [
2026-09-05T10:20:00.0876762Z         "/home/runner/work/20231788./20231788./build/relin2_test",
2026-09-05T10:20:00.0876921Z         "first_recombined_rcb_validation"
2026-09-05T10:20:00.0877035Z       ],
2026-09-05T10:20:00.0877225Z       "name" : "relin2_first_recombined_rcb_validation",
2026-09-05T10:20:00.0877354Z       "properties" : 
2026-09-05T10:20:00.0877465Z       [
2026-09-05T10:20:00.0877603Z         {
2026-09-05T10:20:00.0877744Z           "name" : "WORKING_DIRECTORY",
2026-09-05T10:20:00.0877943Z           "value" : "/home/runner/work/20231788./20231788./build"
2026-09-05T10:20:00.0878060Z         }
2026-09-05T10:20:00.0878174Z       ]
2026-09-05T10:20:00.0878282Z     },
2026-09-05T10:20:00.0878395Z     {
2026-09-05T10:20:00.0878518Z       "backtrace" : 85,
2026-09-05T10:20:00.0878696Z       "command" : 
2026-09-05T10:20:00.0878813Z       [
2026-09-05T10:20:00.0879024Z         "/home/runner/work/20231788./20231788./build/relin2_test",
2026-09-05T10:20:00.0879186Z         "first_recombined_tensor2_validation"
2026-09-05T10:20:00.0879301Z       ],
2026-09-05T10:20:00.0879513Z       "name" : "relin2_first_recombined_tensor2_validation",
2026-09-05T10:20:00.0879645Z       "properties" : 
2026-09-05T10:20:00.0879758Z       [
2026-09-05T10:20:00.0879891Z         {
2026-09-05T10:20:00.0880035Z           "name" : "WORKING_DIRECTORY",
2026-09-05T10:20:00.0880226Z           "value" : "/home/runner/work/20231788./20231788./build"
2026-09-05T10:20:00.0880347Z         }
2026-09-05T10:20:00.0880469Z       ]
2026-09-05T10:20:00.0880577Z     },
2026-09-05T10:20:00.0880689Z     {
2026-09-05T10:20:00.0880820Z       "backtrace" : 87,
2026-09-05T10:20:00.0880944Z       "command" : 
2026-09-05T10:20:00.0881080Z       [
2026-09-05T10:20:00.0881294Z         "/home/runner/work/20231788./20231788./build/relin2_test",
2026-09-05T10:20:00.0881446Z         "tensor2_requires_first_lifecycle"
2026-09-05T10:20:00.0881555Z       ],
2026-09-05T10:20:00.0881753Z       "name" : "relin2_tensor2_requires_first_lifecycle",
2026-09-05T10:20:00.0881881Z       "properties" : 
2026-09-05T10:20:00.0881990Z       [
2026-09-05T10:20:00.0882105Z         {
2026-09-05T10:20:00.0882413Z           "name" : "WORKING_DIRECTORY",
2026-09-05T10:20:00.0882614Z           "value" : "/home/runner/work/20231788./20231788./build"
2026-09-05T10:20:00.0882884Z         }
2026-09-05T10:20:00.0882997Z       ]
2026-09-05T10:20:00.0883112Z     },
2026-09-05T10:20:00.0883229Z     {
2026-09-05T10:20:00.0883352Z       "backtrace" : 89,
2026-09-05T10:20:00.0883480Z       "command" : 
2026-09-05T10:20:00.0883595Z       [
2026-09-05T10:20:00.0883799Z         "/home/runner/work/20231788./20231788./build/rs2_test",
2026-09-05T10:20:00.0883930Z         "wrong_lifecycle"
2026-09-05T10:20:00.0884064Z       ],
2026-09-05T10:20:00.0884210Z       "name" : "rs2_wrong_lifecycle",
2026-09-05T10:20:00.0884336Z       "properties" : 
2026-09-05T10:20:00.0884445Z       [
2026-09-05T10:20:00.0884558Z         {
2026-09-05T10:20:00.0884699Z           "name" : "WORKING_DIRECTORY",
2026-09-05T10:20:00.0884892Z           "value" : "/home/runner/work/20231788./20231788./build"
2026-09-05T10:20:00.0885005Z         }
2026-09-05T10:20:00.0885122Z       ]
2026-09-05T10:20:00.0885258Z     },
2026-09-05T10:20:00.0885374Z     {
2026-09-05T10:20:00.0885498Z       "backtrace" : 91,
2026-09-05T10:20:00.0885619Z       "command" : 
2026-09-05T10:20:00.0885732Z       [
2026-09-05T10:20:00.0885930Z         "/home/runner/work/20231788./20231788./build/rs2_test",
2026-09-05T10:20:00.0886251Z         "valid_arithmetic_state_immutability"
2026-09-05T10:20:00.0886384Z       ],
2026-09-05T10:20:00.0886581Z       "name" : "rs2_valid_arithmetic_state_immutability",
2026-09-05T10:20:00.0886709Z       "properties" : 
2026-09-05T10:20:00.0886819Z       [
2026-09-05T10:20:00.0886935Z         {
2026-09-05T10:20:00.0887078Z           "name" : "WORKING_DIRECTORY",
2026-09-05T10:20:00.0887272Z           "value" : "/home/runner/work/20231788./20231788./build"
2026-09-05T10:20:00.0887387Z         }
2026-09-05T10:20:00.0887518Z       ]
2026-09-05T10:20:00.0887633Z     },
2026-09-05T10:20:00.0887747Z     {
2026-09-05T10:20:00.0887871Z       "backtrace" : 93,
2026-09-05T10:20:00.0888003Z       "command" : 
2026-09-05T10:20:00.0888117Z       [
2026-09-05T10:20:00.0888314Z         "/home/runner/work/20231788./20231788./build/rs2_test",
2026-09-05T10:20:00.0888451Z         "mixed_tower_format"
2026-09-05T10:20:00.0888561Z       ],
2026-09-05T10:20:00.0888730Z       "name" : "rs2_mixed_tower_format",
2026-09-05T10:20:00.0888865Z       "properties" : 
2026-09-05T10:20:00.0888973Z       [
2026-09-05T10:20:00.0889089Z         {
2026-09-05T10:20:00.0889232Z           "name" : "WORKING_DIRECTORY",
2026-09-05T10:20:00.0889422Z           "value" : "/home/runner/work/20231788./20231788./build"
2026-09-05T10:20:00.0889537Z         }
2026-09-05T10:20:00.0889651Z       ]
2026-09-05T10:20:00.0889759Z     },
2026-09-05T10:20:00.0889917Z     {
2026-09-05T10:20:00.0890042Z       "backtrace" : 95,
2026-09-05T10:20:00.0890165Z       "command" : 
2026-09-05T10:20:00.0890280Z       [
2026-09-05T10:20:00.0890477Z         "/home/runner/work/20231788./20231788./build/rs2_test",
2026-09-05T10:20:00.0890632Z         "untouched_public_pipeline"
2026-09-05T10:20:00.0890749Z       ],
2026-09-05T10:20:00.0890913Z       "name" : "rs2_untouched_public_pipeline",
2026-09-05T10:20:00.0891064Z       "properties" : 
2026-09-05T10:20:00.0891175Z       [
2026-09-05T10:20:00.0891289Z         {
2026-09-05T10:20:00.0891431Z           "name" : "WORKING_DIRECTORY",
2026-09-05T10:20:00.0891628Z           "value" : "/home/runner/work/20231788./20231788./build"
2026-09-05T10:20:00.0891744Z         }
2026-09-05T10:20:00.0891857Z       ]
2026-09-05T10:20:00.0891966Z     },
2026-09-05T10:20:00.0892080Z     {
2026-09-05T10:20:00.0892226Z       "backtrace" : 97,
2026-09-05T10:20:00.0892352Z       "command" : 
2026-09-05T10:20:00.0892471Z       [
2026-09-05T10:20:00.0892821Z         "/home/runner/work/20231788./20231788./build/rs2_test",
2026-09-05T10:20:00.0892975Z         "declared_basis_mismatch"
2026-09-05T10:20:00.0893089Z       ],
2026-09-05T10:20:00.0893241Z       "name" : "rs2_declared_basis_mismatch",
2026-09-05T10:20:00.0893549Z       "properties" : 
2026-09-05T10:20:00.0893665Z       [
2026-09-05T10:20:00.0893782Z         {
2026-09-05T10:20:00.0893923Z           "name" : "WORKING_DIRECTORY",
2026-09-05T10:20:00.0894142Z           "value" : "/home/runner/work/20231788./20231788./build"
2026-09-05T10:20:00.0894259Z         }
2026-09-05T10:20:00.0894372Z       ]
2026-09-05T10:20:00.0894486Z     },
2026-09-05T10:20:00.0894600Z     {
2026-09-05T10:20:00.0894723Z       "backtrace" : 99,
2026-09-05T10:20:00.0894845Z       "command" : 
2026-09-05T10:20:00.0894959Z       [
2026-09-05T10:20:00.0895177Z         "/home/runner/work/20231788./20231788./build/rs2_test",
2026-09-05T10:20:00.0895318Z         "terminal_rejections"
2026-09-05T10:20:00.0895434Z       ],
2026-09-05T10:20:00.0895580Z       "name" : "rs2_terminal_rejections",
2026-09-05T10:20:00.0895708Z       "properties" : 
2026-09-05T10:20:00.0895816Z       [
2026-09-05T10:20:00.0895929Z         {
2026-09-05T10:20:00.0896071Z           "name" : "WORKING_DIRECTORY",
2026-09-05T10:20:00.0896269Z           "value" : "/home/runner/work/20231788./20231788./build"
2026-09-05T10:20:00.0896406Z         }
2026-09-05T10:20:00.0896522Z       ]
2026-09-05T10:20:00.0896631Z     },
2026-09-05T10:20:00.0896744Z     {
2026-09-05T10:20:00.0896874Z       "backtrace" : 101,
2026-09-05T10:20:00.0896997Z       "command" : 
2026-09-05T10:20:00.0897260Z       [
2026-09-05T10:20:00.0897490Z         "/home/runner/work/20231788./20231788./build/mult2_test",
2026-09-05T10:20:00.0897634Z         "composition_contract"
2026-09-05T10:20:00.0897749Z       ],
2026-09-05T10:20:00.0897903Z       "name" : "mult2_composition_contract",
2026-09-05T10:20:00.0898031Z       "properties" : 
2026-09-05T10:20:00.0898147Z       [
2026-09-05T10:20:00.0898261Z         {
2026-09-05T10:20:00.0898403Z           "name" : "WORKING_DIRECTORY",
2026-09-05T10:20:00.0898596Z           "value" : "/home/runner/work/20231788./20231788./build"
2026-09-05T10:20:00.0898731Z         }
2026-09-05T10:20:00.0898846Z       ]
2026-09-05T10:20:00.0898961Z     },
2026-09-05T10:20:00.0899075Z     {
2026-09-05T10:20:00.0899201Z       "backtrace" : 103,
2026-09-05T10:20:00.0899324Z       "command" : 
2026-09-05T10:20:00.0899439Z       [
2026-09-05T10:20:00.0899713Z         "/home/runner/work/20231788./20231788./build/mult2_e2e_oracle_test",
2026-09-05T10:20:00.0899845Z         "hybrid_real"
2026-09-05T10:20:00.0899970Z       ],
2026-09-05T10:20:00.0900107Z       "name" : "mult2_e2e_hybrid_real",
2026-09-05T10:20:00.0900237Z       "properties" : 
2026-09-05T10:20:00.0900355Z       [
2026-09-05T10:20:00.0900466Z         {
2026-09-05T10:20:00.0900609Z           "name" : "WORKING_DIRECTORY",
2026-09-05T10:20:00.0900802Z           "value" : "/home/runner/work/20231788./20231788./build"
2026-09-05T10:20:00.0900919Z         }
2026-09-05T10:20:00.0901057Z       ]
2026-09-05T10:20:00.0901166Z     },
2026-09-05T10:20:00.0901279Z     {
2026-09-05T10:20:00.0901411Z       "backtrace" : 105,
2026-09-05T10:20:00.0901529Z       "command" : 
2026-09-05T10:20:00.0901650Z       [
2026-09-05T10:20:00.0901917Z         "/home/runner/work/20231788./20231788./build/mult2_e2e_oracle_test",
2026-09-05T10:20:00.0902049Z         "hybrid_complex"
2026-09-05T10:20:00.0902186Z       ],
2026-09-05T10:20:00.0902333Z       "name" : "mult2_e2e_hybrid_complex",
2026-09-05T10:20:00.0902463Z       "properties" : 
2026-09-05T10:20:00.0902583Z       [
2026-09-05T10:20:00.0902853Z         {
2026-09-05T10:20:00.0902999Z           "name" : "WORKING_DIRECTORY",
2026-09-05T10:20:00.0903192Z           "value" : "/home/runner/work/20231788./20231788./build"
2026-09-05T10:20:00.0903309Z         }
2026-09-05T10:20:00.0903424Z       ]
2026-09-05T10:20:00.0903532Z     },
2026-09-05T10:20:00.0903647Z     {
2026-09-05T10:20:00.0903777Z       "backtrace" : 107,
2026-09-05T10:20:00.0903895Z       "command" : 
2026-09-05T10:20:00.0904035Z       [
2026-09-05T10:20:00.0904299Z         "/home/runner/work/20231788./20231788./build/mult2_e2e_oracle_test",
2026-09-05T10:20:00.0904418Z         "bv_real"
2026-09-05T10:20:00.0904682Z       ],
2026-09-05T10:20:00.0904824Z       "name" : "mult2_e2e_bv_real",
2026-09-05T10:20:00.0904954Z       "properties" : 
2026-09-05T10:20:00.0905069Z       [
2026-09-05T10:20:00.0905201Z         {
2026-09-05T10:20:00.0905345Z           "name" : "WORKING_DIRECTORY",
2026-09-05T10:20:00.0905541Z           "value" : "/home/runner/work/20231788./20231788./build"
2026-09-05T10:20:00.0905661Z         }
2026-09-05T10:20:00.0905777Z       ]
2026-09-05T10:20:00.0905887Z     },
2026-09-05T10:20:00.0906005Z     {
2026-09-05T10:20:00.0906135Z       "backtrace" : 109,
2026-09-05T10:20:00.0906252Z       "command" : 
2026-09-05T10:20:00.0906388Z       [
2026-09-05T10:20:00.0906653Z         "/home/runner/work/20231788./20231788./build/mult2_e2e_oracle_test",
2026-09-05T10:20:00.0906777Z         "bv_complex"
2026-09-05T10:20:00.0906890Z       ],
2026-09-05T10:20:00.0907029Z       "name" : "mult2_e2e_bv_complex",
2026-09-05T10:20:00.0907156Z       "properties" : 
2026-09-05T10:20:00.0907269Z       [
2026-09-05T10:20:00.0907389Z         {
2026-09-05T10:20:00.0907555Z           "name" : "WORKING_DIRECTORY",
2026-09-05T10:20:00.0907746Z           "value" : "/home/runner/work/20231788./20231788./build"
2026-09-05T10:20:00.0907860Z         }
2026-09-05T10:20:00.0907973Z       ]
2026-09-05T10:20:00.0908081Z     },
2026-09-05T10:20:00.0908196Z     {
2026-09-05T10:20:00.0908488Z       "backtrace" : 111,
2026-09-05T10:20:00.0908607Z       "command" : 
2026-09-05T10:20:00.0908747Z       [
2026-09-05T10:20:00.0909011Z         "/home/runner/work/20231788./20231788./build/mult2_e2e_oracle_test",
2026-09-05T10:20:00.0909166Z         "pair_add_input_hybrid_complex"
2026-09-05T10:20:00.0909279Z       ],
2026-09-05T10:20:00.0909460Z       "name" : "mult2_pair_add_input_hybrid_complex",
2026-09-05T10:20:00.0909588Z       "properties" : 
2026-09-05T10:20:00.0909702Z       [
2026-09-05T10:20:00.0909831Z         {
2026-09-05T10:20:00.0909975Z           "name" : "WORKING_DIRECTORY",
2026-09-05T10:20:00.0910172Z           "value" : "/home/runner/work/20231788./20231788./build"
2026-09-05T10:20:00.0910288Z         }
2026-09-05T10:20:00.0910401Z       ]
2026-09-05T10:20:00.0910509Z     },
2026-09-05T10:20:00.0910622Z     {
2026-09-05T10:20:00.0910757Z       "backtrace" : 113,
2026-09-05T10:20:00.0910873Z       "command" : 
2026-09-05T10:20:00.0911013Z       [
2026-09-05T10:20:00.0911283Z         "/home/runner/work/20231788./20231788./build/mult2_e2e_oracle_test",
2026-09-05T10:20:00.0911433Z         "pair_sub_input_hybrid_complex"
2026-09-05T10:20:00.0911547Z       ],
2026-09-05T10:20:00.0911721Z       "name" : "mult2_pair_sub_input_hybrid_complex",
2026-09-05T10:20:00.0911851Z       "properties" : 
2026-09-05T10:20:00.0911965Z       [
2026-09-05T10:20:00.0912073Z         {
2026-09-05T10:20:00.0912238Z           "name" : "WORKING_DIRECTORY",
2026-09-05T10:20:00.0912437Z           "value" : "/home/runner/work/20231788./20231788./build"
2026-09-05T10:20:00.0912547Z         }
2026-09-05T10:20:00.0912816Z       ]
2026-09-05T10:20:00.0912938Z     }
2026-09-05T10:20:00.0913056Z   ],
2026-09-05T10:20:00.0913180Z   "version" : 
2026-09-05T10:20:00.0913293Z   {
2026-09-05T10:20:00.0913415Z     "major" : 1,
2026-09-05T10:20:00.0913536Z     "minor" : 0
2026-09-05T10:20:00.0913645Z   }
2026-09-05T10:20:00.0913996Z }Internal ctest changing into directory: /home/runner/work/20231788./20231788./build
2026-09-05T10:20:00.0914473Z UpdateCTestConfiguration  from :/home/runner/work/20231788./20231788./build/DartConfiguration.tcl
2026-09-05T10:20:00.0914911Z UpdateCTestConfiguration  from :/home/runner/work/20231788./20231788./build/DartConfiguration.tcl
2026-09-05T10:20:00.0915122Z Test project /home/runner/work/20231788./20231788./build
2026-09-05T10:20:00.0915283Z Constructing a list of tests
2026-09-05T10:20:00.0915436Z Done constructing a list of tests
2026-09-05T10:20:00.0915582Z Updating test list for fixtures
2026-09-05T10:20:00.0915743Z Added 0 tests to meet fixture requirements
2026-09-05T10:20:00.0915896Z Checking test dependency graph...
2026-09-05T10:20:00.0916200Z Checking test dependency graph end
2026-09-05T10:20:00.0916315Z test 1
2026-09-05T10:20:00.0916469Z       Start  1: dcp_rcb
2026-09-05T10:20:00.0916479Z 
2026-09-05T10:20:00.0916756Z 1: Test command: /home/runner/work/20231788./20231788./build/dcp_rcb_test
2026-09-05T10:20:00.0917004Z 1: Working Directory: /home/runner/work/20231788./20231788./build
2026-09-05T10:20:00.0917163Z 1: Test timeout computed to be: 10000000
2026-09-05T10:20:00.1074770Z 1: DCP/RCB independent-oracle tests passed
2026-09-05T10:20:00.1079642Z  1/57 Test  #1: dcp_rcb .........................................   Passed    0.05 sec
2026-09-05T10:20:00.1082068Z test 2
2026-09-05T10:20:00.1082347Z       Start  2: precision_dcp_rcb_high_precision_contract
2026-09-05T10:20:00.1082367Z 
2026-09-05T10:20:00.1083067Z 2: Test command: /home/runner/work/20231788./20231788./build/precision_dcp_rcb_contract_test
2026-09-05T10:20:00.1083368Z 2: Working Directory: /home/runner/work/20231788./20231788./build
2026-09-05T10:20:00.1083575Z 2: Test timeout computed to be: 10000000
2026-09-05T10:20:00.1638767Z 2: test=precision_dcp_rcb_high_precision_contract trial=0 security_level=HEStd_NotSet(functional-diagnostic-only) key_switch=HYBRID ckks_data_type=COMPLEX N=64 batch=16 depth=7 scaling_mod_size=50 first_mod_size=55 scale_bits=100 q_div=1125899906843009 active_modulus_bits=356 maximum_coefficient_bits=98 approximate_headroom_bits=258 delta_error=2.0636951921692515395791352926230837204962e-28 max_slot_error=4.7512701341210677675569676589963449141622e-28
2026-09-05T10:20:00.1641336Z 2: test=precision_dcp_rcb_high_precision_contract trial=1 security_level=HEStd_NotSet(functional-diagnostic-only) key_switch=HYBRID ckks_data_type=COMPLEX N=64 batch=16 depth=7 scaling_mod_size=50 first_mod_size=55 scale_bits=100 q_div=1125899906843009 active_modulus_bits=356 maximum_coefficient_bits=98 approximate_headroom_bits=258 delta_error=2.0026531829119595054957986015148872685323e-28 max_slot_error=3.8434872000838962932687742804568680924553e-28
2026-09-05T10:20:00.1643692Z 2: test=precision_dcp_rcb_high_precision_contract trial=2 security_level=HEStd_NotSet(functional-diagnostic-only) key_switch=HYBRID ckks_data_type=COMPLEX N=64 batch=16 depth=7 scaling_mod_size=50 first_mod_size=55 scale_bits=100 q_div=1125899906843009 active_modulus_bits=356 maximum_coefficient_bits=98 approximate_headroom_bits=258 delta_error=1.7680311054667558479310124294911455686295e-28 max_slot_error=3.0475933612769030668269932389084460006232e-28
2026-09-05T10:20:00.1645770Z 2: test=precision_dcp_rcb_high_precision_contract trial=3 security_level=HEStd_NotSet(functional-diagnostic-only) key_switch=HYBRID ckks_data_type=COMPLEX N=64 batch=16 depth=7 scaling_mod_size=50 first_mod_size=55 scale_bits=100 q_div=1125899906843009 active_modulus_bits=356 maximum_coefficient_bits=98 approximate_headroom_bits=258 delta_error=3.2720301894699408731193029830577170414935e-28 max_slot_error=3.4962056236356677944730979046628544487703e-28
2026-09-05T10:20:00.1645935Z 2: precision_dcp_rcb_high_precision_contract=PASS
2026-09-05T10:20:00.1646179Z  2/57 Test  #2: precision_dcp_rcb_high_precision_contract .......   Passed    0.06 sec
2026-09-05T10:20:00.1646263Z test 3
2026-09-05T10:20:00.1646423Z       Start  3: precision_first_mult2_high_precision_contract
2026-09-05T10:20:00.1646436Z 
2026-09-05T10:20:00.1646712Z 3: Test command: /home/runner/work/20231788./20231788./build/precision_first_mult2_contract_test
2026-09-05T10:20:00.1646890Z 3: Working Directory: /home/runner/work/20231788./20231788./build
2026-09-05T10:20:00.1646994Z 3: Test timeout computed to be: 10000000
2026-09-05T10:20:00.3443501Z 3: test=precision_first_mult2_high_precision_contract trial=0 claim_scope=first-Mult2-diagnostic-only security_level=HEStd_NotSet(diagnostic-only) key_switch=HYBRID ckks_data_type=COMPLEX N=64 batch=16 depth=7 scaling_mod_size=50 first_mod_size=55 input_scale_numerator=2^100 final_logical_scale_numerator=2^200 final_logical_scale_denominator=1267650600226646386227681786497 q_div=1125899906843009 q_l=1125899906840833 input_product_centered_headroom_bits=160 output_centered_headroom_bits=210 coefficient_error_numerator=109225582342704469456920275256974 coefficient_error_denominator=1267650600226646386227681786497 frozen_abs_tolerance=2^-80 product_delta_error=1.2538695308982780207362904807975417426075e-28 max_slot_error=2.6305472066969825670523842237741195686304e-28
2026-09-05T10:20:00.3450160Z 3: test=precision_first_mult2_high_precision_contract trial=1 claim_scope=first-Mult2-diagnostic-only security_level=HEStd_NotSet(diagnostic-only) key_switch=HYBRID ckks_data_type=COMPLEX N=64 batch=16 depth=7 scaling_mod_size=50 first_mod_size=55 input_scale_numerator=2^100 final_logical_scale_numerator=2^200 final_logical_scale_denominator=1267650600226646386227681786497 q_div=1125899906843009 q_l=1125899906840833 input_product_centered_headroom_bits=160 output_centered_headroom_bits=210 coefficient_error_numerator=104853533433566333905588302602939 coefficient_error_denominator=1267650600226646386227681786497 frozen_abs_tolerance=2^-80 product_delta_error=5.5050741475389252046879239250228811315606e-28 max_slot_error=5.6607723829023810347375538153457955533945e-28
2026-09-05T10:20:00.3455567Z 3: test=precision_first_mult2_high_precision_contract trial=2 claim_scope=first-Mult2-diagnostic-only security_level=HEStd_NotSet(diagnostic-only) key_switch=HYBRID ckks_data_type=COMPLEX N=64 batch=16 depth=7 scaling_mod_size=50 first_mod_size=55 input_scale_numerator=2^100 final_logical_scale_numerator=2^200 final_logical_scale_denominator=1267650600226646386227681786497 q_div=1125899906843009 q_l=1125899906840833 input_product_centered_headroom_bits=160 output_centered_headroom_bits=210 coefficient_error_numerator=84473912324165666470028375318958 coefficient_error_denominator=1267650600226646386227681786497 frozen_abs_tolerance=2^-80 product_delta_error=1.4946476106676942682497999837956394846221e-28 max_slot_error=6.0935573728567295104783109432260199298819e-28
2026-09-05T10:20:00.3460766Z 3: test=precision_first_mult2_high_precision_contract trial=3 claim_scope=first-Mult2-diagnostic-only security_level=HEStd_NotSet(diagnostic-only) key_switch=HYBRID ckks_data_type=COMPLEX N=64 batch=16 depth=7 scaling_mod_size=50 first_mod_size=55 input_scale_numerator=2^100 final_logical_scale_numerator=2^200 final_logical_scale_denominator=1267650600226646386227681786497 q_div=1125899906843009 q_l=1125899906840833 input_product_centered_headroom_bits=160 output_centered_headroom_bits=210 coefficient_error_numerator=138522172556468253244506349239437 coefficient_error_denominator=1267650600226646386227681786497 frozen_abs_tolerance=2^-80 product_delta_error=1.1696341947011794334169838116970833694276e-28 max_slot_error=4.6645833628631873432973096246280535358629e-28
2026-09-05T10:20:00.3463689Z 3: precision_first_mult2_high_precision_contract=PASS
2026-09-05T10:20:00.3464149Z  3/57 Test  #3: precision_first_mult2_high_precision_contract ...   Passed    0.18 sec
2026-09-05T10:20:00.3464556Z test 4
2026-09-05T10:20:00.3464790Z       Start  4: pair_add_runtime_behavior
2026-09-05T10:20:00.3464994Z 
2026-09-05T10:20:00.3465197Z 4: Test command: /home/runner/work/20231788./20231788./build/pair_add_test
2026-09-05T10:20:00.3465650Z 4: Working Directory: /home/runner/work/20231788./20231788./build
2026-09-05T10:20:00.3466012Z 4: Test timeout computed to be: 10000000
2026-09-05T10:20:00.3494351Z 4: pair Add runtime behavior passed
2026-09-05T10:20:00.3498522Z  4/57 Test  #4: pair_add_runtime_behavior .......................   Passed    0.01 sec
2026-09-05T10:20:00.3500145Z test 5
2026-09-05T10:20:00.3500434Z       Start  5: pair_sub_runtime_behavior
2026-09-05T10:20:00.3500659Z 
2026-09-05T10:20:00.3500855Z 5: Test command: /home/runner/work/20231788./20231788./build/pair_sub_test
2026-09-05T10:20:00.3501341Z 5: Working Directory: /home/runner/work/20231788./20231788./build
2026-09-05T10:20:00.3501752Z 5: Test timeout computed to be: 10000000
2026-09-05T10:20:00.3545867Z 5: pair Sub runtime behavior passed
2026-09-05T10:20:00.3546981Z  5/57 Test  #5: pair_sub_runtime_behavior .......................   Passed    0.00 sec
2026-09-05T10:20:00.3548567Z test 6
2026-09-05T10:20:00.3549009Z       Start  6: pair_arithmetic_controlled_oracle
2026-09-05T10:20:00.3549408Z 
2026-09-05T10:20:00.3549931Z 6: Test command: /home/runner/work/20231788./20231788./build/pair_arithmetic_test "controlled_oracle"
2026-09-05T10:20:00.3550818Z 6: Working Directory: /home/runner/work/20231788./20231788./build
2026-09-05T10:20:00.3551199Z 6: Test timeout computed to be: 10000000
2026-09-05T10:20:00.3922293Z 6: pair-arithmetic case passed: controlled_oracle
2026-09-05T10:20:00.3926549Z  6/57 Test  #6: pair_arithmetic_controlled_oracle ...............   Passed    0.04 sec
2026-09-05T10:20:00.3927780Z test 7
2026-09-05T10:20:00.3928208Z       Start  7: pair_arithmetic_public_lifecycles_keyless
2026-09-05T10:20:00.3928613Z 
2026-09-05T10:20:00.3929108Z 7: Test command: /home/runner/work/20231788./20231788./build/pair_arithmetic_test "public_lifecycles_keyless"
2026-09-05T10:20:00.3929757Z 7: Working Directory: /home/runner/work/20231788./20231788./build
2026-09-05T10:20:00.3930129Z 7: Test timeout computed to be: 10000000
2026-09-05T10:20:00.4336980Z 7: pair-arithmetic case passed: public_lifecycles_keyless
2026-09-05T10:20:00.4340551Z  7/57 Test  #7: pair_arithmetic_public_lifecycles_keyless .......   Passed    0.04 sec
2026-09-05T10:20:00.4341841Z test 8
2026-09-05T10:20:00.4342390Z       Start  8: pair_arithmetic_compatibility_rejections
2026-09-05T10:20:00.4343071Z 
2026-09-05T10:20:00.4343675Z 8: Test command: /home/runner/work/20231788./20231788./build/pair_arithmetic_test "compatibility_rejections"
2026-09-05T10:20:00.4344498Z 8: Working Directory: /home/runner/work/20231788./20231788./build
2026-09-05T10:20:00.4344884Z 8: Test timeout computed to be: 10000000
2026-09-05T10:20:00.4443698Z 8: pair-arithmetic case passed: compatibility_rejections
2026-09-05T10:20:00.4448362Z  8/57 Test  #8: pair_arithmetic_compatibility_rejections ........   Passed    0.01 sec
2026-09-05T10:20:00.4449500Z test 9
2026-09-05T10:20:00.4449928Z       Start  9: tensor2_valid_arithmetic_immutability
2026-09-05T10:20:00.4450318Z 
2026-09-05T10:20:00.4450781Z 9: Test command: /home/runner/work/20231788./20231788./build/tensor2_test "valid_arithmetic_immutability"
2026-09-05T10:20:00.4451393Z 9: Working Directory: /home/runner/work/20231788./20231788./build
2026-09-05T10:20:00.4451759Z 9: Test timeout computed to be: 10000000
2026-09-05T10:20:00.4522387Z 9: Tensor2 case passed: valid_arithmetic_immutability
2026-09-05T10:20:00.4526631Z  9/57 Test  #9: tensor2_valid_arithmetic_immutability ...........   Passed    0.01 sec
2026-09-05T10:20:00.4527899Z test 10
2026-09-05T10:20:00.4528267Z       Start 10: tensor2_result_scale_contract
2026-09-05T10:20:00.4528617Z 
2026-09-05T10:20:00.4529086Z 10: Test command: /home/runner/work/20231788./20231788./build/tensor2_test "result_scale_contract"
2026-09-05T10:20:00.4529681Z 10: Working Directory: /home/runner/work/20231788./20231788./build
2026-09-05T10:20:00.4530061Z 10: Test timeout computed to be: 10000000
2026-09-05T10:20:00.4568255Z 10: Tensor2 case passed: result_scale_contract
2026-09-05T10:20:00.4572103Z 10/57 Test #10: tensor2_result_scale_contract ...................   Passed    0.00 sec
2026-09-05T10:20:00.4573542Z test 11
2026-09-05T10:20:00.4573970Z       Start 11: tensor2_right_input_validation
2026-09-05T10:20:00.4574371Z 
2026-09-05T10:20:00.4574907Z 11: Test command: /home/runner/work/20231788./20231788./build/tensor2_test "right_input_validation"
2026-09-05T10:20:00.4575765Z 11: Working Directory: /home/runner/work/20231788./20231788./build
2026-09-05T10:20:00.4576166Z 11: Test timeout computed to be: 10000000
2026-09-05T10:20:00.4613246Z 11: Tensor2 case passed: right_input_validation
2026-09-05T10:20:00.4617224Z 11/57 Test #11: tensor2_right_input_validation ..................   Passed    0.00 sec
2026-09-05T10:20:00.4618540Z test 12
2026-09-05T10:20:00.4619066Z       Start 12: tensor2_mutual_compatibility
2026-09-05T10:20:00.4619435Z 
2026-09-05T10:20:00.4620225Z 12: Test command: /home/runner/work/20231788./20231788./build/tensor2_test "mutual_compatibility"
2026-09-05T10:20:00.4620970Z 12: Working Directory: /home/runner/work/20231788./20231788./build
2026-09-05T10:20:00.4621351Z 12: Test timeout computed to be: 10000000
2026-09-05T10:20:00.4658547Z 12: Tensor2 case passed: mutual_compatibility
2026-09-05T10:20:00.4662286Z 12/57 Test #12: tensor2_mutual_compatibility ....................   Passed    0.00 sec
2026-09-05T10:20:00.4664025Z test 13
2026-09-05T10:20:00.4664487Z       Start 13: tensor2_prearithmetic_key_compatibility
2026-09-05T10:20:00.4664907Z 
2026-09-05T10:20:00.4665517Z 13: Test command: /home/runner/work/20231788./20231788./build/tensor2_test "prearithmetic_key_compatibility"
2026-09-05T10:20:00.4666349Z 13: Working Directory: /home/runner/work/20231788./20231788./build
2026-09-05T10:20:00.4666735Z 13: Test timeout computed to be: 10000000
2026-09-05T10:20:00.4704553Z 13: Tensor2 case passed: prearithmetic_key_compatibility
2026-09-05T10:20:00.4708221Z 13/57 Test #13: tensor2_prearithmetic_key_compatibility .........   Passed    0.00 sec
2026-09-05T10:20:00.4709904Z test 14
2026-09-05T10:20:00.4710322Z       Start 14: relin2_tensor_validation_order
2026-09-05T10:20:00.4710818Z 
2026-09-05T10:20:00.4711344Z 14: Test command: /home/runner/work/20231788./20231788./build/relin2_test "tensor_validation_order"
2026-09-05T10:20:00.4712304Z 14: Working Directory: /home/runner/work/20231788./20231788./build
2026-09-05T10:20:00.4713041Z 14: Test timeout computed to be: 10000000
2026-09-05T10:20:00.4750623Z 14: Relin2 case passed: tensor_validation_order
2026-09-05T10:20:00.4754587Z 14/57 Test #14: relin2_tensor_validation_order ..................   Passed    0.00 sec
2026-09-05T10:20:00.4756128Z test 15
2026-09-05T10:20:00.4756550Z       Start 15: relin2_insufficient_active_basis
2026-09-05T10:20:00.4756941Z 
2026-09-05T10:20:00.4757498Z 15: Test command: /home/runner/work/20231788./20231788./build/relin2_test "insufficient_active_basis"
2026-09-05T10:20:00.4758303Z 15: Working Directory: /home/runner/work/20231788./20231788./build
2026-09-05T10:20:00.4758691Z 15: Test timeout computed to be: 10000000
2026-09-05T10:20:00.4795514Z 15: Relin2 case passed: insufficient_active_basis
2026-09-05T10:20:00.4799820Z 15/57 Test #15: relin2_insufficient_active_basis ................   Passed    0.00 sec
2026-09-05T10:20:00.4801254Z test 16
2026-09-05T10:20:00.4801643Z       Start 16: relin2_missing_eval_key
2026-09-05T10:20:00.4802035Z 
2026-09-05T10:20:00.4802534Z 16: Test command: /home/runner/work/20231788./20231788./build/relin2_test "missing_eval_key"
2026-09-05T10:20:00.4803709Z 16: Working Directory: /home/runner/work/20231788./20231788./build
2026-09-05T10:20:00.4804098Z 16: Test timeout computed to be: 10000000
2026-09-05T10:20:00.4842347Z 16: Relin2 case passed: missing_eval_key
2026-09-05T10:20:00.4846494Z 16/57 Test #16: relin2_missing_eval_key .........................   Passed    0.00 sec
2026-09-05T10:20:00.4847929Z test 17
2026-09-05T10:20:00.4848323Z       Start 17: relin2_key_empty
2026-09-05T10:20:00.4848635Z 
2026-09-05T10:20:00.4849040Z 17: Test command: /home/runner/work/20231788./20231788./build/relin2_test "key_empty"
2026-09-05T10:20:00.4849938Z 17: Working Directory: /home/runner/work/20231788./20231788./build
2026-09-05T10:20:00.4850327Z 17: Test timeout computed to be: 10000000
2026-09-05T10:20:00.4887980Z 17: Relin2 case passed: key_empty
2026-09-05T10:20:00.4891834Z 17/57 Test #17: relin2_key_empty ................................   Passed    0.00 sec
2026-09-05T10:20:00.4893625Z test 18
2026-09-05T10:20:00.4894010Z       Start 18: relin2_key_null_first
2026-09-05T10:20:00.4894351Z 
2026-09-05T10:20:00.4894854Z 18: Test command: /home/runner/work/20231788./20231788./build/relin2_test "key_null_first"
2026-09-05T10:20:00.4895873Z 18: Working Directory: /home/runner/work/20231788./20231788./build
2026-09-05T10:20:00.4896476Z 18: Test timeout computed to be: 10000000
2026-09-05T10:20:00.4933816Z 18: Relin2 case passed: key_null_first
2026-09-05T10:20:00.4937826Z 18/57 Test #18: relin2_key_null_first ...........................   Passed    0.00 sec
2026-09-05T10:20:00.4938789Z test 19
2026-09-05T10:20:00.4939185Z       Start 19: relin2_key_wrong_context
2026-09-05T10:20:00.4939525Z 
2026-09-05T10:20:00.4939984Z 19: Test command: /home/runner/work/20231788./20231788./build/relin2_test "key_wrong_context"
2026-09-05T10:20:00.4940890Z 19: Working Directory: /home/runner/work/20231788./20231788./build
2026-09-05T10:20:00.4941288Z 19: Test timeout computed to be: 10000000
2026-09-05T10:20:00.4987766Z 19: Relin2 case passed: key_wrong_context
2026-09-05T10:20:00.4992234Z 19/57 Test #19: relin2_key_wrong_context ........................   Passed    0.01 sec
2026-09-05T10:20:00.4993864Z test 20
2026-09-05T10:20:00.4994258Z       Start 20: relin2_key_wrong_tag
2026-09-05T10:20:00.4994575Z 
2026-09-05T10:20:00.4994998Z 20: Test command: /home/runner/work/20231788./20231788./build/relin2_test "key_wrong_tag"
2026-09-05T10:20:00.4995922Z 20: Working Directory: /home/runner/work/20231788./20231788./build
2026-09-05T10:20:00.4996313Z 20: Test timeout computed to be: 10000000
2026-09-05T10:20:00.5035741Z 20: Relin2 case passed: key_wrong_tag
2026-09-05T10:20:00.5040061Z 20/57 Test #20: relin2_key_wrong_tag ............................   Passed    0.00 sec
2026-09-05T10:20:00.5042214Z test 21
2026-09-05T10:20:00.5042625Z       Start 21: relin2_key_wrong_subtype
2026-09-05T10:20:00.5043719Z 
2026-09-05T10:20:00.5044196Z 21: Test command: /home/runner/work/20231788./20231788./build/relin2_test "key_wrong_subtype"
2026-09-05T10:20:00.5044741Z 21: Working Directory: /home/runner/work/20231788./20231788./build
2026-09-05T10:20:00.5045111Z 21: Test timeout computed to be: 10000000
2026-09-05T10:20:00.5147866Z 21: Relin2 case passed: key_wrong_subtype
2026-09-05T10:20:00.5151804Z 21/57 Test #21: relin2_key_wrong_subtype ........................   Passed    0.01 sec
2026-09-05T10:20:00.5153442Z test 22
2026-09-05T10:20:00.5153847Z       Start 22: relin2_key_hybrid_a_length
2026-09-05T10:20:00.5154187Z 
2026-09-05T10:20:00.5154678Z 22: Test command: /home/runner/work/20231788./20231788./build/relin2_test "key_hybrid_a_length"
2026-09-05T10:20:00.5155536Z 22: Working Directory: /home/runner/work/20231788./20231788./build
2026-09-05T10:20:00.5155919Z 22: Test timeout computed to be: 10000000
2026-09-05T10:20:00.5194983Z 22: Relin2 case passed: key_hybrid_a_length
2026-09-05T10:20:00.5199297Z 22/57 Test #22: relin2_key_hybrid_a_length ......................   Passed    0.00 sec
2026-09-05T10:20:00.5200746Z test 23
2026-09-05T10:20:00.5201148Z       Start 23: relin2_key_hybrid_b_length
2026-09-05T10:20:00.5201506Z 
2026-09-05T10:20:00.5201981Z 23: Test command: /home/runner/work/20231788./20231788./build/relin2_test "key_hybrid_b_length"
2026-09-05T10:20:00.5203188Z 23: Working Directory: /home/runner/work/20231788./20231788./build
2026-09-05T10:20:00.5203595Z 23: Test timeout computed to be: 10000000
2026-09-05T10:20:00.5280686Z 23: Relin2 case passed: key_hybrid_b_length
2026-09-05T10:20:00.5284789Z 23/57 Test #23: relin2_key_hybrid_b_length ......................   Passed    0.01 sec
2026-09-05T10:20:00.5286505Z test 24
2026-09-05T10:20:00.5286777Z       Start 24: relin2_key_hybrid_entry_basis
2026-09-05T10:20:00.5286998Z 
2026-09-05T10:20:00.5287288Z 24: Test command: /home/runner/work/20231788./20231788./build/relin2_test "key_hybrid_entry_basis"
2026-09-05T10:20:00.5287963Z 24: Working Directory: /home/runner/work/20231788./20231788./build
2026-09-05T10:20:00.5288369Z 24: Test timeout computed to be: 10000000
2026-09-05T10:20:00.5387360Z 24: Relin2 case passed: key_hybrid_entry_basis
2026-09-05T10:20:00.5391209Z 24/57 Test #24: relin2_key_hybrid_entry_basis ...................   Passed    0.01 sec
2026-09-05T10:20:00.5393052Z test 25
2026-09-05T10:20:00.5393309Z       Start 25: relin2_key_hybrid_entry_format
2026-09-05T10:20:00.5393527Z 
2026-09-05T10:20:00.5393823Z 25: Test command: /home/runner/work/20231788./20231788./build/relin2_test "key_hybrid_entry_format"
2026-09-05T10:20:00.5394624Z 25: Working Directory: /home/runner/work/20231788./20231788./build
2026-09-05T10:20:00.5394999Z 25: Test timeout computed to be: 10000000
2026-09-05T10:20:00.5458329Z 25: Relin2 case passed: key_hybrid_entry_format
2026-09-05T10:20:00.5462168Z 25/57 Test #25: relin2_key_hybrid_entry_format ..................   Passed    0.01 sec
2026-09-05T10:20:00.5463534Z test 26
2026-09-05T10:20:00.5464064Z       Start 26: relin2_key_bv_zero_digit_a_length
2026-09-05T10:20:00.5464476Z 
2026-09-05T10:20:00.5465058Z 26: Test command: /home/runner/work/20231788./20231788./build/relin2_test "key_bv_zero_digit_a_length"
2026-09-05T10:20:00.5465929Z 26: Working Directory: /home/runner/work/20231788./20231788./build
2026-09-05T10:20:00.5466326Z 26: Test timeout computed to be: 10000000
2026-09-05T10:20:00.5504908Z 26: Relin2 case passed: key_bv_zero_digit_a_length
2026-09-05T10:20:00.5508607Z 26/57 Test #26: relin2_key_bv_zero_digit_a_length ...............   Passed    0.00 sec
2026-09-05T10:20:00.5510188Z test 27
2026-09-05T10:20:00.5510480Z       Start 27: relin2_key_bv_zero_digit_b_length
2026-09-05T10:20:00.5510716Z 
2026-09-05T10:20:00.5511017Z 27: Test command: /home/runner/work/20231788./20231788./build/relin2_test "key_bv_zero_digit_b_length"
2026-09-05T10:20:00.5511633Z 27: Working Directory: /home/runner/work/20231788./20231788./build
2026-09-05T10:20:00.5511997Z 27: Test timeout computed to be: 10000000
2026-09-05T10:20:00.5551755Z 27: Relin2 case passed: key_bv_zero_digit_b_length
2026-09-05T10:20:00.5556173Z 27/57 Test #27: relin2_key_bv_zero_digit_b_length ...............   Passed    0.00 sec
2026-09-05T10:20:00.5557366Z test 28
2026-09-05T10:20:00.5557769Z       Start 28: relin2_key_bv_nonzero_digit_a_length
2026-09-05T10:20:00.5558145Z 
2026-09-05T10:20:00.5558620Z 28: Test command: /home/runner/work/20231788./20231788./build/relin2_test "key_bv_nonzero_digit_a_length"
2026-09-05T10:20:00.5559251Z 28: Working Directory: /home/runner/work/20231788./20231788./build
2026-09-05T10:20:00.5559626Z 28: Test timeout computed to be: 10000000
2026-09-05T10:20:00.5606489Z 28: Relin2 case passed: key_bv_nonzero_digit_a_length
2026-09-05T10:20:00.5610279Z 28/57 Test #28: relin2_key_bv_nonzero_digit_a_length ............   Passed    0.01 sec
2026-09-05T10:20:00.5611651Z test 29
2026-09-05T10:20:00.5612027Z       Start 29: relin2_key_bv_nonzero_digit_b_length
2026-09-05T10:20:00.5612284Z 
2026-09-05T10:20:00.5612609Z 29: Test command: /home/runner/work/20231788./20231788./build/relin2_test "key_bv_nonzero_digit_b_length"
2026-09-05T10:20:00.5613555Z 29: Working Directory: /home/runner/work/20231788./20231788./build
2026-09-05T10:20:00.5613939Z 29: Test timeout computed to be: 10000000
2026-09-05T10:20:00.5659849Z 29: Relin2 case passed: key_bv_nonzero_digit_b_length
2026-09-05T10:20:00.5664458Z 29/57 Test #29: relin2_key_bv_nonzero_digit_b_length ............   Passed    0.01 sec
2026-09-05T10:20:00.5665736Z test 30
2026-09-05T10:20:00.5666138Z       Start 30: relin2_key_bv_zero_digit_entry_basis
2026-09-05T10:20:00.5666508Z 
2026-09-05T10:20:00.5666985Z 30: Test command: /home/runner/work/20231788./20231788./build/relin2_test "key_bv_zero_digit_entry_basis"
2026-09-05T10:20:00.5667653Z 30: Working Directory: /home/runner/work/20231788./20231788./build
2026-09-05T10:20:00.5668222Z 30: Test timeout computed to be: 10000000
2026-09-05T10:20:00.5707516Z 30: Relin2 case passed: key_bv_zero_digit_entry_basis
2026-09-05T10:20:00.5711528Z 30/57 Test #30: relin2_key_bv_zero_digit_entry_basis ............   Passed    0.00 sec
2026-09-05T10:20:00.5713319Z test 31
2026-09-05T10:20:00.5713782Z       Start 31: relin2_key_bv_nonzero_digit_entry_basis
2026-09-05T10:20:00.5714192Z 
2026-09-05T10:20:00.5714849Z 31: Test command: /home/runner/work/20231788./20231788./build/relin2_test "key_bv_nonzero_digit_entry_basis"
2026-09-05T10:20:00.5715519Z 31: Working Directory: /home/runner/work/20231788./20231788./build
2026-09-05T10:20:00.5715897Z 31: Test timeout computed to be: 10000000
2026-09-05T10:20:00.5761691Z 31: Relin2 case passed: key_bv_nonzero_digit_entry_basis
2026-09-05T10:20:00.5766401Z 31/57 Test #31: relin2_key_bv_nonzero_digit_entry_basis .........   Passed    0.01 sec
2026-09-05T10:20:00.5767399Z test 32
2026-09-05T10:20:00.5767968Z       Start 32: relin2_key_bv_zero_digit_entry_format
2026-09-05T10:20:00.5768381Z 
2026-09-05T10:20:00.5769007Z 32: Test command: /home/runner/work/20231788./20231788./build/relin2_test "key_bv_zero_digit_entry_format"
2026-09-05T10:20:00.5769724Z 32: Working Directory: /home/runner/work/20231788./20231788./build
2026-09-05T10:20:00.5770107Z 32: Test timeout computed to be: 10000000
2026-09-05T10:20:00.5808953Z 32: Relin2 case passed: key_bv_zero_digit_entry_format
2026-09-05T10:20:00.5813000Z 32/57 Test #32: relin2_key_bv_zero_digit_entry_format ...........   Passed    0.00 sec
2026-09-05T10:20:00.5814367Z test 33
2026-09-05T10:20:00.5814790Z       Start 33: relin2_key_bv_nonzero_digit_entry_format
2026-09-05T10:20:00.5815190Z 
2026-09-05T10:20:00.5815671Z 33: Test command: /home/runner/work/20231788./20231788./build/relin2_test "key_bv_nonzero_digit_entry_format"
2026-09-05T10:20:00.5816304Z 33: Working Directory: /home/runner/work/20231788./20231788./build
2026-09-05T10:20:00.5816675Z 33: Test timeout computed to be: 10000000
2026-09-05T10:20:00.5864177Z 33: Relin2 case passed: key_bv_nonzero_digit_entry_format
2026-09-05T10:20:00.5868391Z 33/57 Test #33: relin2_key_bv_nonzero_digit_entry_format ........   Passed    0.01 sec
2026-09-05T10:20:00.5869828Z test 34
2026-09-05T10:20:00.5870259Z       Start 34: relin2_valid_arithmetic_state_immutability
2026-09-05T10:20:00.5870666Z 
2026-09-05T10:20:00.5871127Z 34: Test command: /home/runner/work/20231788./20231788./build/relin2_test "valid_arithmetic_state_immutability"
2026-09-05T10:20:00.5871766Z 34: Working Directory: /home/runner/work/20231788./20231788./build
2026-09-05T10:20:00.5872142Z 34: Test timeout computed to be: 10000000
2026-09-05T10:20:00.6088690Z 34: Relin2 case passed: valid_arithmetic_state_immutability
2026-09-05T10:20:00.6093114Z 34/57 Test #34: relin2_valid_arithmetic_state_immutability ......   Passed    0.02 sec
2026-09-05T10:20:00.6094656Z test 35
2026-09-05T10:20:00.6095081Z       Start 35: relin2_controlled_witnesses_and_boundaries
2026-09-05T10:20:00.6095485Z 
2026-09-05T10:20:00.6096000Z 35: Test command: /home/runner/work/20231788./20231788./build/relin2_test "controlled_witnesses_and_boundaries"
2026-09-05T10:20:00.6096668Z 35: Working Directory: /home/runner/work/20231788./20231788./build
2026-09-05T10:20:00.6097055Z 35: Test timeout computed to be: 10000000
2026-09-05T10:20:00.6148347Z 35: Relin2 case passed: controlled_witnesses_and_boundaries
2026-09-05T10:20:00.6152486Z 35/57 Test #35: relin2_controlled_witnesses_and_boundaries ......   Passed    0.01 sec
2026-09-05T10:20:00.6154342Z test 36
2026-09-05T10:20:00.6154789Z       Start 36: relin2_representative_public_input
2026-09-05T10:20:00.6155199Z 
2026-09-05T10:20:00.6155793Z 36: Test command: /home/runner/work/20231788./20231788./build/relin2_test "representative_public_input"
2026-09-05T10:20:00.6156567Z 36: Working Directory: /home/runner/work/20231788./20231788./build
2026-09-05T10:20:00.6156956Z 36: Test timeout computed to be: 10000000
2026-09-05T10:20:00.6408134Z 36: Relin2 case passed: representative_public_input
2026-09-05T10:20:00.6412011Z 36/57 Test #36: relin2_representative_public_input ..............   Passed    0.03 sec
2026-09-05T10:20:00.6414158Z test 37
2026-09-05T10:20:00.6414444Z       Start 37: relin2_key_extra_later_valid
2026-09-05T10:20:00.6414655Z 
2026-09-05T10:20:00.6414937Z 37: Test command: /home/runner/work/20231788./20231788./build/relin2_test "key_extra_later_valid"
2026-09-05T10:20:00.6415522Z 37: Working Directory: /home/runner/work/20231788./20231788./build
2026-09-05T10:20:00.6415906Z 37: Test timeout computed to be: 10000000
2026-09-05T10:20:00.6656902Z 37: Relin2 case passed: key_extra_later_valid
2026-09-05T10:20:00.6660922Z 37/57 Test #37: relin2_key_extra_later_valid ....................   Passed    0.02 sec
2026-09-05T10:20:00.6662452Z test 38
2026-09-05T10:20:00.6663384Z       Start 38: relin2_key_malformed_later_ignored
2026-09-05T10:20:00.6663815Z 
2026-09-05T10:20:00.6664464Z 38: Test command: /home/runner/work/20231788./20231788./build/relin2_test "key_malformed_later_ignored"
2026-09-05T10:20:00.6665086Z 38: Working Directory: /home/runner/work/20231788./20231788./build
2026-09-05T10:20:00.6665470Z 38: Test timeout computed to be: 10000000
2026-09-05T10:20:00.7036459Z 38: Relin2 case passed: key_malformed_later_ignored
2026-09-05T10:20:00.7040689Z 38/57 Test #38: relin2_key_malformed_later_ignored ..............   Passed    0.04 sec
2026-09-05T10:20:00.7042217Z test 39
2026-09-05T10:20:00.7042580Z       Start 39: relin2_hybrid_valid_shapes
2026-09-05T10:20:00.7043110Z 
2026-09-05T10:20:00.7043542Z 39: Test command: /home/runner/work/20231788./20231788./build/relin2_test "hybrid_valid_shapes"
2026-09-05T10:20:00.7044204Z 39: Working Directory: /home/runner/work/20231788./20231788./build
2026-09-05T10:20:00.7044605Z 39: Test timeout computed to be: 10000000
2026-09-05T10:20:00.7296354Z 39: Relin2 case passed: hybrid_valid_shapes
2026-09-05T10:20:00.7300389Z 39/57 Test #39: relin2_hybrid_valid_shapes ......................   Passed    0.03 sec
2026-09-05T10:20:00.7301823Z test 40
2026-09-05T10:20:00.7302265Z       Start 40: relin2_bv_zero_digit_valid_shapes
2026-09-05T10:20:00.7302994Z 
2026-09-05T10:20:00.7303845Z 40: Test command: /home/runner/work/20231788./20231788./build/relin2_test "bv_zero_digit_valid_shapes"
2026-09-05T10:20:00.7304482Z 40: Working Directory: /home/runner/work/20231788./20231788./build
2026-09-05T10:20:00.7304853Z 40: Test timeout computed to be: 10000000
2026-09-05T10:20:00.7356413Z 40: Relin2 case passed: bv_zero_digit_valid_shapes
2026-09-05T10:20:00.7360469Z 40/57 Test #40: relin2_bv_zero_digit_valid_shapes ...............   Passed    0.01 sec
2026-09-05T10:20:00.7361950Z test 41
2026-09-05T10:20:00.7362433Z       Start 41: relin2_bv_nonzero_digit_valid_shapes
2026-09-05T10:20:00.7363146Z 
2026-09-05T10:20:00.7363708Z 41: Test command: /home/runner/work/20231788./20231788./build/relin2_test "bv_nonzero_digit_valid_shapes"
2026-09-05T10:20:00.7364839Z 41: Working Directory: /home/runner/work/20231788./20231788./build
2026-09-05T10:20:00.7365408Z 41: Test timeout computed to be: 10000000
2026-09-05T10:20:00.7427750Z 41: Relin2 case passed: bv_nonzero_digit_valid_shapes
2026-09-05T10:20:00.7431920Z 41/57 Test #41: relin2_bv_nonzero_digit_valid_shapes ............   Passed    0.01 sec
2026-09-05T10:20:00.7433745Z test 42
2026-09-05T10:20:00.7434210Z       Start 42: relin2_first_recombined_rcb_validation
2026-09-05T10:20:00.7434620Z 
2026-09-05T10:20:00.7435218Z 42: Test command: /home/runner/work/20231788./20231788./build/relin2_test "first_recombined_rcb_validation"
2026-09-05T10:20:00.7436057Z 42: Working Directory: /home/runner/work/20231788./20231788./build
2026-09-05T10:20:00.7436452Z 42: Test timeout computed to be: 10000000
2026-09-05T10:20:00.7475327Z 42: Relin2 case passed: first_recombined_rcb_validation
2026-09-05T10:20:00.7479756Z 42/57 Test #42: relin2_first_recombined_rcb_validation ..........   Passed    0.00 sec
2026-09-05T10:20:00.7481326Z test 43
2026-09-05T10:20:00.7481806Z       Start 43: relin2_first_recombined_tensor2_validation
2026-09-05T10:20:00.7482247Z 
2026-09-05T10:20:00.7483172Z 43: Test command: /home/runner/work/20231788./20231788./build/relin2_test "first_recombined_tensor2_validation"
2026-09-05T10:20:00.7483869Z 43: Working Directory: /home/runner/work/20231788./20231788./build
2026-09-05T10:20:00.7484253Z 43: Test timeout computed to be: 10000000
2026-09-05T10:20:00.7522538Z 43: Relin2 case passed: first_recombined_tensor2_validation
2026-09-05T10:20:00.7526825Z 43/57 Test #43: relin2_first_recombined_tensor2_validation ......   Passed    0.00 sec
2026-09-05T10:20:00.7528194Z test 44
2026-09-05T10:20:00.7528645Z       Start 44: relin2_tensor2_requires_first_lifecycle
2026-09-05T10:20:00.7529052Z 
2026-09-05T10:20:00.7529934Z 44: Test command: /home/runner/work/20231788./20231788./build/relin2_test "tensor2_requires_first_lifecycle"
2026-09-05T10:20:00.7530594Z 44: Working Directory: /home/runner/work/20231788./20231788./build
2026-09-05T10:20:00.7530984Z 44: Test timeout computed to be: 10000000
2026-09-05T10:20:00.7700612Z 44: Relin2 case passed: tensor2_requires_first_lifecycle
2026-09-05T10:20:00.7704891Z 44/57 Test #44: relin2_tensor2_requires_first_lifecycle .........   Passed    0.02 sec
2026-09-05T10:20:00.7706329Z test 45
2026-09-05T10:20:00.7706718Z       Start 45: rs2_wrong_lifecycle
2026-09-05T10:20:00.7707053Z 
2026-09-05T10:20:00.7707508Z 45: Test command: /home/runner/work/20231788./20231788./build/rs2_test "wrong_lifecycle"
2026-09-05T10:20:00.7708295Z 45: Working Directory: /home/runner/work/20231788./20231788./build
2026-09-05T10:20:00.7708698Z 45: Test timeout computed to be: 10000000
2026-09-05T10:20:00.7745197Z 45: RS2 case passed: wrong_lifecycle
2026-09-05T10:20:00.7748966Z 45/57 Test #45: rs2_wrong_lifecycle .............................   Passed    0.00 sec
2026-09-05T10:20:00.7750636Z test 46
2026-09-05T10:20:00.7751108Z       Start 46: rs2_valid_arithmetic_state_immutability
2026-09-05T10:20:00.7751535Z 
2026-09-05T10:20:00.7752185Z 46: Test command: /home/runner/work/20231788./20231788./build/rs2_test "valid_arithmetic_state_immutability"
2026-09-05T10:20:00.7753236Z 46: Working Directory: /home/runner/work/20231788./20231788./build
2026-09-05T10:20:00.7753852Z 46: Test timeout computed to be: 10000000
2026-09-05T10:20:00.7816156Z 46: RS2 case passed: valid_arithmetic_state_immutability
2026-09-05T10:20:00.7820057Z 46/57 Test #46: rs2_valid_arithmetic_state_immutability .........   Passed    0.01 sec
2026-09-05T10:20:00.7821373Z test 47
2026-09-05T10:20:00.7821737Z       Start 47: rs2_mixed_tower_format
2026-09-05T10:20:00.7822056Z 
2026-09-05T10:20:00.7822521Z 47: Test command: /home/runner/work/20231788./20231788./build/rs2_test "mixed_tower_format"
2026-09-05T10:20:00.7823409Z 47: Working Directory: /home/runner/work/20231788./20231788./build
2026-09-05T10:20:00.7823815Z 47: Test timeout computed to be: 10000000
2026-09-05T10:20:00.7874429Z 47: RS2 case passed: mixed_tower_format
2026-09-05T10:20:00.7878312Z 47/57 Test #47: rs2_mixed_tower_format ..........................   Passed    0.01 sec
2026-09-05T10:20:00.7879935Z test 48
2026-09-05T10:20:00.7880434Z       Start 48: rs2_untouched_public_pipeline
2026-09-05T10:20:00.7880834Z 
2026-09-05T10:20:00.7881381Z 48: Test command: /home/runner/work/20231788./20231788./build/rs2_test "untouched_public_pipeline"
2026-09-05T10:20:00.7882214Z 48: Working Directory: /home/runner/work/20231788./20231788./build
2026-09-05T10:20:00.7882600Z 48: Test timeout computed to be: 10000000
2026-09-05T10:20:00.7968848Z 48: RS2 case passed: untouched_public_pipeline
2026-09-05T10:20:00.7973883Z 48/57 Test #48: rs2_untouched_public_pipeline ...................   Passed    0.01 sec
2026-09-05T10:20:00.7975247Z test 49
2026-09-05T10:20:00.7975617Z       Start 49: rs2_declared_basis_mismatch
2026-09-05T10:20:00.7975946Z 
2026-09-05T10:20:00.7976423Z 49: Test command: /home/runner/work/20231788./20231788./build/rs2_test "declared_basis_mismatch"
2026-09-05T10:20:00.7977021Z 49: Working Directory: /home/runner/work/20231788./20231788./build
2026-09-05T10:20:00.7977407Z 49: Test timeout computed to be: 10000000
2026-09-05T10:20:00.8027688Z 49: RS2 case passed: declared_basis_mismatch
2026-09-05T10:20:00.8031448Z 49/57 Test #49: rs2_declared_basis_mismatch .....................   Passed    0.01 sec
2026-09-05T10:20:00.8033365Z test 50
2026-09-05T10:20:00.8033765Z       Start 50: rs2_terminal_rejections
2026-09-05T10:20:00.8034101Z 
2026-09-05T10:20:00.8034552Z 50: Test command: /home/runner/work/20231788./20231788./build/rs2_test "terminal_rejections"
2026-09-05T10:20:00.8035385Z 50: Working Directory: /home/runner/work/20231788./20231788./build
2026-09-05T10:20:00.8035760Z 50: Test timeout computed to be: 10000000
2026-09-05T10:20:00.8080099Z 50: RS2 case passed: terminal_rejections
2026-09-05T10:20:00.8085094Z 50/57 Test #50: rs2_terminal_rejections .........................   Passed    0.01 sec
2026-09-05T10:20:00.8086298Z test 51
2026-09-05T10:20:00.8086716Z       Start 51: mult2_composition_contract
2026-09-05T10:20:00.8087069Z 
2026-09-05T10:20:00.8087554Z 51: Test command: /home/runner/work/20231788./20231788./build/mult2_test "composition_contract"
2026-09-05T10:20:00.8088449Z 51: Working Directory: /home/runner/work/20231788./20231788./build
2026-09-05T10:20:00.8088835Z 51: Test timeout computed to be: 10000000
2026-09-05T10:20:00.8148423Z 51: security_level=HEStd_NotSet(functional-only) ring_dimension=64 batch_size=16 scaling_mod_size=30 first_mod_size=35 multiplicative_depth=7 key_switch=HYBRID secret_key_dist=UNIFORM_TERNARY ckks_data_type=REAL active_Q_l_towers=7 q_div=1073741953 q_l=1073741441 ratio_2^(2p)/(q_div*q_l)=1.00000023655603276 frozen_decoded_abs_tolerance=0.00100000000000000002 measured_max_logical_slot_error=1.05164685058020716e-08
2026-09-05T10:20:00.8150934Z 51/57 Test #51: mult2_composition_contract ......................   Passed    0.01 sec
2026-09-05T10:20:00.8152408Z test 52
2026-09-05T10:20:00.8152980Z       Start 52: mult2_e2e_hybrid_real
2026-09-05T10:20:00.8153294Z 
2026-09-05T10:20:00.8153757Z 52: Test command: /home/runner/work/20231788./20231788./build/mult2_e2e_oracle_test "hybrid_real"
2026-09-05T10:20:00.8154359Z 52: Working Directory: /home/runner/work/20231788./20231788./build
2026-09-05T10:20:00.8154946Z 52: Test timeout computed to be: 10000000
2026-09-05T10:20:00.9008839Z 52: [RELIN2-EXECUTION] q_div=1073741953 q_l=1073741441 ordinary_combined_relin_execution_error=16 pair_relin_execution_error=27 high_path_relin_error=14 low_path_relin_error=14 execution_relin2_triangle_bound=28 paper_additivity_residual=19 paper_additivity_execution_observed=true secret_h=34 input_Q_l=52656049226897061758347970843194892279389197066160739197584863617 oracle_basis_agreement=true
2026-09-05T10:20:00.9016152Z 52: case=hybrid_real security_level=HEStd_NotSet(functional-only) key_switch=HYBRID secret_key_dist=UNIFORM_TERNARY ckks_data_type=REAL selected_ring_dimension=64 actual_N=64 batch_size=16 host_vector_length=8 encoding_noise_scale_degree=2 encoding_level=0 scaling_technique=FIXEDMANUAL digit_size=0 max_relin_sk_deg=2 scaling_mod_size=30 first_mod_size=35 multiplicative_depth=7 active_Q_l_towers=7 Q_l_bits=215 preselection_required_bits=174 selection_reserve_bits=32 q_div=1073741953 q_l=1073741441 ratio_2^(2p)/(q_div*q_l)=1.00000023655603276 descriptor_ratio=1.00000023655603276 M_high=107367068 M_low=4602674122 secret_h=34 ordinary_combined_relin_execution_error=16 pair_relin_execution_error=27 high_path_relin_error=14 low_path_relin_error=14 execution_relin2_triangle_bound=28 paper_additivity_residual=19 paper_additivity_execution_observed=true execution_certificate=PER_PATH_CONDITIONAL conservative_E_Relin_available=false universal_theorem_gate=UNPROVED execution_nonwrap_left=850593461169747944052649723011934492 execution_nonwrap_right_Q_l_over_2=26328024613448530879173985421597446139694598533080369598792431808 coefficient_error=80003411081020490989/1152921231876374273 execution_bound=2751982204561846922075/2305842463752748546 fixed_key_bv_bound_available=false frozen_decoded_abs_tolerance=0.00100000000000000002 measured_recorded_bias_error=9.78652359038706996e-09 measured_logical_slot_error=9.78652127532638171e-09
2026-09-05T10:20:00.9021330Z 52/57 Test #52: mult2_e2e_hybrid_real ...........................   Passed    0.09 sec
2026-09-05T10:20:00.9021723Z test 53
2026-09-05T10:20:00.9021942Z       Start 53: mult2_e2e_hybrid_complex
2026-09-05T10:20:00.9022124Z 
2026-09-05T10:20:00.9022416Z 53: Test command: /home/runner/work/20231788./20231788./build/mult2_e2e_oracle_test "hybrid_complex"
2026-09-05T10:20:00.9023215Z 53: Working Directory: /home/runner/work/20231788./20231788./build
2026-09-05T10:20:00.9023576Z 53: Test timeout computed to be: 10000000
2026-09-05T10:20:01.0500832Z 53: [RELIN2-EXECUTION] q_div=1073741953 q_l=1073741441 ordinary_combined_relin_execution_error=15 pair_relin_execution_error=29 high_path_relin_error=12 low_path_relin_error=18 execution_relin2_triangle_bound=30 paper_additivity_residual=15 paper_additivity_execution_observed=true secret_h=32 input_Q_l=52656049226897061758347970843194892279389197066160739197584863617 oracle_basis_agreement=true
2026-09-05T10:20:01.0507790Z 53: case=hybrid_complex security_level=HEStd_NotSet(functional-only) key_switch=HYBRID secret_key_dist=UNIFORM_TERNARY ckks_data_type=COMPLEX selected_ring_dimension=64 actual_N=64 batch_size=16 host_vector_length=8 encoding_noise_scale_degree=2 encoding_level=0 scaling_technique=FIXEDMANUAL digit_size=0 max_relin_sk_deg=2 scaling_mod_size=30 first_mod_size=35 multiplicative_depth=7 active_Q_l_towers=7 Q_l_bits=215 preselection_required_bits=174 selection_reserve_bits=32 q_div=1073741953 q_l=1073741441 ratio_2^(2p)/(q_div*q_l)=1.00000023655603276 descriptor_ratio=1.00000023655603276 M_high=88152833 M_low=4982527162 secret_h=32 ordinary_combined_relin_execution_error=15 pair_relin_execution_error=29 high_path_relin_error=12 low_path_relin_error=18 execution_relin2_triangle_bound=30 paper_additivity_residual=15 paper_additivity_execution_observed=true execution_certificate=PER_PATH_CONDITIONAL conservative_E_Relin_available=false universal_theorem_gate=UNPROVED execution_nonwrap_left=573393033030831616570751104605447774 execution_nonwrap_right_Q_l_over_2=26328024613448530879173985421597446139694598533080369598792431808 coefficient_error=74836099968664297246/1152921231876374273 execution_bound=3215720246485019971421/2305842463752748546 fixed_key_bv_bound_available=false frozen_decoded_abs_tolerance=0.00100000000000000002 measured_recorded_bias_error=1.32248406783700945e-09 measured_logical_slot_error=1.32248375475080568e-09
2026-09-05T10:20:01.0513406Z 53/57 Test #53: mult2_e2e_hybrid_complex ........................   Passed    0.15 sec
2026-09-05T10:20:01.0513797Z test 54
2026-09-05T10:20:01.0513996Z       Start 54: mult2_e2e_bv_real
2026-09-05T10:20:01.0514175Z 
2026-09-05T10:20:01.0514435Z 54: Test command: /home/runner/work/20231788./20231788./build/mult2_e2e_oracle_test "bv_real"
2026-09-05T10:20:01.0514961Z 54: Working Directory: /home/runner/work/20231788./20231788./build
2026-09-05T10:20:01.0515320Z 54: Test timeout computed to be: 10000000
2026-09-05T10:20:01.1235431Z 54: [RELIN2-EXECUTION] q_div=1073741953 q_l=1073741441 ordinary_combined_relin_execution_error=221800217792 pair_relin_execution_error=245331538613 high_path_relin_error=250362886177 low_path_relin_error=200276164573 execution_relin2_triangle_bound=450639050750 paper_additivity_residual=249108085903 paper_additivity_execution_observed=false secret_h=40 input_Q_l=52656049226897061758347970843194892279389197066160739197584863617 oracle_basis_agreement=true
2026-09-05T10:20:01.1249164Z 54: case=bv_real security_level=HEStd_NotSet(functional-only) key_switch=BV secret_key_dist=UNIFORM_TERNARY ckks_data_type=REAL selected_ring_dimension=64 actual_N=64 batch_size=16 host_vector_length=8 encoding_noise_scale_degree=2 encoding_level=0 scaling_technique=FIXEDMANUAL digit_size=0 max_relin_sk_deg=2 scaling_mod_size=30 first_mod_size=35 multiplicative_depth=7 active_Q_l_towers=7 Q_l_bits=215 preselection_required_bits=174 selection_reserve_bits=32 q_div=1073741953 q_l=1073741441 ratio_2^(2p)/(q_div*q_l)=1.00000023655603276 descriptor_ratio=1.00000023655603276 M_high=107367068 M_low=4558851813 secret_h=40 ordinary_combined_relin_execution_error=221800217792 pair_relin_execution_error=245331538613 high_path_relin_error=250362886177 low_path_relin_error=200276164573 execution_relin2_triangle_bound=450639050750 paper_additivity_residual=249108085903 paper_additivity_execution_observed=false execution_certificate=PER_PATH_CONDITIONAL conservative_E_Relin_available=false universal_theorem_gate=UNPROVED execution_nonwrap_left=850593460523087554859094011423094846 execution_nonwrap_right_Q_l_over_2=26328024613448530879173985421597446139694598533080369598792431808 coefficient_error=281430063965427689467/1152921231876374273 execution_bound=3675250500578027106725/2305842463752748546 fixed_key_bv_bound_available=true fixed_key_bv_bound_status=CANDIDATE_FIXED_KEY_CIPHERTEXT_UNIFORM_CONDITIONAL_ON_CENTERED_DIGIT_LIFT fixed_key_bv_noise_scale=1 fixed_key_bv_active_rows=7 fixed_key_bv_raised_high_q_div_digit=ZERO fixed_key_bv_row_residual_norms=3,2,2,3,3,2,3 fixed_key_bv_per_path_raw_bound=3813930610688 fixed_key_bv_pair_raw_bound=7627861221376 fixed_key_bv_integer_lift_nonwrap=true fixed_key_bv_conservative_nonwrap_left=850593460523087554859101188645265472 fixed_key_bv_conservative_bound=19088219601783748051881/2305842463752748546 fixed_key_bv_final_integer_lift=1701186921046194197937788905316140073<56539009134152591222370164266759140395695978104921302317938424343356224001 fixed_key_bv_unconditional_gaussian_key_bound=false fixed_key_bv_universal_theorem_gate=UNPROVED centered_digit_boundary_probe=PASSED frozen_decoded_abs_tolerance=0.00100000000000000002 measured_recorded_bias_error=5.89680257401248298e-09 measured_logical_slot_error=5.8968011862337022e-09
2026-09-05T10:20:01.1257292Z 54/57 Test #54: mult2_e2e_bv_real ...............................   Passed    0.07 sec
2026-09-05T10:20:01.1257697Z test 55
2026-09-05T10:20:01.1257899Z       Start 55: mult2_e2e_bv_complex
2026-09-05T10:20:01.1258079Z 
2026-09-05T10:20:01.1258351Z 55: Test command: /home/runner/work/20231788./20231788./build/mult2_e2e_oracle_test "bv_complex"
2026-09-05T10:20:01.1258872Z 55: Working Directory: /home/runner/work/20231788./20231788./build
2026-09-05T10:20:01.1259382Z 55: Test timeout computed to be: 10000000
2026-09-05T10:20:01.1995699Z 55: [RELIN2-EXECUTION] q_div=1073741953 q_l=1073741441 ordinary_combined_relin_execution_error=211622434692 pair_relin_execution_error=393733408282 high_path_relin_error=197936488969 low_path_relin_error=207643841463 execution_relin2_triangle_bound=405580330432 paper_additivity_residual=457414018967 paper_additivity_execution_observed=false secret_h=40 input_Q_l=52656049226897061758347970843194892279389197066160739197584863617 oracle_basis_agreement=true
2026-09-05T10:20:01.2010026Z 55: case=bv_complex security_level=HEStd_NotSet(functional-only) key_switch=BV secret_key_dist=UNIFORM_TERNARY ckks_data_type=COMPLEX selected_ring_dimension=64 actual_N=64 batch_size=16 host_vector_length=8 encoding_noise_scale_degree=2 encoding_level=0 scaling_technique=FIXEDMANUAL digit_size=0 max_relin_sk_deg=2 scaling_mod_size=30 first_mod_size=35 multiplicative_depth=7 active_Q_l_towers=7 Q_l_bits=215 preselection_required_bits=174 selection_reserve_bits=32 q_div=1073741953 q_l=1073741441 ratio_2^(2p)/(q_div*q_l)=1.00000023655603276 descriptor_ratio=1.00000023655603276 M_high=88152835 M_low=5368709786 secret_h=40 ordinary_combined_relin_execution_error=211622434692 pair_relin_execution_error=393733408282 high_path_relin_error=197936488969 low_path_relin_error=207643841463 execution_relin2_triangle_bound=405580330432 paper_additivity_residual=457414018967 paper_additivity_execution_observed=false execution_certificate=PER_PATH_CONDITIONAL conservative_E_Relin_available=false universal_theorem_gate=UNPROVED execution_nonwrap_left=573393063727811439701359330902870016 execution_nonwrap_right_Q_l_over_2=26328024613448530879173985421597446139694598533080369598792431808 coefficient_error=442396006772511761437/1152921231876374273 execution_bound=4607596732785210594473/2305842463752748546 fixed_key_bv_bound_available=true fixed_key_bv_bound_status=CANDIDATE_FIXED_KEY_CIPHERTEXT_UNIFORM_CONDITIONAL_ON_CENTERED_DIGIT_LIFT fixed_key_bv_noise_scale=1 fixed_key_bv_active_rows=7 fixed_key_bv_raised_high_q_div_digit=ZERO fixed_key_bv_row_residual_norms=2,2,2,3,2,2,2 fixed_key_bv_per_path_raw_bound=2645699645440 fixed_key_bv_pair_raw_bound=5291399290880 fixed_key_bv_integer_lift_nonwrap=true fixed_key_bv_conservative_nonwrap_left=573393063727811439701364216721830464 fixed_key_bv_conservative_bound=15099814317976941144361/2305842463752748546 fixed_key_bv_final_integer_lift=1146786127455637979217035827586223529<56539009134152591222370164266759140395695978104921302317938424343356224001 fixed_key_bv_unconditional_gaussian_key_bound=false fixed_key_bv_universal_theorem_gate=UNPROVED centered_digit_boundary_probe=PASSED frozen_decoded_abs_tolerance=0.00100000000000000002 measured_recorded_bias_error=1.32248364425583955e-09 measured_logical_slot_error=1.32248333116969575e-09
2026-09-05T10:20:01.2019399Z 55/57 Test #55: mult2_e2e_bv_complex ............................   Passed    0.08 sec
2026-09-05T10:20:01.2019805Z test 56
2026-09-05T10:20:01.2020054Z       Start 56: mult2_pair_add_input_hybrid_complex
2026-09-05T10:20:01.2020277Z 
2026-09-05T10:20:01.2020615Z 56: Test command: /home/runner/work/20231788./20231788./build/mult2_e2e_oracle_test "pair_add_input_hybrid_complex"
2026-09-05T10:20:01.2021227Z 56: Working Directory: /home/runner/work/20231788./20231788./build
2026-09-05T10:20:01.2021592Z 56: Test timeout computed to be: 10000000
2026-09-05T10:20:01.3037638Z 56: [RELIN2-EXECUTION] q_div=1073741953 q_l=1073741441 ordinary_combined_relin_execution_error=12 pair_relin_execution_error=15 high_path_relin_error=8 low_path_relin_error=10 execution_relin2_triangle_bound=18 paper_additivity_residual=11 paper_additivity_execution_observed=true secret_h=40 input_Q_l=52656049226897061758347970843194892279389197066160739197584863617 oracle_basis_agreement=true
2026-09-05T10:20:01.3046177Z 56: case=pair_add_input_hybrid_complex security_level=HEStd_NotSet(functional-only) key_switch=HYBRID secret_key_dist=UNIFORM_TERNARY ckks_data_type=COMPLEX selected_ring_dimension=64 actual_N=64 batch_size=16 host_vector_length=8 encoding_noise_scale_degree=2 encoding_level=0 scaling_technique=FIXEDMANUAL digit_size=0 max_relin_sk_deg=2 scaling_mod_size=30 first_mod_size=35 multiplicative_depth=7 active_Q_l_towers=7 Q_l_bits=215 preselection_required_bits=174 selection_reserve_bits=32 q_div=1073741953 q_l=1073741441 ratio_2^(2p)/(q_div*q_l)=1.00000023655603276 descriptor_ratio=1.00000023655603276 M_high=89261193 M_low=5953462358 secret_h=40 ordinary_combined_relin_execution_error=12 pair_relin_execution_error=15 high_path_relin_error=8 low_path_relin_error=10 execution_relin2_triangle_bound=18 paper_additivity_residual=11 paper_additivity_execution_observed=true execution_certificate=PER_PATH_CONDITIONAL conservative_E_Relin_available=false universal_theorem_gate=UNPROVED execution_nonwrap_left=587902417631754279058731400773783634 execution_nonwrap_right_Q_l_over_2=26328024613448530879173985421597446139694598533080369598792431808 coefficient_error=108380209013692764106/1152921231876374273 execution_bound=4584065168705319836493/2305842463752748546 fixed_key_bv_bound_available=false frozen_decoded_abs_tolerance=0.00100000000000000002 measured_recorded_bias_error=6.60322102805780506e-10 measured_logical_slot_error=6.60321946602642616e-10
2026-09-05T10:20:01.3051656Z 56/57 Test #56: mult2_pair_add_input_hybrid_complex .............   Passed    0.10 sec
2026-09-05T10:20:01.3052058Z test 57
2026-09-05T10:20:01.3052295Z       Start 57: mult2_pair_sub_input_hybrid_complex
2026-09-05T10:20:01.3052507Z 
2026-09-05T10:20:01.3053132Z 57: Test command: /home/runner/work/20231788./20231788./build/mult2_e2e_oracle_test "pair_sub_input_hybrid_complex"
2026-09-05T10:20:01.3053759Z 57: Working Directory: /home/runner/work/20231788./20231788./build
2026-09-05T10:20:01.3054135Z 57: Test timeout computed to be: 10000000
2026-09-05T10:20:01.4240386Z 57: [RELIN2-EXECUTION] q_div=1073741953 q_l=1073741441 ordinary_combined_relin_execution_error=10 pair_relin_execution_error=16 high_path_relin_error=11 low_path_relin_error=8 execution_relin2_triangle_bound=19 paper_additivity_residual=11 paper_additivity_execution_observed=true secret_h=40 input_Q_l=52656049226897061758347970843194892279389197066160739197584863617 oracle_basis_agreement=true
2026-09-05T10:20:01.4251228Z 57: case=pair_sub_input_hybrid_complex security_level=HEStd_NotSet(functional-only) key_switch=HYBRID secret_key_dist=UNIFORM_TERNARY ckks_data_type=COMPLEX selected_ring_dimension=64 actual_N=64 batch_size=16 host_vector_length=8 encoding_noise_scale_degree=2 encoding_level=0 scaling_technique=FIXEDMANUAL digit_size=0 max_relin_sk_deg=2 scaling_mod_size=30 first_mod_size=35 multiplicative_depth=7 active_Q_l_towers=7 Q_l_bits=215 preselection_required_bits=174 selection_reserve_bits=32 q_div=1073741953 q_l=1073741441 ratio_2^(2p)/(q_div*q_l)=1.00000023655603276 descriptor_ratio=1.00000023655603276 M_high=89261192 M_low=7516193599 secret_h=40 ordinary_combined_relin_execution_error=10 pair_relin_execution_error=16 high_path_relin_error=11 low_path_relin_error=8 execution_relin2_triangle_bound=19 paper_additivity_residual=11 paper_additivity_execution_observed=true execution_certificate=PER_PATH_CONDITIONAL conservative_E_Relin_available=false universal_theorem_gate=UNPROVED execution_nonwrap_left=587902423630658834587830383966760019 execution_nonwrap_right_Q_l_over_2=26328024613448530879173985421597446139694598533080369598792431808 coefficient_error=135289002552611231401/1152921231876374273 execution_bound=7278395046406750857935/2305842463752748546 fixed_key_bv_bound_available=false frozen_decoded_abs_tolerance=0.00100000000000000002 measured_recorded_bias_error=8.52649186490911097e-10 measured_logical_slot_error=8.52648983447076941e-10
2026-09-05T10:20:01.4259167Z 57/57 Test #57: mult2_pair_sub_input_hybrid_complex .............   Passed    0.12 sec
2026-09-05T10:20:01.4259743Z 
2026-09-05T10:20:01.4259920Z The following tests passed:
2026-09-05T10:20:01.4260192Z 	dcp_rcb
2026-09-05T10:20:01.4260416Z 	precision_dcp_rcb_high_precision_contract
2026-09-05T10:20:01.4260917Z 	precision_first_mult2_high_precision_contract
2026-09-05T10:20:01.4261226Z 	pair_add_runtime_behavior
2026-09-05T10:20:01.4261470Z 	pair_sub_runtime_behavior
2026-09-05T10:20:01.4261716Z 	pair_arithmetic_controlled_oracle
2026-09-05T10:20:01.4262013Z 	pair_arithmetic_public_lifecycles_keyless
2026-09-05T10:20:01.4262310Z 	pair_arithmetic_compatibility_rejections
2026-09-05T10:20:01.4262605Z 	tensor2_valid_arithmetic_immutability
2026-09-05T10:20:01.4263308Z 	tensor2_result_scale_contract
2026-09-05T10:20:01.4263788Z 	tensor2_right_input_validation
2026-09-05T10:20:01.4264220Z 	tensor2_mutual_compatibility
2026-09-05T10:20:01.4264686Z 	tensor2_prearithmetic_key_compatibility
2026-09-05T10:20:01.4265092Z 	relin2_tensor_validation_order
2026-09-05T10:20:01.4265353Z 	relin2_insufficient_active_basis
2026-09-05T10:20:01.4265618Z 	relin2_missing_eval_key
2026-09-05T10:20:01.4265843Z 	relin2_key_empty
2026-09-05T10:20:01.4266053Z 	relin2_key_null_first
2026-09-05T10:20:01.4266280Z 	relin2_key_wrong_context
2026-09-05T10:20:01.4266510Z 	relin2_key_wrong_tag
2026-09-05T10:20:01.4266730Z 	relin2_key_wrong_subtype
2026-09-05T10:20:01.4266977Z 	relin2_key_hybrid_a_length
2026-09-05T10:20:01.4267221Z 	relin2_key_hybrid_b_length
2026-09-05T10:20:01.4267471Z 	relin2_key_hybrid_entry_basis
2026-09-05T10:20:01.4267732Z 	relin2_key_hybrid_entry_format
2026-09-05T10:20:01.4267992Z 	relin2_key_bv_zero_digit_a_length
2026-09-05T10:20:01.4268256Z 	relin2_key_bv_zero_digit_b_length
2026-09-05T10:20:01.4268519Z 	relin2_key_bv_nonzero_digit_a_length
2026-09-05T10:20:01.4268798Z 	relin2_key_bv_nonzero_digit_b_length
2026-09-05T10:20:01.4269072Z 	relin2_key_bv_zero_digit_entry_basis
2026-09-05T10:20:01.4269342Z 	relin2_key_bv_nonzero_digit_entry_basis
2026-09-05T10:20:01.4269625Z 	relin2_key_bv_zero_digit_entry_format
2026-09-05T10:20:01.4269907Z 	relin2_key_bv_nonzero_digit_entry_format
2026-09-05T10:20:01.4270204Z 	relin2_valid_arithmetic_state_immutability
2026-09-05T10:20:01.4270512Z 	relin2_controlled_witnesses_and_boundaries
2026-09-05T10:20:01.4270812Z 	relin2_representative_public_input
2026-09-05T10:20:01.4271089Z 	relin2_key_extra_later_valid
2026-09-05T10:20:01.4271346Z 	relin2_key_malformed_later_ignored
2026-09-05T10:20:01.4271618Z 	relin2_hybrid_valid_shapes
2026-09-05T10:20:01.4271869Z 	relin2_bv_zero_digit_valid_shapes
2026-09-05T10:20:01.4272141Z 	relin2_bv_nonzero_digit_valid_shapes
2026-09-05T10:20:01.4272420Z 	relin2_first_recombined_rcb_validation
2026-09-05T10:20:01.4272970Z 	relin2_first_recombined_tensor2_validation
2026-09-05T10:20:01.4273286Z 	relin2_tensor2_requires_first_lifecycle
2026-09-05T10:20:01.4273559Z 	rs2_wrong_lifecycle
2026-09-05T10:20:01.4273955Z 	rs2_valid_arithmetic_state_immutability
2026-09-05T10:20:01.4274244Z 	rs2_mixed_tower_format
2026-09-05T10:20:01.4274488Z 	rs2_untouched_public_pipeline
2026-09-05T10:20:01.4274741Z 	rs2_declared_basis_mismatch
2026-09-05T10:20:01.4274985Z 	rs2_terminal_rejections
2026-09-05T10:20:01.4275227Z 	mult2_composition_contract
2026-09-05T10:20:01.4275467Z 	mult2_e2e_hybrid_real
2026-09-05T10:20:01.4275691Z 	mult2_e2e_hybrid_complex
2026-09-05T10:20:01.4275917Z 	mult2_e2e_bv_real
2026-09-05T10:20:01.4276122Z 	mult2_e2e_bv_complex
2026-09-05T10:20:01.4276359Z 	mult2_pair_add_input_hybrid_complex
2026-09-05T10:20:01.4276634Z 	mult2_pair_sub_input_hybrid_complex
2026-09-05T10:20:01.4276810Z 
2026-09-05T10:20:01.4276920Z 100% tests passed, 0 tests failed out of 57
2026-09-05T10:20:01.4277120Z 
2026-09-05T10:20:01.4277216Z Total Test time (real) =   1.37 sec
2026-09-05T10:20:01.4303418Z ##[group]Run cmake --build build --target mult2_api_contract_test --parallel 2
2026-09-05T10:20:01.4304002Z [36;1mcmake --build build --target mult2_api_contract_test --parallel 2[0m
2026-09-05T10:20:01.4339369Z shell: /usr/bin/bash -e {0}
2026-09-05T10:20:01.4339628Z env:
2026-09-05T10:20:01.4339900Z   OPENFHE_COMMIT: df495ba2e91739a6dc8f1de254fc5a41155ce504
2026-09-05T10:20:01.4340352Z   OPENFHE_PREFIX: /home/runner/work/20231788./20231788./.ci/openfhe-install
2026-09-05T10:20:01.4340891Z ##[endgroup]
2026-09-05T10:20:01.4702413Z [ 60%] Built target openfhe_2023_1788
2026-09-05T10:20:01.4769646Z [ 80%] Building CXX object CMakeFiles/mult2_api_contract_test.dir/tests/mult2_api_contract_test.cpp.o
2026-09-05T10:20:03.9534620Z [100%] Linking CXX executable mult2_api_contract_test
2026-09-05T10:20:04.0139351Z [100%] Built target mult2_api_contract_test
2026-09-05T10:20:04.0213661Z ##[group]Run cmake --build build --target add_api_contract_test --parallel 2
2026-09-05T10:20:04.0214679Z [36;1mcmake --build build --target add_api_contract_test --parallel 2[0m
2026-09-05T10:20:04.0266026Z shell: /usr/bin/bash -e {0}
2026-09-05T10:20:04.0266464Z env:
2026-09-05T10:20:04.0266932Z   OPENFHE_COMMIT: df495ba2e91739a6dc8f1de254fc5a41155ce504
2026-09-05T10:20:04.0267741Z   OPENFHE_PREFIX: /home/runner/work/20231788./20231788./.ci/openfhe-install
2026-09-05T10:20:04.0268405Z ##[endgroup]
2026-09-05T10:20:04.0641884Z [ 60%] Built target openfhe_2023_1788
2026-09-05T10:20:04.0709758Z [ 80%] Building CXX object CMakeFiles/add_api_contract_test.dir/tests/add_api_contract_test.cpp.o
2026-09-05T10:20:06.5661545Z [100%] Linking CXX executable add_api_contract_test
2026-09-05T10:20:06.6277405Z [100%] Built target add_api_contract_test
2026-09-05T10:20:06.6339230Z ##[group]Run cmake --build build --target sub_api_contract_test --parallel 2
2026-09-05T10:20:06.6339813Z [36;1mcmake --build build --target sub_api_contract_test --parallel 2[0m
2026-09-05T10:20:06.6375851Z shell: /usr/bin/bash -e {0}
2026-09-05T10:20:06.6376110Z env:
2026-09-05T10:20:06.6376394Z   OPENFHE_COMMIT: df495ba2e91739a6dc8f1de254fc5a41155ce504
2026-09-05T10:20:06.6376849Z   OPENFHE_PREFIX: /home/runner/work/20231788./20231788./.ci/openfhe-install
2026-09-05T10:20:06.6377231Z ##[endgroup]
2026-09-05T10:20:06.6732130Z [ 60%] Built target openfhe_2023_1788
2026-09-05T10:20:06.6799406Z [ 80%] Building CXX object CMakeFiles/sub_api_contract_test.dir/tests/sub_api_contract_test.cpp.o
2026-09-05T10:20:09.1391074Z [100%] Linking CXX executable sub_api_contract_test
2026-09-05T10:20:09.2045774Z [100%] Built target sub_api_contract_test
2026-09-05T10:20:09.2106205Z ##[group]Run cmake --build build --target precision_client_io_first_mult2_contract_test --parallel 2
2026-09-05T10:20:09.2106931Z [36;1mcmake --build build --target precision_client_io_first_mult2_contract_test --parallel 2[0m
2026-09-05T10:20:09.2143135Z shell: /usr/bin/bash -e {0}
2026-09-05T10:20:09.2143411Z env:
2026-09-05T10:20:09.2143691Z   OPENFHE_COMMIT: df495ba2e91739a6dc8f1de254fc5a41155ce504
2026-09-05T10:20:09.2144153Z   OPENFHE_PREFIX: /home/runner/work/20231788./20231788./.ci/openfhe-install
2026-09-05T10:20:09.2144532Z ##[endgroup]
2026-09-05T10:20:09.2503937Z [ 60%] Built target openfhe_2023_1788
2026-09-05T10:20:09.2573274Z [ 80%] Building CXX object CMakeFiles/precision_client_io_first_mult2_contract_test.dir/tests/precision_client_io_first_mult2_contract_test.cpp.o
2026-09-05T10:20:29.6631713Z [100%] Linking CXX executable precision_client_io_first_mult2_contract_test
2026-09-05T10:20:29.8287560Z [100%] Built target precision_client_io_first_mult2_contract_test
2026-09-05T10:20:29.8350910Z ##[group]Run ctest --test-dir build --verbose --output-on-failure -R '^precision_client_io_first_mult2_contract$'
2026-09-05T10:20:29.8351702Z [36;1mctest --test-dir build --verbose --output-on-failure -R '^precision_client_io_first_mult2_contract$'[0m
2026-09-05T10:20:29.8387548Z shell: /usr/bin/bash -e {0}
2026-09-05T10:20:29.8387809Z env:
2026-09-05T10:20:29.8388075Z   OPENFHE_COMMIT: df495ba2e91739a6dc8f1de254fc5a41155ce504
2026-09-05T10:20:29.8388521Z   OPENFHE_PREFIX: /home/runner/work/20231788./20231788./.ci/openfhe-install
2026-09-05T10:20:29.8388897Z ##[endgroup]
2026-09-05T10:20:29.8456608Z Internal ctest changing into directory: /home/runner/work/20231788./20231788./build
2026-09-05T10:20:29.8458190Z UpdateCTestConfiguration  from :/home/runner/work/20231788./20231788./build/DartConfiguration.tcl
2026-09-05T10:20:29.8459407Z UpdateCTestConfiguration  from :/home/runner/work/20231788./20231788./build/DartConfiguration.tcl
2026-09-05T10:20:29.8473909Z Test project /home/runner/work/20231788./20231788./build
2026-09-05T10:20:29.8474523Z Constructing a list of tests
2026-09-05T10:20:29.8474977Z Done constructing a list of tests
2026-09-05T10:20:29.8475463Z Updating test list for fixtures
2026-09-05T10:20:29.8475953Z Added 0 tests to meet fixture requirements
2026-09-05T10:20:29.8476495Z Checking test dependency graph...
2026-09-05T10:20:29.8476983Z Checking test dependency graph end
2026-09-05T10:20:29.8477505Z test 58
2026-09-05T10:20:29.8477949Z     Start 58: precision_client_io_first_mult2_contract
2026-09-05T10:20:29.8478353Z 
2026-09-05T10:20:29.8478910Z 58: Test command: /home/runner/work/20231788./20231788./build/precision_client_io_first_mult2_contract_test
2026-09-05T10:20:29.8479948Z 58: Working Directory: /home/runner/work/20231788./20231788./build
2026-09-05T10:20:29.8480704Z 58: Test timeout computed to be: 10000000
2026-09-05T10:20:30.0232215Z 58: test=precision_client_io_first_mult2_contract result=PASS source=4648da463c6ec77f6f23acb1a56c5dce88c7732e openfhe_pin=df495ba2e91739a6dc8f1de254fc5a41155ce504 claim_scope=low-N-first-operation-production-io-diagnostic N=64 S=16 gap=2 native=64 backend=4 depth=7 scaling_bits=50 first_bits=55 key_switch=HYBRID scaling=FIXEDMANUAL data=COMPLEX execution=EXEC_EVALUATION decrypt_noise=FIXED_NOISE_DECRYPT encryption=STANDARD multiplication=HPS PRE=NOT_SET noise_scale=1 secret=UNIFORM_TERNARY security=HEStd_NotSet fresh_keypairs=1 eval_keygen_calls=1 q_div=1125899906843009 q_l=1125899906840833 exact_scale_numerator=1606938044258990275541962092341162602522202993782792835301376 exact_scale_denominator=1267650600226646386227681786497 max_fresh_public_error=2.56057643664998945322864827430435198613355778e-28 max_fresh_oracle_error=2.56057643664998945322864827430435198613355778e-28 max_product_public_error=3.83655910728679940918621882687725507470269937e-28 max_product_oracle_error=3.83655910728679940918621882687725507470269937e-28 input_public_delta_error=3.00994377971897782951694764450357306596468637e-28 input_oracle_delta_error=3.00994377971897782951694764450357306596468637e-28 product_public_delta_error=3.64955005207777202246206295389807022366884261e-28 product_oracle_delta_error=3.64955005207777202246206295389807022366884261e-28 max_horner_component_disagreement=1.032506025503283841321e-107 cross_precision_error=9.69978346078924437795832040194395008135659155e-166 centered_headroom=32592575621437030210620824512759899172413712944662430971418726595098153787900901747269577027 malformed_key_rejections=32
2026-09-05T10:20:30.0273633Z 58: first_modulus_boundary_fixture ready=1 actual_first_bits=56 Q_towers=8 N=64 M=128 fixture_new_keypairs=0
2026-09-05T10:20:30.0283464Z 58: first_modulus_boundary_rejection passed
2026-09-05T10:20:30.0284495Z 58: clone_isolation_contract passed fresh_and_result=1 coefficients=1 scalars=1 present_empty_maps=1
2026-09-05T10:20:30.0286051Z 58: shared_params_fixture allocation_plan additional_matching_keypairs=1 additional_eval_keygen_calls=1 actual_first_bits=55 isolated_context_and_bases=1
2026-09-05T10:20:30.1083332Z 58: shared_params_fixture ready=1 valid_clone_bind_decrypt=1 actual_first_bits=55 Q_towers=8 fixture_new_keypairs=1 fixture_eval_keygen_calls=1 crypto_complete_before_drift=1
2026-09-05T10:20:30.1108879Z 58: shared_params_mutation ready=1 Q_towers_before=8 Q_towers_after=7 immutable_receipt_towers=8 next_boundary=CloneForEvaluation
2026-09-05T10:20:30.1114537Z 58: terminate called after throwing an instance of 'lossless_client_io_test::TestFailure'
2026-09-05T10:20:30.1115921Z 58:   what():  required shared-Params rejection was accepted at CloneForEvaluation: HighPrecisionClientIO: shared context basis changed
2026-09-05T10:20:30.3251970Z 1/1 Test #58: precision_client_io_first_mult2_contract ...Subprocess aborted***Exception:   0.48 sec
2026-09-05T10:20:30.3263581Z test=precision_client_io_first_mult2_contract result=PASS source=4648da463c6ec77f6f23acb1a56c5dce88c7732e openfhe_pin=df495ba2e91739a6dc8f1de254fc5a41155ce504 claim_scope=low-N-first-operation-production-io-diagnostic N=64 S=16 gap=2 native=64 backend=4 depth=7 scaling_bits=50 first_bits=55 key_switch=HYBRID scaling=FIXEDMANUAL data=COMPLEX execution=EXEC_EVALUATION decrypt_noise=FIXED_NOISE_DECRYPT encryption=STANDARD multiplication=HPS PRE=NOT_SET noise_scale=1 secret=UNIFORM_TERNARY security=HEStd_NotSet fresh_keypairs=1 eval_keygen_calls=1 q_div=1125899906843009 q_l=1125899906840833 exact_scale_numerator=1606938044258990275541962092341162602522202993782792835301376 exact_scale_denominator=1267650600226646386227681786497 max_fresh_public_error=2.56057643664998945322864827430435198613355778e-28 max_fresh_oracle_error=2.56057643664998945322864827430435198613355778e-28 max_product_public_error=3.83655910728679940918621882687725507470269937e-28 max_product_oracle_error=3.83655910728679940918621882687725507470269937e-28 input_public_delta_error=3.00994377971897782951694764450357306596468637e-28 input_oracle_delta_error=3.00994377971897782951694764450357306596468637e-28 product_public_delta_error=3.64955005207777202246206295389807022366884261e-28 product_oracle_delta_error=3.64955005207777202246206295389807022366884261e-28 max_horner_component_disagreement=1.032506025503283841321e-107 cross_precision_error=9.69978346078924437795832040194395008135659155e-166 centered_headroom=32592575621437030210620824512759899172413712944662430971418726595098153787900901747269577027 malformed_key_rejections=32
2026-09-05T10:20:30.3273157Z first_modulus_boundary_fixture ready=1 actual_first_bits=56 Q_towers=8 N=64 M=128 fixture_new_keypairs=0
2026-09-05T10:20:30.3274049Z first_modulus_boundary_rejection passed
2026-09-05T10:20:30.3274914Z clone_isolation_contract passed fresh_and_result=1 coefficients=1 scalars=1 present_empty_maps=1
2026-09-05T10:20:30.3275792Z shared_params_fixture allocation_plan additional_matching_keypairs=1 additional_eval_keygen_calls=1 actual_first_bits=55 isolated_context_and_bases=1
2026-09-05T10:20:30.3276864Z shared_params_fixture ready=1 valid_clone_bind_decrypt=1 actual_first_bits=55 Q_towers=8 fixture_new_keypairs=1 fixture_eval_keygen_calls=1 crypto_complete_before_drift=1
2026-09-05T10:20:30.3277832Z shared_params_mutation ready=1 Q_towers_before=8 Q_towers_after=7 immutable_receipt_towers=8 next_boundary=CloneForEvaluation
2026-09-05T10:20:30.3278566Z terminate called after throwing an instance of 'lossless_client_io_test::TestFailure'
2026-09-05T10:20:30.3279311Z   what():  required shared-Params rejection was accepted at CloneForEvaluation: HighPrecisionClientIO: shared context basis changed
2026-09-05T10:20:30.3279810Z 
2026-09-05T10:20:30.3279926Z Errors while running CTest
2026-09-05T10:20:30.3280079Z 
2026-09-05T10:20:30.3280193Z 0% tests passed, 1 tests failed out of 1
2026-09-05T10:20:30.3280385Z 
2026-09-05T10:20:30.3280482Z Total Test time (real) =   0.48 sec
2026-09-05T10:20:30.3280657Z 
2026-09-05T10:20:30.3280748Z The following tests FAILED:
2026-09-05T10:20:30.3281088Z 	 58 - precision_client_io_first_mult2_contract (Subprocess aborted)
2026-09-05T10:20:30.3297402Z ##[error]Process completed with exit code 8.
2026-09-05T10:20:30.3452316Z Node 20 is being deprecated. This workflow is running with Node 24 by default. If you need to temporarily use Node 20, you can set the ACTIONS_ALLOW_USE_UNSECURE_NODE_VERSION=true environment variable. For more information see: https://github.blog/changelog/2025-09-19-deprecation-of-node-20-on-github-actions-runners/
2026-09-05T10:20:30.3454539Z Post job cleanup.
2026-09-05T10:20:30.4424012Z [command]/usr/bin/git version
2026-09-05T10:20:30.4455922Z git version 2.55.0
2026-09-05T10:20:30.4494667Z Temporarily overriding HOME='/home/runner/work/_temp/46ca2b45-d37b-4e29-bcb6-bd3083077fe8' before making global git config changes
2026-09-05T10:20:30.4496287Z Adding repository directory to the temporary git global config as a safe directory
2026-09-05T10:20:30.4503350Z [command]/usr/bin/git config --global --add safe.directory /home/runner/work/20231788./20231788./.ci/openfhe-src
2026-09-05T10:20:30.4542484Z [command]/usr/bin/git config --local --name-only --get-regexp core\.sshCommand
2026-09-05T10:20:30.4582520Z [command]/usr/bin/git submodule foreach --recursive sh -c "git config --local --name-only --get-regexp 'core\.sshCommand' && git config --local --unset-all 'core.sshCommand' || :"
2026-09-05T10:20:30.4854340Z Entering 'third-party/cereal'
2026-09-05T10:20:30.4925449Z Entering 'third-party/google-benchmark'
2026-09-05T10:20:30.5003545Z Entering 'third-party/google-test'
2026-09-05T10:20:30.5051427Z Entering 'third-party/gperftools'
2026-09-05T10:20:30.5143822Z [command]/usr/bin/git config --local --name-only --get-regexp http\.https\:\/\/github\.com\/\.extraheader
2026-09-05T10:20:30.5153947Z http.https://github.com/.extraheader
2026-09-05T10:20:30.5167955Z [command]/usr/bin/git config --local --unset-all http.https://github.com/.extraheader
2026-09-05T10:20:30.5207703Z [command]/usr/bin/git submodule foreach --recursive sh -c "git config --local --name-only --get-regexp 'http\.https\:\/\/github\.com\/\.extraheader' && git config --local --unset-all 'http.https://github.com/.extraheader' || :"
2026-09-05T10:20:30.5495115Z Entering 'third-party/cereal'
2026-09-05T10:20:30.5577536Z http.https://github.com/.extraheader
2026-09-05T10:20:30.5639161Z Entering 'third-party/google-benchmark'
2026-09-05T10:20:30.5676259Z http.https://github.com/.extraheader
2026-09-05T10:20:30.5711282Z Entering 'third-party/google-test'
2026-09-05T10:20:30.5738365Z http.https://github.com/.extraheader
2026-09-05T10:20:30.5777849Z Entering 'third-party/gperftools'
2026-09-05T10:20:30.5802463Z http.https://github.com/.extraheader
2026-09-05T10:20:30.5853675Z [command]/usr/bin/git config --local --name-only --get-regexp ^includeIf\.gitdir:
2026-09-05T10:20:30.5894674Z [command]/usr/bin/git submodule foreach --recursive git config --local --show-origin --name-only --get-regexp remote.origin.url
2026-09-05T10:20:30.6114429Z Entering 'third-party/cereal'
2026-09-05T10:20:30.6134488Z file:/home/runner/work/20231788./20231788./.ci/openfhe-src/.git/modules/third-party/cereal/config	remote.origin.url
2026-09-05T10:20:30.6154242Z Entering 'third-party/google-benchmark'
2026-09-05T10:20:30.6174219Z file:/home/runner/work/20231788./20231788./.ci/openfhe-src/.git/modules/third-party/google-benchmark/config	remote.origin.url
2026-09-05T10:20:30.6193173Z Entering 'third-party/google-test'
2026-09-05T10:20:30.6212085Z file:/home/runner/work/20231788./20231788./.ci/openfhe-src/.git/modules/third-party/google-test/config	remote.origin.url
2026-09-05T10:20:30.6231294Z Entering 'third-party/gperftools'
2026-09-05T10:20:30.6251004Z file:/home/runner/work/20231788./20231788./.ci/openfhe-src/.git/modules/third-party/gperftools/config	remote.origin.url
2026-09-05T10:20:30.6299382Z [command]/usr/bin/git config --file /home/runner/work/20231788./20231788./.ci/openfhe-src/.git/modules/third-party/cereal/config --name-only --get-regexp ^includeIf\.gitdir:
2026-09-05T10:20:30.6328517Z [command]/usr/bin/git config --file /home/runner/work/20231788./20231788./.ci/openfhe-src/.git/modules/third-party/google-benchmark/config --name-only --get-regexp ^includeIf\.gitdir:
2026-09-05T10:20:30.6364116Z [command]/usr/bin/git config --file /home/runner/work/20231788./20231788./.ci/openfhe-src/.git/modules/third-party/google-test/config --name-only --get-regexp ^includeIf\.gitdir:
2026-09-05T10:20:30.6399493Z [command]/usr/bin/git config --file /home/runner/work/20231788./20231788./.ci/openfhe-src/.git/modules/third-party/gperftools/config --name-only --get-regexp ^includeIf\.gitdir:
2026-09-05T10:20:30.6609042Z Node 20 is being deprecated. This workflow is running with Node 24 by default. If you need to temporarily use Node 20, you can set the ACTIONS_ALLOW_USE_UNSECURE_NODE_VERSION=true environment variable. For more information see: https://github.blog/changelog/2025-09-19-deprecation-of-node-20-on-github-actions-runners/
2026-09-05T10:20:30.6610289Z Post job cleanup.
2026-09-05T10:20:30.7509545Z [command]/usr/bin/git version
2026-09-05T10:20:30.7564069Z git version 2.55.0
2026-09-05T10:20:30.7602025Z Temporarily overriding HOME='/home/runner/work/_temp/96e89457-ac30-4911-89ed-f7f8d5cda027' before making global git config changes
2026-09-05T10:20:30.7603591Z Adding repository directory to the temporary git global config as a safe directory
2026-09-05T10:20:30.7608267Z [command]/usr/bin/git config --global --add safe.directory /home/runner/work/20231788./20231788.
2026-09-05T10:20:30.7646748Z [command]/usr/bin/git config --local --name-only --get-regexp core\.sshCommand
2026-09-05T10:20:30.7684152Z [command]/usr/bin/git submodule foreach --recursive sh -c "git config --local --name-only --get-regexp 'core\.sshCommand' && git config --local --unset-all 'core.sshCommand' || :"
2026-09-05T10:20:30.7949987Z [command]/usr/bin/git config --local --name-only --get-regexp http\.https\:\/\/github\.com\/\.extraheader
2026-09-05T10:20:30.7981145Z http.https://github.com/.extraheader
2026-09-05T10:20:30.7997285Z [command]/usr/bin/git config --local --unset-all http.https://github.com/.extraheader
2026-09-05T10:20:30.8050961Z [command]/usr/bin/git submodule foreach --recursive sh -c "git config --local --name-only --get-regexp 'http\.https\:\/\/github\.com\/\.extraheader' && git config --local --unset-all 'http.https://github.com/.extraheader' || :"
2026-09-05T10:20:30.8342500Z [command]/usr/bin/git config --local --name-only --get-regexp ^includeIf\.gitdir:
2026-09-05T10:20:30.8393913Z [command]/usr/bin/git submodule foreach --recursive git config --local --show-origin --name-only --get-regexp remote.origin.url
2026-09-05T10:20:30.8779251Z Cleaning up orphan processes
2026-09-05T10:20:30.9075514Z ##[warning]Node.js 20 is deprecated. The following actions target Node.js 20 but are being forced to run on Node.js 24: actions/cache@v4, actions/checkout@v4. For more information see: https://github.blog/changelog/2025-09-19-deprecation-of-node-20-on-github-actions-runners/
