2026-09-05T07:31:02.7262388Z Current runner version: '2.337.0'
2026-09-05T07:31:02.7287236Z ##[group]Runner Image Provisioner
2026-09-05T07:31:02.7288129Z Hosted Compute Agent
2026-09-05T07:31:02.7288654Z Version: 20260828.587
2026-09-05T07:31:02.7289246Z Commit: abac92662cab4cc7352de4f9f9d2e2419aad9c29
2026-09-05T07:31:02.7289931Z Build Date: 2026-08-28T16:44:25Z
2026-09-05T07:31:02.7290556Z Worker ID: {5beedbf8-b339-4b38-88ab-d532be38f1fc}
2026-09-05T07:31:02.7291321Z Azure Region: southcentralus
2026-09-05T07:31:02.7291869Z ##[endgroup]
2026-09-05T07:31:02.7293519Z ##[group]Operating System
2026-09-05T07:31:02.7294167Z Ubuntu
2026-09-05T07:31:02.7294660Z 24.04.4
2026-09-05T07:31:02.7295143Z LTS
2026-09-05T07:31:02.7295609Z ##[endgroup]
2026-09-05T07:31:02.7296139Z ##[group]Runner Image
2026-09-05T07:31:02.7296741Z Image: ubuntu-24.04
2026-09-05T07:31:02.7297282Z Version: 20260831.293.1
2026-09-05T07:31:02.7298447Z Included Software: https://github.com/actions/runner-images/blob/ubuntu24/20260831.293/images/ubuntu/Ubuntu2404-Readme.md
2026-09-05T07:31:02.7300496Z Image Release: https://github.com/actions/runner-images/releases/tag/ubuntu24%2F20260831.293
2026-09-05T07:31:02.7301979Z ##[endgroup]
2026-09-05T07:31:02.7303812Z ##[group]GITHUB_TOKEN Permissions
2026-09-05T07:31:02.7306898Z Contents: read
2026-09-05T07:31:02.7307731Z Metadata: read
2026-09-05T07:31:02.7308634Z ##[endgroup]
2026-09-05T07:31:02.7311444Z Secret source: Actions
2026-09-05T07:31:02.7312795Z Prepare workflow directory
2026-09-05T07:31:02.7830163Z Prepare all required actions
2026-09-05T07:31:02.7882001Z Getting action download info
2026-09-05T07:31:03.0400975Z Download action repository 'actions/checkout@v4' (SHA:11d5960a326750d5838078e36cf38b85af677262)
2026-09-05T07:31:03.1355677Z Download action repository 'actions/cache@v4' (SHA:0057852bfaa89a56745cba8c7296529d2fc39830)
2026-09-05T07:31:03.3041597Z Complete job name: linux-gcc
2026-09-05T07:31:03.3806197Z Node 20 is being deprecated. This workflow is running with Node 24 by default. If you need to temporarily use Node 20, you can set the ACTIONS_ALLOW_USE_UNSECURE_NODE_VERSION=true environment variable. For more information see: https://github.blog/changelog/2025-09-19-deprecation-of-node-20-on-github-actions-runners/
2026-09-05T07:31:03.3814603Z ##[group]Run actions/checkout@v4
2026-09-05T07:31:03.3815234Z with:
2026-09-05T07:31:03.3815643Z   repository: leemaple/20231788.
2026-09-05T07:31:03.3819265Z   token: ***
2026-09-05T07:31:03.3819648Z   ssh-strict: true
2026-09-05T07:31:03.3820037Z   ssh-user: git
2026-09-05T07:31:03.3820450Z   persist-credentials: true
2026-09-05T07:31:03.3820891Z   clean: true
2026-09-05T07:31:03.3821298Z   sparse-checkout-cone-mode: true
2026-09-05T07:31:03.3821767Z   fetch-depth: 1
2026-09-05T07:31:03.3822158Z   fetch-tags: false
2026-09-05T07:31:03.3822550Z   show-progress: true
2026-09-05T07:31:03.3822945Z   lfs: false
2026-09-05T07:31:03.3823956Z   submodules: false
2026-09-05T07:31:03.3824386Z   set-safe-directory: true
2026-09-05T07:31:03.3824842Z   allow-unsafe-pr-checkout: false
2026-09-05T07:31:03.3825607Z env:
2026-09-05T07:31:03.3826073Z   OPENFHE_COMMIT: df495ba2e91739a6dc8f1de254fc5a41155ce504
2026-09-05T07:31:03.3826813Z   OPENFHE_PREFIX: /home/runner/work/20231788./20231788./.ci/openfhe-install
2026-09-05T07:31:03.3827460Z ##[endgroup]
2026-09-05T07:31:03.4842719Z Syncing repository: leemaple/20231788.
2026-09-05T07:31:03.4845617Z ##[group]Getting Git version info
2026-09-05T07:31:03.4846800Z Working directory is '/home/runner/work/20231788./20231788.'
2026-09-05T07:31:03.4848496Z [command]/usr/bin/git version
2026-09-05T07:31:03.4905032Z git version 2.55.0
2026-09-05T07:31:03.4925033Z ##[endgroup]
2026-09-05T07:31:03.4951330Z Temporarily overriding HOME='/home/runner/work/_temp/4394333e-b52d-44b4-baee-3c31ab8acd69' before making global git config changes
2026-09-05T07:31:03.4960201Z Adding repository directory to the temporary git global config as a safe directory
2026-09-05T07:31:03.4962359Z [command]/usr/bin/git config --global --add safe.directory /home/runner/work/20231788./20231788.
2026-09-05T07:31:03.5002420Z Deleting the contents of '/home/runner/work/20231788./20231788.'
2026-09-05T07:31:03.5007721Z ##[group]Initializing the repository
2026-09-05T07:31:03.5012970Z [command]/usr/bin/git init /home/runner/work/20231788./20231788.
2026-09-05T07:31:03.5123003Z hint: Using 'master' as the name for the initial branch. This default branch name
2026-09-05T07:31:03.5126320Z hint: will change to "main" in Git 3.0. To configure the initial branch name
2026-09-05T07:31:03.5136864Z hint: to use in all of your new repositories, which will suppress this warning,
2026-09-05T07:31:03.5142898Z hint: call:
2026-09-05T07:31:03.5143978Z hint:
2026-09-05T07:31:03.5144873Z hint: 	git config --global init.defaultBranch <name>
2026-09-05T07:31:03.5145924Z hint:
2026-09-05T07:31:03.5146931Z hint: Names commonly chosen instead of 'master' are 'main', 'trunk' and
2026-09-05T07:31:03.5148635Z hint: 'development'. The just-created branch can be renamed via this command:
2026-09-05T07:31:03.5149959Z hint:
2026-09-05T07:31:03.5150687Z hint: 	git branch -m <name>
2026-09-05T07:31:03.5151498Z hint:
2026-09-05T07:31:03.5152598Z hint: Disable this message with "git config set advice.defaultBranchName false"
2026-09-05T07:31:03.5154515Z Initialized empty Git repository in /home/runner/work/20231788./20231788./.git/
2026-09-05T07:31:03.5157309Z [command]/usr/bin/git remote add origin https://github.com/leemaple/20231788.
2026-09-05T07:31:03.5177904Z ##[endgroup]
2026-09-05T07:31:03.5179215Z ##[group]Disabling automatic garbage collection
2026-09-05T07:31:03.5181767Z [command]/usr/bin/git config --local gc.auto 0
2026-09-05T07:31:03.5209531Z ##[endgroup]
2026-09-05T07:31:03.5210829Z ##[group]Setting up auth
2026-09-05T07:31:03.5216622Z [command]/usr/bin/git config --local --name-only --get-regexp core\.sshCommand
2026-09-05T07:31:03.5248125Z [command]/usr/bin/git submodule foreach --recursive sh -c "git config --local --name-only --get-regexp 'core\.sshCommand' && git config --local --unset-all 'core.sshCommand' || :"
2026-09-05T07:31:03.5564693Z [command]/usr/bin/git config --local --name-only --get-regexp http\.https\:\/\/github\.com\/\.extraheader
2026-09-05T07:31:03.5598512Z [command]/usr/bin/git submodule foreach --recursive sh -c "git config --local --name-only --get-regexp 'http\.https\:\/\/github\.com\/\.extraheader' && git config --local --unset-all 'http.https://github.com/.extraheader' || :"
2026-09-05T07:31:03.5796999Z [command]/usr/bin/git config --local --name-only --get-regexp ^includeIf\.gitdir:
2026-09-05T07:31:03.5826252Z [command]/usr/bin/git submodule foreach --recursive git config --local --show-origin --name-only --get-regexp remote.origin.url
2026-09-05T07:31:03.5999848Z [command]/usr/bin/git config --local http.https://github.com/.extraheader AUTHORIZATION: basic ***
2026-09-05T07:31:03.6030404Z ##[endgroup]
2026-09-05T07:31:03.6031217Z ##[group]Fetching the repository
2026-09-05T07:31:03.6040368Z [command]/usr/bin/git -c protocol.version=2 fetch --no-tags --prune --no-recurse-submodules --depth=1 origin +f1ea03f35a6a553d65db30c93e771738f6bc0e1d:refs/remotes/origin/codex/lossless-io-implementation-01
2026-09-05T07:31:05.3419776Z From https://github.com/leemaple/20231788.
2026-09-05T07:31:05.3421929Z  * [new ref]         f1ea03f35a6a553d65db30c93e771738f6bc0e1d -> origin/codex/lossless-io-implementation-01
2026-09-05T07:31:05.3426486Z ##[endgroup]
2026-09-05T07:31:05.3428035Z ##[group]Determining the checkout info
2026-09-05T07:31:05.3429728Z ##[endgroup]
2026-09-05T07:31:05.3432038Z [command]/usr/bin/git sparse-checkout disable
2026-09-05T07:31:05.3477215Z [command]/usr/bin/git config --local --unset-all extensions.worktreeConfig
2026-09-05T07:31:05.3504808Z ##[group]Checking out the ref
2026-09-05T07:31:05.3511206Z [command]/usr/bin/git checkout --progress --force -B codex/lossless-io-implementation-01 refs/remotes/origin/codex/lossless-io-implementation-01
2026-09-05T07:31:05.4648355Z Switched to a new branch 'codex/lossless-io-implementation-01'
2026-09-05T07:31:05.4654364Z branch 'codex/lossless-io-implementation-01' set up to track 'origin/codex/lossless-io-implementation-01'.
2026-09-05T07:31:05.4663098Z ##[endgroup]
2026-09-05T07:31:05.4700566Z [command]/usr/bin/git log -1 --format=%H
2026-09-05T07:31:05.4721693Z f1ea03f35a6a553d65db30c93e771738f6bc0e1d
2026-09-05T07:31:05.5099760Z Node 20 is being deprecated. This workflow is running with Node 24 by default. If you need to temporarily use Node 20, you can set the ACTIONS_ALLOW_USE_UNSECURE_NODE_VERSION=true environment variable. For more information see: https://github.blog/changelog/2025-09-19-deprecation-of-node-20-on-github-actions-runners/
2026-09-05T07:31:05.5105298Z ##[group]Run actions/checkout@v4
2026-09-05T07:31:05.5106409Z with:
2026-09-05T07:31:05.5107389Z   repository: openfheorg/openfhe-development
2026-09-05T07:31:05.5108743Z   ref: df495ba2e91739a6dc8f1de254fc5a41155ce504
2026-09-05T07:31:05.5110018Z   path: .ci/openfhe-src
2026-09-05T07:31:05.5111020Z   submodules: recursive
2026-09-05T07:31:05.5120852Z   token: ***
2026-09-05T07:31:05.5121783Z   ssh-strict: true
2026-09-05T07:31:05.5122694Z   ssh-user: git
2026-09-05T07:31:05.5123706Z   persist-credentials: true
2026-09-05T07:31:05.5124734Z   clean: true
2026-09-05T07:31:05.5125658Z   sparse-checkout-cone-mode: true
2026-09-05T07:31:05.5126799Z   fetch-depth: 1
2026-09-05T07:31:05.5127694Z   fetch-tags: false
2026-09-05T07:31:05.5128640Z   show-progress: true
2026-09-05T07:31:05.5129589Z   lfs: false
2026-09-05T07:31:05.5130471Z   set-safe-directory: true
2026-09-05T07:31:05.5131546Z   allow-unsafe-pr-checkout: false
2026-09-05T07:31:05.5132609Z env:
2026-09-05T07:31:05.5133702Z   OPENFHE_COMMIT: df495ba2e91739a6dc8f1de254fc5a41155ce504
2026-09-05T07:31:05.5135461Z   OPENFHE_PREFIX: /home/runner/work/20231788./20231788./.ci/openfhe-install
2026-09-05T07:31:05.5137003Z ##[endgroup]
2026-09-05T07:31:05.6011757Z Syncing repository: openfheorg/openfhe-development
2026-09-05T07:31:05.6014999Z ##[group]Getting Git version info
2026-09-05T07:31:05.6016804Z Working directory is '/home/runner/work/20231788./20231788./.ci/openfhe-src'
2026-09-05T07:31:05.6038757Z [command]/usr/bin/git version
2026-09-05T07:31:05.6083754Z git version 2.55.0
2026-09-05T07:31:05.6108326Z ##[endgroup]
2026-09-05T07:31:05.6123432Z Temporarily overriding HOME='/home/runner/work/_temp/9ffcf625-031f-40b5-bb45-54323685e73c' before making global git config changes
2026-09-05T07:31:05.6126647Z Adding repository directory to the temporary git global config as a safe directory
2026-09-05T07:31:05.6130352Z [command]/usr/bin/git config --global --add safe.directory /home/runner/work/20231788./20231788./.ci/openfhe-src
2026-09-05T07:31:05.6160940Z ##[group]Initializing the repository
2026-09-05T07:31:05.6166624Z [command]/usr/bin/git init /home/runner/work/20231788./20231788./.ci/openfhe-src
2026-09-05T07:31:05.6199360Z hint: Using 'master' as the name for the initial branch. This default branch name
2026-09-05T07:31:05.6201938Z hint: will change to "main" in Git 3.0. To configure the initial branch name
2026-09-05T07:31:05.6204600Z hint: to use in all of your new repositories, which will suppress this warning,
2026-09-05T07:31:05.6206324Z hint: call:
2026-09-05T07:31:05.6207441Z hint:
2026-09-05T07:31:05.6208711Z hint: 	git config --global init.defaultBranch <name>
2026-09-05T07:31:05.6210150Z hint:
2026-09-05T07:31:05.6211501Z hint: Names commonly chosen instead of 'master' are 'main', 'trunk' and
2026-09-05T07:31:05.6213844Z hint: 'development'. The just-created branch can be renamed via this command:
2026-09-05T07:31:05.6215568Z hint:
2026-09-05T07:31:05.6216526Z hint: 	git branch -m <name>
2026-09-05T07:31:05.6218292Z hint:
2026-09-05T07:31:05.6220774Z hint: Disable this message with "git config set advice.defaultBranchName false"
2026-09-05T07:31:05.6225197Z Initialized empty Git repository in /home/runner/work/20231788./20231788./.ci/openfhe-src/.git/
2026-09-05T07:31:05.6232124Z [command]/usr/bin/git remote add origin https://github.com/openfheorg/openfhe-development
2026-09-05T07:31:05.6249154Z ##[endgroup]
2026-09-05T07:31:05.6252318Z ##[group]Disabling automatic garbage collection
2026-09-05T07:31:05.6254943Z [command]/usr/bin/git config --local gc.auto 0
2026-09-05T07:31:05.6281933Z ##[endgroup]
2026-09-05T07:31:05.6284620Z ##[group]Setting up auth
2026-09-05T07:31:05.6289542Z [command]/usr/bin/git config --local --name-only --get-regexp core\.sshCommand
2026-09-05T07:31:05.6321431Z [command]/usr/bin/git submodule foreach --recursive sh -c "git config --local --name-only --get-regexp 'core\.sshCommand' && git config --local --unset-all 'core.sshCommand' || :"
2026-09-05T07:31:05.6522505Z [command]/usr/bin/git config --local --name-only --get-regexp http\.https\:\/\/github\.com\/\.extraheader
2026-09-05T07:31:05.6552272Z [command]/usr/bin/git submodule foreach --recursive sh -c "git config --local --name-only --get-regexp 'http\.https\:\/\/github\.com\/\.extraheader' && git config --local --unset-all 'http.https://github.com/.extraheader' || :"
2026-09-05T07:31:05.6758652Z [command]/usr/bin/git config --local --name-only --get-regexp ^includeIf\.gitdir:
2026-09-05T07:31:05.6794703Z [command]/usr/bin/git submodule foreach --recursive git config --local --show-origin --name-only --get-regexp remote.origin.url
2026-09-05T07:31:05.7020420Z [command]/usr/bin/git config --local http.https://github.com/.extraheader AUTHORIZATION: basic ***
2026-09-05T07:31:05.7095299Z ##[endgroup]
2026-09-05T07:31:05.7100266Z ##[group]Fetching the repository
2026-09-05T07:31:05.7111013Z [command]/usr/bin/git -c protocol.version=2 fetch --no-tags --prune --no-recurse-submodules --depth=1 origin df495ba2e91739a6dc8f1de254fc5a41155ce504
2026-09-05T07:31:07.0851811Z From https://github.com/openfheorg/openfhe-development
2026-09-05T07:31:07.0856019Z  * branch            df495ba2e91739a6dc8f1de254fc5a41155ce504 -> FETCH_HEAD
2026-09-05T07:31:07.0858183Z ##[endgroup]
2026-09-05T07:31:07.0858904Z ##[group]Determining the checkout info
2026-09-05T07:31:07.0859968Z ##[endgroup]
2026-09-05T07:31:07.0865524Z [command]/usr/bin/git sparse-checkout disable
2026-09-05T07:31:07.0905462Z [command]/usr/bin/git config --local --unset-all extensions.worktreeConfig
2026-09-05T07:31:07.0932392Z ##[group]Checking out the ref
2026-09-05T07:31:07.0938894Z [command]/usr/bin/git checkout --progress --force df495ba2e91739a6dc8f1de254fc5a41155ce504
2026-09-05T07:31:07.1390014Z Note: switching to 'df495ba2e91739a6dc8f1de254fc5a41155ce504'.
2026-09-05T07:31:07.1390348Z 
2026-09-05T07:31:07.1390561Z You are in 'detached HEAD' state. You can look around, make experimental
2026-09-05T07:31:07.1391023Z changes and commit them, and you can discard any commits you make in this
2026-09-05T07:31:07.1391487Z state without impacting any branches by switching back to a branch.
2026-09-05T07:31:07.1391983Z 
2026-09-05T07:31:07.1392363Z If you want to create a new branch to retain commits you create, you may
2026-09-05T07:31:07.1392935Z do so (now or later) by using -c with the switch command. Example:
2026-09-05T07:31:07.1393452Z 
2026-09-05T07:31:07.1403162Z   git switch -c <new-branch-name>
2026-09-05T07:31:07.1410648Z 
2026-09-05T07:31:07.1411185Z Or undo this operation with:
2026-09-05T07:31:07.1411574Z 
2026-09-05T07:31:07.1411732Z   git switch -
2026-09-05T07:31:07.1411993Z 
2026-09-05T07:31:07.1412422Z Turn off this advice by setting config variable advice.detachedHead to false
2026-09-05T07:31:07.1412942Z 
2026-09-05T07:31:07.1413424Z HEAD is now at df495ba Merge pull request #1130 from openfheorg/dev
2026-09-05T07:31:07.1414974Z ##[endgroup]
2026-09-05T07:31:07.1415601Z ##[group]Setting up auth for fetching submodules
2026-09-05T07:31:07.1416570Z [command]/usr/bin/git config --global http.https://github.com/.extraheader AUTHORIZATION: basic ***
2026-09-05T07:31:07.1439204Z [command]/usr/bin/git config --global --unset-all url.https://github.com/.insteadOf
2026-09-05T07:31:07.1466837Z [command]/usr/bin/git config --global --add url.https://github.com/.insteadOf git@github.com:
2026-09-05T07:31:07.1494074Z [command]/usr/bin/git config --global --add url.https://github.com/.insteadOf org-26023695@github.com:
2026-09-05T07:31:07.1517591Z ##[endgroup]
2026-09-05T07:31:07.1518180Z ##[group]Fetching submodules
2026-09-05T07:31:07.1522328Z [command]/usr/bin/git submodule sync --recursive
2026-09-05T07:31:07.1702548Z [command]/usr/bin/git -c protocol.version=2 submodule update --init --force --depth=1 --recursive
2026-09-05T07:31:07.1872201Z Submodule 'third-party/cereal' (https://github.com/openfheorg/cereal.git) registered for path 'third-party/cereal'
2026-09-05T07:31:07.1873955Z Submodule 'third-party/google-benchmark' (https://github.com/google/benchmark.git) registered for path 'third-party/google-benchmark'
2026-09-05T07:31:07.1877463Z Submodule 'third-party/google-test' (https://github.com/google/googletest.git) registered for path 'third-party/google-test'
2026-09-05T07:31:07.1879744Z Submodule 'third-party/gperftools' (https://github.com/gperftools/gperftools.git) registered for path 'third-party/gperftools'
2026-09-05T07:31:07.1902119Z Cloning into '/home/runner/work/20231788./20231788./.ci/openfhe-src/third-party/cereal'...
2026-09-05T07:31:07.9329694Z Cloning into '/home/runner/work/20231788./20231788./.ci/openfhe-src/third-party/google-benchmark'...
2026-09-05T07:31:08.5289694Z Cloning into '/home/runner/work/20231788./20231788./.ci/openfhe-src/third-party/google-test'...
2026-09-05T07:31:09.2738157Z Cloning into '/home/runner/work/20231788./20231788./.ci/openfhe-src/third-party/gperftools'...
2026-09-05T07:31:10.5255828Z Submodule path 'third-party/cereal': checked out '984e3f194862b17916536b5fade40cba6e47a6fe'
2026-09-05T07:31:12.1100764Z From https://github.com/google/benchmark
2026-09-05T07:31:12.1101576Z  * branch            eddb0241389718a23a42db6af5f0164b6e0139af -> FETCH_HEAD
2026-09-05T07:31:12.1249355Z Submodule path 'third-party/google-benchmark': checked out 'eddb0241389718a23a42db6af5f0164b6e0139af'
2026-09-05T07:31:13.3267136Z From https://github.com/google/googletest
2026-09-05T07:31:13.3267671Z  * branch            52eb8108c5bdec04579160ae17225d66034bd723 -> FETCH_HEAD
2026-09-05T07:31:13.3613794Z Submodule path 'third-party/google-test': checked out '52eb8108c5bdec04579160ae17225d66034bd723'
2026-09-05T07:31:14.7984931Z From https://github.com/gperftools/gperftools
2026-09-05T07:31:14.7985685Z  * branch            83edb60836d87cf1b406e8846b9059c03031e8f5 -> FETCH_HEAD
2026-09-05T07:31:14.8716559Z Submodule path 'third-party/gperftools': checked out '83edb60836d87cf1b406e8846b9059c03031e8f5'
2026-09-05T07:31:14.8769178Z [command]/usr/bin/git submodule foreach --recursive git config --local gc.auto 0
2026-09-05T07:31:14.9028063Z Entering 'third-party/cereal'
2026-09-05T07:31:14.9065027Z Entering 'third-party/google-benchmark'
2026-09-05T07:31:14.9096411Z Entering 'third-party/google-test'
2026-09-05T07:31:14.9128630Z Entering 'third-party/gperftools'
2026-09-05T07:31:14.9167661Z ##[endgroup]
2026-09-05T07:31:14.9168574Z ##[group]Persisting credentials for submodules
2026-09-05T07:31:14.9175533Z [command]/usr/bin/git submodule foreach --recursive sh -c "git config --local --name-only --get-regexp 'url\.https\:\/\/github\.com\/\.insteadOf' && git config --local --unset-all 'url.https://github.com/.insteadOf' || :"
2026-09-05T07:31:14.9358153Z Entering 'third-party/cereal'
2026-09-05T07:31:14.9391647Z Entering 'third-party/google-benchmark'
2026-09-05T07:31:14.9427247Z Entering 'third-party/google-test'
2026-09-05T07:31:14.9462242Z Entering 'third-party/gperftools'
2026-09-05T07:31:14.9509715Z [command]/usr/bin/git submodule foreach --recursive sh -c "git config --local 'http.https://github.com/.extraheader' 'AUTHORIZATION: basic ***' && git config --local --show-origin --name-only --get-regexp remote.origin.url"
2026-09-05T07:31:14.9685511Z Entering 'third-party/cereal'
2026-09-05T07:31:14.9717541Z file:/home/runner/work/20231788./20231788./.ci/openfhe-src/.git/modules/third-party/cereal/config	remote.origin.url
2026-09-05T07:31:14.9733059Z Entering 'third-party/google-benchmark'
2026-09-05T07:31:14.9762785Z file:/home/runner/work/20231788./20231788./.ci/openfhe-src/.git/modules/third-party/google-benchmark/config	remote.origin.url
2026-09-05T07:31:14.9780369Z Entering 'third-party/google-test'
2026-09-05T07:31:14.9809505Z file:/home/runner/work/20231788./20231788./.ci/openfhe-src/.git/modules/third-party/google-test/config	remote.origin.url
2026-09-05T07:31:14.9826375Z Entering 'third-party/gperftools'
2026-09-05T07:31:14.9857049Z file:/home/runner/work/20231788./20231788./.ci/openfhe-src/.git/modules/third-party/gperftools/config	remote.origin.url
2026-09-05T07:31:14.9905067Z [command]/usr/bin/git submodule foreach --recursive git config --local --add 'url.https://github.com/.insteadOf' 'git@github.com:'
2026-09-05T07:31:15.0127807Z Entering 'third-party/cereal'
2026-09-05T07:31:15.0159294Z Entering 'third-party/google-benchmark'
2026-09-05T07:31:15.0188621Z Entering 'third-party/google-test'
2026-09-05T07:31:15.0218213Z Entering 'third-party/gperftools'
2026-09-05T07:31:15.0259837Z [command]/usr/bin/git submodule foreach --recursive git config --local --add 'url.https://github.com/.insteadOf' 'org-26023695@github.com:'
2026-09-05T07:31:15.0438178Z Entering 'third-party/cereal'
2026-09-05T07:31:15.0468922Z Entering 'third-party/google-benchmark'
2026-09-05T07:31:15.0500340Z Entering 'third-party/google-test'
2026-09-05T07:31:15.0529883Z Entering 'third-party/gperftools'
2026-09-05T07:31:15.0566205Z ##[endgroup]
2026-09-05T07:31:15.0600106Z [command]/usr/bin/git log -1 --format=%H
2026-09-05T07:31:15.0621079Z df495ba2e91739a6dc8f1de254fc5a41155ce504
2026-09-05T07:31:15.0735195Z ##[group]Run actual="$(git -C .ci/openfhe-src rev-parse HEAD)"
2026-09-05T07:31:15.0735681Z [36;1mactual="$(git -C .ci/openfhe-src rev-parse HEAD)"[0m
2026-09-05T07:31:15.0736020Z [36;1mtest "$actual" = "$OPENFHE_COMMIT"[0m
2026-09-05T07:31:15.0736393Z [36;1mgit -C .ci/openfhe-src status --short[0m
2026-09-05T07:31:15.0762745Z shell: /usr/bin/bash --noprofile --norc -e -o pipefail {0}
2026-09-05T07:31:15.0763081Z env:
2026-09-05T07:31:15.0763584Z   OPENFHE_COMMIT: df495ba2e91739a6dc8f1de254fc5a41155ce504
2026-09-05T07:31:15.0764026Z   OPENFHE_PREFIX: /home/runner/work/20231788./20231788./.ci/openfhe-install
2026-09-05T07:31:15.0764383Z ##[endgroup]
2026-09-05T07:31:15.2059088Z ##[group]Run sudo apt-get update
2026-09-05T07:31:15.2059389Z [36;1msudo apt-get update[0m
2026-09-05T07:31:15.2059743Z [36;1msudo apt-get install --yes --no-install-recommends libboost-dev[0m
2026-09-05T07:31:15.2081806Z shell: /usr/bin/bash -e {0}
2026-09-05T07:31:15.2082066Z env:
2026-09-05T07:31:15.2082336Z   OPENFHE_COMMIT: df495ba2e91739a6dc8f1de254fc5a41155ce504
2026-09-05T07:31:15.2082753Z   OPENFHE_PREFIX: /home/runner/work/20231788./20231788./.ci/openfhe-install
2026-09-05T07:31:15.2083099Z ##[endgroup]
2026-09-05T07:31:15.2860127Z Get:1 file:/etc/apt/apt-mirrors.txt Mirrorlist [144 B]
2026-09-05T07:31:15.3195414Z Get:6 https://packages.microsoft.com/ubuntu/24.04/prod noble InRelease [3600 B]
2026-09-05T07:31:15.3274067Z Hit:2 http://azure.archive.ubuntu.com/ubuntu noble InRelease
2026-09-05T07:31:15.3287575Z Get:3 http://azure.archive.ubuntu.com/ubuntu noble-updates InRelease [126 kB]
2026-09-05T07:31:15.3342965Z Get:4 http://azure.archive.ubuntu.com/ubuntu noble-backports InRelease [126 kB]
2026-09-05T07:31:15.3377184Z Get:5 http://azure.archive.ubuntu.com/ubuntu noble-security InRelease [126 kB]
2026-09-05T07:31:15.3721905Z Get:7 https://dl.google.com/linux/chrome-stable/deb stable InRelease [2548 B]
2026-09-05T07:31:15.3880428Z Get:8 https://packages.microsoft.com/ubuntu/24.04/prod noble/main arm64 Packages [394 kB]
2026-09-05T07:31:15.4043712Z Get:9 https://packages.microsoft.com/ubuntu/24.04/prod noble/main amd64 Packages [441 kB]
2026-09-05T07:31:15.4879681Z Get:10 http://azure.archive.ubuntu.com/ubuntu noble-updates/main amd64 Packages [1260 kB]
2026-09-05T07:31:15.4984064Z Get:11 http://azure.archive.ubuntu.com/ubuntu noble-updates/main Translation-en [292 kB]
2026-09-05T07:31:15.4997894Z Get:12 http://azure.archive.ubuntu.com/ubuntu noble-updates/main amd64 Components [180 kB]
2026-09-05T07:31:15.5034743Z Get:13 http://azure.archive.ubuntu.com/ubuntu noble-updates/universe amd64 Packages [1690 kB]
2026-09-05T07:31:15.5122183Z Get:14 http://azure.archive.ubuntu.com/ubuntu noble-updates/universe Translation-en [339 kB]
2026-09-05T07:31:15.5154348Z Get:15 http://azure.archive.ubuntu.com/ubuntu noble-updates/universe amd64 Components [388 kB]
2026-09-05T07:31:15.5181080Z Get:16 http://azure.archive.ubuntu.com/ubuntu noble-updates/restricted amd64 Packages [1536 kB]
2026-09-05T07:31:15.5260994Z Get:17 http://azure.archive.ubuntu.com/ubuntu noble-updates/restricted Translation-en [352 kB]
2026-09-05T07:31:15.5289303Z Get:18 http://azure.archive.ubuntu.com/ubuntu noble-updates/multiverse amd64 Components [940 B]
2026-09-05T07:31:15.5359174Z Get:19 http://azure.archive.ubuntu.com/ubuntu noble-backports/main amd64 Components [5740 B]
2026-09-05T07:31:15.5810678Z Get:20 http://azure.archive.ubuntu.com/ubuntu noble-backports/universe amd64 Components [12.6 kB]
2026-09-05T07:31:15.5829843Z Get:21 http://azure.archive.ubuntu.com/ubuntu noble-security/main amd64 Packages [1002 kB]
2026-09-05T07:31:15.5895046Z Get:22 http://azure.archive.ubuntu.com/ubuntu noble-security/main Translation-en [212 kB]
2026-09-05T07:31:15.5919373Z Get:23 http://azure.archive.ubuntu.com/ubuntu noble-security/main amd64 Components [46.4 kB]
2026-09-05T07:31:15.5943959Z Get:24 http://azure.archive.ubuntu.com/ubuntu noble-security/universe amd64 Packages [1206 kB]
2026-09-05T07:31:15.6004455Z Get:25 http://azure.archive.ubuntu.com/ubuntu noble-security/universe Translation-en [241 kB]
2026-09-05T07:31:15.6044360Z Get:26 http://azure.archive.ubuntu.com/ubuntu noble-security/universe amd64 Components [76.3 kB]
2026-09-05T07:31:15.6074754Z Get:27 http://azure.archive.ubuntu.com/ubuntu noble-security/restricted amd64 Packages [1437 kB]
2026-09-05T07:31:15.6194849Z Get:28 http://azure.archive.ubuntu.com/ubuntu noble-security/restricted Translation-en [334 kB]
2026-09-05T07:31:15.6488638Z Get:29 https://dl.google.com/linux/chrome-stable/deb stable/main amd64 Packages [1401 B]
2026-09-05T07:31:19.6831699Z Fetched 11.8 MB in 1s (8984 kB/s)
2026-09-05T07:31:20.5084554Z Reading package lists...
2026-09-05T07:31:20.5402065Z Reading package lists...
2026-09-05T07:31:20.7123435Z Building dependency tree...
2026-09-05T07:31:20.7131561Z Reading state information...
2026-09-05T07:31:20.8578047Z The following additional packages will be installed:
2026-09-05T07:31:20.8585032Z   libboost1.83-dev
2026-09-05T07:31:20.8592727Z Suggested packages:
2026-09-05T07:31:20.8593461Z   libboost-doc libboost1.83-doc libboost-atomic1.83-dev
2026-09-05T07:31:20.8594461Z   libboost-chrono1.83-dev libboost-container1.83-dev libboost-context1.83-dev
2026-09-05T07:31:20.8595468Z   libboost-contract1.83-dev libboost-coroutine1.83-dev
2026-09-05T07:31:20.8596435Z   libboost-date-time1.83-dev libboost-exception1.83-dev libboost-fiber1.83-dev
2026-09-05T07:31:20.8597457Z   libboost-filesystem1.83-dev libboost-graph-parallel1.83-dev
2026-09-05T07:31:20.8598101Z   libboost-graph1.83-dev libboost-iostreams1.83-dev libboost-json1.83-dev
2026-09-05T07:31:20.8598666Z   libboost-locale1.83-dev libboost-log1.83-dev libboost-math1.83-dev
2026-09-05T07:31:20.8599252Z   libboost-mpi-python1.83-dev libboost-mpi1.83-dev libboost-nowide1.83-dev
2026-09-05T07:31:20.8599777Z   libboost-numpy1.83-dev libboost-program-options1.83-dev
2026-09-05T07:31:20.8600277Z   libboost-python1.83-dev libboost-random1.83-dev libboost-regex1.83-dev
2026-09-05T07:31:20.8600800Z   libboost-serialization1.83-dev libboost-stacktrace1.83-dev
2026-09-05T07:31:20.8601310Z   libboost-system1.83-dev libboost-test1.83-dev libboost-thread1.83-dev
2026-09-05T07:31:20.8601883Z   libboost-timer1.83-dev libboost-type-erasure1.83-dev libboost-url1.83-dev
2026-09-05T07:31:20.8602438Z   libboost-wave1.83-dev libboost1.83-tools-dev libmpfrc++-dev libntl-dev
2026-09-05T07:31:20.8736838Z The following NEW packages will be installed:
2026-09-05T07:31:20.8743103Z   libboost-dev libboost1.83-dev
2026-09-05T07:31:20.8893925Z 0 upgraded, 2 newly installed, 0 to remove and 38 not upgraded.
2026-09-05T07:31:20.8894616Z Need to get 10.7 MB of archives.
2026-09-05T07:31:20.8894965Z After this operation, 161 MB of additional disk space will be used.
2026-09-05T07:31:20.8895375Z Get:1 file:/etc/apt/apt-mirrors.txt Mirrorlist [144 B]
2026-09-05T07:31:20.9614240Z Get:2 http://azure.archive.ubuntu.com/ubuntu noble-updates/main amd64 libboost1.83-dev amd64 1.83.0-2.1ubuntu3.2 [10.7 MB]
2026-09-05T07:31:21.5591254Z Get:3 http://azure.archive.ubuntu.com/ubuntu noble/main amd64 libboost-dev amd64 1.83.0.1ubuntu2 [4308 B]
2026-09-05T07:31:21.7946366Z Fetched 10.7 MB in 1s (15.8 MB/s)
2026-09-05T07:31:21.8167718Z Selecting previously unselected package libboost1.83-dev:amd64.
2026-09-05T07:31:21.8441544Z (Reading database ... 
2026-09-05T07:31:21.8442020Z (Reading database ... 5%
2026-09-05T07:31:21.8442414Z (Reading database ... 10%
2026-09-05T07:31:21.8442786Z (Reading database ... 15%
2026-09-05T07:31:21.8443115Z (Reading database ... 20%
2026-09-05T07:31:21.8443449Z (Reading database ... 25%
2026-09-05T07:31:21.8443687Z (Reading database ... 30%
2026-09-05T07:31:21.8443904Z (Reading database ... 35%
2026-09-05T07:31:21.8444134Z (Reading database ... 40%
2026-09-05T07:31:21.8444354Z (Reading database ... 45%
2026-09-05T07:31:21.8444585Z (Reading database ... 50%
2026-09-05T07:31:21.8444797Z (Reading database ... 55%
2026-09-05T07:31:21.9772471Z (Reading database ... 60%
2026-09-05T07:31:22.1333832Z (Reading database ... 65%
2026-09-05T07:31:22.3255752Z (Reading database ... 70%
2026-09-05T07:31:22.4774307Z (Reading database ... 75%
2026-09-05T07:31:22.6855154Z (Reading database ... 80%
2026-09-05T07:31:22.9359683Z (Reading database ... 85%
2026-09-05T07:31:23.1339488Z (Reading database ... 90%
2026-09-05T07:31:23.3406721Z (Reading database ... 95%
2026-09-05T07:31:23.3407114Z (Reading database ... 100%
2026-09-05T07:31:23.3407511Z (Reading database ... 201676 files and directories currently installed.)
2026-09-05T07:31:23.3450954Z Preparing to unpack .../libboost1.83-dev_1.83.0-2.1ubuntu3.2_amd64.deb ...
2026-09-05T07:31:23.3475507Z Unpacking libboost1.83-dev:amd64 (1.83.0-2.1ubuntu3.2) ...
2026-09-05T07:31:24.9765878Z Selecting previously unselected package libboost-dev:amd64.
2026-09-05T07:31:24.9939339Z Preparing to unpack .../libboost-dev_1.83.0.1ubuntu2_amd64.deb ...
2026-09-05T07:31:24.9946063Z Unpacking libboost-dev:amd64 (1.83.0.1ubuntu2) ...
2026-09-05T07:31:25.0242410Z Setting up libboost1.83-dev:amd64 (1.83.0-2.1ubuntu3.2) ...
2026-09-05T07:31:25.0265075Z Setting up libboost-dev:amd64 (1.83.0.1ubuntu2) ...
2026-09-05T07:31:25.5578180Z 
2026-09-05T07:31:25.5663995Z Running kernel seems to be up-to-date.
2026-09-05T07:31:25.5664529Z 
2026-09-05T07:31:25.5664727Z No services need to be restarted.
2026-09-05T07:31:25.5665053Z 
2026-09-05T07:31:25.5665254Z No containers need to be restarted.
2026-09-05T07:31:25.5665575Z 
2026-09-05T07:31:25.5665787Z No user sessions are running outdated binaries.
2026-09-05T07:31:25.5666241Z 
2026-09-05T07:31:25.5666675Z No VM guests are running outdated hypervisor (qemu) binaries on this host.
2026-09-05T07:31:26.3694141Z ##[group]Run cmake --version
2026-09-05T07:31:26.3694448Z [36;1mcmake --version[0m
2026-09-05T07:31:26.3694681Z [36;1mc++ --version[0m
2026-09-05T07:31:26.3717500Z shell: /usr/bin/bash -e {0}
2026-09-05T07:31:26.3717773Z env:
2026-09-05T07:31:26.3718040Z   OPENFHE_COMMIT: df495ba2e91739a6dc8f1de254fc5a41155ce504
2026-09-05T07:31:26.3718462Z   OPENFHE_PREFIX: /home/runner/work/20231788./20231788./.ci/openfhe-install
2026-09-05T07:31:26.3718813Z ##[endgroup]
2026-09-05T07:31:26.4035245Z cmake version 3.31.6
2026-09-05T07:31:26.4035475Z 
2026-09-05T07:31:26.4035681Z CMake suite maintained and supported by Kitware (kitware.com/cmake).
2026-09-05T07:31:26.4090563Z c++ (Ubuntu 13.3.0-6ubuntu2~24.04.1) 13.3.0
2026-09-05T07:31:26.4091148Z Copyright (C) 2023 Free Software Foundation, Inc.
2026-09-05T07:31:26.4091848Z This is free software; see the source for copying conditions.  There is NO
2026-09-05T07:31:26.4092759Z warranty; not even for MERCHANTABILITY or FITNESS FOR A PARTICULAR PURPOSE.
2026-09-05T07:31:26.4093619Z 
2026-09-05T07:31:26.4155690Z Node 20 is being deprecated. This workflow is running with Node 24 by default. If you need to temporarily use Node 20, you can set the ACTIONS_ALLOW_USE_UNSECURE_NODE_VERSION=true environment variable. For more information see: https://github.blog/changelog/2025-09-19-deprecation-of-node-20-on-github-actions-runners/
2026-09-05T07:31:26.4156850Z ##[group]Run actions/cache@v4
2026-09-05T07:31:26.4157089Z with:
2026-09-05T07:31:26.4157292Z   path: .ci/openfhe-install
2026-09-05T07:31:26.4157718Z   key: openfhe-1.5.0-Linux-gcc-df495ba2e91739a6dc8f1de254fc5a41155ce504-native64-backend4
2026-09-05T07:31:26.4158177Z   enableCrossOsArchive: false
2026-09-05T07:31:26.4158420Z   fail-on-cache-miss: false
2026-09-05T07:31:26.4158652Z   lookup-only: false
2026-09-05T07:31:26.4158857Z   save-always: false
2026-09-05T07:31:26.4159061Z env:
2026-09-05T07:31:26.4159306Z   OPENFHE_COMMIT: df495ba2e91739a6dc8f1de254fc5a41155ce504
2026-09-05T07:31:26.4159766Z   OPENFHE_PREFIX: /home/runner/work/20231788./20231788./.ci/openfhe-install
2026-09-05T07:31:26.4160122Z ##[endgroup]
2026-09-05T07:31:26.5207882Z (node:3268) [DEP0040] DeprecationWarning: The `punycode` module is deprecated. Please use a userland alternative instead.
2026-09-05T07:31:26.5208604Z (Use `node --trace-deprecation ...` to show where the warning was created)
2026-09-05T07:31:26.6932176Z Cache hit for: openfhe-1.5.0-Linux-gcc-df495ba2e91739a6dc8f1de254fc5a41155ce504-native64-backend4
2026-09-05T07:31:26.7035745Z (node:3268) [DEP0169] DeprecationWarning: `url.parse()` behavior is not standardized and prone to errors that have security implications. Use the WHATWG URL API instead. CVEs are not issued for `url.parse()` vulnerabilities.
2026-09-05T07:31:27.2475176Z Received 2477977 of 2477977 (100.0%), 6.0 MBs/sec
2026-09-05T07:31:27.2475848Z Cache Size: ~2 MB (2477977 B)
2026-09-05T07:31:27.2501763Z [command]/usr/bin/tar -xf /home/runner/work/_temp/d3725311-0acc-4f8a-a0a4-95674dabc681/cache.tzst -P -C /home/runner/work/20231788./20231788. --use-compress-program unzstd
2026-09-05T07:31:27.2736159Z Cache restored successfully
2026-09-05T07:31:27.2811499Z Cache restored from key: openfhe-1.5.0-Linux-gcc-df495ba2e91739a6dc8f1de254fc5a41155ce504-native64-backend4
2026-09-05T07:31:27.2918470Z ##[group]Run cmake -S . -B build -DCMAKE_BUILD_TYPE=Debug -DCMAKE_PREFIX_PATH=${OPENFHE_PREFIX}
2026-09-05T07:31:27.2919081Z [36;1mcmake -S . -B build -DCMAKE_BUILD_TYPE=Debug -DCMAKE_PREFIX_PATH=${OPENFHE_PREFIX}[0m
2026-09-05T07:31:27.2941215Z shell: /usr/bin/bash -e {0}
2026-09-05T07:31:27.2941476Z env:
2026-09-05T07:31:27.2941738Z   OPENFHE_COMMIT: df495ba2e91739a6dc8f1de254fc5a41155ce504
2026-09-05T07:31:27.2942174Z   OPENFHE_PREFIX: /home/runner/work/20231788./20231788./.ci/openfhe-install
2026-09-05T07:31:27.2942532Z ##[endgroup]
2026-09-05T07:31:27.4468198Z -- The CXX compiler identification is GNU 13.3.0
2026-09-05T07:31:27.4603859Z -- Detecting CXX compiler ABI info
2026-09-05T07:31:27.5707382Z -- Detecting CXX compiler ABI info - done
2026-09-05T07:31:27.5856540Z -- Check for working CXX compiler: /usr/bin/c++ - skipped
2026-09-05T07:31:27.5862226Z -- Detecting CXX compile features
2026-09-05T07:31:27.5870840Z -- Detecting CXX compile features - done
2026-09-05T07:31:27.5982509Z -- Configuring done (0.3s)
2026-09-05T07:31:27.6211861Z -- Generating done (0.0s)
2026-09-05T07:31:27.6214006Z -- Build files have been written to: /home/runner/work/20231788./20231788./build
2026-09-05T07:31:27.6257992Z ##[group]Run test "$(git rev-parse HEAD)" = "$GITHUB_SHA"
2026-09-05T07:31:27.6258400Z [36;1mtest "$(git rev-parse HEAD)" = "$GITHUB_SHA"[0m
2026-09-05T07:31:27.6258981Z [36;1mprintf 'PROJECT_SOURCE_COMMIT=%s GITHUB_RUN_ID=%s GITHUB_RUN_ATTEMPT=%s\n' "$GITHUB_SHA" "$GITHUB_RUN_ID" "$GITHUB_RUN_ATTEMPT"[0m
2026-09-05T07:31:27.6279897Z shell: /usr/bin/bash -e {0}
2026-09-05T07:31:27.6280171Z env:
2026-09-05T07:31:27.6280441Z   OPENFHE_COMMIT: df495ba2e91739a6dc8f1de254fc5a41155ce504
2026-09-05T07:31:27.6280990Z   OPENFHE_PREFIX: /home/runner/work/20231788./20231788./.ci/openfhe-install
2026-09-05T07:31:27.6281358Z ##[endgroup]
2026-09-05T07:31:27.6332084Z PROJECT_SOURCE_COMMIT=f1ea03f35a6a553d65db30c93e771738f6bc0e1d GITHUB_RUN_ID=33952773643 GITHUB_RUN_ATTEMPT=1
2026-09-05T07:31:27.6353961Z ##[group]Run cmake --build build --parallel 2
2026-09-05T07:31:27.6354303Z [36;1mcmake --build build --parallel 2[0m
2026-09-05T07:31:27.6372147Z shell: /usr/bin/bash -e {0}
2026-09-05T07:31:27.6372405Z env:
2026-09-05T07:31:27.6372672Z   OPENFHE_COMMIT: df495ba2e91739a6dc8f1de254fc5a41155ce504
2026-09-05T07:31:27.6373102Z   OPENFHE_PREFIX: /home/runner/work/20231788./20231788./.ci/openfhe-install
2026-09-05T07:31:27.6373627Z ##[endgroup]
2026-09-05T07:31:27.6535973Z [  3%] Building CXX object CMakeFiles/openfhe_2023_1788.dir/src/double_ckks.cpp.o
2026-09-05T07:31:27.6538010Z [  6%] Building CXX object CMakeFiles/openfhe_2023_1788.dir/src/high_precision_client_io.cpp.o
2026-09-05T07:31:45.5085241Z [ 10%] Linking CXX static library libopenfhe_2023_1788.a
2026-09-05T07:31:52.7039912Z [ 10%] Built target openfhe_2023_1788
2026-09-05T07:31:52.7099855Z [ 13%] Building CXX object CMakeFiles/dcp_rcb_test.dir/tests/dcp_rcb_test.cpp.o
2026-09-05T07:31:52.7109440Z [ 17%] Building CXX object CMakeFiles/tensor2_api_contract_test.dir/tests/tensor2_api_contract_test.cpp.o
2026-09-05T07:31:55.0794046Z [ 20%] Linking CXX executable tensor2_api_contract_test
2026-09-05T07:31:55.1634643Z [ 20%] Built target tensor2_api_contract_test
2026-09-05T07:31:55.1695076Z [ 24%] Building CXX object CMakeFiles/pair_add_test.dir/tests/pair_add_test.cpp.o
2026-09-05T07:32:02.4154014Z [ 27%] Linking CXX executable pair_add_test
2026-09-05T07:32:02.5230162Z [ 27%] Built target pair_add_test
2026-09-05T07:32:02.5315028Z [ 31%] Building CXX object CMakeFiles/pair_sub_test.dir/tests/pair_sub_test.cpp.o
2026-09-05T07:32:06.8136122Z [ 34%] Linking CXX executable dcp_rcb_test
2026-09-05T07:32:06.9362172Z [ 34%] Built target dcp_rcb_test
2026-09-05T07:32:06.9422932Z [ 37%] Building CXX object CMakeFiles/pair_arithmetic_test.dir/tests/pair_arithmetic_test.cpp.o
2026-09-05T07:32:09.8021134Z [ 41%] Linking CXX executable pair_sub_test
2026-09-05T07:32:09.9077657Z [ 41%] Built target pair_sub_test
2026-09-05T07:32:09.9136114Z [ 44%] Building CXX object CMakeFiles/tensor2_test.dir/tests/tensor2_test.cpp.o
2026-09-05T07:32:21.2327936Z [ 48%] Linking CXX executable pair_arithmetic_test
2026-09-05T07:32:21.3528223Z [ 48%] Built target pair_arithmetic_test
2026-09-05T07:32:21.3586538Z [ 51%] Building CXX object CMakeFiles/relin2_test.dir/tests/relin2_test.cpp.o
2026-09-05T07:32:21.7527077Z [ 55%] Linking CXX executable tensor2_test
2026-09-05T07:32:21.8688652Z [ 55%] Built target tensor2_test
2026-09-05T07:32:21.8746452Z [ 58%] Building CXX object CMakeFiles/rs2_test.dir/tests/rs2_test.cpp.o
2026-09-05T07:32:35.0948282Z [ 62%] Linking CXX executable rs2_test
2026-09-05T07:32:35.2122414Z [ 62%] Built target rs2_test
2026-09-05T07:32:35.2181354Z [ 65%] Building CXX object CMakeFiles/mult2_test.dir/tests/mult2_test.cpp.o
2026-09-05T07:32:42.5027709Z [ 68%] Linking CXX executable mult2_test
2026-09-05T07:32:42.6134074Z [ 68%] Built target mult2_test
2026-09-05T07:32:42.6206163Z [ 72%] Building CXX object CMakeFiles/mult2_e2e_oracle_test.dir/tests/mult2_e2e_oracle_test.cpp.o
2026-09-05T07:32:45.8588845Z [ 75%] Linking CXX executable relin2_test
2026-09-05T07:32:46.0010897Z [ 75%] Built target relin2_test
2026-09-05T07:32:46.0071572Z [ 79%] Building CXX object CMakeFiles/precision_dcp_rcb_contract_test.dir/tests/precision_dcp_rcb_contract_test.cpp.o
2026-09-05T07:32:57.1280629Z [ 82%] Linking CXX executable mult2_e2e_oracle_test
2026-09-05T07:32:57.2477807Z [ 82%] Built target mult2_e2e_oracle_test
2026-09-05T07:32:57.2537281Z [ 86%] Building CXX object CMakeFiles/precision_first_mult2_contract_test.dir/tests/precision_first_mult2_contract_test.cpp.o
2026-09-05T07:33:01.3513534Z [ 89%] Building CXX object CMakeFiles/precision_dcp_rcb_contract_test.dir/tests/precision_dcp_rcb_fixture.cpp.o
2026-09-05T07:33:12.8547148Z [ 93%] Linking CXX executable precision_dcp_rcb_contract_test
2026-09-05T07:33:12.9921405Z [ 93%] Built target precision_dcp_rcb_contract_test
2026-09-05T07:33:12.9941552Z [ 96%] Building CXX object CMakeFiles/precision_first_mult2_contract_test.dir/tests/precision_dcp_rcb_fixture.cpp.o
2026-09-05T07:33:24.4341801Z [100%] Linking CXX executable precision_first_mult2_contract_test
2026-09-05T07:33:24.5744349Z [100%] Built target precision_first_mult2_contract_test
2026-09-05T07:33:24.5802649Z ##[group]Run cmake --build build --target relin2_api_contract_test --parallel 2
2026-09-05T07:33:24.5803173Z [36;1mcmake --build build --target relin2_api_contract_test --parallel 2[0m
2026-09-05T07:33:24.5824945Z shell: /usr/bin/bash -e {0}
2026-09-05T07:33:24.5825211Z env:
2026-09-05T07:33:24.5825479Z   OPENFHE_COMMIT: df495ba2e91739a6dc8f1de254fc5a41155ce504
2026-09-05T07:33:24.5825916Z   OPENFHE_PREFIX: /home/runner/work/20231788./20231788./.ci/openfhe-install
2026-09-05T07:33:24.5826288Z ##[endgroup]
2026-09-05T07:33:24.6139887Z [ 60%] Built target openfhe_2023_1788
2026-09-05T07:33:24.6195945Z [ 80%] Building CXX object CMakeFiles/relin2_api_contract_test.dir/tests/relin2_api_contract_test.cpp.o
2026-09-05T07:33:26.9516437Z [100%] Linking CXX executable relin2_api_contract_test
2026-09-05T07:33:27.0139304Z [100%] Built target relin2_api_contract_test
2026-09-05T07:33:27.0192260Z ##[group]Run cmake --build build --target rs2_api_contract_test --parallel 2
2026-09-05T07:33:27.0192802Z [36;1mcmake --build build --target rs2_api_contract_test --parallel 2[0m
2026-09-05T07:33:27.0214071Z shell: /usr/bin/bash -e {0}
2026-09-05T07:33:27.0214341Z env:
2026-09-05T07:33:27.0214623Z   OPENFHE_COMMIT: df495ba2e91739a6dc8f1de254fc5a41155ce504
2026-09-05T07:33:27.0215067Z   OPENFHE_PREFIX: /home/runner/work/20231788./20231788./.ci/openfhe-install
2026-09-05T07:33:27.0215428Z ##[endgroup]
2026-09-05T07:33:27.0498529Z [ 60%] Built target openfhe_2023_1788
2026-09-05T07:33:27.0555622Z [ 80%] Building CXX object CMakeFiles/rs2_api_contract_test.dir/tests/rs2_api_contract_test.cpp.o
2026-09-05T07:33:29.3873994Z [100%] Linking CXX executable rs2_api_contract_test
2026-09-05T07:33:29.4484873Z [100%] Built target rs2_api_contract_test
2026-09-05T07:33:29.4538983Z ##[group]Run cmake --build build --target precision_first_mult2_contract_test --parallel 2
2026-09-05T07:33:29.4539587Z [36;1mcmake --build build --target precision_first_mult2_contract_test --parallel 2[0m
2026-09-05T07:33:29.4540215Z [36;1mctest --test-dir build --verbose --output-on-failure -R '^precision_first_mult2_high_precision_contract$'[0m
2026-09-05T07:33:29.4561152Z shell: /usr/bin/bash -e {0}
2026-09-05T07:33:29.4561410Z env:
2026-09-05T07:33:29.4561683Z   OPENFHE_COMMIT: df495ba2e91739a6dc8f1de254fc5a41155ce504
2026-09-05T07:33:29.4562117Z   OPENFHE_PREFIX: /home/runner/work/20231788./20231788./.ci/openfhe-install
2026-09-05T07:33:29.4562478Z ##[endgroup]
2026-09-05T07:33:29.4848007Z [ 50%] Built target openfhe_2023_1788
2026-09-05T07:33:29.5042988Z [100%] Built target precision_first_mult2_contract_test
2026-09-05T07:33:29.5274335Z Internal ctest changing into directory: /home/runner/work/20231788./20231788./build
2026-09-05T07:33:29.5275152Z UpdateCTestConfiguration  from :/home/runner/work/20231788./20231788./build/DartConfiguration.tcl
2026-09-05T07:33:29.5316873Z UpdateCTestConfiguration  from :/home/runner/work/20231788./20231788./build/DartConfiguration.tcl
2026-09-05T07:33:29.5318959Z Test project /home/runner/work/20231788./20231788./build
2026-09-05T07:33:29.5324562Z Constructing a list of tests
2026-09-05T07:33:29.5342564Z Done constructing a list of tests
2026-09-05T07:33:29.5343030Z Updating test list for fixtures
2026-09-05T07:33:29.5343552Z Added 0 tests to meet fixture requirements
2026-09-05T07:33:29.5352254Z Checking test dependency graph...
2026-09-05T07:33:29.5352716Z Checking test dependency graph end
2026-09-05T07:33:29.5363674Z test 3
2026-09-05T07:33:29.5364077Z     Start 3: precision_first_mult2_high_precision_contract
2026-09-05T07:33:29.5364709Z 
2026-09-05T07:33:29.5364970Z 3: Test command: /home/runner/work/20231788./20231788./build/precision_first_mult2_contract_test
2026-09-05T07:33:29.5365475Z 3: Working Directory: /home/runner/work/20231788./20231788./build
2026-09-05T07:33:29.5366770Z 3: Test timeout computed to be: 10000000
2026-09-05T07:33:29.6987987Z 3: test=precision_first_mult2_high_precision_contract trial=0 claim_scope=first-Mult2-diagnostic-only security_level=HEStd_NotSet(diagnostic-only) key_switch=HYBRID ckks_data_type=COMPLEX N=64 batch=16 depth=7 scaling_mod_size=50 first_mod_size=55 input_scale_numerator=2^100 final_logical_scale_numerator=2^200 final_logical_scale_denominator=1267650600226646386227681786497 q_div=1125899906843009 q_l=1125899906840833 input_product_centered_headroom_bits=160 output_centered_headroom_bits=210 coefficient_error_numerator=142545433064079720222004577341057 coefficient_error_denominator=1267650600226646386227681786497 frozen_abs_tolerance=2^-80 product_delta_error=3.7806557780046392591468430179866500202254e-28 max_slot_error=5.7241921703273688131787104904931429220649e-28
2026-09-05T07:33:29.6994196Z 3: test=precision_first_mult2_high_precision_contract trial=1 claim_scope=first-Mult2-diagnostic-only security_level=HEStd_NotSet(diagnostic-only) key_switch=HYBRID ckks_data_type=COMPLEX N=64 batch=16 depth=7 scaling_mod_size=50 first_mod_size=55 input_scale_numerator=2^100 final_logical_scale_numerator=2^200 final_logical_scale_denominator=1267650600226646386227681786497 q_div=1125899906843009 q_l=1125899906840833 input_product_centered_headroom_bits=160 output_centered_headroom_bits=210 coefficient_error_numerator=65698155904768261530231896443358 coefficient_error_denominator=1267650600226646386227681786497 frozen_abs_tolerance=2^-80 product_delta_error=1.8946144442645547778123637671415290884919e-28 max_slot_error=3.5541816787683112231790452746822095226187e-28
2026-09-05T07:33:29.6999092Z 3: test=precision_first_mult2_high_precision_contract trial=2 claim_scope=first-Mult2-diagnostic-only security_level=HEStd_NotSet(diagnostic-only) key_switch=HYBRID ckks_data_type=COMPLEX N=64 batch=16 depth=7 scaling_mod_size=50 first_mod_size=55 input_scale_numerator=2^100 final_logical_scale_numerator=2^200 final_logical_scale_denominator=1267650600226646386227681786497 q_div=1125899906843009 q_l=1125899906840833 input_product_centered_headroom_bits=160 output_centered_headroom_bits=210 coefficient_error_numerator=121107462713597806996407324348756 coefficient_error_denominator=1267650600226646386227681786497 frozen_abs_tolerance=2^-80 product_delta_error=1.6752908499300257406786536907512557263276e-28 max_slot_error=5.3545185498524754901943936541640570728903e-28
2026-09-05T07:33:29.7003742Z 3: test=precision_first_mult2_high_precision_contract trial=3 claim_scope=first-Mult2-diagnostic-only security_level=HEStd_NotSet(diagnostic-only) key_switch=HYBRID ckks_data_type=COMPLEX N=64 batch=16 depth=7 scaling_mod_size=50 first_mod_size=55 input_scale_numerator=2^100 final_logical_scale_numerator=2^200 final_logical_scale_denominator=1267650600226646386227681786497 q_div=1125899906843009 q_l=1125899906840833 input_product_centered_headroom_bits=160 output_centered_headroom_bits=210 coefficient_error_numerator=91728042914713912875547723046771 coefficient_error_denominator=1267650600226646386227681786497 frozen_abs_tolerance=2^-80 product_delta_error=2.4384792432538667362513696595335260889602e-28 max_slot_error=5.7172218814474344068674786923917280802615e-28
2026-09-05T07:33:29.7006224Z 3: precision_first_mult2_high_precision_contract=PASS
2026-09-05T07:33:29.7006657Z 1/1 Test #3: precision_first_mult2_high_precision_contract ...   Passed    0.16 sec
2026-09-05T07:33:29.7137340Z 
2026-09-05T07:33:29.7137924Z The following tests passed:
2026-09-05T07:33:29.7138408Z 	precision_first_mult2_high_precision_contract
2026-09-05T07:33:29.7138622Z 
2026-09-05T07:33:29.7138743Z 100% tests passed, 0 tests failed out of 1
2026-09-05T07:33:29.7138935Z 
2026-09-05T07:33:29.7139035Z Total Test time (real) =   0.18 sec
2026-09-05T07:33:29.7353067Z ##[group]Run ctest --test-dir build --verbose --output-on-failure -R '^mult2_pair_(add|sub)_input_hybrid_complex$'
2026-09-05T07:33:29.7354531Z [36;1mctest --test-dir build --verbose --output-on-failure -R '^mult2_pair_(add|sub)_input_hybrid_complex$'[0m
2026-09-05T07:33:29.7386937Z shell: /usr/bin/bash -e {0}
2026-09-05T07:33:29.7387333Z env:
2026-09-05T07:33:29.7387792Z   OPENFHE_COMMIT: df495ba2e91739a6dc8f1de254fc5a41155ce504
2026-09-05T07:33:29.7388445Z   OPENFHE_PREFIX: /home/runner/work/20231788./20231788./.ci/openfhe-install
2026-09-05T07:33:29.7389007Z ##[endgroup]
2026-09-05T07:33:29.7446556Z Internal ctest changing into directory: /home/runner/work/20231788./20231788./build
2026-09-05T07:33:29.7447570Z UpdateCTestConfiguration  from :/home/runner/work/20231788./20231788./build/DartConfiguration.tcl
2026-09-05T07:33:29.7448836Z UpdateCTestConfiguration  from :/home/runner/work/20231788./20231788./build/DartConfiguration.tcl
2026-09-05T07:33:29.7449860Z Test project /home/runner/work/20231788./20231788./build
2026-09-05T07:33:29.7450515Z Constructing a list of tests
2026-09-05T07:33:29.7457478Z Done constructing a list of tests
2026-09-05T07:33:29.7458104Z Updating test list for fixtures
2026-09-05T07:33:29.7458410Z Added 0 tests to meet fixture requirements
2026-09-05T07:33:29.7458791Z Checking test dependency graph...
2026-09-05T07:33:29.7459128Z Checking test dependency graph end
2026-09-05T07:33:29.7459426Z test 56
2026-09-05T07:33:29.7459799Z     Start 56: mult2_pair_add_input_hybrid_complex
2026-09-05T07:33:29.7481103Z 
2026-09-05T07:33:29.7481917Z 56: Test command: /home/runner/work/20231788./20231788./build/mult2_e2e_oracle_test "pair_add_input_hybrid_complex"
2026-09-05T07:33:29.7482592Z 56: Working Directory: /home/runner/work/20231788./20231788./build
2026-09-05T07:33:29.7482972Z 56: Test timeout computed to be: 10000000
2026-09-05T07:33:29.8167227Z 56: [RELIN2-EXECUTION] q_div=1073741953 q_l=1073741441 ordinary_combined_relin_execution_error=10 pair_relin_execution_error=25 high_path_relin_error=13 low_path_relin_error=14 execution_relin2_triangle_bound=27 paper_additivity_residual=17 paper_additivity_execution_observed=true secret_h=45 input_Q_l=52656049226897061758347970843194892279389197066160739197584863617 oracle_basis_agreement=true
2026-09-05T07:33:29.8175999Z 56: case=pair_add_input_hybrid_complex security_level=HEStd_NotSet(functional-only) key_switch=HYBRID secret_key_dist=UNIFORM_TERNARY ckks_data_type=COMPLEX selected_ring_dimension=64 actual_N=64 batch_size=16 host_vector_length=8 encoding_noise_scale_degree=2 encoding_level=0 scaling_technique=FIXEDMANUAL digit_size=0 max_relin_sk_deg=2 scaling_mod_size=30 first_mod_size=35 multiplicative_depth=7 active_Q_l_towers=7 Q_l_bits=215 preselection_required_bits=174 selection_reserve_bits=32 q_div=1073741953 q_l=1073741441 ratio_2^(2p)/(q_div*q_l)=1.00000023655603276 descriptor_ratio=1.00000023655603276 M_high=89261191 M_low=7516193752 secret_h=45 ordinary_combined_relin_execution_error=10 pair_relin_execution_error=25 high_path_relin_error=13 low_path_relin_error=14 execution_relin2_triangle_bound=27 paper_additivity_residual=17 paper_additivity_execution_observed=true execution_certificate=PER_PATH_CONDITIONAL conservative_E_Relin_available=false universal_theorem_gate=UNPROVED execution_nonwrap_left=587902410458029670914770506371240027 execution_nonwrap_right_Q_l_over_2=26328024613448530879173985421597446139694598533080369598792431808 coefficient_error=162386730967905781161/1152921231876374273 execution_bound=7284159946977586482532/2305842463752748546 fixed_key_bv_bound_available=false frozen_decoded_abs_tolerance=0.00100000000000000002 measured_recorded_bias_error=6.60321943685128205e-10 measured_logical_slot_error=6.60321787482029296e-10
2026-09-05T07:33:29.8182131Z 1/2 Test #56: mult2_pair_add_input_hybrid_complex ...   Passed    0.07 sec
2026-09-05T07:33:29.8182486Z test 57
2026-09-05T07:33:29.8182729Z     Start 57: mult2_pair_sub_input_hybrid_complex
2026-09-05T07:33:29.8182943Z 
2026-09-05T07:33:29.8183780Z 57: Test command: /home/runner/work/20231788./20231788./build/mult2_e2e_oracle_test "pair_sub_input_hybrid_complex"
2026-09-05T07:33:29.8184524Z 57: Working Directory: /home/runner/work/20231788./20231788./build
2026-09-05T07:33:29.8184928Z 57: Test timeout computed to be: 10000000
2026-09-05T07:33:29.9071644Z 57: [RELIN2-EXECUTION] q_div=1073741953 q_l=1073741441 ordinary_combined_relin_execution_error=15 pair_relin_execution_error=19 high_path_relin_error=12 low_path_relin_error=12 execution_relin2_triangle_bound=24 paper_additivity_residual=16 paper_additivity_execution_observed=true secret_h=41 input_Q_l=52656049226897061758347970843194892279389197066160739197584863617 oracle_basis_agreement=true
2026-09-05T07:33:29.9078536Z 57: case=pair_sub_input_hybrid_complex security_level=HEStd_NotSet(functional-only) key_switch=HYBRID secret_key_dist=UNIFORM_TERNARY ckks_data_type=COMPLEX selected_ring_dimension=64 actual_N=64 batch_size=16 host_vector_length=8 encoding_noise_scale_degree=2 encoding_level=0 scaling_technique=FIXEDMANUAL digit_size=0 max_relin_sk_deg=2 scaling_mod_size=30 first_mod_size=35 multiplicative_depth=7 active_Q_l_towers=7 Q_l_bits=215 preselection_required_bits=174 selection_reserve_bits=32 q_div=1073741953 q_l=1073741441 ratio_2^(2p)/(q_div*q_l)=1.00000023655603276 descriptor_ratio=1.00000023655603276 M_high=89261194 M_low=6442451667 secret_h=41 ordinary_combined_relin_execution_error=15 pair_relin_execution_error=19 high_path_relin_error=12 low_path_relin_error=12 execution_relin2_triangle_bound=24 paper_additivity_residual=16 paper_additivity_execution_observed=true execution_certificate=PER_PATH_CONDITIONAL conservative_E_Relin_available=false universal_theorem_gate=UNPROVED execution_nonwrap_left=587902436803290280461161685398745688 execution_nonwrap_right_Q_l_over_2=26328024613448530879173985421597446139694598533080369598792431808 coefficient_error=148332194052132146711/1152921231876374273 execution_bound=5361086177439125431002/2305842463752748546 fixed_key_bv_bound_available=false frozen_decoded_abs_tolerance=0.00100000000000000002 measured_recorded_bias_error=8.52649187967767324e-10 measured_logical_slot_error=8.52648984923933168e-10
2026-09-05T07:33:29.9084187Z 2/2 Test #57: mult2_pair_sub_input_hybrid_complex ...   Passed    0.09 sec
2026-09-05T07:33:29.9084654Z 
2026-09-05T07:33:29.9084823Z The following tests passed:
2026-09-05T07:33:29.9085225Z 	mult2_pair_add_input_hybrid_complex
2026-09-05T07:33:29.9085707Z 	mult2_pair_sub_input_hybrid_complex
2026-09-05T07:33:29.9085965Z 
2026-09-05T07:33:29.9086134Z 100% tests passed, 0 tests failed out of 2
2026-09-05T07:33:29.9086408Z 
2026-09-05T07:33:29.9086508Z Total Test time (real) =   0.16 sec
2026-09-05T07:33:29.9109215Z ##[group]Run ctest --test-dir build --show-only=json-v1 -E '^precision_client_io_first_mult2_contract$'
2026-09-05T07:33:29.9109898Z [36;1mctest --test-dir build --show-only=json-v1 -E '^precision_client_io_first_mult2_contract$'[0m
2026-09-05T07:33:29.9110547Z [36;1mctest --test-dir build --verbose --output-on-failure -E '^precision_client_io_first_mult2_contract$'[0m
2026-09-05T07:33:29.9131532Z shell: /usr/bin/bash -e {0}
2026-09-05T07:33:29.9131804Z env:
2026-09-05T07:33:29.9132084Z   OPENFHE_COMMIT: df495ba2e91739a6dc8f1de254fc5a41155ce504
2026-09-05T07:33:29.9132520Z   OPENFHE_PREFIX: /home/runner/work/20231788./20231788./.ci/openfhe-install
2026-09-05T07:33:29.9132892Z ##[endgroup]
2026-09-05T07:33:29.9206572Z {
2026-09-05T07:33:29.9206984Z   "backtraceGraph" : 
2026-09-05T07:33:29.9207415Z   {
2026-09-05T07:33:29.9207761Z     "commands" : 
2026-09-05T07:33:29.9208143Z     [
2026-09-05T07:33:29.9208489Z       "add_test"
2026-09-05T07:33:29.9208861Z     ],
2026-09-05T07:33:29.9209248Z     "files" : 
2026-09-05T07:33:29.9209589Z     [
2026-09-05T07:33:29.9210034Z       "/home/runner/work/20231788./20231788./CMakeLists.txt"
2026-09-05T07:33:29.9210587Z     ],
2026-09-05T07:33:29.9210926Z     "nodes" : 
2026-09-05T07:33:29.9211214Z     [
2026-09-05T07:33:29.9211471Z       {
2026-09-05T07:33:29.9211743Z         "file" : 0
2026-09-05T07:33:29.9212236Z       },
2026-09-05T07:33:29.9212513Z       {
2026-09-05T07:33:29.9212926Z         "command" : 0,
2026-09-05T07:33:29.9213419Z         "file" : 0,
2026-09-05T07:33:29.9213727Z         "line" : 164,
2026-09-05T07:33:29.9214068Z         "parent" : 0
2026-09-05T07:33:29.9214389Z       },
2026-09-05T07:33:29.9214670Z       {
2026-09-05T07:33:29.9214950Z         "file" : 0
2026-09-05T07:33:29.9215270Z       },
2026-09-05T07:33:29.9215564Z       {
2026-09-05T07:33:29.9215866Z         "command" : 0,
2026-09-05T07:33:29.9216203Z         "file" : 0,
2026-09-05T07:33:29.9216866Z         "line" : 165,
2026-09-05T07:33:29.9217243Z         "parent" : 2
2026-09-05T07:33:29.9217580Z       },
2026-09-05T07:33:29.9217835Z       {
2026-09-05T07:33:29.9218092Z         "file" : 0
2026-09-05T07:33:29.9218391Z       },
2026-09-05T07:33:29.9218659Z       {
2026-09-05T07:33:29.9218937Z         "command" : 0,
2026-09-05T07:33:29.9219262Z         "file" : 0,
2026-09-05T07:33:29.9219582Z         "line" : 167,
2026-09-05T07:33:29.9219930Z         "parent" : 4
2026-09-05T07:33:29.9220172Z       },
2026-09-05T07:33:29.9220345Z       {
2026-09-05T07:33:29.9220559Z         "file" : 0
2026-09-05T07:33:29.9220831Z       },
2026-09-05T07:33:29.9221072Z       {
2026-09-05T07:33:29.9221357Z         "command" : 0,
2026-09-05T07:33:29.9221685Z         "file" : 0,
2026-09-05T07:33:29.9221987Z         "line" : 169,
2026-09-05T07:33:29.9222322Z         "parent" : 6
2026-09-05T07:33:29.9222646Z       },
2026-09-05T07:33:29.9222922Z       {
2026-09-05T07:33:29.9223361Z         "file" : 0
2026-09-05T07:33:29.9223667Z       },
2026-09-05T07:33:29.9223938Z       {
2026-09-05T07:33:29.9224249Z         "command" : 0,
2026-09-05T07:33:29.9224602Z         "file" : 0,
2026-09-05T07:33:29.9224934Z         "line" : 170,
2026-09-05T07:33:29.9225290Z         "parent" : 8
2026-09-05T07:33:29.9225614Z       },
2026-09-05T07:33:29.9225893Z       {
2026-09-05T07:33:29.9226241Z         "file" : 0
2026-09-05T07:33:29.9226556Z       },
2026-09-05T07:33:29.9226833Z       {
2026-09-05T07:33:29.9227112Z         "command" : 0,
2026-09-05T07:33:29.9227432Z         "file" : 0,
2026-09-05T07:33:29.9227735Z         "line" : 171,
2026-09-05T07:33:29.9228070Z         "parent" : 10
2026-09-05T07:33:29.9228382Z       },
2026-09-05T07:33:29.9228655Z       {
2026-09-05T07:33:29.9228927Z         "file" : 0
2026-09-05T07:33:29.9229230Z       },
2026-09-05T07:33:29.9229522Z       {
2026-09-05T07:33:29.9229805Z         "command" : 0,
2026-09-05T07:33:29.9230134Z         "file" : 0,
2026-09-05T07:33:29.9230454Z         "line" : 172,
2026-09-05T07:33:29.9230801Z         "parent" : 12
2026-09-05T07:33:29.9231111Z       },
2026-09-05T07:33:29.9231614Z       {
2026-09-05T07:33:29.9231897Z         "file" : 0
2026-09-05T07:33:29.9232205Z       },
2026-09-05T07:33:29.9232500Z       {
2026-09-05T07:33:29.9232789Z         "command" : 0,
2026-09-05T07:33:29.9233132Z         "file" : 0,
2026-09-05T07:33:29.9233630Z         "line" : 174,
2026-09-05T07:33:29.9233970Z         "parent" : 14
2026-09-05T07:33:29.9234304Z       },
2026-09-05T07:33:29.9234580Z       {
2026-09-05T07:33:29.9234860Z         "file" : 0
2026-09-05T07:33:29.9235167Z       },
2026-09-05T07:33:29.9235435Z       {
2026-09-05T07:33:29.9235724Z         "command" : 0,
2026-09-05T07:33:29.9236060Z         "file" : 0,
2026-09-05T07:33:29.9236377Z         "line" : 176,
2026-09-05T07:33:29.9236712Z         "parent" : 16
2026-09-05T07:33:29.9237043Z       },
2026-09-05T07:33:29.9237326Z       {
2026-09-05T07:33:29.9237609Z         "file" : 0
2026-09-05T07:33:29.9237909Z       },
2026-09-05T07:33:29.9238192Z       {
2026-09-05T07:33:29.9238488Z         "command" : 0,
2026-09-05T07:33:29.9238850Z         "file" : 0,
2026-09-05T07:33:29.9239172Z         "line" : 177,
2026-09-05T07:33:29.9239522Z         "parent" : 18
2026-09-05T07:33:29.9239885Z       },
2026-09-05T07:33:29.9240205Z       {
2026-09-05T07:33:29.9240526Z         "file" : 0
2026-09-05T07:33:29.9240883Z       },
2026-09-05T07:33:29.9241192Z       {
2026-09-05T07:33:29.9241694Z         "command" : 0,
2026-09-05T07:33:29.9242086Z         "file" : 0,
2026-09-05T07:33:29.9242434Z         "line" : 178,
2026-09-05T07:33:29.9242768Z         "parent" : 20
2026-09-05T07:33:29.9243117Z       },
2026-09-05T07:33:29.9243573Z       {
2026-09-05T07:33:29.9243949Z         "file" : 0
2026-09-05T07:33:29.9244299Z       },
2026-09-05T07:33:29.9244611Z       {
2026-09-05T07:33:29.9244925Z         "command" : 0,
2026-09-05T07:33:29.9245304Z         "file" : 0,
2026-09-05T07:33:29.9245657Z         "line" : 179,
2026-09-05T07:33:29.9246026Z         "parent" : 22
2026-09-05T07:33:29.9246384Z       },
2026-09-05T07:33:29.9246694Z       {
2026-09-05T07:33:29.9247015Z         "file" : 0
2026-09-05T07:33:29.9247354Z       },
2026-09-05T07:33:29.9247662Z       {
2026-09-05T07:33:29.9247980Z         "command" : 0,
2026-09-05T07:33:29.9248386Z         "file" : 0,
2026-09-05T07:33:29.9248740Z         "line" : 180,
2026-09-05T07:33:29.9249109Z         "parent" : 24
2026-09-05T07:33:29.9249480Z       },
2026-09-05T07:33:29.9249794Z       {
2026-09-05T07:33:29.9250115Z         "file" : 0
2026-09-05T07:33:29.9250421Z       },
2026-09-05T07:33:29.9250713Z       {
2026-09-05T07:33:29.9251014Z         "command" : 0,
2026-09-05T07:33:29.9251371Z         "file" : 0,
2026-09-05T07:33:29.9251684Z         "line" : 181,
2026-09-05T07:33:29.9252024Z         "parent" : 26
2026-09-05T07:33:29.9252334Z       },
2026-09-05T07:33:29.9252611Z       {
2026-09-05T07:33:29.9252889Z         "file" : 0
2026-09-05T07:33:29.9253343Z       },
2026-09-05T07:33:29.9253612Z       {
2026-09-05T07:33:29.9253911Z         "command" : 0,
2026-09-05T07:33:29.9254234Z         "file" : 0,
2026-09-05T07:33:29.9254535Z         "line" : 182,
2026-09-05T07:33:29.9254853Z         "parent" : 28
2026-09-05T07:33:29.9255166Z       },
2026-09-05T07:33:29.9255435Z       {
2026-09-05T07:33:29.9255718Z         "file" : 0
2026-09-05T07:33:29.9256026Z       },
2026-09-05T07:33:29.9256290Z       {
2026-09-05T07:33:29.9256556Z         "command" : 0,
2026-09-05T07:33:29.9256790Z         "file" : 0,
2026-09-05T07:33:29.9256981Z         "line" : 183,
2026-09-05T07:33:29.9257186Z         "parent" : 30
2026-09-05T07:33:29.9257378Z       },
2026-09-05T07:33:29.9257550Z       {
2026-09-05T07:33:29.9257728Z         "file" : 0
2026-09-05T07:33:29.9257914Z       },
2026-09-05T07:33:29.9258083Z       {
2026-09-05T07:33:29.9258264Z         "command" : 0,
2026-09-05T07:33:29.9258465Z         "file" : 0,
2026-09-05T07:33:29.9258670Z         "line" : 184,
2026-09-05T07:33:29.9258870Z         "parent" : 32
2026-09-05T07:33:29.9259176Z       },
2026-09-05T07:33:29.9259456Z       {
2026-09-05T07:33:29.9259791Z         "file" : 0
2026-09-05T07:33:29.9260332Z       },
2026-09-05T07:33:29.9260641Z       {
2026-09-05T07:33:29.9260956Z         "command" : 0,
2026-09-05T07:33:29.9261329Z         "file" : 0,
2026-09-05T07:33:29.9261650Z         "line" : 185,
2026-09-05T07:33:29.9261891Z         "parent" : 34
2026-09-05T07:33:29.9262092Z       },
2026-09-05T07:33:29.9262274Z       {
2026-09-05T07:33:29.9262461Z         "file" : 0
2026-09-05T07:33:29.9262651Z       },
2026-09-05T07:33:29.9262826Z       {
2026-09-05T07:33:29.9263006Z         "command" : 0,
2026-09-05T07:33:29.9263374Z         "file" : 0,
2026-09-05T07:33:29.9263601Z         "line" : 186,
2026-09-05T07:33:29.9263811Z         "parent" : 36
2026-09-05T07:33:29.9264021Z       },
2026-09-05T07:33:29.9264208Z       {
2026-09-05T07:33:29.9264410Z         "file" : 0
2026-09-05T07:33:29.9264613Z       },
2026-09-05T07:33:29.9264800Z       {
2026-09-05T07:33:29.9264978Z         "command" : 0,
2026-09-05T07:33:29.9265190Z         "file" : 0,
2026-09-05T07:33:29.9265387Z         "line" : 187,
2026-09-05T07:33:29.9265587Z         "parent" : 38
2026-09-05T07:33:29.9265778Z       },
2026-09-05T07:33:29.9265950Z       {
2026-09-05T07:33:29.9266131Z         "file" : 0
2026-09-05T07:33:29.9266317Z       },
2026-09-05T07:33:29.9266486Z       {
2026-09-05T07:33:29.9266663Z         "command" : 0,
2026-09-05T07:33:29.9266870Z         "file" : 0,
2026-09-05T07:33:29.9267175Z         "line" : 188,
2026-09-05T07:33:29.9267400Z         "parent" : 40
2026-09-05T07:33:29.9267605Z       },
2026-09-05T07:33:29.9267805Z       {
2026-09-05T07:33:29.9267991Z         "file" : 0
2026-09-05T07:33:29.9268189Z       },
2026-09-05T07:33:29.9268365Z       {
2026-09-05T07:33:29.9268551Z         "command" : 0,
2026-09-05T07:33:29.9268752Z         "file" : 0,
2026-09-05T07:33:29.9268946Z         "line" : 189,
2026-09-05T07:33:29.9269143Z         "parent" : 42
2026-09-05T07:33:29.9269339Z       },
2026-09-05T07:33:29.9269519Z       {
2026-09-05T07:33:29.9269696Z         "file" : 0
2026-09-05T07:33:29.9269884Z       },
2026-09-05T07:33:29.9270057Z       {
2026-09-05T07:33:29.9270235Z         "command" : 0,
2026-09-05T07:33:29.9270443Z         "file" : 0,
2026-09-05T07:33:29.9270638Z         "line" : 190,
2026-09-05T07:33:29.9270834Z         "parent" : 44
2026-09-05T07:33:29.9271026Z       },
2026-09-05T07:33:29.9271204Z       {
2026-09-05T07:33:29.9271382Z         "file" : 0
2026-09-05T07:33:29.9271570Z       },
2026-09-05T07:33:29.9271744Z       {
2026-09-05T07:33:29.9271923Z         "command" : 0,
2026-09-05T07:33:29.9272135Z         "file" : 0,
2026-09-05T07:33:29.9272335Z         "line" : 191,
2026-09-05T07:33:29.9272544Z         "parent" : 46
2026-09-05T07:33:29.9272760Z       },
2026-09-05T07:33:29.9272941Z       {
2026-09-05T07:33:29.9273121Z         "file" : 0
2026-09-05T07:33:29.9273503Z       },
2026-09-05T07:33:29.9273706Z       {
2026-09-05T07:33:29.9273887Z         "command" : 0,
2026-09-05T07:33:29.9274104Z         "file" : 0,
2026-09-05T07:33:29.9274303Z         "line" : 192,
2026-09-05T07:33:29.9274509Z         "parent" : 48
2026-09-05T07:33:29.9274705Z       },
2026-09-05T07:33:29.9274889Z       {
2026-09-05T07:33:29.9275066Z         "file" : 0
2026-09-05T07:33:29.9275259Z       },
2026-09-05T07:33:29.9275432Z       {
2026-09-05T07:33:29.9275609Z         "command" : 0,
2026-09-05T07:33:29.9275826Z         "file" : 0,
2026-09-05T07:33:29.9276022Z         "line" : 193,
2026-09-05T07:33:29.9276222Z         "parent" : 50
2026-09-05T07:33:29.9276422Z       },
2026-09-05T07:33:29.9276600Z       {
2026-09-05T07:33:29.9276774Z         "file" : 0
2026-09-05T07:33:29.9276961Z       },
2026-09-05T07:33:29.9277136Z       {
2026-09-05T07:33:29.9277317Z         "command" : 0,
2026-09-05T07:33:29.9277526Z         "file" : 0,
2026-09-05T07:33:29.9277716Z         "line" : 194,
2026-09-05T07:33:29.9277914Z         "parent" : 52
2026-09-05T07:33:29.9278108Z       },
2026-09-05T07:33:29.9278288Z       {
2026-09-05T07:33:29.9278461Z         "file" : 0
2026-09-05T07:33:29.9278647Z       },
2026-09-05T07:33:29.9278820Z       {
2026-09-05T07:33:29.9279096Z         "command" : 0,
2026-09-05T07:33:29.9279313Z         "file" : 0,
2026-09-05T07:33:29.9279513Z         "line" : 195,
2026-09-05T07:33:29.9279717Z         "parent" : 54
2026-09-05T07:33:29.9279922Z       },
2026-09-05T07:33:29.9280108Z       {
2026-09-05T07:33:29.9280284Z         "file" : 0
2026-09-05T07:33:29.9280487Z       },
2026-09-05T07:33:29.9280665Z       {
2026-09-05T07:33:29.9280845Z         "command" : 0,
2026-09-05T07:33:29.9281060Z         "file" : 0,
2026-09-05T07:33:29.9281255Z         "line" : 196,
2026-09-05T07:33:29.9281456Z         "parent" : 56
2026-09-05T07:33:29.9281653Z       },
2026-09-05T07:33:29.9281837Z       {
2026-09-05T07:33:29.9282015Z         "file" : 0
2026-09-05T07:33:29.9282206Z       },
2026-09-05T07:33:29.9282384Z       {
2026-09-05T07:33:29.9282564Z         "command" : 0,
2026-09-05T07:33:29.9282784Z         "file" : 0,
2026-09-05T07:33:29.9282986Z         "line" : 197,
2026-09-05T07:33:29.9283190Z         "parent" : 58
2026-09-05T07:33:29.9283568Z       },
2026-09-05T07:33:29.9283750Z       {
2026-09-05T07:33:29.9283956Z         "file" : 0
2026-09-05T07:33:29.9284153Z       },
2026-09-05T07:33:29.9284330Z       {
2026-09-05T07:33:29.9284517Z         "command" : 0,
2026-09-05T07:33:29.9284734Z         "file" : 0,
2026-09-05T07:33:29.9284933Z         "line" : 198,
2026-09-05T07:33:29.9285278Z         "parent" : 60
2026-09-05T07:33:29.9285472Z       },
2026-09-05T07:33:29.9285644Z       {
2026-09-05T07:33:29.9285823Z         "file" : 0
2026-09-05T07:33:29.9286010Z       },
2026-09-05T07:33:29.9286186Z       {
2026-09-05T07:33:29.9286366Z         "command" : 0,
2026-09-05T07:33:29.9286580Z         "file" : 0,
2026-09-05T07:33:29.9286777Z         "line" : 199,
2026-09-05T07:33:29.9286983Z         "parent" : 62
2026-09-05T07:33:29.9287185Z       },
2026-09-05T07:33:29.9287358Z       {
2026-09-05T07:33:29.9287542Z         "file" : 0
2026-09-05T07:33:29.9287729Z       },
2026-09-05T07:33:29.9287901Z       {
2026-09-05T07:33:29.9288078Z         "command" : 0,
2026-09-05T07:33:29.9288296Z         "file" : 0,
2026-09-05T07:33:29.9288493Z         "line" : 200,
2026-09-05T07:33:29.9288695Z         "parent" : 64
2026-09-05T07:33:29.9288893Z       },
2026-09-05T07:33:29.9289069Z       {
2026-09-05T07:33:29.9289292Z         "file" : 0
2026-09-05T07:33:29.9289571Z       },
2026-09-05T07:33:29.9289835Z       {
2026-09-05T07:33:29.9290102Z         "command" : 0,
2026-09-05T07:33:29.9290425Z         "file" : 0,
2026-09-05T07:33:29.9290714Z         "line" : 201,
2026-09-05T07:33:29.9291017Z         "parent" : 66
2026-09-05T07:33:29.9291326Z       },
2026-09-05T07:33:29.9291593Z       {
2026-09-05T07:33:29.9291875Z         "file" : 0
2026-09-05T07:33:29.9292162Z       },
2026-09-05T07:33:29.9292414Z       {
2026-09-05T07:33:29.9292673Z         "command" : 0,
2026-09-05T07:33:29.9292981Z         "file" : 0,
2026-09-05T07:33:29.9293469Z         "line" : 202,
2026-09-05T07:33:29.9293780Z         "parent" : 68
2026-09-05T07:33:29.9294076Z       },
2026-09-05T07:33:29.9294339Z       {
2026-09-05T07:33:29.9294609Z         "file" : 0
2026-09-05T07:33:29.9294895Z       },
2026-09-05T07:33:29.9295150Z       {
2026-09-05T07:33:29.9295410Z         "command" : 0,
2026-09-05T07:33:29.9295716Z         "file" : 0,
2026-09-05T07:33:29.9296011Z         "line" : 203,
2026-09-05T07:33:29.9296311Z         "parent" : 70
2026-09-05T07:33:29.9296607Z       },
2026-09-05T07:33:29.9296863Z       {
2026-09-05T07:33:29.9297122Z         "file" : 0
2026-09-05T07:33:29.9297401Z       },
2026-09-05T07:33:29.9297655Z       {
2026-09-05T07:33:29.9297914Z         "command" : 0,
2026-09-05T07:33:29.9298219Z         "file" : 0,
2026-09-05T07:33:29.9298512Z         "line" : 204,
2026-09-05T07:33:29.9298817Z         "parent" : 72
2026-09-05T07:33:29.9299109Z       },
2026-09-05T07:33:29.9299365Z       {
2026-09-05T07:33:29.9299633Z         "file" : 0
2026-09-05T07:33:29.9299911Z       },
2026-09-05T07:33:29.9300169Z       {
2026-09-05T07:33:29.9300433Z         "command" : 0,
2026-09-05T07:33:29.9300858Z         "file" : 0,
2026-09-05T07:33:29.9301167Z         "line" : 205,
2026-09-05T07:33:29.9301472Z         "parent" : 74
2026-09-05T07:33:29.9301768Z       },
2026-09-05T07:33:29.9302025Z       {
2026-09-05T07:33:29.9302300Z         "file" : 0
2026-09-05T07:33:29.9302582Z       },
2026-09-05T07:33:29.9302861Z       {
2026-09-05T07:33:29.9303121Z         "command" : 0,
2026-09-05T07:33:29.9303556Z         "file" : 0,
2026-09-05T07:33:29.9303875Z         "line" : 206,
2026-09-05T07:33:29.9304192Z         "parent" : 76
2026-09-05T07:33:29.9304501Z       },
2026-09-05T07:33:29.9304757Z       {
2026-09-05T07:33:29.9305023Z         "file" : 0
2026-09-05T07:33:29.9305307Z       },
2026-09-05T07:33:29.9305563Z       {
2026-09-05T07:33:29.9305831Z         "command" : 0,
2026-09-05T07:33:29.9306218Z         "file" : 0,
2026-09-05T07:33:29.9306516Z         "line" : 207,
2026-09-05T07:33:29.9306817Z         "parent" : 78
2026-09-05T07:33:29.9307112Z       },
2026-09-05T07:33:29.9307366Z       {
2026-09-05T07:33:29.9307635Z         "file" : 0
2026-09-05T07:33:29.9307912Z       },
2026-09-05T07:33:29.9308165Z       {
2026-09-05T07:33:29.9308432Z         "command" : 0,
2026-09-05T07:33:29.9308750Z         "file" : 0,
2026-09-05T07:33:29.9309053Z         "line" : 208,
2026-09-05T07:33:29.9309349Z         "parent" : 80
2026-09-05T07:33:29.9309646Z       },
2026-09-05T07:33:29.9309985Z       {
2026-09-05T07:33:29.9310254Z         "file" : 0
2026-09-05T07:33:29.9310537Z       },
2026-09-05T07:33:29.9310795Z       {
2026-09-05T07:33:29.9311063Z         "command" : 0,
2026-09-05T07:33:29.9311369Z         "file" : 0,
2026-09-05T07:33:29.9311671Z         "line" : 209,
2026-09-05T07:33:29.9311979Z         "parent" : 82
2026-09-05T07:33:29.9312276Z       },
2026-09-05T07:33:29.9312530Z       {
2026-09-05T07:33:29.9312791Z         "file" : 0
2026-09-05T07:33:29.9313069Z       },
2026-09-05T07:33:29.9313430Z       {
2026-09-05T07:33:29.9313698Z         "command" : 0,
2026-09-05T07:33:29.9314014Z         "file" : 0,
2026-09-05T07:33:29.9314329Z         "line" : 210,
2026-09-05T07:33:29.9314646Z         "parent" : 84
2026-09-05T07:33:29.9314951Z       },
2026-09-05T07:33:29.9315221Z       {
2026-09-05T07:33:29.9315502Z         "file" : 0
2026-09-05T07:33:29.9315793Z       },
2026-09-05T07:33:29.9316053Z       {
2026-09-05T07:33:29.9316316Z         "command" : 0,
2026-09-05T07:33:29.9316622Z         "file" : 0,
2026-09-05T07:33:29.9316922Z         "line" : 211,
2026-09-05T07:33:29.9317224Z         "parent" : 86
2026-09-05T07:33:29.9317519Z       },
2026-09-05T07:33:29.9317775Z       {
2026-09-05T07:33:29.9318027Z         "file" : 0
2026-09-05T07:33:29.9318311Z       },
2026-09-05T07:33:29.9318561Z       {
2026-09-05T07:33:29.9318818Z         "command" : 0,
2026-09-05T07:33:29.9319122Z         "file" : 0,
2026-09-05T07:33:29.9319418Z         "line" : 212,
2026-09-05T07:33:29.9319723Z         "parent" : 88
2026-09-05T07:33:29.9320018Z       },
2026-09-05T07:33:29.9320275Z       {
2026-09-05T07:33:29.9320528Z         "file" : 0
2026-09-05T07:33:29.9320824Z       },
2026-09-05T07:33:29.9321080Z       {
2026-09-05T07:33:29.9321339Z         "command" : 0,
2026-09-05T07:33:29.9321641Z         "file" : 0,
2026-09-05T07:33:29.9321944Z         "line" : 213,
2026-09-05T07:33:29.9322246Z         "parent" : 90
2026-09-05T07:33:29.9322544Z       },
2026-09-05T07:33:29.9322801Z       {
2026-09-05T07:33:29.9323060Z         "file" : 0
2026-09-05T07:33:29.9323513Z       },
2026-09-05T07:33:29.9323769Z       {
2026-09-05T07:33:29.9324042Z         "command" : 0,
2026-09-05T07:33:29.9324349Z         "file" : 0,
2026-09-05T07:33:29.9324651Z         "line" : 215,
2026-09-05T07:33:29.9324963Z         "parent" : 92
2026-09-05T07:33:29.9325257Z       },
2026-09-05T07:33:29.9325515Z       {
2026-09-05T07:33:29.9325833Z         "file" : 0
2026-09-05T07:33:29.9326120Z       },
2026-09-05T07:33:29.9326375Z       {
2026-09-05T07:33:29.9326639Z         "command" : 0,
2026-09-05T07:33:29.9326943Z         "file" : 0,
2026-09-05T07:33:29.9327250Z         "line" : 216,
2026-09-05T07:33:29.9327664Z         "parent" : 94
2026-09-05T07:33:29.9327966Z       },
2026-09-05T07:33:29.9328221Z       {
2026-09-05T07:33:29.9328481Z         "file" : 0
2026-09-05T07:33:29.9328773Z       },
2026-09-05T07:33:29.9329026Z       {
2026-09-05T07:33:29.9329291Z         "command" : 0,
2026-09-05T07:33:29.9329597Z         "file" : 0,
2026-09-05T07:33:29.9329895Z         "line" : 217,
2026-09-05T07:33:29.9330190Z         "parent" : 96
2026-09-05T07:33:29.9330484Z       },
2026-09-05T07:33:29.9330738Z       {
2026-09-05T07:33:29.9330994Z         "file" : 0
2026-09-05T07:33:29.9331278Z       },
2026-09-05T07:33:29.9331533Z       {
2026-09-05T07:33:29.9331793Z         "command" : 0,
2026-09-05T07:33:29.9332099Z         "file" : 0,
2026-09-05T07:33:29.9332395Z         "line" : 218,
2026-09-05T07:33:29.9332699Z         "parent" : 98
2026-09-05T07:33:29.9332997Z       },
2026-09-05T07:33:29.9333343Z       {
2026-09-05T07:33:29.9333607Z         "file" : 0
2026-09-05T07:33:29.9333895Z       },
2026-09-05T07:33:29.9334154Z       {
2026-09-05T07:33:29.9334423Z         "command" : 0,
2026-09-05T07:33:29.9334738Z         "file" : 0,
2026-09-05T07:33:29.9335026Z         "line" : 220,
2026-09-05T07:33:29.9335339Z         "parent" : 100
2026-09-05T07:33:29.9335638Z       },
2026-09-05T07:33:29.9335900Z       {
2026-09-05T07:33:29.9336161Z         "file" : 0
2026-09-05T07:33:29.9336533Z       },
2026-09-05T07:33:29.9336793Z       {
2026-09-05T07:33:29.9337060Z         "command" : 0,
2026-09-05T07:33:29.9337374Z         "file" : 0,
2026-09-05T07:33:29.9337677Z         "line" : 221,
2026-09-05T07:33:29.9338005Z         "parent" : 102
2026-09-05T07:33:29.9338311Z       },
2026-09-05T07:33:29.9338570Z       {
2026-09-05T07:33:29.9338834Z         "file" : 0
2026-09-05T07:33:29.9339117Z       },
2026-09-05T07:33:29.9339370Z       {
2026-09-05T07:33:29.9339629Z         "command" : 0,
2026-09-05T07:33:29.9339936Z         "file" : 0,
2026-09-05T07:33:29.9340223Z         "line" : 222,
2026-09-05T07:33:29.9340530Z         "parent" : 104
2026-09-05T07:33:29.9340831Z       },
2026-09-05T07:33:29.9341083Z       {
2026-09-05T07:33:29.9341340Z         "file" : 0
2026-09-05T07:33:29.9341622Z       },
2026-09-05T07:33:29.9341875Z       {
2026-09-05T07:33:29.9342139Z         "command" : 0,
2026-09-05T07:33:29.9342442Z         "file" : 0,
2026-09-05T07:33:29.9342729Z         "line" : 223,
2026-09-05T07:33:29.9343045Z         "parent" : 106
2026-09-05T07:33:29.9343450Z       },
2026-09-05T07:33:29.9343707Z       {
2026-09-05T07:33:29.9343963Z         "file" : 0
2026-09-05T07:33:29.9344260Z       },
2026-09-05T07:33:29.9344514Z       {
2026-09-05T07:33:29.9344776Z         "command" : 0,
2026-09-05T07:33:29.9345084Z         "file" : 0,
2026-09-05T07:33:29.9345379Z         "line" : 224,
2026-09-05T07:33:29.9345717Z         "parent" : 108
2026-09-05T07:33:29.9346015Z       },
2026-09-05T07:33:29.9346269Z       {
2026-09-05T07:33:29.9346533Z         "file" : 0
2026-09-05T07:33:29.9346829Z       },
2026-09-05T07:33:29.9347083Z       {
2026-09-05T07:33:29.9347349Z         "command" : 0,
2026-09-05T07:33:29.9347657Z         "file" : 0,
2026-09-05T07:33:29.9347948Z         "line" : 225,
2026-09-05T07:33:29.9348263Z         "parent" : 110
2026-09-05T07:33:29.9348566Z       },
2026-09-05T07:33:29.9348820Z       {
2026-09-05T07:33:29.9349078Z         "file" : 0
2026-09-05T07:33:29.9349365Z       },
2026-09-05T07:33:29.9349621Z       {
2026-09-05T07:33:29.9349883Z         "command" : 0,
2026-09-05T07:33:29.9350187Z         "file" : 0,
2026-09-05T07:33:29.9350477Z         "line" : 227,
2026-09-05T07:33:29.9350787Z         "parent" : 112
2026-09-05T07:33:29.9351080Z       }
2026-09-05T07:33:29.9351332Z     ]
2026-09-05T07:33:29.9351583Z   },
2026-09-05T07:33:29.9351851Z   "kind" : "ctestInfo",
2026-09-05T07:33:29.9352171Z   "tests" : 
2026-09-05T07:33:29.9352438Z   [
2026-09-05T07:33:29.9352683Z     {
2026-09-05T07:33:29.9352951Z       "backtrace" : 1,
2026-09-05T07:33:29.9353356Z       "command" : 
2026-09-05T07:33:29.9353704Z       [
2026-09-05T07:33:29.9354184Z         "/home/runner/work/20231788./20231788./build/dcp_rcb_test"
2026-09-05T07:33:29.9354673Z       ],
2026-09-05T07:33:29.9354950Z       "name" : "dcp_rcb",
2026-09-05T07:33:29.9355296Z       "properties" : 
2026-09-05T07:33:29.9355596Z       [
2026-09-05T07:33:29.9355850Z         {
2026-09-05T07:33:29.9356143Z           "name" : "WORKING_DIRECTORY",
2026-09-05T07:33:29.9356627Z           "value" : "/home/runner/work/20231788./20231788./build"
2026-09-05T07:33:29.9357081Z         }
2026-09-05T07:33:29.9357342Z       ]
2026-09-05T07:33:29.9357593Z     },
2026-09-05T07:33:29.9357858Z     {
2026-09-05T07:33:29.9358126Z       "backtrace" : 3,
2026-09-05T07:33:29.9358437Z       "command" : 
2026-09-05T07:33:29.9358721Z       [
2026-09-05T07:33:29.9359193Z         "/home/runner/work/20231788./20231788./build/precision_dcp_rcb_contract_test"
2026-09-05T07:33:29.9359787Z       ],
2026-09-05T07:33:29.9360141Z       "name" : "precision_dcp_rcb_high_precision_contract",
2026-09-05T07:33:29.9360614Z       "properties" : 
2026-09-05T07:33:29.9360925Z       [
2026-09-05T07:33:29.9361185Z         {
2026-09-05T07:33:29.9361479Z           "name" : "WORKING_DIRECTORY",
2026-09-05T07:33:29.9361942Z           "value" : "/home/runner/work/20231788./20231788./build"
2026-09-05T07:33:29.9362385Z         }
2026-09-05T07:33:29.9362649Z       ]
2026-09-05T07:33:29.9362903Z     },
2026-09-05T07:33:29.9363328Z     {
2026-09-05T07:33:29.9363601Z       "backtrace" : 5,
2026-09-05T07:33:29.9363912Z       "command" : 
2026-09-05T07:33:29.9364206Z       [
2026-09-05T07:33:29.9364694Z         "/home/runner/work/20231788./20231788./build/precision_first_mult2_contract_test"
2026-09-05T07:33:29.9365302Z       ],
2026-09-05T07:33:29.9365670Z       "name" : "precision_first_mult2_high_precision_contract",
2026-09-05T07:33:29.9366172Z       "properties" : 
2026-09-05T07:33:29.9366477Z       [
2026-09-05T07:33:29.9366736Z         {
2026-09-05T07:33:29.9367019Z           "name" : "WORKING_DIRECTORY",
2026-09-05T07:33:29.9367481Z           "value" : "/home/runner/work/20231788./20231788./build"
2026-09-05T07:33:29.9367928Z         }
2026-09-05T07:33:29.9368180Z       ]
2026-09-05T07:33:29.9368430Z     },
2026-09-05T07:33:29.9368682Z     {
2026-09-05T07:33:29.9368957Z       "backtrace" : 7,
2026-09-05T07:33:29.9369266Z       "command" : 
2026-09-05T07:33:29.9369552Z       [
2026-09-05T07:33:29.9369921Z         "/home/runner/work/20231788./20231788./build/pair_add_test"
2026-09-05T07:33:29.9370402Z       ],
2026-09-05T07:33:29.9370707Z       "name" : "pair_add_runtime_behavior",
2026-09-05T07:33:29.9371113Z       "properties" : 
2026-09-05T07:33:29.9371418Z       [
2026-09-05T07:33:29.9371668Z         {
2026-09-05T07:33:29.9371958Z           "name" : "WORKING_DIRECTORY",
2026-09-05T07:33:29.9372420Z           "value" : "/home/runner/work/20231788./20231788./build"
2026-09-05T07:33:29.9372869Z         }
2026-09-05T07:33:29.9373126Z       ]
2026-09-05T07:33:29.9373518Z     },
2026-09-05T07:33:29.9373778Z     {
2026-09-05T07:33:29.9374046Z       "backtrace" : 9,
2026-09-05T07:33:29.9374368Z       "command" : 
2026-09-05T07:33:29.9374661Z       [
2026-09-05T07:33:29.9375037Z         "/home/runner/work/20231788./20231788./build/pair_sub_test"
2026-09-05T07:33:29.9375525Z       ],
2026-09-05T07:33:29.9375819Z       "name" : "pair_sub_runtime_behavior",
2026-09-05T07:33:29.9376224Z       "properties" : 
2026-09-05T07:33:29.9376535Z       [
2026-09-05T07:33:29.9376789Z         {
2026-09-05T07:33:29.9377070Z           "name" : "WORKING_DIRECTORY",
2026-09-05T07:33:29.9377529Z           "value" : "/home/runner/work/20231788./20231788./build"
2026-09-05T07:33:29.9377967Z         }
2026-09-05T07:33:29.9378234Z       ]
2026-09-05T07:33:29.9378483Z     },
2026-09-05T07:33:29.9378741Z     {
2026-09-05T07:33:29.9379010Z       "backtrace" : 11,
2026-09-05T07:33:29.9379334Z       "command" : 
2026-09-05T07:33:29.9379617Z       [
2026-09-05T07:33:29.9380030Z         "/home/runner/work/20231788./20231788./build/pair_arithmetic_test",
2026-09-05T07:33:29.9380575Z         "controlled_oracle"
2026-09-05T07:33:29.9381040Z       ],
2026-09-05T07:33:29.9381369Z       "name" : "pair_arithmetic_controlled_oracle",
2026-09-05T07:33:29.9381810Z       "properties" : 
2026-09-05T07:33:29.9382116Z       [
2026-09-05T07:33:29.9382375Z         {
2026-09-05T07:33:29.9382676Z           "name" : "WORKING_DIRECTORY",
2026-09-05T07:33:29.9383132Z           "value" : "/home/runner/work/20231788./20231788./build"
2026-09-05T07:33:29.9383700Z         }
2026-09-05T07:33:29.9383960Z       ]
2026-09-05T07:33:29.9384224Z     },
2026-09-05T07:33:29.9384477Z     {
2026-09-05T07:33:29.9384755Z       "backtrace" : 13,
2026-09-05T07:33:29.9385079Z       "command" : 
2026-09-05T07:33:29.9385371Z       [
2026-09-05T07:33:29.9385793Z         "/home/runner/work/20231788./20231788./build/pair_arithmetic_test",
2026-09-05T07:33:29.9386375Z         "public_lifecycles_keyless"
2026-09-05T07:33:29.9386769Z       ],
2026-09-05T07:33:29.9387114Z       "name" : "pair_arithmetic_public_lifecycles_keyless",
2026-09-05T07:33:29.9387591Z       "properties" : 
2026-09-05T07:33:29.9387895Z       [
2026-09-05T07:33:29.9388147Z         {
2026-09-05T07:33:29.9388431Z           "name" : "WORKING_DIRECTORY",
2026-09-05T07:33:29.9388906Z           "value" : "/home/runner/work/20231788./20231788./build"
2026-09-05T07:33:29.9389353Z         }
2026-09-05T07:33:29.9389610Z       ]
2026-09-05T07:33:29.9389942Z     },
2026-09-05T07:33:29.9390197Z     {
2026-09-05T07:33:29.9390479Z       "backtrace" : 15,
2026-09-05T07:33:29.9390800Z       "command" : 
2026-09-05T07:33:29.9391106Z       [
2026-09-05T07:33:29.9391516Z         "/home/runner/work/20231788./20231788./build/pair_arithmetic_test",
2026-09-05T07:33:29.9392088Z         "compatibility_rejections"
2026-09-05T07:33:29.9392454Z       ],
2026-09-05T07:33:29.9392803Z       "name" : "pair_arithmetic_compatibility_rejections",
2026-09-05T07:33:29.9393410Z       "properties" : 
2026-09-05T07:33:29.9393719Z       [
2026-09-05T07:33:29.9393980Z         {
2026-09-05T07:33:29.9394267Z           "name" : "WORKING_DIRECTORY",
2026-09-05T07:33:29.9394728Z           "value" : "/home/runner/work/20231788./20231788./build"
2026-09-05T07:33:29.9395185Z         }
2026-09-05T07:33:29.9395448Z       ]
2026-09-05T07:33:29.9395697Z     },
2026-09-05T07:33:29.9395950Z     {
2026-09-05T07:33:29.9396221Z       "backtrace" : 17,
2026-09-05T07:33:29.9396533Z       "command" : 
2026-09-05T07:33:29.9396832Z       [
2026-09-05T07:33:29.9397195Z         "/home/runner/work/20231788./20231788./build/tensor2_test",
2026-09-05T07:33:29.9397699Z         "valid_arithmetic_immutability"
2026-09-05T07:33:29.9398080Z       ],
2026-09-05T07:33:29.9398421Z       "name" : "tensor2_valid_arithmetic_immutability",
2026-09-05T07:33:29.9398864Z       "properties" : 
2026-09-05T07:33:29.9399162Z       [
2026-09-05T07:33:29.9399417Z         {
2026-09-05T07:33:29.9399705Z           "name" : "WORKING_DIRECTORY",
2026-09-05T07:33:29.9400161Z           "value" : "/home/runner/work/20231788./20231788./build"
2026-09-05T07:33:29.9400607Z         }
2026-09-05T07:33:29.9400864Z       ]
2026-09-05T07:33:29.9401119Z     },
2026-09-05T07:33:29.9401385Z     {
2026-09-05T07:33:29.9401653Z       "backtrace" : 19,
2026-09-05T07:33:29.9401968Z       "command" : 
2026-09-05T07:33:29.9402259Z       [
2026-09-05T07:33:29.9402638Z         "/home/runner/work/20231788./20231788./build/tensor2_test",
2026-09-05T07:33:29.9403136Z         "result_scale_contract"
2026-09-05T07:33:29.9403580Z       ],
2026-09-05T07:33:29.9403906Z       "name" : "tensor2_result_scale_contract",
2026-09-05T07:33:29.9404344Z       "properties" : 
2026-09-05T07:33:29.9404648Z       [
2026-09-05T07:33:29.9404908Z         {
2026-09-05T07:33:29.9405197Z           "name" : "WORKING_DIRECTORY",
2026-09-05T07:33:29.9405656Z           "value" : "/home/runner/work/20231788./20231788./build"
2026-09-05T07:33:29.9406115Z         }
2026-09-05T07:33:29.9406372Z       ]
2026-09-05T07:33:29.9406620Z     },
2026-09-05T07:33:29.9406875Z     {
2026-09-05T07:33:29.9407148Z       "backtrace" : 21,
2026-09-05T07:33:29.9407576Z       "command" : 
2026-09-05T07:33:29.9407864Z       [
2026-09-05T07:33:29.9408224Z         "/home/runner/work/20231788./20231788./build/tensor2_test",
2026-09-05T07:33:29.9408722Z         "right_input_validation"
2026-09-05T07:33:29.9409090Z       ],
2026-09-05T07:33:29.9409399Z       "name" : "tensor2_right_input_validation",
2026-09-05T07:33:29.9409836Z       "properties" : 
2026-09-05T07:33:29.9410133Z       [
2026-09-05T07:33:29.9410393Z         {
2026-09-05T07:33:29.9410673Z           "name" : "WORKING_DIRECTORY",
2026-09-05T07:33:29.9411129Z           "value" : "/home/runner/work/20231788./20231788./build"
2026-09-05T07:33:29.9411571Z         }
2026-09-05T07:33:29.9411841Z       ]
2026-09-05T07:33:29.9412092Z     },
2026-09-05T07:33:29.9412343Z     {
2026-09-05T07:33:29.9412608Z       "backtrace" : 23,
2026-09-05T07:33:29.9412922Z       "command" : 
2026-09-05T07:33:29.9413295Z       [
2026-09-05T07:33:29.9413642Z         "/home/runner/work/20231788./20231788./build/tensor2_test",
2026-09-05T07:33:29.9414143Z         "mutual_compatibility"
2026-09-05T07:33:29.9414485Z       ],
2026-09-05T07:33:29.9414803Z       "name" : "tensor2_mutual_compatibility",
2026-09-05T07:33:29.9415230Z       "properties" : 
2026-09-05T07:33:29.9415538Z       [
2026-09-05T07:33:29.9415793Z         {
2026-09-05T07:33:29.9416081Z           "name" : "WORKING_DIRECTORY",
2026-09-05T07:33:29.9416657Z           "value" : "/home/runner/work/20231788./20231788./build"
2026-09-05T07:33:29.9417111Z         }
2026-09-05T07:33:29.9417379Z       ]
2026-09-05T07:33:29.9417643Z     },
2026-09-05T07:33:29.9417924Z     {
2026-09-05T07:33:29.9418203Z       "backtrace" : 25,
2026-09-05T07:33:29.9418520Z       "command" : 
2026-09-05T07:33:29.9418809Z       [
2026-09-05T07:33:29.9419172Z         "/home/runner/work/20231788./20231788./build/tensor2_test",
2026-09-05T07:33:29.9419691Z         "prearithmetic_key_compatibility"
2026-09-05T07:33:29.9420083Z       ],
2026-09-05T07:33:29.9420420Z       "name" : "tensor2_prearithmetic_key_compatibility",
2026-09-05T07:33:29.9420875Z       "properties" : 
2026-09-05T07:33:29.9421181Z       [
2026-09-05T07:33:29.9421429Z         {
2026-09-05T07:33:29.9421704Z           "name" : "WORKING_DIRECTORY",
2026-09-05T07:33:29.9422156Z           "value" : "/home/runner/work/20231788./20231788./build"
2026-09-05T07:33:29.9422602Z         }
2026-09-05T07:33:29.9422853Z       ]
2026-09-05T07:33:29.9423118Z     },
2026-09-05T07:33:29.9423532Z     {
2026-09-05T07:33:29.9423809Z       "backtrace" : 27,
2026-09-05T07:33:29.9424204Z       "command" : 
2026-09-05T07:33:29.9424518Z       [
2026-09-05T07:33:29.9424893Z         "/home/runner/work/20231788./20231788./build/relin2_test",
2026-09-05T07:33:29.9425506Z         "tensor_validation_order"
2026-09-05T07:33:29.9425919Z       ],
2026-09-05T07:33:29.9426271Z       "name" : "relin2_tensor_validation_order",
2026-09-05T07:33:29.9426745Z       "properties" : 
2026-09-05T07:33:29.9427116Z       [
2026-09-05T07:33:29.9427374Z         {
2026-09-05T07:33:29.9427662Z           "name" : "WORKING_DIRECTORY",
2026-09-05T07:33:29.9428127Z           "value" : "/home/runner/work/20231788./20231788./build"
2026-09-05T07:33:29.9428565Z         }
2026-09-05T07:33:29.9428839Z       ]
2026-09-05T07:33:29.9429120Z     },
2026-09-05T07:33:29.9429413Z     {
2026-09-05T07:33:29.9429696Z       "backtrace" : 29,
2026-09-05T07:33:29.9430016Z       "command" : 
2026-09-05T07:33:29.9430304Z       [
2026-09-05T07:33:29.9430662Z         "/home/runner/work/20231788./20231788./build/relin2_test",
2026-09-05T07:33:29.9431154Z         "insufficient_active_basis"
2026-09-05T07:33:29.9431522Z       ],
2026-09-05T07:33:29.9431830Z       "name" : "relin2_insufficient_active_basis",
2026-09-05T07:33:29.9432261Z       "properties" : 
2026-09-05T07:33:29.9432560Z       [
2026-09-05T07:33:29.9432807Z         {
2026-09-05T07:33:29.9433097Z           "name" : "WORKING_DIRECTORY",
2026-09-05T07:33:29.9433637Z           "value" : "/home/runner/work/20231788./20231788./build"
2026-09-05T07:33:29.9434079Z         }
2026-09-05T07:33:29.9434453Z       ]
2026-09-05T07:33:29.9434713Z     },
2026-09-05T07:33:29.9434966Z     {
2026-09-05T07:33:29.9435236Z       "backtrace" : 31,
2026-09-05T07:33:29.9435560Z       "command" : 
2026-09-05T07:33:29.9435846Z       [
2026-09-05T07:33:29.9436213Z         "/home/runner/work/20231788./20231788./build/relin2_test",
2026-09-05T07:33:29.9436696Z         "missing_eval_key"
2026-09-05T07:33:29.9437017Z       ],
2026-09-05T07:33:29.9437306Z       "name" : "relin2_missing_eval_key",
2026-09-05T07:33:29.9437706Z       "properties" : 
2026-09-05T07:33:29.9438011Z       [
2026-09-05T07:33:29.9438270Z         {
2026-09-05T07:33:29.9438558Z           "name" : "WORKING_DIRECTORY",
2026-09-05T07:33:29.9439027Z           "value" : "/home/runner/work/20231788./20231788./build"
2026-09-05T07:33:29.9439470Z         }
2026-09-05T07:33:29.9439725Z       ]
2026-09-05T07:33:29.9439976Z     },
2026-09-05T07:33:29.9440225Z     {
2026-09-05T07:33:29.9440502Z       "backtrace" : 33,
2026-09-05T07:33:29.9440823Z       "command" : 
2026-09-05T07:33:29.9441107Z       [
2026-09-05T07:33:29.9441463Z         "/home/runner/work/20231788./20231788./build/relin2_test",
2026-09-05T07:33:29.9441942Z         "key_empty"
2026-09-05T07:33:29.9442231Z       ],
2026-09-05T07:33:29.9442514Z       "name" : "relin2_key_empty",
2026-09-05T07:33:29.9442881Z       "properties" : 
2026-09-05T07:33:29.9443872Z       [
2026-09-05T07:33:29.9444149Z         {
2026-09-05T07:33:29.9444433Z           "name" : "WORKING_DIRECTORY",
2026-09-05T07:33:29.9444910Z           "value" : "/home/runner/work/20231788./20231788./build"
2026-09-05T07:33:29.9445357Z         }
2026-09-05T07:33:29.9445711Z       ]
2026-09-05T07:33:29.9445964Z     },
2026-09-05T07:33:29.9446216Z     {
2026-09-05T07:33:29.9446481Z       "backtrace" : 35,
2026-09-05T07:33:29.9446796Z       "command" : 
2026-09-05T07:33:29.9447089Z       [
2026-09-05T07:33:29.9447439Z         "/home/runner/work/20231788./20231788./build/relin2_test",
2026-09-05T07:33:29.9447915Z         "key_null_first"
2026-09-05T07:33:29.9448232Z       ],
2026-09-05T07:33:29.9448518Z       "name" : "relin2_key_null_first",
2026-09-05T07:33:29.9448900Z       "properties" : 
2026-09-05T07:33:29.9449196Z       [
2026-09-05T07:33:29.9449443Z         {
2026-09-05T07:33:29.9449724Z           "name" : "WORKING_DIRECTORY",
2026-09-05T07:33:29.9450187Z           "value" : "/home/runner/work/20231788./20231788./build"
2026-09-05T07:33:29.9450637Z         }
2026-09-05T07:33:29.9450890Z       ]
2026-09-05T07:33:29.9451141Z     },
2026-09-05T07:33:29.9451399Z     {
2026-09-05T07:33:29.9451665Z       "backtrace" : 37,
2026-09-05T07:33:29.9451979Z       "command" : 
2026-09-05T07:33:29.9452261Z       [
2026-09-05T07:33:29.9452625Z         "/home/runner/work/20231788./20231788./build/relin2_test",
2026-09-05T07:33:29.9453101Z         "key_wrong_context"
2026-09-05T07:33:29.9453518Z       ],
2026-09-05T07:33:29.9453815Z       "name" : "relin2_key_wrong_context",
2026-09-05T07:33:29.9454228Z       "properties" : 
2026-09-05T07:33:29.9454541Z       [
2026-09-05T07:33:29.9454798Z         {
2026-09-05T07:33:29.9455080Z           "name" : "WORKING_DIRECTORY",
2026-09-05T07:33:29.9455536Z           "value" : "/home/runner/work/20231788./20231788./build"
2026-09-05T07:33:29.9455992Z         }
2026-09-05T07:33:29.9471500Z       ]
2026-09-05T07:33:29.9471791Z     },
2026-09-05T07:33:29.9472065Z     {
2026-09-05T07:33:29.9472362Z       "backtrace" : 39,
2026-09-05T07:33:29.9472700Z       "command" : 
2026-09-05T07:33:29.9473001Z       [
2026-09-05T07:33:29.9473588Z         "/home/runner/work/20231788./20231788./build/relin2_test",
2026-09-05T07:33:29.9474086Z         "key_wrong_tag"
2026-09-05T07:33:29.9474402Z       ],
2026-09-05T07:33:29.9474704Z       "name" : "relin2_key_wrong_tag",
2026-09-05T07:33:29.9475109Z       "properties" : 
2026-09-05T07:33:29.9475435Z       [
2026-09-05T07:33:29.9475694Z         {
2026-09-05T07:33:29.9475994Z           "name" : "WORKING_DIRECTORY",
2026-09-05T07:33:29.9476471Z           "value" : "/home/runner/work/20231788./20231788./build"
2026-09-05T07:33:29.9477094Z         }
2026-09-05T07:33:29.9477355Z       ]
2026-09-05T07:33:29.9477612Z     },
2026-09-05T07:33:29.9477869Z     {
2026-09-05T07:33:29.9478143Z       "backtrace" : 41,
2026-09-05T07:33:29.9478475Z       "command" : 
2026-09-05T07:33:29.9478767Z       [
2026-09-05T07:33:29.9479132Z         "/home/runner/work/20231788./20231788./build/relin2_test",
2026-09-05T07:33:29.9479626Z         "key_wrong_subtype"
2026-09-05T07:33:29.9479970Z       ],
2026-09-05T07:33:29.9480272Z       "name" : "relin2_key_wrong_subtype",
2026-09-05T07:33:29.9480674Z       "properties" : 
2026-09-05T07:33:29.9480981Z       [
2026-09-05T07:33:29.9481248Z         {
2026-09-05T07:33:29.9481532Z           "name" : "WORKING_DIRECTORY",
2026-09-05T07:33:29.9481994Z           "value" : "/home/runner/work/20231788./20231788./build"
2026-09-05T07:33:29.9482441Z         }
2026-09-05T07:33:29.9482689Z       ]
2026-09-05T07:33:29.9482949Z     },
2026-09-05T07:33:29.9483373Z     {
2026-09-05T07:33:29.9483644Z       "backtrace" : 43,
2026-09-05T07:33:29.9483971Z       "command" : 
2026-09-05T07:33:29.9484272Z       [
2026-09-05T07:33:29.9484702Z         "/home/runner/work/20231788./20231788./build/relin2_test",
2026-09-05T07:33:29.9485196Z         "key_hybrid_a_length"
2026-09-05T07:33:29.9485559Z       ],
2026-09-05T07:33:29.9485864Z       "name" : "relin2_key_hybrid_a_length",
2026-09-05T07:33:29.9486417Z       "properties" : 
2026-09-05T07:33:29.9486734Z       [
2026-09-05T07:33:29.9487005Z         {
2026-09-05T07:33:29.9487306Z           "name" : "WORKING_DIRECTORY",
2026-09-05T07:33:29.9487798Z           "value" : "/home/runner/work/20231788./20231788./build"
2026-09-05T07:33:29.9488246Z         }
2026-09-05T07:33:29.9488513Z       ]
2026-09-05T07:33:29.9488765Z     },
2026-09-05T07:33:29.9489021Z     {
2026-09-05T07:33:29.9489313Z       "backtrace" : 45,
2026-09-05T07:33:29.9489634Z       "command" : 
2026-09-05T07:33:29.9490087Z       [
2026-09-05T07:33:29.9490455Z         "/home/runner/work/20231788./20231788./build/relin2_test",
2026-09-05T07:33:29.9490961Z         "key_hybrid_b_length"
2026-09-05T07:33:29.9491301Z       ],
2026-09-05T07:33:29.9491609Z       "name" : "relin2_key_hybrid_b_length",
2026-09-05T07:33:29.9492014Z       "properties" : 
2026-09-05T07:33:29.9492337Z       [
2026-09-05T07:33:29.9492591Z         {
2026-09-05T07:33:29.9492888Z           "name" : "WORKING_DIRECTORY",
2026-09-05T07:33:29.9493447Z           "value" : "/home/runner/work/20231788./20231788./build"
2026-09-05T07:33:29.9493900Z         }
2026-09-05T07:33:29.9494176Z       ]
2026-09-05T07:33:29.9494437Z     },
2026-09-05T07:33:29.9494694Z     {
2026-09-05T07:33:29.9494980Z       "backtrace" : 47,
2026-09-05T07:33:29.9495314Z       "command" : 
2026-09-05T07:33:29.9495614Z       [
2026-09-05T07:33:29.9495980Z         "/home/runner/work/20231788./20231788./build/relin2_test",
2026-09-05T07:33:29.9496483Z         "key_hybrid_entry_basis"
2026-09-05T07:33:29.9496832Z       ],
2026-09-05T07:33:29.9497167Z       "name" : "relin2_key_hybrid_entry_basis",
2026-09-05T07:33:29.9497594Z       "properties" : 
2026-09-05T07:33:29.9497897Z       [
2026-09-05T07:33:29.9498158Z         {
2026-09-05T07:33:29.9498462Z           "name" : "WORKING_DIRECTORY",
2026-09-05T07:33:29.9498930Z           "value" : "/home/runner/work/20231788./20231788./build"
2026-09-05T07:33:29.9499359Z         }
2026-09-05T07:33:29.9499639Z       ]
2026-09-05T07:33:29.9499900Z     },
2026-09-05T07:33:29.9500153Z     {
2026-09-05T07:33:29.9500436Z       "backtrace" : 49,
2026-09-05T07:33:29.9500752Z       "command" : 
2026-09-05T07:33:29.9501052Z       [
2026-09-05T07:33:29.9501414Z         "/home/runner/work/20231788./20231788./build/relin2_test",
2026-09-05T07:33:29.9501919Z         "key_hybrid_entry_format"
2026-09-05T07:33:29.9502270Z       ],
2026-09-05T07:33:29.9502593Z       "name" : "relin2_key_hybrid_entry_format",
2026-09-05T07:33:29.9503032Z       "properties" : 
2026-09-05T07:33:29.9503557Z       [
2026-09-05T07:33:29.9503823Z         {
2026-09-05T07:33:29.9504241Z           "name" : "WORKING_DIRECTORY",
2026-09-05T07:33:29.9504714Z           "value" : "/home/runner/work/20231788./20231788./build"
2026-09-05T07:33:29.9505172Z         }
2026-09-05T07:33:29.9505441Z       ]
2026-09-05T07:33:29.9505708Z     },
2026-09-05T07:33:29.9505968Z     {
2026-09-05T07:33:29.9506267Z       "backtrace" : 51,
2026-09-05T07:33:29.9506607Z       "command" : 
2026-09-05T07:33:29.9506906Z       [
2026-09-05T07:33:29.9507274Z         "/home/runner/work/20231788./20231788./build/relin2_test",
2026-09-05T07:33:29.9507766Z         "key_bv_zero_digit_a_length"
2026-09-05T07:33:29.9508138Z       ],
2026-09-05T07:33:29.9508456Z       "name" : "relin2_key_bv_zero_digit_a_length",
2026-09-05T07:33:29.9508894Z       "properties" : 
2026-09-05T07:33:29.9509191Z       [
2026-09-05T07:33:29.9509445Z         {
2026-09-05T07:33:29.9509725Z           "name" : "WORKING_DIRECTORY",
2026-09-05T07:33:29.9510190Z           "value" : "/home/runner/work/20231788./20231788./build"
2026-09-05T07:33:29.9510639Z         }
2026-09-05T07:33:29.9510892Z       ]
2026-09-05T07:33:29.9511151Z     },
2026-09-05T07:33:29.9511408Z     {
2026-09-05T07:33:29.9511669Z       "backtrace" : 53,
2026-09-05T07:33:29.9511989Z       "command" : 
2026-09-05T07:33:29.9512270Z       [
2026-09-05T07:33:29.9512639Z         "/home/runner/work/20231788./20231788./build/relin2_test",
2026-09-05T07:33:29.9513376Z         "key_bv_zero_digit_b_length"
2026-09-05T07:33:29.9513742Z       ],
2026-09-05T07:33:29.9514065Z       "name" : "relin2_key_bv_zero_digit_b_length",
2026-09-05T07:33:29.9514508Z       "properties" : 
2026-09-05T07:33:29.9514832Z       [
2026-09-05T07:33:29.9515095Z         {
2026-09-05T07:33:29.9515386Z           "name" : "WORKING_DIRECTORY",
2026-09-05T07:33:29.9515856Z           "value" : "/home/runner/work/20231788./20231788./build"
2026-09-05T07:33:29.9516310Z         }
2026-09-05T07:33:29.9516574Z       ]
2026-09-05T07:33:29.9516825Z     },
2026-09-05T07:33:29.9517081Z     {
2026-09-05T07:33:29.9517360Z       "backtrace" : 55,
2026-09-05T07:33:29.9517684Z       "command" : 
2026-09-05T07:33:29.9517985Z       [
2026-09-05T07:33:29.9518341Z         "/home/runner/work/20231788./20231788./build/relin2_test",
2026-09-05T07:33:29.9518845Z         "key_bv_nonzero_digit_a_length"
2026-09-05T07:33:29.9519228Z       ],
2026-09-05T07:33:29.9519566Z       "name" : "relin2_key_bv_nonzero_digit_a_length",
2026-09-05T07:33:29.9520002Z       "properties" : 
2026-09-05T07:33:29.9520320Z       [
2026-09-05T07:33:29.9520572Z         {
2026-09-05T07:33:29.9520869Z           "name" : "WORKING_DIRECTORY",
2026-09-05T07:33:29.9521327Z           "value" : "/home/runner/work/20231788./20231788./build"
2026-09-05T07:33:29.9521780Z         }
2026-09-05T07:33:29.9522037Z       ]
2026-09-05T07:33:29.9522298Z     },
2026-09-05T07:33:29.9522542Z     {
2026-09-05T07:33:29.9522815Z       "backtrace" : 57,
2026-09-05T07:33:29.9523130Z       "command" : 
2026-09-05T07:33:29.9523486Z       [
2026-09-05T07:33:29.9523852Z         "/home/runner/work/20231788./20231788./build/relin2_test",
2026-09-05T07:33:29.9524350Z         "key_bv_nonzero_digit_b_length"
2026-09-05T07:33:29.9524717Z       ],
2026-09-05T07:33:29.9525097Z       "name" : "relin2_key_bv_nonzero_digit_b_length",
2026-09-05T07:33:29.9525534Z       "properties" : 
2026-09-05T07:33:29.9525837Z       [
2026-09-05T07:33:29.9526087Z         {
2026-09-05T07:33:29.9526388Z           "name" : "WORKING_DIRECTORY",
2026-09-05T07:33:29.9526853Z           "value" : "/home/runner/work/20231788./20231788./build"
2026-09-05T07:33:29.9527296Z         }
2026-09-05T07:33:29.9527552Z       ]
2026-09-05T07:33:29.9527806Z     },
2026-09-05T07:33:29.9528057Z     {
2026-09-05T07:33:29.9528329Z       "backtrace" : 59,
2026-09-05T07:33:29.9528642Z       "command" : 
2026-09-05T07:33:29.9528927Z       [
2026-09-05T07:33:29.9529284Z         "/home/runner/work/20231788./20231788./build/relin2_test",
2026-09-05T07:33:29.9529785Z         "key_bv_zero_digit_entry_basis"
2026-09-05T07:33:29.9530162Z       ],
2026-09-05T07:33:29.9530608Z       "name" : "relin2_key_bv_zero_digit_entry_basis",
2026-09-05T07:33:29.9531050Z       "properties" : 
2026-09-05T07:33:29.9531364Z       [
2026-09-05T07:33:29.9531618Z         {
2026-09-05T07:33:29.9531909Z           "name" : "WORKING_DIRECTORY",
2026-09-05T07:33:29.9532372Z           "value" : "/home/runner/work/20231788./20231788./build"
2026-09-05T07:33:29.9532825Z         }
2026-09-05T07:33:29.9533101Z       ]
2026-09-05T07:33:29.9533439Z     },
2026-09-05T07:33:29.9533692Z     {
2026-09-05T07:33:29.9533959Z       "backtrace" : 61,
2026-09-05T07:33:29.9534279Z       "command" : 
2026-09-05T07:33:29.9534384Z       [
2026-09-05T07:33:29.9534599Z         "/home/runner/work/20231788./20231788./build/relin2_test",
2026-09-05T07:33:29.9534749Z         "key_bv_nonzero_digit_entry_basis"
2026-09-05T07:33:29.9534867Z       ],
2026-09-05T07:33:29.9535068Z       "name" : "relin2_key_bv_nonzero_digit_entry_basis",
2026-09-05T07:33:29.9535189Z       "properties" : 
2026-09-05T07:33:29.9535308Z       [
2026-09-05T07:33:29.9535428Z         {
2026-09-05T07:33:29.9535567Z           "name" : "WORKING_DIRECTORY",
2026-09-05T07:33:29.9535769Z           "value" : "/home/runner/work/20231788./20231788./build"
2026-09-05T07:33:29.9535878Z         }
2026-09-05T07:33:29.9535994Z       ]
2026-09-05T07:33:29.9536109Z     },
2026-09-05T07:33:29.9536213Z     {
2026-09-05T07:33:29.9536423Z       "backtrace" : 63,
2026-09-05T07:33:29.9536548Z       "command" : 
2026-09-05T07:33:29.9536654Z       [
2026-09-05T07:33:29.9536874Z         "/home/runner/work/20231788./20231788./build/relin2_test",
2026-09-05T07:33:29.9537021Z         "key_bv_zero_digit_entry_format"
2026-09-05T07:33:29.9537136Z       ],
2026-09-05T07:33:29.9537323Z       "name" : "relin2_key_bv_zero_digit_entry_format",
2026-09-05T07:33:29.9537445Z       "properties" : 
2026-09-05T07:33:29.9537559Z       [
2026-09-05T07:33:29.9537672Z         {
2026-09-05T07:33:29.9537806Z           "name" : "WORKING_DIRECTORY",
2026-09-05T07:33:29.9538009Z           "value" : "/home/runner/work/20231788./20231788./build"
2026-09-05T07:33:29.9538125Z         }
2026-09-05T07:33:29.9538232Z       ]
2026-09-05T07:33:29.9538344Z     },
2026-09-05T07:33:29.9538451Z     {
2026-09-05T07:33:29.9538579Z       "backtrace" : 65,
2026-09-05T07:33:29.9538705Z       "command" : 
2026-09-05T07:33:29.9538811Z       [
2026-09-05T07:33:29.9539025Z         "/home/runner/work/20231788./20231788./build/relin2_test",
2026-09-05T07:33:29.9539182Z         "key_bv_nonzero_digit_entry_format"
2026-09-05T07:33:29.9539288Z       ],
2026-09-05T07:33:29.9539485Z       "name" : "relin2_key_bv_nonzero_digit_entry_format",
2026-09-05T07:33:29.9539607Z       "properties" : 
2026-09-05T07:33:29.9539724Z       [
2026-09-05T07:33:29.9539838Z         {
2026-09-05T07:33:29.9539976Z           "name" : "WORKING_DIRECTORY",
2026-09-05T07:33:29.9540173Z           "value" : "/home/runner/work/20231788./20231788./build"
2026-09-05T07:33:29.9540289Z         }
2026-09-05T07:33:29.9540399Z       ]
2026-09-05T07:33:29.9540516Z     },
2026-09-05T07:33:29.9540625Z     {
2026-09-05T07:33:29.9540756Z       "backtrace" : 67,
2026-09-05T07:33:29.9540880Z       "command" : 
2026-09-05T07:33:29.9540985Z       [
2026-09-05T07:33:29.9541205Z         "/home/runner/work/20231788./20231788./build/relin2_test",
2026-09-05T07:33:29.9541377Z         "valid_arithmetic_state_immutability"
2026-09-05T07:33:29.9541492Z       ],
2026-09-05T07:33:29.9541713Z       "name" : "relin2_valid_arithmetic_state_immutability",
2026-09-05T07:33:29.9541834Z       "properties" : 
2026-09-05T07:33:29.9541953Z       [
2026-09-05T07:33:29.9542066Z         {
2026-09-05T07:33:29.9542199Z           "name" : "WORKING_DIRECTORY",
2026-09-05T07:33:29.9542397Z           "value" : "/home/runner/work/20231788./20231788./build"
2026-09-05T07:33:29.9542515Z         }
2026-09-05T07:33:29.9542621Z       ]
2026-09-05T07:33:29.9542736Z     },
2026-09-05T07:33:29.9542842Z     {
2026-09-05T07:33:29.9542974Z       "backtrace" : 69,
2026-09-05T07:33:29.9543097Z       "command" : 
2026-09-05T07:33:29.9543467Z       [
2026-09-05T07:33:29.9543696Z         "/home/runner/work/20231788./20231788./build/relin2_test",
2026-09-05T07:33:29.9543867Z         "controlled_witnesses_and_boundaries"
2026-09-05T07:33:29.9543976Z       ],
2026-09-05T07:33:29.9544196Z       "name" : "relin2_controlled_witnesses_and_boundaries",
2026-09-05T07:33:29.9544323Z       "properties" : 
2026-09-05T07:33:29.9544450Z       [
2026-09-05T07:33:29.9544576Z         {
2026-09-05T07:33:29.9544714Z           "name" : "WORKING_DIRECTORY",
2026-09-05T07:33:29.9544918Z           "value" : "/home/runner/work/20231788./20231788./build"
2026-09-05T07:33:29.9545038Z         }
2026-09-05T07:33:29.9545148Z       ]
2026-09-05T07:33:29.9545264Z     },
2026-09-05T07:33:29.9545370Z     {
2026-09-05T07:33:29.9545506Z       "backtrace" : 71,
2026-09-05T07:33:29.9545631Z       "command" : 
2026-09-05T07:33:29.9545740Z       [
2026-09-05T07:33:29.9545956Z         "/home/runner/work/20231788./20231788./build/relin2_test",
2026-09-05T07:33:29.9546124Z         "representative_public_input"
2026-09-05T07:33:29.9546229Z       ],
2026-09-05T07:33:29.9546421Z       "name" : "relin2_representative_public_input",
2026-09-05T07:33:29.9546551Z       "properties" : 
2026-09-05T07:33:29.9546659Z       [
2026-09-05T07:33:29.9546773Z         {
2026-09-05T07:33:29.9546907Z           "name" : "WORKING_DIRECTORY",
2026-09-05T07:33:29.9547172Z           "value" : "/home/runner/work/20231788./20231788./build"
2026-09-05T07:33:29.9547286Z         }
2026-09-05T07:33:29.9547391Z       ]
2026-09-05T07:33:29.9547504Z     },
2026-09-05T07:33:29.9547617Z     {
2026-09-05T07:33:29.9547736Z       "backtrace" : 73,
2026-09-05T07:33:29.9547858Z       "command" : 
2026-09-05T07:33:29.9547963Z       [
2026-09-05T07:33:29.9548182Z         "/home/runner/work/20231788./20231788./build/relin2_test",
2026-09-05T07:33:29.9548323Z         "key_extra_later_valid"
2026-09-05T07:33:29.9548433Z       ],
2026-09-05T07:33:29.9548591Z       "name" : "relin2_key_extra_later_valid",
2026-09-05T07:33:29.9548720Z       "properties" : 
2026-09-05T07:33:29.9548828Z       [
2026-09-05T07:33:29.9548942Z         {
2026-09-05T07:33:29.9549077Z           "name" : "WORKING_DIRECTORY",
2026-09-05T07:33:29.9549273Z           "value" : "/home/runner/work/20231788./20231788./build"
2026-09-05T07:33:29.9549388Z         }
2026-09-05T07:33:29.9549494Z       ]
2026-09-05T07:33:29.9549613Z     },
2026-09-05T07:33:29.9549728Z     {
2026-09-05T07:33:29.9549847Z       "backtrace" : 75,
2026-09-05T07:33:29.9549974Z       "command" : 
2026-09-05T07:33:29.9550079Z       [
2026-09-05T07:33:29.9550293Z         "/home/runner/work/20231788./20231788./build/relin2_test",
2026-09-05T07:33:29.9550449Z         "key_malformed_later_ignored"
2026-09-05T07:33:29.9550557Z       ],
2026-09-05T07:33:29.9550740Z       "name" : "relin2_key_malformed_later_ignored",
2026-09-05T07:33:29.9550872Z       "properties" : 
2026-09-05T07:33:29.9550979Z       [
2026-09-05T07:33:29.9551097Z         {
2026-09-05T07:33:29.9551230Z           "name" : "WORKING_DIRECTORY",
2026-09-05T07:33:29.9551430Z           "value" : "/home/runner/work/20231788./20231788./build"
2026-09-05T07:33:29.9551549Z         }
2026-09-05T07:33:29.9551655Z       ]
2026-09-05T07:33:29.9551771Z     },
2026-09-05T07:33:29.9551884Z     {
2026-09-05T07:33:29.9552007Z       "backtrace" : 77,
2026-09-05T07:33:29.9552133Z       "command" : 
2026-09-05T07:33:29.9552241Z       [
2026-09-05T07:33:29.9552455Z         "/home/runner/work/20231788./20231788./build/relin2_test",
2026-09-05T07:33:29.9552594Z         "hybrid_valid_shapes"
2026-09-05T07:33:29.9552703Z       ],
2026-09-05T07:33:29.9552862Z       "name" : "relin2_hybrid_valid_shapes",
2026-09-05T07:33:29.9552994Z       "properties" : 
2026-09-05T07:33:29.9553099Z       [
2026-09-05T07:33:29.9553306Z         {
2026-09-05T07:33:29.9553441Z           "name" : "WORKING_DIRECTORY",
2026-09-05T07:33:29.9553640Z           "value" : "/home/runner/work/20231788./20231788./build"
2026-09-05T07:33:29.9553754Z         }
2026-09-05T07:33:29.9553860Z       ]
2026-09-05T07:33:29.9554059Z     },
2026-09-05T07:33:29.9554175Z     {
2026-09-05T07:33:29.9554299Z       "backtrace" : 79,
2026-09-05T07:33:29.9554426Z       "command" : 
2026-09-05T07:33:29.9554533Z       [
2026-09-05T07:33:29.9554754Z         "/home/runner/work/20231788./20231788./build/relin2_test",
2026-09-05T07:33:29.9554899Z         "bv_zero_digit_valid_shapes"
2026-09-05T07:33:29.9555010Z       ],
2026-09-05T07:33:29.9555183Z       "name" : "relin2_bv_zero_digit_valid_shapes",
2026-09-05T07:33:29.9555313Z       "properties" : 
2026-09-05T07:33:29.9555420Z       [
2026-09-05T07:33:29.9555533Z         {
2026-09-05T07:33:29.9555676Z           "name" : "WORKING_DIRECTORY",
2026-09-05T07:33:29.9555865Z           "value" : "/home/runner/work/20231788./20231788./build"
2026-09-05T07:33:29.9555985Z         }
2026-09-05T07:33:29.9556093Z       ]
2026-09-05T07:33:29.9556211Z     },
2026-09-05T07:33:29.9556323Z     {
2026-09-05T07:33:29.9556444Z       "backtrace" : 81,
2026-09-05T07:33:29.9556565Z       "command" : 
2026-09-05T07:33:29.9556685Z       [
2026-09-05T07:33:29.9556891Z         "/home/runner/work/20231788./20231788./build/relin2_test",
2026-09-05T07:33:29.9557036Z         "bv_nonzero_digit_valid_shapes"
2026-09-05T07:33:29.9557141Z       ],
2026-09-05T07:33:29.9557321Z       "name" : "relin2_bv_nonzero_digit_valid_shapes",
2026-09-05T07:33:29.9557516Z       "properties" : 
2026-09-05T07:33:29.9557625Z       [
2026-09-05T07:33:29.9557748Z         {
2026-09-05T07:33:29.9557886Z           "name" : "WORKING_DIRECTORY",
2026-09-05T07:33:29.9558073Z           "value" : "/home/runner/work/20231788./20231788./build"
2026-09-05T07:33:29.9558188Z         }
2026-09-05T07:33:29.9558298Z       ]
2026-09-05T07:33:29.9558402Z     },
2026-09-05T07:33:29.9558519Z     {
2026-09-05T07:33:29.9558640Z       "backtrace" : 83,
2026-09-05T07:33:29.9558758Z       "command" : 
2026-09-05T07:33:29.9558867Z       [
2026-09-05T07:33:29.9559070Z         "/home/runner/work/20231788./20231788./build/relin2_test",
2026-09-05T07:33:29.9559223Z         "first_recombined_rcb_validation"
2026-09-05T07:33:29.9559342Z       ],
2026-09-05T07:33:29.9559529Z       "name" : "relin2_first_recombined_rcb_validation",
2026-09-05T07:33:29.9559660Z       "properties" : 
2026-09-05T07:33:29.9559767Z       [
2026-09-05T07:33:29.9559884Z         {
2026-09-05T07:33:29.9560029Z           "name" : "WORKING_DIRECTORY",
2026-09-05T07:33:29.9560219Z           "value" : "/home/runner/work/20231788./20231788./build"
2026-09-05T07:33:29.9560336Z         }
2026-09-05T07:33:29.9560450Z       ]
2026-09-05T07:33:29.9560554Z     },
2026-09-05T07:33:29.9560660Z     {
2026-09-05T07:33:29.9560782Z       "backtrace" : 85,
2026-09-05T07:33:29.9560905Z       "command" : 
2026-09-05T07:33:29.9561027Z       [
2026-09-05T07:33:29.9561315Z         "/home/runner/work/20231788./20231788./build/relin2_test",
2026-09-05T07:33:29.9561474Z         "first_recombined_tensor2_validation"
2026-09-05T07:33:29.9561586Z       ],
2026-09-05T07:33:29.9561789Z       "name" : "relin2_first_recombined_tensor2_validation",
2026-09-05T07:33:29.9561922Z       "properties" : 
2026-09-05T07:33:29.9562027Z       [
2026-09-05T07:33:29.9562139Z         {
2026-09-05T07:33:29.9562280Z           "name" : "WORKING_DIRECTORY",
2026-09-05T07:33:29.9562473Z           "value" : "/home/runner/work/20231788./20231788./build"
2026-09-05T07:33:29.9562589Z         }
2026-09-05T07:33:29.9562710Z       ]
2026-09-05T07:33:29.9562814Z     },
2026-09-05T07:33:29.9562928Z     {
2026-09-05T07:33:29.9563049Z       "backtrace" : 87,
2026-09-05T07:33:29.9563170Z       "command" : 
2026-09-05T07:33:29.9563520Z       [
2026-09-05T07:33:29.9563730Z         "/home/runner/work/20231788./20231788./build/relin2_test",
2026-09-05T07:33:29.9563892Z         "tensor2_requires_first_lifecycle"
2026-09-05T07:33:29.9564008Z       ],
2026-09-05T07:33:29.9564198Z       "name" : "relin2_tensor2_requires_first_lifecycle",
2026-09-05T07:33:29.9564332Z       "properties" : 
2026-09-05T07:33:29.9564450Z       [
2026-09-05T07:33:29.9564559Z         {
2026-09-05T07:33:29.9564793Z           "name" : "WORKING_DIRECTORY",
2026-09-05T07:33:29.9564984Z           "value" : "/home/runner/work/20231788./20231788./build"
2026-09-05T07:33:29.9565099Z         }
2026-09-05T07:33:29.9565216Z       ]
2026-09-05T07:33:29.9565322Z     },
2026-09-05T07:33:29.9565434Z     {
2026-09-05T07:33:29.9565561Z       "backtrace" : 89,
2026-09-05T07:33:29.9565679Z       "command" : 
2026-09-05T07:33:29.9565792Z       [
2026-09-05T07:33:29.9565993Z         "/home/runner/work/20231788./20231788./build/rs2_test",
2026-09-05T07:33:29.9566124Z         "wrong_lifecycle"
2026-09-05T07:33:29.9566240Z       ],
2026-09-05T07:33:29.9566379Z       "name" : "rs2_wrong_lifecycle",
2026-09-05T07:33:29.9566508Z       "properties" : 
2026-09-05T07:33:29.9566622Z       [
2026-09-05T07:33:29.9566729Z         {
2026-09-05T07:33:29.9566874Z           "name" : "WORKING_DIRECTORY",
2026-09-05T07:33:29.9567066Z           "value" : "/home/runner/work/20231788./20231788./build"
2026-09-05T07:33:29.9567178Z         }
2026-09-05T07:33:29.9567294Z       ]
2026-09-05T07:33:29.9567399Z     },
2026-09-05T07:33:29.9567514Z     {
2026-09-05T07:33:29.9567645Z       "backtrace" : 91,
2026-09-05T07:33:29.9567762Z       "command" : 
2026-09-05T07:33:29.9567876Z       [
2026-09-05T07:33:29.9568077Z         "/home/runner/work/20231788./20231788./build/rs2_test",
2026-09-05T07:33:29.9568308Z         "valid_arithmetic_state_immutability"
2026-09-05T07:33:29.9568428Z       ],
2026-09-05T07:33:29.9568617Z       "name" : "rs2_valid_arithmetic_state_immutability",
2026-09-05T07:33:29.9568747Z       "properties" : 
2026-09-05T07:33:29.9568862Z       [
2026-09-05T07:33:29.9568971Z         {
2026-09-05T07:33:29.9569121Z           "name" : "WORKING_DIRECTORY",
2026-09-05T07:33:29.9569311Z           "value" : "/home/runner/work/20231788./20231788./build"
2026-09-05T07:33:29.9569426Z         }
2026-09-05T07:33:29.9569543Z       ]
2026-09-05T07:33:29.9569650Z     },
2026-09-05T07:33:29.9569761Z     {
2026-09-05T07:33:29.9569888Z       "backtrace" : 93,
2026-09-05T07:33:29.9570008Z       "command" : 
2026-09-05T07:33:29.9570125Z       [
2026-09-05T07:33:29.9570322Z         "/home/runner/work/20231788./20231788./build/rs2_test",
2026-09-05T07:33:29.9570463Z         "mixed_tower_format"
2026-09-05T07:33:29.9570583Z       ],
2026-09-05T07:33:29.9570722Z       "name" : "rs2_mixed_tower_format",
2026-09-05T07:33:29.9570855Z       "properties" : 
2026-09-05T07:33:29.9570968Z       [
2026-09-05T07:33:29.9571074Z         {
2026-09-05T07:33:29.9571213Z           "name" : "WORKING_DIRECTORY",
2026-09-05T07:33:29.9571416Z           "value" : "/home/runner/work/20231788./20231788./build"
2026-09-05T07:33:29.9571531Z         }
2026-09-05T07:33:29.9571636Z       ]
2026-09-05T07:33:29.9571747Z     },
2026-09-05T07:33:29.9571853Z     {
2026-09-05T07:33:29.9571986Z       "backtrace" : 95,
2026-09-05T07:33:29.9572117Z       "command" : 
2026-09-05T07:33:29.9572222Z       [
2026-09-05T07:33:29.9572423Z         "/home/runner/work/20231788./20231788./build/rs2_test",
2026-09-05T07:33:29.9572580Z         "untouched_public_pipeline"
2026-09-05T07:33:29.9572685Z       ],
2026-09-05T07:33:29.9572853Z       "name" : "rs2_untouched_public_pipeline",
2026-09-05T07:33:29.9572980Z       "properties" : 
2026-09-05T07:33:29.9573087Z       [
2026-09-05T07:33:29.9573363Z         {
2026-09-05T07:33:29.9573504Z           "name" : "WORKING_DIRECTORY",
2026-09-05T07:33:29.9573709Z           "value" : "/home/runner/work/20231788./20231788./build"
2026-09-05T07:33:29.9573827Z         }
2026-09-05T07:33:29.9573934Z       ]
2026-09-05T07:33:29.9574049Z     },
2026-09-05T07:33:29.9574169Z     {
2026-09-05T07:33:29.9574294Z       "backtrace" : 97,
2026-09-05T07:33:29.9574420Z       "command" : 
2026-09-05T07:33:29.9574528Z       [
2026-09-05T07:33:29.9574734Z         "/home/runner/work/20231788./20231788./build/rs2_test",
2026-09-05T07:33:29.9574881Z         "declared_basis_mismatch"
2026-09-05T07:33:29.9574986Z       ],
2026-09-05T07:33:29.9575145Z       "name" : "rs2_declared_basis_mismatch",
2026-09-05T07:33:29.9575345Z       "properties" : 
2026-09-05T07:33:29.9575452Z       [
2026-09-05T07:33:29.9575563Z         {
2026-09-05T07:33:29.9575696Z           "name" : "WORKING_DIRECTORY",
2026-09-05T07:33:29.9575892Z           "value" : "/home/runner/work/20231788./20231788./build"
2026-09-05T07:33:29.9576007Z         }
2026-09-05T07:33:29.9576116Z       ]
2026-09-05T07:33:29.9576234Z     },
2026-09-05T07:33:29.9576348Z     {
2026-09-05T07:33:29.9576468Z       "backtrace" : 99,
2026-09-05T07:33:29.9576594Z       "command" : 
2026-09-05T07:33:29.9576705Z       [
2026-09-05T07:33:29.9576909Z         "/home/runner/work/20231788./20231788./build/rs2_test",
2026-09-05T07:33:29.9577049Z         "terminal_rejections"
2026-09-05T07:33:29.9577153Z       ],
2026-09-05T07:33:29.9577302Z       "name" : "rs2_terminal_rejections",
2026-09-05T07:33:29.9577427Z       "properties" : 
2026-09-05T07:33:29.9577531Z       [
2026-09-05T07:33:29.9577644Z         {
2026-09-05T07:33:29.9577777Z           "name" : "WORKING_DIRECTORY",
2026-09-05T07:33:29.9577974Z           "value" : "/home/runner/work/20231788./20231788./build"
2026-09-05T07:33:29.9578089Z         }
2026-09-05T07:33:29.9578194Z       ]
2026-09-05T07:33:29.9578309Z     },
2026-09-05T07:33:29.9578422Z     {
2026-09-05T07:33:29.9578546Z       "backtrace" : 101,
2026-09-05T07:33:29.9578665Z       "command" : 
2026-09-05T07:33:29.9578841Z       [
2026-09-05T07:33:29.9579053Z         "/home/runner/work/20231788./20231788./build/mult2_test",
2026-09-05T07:33:29.9579195Z         "composition_contract"
2026-09-05T07:33:29.9579303Z       ],
2026-09-05T07:33:29.9579462Z       "name" : "mult2_composition_contract",
2026-09-05T07:33:29.9579596Z       "properties" : 
2026-09-05T07:33:29.9579703Z       [
2026-09-05T07:33:29.9579818Z         {
2026-09-05T07:33:29.9579953Z           "name" : "WORKING_DIRECTORY",
2026-09-05T07:33:29.9580147Z           "value" : "/home/runner/work/20231788./20231788./build"
2026-09-05T07:33:29.9580267Z         }
2026-09-05T07:33:29.9580380Z       ]
2026-09-05T07:33:29.9580499Z     },
2026-09-05T07:33:29.9580612Z     {
2026-09-05T07:33:29.9580735Z       "backtrace" : 103,
2026-09-05T07:33:29.9580860Z       "command" : 
2026-09-05T07:33:29.9580967Z       [
2026-09-05T07:33:29.9581249Z         "/home/runner/work/20231788./20231788./build/mult2_e2e_oracle_test",
2026-09-05T07:33:29.9581376Z         "hybrid_real"
2026-09-05T07:33:29.9581484Z       ],
2026-09-05T07:33:29.9581629Z       "name" : "mult2_e2e_hybrid_real",
2026-09-05T07:33:29.9581758Z       "properties" : 
2026-09-05T07:33:29.9581864Z       [
2026-09-05T07:33:29.9581979Z         {
2026-09-05T07:33:29.9582113Z           "name" : "WORKING_DIRECTORY",
2026-09-05T07:33:29.9582312Z           "value" : "/home/runner/work/20231788./20231788./build"
2026-09-05T07:33:29.9582427Z         }
2026-09-05T07:33:29.9582532Z       ]
2026-09-05T07:33:29.9582650Z     },
2026-09-05T07:33:29.9582764Z     {
2026-09-05T07:33:29.9582887Z       "backtrace" : 105,
2026-09-05T07:33:29.9583011Z       "command" : 
2026-09-05T07:33:29.9583122Z       [
2026-09-05T07:33:29.9583478Z         "/home/runner/work/20231788./20231788./build/mult2_e2e_oracle_test",
2026-09-05T07:33:29.9583616Z         "hybrid_complex"
2026-09-05T07:33:29.9583726Z       ],
2026-09-05T07:33:29.9583878Z       "name" : "mult2_e2e_hybrid_complex",
2026-09-05T07:33:29.9584008Z       "properties" : 
2026-09-05T07:33:29.9584119Z       [
2026-09-05T07:33:29.9584236Z         {
2026-09-05T07:33:29.9584373Z           "name" : "WORKING_DIRECTORY",
2026-09-05T07:33:29.9584575Z           "value" : "/home/runner/work/20231788./20231788./build"
2026-09-05T07:33:29.9584692Z         }
2026-09-05T07:33:29.9584801Z       ]
2026-09-05T07:33:29.9584922Z     },
2026-09-05T07:33:29.9585039Z     {
2026-09-05T07:33:29.9585163Z       "backtrace" : 107,
2026-09-05T07:33:29.9585291Z       "command" : 
2026-09-05T07:33:29.9585409Z       [
2026-09-05T07:33:29.9585669Z         "/home/runner/work/20231788./20231788./build/mult2_e2e_oracle_test",
2026-09-05T07:33:29.9585797Z         "bv_real"
2026-09-05T07:33:29.9586017Z       ],
2026-09-05T07:33:29.9586156Z       "name" : "mult2_e2e_bv_real",
2026-09-05T07:33:29.9586294Z       "properties" : 
2026-09-05T07:33:29.9586400Z       [
2026-09-05T07:33:29.9586523Z         {
2026-09-05T07:33:29.9586669Z           "name" : "WORKING_DIRECTORY",
2026-09-05T07:33:29.9586857Z           "value" : "/home/runner/work/20231788./20231788./build"
2026-09-05T07:33:29.9586973Z         }
2026-09-05T07:33:29.9587078Z       ]
2026-09-05T07:33:29.9587192Z     },
2026-09-05T07:33:29.9587305Z     {
2026-09-05T07:33:29.9587424Z       "backtrace" : 109,
2026-09-05T07:33:29.9587547Z       "command" : 
2026-09-05T07:33:29.9587661Z       [
2026-09-05T07:33:29.9587920Z         "/home/runner/work/20231788./20231788./build/mult2_e2e_oracle_test",
2026-09-05T07:33:29.9588045Z         "bv_complex"
2026-09-05T07:33:29.9588154Z       ],
2026-09-05T07:33:29.9588297Z       "name" : "mult2_e2e_bv_complex",
2026-09-05T07:33:29.9588425Z       "properties" : 
2026-09-05T07:33:29.9588530Z       [
2026-09-05T07:33:29.9588650Z         {
2026-09-05T07:33:29.9588791Z           "name" : "WORKING_DIRECTORY",
2026-09-05T07:33:29.9588978Z           "value" : "/home/runner/work/20231788./20231788./build"
2026-09-05T07:33:29.9589090Z         }
2026-09-05T07:33:29.9589196Z       ]
2026-09-05T07:33:29.9589309Z     },
2026-09-05T07:33:29.9589424Z     {
2026-09-05T07:33:29.9589615Z       "backtrace" : 111,
2026-09-05T07:33:29.9589740Z       "command" : 
2026-09-05T07:33:29.9589855Z       [
2026-09-05T07:33:29.9590115Z         "/home/runner/work/20231788./20231788./build/mult2_e2e_oracle_test",
2026-09-05T07:33:29.9590266Z         "pair_add_input_hybrid_complex"
2026-09-05T07:33:29.9590374Z       ],
2026-09-05T07:33:29.9590563Z       "name" : "mult2_pair_add_input_hybrid_complex",
2026-09-05T07:33:29.9590691Z       "properties" : 
2026-09-05T07:33:29.9590796Z       [
2026-09-05T07:33:29.9590914Z         {
2026-09-05T07:33:29.9591057Z           "name" : "WORKING_DIRECTORY",
2026-09-05T07:33:29.9591248Z           "value" : "/home/runner/work/20231788./20231788./build"
2026-09-05T07:33:29.9591363Z         }
2026-09-05T07:33:29.9591472Z       ]
2026-09-05T07:33:29.9591587Z     },
2026-09-05T07:33:29.9591702Z     {
2026-09-05T07:33:29.9591828Z       "backtrace" : 113,
2026-09-05T07:33:29.9591955Z       "command" : 
2026-09-05T07:33:29.9592069Z       [
2026-09-05T07:33:29.9592329Z         "/home/runner/work/20231788./20231788./build/mult2_e2e_oracle_test",
2026-09-05T07:33:29.9592478Z         "pair_sub_input_hybrid_complex"
2026-09-05T07:33:29.9592586Z       ],
2026-09-05T07:33:29.9592770Z       "name" : "mult2_pair_sub_input_hybrid_complex",
2026-09-05T07:33:29.9592898Z       "properties" : 
2026-09-05T07:33:29.9593005Z       [
2026-09-05T07:33:29.9593123Z         {
2026-09-05T07:33:29.9593362Z           "name" : "WORKING_DIRECTORY",
2026-09-05T07:33:29.9593557Z           "value" : "/home/runner/work/20231788./20231788./build"
2026-09-05T07:33:29.9593681Z         }
2026-09-05T07:33:29.9593801Z       ]
2026-09-05T07:33:29.9593912Z     }
2026-09-05T07:33:29.9594032Z   ],
2026-09-05T07:33:29.9594148Z   "version" : 
2026-09-05T07:33:29.9594271Z   {
2026-09-05T07:33:29.9594402Z     "major" : 1,
2026-09-05T07:33:29.9594517Z     "minor" : 0
2026-09-05T07:33:29.9594633Z   }
2026-09-05T07:33:29.9594978Z }Internal ctest changing into directory: /home/runner/work/20231788./20231788./build
2026-09-05T07:33:29.9595432Z UpdateCTestConfiguration  from :/home/runner/work/20231788./20231788./build/DartConfiguration.tcl
2026-09-05T07:33:29.9595868Z UpdateCTestConfiguration  from :/home/runner/work/20231788./20231788./build/DartConfiguration.tcl
2026-09-05T07:33:29.9596070Z Test project /home/runner/work/20231788./20231788./build
2026-09-05T07:33:29.9596212Z Constructing a list of tests
2026-09-05T07:33:29.9596364Z Done constructing a list of tests
2026-09-05T07:33:29.9596501Z Updating test list for fixtures
2026-09-05T07:33:29.9596664Z Added 0 tests to meet fixture requirements
2026-09-05T07:33:29.9596814Z Checking test dependency graph...
2026-09-05T07:33:29.9597027Z Checking test dependency graph end
2026-09-05T07:33:29.9597141Z test 1
2026-09-05T07:33:29.9597267Z       Start  1: dcp_rcb
2026-09-05T07:33:29.9597277Z 
2026-09-05T07:33:29.9597544Z 1: Test command: /home/runner/work/20231788./20231788./build/dcp_rcb_test
2026-09-05T07:33:29.9597790Z 1: Working Directory: /home/runner/work/20231788./20231788./build
2026-09-05T07:33:29.9597937Z 1: Test timeout computed to be: 10000000
2026-09-05T07:33:29.9772235Z 1: DCP/RCB independent-oracle tests passed
2026-09-05T07:33:29.9775287Z  1/57 Test  #1: dcp_rcb .........................................   Passed    0.05 sec
2026-09-05T07:33:29.9777233Z test 2
2026-09-05T07:33:29.9777838Z       Start  2: precision_dcp_rcb_high_precision_contract
2026-09-05T07:33:29.9777862Z 
2026-09-05T07:33:29.9778251Z 2: Test command: /home/runner/work/20231788./20231788./build/precision_dcp_rcb_contract_test
2026-09-05T07:33:29.9778509Z 2: Working Directory: /home/runner/work/20231788./20231788./build
2026-09-05T07:33:29.9778706Z 2: Test timeout computed to be: 10000000
2026-09-05T07:33:30.0279033Z 2: test=precision_dcp_rcb_high_precision_contract trial=0 security_level=HEStd_NotSet(functional-diagnostic-only) key_switch=HYBRID ckks_data_type=COMPLEX N=64 batch=16 depth=7 scaling_mod_size=50 first_mod_size=55 scale_bits=100 q_div=1125899906843009 active_modulus_bits=356 maximum_coefficient_bits=98 approximate_headroom_bits=258 delta_error=2.4049364252276398342163729102165339155044e-28 max_slot_error=3.1800537552324381124874155280928254297348e-28
2026-09-05T07:33:30.0281626Z 2: test=precision_dcp_rcb_high_precision_contract trial=1 security_level=HEStd_NotSet(functional-diagnostic-only) key_switch=HYBRID ckks_data_type=COMPLEX N=64 batch=16 depth=7 scaling_mod_size=50 first_mod_size=55 scale_bits=100 q_div=1125899906843009 active_modulus_bits=356 maximum_coefficient_bits=98 approximate_headroom_bits=258 delta_error=2.4824122464303127253039060106229270172809e-28 max_slot_error=3.1713278526813324815844842339786272716134e-28
2026-09-05T07:33:30.0284196Z 2: test=precision_dcp_rcb_high_precision_contract trial=2 security_level=HEStd_NotSet(functional-diagnostic-only) key_switch=HYBRID ckks_data_type=COMPLEX N=64 batch=16 depth=7 scaling_mod_size=50 first_mod_size=55 scale_bits=100 q_div=1125899906843009 active_modulus_bits=356 maximum_coefficient_bits=98 approximate_headroom_bits=258 delta_error=2.2883530744721458882879637351060649898915e-29 max_slot_error=3.9349118406202483431564037045578663728653e-28
2026-09-05T07:33:30.0286105Z 2: test=precision_dcp_rcb_high_precision_contract trial=3 security_level=HEStd_NotSet(functional-diagnostic-only) key_switch=HYBRID ckks_data_type=COMPLEX N=64 batch=16 depth=7 scaling_mod_size=50 first_mod_size=55 scale_bits=100 q_div=1125899906843009 active_modulus_bits=356 maximum_coefficient_bits=98 approximate_headroom_bits=258 delta_error=1.4655258429991311971632321385027515104003e-28 max_slot_error=3.5930087759284039044972282504811137587551e-28
2026-09-05T07:33:30.0286261Z 2: precision_dcp_rcb_high_precision_contract=PASS
2026-09-05T07:33:30.0286490Z  2/57 Test  #2: precision_dcp_rcb_high_precision_contract .......   Passed    0.05 sec
2026-09-05T07:33:30.0286577Z test 3
2026-09-05T07:33:30.0286735Z       Start  3: precision_first_mult2_high_precision_contract
2026-09-05T07:33:30.0286745Z 
2026-09-05T07:33:30.0287002Z 3: Test command: /home/runner/work/20231788./20231788./build/precision_first_mult2_contract_test
2026-09-05T07:33:30.0287177Z 3: Working Directory: /home/runner/work/20231788./20231788./build
2026-09-05T07:33:30.0287281Z 3: Test timeout computed to be: 10000000
2026-09-05T07:33:30.3622577Z 3: test=precision_first_mult2_high_precision_contract trial=0 claim_scope=first-Mult2-diagnostic-only security_level=HEStd_NotSet(diagnostic-only) key_switch=HYBRID ckks_data_type=COMPLEX N=64 batch=16 depth=7 scaling_mod_size=50 first_mod_size=55 input_scale_numerator=2^100 final_logical_scale_numerator=2^200 final_logical_scale_denominator=1267650600226646386227681786497 q_div=1125899906843009 q_l=1125899906840833 input_product_centered_headroom_bits=160 output_centered_headroom_bits=210 coefficient_error_numerator=149308878904453118744434282870776 coefficient_error_denominator=1267650600226646386227681786497 frozen_abs_tolerance=2^-80 product_delta_error=7.1791780124970929508660204215341618195540e-28 max_slot_error=5.7080868704892421354648044069902883137135e-28
2026-09-05T07:33:30.3628680Z 3: test=precision_first_mult2_high_precision_contract trial=1 claim_scope=first-Mult2-diagnostic-only security_level=HEStd_NotSet(diagnostic-only) key_switch=HYBRID ckks_data_type=COMPLEX N=64 batch=16 depth=7 scaling_mod_size=50 first_mod_size=55 input_scale_numerator=2^100 final_logical_scale_numerator=2^200 final_logical_scale_denominator=1267650600226646386227681786497 q_div=1125899906843009 q_l=1125899906840833 input_product_centered_headroom_bits=160 output_centered_headroom_bits=210 coefficient_error_numerator=139065410059798718214496470849380 coefficient_error_denominator=1267650600226646386227681786497 frozen_abs_tolerance=2^-80 product_delta_error=7.9432533554625201670684343241327432991566e-29 max_slot_error=7.9390020161154001558595767703083496096160e-28
2026-09-05T07:33:30.3633333Z 3: test=precision_first_mult2_high_precision_contract trial=2 claim_scope=first-Mult2-diagnostic-only security_level=HEStd_NotSet(diagnostic-only) key_switch=HYBRID ckks_data_type=COMPLEX N=64 batch=16 depth=7 scaling_mod_size=50 first_mod_size=55 input_scale_numerator=2^100 final_logical_scale_numerator=2^200 final_logical_scale_denominator=1267650600226646386227681786497 q_div=1125899906843009 q_l=1125899906840833 input_product_centered_headroom_bits=160 output_centered_headroom_bits=210 coefficient_error_numerator=106712974253041937980167705829427 coefficient_error_denominator=1267650600226646386227681786497 frozen_abs_tolerance=2^-80 product_delta_error=3.3844787009085220112866940910545458566683e-28 max_slot_error=7.8388341597931908961157839678175986681030e-28
2026-09-05T07:33:30.3637964Z 3: test=precision_first_mult2_high_precision_contract trial=3 claim_scope=first-Mult2-diagnostic-only security_level=HEStd_NotSet(diagnostic-only) key_switch=HYBRID ckks_data_type=COMPLEX N=64 batch=16 depth=7 scaling_mod_size=50 first_mod_size=55 input_scale_numerator=2^100 final_logical_scale_numerator=2^200 final_logical_scale_denominator=1267650600226646386227681786497 q_div=1125899906843009 q_l=1125899906840833 input_product_centered_headroom_bits=160 output_centered_headroom_bits=210 coefficient_error_numerator=74082773871879456119027655357006 coefficient_error_denominator=1267650600226646386227681786497 frozen_abs_tolerance=2^-80 product_delta_error=1.7902646255981930472054670118864339064530e-28 max_slot_error=3.4788529856397504318827444470870296576021e-28
2026-09-05T07:33:30.3640418Z 3: precision_first_mult2_high_precision_contract=PASS
2026-09-05T07:33:30.3640848Z  3/57 Test  #3: precision_first_mult2_high_precision_contract ...   Passed    0.33 sec
2026-09-05T07:33:30.3641228Z test 4
2026-09-05T07:33:30.3641441Z       Start  4: pair_add_runtime_behavior
2026-09-05T07:33:30.3641630Z 
2026-09-05T07:33:30.3641815Z 4: Test command: /home/runner/work/20231788./20231788./build/pair_add_test
2026-09-05T07:33:30.3642232Z 4: Working Directory: /home/runner/work/20231788./20231788./build
2026-09-05T07:33:30.3642570Z 4: Test timeout computed to be: 10000000
2026-09-05T07:33:30.3670073Z 4: pair Add runtime behavior passed
2026-09-05T07:33:30.3670628Z  4/57 Test  #4: pair_add_runtime_behavior .......................   Passed    0.00 sec
2026-09-05T07:33:30.3672486Z test 5
2026-09-05T07:33:30.3673082Z       Start  5: pair_sub_runtime_behavior
2026-09-05T07:33:30.3673630Z 
2026-09-05T07:33:30.3674139Z 5: Test command: /home/runner/work/20231788./20231788./build/pair_sub_test
2026-09-05T07:33:30.3674837Z 5: Working Directory: /home/runner/work/20231788./20231788./build
2026-09-05T07:33:30.3675403Z 5: Test timeout computed to be: 10000000
2026-09-05T07:33:30.3712558Z 5: pair Sub runtime behavior passed
2026-09-05T07:33:30.3715078Z  5/57 Test  #5: pair_sub_runtime_behavior .......................   Passed    0.00 sec
2026-09-05T07:33:30.3716043Z test 6
2026-09-05T07:33:30.3716415Z       Start  6: pair_arithmetic_controlled_oracle
2026-09-05T07:33:30.3717693Z 
2026-09-05T07:33:30.3718205Z 6: Test command: /home/runner/work/20231788./20231788./build/pair_arithmetic_test "controlled_oracle"
2026-09-05T07:33:30.3718764Z 6: Working Directory: /home/runner/work/20231788./20231788./build
2026-09-05T07:33:30.3719117Z 6: Test timeout computed to be: 10000000
2026-09-05T07:33:30.4077030Z 6: pair-arithmetic case passed: controlled_oracle
2026-09-05T07:33:30.4078582Z  6/57 Test  #6: pair_arithmetic_controlled_oracle ...............   Passed    0.04 sec
2026-09-05T07:33:30.4080227Z test 7
2026-09-05T07:33:30.4080764Z       Start  7: pair_arithmetic_public_lifecycles_keyless
2026-09-05T07:33:30.4081207Z 
2026-09-05T07:33:30.4081934Z 7: Test command: /home/runner/work/20231788./20231788./build/pair_arithmetic_test "public_lifecycles_keyless"
2026-09-05T07:33:30.4082882Z 7: Working Directory: /home/runner/work/20231788./20231788./build
2026-09-05T07:33:30.4083622Z 7: Test timeout computed to be: 10000000
2026-09-05T07:33:30.4553996Z 7: pair-arithmetic case passed: public_lifecycles_keyless
2026-09-05T07:33:30.4556604Z  7/57 Test  #7: pair_arithmetic_public_lifecycles_keyless .......   Passed    0.05 sec
2026-09-05T07:33:30.4557786Z test 8
2026-09-05T07:33:30.4558186Z       Start  8: pair_arithmetic_compatibility_rejections
2026-09-05T07:33:30.4559627Z 
2026-09-05T07:33:30.4560156Z 8: Test command: /home/runner/work/20231788./20231788./build/pair_arithmetic_test "compatibility_rejections"
2026-09-05T07:33:30.4560735Z 8: Working Directory: /home/runner/work/20231788./20231788./build
2026-09-05T07:33:30.4561090Z 8: Test timeout computed to be: 10000000
2026-09-05T07:33:30.4736463Z 8: pair-arithmetic case passed: compatibility_rejections
2026-09-05T07:33:30.4739378Z  8/57 Test  #8: pair_arithmetic_compatibility_rejections ........   Passed    0.02 sec
2026-09-05T07:33:30.4740343Z test 9
2026-09-05T07:33:30.4740748Z       Start  9: tensor2_valid_arithmetic_immutability
2026-09-05T07:33:30.4741758Z 
2026-09-05T07:33:30.4742217Z 9: Test command: /home/runner/work/20231788./20231788./build/tensor2_test "valid_arithmetic_immutability"
2026-09-05T07:33:30.4742752Z 9: Working Directory: /home/runner/work/20231788./20231788./build
2026-09-05T07:33:30.4743112Z 9: Test timeout computed to be: 10000000
2026-09-05T07:33:30.4805020Z 9: Tensor2 case passed: valid_arithmetic_immutability
2026-09-05T07:33:30.4807543Z  9/57 Test  #9: tensor2_valid_arithmetic_immutability ...........   Passed    0.01 sec
2026-09-05T07:33:30.4808907Z test 10
2026-09-05T07:33:30.4809264Z       Start 10: tensor2_result_scale_contract
2026-09-05T07:33:30.4809580Z 
2026-09-05T07:33:30.4810017Z 10: Test command: /home/runner/work/20231788./20231788./build/tensor2_test "result_scale_contract"
2026-09-05T07:33:30.4810787Z 10: Working Directory: /home/runner/work/20231788./20231788./build
2026-09-05T07:33:30.4811152Z 10: Test timeout computed to be: 10000000
2026-09-05T07:33:30.4846616Z 10: Tensor2 case passed: result_scale_contract
2026-09-05T07:33:30.4849077Z 10/57 Test #10: tensor2_result_scale_contract ...................   Passed    0.00 sec
2026-09-05T07:33:30.4850177Z test 11
2026-09-05T07:33:30.4850568Z       Start 11: tensor2_right_input_validation
2026-09-05T07:33:30.4850900Z 
2026-09-05T07:33:30.4851377Z 11: Test command: /home/runner/work/20231788./20231788./build/tensor2_test "right_input_validation"
2026-09-05T07:33:30.4852047Z 11: Working Directory: /home/runner/work/20231788./20231788./build
2026-09-05T07:33:30.4852396Z 11: Test timeout computed to be: 10000000
2026-09-05T07:33:30.4887226Z 11: Tensor2 case passed: right_input_validation
2026-09-05T07:33:30.4889498Z 11/57 Test #11: tensor2_right_input_validation ..................   Passed    0.00 sec
2026-09-05T07:33:30.4890638Z test 12
2026-09-05T07:33:30.4891010Z       Start 12: tensor2_mutual_compatibility
2026-09-05T07:33:30.4891320Z 
2026-09-05T07:33:30.4891990Z 12: Test command: /home/runner/work/20231788./20231788./build/tensor2_test "mutual_compatibility"
2026-09-05T07:33:30.4892603Z 12: Working Directory: /home/runner/work/20231788./20231788./build
2026-09-05T07:33:30.4892966Z 12: Test timeout computed to be: 10000000
2026-09-05T07:33:30.4927373Z 12: Tensor2 case passed: mutual_compatibility
2026-09-05T07:33:30.4929574Z 12/57 Test #12: tensor2_mutual_compatibility ....................   Passed    0.00 sec
2026-09-05T07:33:30.4930642Z test 13
2026-09-05T07:33:30.4931066Z       Start 13: tensor2_prearithmetic_key_compatibility
2026-09-05T07:33:30.4931430Z 
2026-09-05T07:33:30.4931992Z 13: Test command: /home/runner/work/20231788./20231788./build/tensor2_test "prearithmetic_key_compatibility"
2026-09-05T07:33:30.4932623Z 13: Working Directory: /home/runner/work/20231788./20231788./build
2026-09-05T07:33:30.4932993Z 13: Test timeout computed to be: 10000000
2026-09-05T07:33:30.4968183Z 13: Tensor2 case passed: prearithmetic_key_compatibility
2026-09-05T07:33:30.4970428Z 13/57 Test #13: tensor2_prearithmetic_key_compatibility .........   Passed    0.00 sec
2026-09-05T07:33:30.4971430Z test 14
2026-09-05T07:33:30.4971791Z       Start 14: relin2_tensor_validation_order
2026-09-05T07:33:30.4972134Z 
2026-09-05T07:33:30.4972599Z 14: Test command: /home/runner/work/20231788./20231788./build/relin2_test "tensor_validation_order"
2026-09-05T07:33:30.4973578Z 14: Working Directory: /home/runner/work/20231788./20231788./build
2026-09-05T07:33:30.4973918Z 14: Test timeout computed to be: 10000000
2026-09-05T07:33:30.5008781Z 14: Relin2 case passed: tensor_validation_order
2026-09-05T07:33:30.5011072Z 14/57 Test #14: relin2_tensor_validation_order ..................   Passed    0.00 sec
2026-09-05T07:33:30.5012131Z test 15
2026-09-05T07:33:30.5012506Z       Start 15: relin2_insufficient_active_basis
2026-09-05T07:33:30.5012849Z 
2026-09-05T07:33:30.5013628Z 15: Test command: /home/runner/work/20231788./20231788./build/relin2_test "insufficient_active_basis"
2026-09-05T07:33:30.5014197Z 15: Working Directory: /home/runner/work/20231788./20231788./build
2026-09-05T07:33:30.5014535Z 15: Test timeout computed to be: 10000000
2026-09-05T07:33:30.5047624Z 15: Relin2 case passed: insufficient_active_basis
2026-09-05T07:33:30.5049751Z 15/57 Test #15: relin2_insufficient_active_basis ................   Passed    0.00 sec
2026-09-05T07:33:30.5051130Z test 16
2026-09-05T07:33:30.5051456Z       Start 16: relin2_missing_eval_key
2026-09-05T07:33:30.5051656Z 
2026-09-05T07:33:30.5051925Z 16: Test command: /home/runner/work/20231788./20231788./build/relin2_test "missing_eval_key"
2026-09-05T07:33:30.5052467Z 16: Working Directory: /home/runner/work/20231788./20231788./build
2026-09-05T07:33:30.5052812Z 16: Test timeout computed to be: 10000000
2026-09-05T07:33:30.5087546Z 16: Relin2 case passed: missing_eval_key
2026-09-05T07:33:30.5090141Z 16/57 Test #16: relin2_missing_eval_key .........................   Passed    0.00 sec
2026-09-05T07:33:30.5091523Z test 17
2026-09-05T07:33:30.5091867Z       Start 17: relin2_key_empty
2026-09-05T07:33:30.5092161Z 
2026-09-05T07:33:30.5092597Z 17: Test command: /home/runner/work/20231788./20231788./build/relin2_test "key_empty"
2026-09-05T07:33:30.5093551Z 17: Working Directory: /home/runner/work/20231788./20231788./build
2026-09-05T07:33:30.5094188Z 17: Test timeout computed to be: 10000000
2026-09-05T07:33:30.5128158Z 17: Relin2 case passed: key_empty
2026-09-05T07:33:30.5130387Z 17/57 Test #17: relin2_key_empty ................................   Passed    0.00 sec
2026-09-05T07:33:30.5131596Z test 18
2026-09-05T07:33:30.5131933Z       Start 18: relin2_key_null_first
2026-09-05T07:33:30.5132235Z 
2026-09-05T07:33:30.5132637Z 18: Test command: /home/runner/work/20231788./20231788./build/relin2_test "key_null_first"
2026-09-05T07:33:30.5133541Z 18: Working Directory: /home/runner/work/20231788./20231788./build
2026-09-05T07:33:30.5133908Z 18: Test timeout computed to be: 10000000
2026-09-05T07:33:30.5168202Z 18: Relin2 case passed: key_null_first
2026-09-05T07:33:30.5170608Z 18/57 Test #18: relin2_key_null_first ...........................   Passed    0.00 sec
2026-09-05T07:33:30.5171528Z test 19
2026-09-05T07:33:30.5171885Z       Start 19: relin2_key_wrong_context
2026-09-05T07:33:30.5172207Z 
2026-09-05T07:33:30.5172657Z 19: Test command: /home/runner/work/20231788./20231788./build/relin2_test "key_wrong_context"
2026-09-05T07:33:30.5173534Z 19: Working Directory: /home/runner/work/20231788./20231788./build
2026-09-05T07:33:30.5173886Z 19: Test timeout computed to be: 10000000
2026-09-05T07:33:30.5216525Z 19: Relin2 case passed: key_wrong_context
2026-09-05T07:33:30.5219226Z 19/57 Test #19: relin2_key_wrong_context ........................   Passed    0.00 sec
2026-09-05T07:33:30.5220424Z test 20
2026-09-05T07:33:30.5220675Z       Start 20: relin2_key_wrong_tag
2026-09-05T07:33:30.5220968Z 
2026-09-05T07:33:30.5221517Z 20: Test command: /home/runner/work/20231788./20231788./build/relin2_test "key_wrong_tag"
2026-09-05T07:33:30.5222131Z 20: Working Directory: /home/runner/work/20231788./20231788./build
2026-09-05T07:33:30.5222485Z 20: Test timeout computed to be: 10000000
2026-09-05T07:33:30.5258882Z 20: Relin2 case passed: key_wrong_tag
2026-09-05T07:33:30.5261362Z 20/57 Test #20: relin2_key_wrong_tag ............................   Passed    0.00 sec
2026-09-05T07:33:30.5262416Z test 21
2026-09-05T07:33:30.5262756Z       Start 21: relin2_key_wrong_subtype
2026-09-05T07:33:30.5263513Z 
2026-09-05T07:33:30.5264025Z 21: Test command: /home/runner/work/20231788./20231788./build/relin2_test "key_wrong_subtype"
2026-09-05T07:33:30.5264895Z 21: Working Directory: /home/runner/work/20231788./20231788./build
2026-09-05T07:33:30.5265503Z 21: Test timeout computed to be: 10000000
2026-09-05T07:33:30.5306147Z 21: Relin2 case passed: key_wrong_subtype
2026-09-05T07:33:30.5308411Z 21/57 Test #21: relin2_key_wrong_subtype ........................   Passed    0.00 sec
2026-09-05T07:33:30.5309928Z test 22
2026-09-05T07:33:30.5310279Z       Start 22: relin2_key_hybrid_a_length
2026-09-05T07:33:30.5310573Z 
2026-09-05T07:33:30.5311092Z 22: Test command: /home/runner/work/20231788./20231788./build/relin2_test "key_hybrid_a_length"
2026-09-05T07:33:30.5311946Z 22: Working Directory: /home/runner/work/20231788./20231788./build
2026-09-05T07:33:30.5312326Z 22: Test timeout computed to be: 10000000
2026-09-05T07:33:30.5347935Z 22: Relin2 case passed: key_hybrid_a_length
2026-09-05T07:33:30.5350644Z 22/57 Test #22: relin2_key_hybrid_a_length ......................   Passed    0.00 sec
2026-09-05T07:33:30.5351666Z test 23
2026-09-05T07:33:30.5352026Z       Start 23: relin2_key_hybrid_b_length
2026-09-05T07:33:30.5352327Z 
2026-09-05T07:33:30.5352785Z 23: Test command: /home/runner/work/20231788./20231788./build/relin2_test "key_hybrid_b_length"
2026-09-05T07:33:30.5353623Z 23: Working Directory: /home/runner/work/20231788./20231788./build
2026-09-05T07:33:30.5353975Z 23: Test timeout computed to be: 10000000
2026-09-05T07:33:30.5390223Z 23: Relin2 case passed: key_hybrid_b_length
2026-09-05T07:33:30.5392966Z 23/57 Test #23: relin2_key_hybrid_b_length ......................   Passed    0.00 sec
2026-09-05T07:33:30.5394336Z test 24
2026-09-05T07:33:30.5394720Z       Start 24: relin2_key_hybrid_entry_basis
2026-09-05T07:33:30.5395039Z 
2026-09-05T07:33:30.5395516Z 24: Test command: /home/runner/work/20231788./20231788./build/relin2_test "key_hybrid_entry_basis"
2026-09-05T07:33:30.5396145Z 24: Working Directory: /home/runner/work/20231788./20231788./build
2026-09-05T07:33:30.5396497Z 24: Test timeout computed to be: 10000000
2026-09-05T07:33:30.5528462Z 24: Relin2 case passed: key_hybrid_entry_basis
2026-09-05T07:33:30.5530882Z 24/57 Test #24: relin2_key_hybrid_entry_basis ...................   Passed    0.01 sec
2026-09-05T07:33:30.5531892Z test 25
2026-09-05T07:33:30.5532233Z       Start 25: relin2_key_hybrid_entry_format
2026-09-05T07:33:30.5532573Z 
2026-09-05T07:33:30.5533058Z 25: Test command: /home/runner/work/20231788./20231788./build/relin2_test "key_hybrid_entry_format"
2026-09-05T07:33:30.5534295Z 25: Working Directory: /home/runner/work/20231788./20231788./build
2026-09-05T07:33:30.5534744Z 25: Test timeout computed to be: 10000000
2026-09-05T07:33:30.5577390Z 25: Relin2 case passed: key_hybrid_entry_format
2026-09-05T07:33:30.5579563Z 25/57 Test #25: relin2_key_hybrid_entry_format ..................   Passed    0.00 sec
2026-09-05T07:33:30.5580846Z test 26
2026-09-05T07:33:30.5581214Z       Start 26: relin2_key_bv_zero_digit_a_length
2026-09-05T07:33:30.5581559Z 
2026-09-05T07:33:30.5582097Z 26: Test command: /home/runner/work/20231788./20231788./build/relin2_test "key_bv_zero_digit_a_length"
2026-09-05T07:33:30.5583016Z 26: Working Directory: /home/runner/work/20231788./20231788./build
2026-09-05T07:33:30.5583754Z 26: Test timeout computed to be: 10000000
2026-09-05T07:33:30.5619374Z 26: Relin2 case passed: key_bv_zero_digit_a_length
2026-09-05T07:33:30.5621721Z 26/57 Test #26: relin2_key_bv_zero_digit_a_length ...............   Passed    0.00 sec
2026-09-05T07:33:30.5622811Z test 27
2026-09-05T07:33:30.5623853Z       Start 27: relin2_key_bv_zero_digit_b_length
2026-09-05T07:33:30.5624231Z 
2026-09-05T07:33:30.5624608Z 27: Test command: /home/runner/work/20231788./20231788./build/relin2_test "key_bv_zero_digit_b_length"
2026-09-05T07:33:30.5625114Z 27: Working Directory: /home/runner/work/20231788./20231788./build
2026-09-05T07:33:30.5625458Z 27: Test timeout computed to be: 10000000
2026-09-05T07:33:30.5660323Z 27: Relin2 case passed: key_bv_zero_digit_b_length
2026-09-05T07:33:30.5662598Z 27/57 Test #27: relin2_key_bv_zero_digit_b_length ...............   Passed    0.00 sec
2026-09-05T07:33:30.5663810Z test 28
2026-09-05T07:33:30.5664193Z       Start 28: relin2_key_bv_nonzero_digit_a_length
2026-09-05T07:33:30.5664524Z 
2026-09-05T07:33:30.5665004Z 28: Test command: /home/runner/work/20231788./20231788./build/relin2_test "key_bv_nonzero_digit_a_length"
2026-09-05T07:33:30.5665910Z 28: Working Directory: /home/runner/work/20231788./20231788./build
2026-09-05T07:33:30.5666337Z 28: Test timeout computed to be: 10000000
2026-09-05T07:33:30.5708869Z 28: Relin2 case passed: key_bv_nonzero_digit_a_length
2026-09-05T07:33:30.5711096Z 28/57 Test #28: relin2_key_bv_nonzero_digit_a_length ............   Passed    0.00 sec
2026-09-05T07:33:30.5712336Z test 29
2026-09-05T07:33:30.5712727Z       Start 29: relin2_key_bv_nonzero_digit_b_length
2026-09-05T07:33:30.5713072Z 
2026-09-05T07:33:30.5713716Z 29: Test command: /home/runner/work/20231788./20231788./build/relin2_test "key_bv_nonzero_digit_b_length"
2026-09-05T07:33:30.5714388Z 29: Working Directory: /home/runner/work/20231788./20231788./build
2026-09-05T07:33:30.5714730Z 29: Test timeout computed to be: 10000000
2026-09-05T07:33:30.5755794Z 29: Relin2 case passed: key_bv_nonzero_digit_b_length
2026-09-05T07:33:30.5758833Z 29/57 Test #29: relin2_key_bv_nonzero_digit_b_length ............   Passed    0.00 sec
2026-09-05T07:33:30.5759435Z test 30
2026-09-05T07:33:30.5759822Z       Start 30: relin2_key_bv_zero_digit_entry_basis
2026-09-05T07:33:30.5760978Z 
2026-09-05T07:33:30.5761499Z 30: Test command: /home/runner/work/20231788./20231788./build/relin2_test "key_bv_zero_digit_entry_basis"
2026-09-05T07:33:30.5762136Z 30: Working Directory: /home/runner/work/20231788./20231788./build
2026-09-05T07:33:30.5762480Z 30: Test timeout computed to be: 10000000
2026-09-05T07:33:30.5798449Z 30: Relin2 case passed: key_bv_zero_digit_entry_basis
2026-09-05T07:33:30.5800920Z 30/57 Test #30: relin2_key_bv_zero_digit_entry_basis ............   Passed    0.00 sec
2026-09-05T07:33:30.5801877Z test 31
2026-09-05T07:33:30.5802259Z       Start 31: relin2_key_bv_nonzero_digit_entry_basis
2026-09-05T07:33:30.5802487Z 
2026-09-05T07:33:30.5802783Z 31: Test command: /home/runner/work/20231788./20231788./build/relin2_test "key_bv_nonzero_digit_entry_basis"
2026-09-05T07:33:30.5803702Z 31: Working Directory: /home/runner/work/20231788./20231788./build
2026-09-05T07:33:30.5804250Z 31: Test timeout computed to be: 10000000
2026-09-05T07:33:30.5847721Z 31: Relin2 case passed: key_bv_nonzero_digit_entry_basis
2026-09-05T07:33:30.5850775Z 31/57 Test #31: relin2_key_bv_nonzero_digit_entry_basis .........   Passed    0.00 sec
2026-09-05T07:33:30.5851284Z test 32
2026-09-05T07:33:30.5851683Z       Start 32: relin2_key_bv_zero_digit_entry_format
2026-09-05T07:33:30.5852050Z 
2026-09-05T07:33:30.5852617Z 32: Test command: /home/runner/work/20231788./20231788./build/relin2_test "key_bv_zero_digit_entry_format"
2026-09-05T07:33:30.5853754Z 32: Working Directory: /home/runner/work/20231788./20231788./build
2026-09-05T07:33:30.5854194Z 32: Test timeout computed to be: 10000000
2026-09-05T07:33:30.5889344Z 32: Relin2 case passed: key_bv_zero_digit_entry_format
2026-09-05T07:33:30.5892010Z 32/57 Test #32: relin2_key_bv_zero_digit_entry_format ...........   Passed    0.00 sec
2026-09-05T07:33:30.5893048Z test 33
2026-09-05T07:33:30.5893594Z       Start 33: relin2_key_bv_nonzero_digit_entry_format
2026-09-05T07:33:30.5893967Z 
2026-09-05T07:33:30.5894545Z 33: Test command: /home/runner/work/20231788./20231788./build/relin2_test "key_bv_nonzero_digit_entry_format"
2026-09-05T07:33:30.5895520Z 33: Working Directory: /home/runner/work/20231788./20231788./build
2026-09-05T07:33:30.5896121Z 33: Test timeout computed to be: 10000000
2026-09-05T07:33:30.5938889Z 33: Relin2 case passed: key_bv_nonzero_digit_entry_format
2026-09-05T07:33:30.5941309Z 33/57 Test #33: relin2_key_bv_nonzero_digit_entry_format ........   Passed    0.00 sec
2026-09-05T07:33:30.5942416Z test 34
2026-09-05T07:33:30.5942810Z       Start 34: relin2_valid_arithmetic_state_immutability
2026-09-05T07:33:30.5943634Z 
2026-09-05T07:33:30.5944239Z 34: Test command: /home/runner/work/20231788./20231788./build/relin2_test "valid_arithmetic_state_immutability"
2026-09-05T07:33:30.5944877Z 34: Working Directory: /home/runner/work/20231788./20231788./build
2026-09-05T07:33:30.5945225Z 34: Test timeout computed to be: 10000000
2026-09-05T07:33:30.6005673Z 34: Relin2 case passed: valid_arithmetic_state_immutability
2026-09-05T07:33:30.6007890Z 34/57 Test #34: relin2_valid_arithmetic_state_immutability ......   Passed    0.01 sec
2026-09-05T07:33:30.6009252Z test 35
2026-09-05T07:33:30.6009670Z       Start 35: relin2_controlled_witnesses_and_boundaries
2026-09-05T07:33:30.6010050Z 
2026-09-05T07:33:30.6010614Z 35: Test command: /home/runner/work/20231788./20231788./build/relin2_test "controlled_witnesses_and_boundaries"
2026-09-05T07:33:30.6011262Z 35: Working Directory: /home/runner/work/20231788./20231788./build
2026-09-05T07:33:30.6011618Z 35: Test timeout computed to be: 10000000
2026-09-05T07:33:30.6060123Z 35: Relin2 case passed: controlled_witnesses_and_boundaries
2026-09-05T07:33:30.6062321Z 35/57 Test #35: relin2_controlled_witnesses_and_boundaries ......   Passed    0.01 sec
2026-09-05T07:33:30.6063669Z test 36
2026-09-05T07:33:30.6064050Z       Start 36: relin2_representative_public_input
2026-09-05T07:33:30.6064511Z 
2026-09-05T07:33:30.6065206Z 36: Test command: /home/runner/work/20231788./20231788./build/relin2_test "representative_public_input"
2026-09-05T07:33:30.6066085Z 36: Working Directory: /home/runner/work/20231788./20231788./build
2026-09-05T07:33:30.6066644Z 36: Test timeout computed to be: 10000000
2026-09-05T07:33:30.6589618Z 36: Relin2 case passed: representative_public_input
2026-09-05T07:33:30.6592224Z 36/57 Test #36: relin2_representative_public_input ..............   Passed    0.05 sec
2026-09-05T07:33:30.6594194Z test 37
2026-09-05T07:33:30.6594529Z       Start 37: relin2_key_extra_later_valid
2026-09-05T07:33:30.6594835Z 
2026-09-05T07:33:30.6595094Z 37: Test command: /home/runner/work/20231788./20231788./build/relin2_test "key_extra_later_valid"
2026-09-05T07:33:30.6595589Z 37: Working Directory: /home/runner/work/20231788./20231788./build
2026-09-05T07:33:30.6596117Z 37: Test timeout computed to be: 10000000
2026-09-05T07:33:30.6664102Z 37: Relin2 case passed: key_extra_later_valid
2026-09-05T07:33:30.6666479Z 37/57 Test #37: relin2_key_extra_later_valid ....................   Passed    0.01 sec
2026-09-05T07:33:30.6667470Z test 38
2026-09-05T07:33:30.6668168Z       Start 38: relin2_key_malformed_later_ignored
2026-09-05T07:33:30.6668389Z 
2026-09-05T07:33:30.6668704Z 38: Test command: /home/runner/work/20231788./20231788./build/relin2_test "key_malformed_later_ignored"
2026-09-05T07:33:30.6669559Z 38: Working Directory: /home/runner/work/20231788./20231788./build
2026-09-05T07:33:30.6670111Z 38: Test timeout computed to be: 10000000
2026-09-05T07:33:30.6736528Z 38: Relin2 case passed: key_malformed_later_ignored
2026-09-05T07:33:30.6739346Z 38/57 Test #38: relin2_key_malformed_later_ignored ..............   Passed    0.01 sec
2026-09-05T07:33:30.6740255Z test 39
2026-09-05T07:33:30.6740600Z       Start 39: relin2_hybrid_valid_shapes
2026-09-05T07:33:30.6741827Z 
2026-09-05T07:33:30.6742341Z 39: Test command: /home/runner/work/20231788./20231788./build/relin2_test "hybrid_valid_shapes"
2026-09-05T07:33:30.6743131Z 39: Working Directory: /home/runner/work/20231788./20231788./build
2026-09-05T07:33:30.6743781Z 39: Test timeout computed to be: 10000000
2026-09-05T07:33:30.6898202Z 39: Relin2 case passed: hybrid_valid_shapes
2026-09-05T07:33:30.6901028Z 39/57 Test #39: relin2_hybrid_valid_shapes ......................   Passed    0.02 sec
2026-09-05T07:33:30.6902311Z test 40
2026-09-05T07:33:30.6902858Z       Start 40: relin2_bv_zero_digit_valid_shapes
2026-09-05T07:33:30.6903198Z 
2026-09-05T07:33:30.6904048Z 40: Test command: /home/runner/work/20231788./20231788./build/relin2_test "bv_zero_digit_valid_shapes"
2026-09-05T07:33:30.6904589Z 40: Working Directory: /home/runner/work/20231788./20231788./build
2026-09-05T07:33:30.6904950Z 40: Test timeout computed to be: 10000000
2026-09-05T07:33:30.6954088Z 40: Relin2 case passed: bv_zero_digit_valid_shapes
2026-09-05T07:33:30.6956371Z 40/57 Test #40: relin2_bv_zero_digit_valid_shapes ...............   Passed    0.01 sec
2026-09-05T07:33:30.6957722Z test 41
2026-09-05T07:33:30.6958138Z       Start 41: relin2_bv_nonzero_digit_valid_shapes
2026-09-05T07:33:30.6958474Z 
2026-09-05T07:33:30.6959006Z 41: Test command: /home/runner/work/20231788./20231788./build/relin2_test "bv_nonzero_digit_valid_shapes"
2026-09-05T07:33:30.6959656Z 41: Working Directory: /home/runner/work/20231788./20231788./build
2026-09-05T07:33:30.6960000Z 41: Test timeout computed to be: 10000000
2026-09-05T07:33:30.7019113Z 41: Relin2 case passed: bv_nonzero_digit_valid_shapes
2026-09-05T07:33:30.7021382Z 41/57 Test #41: relin2_bv_nonzero_digit_valid_shapes ............   Passed    0.01 sec
2026-09-05T07:33:30.7022720Z test 42
2026-09-05T07:33:30.7023132Z       Start 42: relin2_first_recombined_rcb_validation
2026-09-05T07:33:30.7023636Z 
2026-09-05T07:33:30.7024167Z 42: Test command: /home/runner/work/20231788./20231788./build/relin2_test "first_recombined_rcb_validation"
2026-09-05T07:33:30.7024789Z 42: Working Directory: /home/runner/work/20231788./20231788./build
2026-09-05T07:33:30.7025133Z 42: Test timeout computed to be: 10000000
2026-09-05T07:33:30.7059971Z 42: Relin2 case passed: first_recombined_rcb_validation
2026-09-05T07:33:30.7062272Z 42/57 Test #42: relin2_first_recombined_rcb_validation ..........   Passed    0.00 sec
2026-09-05T07:33:30.7064148Z test 43
2026-09-05T07:33:30.7064574Z       Start 43: relin2_first_recombined_tensor2_validation
2026-09-05T07:33:30.7064940Z 
2026-09-05T07:33:30.7065472Z 43: Test command: /home/runner/work/20231788./20231788./build/relin2_test "first_recombined_tensor2_validation"
2026-09-05T07:33:30.7066018Z 43: Working Directory: /home/runner/work/20231788./20231788./build
2026-09-05T07:33:30.7066360Z 43: Test timeout computed to be: 10000000
2026-09-05T07:33:30.7100945Z 43: Relin2 case passed: first_recombined_tensor2_validation
2026-09-05T07:33:30.7103342Z 43/57 Test #43: relin2_first_recombined_tensor2_validation ......   Passed    0.00 sec
2026-09-05T07:33:30.7104594Z test 44
2026-09-05T07:33:30.7105004Z       Start 44: relin2_tensor2_requires_first_lifecycle
2026-09-05T07:33:30.7105359Z 
2026-09-05T07:33:30.7106090Z 44: Test command: /home/runner/work/20231788./20231788./build/relin2_test "tensor2_requires_first_lifecycle"
2026-09-05T07:33:30.7106631Z 44: Working Directory: /home/runner/work/20231788./20231788./build
2026-09-05T07:33:30.7106972Z 44: Test timeout computed to be: 10000000
2026-09-05T07:33:30.7220249Z 44: Relin2 case passed: tensor2_requires_first_lifecycle
2026-09-05T07:33:30.7222453Z 44/57 Test #44: relin2_tensor2_requires_first_lifecycle .........   Passed    0.01 sec
2026-09-05T07:33:30.7223901Z test 45
2026-09-05T07:33:30.7224260Z       Start 45: rs2_wrong_lifecycle
2026-09-05T07:33:30.7224534Z 
2026-09-05T07:33:30.7224908Z 45: Test command: /home/runner/work/20231788./20231788./build/rs2_test "wrong_lifecycle"
2026-09-05T07:33:30.7225660Z 45: Working Directory: /home/runner/work/20231788./20231788./build
2026-09-05T07:33:30.7226017Z 45: Test timeout computed to be: 10000000
2026-09-05T07:33:30.7260085Z 45: RS2 case passed: wrong_lifecycle
2026-09-05T07:33:30.7262445Z 45/57 Test #45: rs2_wrong_lifecycle .............................   Passed    0.00 sec
2026-09-05T07:33:30.7263889Z test 46
2026-09-05T07:33:30.7264299Z       Start 46: rs2_valid_arithmetic_state_immutability
2026-09-05T07:33:30.7264660Z 
2026-09-05T07:33:30.7265197Z 46: Test command: /home/runner/work/20231788./20231788./build/rs2_test "valid_arithmetic_state_immutability"
2026-09-05T07:33:30.7265954Z 46: Working Directory: /home/runner/work/20231788./20231788./build
2026-09-05T07:33:30.7266469Z 46: Test timeout computed to be: 10000000
2026-09-05T07:33:30.7334192Z 46: RS2 case passed: valid_arithmetic_state_immutability
2026-09-05T07:33:30.7336510Z 46/57 Test #46: rs2_valid_arithmetic_state_immutability .........   Passed    0.01 sec
2026-09-05T07:33:30.7337359Z test 47
2026-09-05T07:33:30.7337730Z       Start 47: rs2_mixed_tower_format
2026-09-05T07:33:30.7338084Z 
2026-09-05T07:33:30.7338647Z 47: Test command: /home/runner/work/20231788./20231788./build/rs2_test "mixed_tower_format"
2026-09-05T07:33:30.7339474Z 47: Working Directory: /home/runner/work/20231788./20231788./build
2026-09-05T07:33:30.7340044Z 47: Test timeout computed to be: 10000000
2026-09-05T07:33:30.7417713Z 47: RS2 case passed: mixed_tower_format
2026-09-05T07:33:30.7420947Z 47/57 Test #47: rs2_mixed_tower_format ..........................   Passed    0.01 sec
2026-09-05T07:33:30.7421961Z test 48
2026-09-05T07:33:30.7422326Z       Start 48: rs2_untouched_public_pipeline
2026-09-05T07:33:30.7422649Z 
2026-09-05T07:33:30.7423132Z 48: Test command: /home/runner/work/20231788./20231788./build/rs2_test "untouched_public_pipeline"
2026-09-05T07:33:30.7423979Z 48: Working Directory: /home/runner/work/20231788./20231788./build
2026-09-05T07:33:30.7424328Z 48: Test timeout computed to be: 10000000
2026-09-05T07:33:30.7502600Z 48: RS2 case passed: untouched_public_pipeline
2026-09-05T07:33:30.7505196Z 48/57 Test #48: rs2_untouched_public_pipeline ...................   Passed    0.01 sec
2026-09-05T07:33:30.7506546Z test 49
2026-09-05T07:33:30.7506892Z       Start 49: rs2_declared_basis_mismatch
2026-09-05T07:33:30.7507224Z 
2026-09-05T07:33:30.7507743Z 49: Test command: /home/runner/work/20231788./20231788./build/rs2_test "declared_basis_mismatch"
2026-09-05T07:33:30.7508650Z 49: Working Directory: /home/runner/work/20231788./20231788./build
2026-09-05T07:33:30.7509158Z 49: Test timeout computed to be: 10000000
2026-09-05T07:33:30.7554876Z 49: RS2 case passed: declared_basis_mismatch
2026-09-05T07:33:30.7557144Z 49/57 Test #49: rs2_declared_basis_mismatch .....................   Passed    0.00 sec
2026-09-05T07:33:30.7558389Z test 50
2026-09-05T07:33:30.7558722Z       Start 50: rs2_terminal_rejections
2026-09-05T07:33:30.7559026Z 
2026-09-05T07:33:30.7559415Z 50: Test command: /home/runner/work/20231788./20231788./build/rs2_test "terminal_rejections"
2026-09-05T07:33:30.7560218Z 50: Working Directory: /home/runner/work/20231788./20231788./build
2026-09-05T07:33:30.7560569Z 50: Test timeout computed to be: 10000000
2026-09-05T07:33:30.7601452Z 50: RS2 case passed: terminal_rejections
2026-09-05T07:33:30.7605065Z 50/57 Test #50: rs2_terminal_rejections .........................   Passed    0.00 sec
2026-09-05T07:33:30.7605949Z test 51
2026-09-05T07:33:30.7606297Z       Start 51: mult2_composition_contract
2026-09-05T07:33:30.7606640Z 
2026-09-05T07:33:30.7607058Z 51: Test command: /home/runner/work/20231788./20231788./build/mult2_test "composition_contract"
2026-09-05T07:33:30.7607826Z 51: Working Directory: /home/runner/work/20231788./20231788./build
2026-09-05T07:33:30.7608189Z 51: Test timeout computed to be: 10000000
2026-09-05T07:33:30.7663831Z 51: security_level=HEStd_NotSet(functional-only) ring_dimension=64 batch_size=16 scaling_mod_size=30 first_mod_size=35 multiplicative_depth=7 key_switch=HYBRID secret_key_dist=UNIFORM_TERNARY ckks_data_type=REAL active_Q_l_towers=7 q_div=1073741953 q_l=1073741441 ratio_2^(2p)/(q_div*q_l)=1.00000023655603276 frozen_decoded_abs_tolerance=0.00100000000000000002 measured_max_logical_slot_error=7.87340883730737264e-09
2026-09-05T07:33:30.7666192Z 51/57 Test #51: mult2_composition_contract ......................   Passed    0.01 sec
2026-09-05T07:33:30.7666861Z test 52
2026-09-05T07:33:30.7667123Z       Start 52: mult2_e2e_hybrid_real
2026-09-05T07:33:30.7667323Z 
2026-09-05T07:33:30.7667593Z 52: Test command: /home/runner/work/20231788./20231788./build/mult2_e2e_oracle_test "hybrid_real"
2026-09-05T07:33:30.7668078Z 52: Working Directory: /home/runner/work/20231788./20231788./build
2026-09-05T07:33:30.7668600Z 52: Test timeout computed to be: 10000000
2026-09-05T07:33:30.8371198Z 52: [RELIN2-EXECUTION] q_div=1073741953 q_l=1073741441 ordinary_combined_relin_execution_error=9 pair_relin_execution_error=22 high_path_relin_error=13 low_path_relin_error=10 execution_relin2_triangle_bound=23 paper_additivity_residual=15 paper_additivity_execution_observed=true secret_h=44 input_Q_l=52656049226897061758347970843194892279389197066160739197584863617 oracle_basis_agreement=true
2026-09-05T07:33:30.8378205Z 52: case=hybrid_real security_level=HEStd_NotSet(functional-only) key_switch=HYBRID secret_key_dist=UNIFORM_TERNARY ckks_data_type=REAL selected_ring_dimension=64 actual_N=64 batch_size=16 host_vector_length=8 encoding_noise_scale_degree=2 encoding_level=0 scaling_technique=FIXEDMANUAL digit_size=0 max_relin_sk_deg=2 scaling_mod_size=30 first_mod_size=35 multiplicative_depth=7 active_Q_l_towers=7 Q_l_bits=215 preselection_required_bits=174 selection_reserve_bits=32 q_div=1073741953 q_l=1073741441 ratio_2^(2p)/(q_div*q_l)=1.00000023655603276 descriptor_ratio=1.00000023655603276 M_high=107367066 M_low=6442451699 secret_h=44 ordinary_combined_relin_execution_error=9 pair_relin_execution_error=22 high_path_relin_error=13 low_path_relin_error=10 execution_relin2_triangle_bound=23 paper_additivity_residual=15 paper_additivity_execution_observed=true execution_certificate=PER_PATH_CONDITIONAL conservative_E_Relin_available=false universal_theorem_gate=UNPROVED execution_nonwrap_left=850593456629104176497451416545946199 execution_nonwrap_right_Q_l_over_2=26328024613448530879173985421597446139694598533080369598792431808 coefficient_error=158830571205659551395/1152921231876374273 execution_bound=5364544993909171257051/2305842463752748546 fixed_key_bv_bound_available=false frozen_decoded_abs_tolerance=0.00100000000000000002 measured_recorded_bias_error=1.27048372794424935e-08 measured_logical_slot_error=1.27048342679625392e-08
2026-09-05T07:33:30.8382935Z 52/57 Test #52: mult2_e2e_hybrid_real ...........................   Passed    0.07 sec
2026-09-05T07:33:30.8383468Z test 53
2026-09-05T07:33:30.8383683Z       Start 53: mult2_e2e_hybrid_complex
2026-09-05T07:33:30.8383870Z 
2026-09-05T07:33:30.8384139Z 53: Test command: /home/runner/work/20231788./20231788./build/mult2_e2e_oracle_test "hybrid_complex"
2026-09-05T07:33:30.8384643Z 53: Working Directory: /home/runner/work/20231788./20231788./build
2026-09-05T07:33:30.8384989Z 53: Test timeout computed to be: 10000000
2026-09-05T07:33:30.9128528Z 53: [RELIN2-EXECUTION] q_div=1073741953 q_l=1073741441 ordinary_combined_relin_execution_error=16 pair_relin_execution_error=24 high_path_relin_error=11 low_path_relin_error=14 execution_relin2_triangle_bound=25 paper_additivity_residual=19 paper_additivity_execution_observed=true secret_h=39 input_Q_l=52656049226897061758347970843194892279389197066160739197584863617 oracle_basis_agreement=true
2026-09-05T07:33:30.9134936Z 53: case=hybrid_complex security_level=HEStd_NotSet(functional-only) key_switch=HYBRID secret_key_dist=UNIFORM_TERNARY ckks_data_type=COMPLEX selected_ring_dimension=64 actual_N=64 batch_size=16 host_vector_length=8 encoding_noise_scale_degree=2 encoding_level=0 scaling_technique=FIXEDMANUAL digit_size=0 max_relin_sk_deg=2 scaling_mod_size=30 first_mod_size=35 multiplicative_depth=7 active_Q_l_towers=7 Q_l_bits=215 preselection_required_bits=174 selection_reserve_bits=32 q_div=1073741953 q_l=1073741441 ratio_2^(2p)/(q_div*q_l)=1.00000023655603276 descriptor_ratio=1.00000023655603276 M_high=88152833 M_low=5368709773 secret_h=39 ordinary_combined_relin_execution_error=16 pair_relin_execution_error=24 high_path_relin_error=11 low_path_relin_error=14 execution_relin2_triangle_bound=25 paper_additivity_residual=19 paper_additivity_execution_observed=true execution_certificate=PER_PATH_CONDITIONAL conservative_E_Relin_available=false universal_theorem_gate=UNPROVED execution_nonwrap_left=573393037709679264067851628141752601 execution_nonwrap_right_Q_l_over_2=26328024613448530879173985421597446139694598533080369598792431808 coefficient_error=57908187650518560786/1152921231876374273 execution_bound=3735466561547073144282/2305842463752748546 fixed_key_bv_bound_available=false frozen_decoded_abs_tolerance=0.00100000000000000002 measured_recorded_bias_error=1.32248396874418439e-09 measured_logical_slot_error=1.32248365565800048e-09
2026-09-05T07:33:30.9142246Z 53/57 Test #53: mult2_e2e_hybrid_complex ........................   Passed    0.08 sec
2026-09-05T07:33:30.9142718Z test 54
2026-09-05T07:33:30.9142933Z       Start 54: mult2_e2e_bv_real
2026-09-05T07:33:30.9143111Z 
2026-09-05T07:33:30.9143515Z 54: Test command: /home/runner/work/20231788./20231788./build/mult2_e2e_oracle_test "bv_real"
2026-09-05T07:33:30.9144118Z 54: Working Directory: /home/runner/work/20231788./20231788./build
2026-09-05T07:33:30.9144692Z 54: Test timeout computed to be: 10000000
2026-09-05T07:33:30.9834452Z 54: [RELIN2-EXECUTION] q_div=1073741953 q_l=1073741441 ordinary_combined_relin_execution_error=162001892017 pair_relin_execution_error=383292287334 high_path_relin_error=253164011500 low_path_relin_error=207162435238 execution_relin2_triangle_bound=460326446738 paper_additivity_residual=432717924511 paper_additivity_execution_observed=false secret_h=45 input_Q_l=52656049226897061758347970843194892279389197066160739197584863617 oracle_basis_agreement=true
2026-09-05T07:33:30.9847848Z 54: case=bv_real security_level=HEStd_NotSet(functional-only) key_switch=BV secret_key_dist=UNIFORM_TERNARY ckks_data_type=REAL selected_ring_dimension=64 actual_N=64 batch_size=16 host_vector_length=8 encoding_noise_scale_degree=2 encoding_level=0 scaling_technique=FIXEDMANUAL digit_size=0 max_relin_sk_deg=2 scaling_mod_size=30 first_mod_size=35 multiplicative_depth=7 active_Q_l_towers=7 Q_l_bits=215 preselection_required_bits=174 selection_reserve_bits=32 q_div=1073741953 q_l=1073741441 ratio_2^(2p)/(q_div*q_l)=1.00000023655603276 descriptor_ratio=1.00000023655603276 M_high=107367067 M_low=4883576268 secret_h=45 ordinary_combined_relin_execution_error=162001892017 pair_relin_execution_error=383292287334 high_path_relin_error=253164011500 low_path_relin_error=207162435238 execution_relin2_triangle_bound=460326446738 paper_additivity_residual=432717924511 paper_additivity_execution_observed=false execution_certificate=PER_PATH_CONDITIONAL conservative_E_Relin_available=false universal_theorem_gate=UNPROVED execution_nonwrap_left=850593449470270938009147170666169042 execution_nonwrap_right_Q_l_over_2=26328024613448530879173985421597446139694598533080369598792431808 coefficient_error=421800697163574084586/1152921231876374273 execution_bound=4094290609710053816658/2305842463752748546 fixed_key_bv_bound_available=true fixed_key_bv_bound_status=CANDIDATE_FIXED_KEY_CIPHERTEXT_UNIFORM_CONDITIONAL_ON_CENTERED_DIGIT_LIFT fixed_key_bv_noise_scale=1 fixed_key_bv_active_rows=7 fixed_key_bv_raised_high_q_div_digit=ZERO fixed_key_bv_row_residual_norms=3,3,3,2,2,2,2 fixed_key_bv_per_path_raw_bound=3779570905088 fixed_key_bv_pair_raw_bound=7559141810176 fixed_key_bv_integer_lift_nonwrap=true fixed_key_bv_conservative_nonwrap_left=850593449470270938009154269481532480 fixed_key_bv_conservative_bound=19338882354358699645486/2305842463752748546 fixed_key_bv_final_integer_lift=1701186898940561214900647779379090094<56539009134152591222370164266759140395695978104921302317938424343356224001 fixed_key_bv_unconditional_gaussian_key_bound=false fixed_key_bv_universal_theorem_gate=UNPROVED centered_digit_boundary_probe=PASSED frozen_decoded_abs_tolerance=0.00100000000000000002 measured_recorded_bias_error=1.41415686256077531e-08 measured_logical_slot_error=1.41415652803351728e-08
2026-09-05T07:33:30.9855350Z 54/57 Test #54: mult2_e2e_bv_real ...............................   Passed    0.07 sec
2026-09-05T07:33:30.9855721Z test 55
2026-09-05T07:33:30.9855929Z       Start 55: mult2_e2e_bv_complex
2026-09-05T07:33:30.9856103Z 
2026-09-05T07:33:30.9856351Z 55: Test command: /home/runner/work/20231788./20231788./build/mult2_e2e_oracle_test "bv_complex"
2026-09-05T07:33:30.9856851Z 55: Working Directory: /home/runner/work/20231788./20231788./build
2026-09-05T07:33:30.9857301Z 55: Test timeout computed to be: 10000000
2026-09-05T07:33:31.0515837Z 55: [RELIN2-EXECUTION] q_div=1073741953 q_l=1073741441 ordinary_combined_relin_execution_error=252556844372 pair_relin_execution_error=381866567404 high_path_relin_error=244788778011 low_path_relin_error=220014893190 execution_relin2_triangle_bound=464803671201 paper_additivity_residual=486404962451 paper_additivity_execution_observed=false secret_h=45 input_Q_l=52656049226897061758347970843194892279389197066160739197584863617 oracle_basis_agreement=true
2026-09-05T07:33:31.0525750Z 55: case=bv_complex security_level=HEStd_NotSet(functional-only) key_switch=BV secret_key_dist=UNIFORM_TERNARY ckks_data_type=COMPLEX selected_ring_dimension=64 actual_N=64 batch_size=16 host_vector_length=8 encoding_noise_scale_degree=2 encoding_level=0 scaling_technique=FIXEDMANUAL digit_size=0 max_relin_sk_deg=2 scaling_mod_size=30 first_mod_size=35 multiplicative_depth=7 active_Q_l_towers=7 Q_l_bits=215 preselection_required_bits=174 selection_reserve_bits=32 q_div=1073741953 q_l=1073741441 ratio_2^(2p)/(q_div*q_l)=1.00000023655603276 descriptor_ratio=1.00000023655603276 M_high=88152832 M_low=5613380153 secret_h=45 ordinary_combined_relin_execution_error=252556844372 pair_relin_execution_error=381866567404 high_path_relin_error=244788778011 low_path_relin_error=220014893190 execution_relin2_triangle_bound=464803671201 paper_additivity_residual=486404962451 paper_additivity_execution_observed=false execution_certificate=PER_PATH_CONDITIONAL conservative_E_Relin_available=false universal_theorem_gate=UNPROVED execution_nonwrap_left=573393027664950528566863070884976865 execution_nonwrap_right_Q_l_over_2=26328024613448530879173985421597446139694598533080369598792431808 coefficient_error=434968497517884492933/1152921231876374273 execution_bound=5084477483008247244016/2305842463752748546 fixed_key_bv_bound_available=true fixed_key_bv_bound_status=CANDIDATE_FIXED_KEY_CIPHERTEXT_UNIFORM_CONDITIONAL_ON_CENTERED_DIGIT_LIFT fixed_key_bv_noise_scale=1 fixed_key_bv_active_rows=7 fixed_key_bv_raised_high_q_div_digit=ZERO fixed_key_bv_row_residual_norms=2,2,2,2,3,3,2 fixed_key_bv_per_path_raw_bound=2680059297792 fixed_key_bv_pair_raw_bound=5360118595584 fixed_key_bv_integer_lift_nonwrap=true fixed_key_bv_conservative_nonwrap_left=573393027664950528566867966199901248 fixed_key_bv_conservative_bound=15597087497922346724014/2305842463752748546 fixed_key_bv_final_integer_lift=1146786055329916654221223134509335342<56539009134152591222370164266759140395695978104921302317938424343356224001 fixed_key_bv_unconditional_gaussian_key_bound=false fixed_key_bv_universal_theorem_gate=UNPROVED centered_digit_boundary_probe=PASSED frozen_decoded_abs_tolerance=0.00100000000000000002 measured_recorded_bias_error=1.32248366202999421e-09 measured_logical_slot_error=1.32248334894388992e-09
2026-09-05T07:33:31.0533943Z 55/57 Test #55: mult2_e2e_bv_complex ............................   Passed    0.07 sec
2026-09-05T07:33:31.0534310Z test 56
2026-09-05T07:33:31.0534550Z       Start 56: mult2_pair_add_input_hybrid_complex
2026-09-05T07:33:31.0534763Z 
2026-09-05T07:33:31.0535078Z 56: Test command: /home/runner/work/20231788./20231788./build/mult2_e2e_oracle_test "pair_add_input_hybrid_complex"
2026-09-05T07:33:31.0535640Z 56: Working Directory: /home/runner/work/20231788./20231788./build
2026-09-05T07:33:31.0535998Z 56: Test timeout computed to be: 10000000
2026-09-05T07:33:31.1250472Z 56: [RELIN2-EXECUTION] q_div=1073741953 q_l=1073741441 ordinary_combined_relin_execution_error=14 pair_relin_execution_error=22 high_path_relin_error=12 low_path_relin_error=11 execution_relin2_triangle_bound=23 paper_additivity_residual=12 paper_additivity_execution_observed=true secret_h=43 input_Q_l=52656049226897061758347970843194892279389197066160739197584863617 oracle_basis_agreement=true
2026-09-05T07:33:31.1257683Z 56: case=pair_add_input_hybrid_complex security_level=HEStd_NotSet(functional-only) key_switch=HYBRID secret_key_dist=UNIFORM_TERNARY ckks_data_type=COMPLEX selected_ring_dimension=64 actual_N=64 batch_size=16 host_vector_length=8 encoding_noise_scale_degree=2 encoding_level=0 scaling_technique=FIXEDMANUAL digit_size=0 max_relin_sk_deg=2 scaling_mod_size=30 first_mod_size=35 multiplicative_depth=7 active_Q_l_towers=7 Q_l_bits=215 preselection_required_bits=174 selection_reserve_bits=32 q_div=1073741953 q_l=1073741441 ratio_2^(2p)/(q_div*q_l)=1.00000023655603276 descriptor_ratio=1.00000023655603276 M_high=89261193 M_low=7324899713 secret_h=43 ordinary_combined_relin_execution_error=14 pair_relin_execution_error=22 high_path_relin_error=12 low_path_relin_error=11 execution_relin2_triangle_bound=23 paper_additivity_residual=12 paper_additivity_execution_observed=true execution_certificate=PER_PATH_CONDITIONAL conservative_E_Relin_available=false universal_theorem_gate=UNPROVED execution_nonwrap_left=587902434456502870292827637622282519 execution_nonwrap_right_Q_l_over_2=26328024613448530879173985421597446139694598533080369598792431808 coefficient_error=163599234308127686112/1152921231876374273 execution_bound=6918460477356910341082/2305842463752748546 fixed_key_bv_bound_available=false frozen_decoded_abs_tolerance=0.00100000000000000002 measured_recorded_bias_error=6.60321956976594368e-10 measured_logical_slot_error=6.60321800773494942e-10
2026-09-05T07:33:31.1262652Z 56/57 Test #56: mult2_pair_add_input_hybrid_complex .............   Passed    0.07 sec
2026-09-05T07:33:31.1263037Z test 57
2026-09-05T07:33:31.1263403Z       Start 57: mult2_pair_sub_input_hybrid_complex
2026-09-05T07:33:31.1263609Z 
2026-09-05T07:33:31.1263931Z 57: Test command: /home/runner/work/20231788./20231788./build/mult2_e2e_oracle_test "pair_sub_input_hybrid_complex"
2026-09-05T07:33:31.1264481Z 57: Working Directory: /home/runner/work/20231788./20231788./build
2026-09-05T07:33:31.1264826Z 57: Test timeout computed to be: 10000000
2026-09-05T07:33:31.2051731Z 57: [RELIN2-EXECUTION] q_div=1073741953 q_l=1073741441 ordinary_combined_relin_execution_error=12 pair_relin_execution_error=23 high_path_relin_error=12 low_path_relin_error=13 execution_relin2_triangle_bound=25 paper_additivity_residual=16 paper_additivity_execution_observed=true secret_h=44 input_Q_l=52656049226897061758347970843194892279389197066160739197584863617 oracle_basis_agreement=true
2026-09-05T07:33:31.2059341Z 57: case=pair_sub_input_hybrid_complex security_level=HEStd_NotSet(functional-only) key_switch=HYBRID secret_key_dist=UNIFORM_TERNARY ckks_data_type=COMPLEX selected_ring_dimension=64 actual_N=64 batch_size=16 host_vector_length=8 encoding_noise_scale_degree=2 encoding_level=0 scaling_technique=FIXEDMANUAL digit_size=0 max_relin_sk_deg=2 scaling_mod_size=30 first_mod_size=35 multiplicative_depth=7 active_Q_l_towers=7 Q_l_bits=215 preselection_required_bits=174 selection_reserve_bits=32 q_div=1073741953 q_l=1073741441 ratio_2^(2p)/(q_div*q_l)=1.00000023655603276 descriptor_ratio=1.00000023655603276 M_high=89261193 M_low=11811161481 secret_h=44 ordinary_combined_relin_execution_error=12 pair_relin_execution_error=23 high_path_relin_error=12 low_path_relin_error=13 execution_relin2_triangle_bound=25 paper_additivity_residual=16 paper_additivity_execution_observed=true execution_certificate=PER_PATH_CONDITIONAL conservative_E_Relin_available=false universal_theorem_gate=UNPROVED execution_nonwrap_left=587902489493817110315547299570438425 execution_nonwrap_right_Q_l_over_2=26328024613448530879173985421597446139694598533080369598792431808 coefficient_error=224937118290856983751/1152921231876374273 execution_bound=17908334003361162450143/2305842463752748546 fixed_key_bv_bound_available=false frozen_decoded_abs_tolerance=0.00100000000000000002 measured_recorded_bias_error=8.5264934545897308e-10 measured_logical_slot_error=8.52649142415138717e-10
2026-09-05T07:33:31.2064849Z 57/57 Test #57: mult2_pair_sub_input_hybrid_complex .............   Passed    0.08 sec
2026-09-05T07:33:31.2065391Z 
2026-09-05T07:33:31.2065552Z The following tests passed:
2026-09-05T07:33:31.2065975Z 	dcp_rcb
2026-09-05T07:33:31.2066300Z 	precision_dcp_rcb_high_precision_contract
2026-09-05T07:33:31.2066945Z 	precision_first_mult2_high_precision_contract
2026-09-05T07:33:31.2067236Z 	pair_add_runtime_behavior
2026-09-05T07:33:31.2067471Z 	pair_sub_runtime_behavior
2026-09-05T07:33:31.2067719Z 	pair_arithmetic_controlled_oracle
2026-09-05T07:33:31.2067995Z 	pair_arithmetic_public_lifecycles_keyless
2026-09-05T07:33:31.2068281Z 	pair_arithmetic_compatibility_rejections
2026-09-05T07:33:31.2068568Z 	tensor2_valid_arithmetic_immutability
2026-09-05T07:33:31.2068849Z 	tensor2_result_scale_contract
2026-09-05T07:33:31.2069097Z 	tensor2_right_input_validation
2026-09-05T07:33:31.2069350Z 	tensor2_mutual_compatibility
2026-09-05T07:33:31.2069648Z 	tensor2_prearithmetic_key_compatibility
2026-09-05T07:33:31.2069929Z 	relin2_tensor_validation_order
2026-09-05T07:33:31.2070187Z 	relin2_insufficient_active_basis
2026-09-05T07:33:31.2070440Z 	relin2_missing_eval_key
2026-09-05T07:33:31.2070662Z 	relin2_key_empty
2026-09-05T07:33:31.2070873Z 	relin2_key_null_first
2026-09-05T07:33:31.2071204Z 	relin2_key_wrong_context
2026-09-05T07:33:31.2071519Z 	relin2_key_wrong_tag
2026-09-05T07:33:31.2071849Z 	relin2_key_wrong_subtype
2026-09-05T07:33:31.2072221Z 	relin2_key_hybrid_a_length
2026-09-05T07:33:31.2072623Z 	relin2_key_hybrid_b_length
2026-09-05T07:33:31.2072992Z 	relin2_key_hybrid_entry_basis
2026-09-05T07:33:31.2073508Z 	relin2_key_hybrid_entry_format
2026-09-05T07:33:31.2073929Z 	relin2_key_bv_zero_digit_a_length
2026-09-05T07:33:31.2074361Z 	relin2_key_bv_zero_digit_b_length
2026-09-05T07:33:31.2074755Z 	relin2_key_bv_nonzero_digit_a_length
2026-09-05T07:33:31.2075205Z 	relin2_key_bv_nonzero_digit_b_length
2026-09-05T07:33:31.2075610Z 	relin2_key_bv_zero_digit_entry_basis
2026-09-05T07:33:31.2075889Z 	relin2_key_bv_nonzero_digit_entry_basis
2026-09-05T07:33:31.2076164Z 	relin2_key_bv_zero_digit_entry_format
2026-09-05T07:33:31.2076436Z 	relin2_key_bv_nonzero_digit_entry_format
2026-09-05T07:33:31.2076719Z 	relin2_valid_arithmetic_state_immutability
2026-09-05T07:33:31.2077023Z 	relin2_controlled_witnesses_and_boundaries
2026-09-05T07:33:31.2077307Z 	relin2_representative_public_input
2026-09-05T07:33:31.2077568Z 	relin2_key_extra_later_valid
2026-09-05T07:33:31.2077814Z 	relin2_key_malformed_later_ignored
2026-09-05T07:33:31.2078078Z 	relin2_hybrid_valid_shapes
2026-09-05T07:33:31.2078320Z 	relin2_bv_zero_digit_valid_shapes
2026-09-05T07:33:31.2078582Z 	relin2_bv_nonzero_digit_valid_shapes
2026-09-05T07:33:31.2078851Z 	relin2_first_recombined_rcb_validation
2026-09-05T07:33:31.2079136Z 	relin2_first_recombined_tensor2_validation
2026-09-05T07:33:31.2079420Z 	relin2_tensor2_requires_first_lifecycle
2026-09-05T07:33:31.2079931Z 	rs2_wrong_lifecycle
2026-09-05T07:33:31.2080168Z 	rs2_valid_arithmetic_state_immutability
2026-09-05T07:33:31.2080439Z 	rs2_mixed_tower_format
2026-09-05T07:33:31.2080686Z 	rs2_untouched_public_pipeline
2026-09-05T07:33:31.2080940Z 	rs2_declared_basis_mismatch
2026-09-05T07:33:31.2081181Z 	rs2_terminal_rejections
2026-09-05T07:33:31.2081418Z 	mult2_composition_contract
2026-09-05T07:33:31.2081671Z 	mult2_e2e_hybrid_real
2026-09-05T07:33:31.2081898Z 	mult2_e2e_hybrid_complex
2026-09-05T07:33:31.2082125Z 	mult2_e2e_bv_real
2026-09-05T07:33:31.2082331Z 	mult2_e2e_bv_complex
2026-09-05T07:33:31.2082560Z 	mult2_pair_add_input_hybrid_complex
2026-09-05T07:33:31.2082836Z 	mult2_pair_sub_input_hybrid_complex
2026-09-05T07:33:31.2083003Z 
2026-09-05T07:33:31.2083117Z 100% tests passed, 0 tests failed out of 57
2026-09-05T07:33:31.2083624Z 
2026-09-05T07:33:31.2083727Z Total Test time (real) =   1.28 sec
2026-09-05T07:33:31.2181795Z ##[group]Run cmake --build build --target mult2_api_contract_test --parallel 2
2026-09-05T07:33:31.2182306Z [36;1mcmake --build build --target mult2_api_contract_test --parallel 2[0m
2026-09-05T07:33:31.2202999Z shell: /usr/bin/bash -e {0}
2026-09-05T07:33:31.2203442Z env:
2026-09-05T07:33:31.2203742Z   OPENFHE_COMMIT: df495ba2e91739a6dc8f1de254fc5a41155ce504
2026-09-05T07:33:31.2204165Z   OPENFHE_PREFIX: /home/runner/work/20231788./20231788./.ci/openfhe-install
2026-09-05T07:33:31.2204664Z ##[endgroup]
2026-09-05T07:33:31.2493668Z [ 60%] Built target openfhe_2023_1788
2026-09-05T07:33:31.2548473Z [ 80%] Building CXX object CMakeFiles/mult2_api_contract_test.dir/tests/mult2_api_contract_test.cpp.o
2026-09-05T07:33:33.6075714Z [100%] Linking CXX executable mult2_api_contract_test
2026-09-05T07:33:33.6682720Z [100%] Built target mult2_api_contract_test
2026-09-05T07:33:33.6735184Z ##[group]Run cmake --build build --target add_api_contract_test --parallel 2
2026-09-05T07:33:33.6735692Z [36;1mcmake --build build --target add_api_contract_test --parallel 2[0m
2026-09-05T07:33:33.6756669Z shell: /usr/bin/bash -e {0}
2026-09-05T07:33:33.6756931Z env:
2026-09-05T07:33:33.6757208Z   OPENFHE_COMMIT: df495ba2e91739a6dc8f1de254fc5a41155ce504
2026-09-05T07:33:33.6757631Z   OPENFHE_PREFIX: /home/runner/work/20231788./20231788./.ci/openfhe-install
2026-09-05T07:33:33.6757993Z ##[endgroup]
2026-09-05T07:33:33.7041520Z [ 60%] Built target openfhe_2023_1788
2026-09-05T07:33:33.7097682Z [ 80%] Building CXX object CMakeFiles/add_api_contract_test.dir/tests/add_api_contract_test.cpp.o
2026-09-05T07:33:36.0383080Z [100%] Linking CXX executable add_api_contract_test
2026-09-05T07:33:36.1006110Z [100%] Built target add_api_contract_test
2026-09-05T07:33:36.1058314Z ##[group]Run cmake --build build --target sub_api_contract_test --parallel 2
2026-09-05T07:33:36.1058874Z [36;1mcmake --build build --target sub_api_contract_test --parallel 2[0m
2026-09-05T07:33:36.1080336Z shell: /usr/bin/bash -e {0}
2026-09-05T07:33:36.1080608Z env:
2026-09-05T07:33:36.1080884Z   OPENFHE_COMMIT: df495ba2e91739a6dc8f1de254fc5a41155ce504
2026-09-05T07:33:36.1081309Z   OPENFHE_PREFIX: /home/runner/work/20231788./20231788./.ci/openfhe-install
2026-09-05T07:33:36.1081667Z ##[endgroup]
2026-09-05T07:33:36.1373896Z [ 60%] Built target openfhe_2023_1788
2026-09-05T07:33:36.1431458Z [ 80%] Building CXX object CMakeFiles/sub_api_contract_test.dir/tests/sub_api_contract_test.cpp.o
2026-09-05T07:33:38.4634723Z [100%] Linking CXX executable sub_api_contract_test
2026-09-05T07:33:38.5258128Z [100%] Built target sub_api_contract_test
2026-09-05T07:33:38.5306196Z ##[group]Run cmake --build build --target precision_client_io_first_mult2_contract_test --parallel 2
2026-09-05T07:33:38.5306855Z [36;1mcmake --build build --target precision_client_io_first_mult2_contract_test --parallel 2[0m
2026-09-05T07:33:38.5328306Z shell: /usr/bin/bash -e {0}
2026-09-05T07:33:38.5328566Z env:
2026-09-05T07:33:38.5328844Z   OPENFHE_COMMIT: df495ba2e91739a6dc8f1de254fc5a41155ce504
2026-09-05T07:33:38.5329271Z   OPENFHE_PREFIX: /home/runner/work/20231788./20231788./.ci/openfhe-install
2026-09-05T07:33:38.5329628Z ##[endgroup]
2026-09-05T07:33:38.5611701Z [ 60%] Built target openfhe_2023_1788
2026-09-05T07:33:38.5667918Z [ 80%] Building CXX object CMakeFiles/precision_client_io_first_mult2_contract_test.dir/tests/precision_client_io_first_mult2_contract_test.cpp.o
2026-09-05T07:33:56.9023153Z [100%] Linking CXX executable precision_client_io_first_mult2_contract_test
2026-09-05T07:33:57.0564371Z [100%] Built target precision_client_io_first_mult2_contract_test
2026-09-05T07:33:57.0618000Z ##[group]Run ctest --test-dir build --verbose --output-on-failure -R '^precision_client_io_first_mult2_contract$'
2026-09-05T07:33:57.0618878Z [36;1mctest --test-dir build --verbose --output-on-failure -R '^precision_client_io_first_mult2_contract$'[0m
2026-09-05T07:33:57.0643463Z shell: /usr/bin/bash -e {0}
2026-09-05T07:33:57.0643787Z env:
2026-09-05T07:33:57.0644109Z   OPENFHE_COMMIT: df495ba2e91739a6dc8f1de254fc5a41155ce504
2026-09-05T07:33:57.0644625Z   OPENFHE_PREFIX: /home/runner/work/20231788./20231788./.ci/openfhe-install
2026-09-05T07:33:57.0645057Z ##[endgroup]
2026-09-05T07:33:57.0695398Z Internal ctest changing into directory: /home/runner/work/20231788./20231788./build
2026-09-05T07:33:57.0696028Z UpdateCTestConfiguration  from :/home/runner/work/20231788./20231788./build/DartConfiguration.tcl
2026-09-05T07:33:57.0697012Z UpdateCTestConfiguration  from :/home/runner/work/20231788./20231788./build/DartConfiguration.tcl
2026-09-05T07:33:57.0697932Z Test project /home/runner/work/20231788./20231788./build
2026-09-05T07:33:57.0698253Z Constructing a list of tests
2026-09-05T07:33:57.0705602Z Done constructing a list of tests
2026-09-05T07:33:57.0705978Z Updating test list for fixtures
2026-09-05T07:33:57.0706297Z Added 0 tests to meet fixture requirements
2026-09-05T07:33:57.0706993Z Checking test dependency graph...
2026-09-05T07:33:57.0707297Z Checking test dependency graph end
2026-09-05T07:33:57.0707731Z test 58
2026-09-05T07:33:57.0708111Z     Start 58: precision_client_io_first_mult2_contract
2026-09-05T07:33:57.0708446Z 
2026-09-05T07:33:57.0708801Z 58: Test command: /home/runner/work/20231788./20231788./build/precision_client_io_first_mult2_contract_test
2026-09-05T07:33:57.0709430Z 58: Working Directory: /home/runner/work/20231788./20231788./build
2026-09-05T07:33:57.0709784Z 58: Test timeout computed to be: 10000000
2026-09-05T07:33:57.2550933Z 58: test=precision_client_io_first_mult2_contract result=PASS source=f1ea03f35a6a553d65db30c93e771738f6bc0e1d openfhe_pin=df495ba2e91739a6dc8f1de254fc5a41155ce504 claim_scope=low-N-first-operation-production-io-diagnostic N=64 S=16 gap=2 native=64 backend=4 depth=7 scaling_bits=50 first_bits=55 key_switch=HYBRID scaling=FIXEDMANUAL data=COMPLEX execution=EXEC_EVALUATION decrypt_noise=FIXED_NOISE_DECRYPT encryption=STANDARD multiplication=HPS PRE=NOT_SET noise_scale=1 secret=UNIFORM_TERNARY security=HEStd_NotSet fresh_keypairs=1 eval_keygen_calls=1 q_div=1125899906843009 q_l=1125899906840833 exact_scale_numerator=1606938044258990275541962092341162602522202993782792835301376 exact_scale_denominator=1267650600226646386227681786497 max_fresh_public_error=2.93496423422780285910436490812640057771807193e-28 max_fresh_oracle_error=2.93496423422780285910436490812640057771807193e-28 max_product_public_error=3.03286191286665493188920735452596709796007384e-28 max_product_oracle_error=3.03286191286665493188920735452596709796007384e-28 input_public_delta_error=2.17142553550490891895127194756229386299890204e-28 input_oracle_delta_error=2.17142553550490891895127194756229386299890204e-28 product_public_delta_error=2.51464458263122517503512252175098500021528563e-28 product_oracle_delta_error=2.51464458263122517503512252175098500021528563e-28 max_horner_component_disagreement=1.032506025503206956592e-107 cross_precision_error=9.69978346078924437746264140224625370278691105e-166 centered_headroom=32592575621437030210620824512759899172413712944662430971418726595098153787900901747269577033 malformed_key_rejections=32
2026-09-05T07:33:57.2556961Z 58: first_modulus_boundary_fixture ready=1 actual_first_bits=56 Q_towers=8 N=64 M=128 fixture_new_keypairs=0
2026-09-05T07:33:57.3142039Z 58: terminate called after throwing an instance of 'lossless_client_io_test::TestFailure'
2026-09-05T07:33:57.3143090Z 58:   what():  required rejection was accepted: HighPrecisionClientIO: unsupported diagnostic Q basis
2026-09-05T07:33:57.4688947Z 1/1 Test #58: precision_client_io_first_mult2_contract ...Subprocess aborted***Exception:   0.40 sec
2026-09-05T07:33:57.4707504Z test=precision_client_io_first_mult2_contract result=PASS source=f1ea03f35a6a553d65db30c93e771738f6bc0e1d openfhe_pin=df495ba2e91739a6dc8f1de254fc5a41155ce504 claim_scope=low-N-first-operation-production-io-diagnostic N=64 S=16 gap=2 native=64 backend=4 depth=7 scaling_bits=50 first_bits=55 key_switch=HYBRID scaling=FIXEDMANUAL data=COMPLEX execution=EXEC_EVALUATION decrypt_noise=FIXED_NOISE_DECRYPT encryption=STANDARD multiplication=HPS PRE=NOT_SET noise_scale=1 secret=UNIFORM_TERNARY security=HEStd_NotSet fresh_keypairs=1 eval_keygen_calls=1 q_div=1125899906843009 q_l=1125899906840833 exact_scale_numerator=1606938044258990275541962092341162602522202993782792835301376 exact_scale_denominator=1267650600226646386227681786497 max_fresh_public_error=2.93496423422780285910436490812640057771807193e-28 max_fresh_oracle_error=2.93496423422780285910436490812640057771807193e-28 max_product_public_error=3.03286191286665493188920735452596709796007384e-28 max_product_oracle_error=3.03286191286665493188920735452596709796007384e-28 input_public_delta_error=2.17142553550490891895127194756229386299890204e-28 input_oracle_delta_error=2.17142553550490891895127194756229386299890204e-28 product_public_delta_error=2.51464458263122517503512252175098500021528563e-28 product_oracle_delta_error=2.51464458263122517503512252175098500021528563e-28 max_horner_component_disagreement=1.032506025503206956592e-107 cross_precision_error=9.69978346078924437746264140224625370278691105e-166 centered_headroom=32592575621437030210620824512759899172413712944662430971418726595098153787900901747269577033 malformed_key_rejections=32
2026-09-05T07:33:57.4712885Z Errors while running CTest
2026-09-05T07:33:57.4727869Z first_modulus_boundary_fixture ready=1 actual_first_bits=56 Q_towers=8 N=64 M=128 fixture_new_keypairs=0
2026-09-05T07:33:57.4728951Z terminate called after throwing an instance of 'lossless_client_io_test::TestFailure'
2026-09-05T07:33:57.4729983Z   what():  required rejection was accepted: HighPrecisionClientIO: unsupported diagnostic Q basis
2026-09-05T07:33:57.4734109Z 
2026-09-05T07:33:57.4734118Z 
2026-09-05T07:33:57.4734328Z 0% tests passed, 1 tests failed out of 1
2026-09-05T07:33:57.4734630Z 
2026-09-05T07:33:57.4734793Z Total Test time (real) =   0.40 sec
2026-09-05T07:33:57.4743597Z 
2026-09-05T07:33:57.4743815Z The following tests FAILED:
2026-09-05T07:33:57.4744454Z 	 58 - precision_client_io_first_mult2_contract (Subprocess aborted)
2026-09-05T07:33:57.4760467Z ##[error]Process completed with exit code 8.
2026-09-05T07:33:57.4911431Z Node 20 is being deprecated. This workflow is running with Node 24 by default. If you need to temporarily use Node 20, you can set the ACTIONS_ALLOW_USE_UNSECURE_NODE_VERSION=true environment variable. For more information see: https://github.blog/changelog/2025-09-19-deprecation-of-node-20-on-github-actions-runners/
2026-09-05T07:33:57.4913509Z Post job cleanup.
2026-09-05T07:33:57.5908361Z [command]/usr/bin/git version
2026-09-05T07:33:57.5953756Z git version 2.55.0
2026-09-05T07:33:57.5999279Z Temporarily overriding HOME='/home/runner/work/_temp/17e420e4-d63a-467a-8150-7db67d0a3183' before making global git config changes
2026-09-05T07:33:57.6000644Z Adding repository directory to the temporary git global config as a safe directory
2026-09-05T07:33:57.6006010Z [command]/usr/bin/git config --global --add safe.directory /home/runner/work/20231788./20231788./.ci/openfhe-src
2026-09-05T07:33:57.6050620Z [command]/usr/bin/git config --local --name-only --get-regexp core\.sshCommand
2026-09-05T07:33:57.6093079Z [command]/usr/bin/git submodule foreach --recursive sh -c "git config --local --name-only --get-regexp 'core\.sshCommand' && git config --local --unset-all 'core.sshCommand' || :"
2026-09-05T07:33:57.6338927Z Entering 'third-party/cereal'
2026-09-05T07:33:57.6381429Z Entering 'third-party/google-benchmark'
2026-09-05T07:33:57.6419930Z Entering 'third-party/google-test'
2026-09-05T07:33:57.6460703Z Entering 'third-party/gperftools'
2026-09-05T07:33:57.6523765Z [command]/usr/bin/git config --local --name-only --get-regexp http\.https\:\/\/github\.com\/\.extraheader
2026-09-05T07:33:57.6548525Z http.https://github.com/.extraheader
2026-09-05T07:33:57.6559126Z [command]/usr/bin/git config --local --unset-all http.https://github.com/.extraheader
2026-09-05T07:33:57.6588514Z [command]/usr/bin/git submodule foreach --recursive sh -c "git config --local --name-only --get-regexp 'http\.https\:\/\/github\.com\/\.extraheader' && git config --local --unset-all 'http.https://github.com/.extraheader' || :"
2026-09-05T07:33:57.6765046Z Entering 'third-party/cereal'
2026-09-05T07:33:57.6786020Z http.https://github.com/.extraheader
2026-09-05T07:33:57.6829251Z Entering 'third-party/google-benchmark'
2026-09-05T07:33:57.6851411Z http.https://github.com/.extraheader
2026-09-05T07:33:57.6879184Z Entering 'third-party/google-test'
2026-09-05T07:33:57.6903969Z http.https://github.com/.extraheader
2026-09-05T07:33:57.6930394Z Entering 'third-party/gperftools'
2026-09-05T07:33:57.6954242Z http.https://github.com/.extraheader
2026-09-05T07:33:57.6996537Z [command]/usr/bin/git config --local --name-only --get-regexp ^includeIf\.gitdir:
2026-09-05T07:33:57.7030071Z [command]/usr/bin/git submodule foreach --recursive git config --local --show-origin --name-only --get-regexp remote.origin.url
2026-09-05T07:33:57.7215813Z Entering 'third-party/cereal'
2026-09-05T07:33:57.7234154Z file:/home/runner/work/20231788./20231788./.ci/openfhe-src/.git/modules/third-party/cereal/config	remote.origin.url
2026-09-05T07:33:57.7248794Z Entering 'third-party/google-benchmark'
2026-09-05T07:33:57.7266671Z file:/home/runner/work/20231788./20231788./.ci/openfhe-src/.git/modules/third-party/google-benchmark/config	remote.origin.url
2026-09-05T07:33:57.7281279Z Entering 'third-party/google-test'
2026-09-05T07:33:57.7299082Z file:/home/runner/work/20231788./20231788./.ci/openfhe-src/.git/modules/third-party/google-test/config	remote.origin.url
2026-09-05T07:33:57.7314053Z Entering 'third-party/gperftools'
2026-09-05T07:33:57.7331106Z file:/home/runner/work/20231788./20231788./.ci/openfhe-src/.git/modules/third-party/gperftools/config	remote.origin.url
2026-09-05T07:33:57.7366720Z [command]/usr/bin/git config --file /home/runner/work/20231788./20231788./.ci/openfhe-src/.git/modules/third-party/cereal/config --name-only --get-regexp ^includeIf\.gitdir:
2026-09-05T07:33:57.7401476Z [command]/usr/bin/git config --file /home/runner/work/20231788./20231788./.ci/openfhe-src/.git/modules/third-party/google-benchmark/config --name-only --get-regexp ^includeIf\.gitdir:
2026-09-05T07:33:57.7428722Z [command]/usr/bin/git config --file /home/runner/work/20231788./20231788./.ci/openfhe-src/.git/modules/third-party/google-test/config --name-only --get-regexp ^includeIf\.gitdir:
2026-09-05T07:33:57.7458237Z [command]/usr/bin/git config --file /home/runner/work/20231788./20231788./.ci/openfhe-src/.git/modules/third-party/gperftools/config --name-only --get-regexp ^includeIf\.gitdir:
2026-09-05T07:33:57.7621687Z Node 20 is being deprecated. This workflow is running with Node 24 by default. If you need to temporarily use Node 20, you can set the ACTIONS_ALLOW_USE_UNSECURE_NODE_VERSION=true environment variable. For more information see: https://github.blog/changelog/2025-09-19-deprecation-of-node-20-on-github-actions-runners/
2026-09-05T07:33:57.7622809Z Post job cleanup.
2026-09-05T07:33:57.8452755Z [command]/usr/bin/git version
2026-09-05T07:33:57.8490998Z git version 2.55.0
2026-09-05T07:33:57.8526818Z Temporarily overriding HOME='/home/runner/work/_temp/b4adc429-a159-4b87-876f-4be7af131b60' before making global git config changes
2026-09-05T07:33:57.8528223Z Adding repository directory to the temporary git global config as a safe directory
2026-09-05T07:33:57.8532353Z [command]/usr/bin/git config --global --add safe.directory /home/runner/work/20231788./20231788.
2026-09-05T07:33:57.8567022Z [command]/usr/bin/git config --local --name-only --get-regexp core\.sshCommand
2026-09-05T07:33:57.8597095Z [command]/usr/bin/git submodule foreach --recursive sh -c "git config --local --name-only --get-regexp 'core\.sshCommand' && git config --local --unset-all 'core.sshCommand' || :"
2026-09-05T07:33:57.8799771Z [command]/usr/bin/git config --local --name-only --get-regexp http\.https\:\/\/github\.com\/\.extraheader
2026-09-05T07:33:57.8819005Z http.https://github.com/.extraheader
2026-09-05T07:33:57.8829047Z [command]/usr/bin/git config --local --unset-all http.https://github.com/.extraheader
2026-09-05T07:33:57.8856710Z [command]/usr/bin/git submodule foreach --recursive sh -c "git config --local --name-only --get-regexp 'http\.https\:\/\/github\.com\/\.extraheader' && git config --local --unset-all 'http.https://github.com/.extraheader' || :"
2026-09-05T07:33:57.9043638Z [command]/usr/bin/git config --local --name-only --get-regexp ^includeIf\.gitdir:
2026-09-05T07:33:57.9078053Z [command]/usr/bin/git submodule foreach --recursive git config --local --show-origin --name-only --get-regexp remote.origin.url
2026-09-05T07:33:57.9419914Z Cleaning up orphan processes
2026-09-05T07:33:57.9682487Z ##[warning]Node.js 20 is deprecated. The following actions target Node.js 20 but are being forced to run on Node.js 24: actions/cache@v4, actions/checkout@v4. For more information see: https://github.blog/changelog/2025-09-19-deprecation-of-node-20-on-github-actions-runners/
