linux-gcc	Set up job	﻿2026-09-06T13:45:06.8551817Z Current runner version: '2.337.0'
linux-gcc	Set up job	2026-09-06T13:45:06.8578636Z ##[group]Runner Image Provisioner
linux-gcc	Set up job	2026-09-06T13:45:06.8579605Z Hosted Compute Agent
linux-gcc	Set up job	2026-09-06T13:45:06.8580296Z Version: 20260828.587
linux-gcc	Set up job	2026-09-06T13:45:06.8580943Z Commit: abac92662cab4cc7352de4f9f9d2e2419aad9c29
linux-gcc	Set up job	2026-09-06T13:45:06.8581685Z Build Date: 2026-08-28T16:44:25Z
linux-gcc	Set up job	2026-09-06T13:45:06.8582439Z Worker ID: {1cf9929c-9dd0-4f50-987d-04b115c3c4e3}
linux-gcc	Set up job	2026-09-06T13:45:06.8583186Z Azure Region: westus
linux-gcc	Set up job	2026-09-06T13:45:06.8583784Z ##[endgroup]
linux-gcc	Set up job	2026-09-06T13:45:06.8585508Z ##[group]Operating System
linux-gcc	Set up job	2026-09-06T13:45:06.8586185Z Ubuntu
linux-gcc	Set up job	2026-09-06T13:45:06.8586837Z 24.04.4
linux-gcc	Set up job	2026-09-06T13:45:06.8587437Z LTS
linux-gcc	Set up job	2026-09-06T13:45:06.8587992Z ##[endgroup]
linux-gcc	Set up job	2026-09-06T13:45:06.8588569Z ##[group]Runner Image
linux-gcc	Set up job	2026-09-06T13:45:06.8589181Z Image: ubuntu-24.04
linux-gcc	Set up job	2026-09-06T13:45:06.8589801Z Version: 20260831.293.1
linux-gcc	Set up job	2026-09-06T13:45:06.8591028Z Included Software: https://github.com/actions/runner-images/blob/ubuntu24/20260831.293/images/ubuntu/Ubuntu2404-Readme.md
linux-gcc	Set up job	2026-09-06T13:45:06.8592844Z Image Release: https://github.com/actions/runner-images/releases/tag/ubuntu24%2F20260831.293
linux-gcc	Set up job	2026-09-06T13:45:06.8593830Z ##[endgroup]
linux-gcc	Set up job	2026-09-06T13:45:06.8595025Z ##[group]GITHUB_TOKEN Permissions
linux-gcc	Set up job	2026-09-06T13:45:06.8597137Z Contents: read
linux-gcc	Set up job	2026-09-06T13:45:06.8597891Z Metadata: read
linux-gcc	Set up job	2026-09-06T13:45:06.8598471Z ##[endgroup]
linux-gcc	Set up job	2026-09-06T13:45:06.8600514Z Secret source: Actions
linux-gcc	Set up job	2026-09-06T13:45:06.8601774Z Prepare workflow directory
linux-gcc	Set up job	2026-09-06T13:45:06.9174212Z Prepare all required actions
linux-gcc	Set up job	2026-09-06T13:45:06.9224698Z Getting action download info
linux-gcc	Set up job	2026-09-06T13:45:07.2601818Z Download action repository 'actions/checkout@11d5960a326750d5838078e36cf38b85af677262' (SHA:11d5960a326750d5838078e36cf38b85af677262)
linux-gcc	Set up job	2026-09-06T13:45:07.3872663Z Download action repository 'actions/setup-python@a26af69be951a213d495a4c3e4e4022e16d87065' (SHA:a26af69be951a213d495a4c3e4e4022e16d87065)
linux-gcc	Set up job	2026-09-06T13:45:07.4747557Z Download action repository 'actions/cache@0057852bfaa89a56745cba8c7296529d2fc39830' (SHA:0057852bfaa89a56745cba8c7296529d2fc39830)
linux-gcc	Set up job	2026-09-06T13:45:07.5815897Z Download action repository 'actions/upload-artifact@ea165f8d65b6e75b540449e92b4886f43607fa02' (SHA:ea165f8d65b6e75b540449e92b4886f43607fa02)
linux-gcc	Set up job	2026-09-06T13:45:07.8178074Z Complete job name: linux-gcc
linux-gcc	Check out exact tested source	﻿2026-09-06T13:45:07.8996224Z Node 20 is being deprecated. This workflow is running with Node 24 by default. If you need to temporarily use Node 20, you can set the ACTIONS_ALLOW_USE_UNSECURE_NODE_VERSION=true environment variable. For more information see: https://github.blog/changelog/2025-09-19-deprecation-of-node-20-on-github-actions-runners/
linux-gcc	Check out exact tested source	2026-09-06T13:45:07.9006291Z ##[group]Run actions/checkout@11d5960a326750d5838078e36cf38b85af677262
linux-gcc	Check out exact tested source	2026-09-06T13:45:07.9007423Z with:
linux-gcc	Check out exact tested source	2026-09-06T13:45:07.9007975Z   ref: 3eff15009abd02825b7e0da54c93f80d58f1be78
linux-gcc	Check out exact tested source	2026-09-06T13:45:07.9008668Z   persist-credentials: false
linux-gcc	Check out exact tested source	2026-09-06T13:45:07.9009232Z   fetch-depth: 1
linux-gcc	Check out exact tested source	2026-09-06T13:45:07.9009724Z   repository: leemaple/20231788.
linux-gcc	Check out exact tested source	2026-09-06T13:45:07.9014217Z   token: ***
linux-gcc	Check out exact tested source	2026-09-06T13:45:07.9014732Z   ssh-strict: true
linux-gcc	Check out exact tested source	2026-09-06T13:45:07.9015573Z   ssh-user: git
linux-gcc	Check out exact tested source	2026-09-06T13:45:07.9016071Z   clean: true
linux-gcc	Check out exact tested source	2026-09-06T13:45:07.9016565Z   sparse-checkout-cone-mode: true
linux-gcc	Check out exact tested source	2026-09-06T13:45:07.9017167Z   fetch-tags: false
linux-gcc	Check out exact tested source	2026-09-06T13:45:07.9017651Z   show-progress: true
linux-gcc	Check out exact tested source	2026-09-06T13:45:07.9018219Z   lfs: false
linux-gcc	Check out exact tested source	2026-09-06T13:45:07.9018659Z   submodules: false
linux-gcc	Check out exact tested source	2026-09-06T13:45:07.9019140Z   set-safe-directory: true
linux-gcc	Check out exact tested source	2026-09-06T13:45:07.9019703Z   allow-unsafe-pr-checkout: false
linux-gcc	Check out exact tested source	2026-09-06T13:45:07.9020721Z env:
linux-gcc	Check out exact tested source	2026-09-06T13:45:07.9021324Z   OPENFHE_COMMIT: df495ba2e91739a6dc8f1de254fc5a41155ce504
linux-gcc	Check out exact tested source	2026-09-06T13:45:07.9022084Z   RUN_ENDPOINT_COMPLETE_GATE: 1
linux-gcc	Check out exact tested source	2026-09-06T13:45:07.9022670Z   RUN_ENDPOINT_NEGATIVE_GATE: 1
linux-gcc	Check out exact tested source	2026-09-06T13:45:07.9023263Z   RUN_ENDPOINT_CPP_INTEROP_GATE: 1
linux-gcc	Check out exact tested source	2026-09-06T13:45:07.9023872Z   PYTHONDONTWRITEBYTECODE: 1
linux-gcc	Check out exact tested source	2026-09-06T13:45:07.9024422Z   OMP_NUM_THREADS: 2
linux-gcc	Check out exact tested source	2026-09-06T13:45:07.9024917Z   ENDPOINT_TEST_HOST: linux
linux-gcc	Check out exact tested source	2026-09-06T13:45:07.9025874Z   OPENFHE_PREFIX: /home/runner/work/20231788./20231788./.ci/openfhe-install
linux-gcc	Check out exact tested source	2026-09-06T13:45:07.9027023Z ##[endgroup]
linux-gcc	Check out exact tested source	2026-09-06T13:45:08.0147019Z Syncing repository: leemaple/20231788.
linux-gcc	Check out exact tested source	2026-09-06T13:45:08.0150501Z ##[group]Getting Git version info
linux-gcc	Check out exact tested source	2026-09-06T13:45:08.0152242Z Working directory is '/home/runner/work/20231788./20231788.'
linux-gcc	Check out exact tested source	2026-09-06T13:45:08.0154193Z [command]/usr/bin/git version
linux-gcc	Check out exact tested source	2026-09-06T13:45:08.0203387Z git version 2.55.0
linux-gcc	Check out exact tested source	2026-09-06T13:45:08.0226320Z ##[endgroup]
linux-gcc	Check out exact tested source	2026-09-06T13:45:08.0257316Z Temporarily overriding HOME='/home/runner/work/_temp/dbd3c869-96e2-4c89-88b8-75dd4e9c9060' before making global git config changes
linux-gcc	Check out exact tested source	2026-09-06T13:45:08.0267705Z Adding repository directory to the temporary git global config as a safe directory
linux-gcc	Check out exact tested source	2026-09-06T13:45:08.0270685Z [command]/usr/bin/git config --global --add safe.directory /home/runner/work/20231788./20231788.
linux-gcc	Check out exact tested source	2026-09-06T13:45:08.0322979Z Deleting the contents of '/home/runner/work/20231788./20231788.'
linux-gcc	Check out exact tested source	2026-09-06T13:45:08.0329251Z ##[group]Initializing the repository
linux-gcc	Check out exact tested source	2026-09-06T13:45:08.0334553Z [command]/usr/bin/git init /home/runner/work/20231788./20231788.
linux-gcc	Check out exact tested source	2026-09-06T13:45:08.0447575Z hint: Using 'master' as the name for the initial branch. This default branch name
linux-gcc	Check out exact tested source	2026-09-06T13:45:08.0449085Z hint: will change to "main" in Git 3.0. To configure the initial branch name
linux-gcc	Check out exact tested source	2026-09-06T13:45:08.0450350Z hint: to use in all of your new repositories, which will suppress this warning,
linux-gcc	Check out exact tested source	2026-09-06T13:45:08.0451271Z hint: call:
linux-gcc	Check out exact tested source	2026-09-06T13:45:08.0451714Z hint:
linux-gcc	Check out exact tested source	2026-09-06T13:45:08.0452304Z hint: 	git config --global init.defaultBranch <name>
linux-gcc	Check out exact tested source	2026-09-06T13:45:08.0453037Z hint:
linux-gcc	Check out exact tested source	2026-09-06T13:45:08.0453731Z hint: Names commonly chosen instead of 'master' are 'main', 'trunk' and
linux-gcc	Check out exact tested source	2026-09-06T13:45:08.0454867Z hint: 'development'. The just-created branch can be renamed via this command:
linux-gcc	Check out exact tested source	2026-09-06T13:45:08.0456056Z hint:
linux-gcc	Check out exact tested source	2026-09-06T13:45:08.0456521Z hint: 	git branch -m <name>
linux-gcc	Check out exact tested source	2026-09-06T13:45:08.0457055Z hint:
linux-gcc	Check out exact tested source	2026-09-06T13:45:08.0457769Z hint: Disable this message with "git config set advice.defaultBranchName false"
linux-gcc	Check out exact tested source	2026-09-06T13:45:08.0463974Z Initialized empty Git repository in /home/runner/work/20231788./20231788./.git/
linux-gcc	Check out exact tested source	2026-09-06T13:45:08.0475598Z [command]/usr/bin/git remote add origin https://github.com/leemaple/20231788.
linux-gcc	Check out exact tested source	2026-09-06T13:45:08.0525357Z ##[endgroup]
linux-gcc	Check out exact tested source	2026-09-06T13:45:08.0526884Z ##[group]Disabling automatic garbage collection
linux-gcc	Check out exact tested source	2026-09-06T13:45:08.0531259Z [command]/usr/bin/git config --local gc.auto 0
linux-gcc	Check out exact tested source	2026-09-06T13:45:08.0572377Z ##[endgroup]
linux-gcc	Check out exact tested source	2026-09-06T13:45:08.0574369Z ##[group]Setting up auth
linux-gcc	Check out exact tested source	2026-09-06T13:45:08.0581161Z [command]/usr/bin/git config --local --name-only --get-regexp core\.sshCommand
linux-gcc	Check out exact tested source	2026-09-06T13:45:08.0626549Z [command]/usr/bin/git submodule foreach --recursive sh -c "git config --local --name-only --get-regexp 'core\.sshCommand' && git config --local --unset-all 'core.sshCommand' || :"
linux-gcc	Check out exact tested source	2026-09-06T13:45:08.1029908Z [command]/usr/bin/git config --local --name-only --get-regexp http\.https\:\/\/github\.com\/\.extraheader
linux-gcc	Check out exact tested source	2026-09-06T13:45:08.1072354Z [command]/usr/bin/git submodule foreach --recursive sh -c "git config --local --name-only --get-regexp 'http\.https\:\/\/github\.com\/\.extraheader' && git config --local --unset-all 'http.https://github.com/.extraheader' || :"
linux-gcc	Check out exact tested source	2026-09-06T13:45:08.1307590Z [command]/usr/bin/git config --local --name-only --get-regexp ^includeIf\.gitdir:
linux-gcc	Check out exact tested source	2026-09-06T13:45:08.1345958Z [command]/usr/bin/git submodule foreach --recursive git config --local --show-origin --name-only --get-regexp remote.origin.url
linux-gcc	Check out exact tested source	2026-09-06T13:45:08.1578312Z [command]/usr/bin/git config --local http.https://github.com/.extraheader AUTHORIZATION: basic ***
linux-gcc	Check out exact tested source	2026-09-06T13:45:08.1617639Z ##[endgroup]
linux-gcc	Check out exact tested source	2026-09-06T13:45:08.1627109Z ##[group]Fetching the repository
linux-gcc	Check out exact tested source	2026-09-06T13:45:08.1628767Z [command]/usr/bin/git -c protocol.version=2 fetch --no-tags --prune --no-recurse-submodules --depth=1 origin 3eff15009abd02825b7e0da54c93f80d58f1be78
linux-gcc	Check out exact tested source	2026-09-06T13:45:09.5605960Z From https://github.com/leemaple/20231788.
linux-gcc	Check out exact tested source	2026-09-06T13:45:09.5608088Z  * branch            3eff15009abd02825b7e0da54c93f80d58f1be78 -> FETCH_HEAD
linux-gcc	Check out exact tested source	2026-09-06T13:45:09.5612993Z ##[endgroup]
linux-gcc	Check out exact tested source	2026-09-06T13:45:09.5614173Z ##[group]Determining the checkout info
linux-gcc	Check out exact tested source	2026-09-06T13:45:09.5616782Z ##[endgroup]
linux-gcc	Check out exact tested source	2026-09-06T13:45:09.5624663Z [command]/usr/bin/git sparse-checkout disable
linux-gcc	Check out exact tested source	2026-09-06T13:45:09.5678633Z [command]/usr/bin/git config --local --unset-all extensions.worktreeConfig
linux-gcc	Check out exact tested source	2026-09-06T13:45:09.5712723Z ##[group]Checking out the ref
linux-gcc	Check out exact tested source	2026-09-06T13:45:09.5719340Z [command]/usr/bin/git checkout --progress --force 3eff15009abd02825b7e0da54c93f80d58f1be78
linux-gcc	Check out exact tested source	2026-09-06T13:45:09.7802399Z Note: switching to '3eff15009abd02825b7e0da54c93f80d58f1be78'.
linux-gcc	Check out exact tested source	2026-09-06T13:45:09.7803053Z 
linux-gcc	Check out exact tested source	2026-09-06T13:45:09.7803431Z You are in 'detached HEAD' state. You can look around, make experimental
linux-gcc	Check out exact tested source	2026-09-06T13:45:09.7804339Z changes and commit them, and you can discard any commits you make in this
linux-gcc	Check out exact tested source	2026-09-06T13:45:09.7805511Z state without impacting any branches by switching back to a branch.
linux-gcc	Check out exact tested source	2026-09-06T13:45:09.7806324Z 
linux-gcc	Check out exact tested source	2026-09-06T13:45:09.7807024Z If you want to create a new branch to retain commits you create, you may
linux-gcc	Check out exact tested source	2026-09-06T13:45:09.7807817Z do so (now or later) by using -c with the switch command. Example:
linux-gcc	Check out exact tested source	2026-09-06T13:45:09.7808295Z 
linux-gcc	Check out exact tested source	2026-09-06T13:45:09.7808479Z   git switch -c <new-branch-name>
linux-gcc	Check out exact tested source	2026-09-06T13:45:09.7808787Z 
linux-gcc	Check out exact tested source	2026-09-06T13:45:09.7808984Z Or undo this operation with:
linux-gcc	Check out exact tested source	2026-09-06T13:45:09.7809259Z 
linux-gcc	Check out exact tested source	2026-09-06T13:45:09.7809411Z   git switch -
linux-gcc	Check out exact tested source	2026-09-06T13:45:09.7809666Z 
linux-gcc	Check out exact tested source	2026-09-06T13:45:09.7810025Z Turn off this advice by setting config variable advice.detachedHead to false
linux-gcc	Check out exact tested source	2026-09-06T13:45:09.7810532Z 
linux-gcc	Check out exact tested source	2026-09-06T13:45:09.7810948Z HEAD is now at 3eff150 test: exercise actual C++ endpoint evidence through independent Python
linux-gcc	Check out exact tested source	2026-09-06T13:45:09.7828595Z ##[endgroup]
linux-gcc	Check out exact tested source	2026-09-06T13:45:09.7886090Z [command]/usr/bin/git log -1 --format=%H
linux-gcc	Check out exact tested source	2026-09-06T13:45:09.7916544Z 3eff15009abd02825b7e0da54c93f80d58f1be78
linux-gcc	Check out exact tested source	2026-09-06T13:45:09.7928902Z ##[group]Removing auth
linux-gcc	Check out exact tested source	2026-09-06T13:45:09.7934421Z [command]/usr/bin/git config --local --name-only --get-regexp core\.sshCommand
linux-gcc	Check out exact tested source	2026-09-06T13:45:09.7976641Z [command]/usr/bin/git submodule foreach --recursive sh -c "git config --local --name-only --get-regexp 'core\.sshCommand' && git config --local --unset-all 'core.sshCommand' || :"
linux-gcc	Check out exact tested source	2026-09-06T13:45:09.8238372Z [command]/usr/bin/git config --local --name-only --get-regexp http\.https\:\/\/github\.com\/\.extraheader
linux-gcc	Check out exact tested source	2026-09-06T13:45:09.8272204Z http.https://github.com/.extraheader
linux-gcc	Check out exact tested source	2026-09-06T13:45:09.8283824Z [command]/usr/bin/git config --local --unset-all http.https://github.com/.extraheader
linux-gcc	Check out exact tested source	2026-09-06T13:45:09.8326449Z [command]/usr/bin/git submodule foreach --recursive sh -c "git config --local --name-only --get-regexp 'http\.https\:\/\/github\.com\/\.extraheader' && git config --local --unset-all 'http.https://github.com/.extraheader' || :"
linux-gcc	Check out exact tested source	2026-09-06T13:45:09.8565728Z [command]/usr/bin/git config --local --name-only --get-regexp ^includeIf\.gitdir:
linux-gcc	Check out exact tested source	2026-09-06T13:45:09.8598399Z [command]/usr/bin/git submodule foreach --recursive git config --local --show-origin --name-only --get-regexp remote.origin.url
linux-gcc	Check out exact tested source	2026-09-06T13:45:09.8822628Z ##[endgroup]
linux-gcc	Set up native Python 3.12	﻿2026-09-06T13:45:09.9078012Z Node 20 is being deprecated. This workflow is running with Node 24 by default. If you need to temporarily use Node 20, you can set the ACTIONS_ALLOW_USE_UNSECURE_NODE_VERSION=true environment variable. For more information see: https://github.blog/changelog/2025-09-19-deprecation-of-node-20-on-github-actions-runners/
linux-gcc	Set up native Python 3.12	2026-09-06T13:45:09.9080169Z ##[group]Run actions/setup-python@a26af69be951a213d495a4c3e4e4022e16d87065
linux-gcc	Set up native Python 3.12	2026-09-06T13:45:09.9080557Z with:
linux-gcc	Set up native Python 3.12	2026-09-06T13:45:09.9080789Z   python-version: 3.12
linux-gcc	Set up native Python 3.12	2026-09-06T13:45:09.9081012Z   check-latest: false
linux-gcc	Set up native Python 3.12	2026-09-06T13:45:09.9083334Z   token: ***
linux-gcc	Set up native Python 3.12	2026-09-06T13:45:09.9083553Z   update-environment: true
linux-gcc	Set up native Python 3.12	2026-09-06T13:45:09.9083801Z   allow-prereleases: false
linux-gcc	Set up native Python 3.12	2026-09-06T13:45:09.9084027Z   freethreaded: false
linux-gcc	Set up native Python 3.12	2026-09-06T13:45:09.9084230Z env:
linux-gcc	Set up native Python 3.12	2026-09-06T13:45:09.9084473Z   OPENFHE_COMMIT: df495ba2e91739a6dc8f1de254fc5a41155ce504
linux-gcc	Set up native Python 3.12	2026-09-06T13:45:09.9085007Z   RUN_ENDPOINT_COMPLETE_GATE: 1
linux-gcc	Set up native Python 3.12	2026-09-06T13:45:09.9085447Z   RUN_ENDPOINT_NEGATIVE_GATE: 1
linux-gcc	Set up native Python 3.12	2026-09-06T13:45:09.9085742Z   RUN_ENDPOINT_CPP_INTEROP_GATE: 1
linux-gcc	Set up native Python 3.12	2026-09-06T13:45:09.9086002Z   PYTHONDONTWRITEBYTECODE: 1
linux-gcc	Set up native Python 3.12	2026-09-06T13:45:09.9086244Z   OMP_NUM_THREADS: 2
linux-gcc	Set up native Python 3.12	2026-09-06T13:45:09.9086457Z   ENDPOINT_TEST_HOST: linux
linux-gcc	Set up native Python 3.12	2026-09-06T13:45:09.9086795Z   OPENFHE_PREFIX: /home/runner/work/20231788./20231788./.ci/openfhe-install
linux-gcc	Set up native Python 3.12	2026-09-06T13:45:09.9087162Z ##[endgroup]
linux-gcc	Set up native Python 3.12	2026-09-06T13:45:10.0436249Z ##[group]Installed versions
linux-gcc	Set up native Python 3.12	2026-09-06T13:45:10.0533907Z (node:2354) [DEP0040] DeprecationWarning: The `punycode` module is deprecated. Please use a userland alternative instead.
linux-gcc	Set up native Python 3.12	2026-09-06T13:45:10.0534893Z (Use `node --trace-deprecation ...` to show where the warning was created)
linux-gcc	Set up native Python 3.12	2026-09-06T13:45:10.0535968Z Successfully set up CPython (3.12.14)
linux-gcc	Set up native Python 3.12	2026-09-06T13:45:10.0536617Z ##[endgroup]
linux-gcc	Verify source and run affected Python regressions once	﻿2026-09-06T13:45:10.0727385Z ##[group]Run set -euo pipefail
linux-gcc	Verify source and run affected Python regressions once	2026-09-06T13:45:10.0727779Z ^[[36;1mset -euo pipefail^[[0m
linux-gcc	Verify source and run affected Python regressions once	2026-09-06T13:45:10.0728096Z ^[[36;1mtest "$(git rev-parse HEAD)" = "$GITHUB_SHA"^[[0m
linux-gcc	Verify source and run affected Python regressions once	2026-09-06T13:45:10.0728444Z ^[[36;1mtest -z "$(git status --porcelain)"^[[0m
linux-gcc	Verify source and run affected Python regressions once	2026-09-06T13:45:10.0728762Z ^[[36;1mpython_native="$(command -v python)"^[[0m
linux-gcc	Verify source and run affected Python regressions once	2026-09-06T13:45:10.0729170Z ^[[36;1mtest "$python_native" = "/opt/hostedtoolcache/Python/3.12.14/x64/bin/python"^[[0m
linux-gcc	Verify source and run affected Python regressions once	2026-09-06T13:45:10.0730710Z ^[[36;1mpython -c 'import json, os, platform, sys; sys.exit("native Python 3.12 required") if sys.version_info[:2] != (3, 12) or os.name != "posix" else None; print(json.dumps({"executable": sys.executable, "python": sys.version, "implementation": platform.python_implementation(), "platform": sys.platform, "source": os.environ["GITHUB_WORKSPACE"], "source_commit": os.environ["GITHUB_SHA"]}, sort_keys=True))'^[[0m
linux-gcc	Verify source and run affected Python regressions once	2026-09-06T13:45:10.0732226Z ^[[36;1mpython -B tests/hosted_paper_endpoint_finalizer_complete.py^[[0m
linux-gcc	Verify source and run affected Python regressions once	2026-09-06T13:45:10.0732675Z ^[[36;1mpython -B tests/hosted_paper_endpoint_finalizer_negative.py^[[0m
linux-gcc	Verify source and run affected Python regressions once	2026-09-06T13:45:10.0801570Z shell: /usr/bin/bash --noprofile --norc -e -o pipefail {0}
linux-gcc	Verify source and run affected Python regressions once	2026-09-06T13:45:10.0801962Z env:
linux-gcc	Verify source and run affected Python regressions once	2026-09-06T13:45:10.0802245Z   OPENFHE_COMMIT: df495ba2e91739a6dc8f1de254fc5a41155ce504
linux-gcc	Verify source and run affected Python regressions once	2026-09-06T13:45:10.0802594Z   RUN_ENDPOINT_COMPLETE_GATE: 1
linux-gcc	Verify source and run affected Python regressions once	2026-09-06T13:45:10.0802842Z   RUN_ENDPOINT_NEGATIVE_GATE: 1
linux-gcc	Verify source and run affected Python regressions once	2026-09-06T13:45:10.0803089Z   RUN_ENDPOINT_CPP_INTEROP_GATE: 1
linux-gcc	Verify source and run affected Python regressions once	2026-09-06T13:45:10.0803353Z   PYTHONDONTWRITEBYTECODE: 1
linux-gcc	Verify source and run affected Python regressions once	2026-09-06T13:45:10.0803588Z   OMP_NUM_THREADS: 2
linux-gcc	Verify source and run affected Python regressions once	2026-09-06T13:45:10.0803806Z   ENDPOINT_TEST_HOST: linux
linux-gcc	Verify source and run affected Python regressions once	2026-09-06T13:45:10.0804141Z   OPENFHE_PREFIX: /home/runner/work/20231788./20231788./.ci/openfhe-install
linux-gcc	Verify source and run affected Python regressions once	2026-09-06T13:45:10.0804577Z   pythonLocation: /opt/hostedtoolcache/Python/3.12.14/x64
linux-gcc	Verify source and run affected Python regressions once	2026-09-06T13:45:10.0805006Z   PKG_CONFIG_PATH: /opt/hostedtoolcache/Python/3.12.14/x64/lib/pkgconfig
linux-gcc	Verify source and run affected Python regressions once	2026-09-06T13:45:10.0805807Z   Python_ROOT_DIR: /opt/hostedtoolcache/Python/3.12.14/x64
linux-gcc	Verify source and run affected Python regressions once	2026-09-06T13:45:10.0806524Z   Python2_ROOT_DIR: /opt/hostedtoolcache/Python/3.12.14/x64
linux-gcc	Verify source and run affected Python regressions once	2026-09-06T13:45:10.0807174Z   Python3_ROOT_DIR: /opt/hostedtoolcache/Python/3.12.14/x64
linux-gcc	Verify source and run affected Python regressions once	2026-09-06T13:45:10.0807827Z   LD_LIBRARY_PATH: /opt/hostedtoolcache/Python/3.12.14/x64/lib
linux-gcc	Verify source and run affected Python regressions once	2026-09-06T13:45:10.0808386Z ##[endgroup]
linux-gcc	Verify source and run affected Python regressions once	2026-09-06T13:45:10.3166805Z {"executable": "/opt/hostedtoolcache/Python/3.12.14/x64/bin/python", "implementation": "CPython", "platform": "linux", "python": "3.12.14 (main, Aug 13 2026, 02:47:42) [GCC 13.3.0]", "source": "/home/runner/work/20231788./20231788.", "source_commit": "3eff15009abd02825b7e0da54c93f80d58f1be78"}
linux-gcc	Verify source and run affected Python regressions once	2026-09-06T13:45:13.8581346Z test_complete_failing_e80_evidence_is_published_and_remains_nonzero (__main__.HostedCompleteFinalizerTests.test_complete_failing_e80_evidence_is_published_and_remains_nonzero) ... ok
linux-gcc	Verify source and run affected Python regressions once	2026-09-06T13:45:13.8582909Z 
linux-gcc	Verify source and run affected Python regressions once	2026-09-06T13:45:13.8586286Z ----------------------------------------------------------------------
linux-gcc	Verify source and run affected Python regressions once	2026-09-06T13:45:13.8586765Z Ran 1 test in 3.260s
linux-gcc	Verify source and run affected Python regressions once	2026-09-06T13:45:13.8586982Z 
linux-gcc	Verify source and run affected Python regressions once	2026-09-06T13:45:13.8587388Z OK
linux-gcc	Verify source and run affected Python regressions once	2026-09-06T13:45:14.3959570Z test_primary_sidecar_count_mismatch_is_integrity_status_only (__main__.HostedNegativeFinalizerTests.test_primary_sidecar_count_mismatch_is_integrity_status_only) ... ok
linux-gcc	Verify source and run affected Python regressions once	2026-09-06T13:45:17.3906149Z test_primary_signed_a8_imag_mismatch_is_integrity_status_only (__main__.HostedNegativeFinalizerTests.test_primary_signed_a8_imag_mismatch_is_integrity_status_only) ... ok
linux-gcc	Verify source and run affected Python regressions once	2026-09-06T13:45:17.7826603Z test_reconstructed_fresh_disk_excess_is_conditioning_status_only (__main__.HostedNegativeFinalizerTests.test_reconstructed_fresh_disk_excess_is_conditioning_status_only) ... ok
linux-gcc	Verify source and run affected Python regressions once	2026-09-06T13:45:17.7827854Z 
linux-gcc	Verify source and run affected Python regressions once	2026-09-06T13:45:17.7828132Z ----------------------------------------------------------------------
linux-gcc	Verify source and run affected Python regressions once	2026-09-06T13:45:17.7828758Z Ran 3 tests in 3.757s
linux-gcc	Verify source and run affected Python regressions once	2026-09-06T13:45:17.7829029Z 
linux-gcc	Verify source and run affected Python regressions once	2026-09-06T13:45:17.7829164Z OK
linux-gcc	Check out pristine OpenFHE 1.5.0	﻿2026-09-06T13:45:17.8047920Z Node 20 is being deprecated. This workflow is running with Node 24 by default. If you need to temporarily use Node 20, you can set the ACTIONS_ALLOW_USE_UNSECURE_NODE_VERSION=true environment variable. For more information see: https://github.blog/changelog/2025-09-19-deprecation-of-node-20-on-github-actions-runners/
linux-gcc	Check out pristine OpenFHE 1.5.0	2026-09-06T13:45:17.8049278Z ##[group]Run actions/checkout@11d5960a326750d5838078e36cf38b85af677262
linux-gcc	Check out pristine OpenFHE 1.5.0	2026-09-06T13:45:17.8049630Z with:
linux-gcc	Check out pristine OpenFHE 1.5.0	2026-09-06T13:45:17.8049861Z   repository: openfheorg/openfhe-development
linux-gcc	Check out pristine OpenFHE 1.5.0	2026-09-06T13:45:17.8050171Z   ref: df495ba2e91739a6dc8f1de254fc5a41155ce504
linux-gcc	Check out pristine OpenFHE 1.5.0	2026-09-06T13:45:17.8050457Z   path: .ci/openfhe-src
linux-gcc	Check out pristine OpenFHE 1.5.0	2026-09-06T13:45:17.8050677Z   submodules: recursive
linux-gcc	Check out pristine OpenFHE 1.5.0	2026-09-06T13:45:17.8050903Z   persist-credentials: false
linux-gcc	Check out pristine OpenFHE 1.5.0	2026-09-06T13:45:17.8051134Z   fetch-depth: 1
linux-gcc	Check out pristine OpenFHE 1.5.0	2026-09-06T13:45:17.8053398Z   token: ***
linux-gcc	Check out pristine OpenFHE 1.5.0	2026-09-06T13:45:17.8053600Z   ssh-strict: true
linux-gcc	Check out pristine OpenFHE 1.5.0	2026-09-06T13:45:17.8053800Z   ssh-user: git
linux-gcc	Check out pristine OpenFHE 1.5.0	2026-09-06T13:45:17.8053987Z   clean: true
linux-gcc	Check out pristine OpenFHE 1.5.0	2026-09-06T13:45:17.8054195Z   sparse-checkout-cone-mode: true
linux-gcc	Check out pristine OpenFHE 1.5.0	2026-09-06T13:45:17.8054474Z   fetch-tags: false
linux-gcc	Check out pristine OpenFHE 1.5.0	2026-09-06T13:45:17.8054680Z   show-progress: true
linux-gcc	Check out pristine OpenFHE 1.5.0	2026-09-06T13:45:17.8054888Z   lfs: false
linux-gcc	Check out pristine OpenFHE 1.5.0	2026-09-06T13:45:17.8055237Z   set-safe-directory: true
linux-gcc	Check out pristine OpenFHE 1.5.0	2026-09-06T13:45:17.8055484Z   allow-unsafe-pr-checkout: false
linux-gcc	Check out pristine OpenFHE 1.5.0	2026-09-06T13:45:17.8055723Z env:
linux-gcc	Check out pristine OpenFHE 1.5.0	2026-09-06T13:45:17.8055962Z   OPENFHE_COMMIT: df495ba2e91739a6dc8f1de254fc5a41155ce504
linux-gcc	Check out pristine OpenFHE 1.5.0	2026-09-06T13:45:17.8056287Z   RUN_ENDPOINT_COMPLETE_GATE: 1
linux-gcc	Check out pristine OpenFHE 1.5.0	2026-09-06T13:45:17.8056535Z   RUN_ENDPOINT_NEGATIVE_GATE: 1
linux-gcc	Check out pristine OpenFHE 1.5.0	2026-09-06T13:45:17.8056778Z   RUN_ENDPOINT_CPP_INTEROP_GATE: 1
linux-gcc	Check out pristine OpenFHE 1.5.0	2026-09-06T13:45:17.8057034Z   PYTHONDONTWRITEBYTECODE: 1
linux-gcc	Check out pristine OpenFHE 1.5.0	2026-09-06T13:45:17.8057268Z   OMP_NUM_THREADS: 2
linux-gcc	Check out pristine OpenFHE 1.5.0	2026-09-06T13:45:17.8057480Z   ENDPOINT_TEST_HOST: linux
linux-gcc	Check out pristine OpenFHE 1.5.0	2026-09-06T13:45:17.8057813Z   OPENFHE_PREFIX: /home/runner/work/20231788./20231788./.ci/openfhe-install
linux-gcc	Check out pristine OpenFHE 1.5.0	2026-09-06T13:45:17.8058246Z   pythonLocation: /opt/hostedtoolcache/Python/3.12.14/x64
linux-gcc	Check out pristine OpenFHE 1.5.0	2026-09-06T13:45:17.8058659Z   PKG_CONFIG_PATH: /opt/hostedtoolcache/Python/3.12.14/x64/lib/pkgconfig
linux-gcc	Check out pristine OpenFHE 1.5.0	2026-09-06T13:45:17.8059086Z   Python_ROOT_DIR: /opt/hostedtoolcache/Python/3.12.14/x64
linux-gcc	Check out pristine OpenFHE 1.5.0	2026-09-06T13:45:17.8059464Z   Python2_ROOT_DIR: /opt/hostedtoolcache/Python/3.12.14/x64
linux-gcc	Check out pristine OpenFHE 1.5.0	2026-09-06T13:45:17.8059830Z   Python3_ROOT_DIR: /opt/hostedtoolcache/Python/3.12.14/x64
linux-gcc	Check out pristine OpenFHE 1.5.0	2026-09-06T13:45:17.8060201Z   LD_LIBRARY_PATH: /opt/hostedtoolcache/Python/3.12.14/x64/lib
linux-gcc	Check out pristine OpenFHE 1.5.0	2026-09-06T13:45:17.8060520Z ##[endgroup]
linux-gcc	Check out pristine OpenFHE 1.5.0	2026-09-06T13:45:17.8944261Z Syncing repository: openfheorg/openfhe-development
linux-gcc	Check out pristine OpenFHE 1.5.0	2026-09-06T13:45:17.8956154Z ##[group]Getting Git version info
linux-gcc	Check out pristine OpenFHE 1.5.0	2026-09-06T13:45:17.8991635Z Working directory is '/home/runner/work/20231788./20231788./.ci/openfhe-src'
linux-gcc	Check out pristine OpenFHE 1.5.0	2026-09-06T13:45:17.9010011Z [command]/usr/bin/git version
linux-gcc	Check out pristine OpenFHE 1.5.0	2026-09-06T13:45:17.9043879Z git version 2.55.0
linux-gcc	Check out pristine OpenFHE 1.5.0	2026-09-06T13:45:17.9064752Z ##[endgroup]
linux-gcc	Check out pristine OpenFHE 1.5.0	2026-09-06T13:45:17.9080519Z Temporarily overriding HOME='/home/runner/work/_temp/50bca3b9-22ef-474b-b457-d21309dc6654' before making global git config changes
linux-gcc	Check out pristine OpenFHE 1.5.0	2026-09-06T13:45:17.9082014Z Adding repository directory to the temporary git global config as a safe directory
linux-gcc	Check out pristine OpenFHE 1.5.0	2026-09-06T13:45:17.9087920Z [command]/usr/bin/git config --global --add safe.directory /home/runner/work/20231788./20231788./.ci/openfhe-src
linux-gcc	Check out pristine OpenFHE 1.5.0	2026-09-06T13:45:17.9123321Z ##[group]Initializing the repository
linux-gcc	Check out pristine OpenFHE 1.5.0	2026-09-06T13:45:17.9130123Z [command]/usr/bin/git init /home/runner/work/20231788./20231788./.ci/openfhe-src
linux-gcc	Check out pristine OpenFHE 1.5.0	2026-09-06T13:45:17.9176437Z hint: Using 'master' as the name for the initial branch. This default branch name
linux-gcc	Check out pristine OpenFHE 1.5.0	2026-09-06T13:45:17.9177210Z hint: will change to "main" in Git 3.0. To configure the initial branch name
linux-gcc	Check out pristine OpenFHE 1.5.0	2026-09-06T13:45:17.9178185Z hint: to use in all of your new repositories, which will suppress this warning,
linux-gcc	Check out pristine OpenFHE 1.5.0	2026-09-06T13:45:17.9179090Z hint: call:
linux-gcc	Check out pristine OpenFHE 1.5.0	2026-09-06T13:45:17.9179602Z hint:
linux-gcc	Check out pristine OpenFHE 1.5.0	2026-09-06T13:45:17.9180062Z hint: 	git config --global init.defaultBranch <name>
linux-gcc	Check out pristine OpenFHE 1.5.0	2026-09-06T13:45:17.9180577Z hint:
linux-gcc	Check out pristine OpenFHE 1.5.0	2026-09-06T13:45:17.9181056Z hint: Names commonly chosen instead of 'master' are 'main', 'trunk' and
linux-gcc	Check out pristine OpenFHE 1.5.0	2026-09-06T13:45:17.9181873Z hint: 'development'. The just-created branch can be renamed via this command:
linux-gcc	Check out pristine OpenFHE 1.5.0	2026-09-06T13:45:17.9182250Z hint:
linux-gcc	Check out pristine OpenFHE 1.5.0	2026-09-06T13:45:17.9182461Z hint: 	git branch -m <name>
linux-gcc	Check out pristine OpenFHE 1.5.0	2026-09-06T13:45:17.9182687Z hint:
linux-gcc	Check out pristine OpenFHE 1.5.0	2026-09-06T13:45:17.9182995Z hint: Disable this message with "git config set advice.defaultBranchName false"
linux-gcc	Check out pristine OpenFHE 1.5.0	2026-09-06T13:45:17.9183582Z Initialized empty Git repository in /home/runner/work/20231788./20231788./.ci/openfhe-src/.git/
linux-gcc	Check out pristine OpenFHE 1.5.0	2026-09-06T13:45:17.9195738Z [command]/usr/bin/git remote add origin https://github.com/openfheorg/openfhe-development
linux-gcc	Check out pristine OpenFHE 1.5.0	2026-09-06T13:45:17.9236901Z ##[endgroup]
linux-gcc	Check out pristine OpenFHE 1.5.0	2026-09-06T13:45:17.9237567Z ##[group]Disabling automatic garbage collection
linux-gcc	Check out pristine OpenFHE 1.5.0	2026-09-06T13:45:17.9238157Z [command]/usr/bin/git config --local gc.auto 0
linux-gcc	Check out pristine OpenFHE 1.5.0	2026-09-06T13:45:17.9278977Z ##[endgroup]
linux-gcc	Check out pristine OpenFHE 1.5.0	2026-09-06T13:45:17.9279772Z ##[group]Setting up auth
linux-gcc	Check out pristine OpenFHE 1.5.0	2026-09-06T13:45:17.9281422Z [command]/usr/bin/git config --local --name-only --get-regexp core\.sshCommand
linux-gcc	Check out pristine OpenFHE 1.5.0	2026-09-06T13:45:17.9314354Z [command]/usr/bin/git submodule foreach --recursive sh -c "git config --local --name-only --get-regexp 'core\.sshCommand' && git config --local --unset-all 'core.sshCommand' || :"
linux-gcc	Check out pristine OpenFHE 1.5.0	2026-09-06T13:45:17.9585559Z [command]/usr/bin/git config --local --name-only --get-regexp http\.https\:\/\/github\.com\/\.extraheader
linux-gcc	Check out pristine OpenFHE 1.5.0	2026-09-06T13:45:17.9633595Z [command]/usr/bin/git submodule foreach --recursive sh -c "git config --local --name-only --get-regexp 'http\.https\:\/\/github\.com\/\.extraheader' && git config --local --unset-all 'http.https://github.com/.extraheader' || :"
linux-gcc	Check out pristine OpenFHE 1.5.0	2026-09-06T13:45:17.9897897Z [command]/usr/bin/git config --local --name-only --get-regexp ^includeIf\.gitdir:
linux-gcc	Check out pristine OpenFHE 1.5.0	2026-09-06T13:45:17.9942788Z [command]/usr/bin/git submodule foreach --recursive git config --local --show-origin --name-only --get-regexp remote.origin.url
linux-gcc	Check out pristine OpenFHE 1.5.0	2026-09-06T13:45:18.0190504Z [command]/usr/bin/git config --local http.https://github.com/.extraheader AUTHORIZATION: basic ***
linux-gcc	Check out pristine OpenFHE 1.5.0	2026-09-06T13:45:18.0230823Z ##[endgroup]
linux-gcc	Check out pristine OpenFHE 1.5.0	2026-09-06T13:45:18.0231429Z ##[group]Fetching the repository
linux-gcc	Check out pristine OpenFHE 1.5.0	2026-09-06T13:45:18.0240693Z [command]/usr/bin/git -c protocol.version=2 fetch --no-tags --prune --no-recurse-submodules --depth=1 origin df495ba2e91739a6dc8f1de254fc5a41155ce504
linux-gcc	Check out pristine OpenFHE 1.5.0	2026-09-06T13:45:19.1244424Z From https://github.com/openfheorg/openfhe-development
linux-gcc	Check out pristine OpenFHE 1.5.0	2026-09-06T13:45:19.1245326Z  * branch            df495ba2e91739a6dc8f1de254fc5a41155ce504 -> FETCH_HEAD
linux-gcc	Check out pristine OpenFHE 1.5.0	2026-09-06T13:45:19.1249992Z ##[endgroup]
linux-gcc	Check out pristine OpenFHE 1.5.0	2026-09-06T13:45:19.1250414Z ##[group]Determining the checkout info
linux-gcc	Check out pristine OpenFHE 1.5.0	2026-09-06T13:45:19.1252678Z ##[endgroup]
linux-gcc	Check out pristine OpenFHE 1.5.0	2026-09-06T13:45:19.1259214Z [command]/usr/bin/git sparse-checkout disable
linux-gcc	Check out pristine OpenFHE 1.5.0	2026-09-06T13:45:19.1301861Z [command]/usr/bin/git config --local --unset-all extensions.worktreeConfig
linux-gcc	Check out pristine OpenFHE 1.5.0	2026-09-06T13:45:19.1335661Z ##[group]Checking out the ref
linux-gcc	Check out pristine OpenFHE 1.5.0	2026-09-06T13:45:19.1339606Z [command]/usr/bin/git checkout --progress --force df495ba2e91739a6dc8f1de254fc5a41155ce504
linux-gcc	Check out pristine OpenFHE 1.5.0	2026-09-06T13:45:19.1901814Z Note: switching to 'df495ba2e91739a6dc8f1de254fc5a41155ce504'.
linux-gcc	Check out pristine OpenFHE 1.5.0	2026-09-06T13:45:19.1902605Z 
linux-gcc	Check out pristine OpenFHE 1.5.0	2026-09-06T13:45:19.1902905Z You are in 'detached HEAD' state. You can look around, make experimental
linux-gcc	Check out pristine OpenFHE 1.5.0	2026-09-06T13:45:19.1903783Z changes and commit them, and you can discard any commits you make in this
linux-gcc	Check out pristine OpenFHE 1.5.0	2026-09-06T13:45:19.1904396Z state without impacting any branches by switching back to a branch.
linux-gcc	Check out pristine OpenFHE 1.5.0	2026-09-06T13:45:19.1904770Z 
linux-gcc	Check out pristine OpenFHE 1.5.0	2026-09-06T13:45:19.1905018Z If you want to create a new branch to retain commits you create, you may
linux-gcc	Check out pristine OpenFHE 1.5.0	2026-09-06T13:45:19.1906042Z do so (now or later) by using -c with the switch command. Example:
linux-gcc	Check out pristine OpenFHE 1.5.0	2026-09-06T13:45:19.1906562Z 
linux-gcc	Check out pristine OpenFHE 1.5.0	2026-09-06T13:45:19.1906762Z   git switch -c <new-branch-name>
linux-gcc	Check out pristine OpenFHE 1.5.0	2026-09-06T13:45:19.1907074Z 
linux-gcc	Check out pristine OpenFHE 1.5.0	2026-09-06T13:45:19.1907255Z Or undo this operation with:
linux-gcc	Check out pristine OpenFHE 1.5.0	2026-09-06T13:45:19.1907553Z 
linux-gcc	Check out pristine OpenFHE 1.5.0	2026-09-06T13:45:19.1907724Z   git switch -
linux-gcc	Check out pristine OpenFHE 1.5.0	2026-09-06T13:45:19.1908008Z 
linux-gcc	Check out pristine OpenFHE 1.5.0	2026-09-06T13:45:19.1908436Z Turn off this advice by setting config variable advice.detachedHead to false
linux-gcc	Check out pristine OpenFHE 1.5.0	2026-09-06T13:45:19.1909009Z 
linux-gcc	Check out pristine OpenFHE 1.5.0	2026-09-06T13:45:19.1909347Z HEAD is now at df495ba Merge pull request #1130 from openfheorg/dev
linux-gcc	Check out pristine OpenFHE 1.5.0	2026-09-06T13:45:19.1911227Z ##[endgroup]
linux-gcc	Check out pristine OpenFHE 1.5.0	2026-09-06T13:45:19.1911963Z ##[group]Setting up auth for fetching submodules
linux-gcc	Check out pristine OpenFHE 1.5.0	2026-09-06T13:45:19.1918549Z [command]/usr/bin/git config --global http.https://github.com/.extraheader AUTHORIZATION: basic ***
linux-gcc	Check out pristine OpenFHE 1.5.0	2026-09-06T13:45:19.1962051Z [command]/usr/bin/git config --global --unset-all url.https://github.com/.insteadOf
linux-gcc	Check out pristine OpenFHE 1.5.0	2026-09-06T13:45:19.1996050Z [command]/usr/bin/git config --global --add url.https://github.com/.insteadOf git@github.com:
linux-gcc	Check out pristine OpenFHE 1.5.0	2026-09-06T13:45:19.2028612Z [command]/usr/bin/git config --global --add url.https://github.com/.insteadOf org-26023695@github.com:
linux-gcc	Check out pristine OpenFHE 1.5.0	2026-09-06T13:45:19.2057792Z ##[endgroup]
linux-gcc	Check out pristine OpenFHE 1.5.0	2026-09-06T13:45:19.2058213Z ##[group]Fetching submodules
linux-gcc	Check out pristine OpenFHE 1.5.0	2026-09-06T13:45:19.2061641Z [command]/usr/bin/git submodule sync --recursive
linux-gcc	Check out pristine OpenFHE 1.5.0	2026-09-06T13:45:19.2298240Z [command]/usr/bin/git -c protocol.version=2 submodule update --init --force --depth=1 --recursive
linux-gcc	Check out pristine OpenFHE 1.5.0	2026-09-06T13:45:19.2526580Z Submodule 'third-party/cereal' (https://github.com/openfheorg/cereal.git) registered for path 'third-party/cereal'
linux-gcc	Check out pristine OpenFHE 1.5.0	2026-09-06T13:45:19.2530144Z Submodule 'third-party/google-benchmark' (https://github.com/google/benchmark.git) registered for path 'third-party/google-benchmark'
linux-gcc	Check out pristine OpenFHE 1.5.0	2026-09-06T13:45:19.2534405Z Submodule 'third-party/google-test' (https://github.com/google/googletest.git) registered for path 'third-party/google-test'
linux-gcc	Check out pristine OpenFHE 1.5.0	2026-09-06T13:45:19.2540853Z Submodule 'third-party/gperftools' (https://github.com/gperftools/gperftools.git) registered for path 'third-party/gperftools'
linux-gcc	Check out pristine OpenFHE 1.5.0	2026-09-06T13:45:19.2567958Z Cloning into '/home/runner/work/20231788./20231788./.ci/openfhe-src/third-party/cereal'...
linux-gcc	Check out pristine OpenFHE 1.5.0	2026-09-06T13:45:19.9112438Z Cloning into '/home/runner/work/20231788./20231788./.ci/openfhe-src/third-party/google-benchmark'...
linux-gcc	Check out pristine OpenFHE 1.5.0	2026-09-06T13:45:20.7600014Z Cloning into '/home/runner/work/20231788./20231788./.ci/openfhe-src/third-party/google-test'...
linux-gcc	Check out pristine OpenFHE 1.5.0	2026-09-06T13:45:21.4238818Z Cloning into '/home/runner/work/20231788./20231788./.ci/openfhe-src/third-party/gperftools'...
linux-gcc	Check out pristine OpenFHE 1.5.0	2026-09-06T13:45:22.4072428Z Submodule path 'third-party/cereal': checked out '984e3f194862b17916536b5fade40cba6e47a6fe'
linux-gcc	Check out pristine OpenFHE 1.5.0	2026-09-06T13:45:24.0738035Z From https://github.com/google/benchmark
linux-gcc	Check out pristine OpenFHE 1.5.0	2026-09-06T13:45:24.0738790Z  * branch            eddb0241389718a23a42db6af5f0164b6e0139af -> FETCH_HEAD
linux-gcc	Check out pristine OpenFHE 1.5.0	2026-09-06T13:45:24.0958440Z Submodule path 'third-party/google-benchmark': checked out 'eddb0241389718a23a42db6af5f0164b6e0139af'
linux-gcc	Check out pristine OpenFHE 1.5.0	2026-09-06T13:45:25.3799584Z From https://github.com/google/googletest
linux-gcc	Check out pristine OpenFHE 1.5.0	2026-09-06T13:45:25.3800355Z  * branch            52eb8108c5bdec04579160ae17225d66034bd723 -> FETCH_HEAD
linux-gcc	Check out pristine OpenFHE 1.5.0	2026-09-06T13:45:25.4198053Z Submodule path 'third-party/google-test': checked out '52eb8108c5bdec04579160ae17225d66034bd723'
linux-gcc	Check out pristine OpenFHE 1.5.0	2026-09-06T13:45:27.0200302Z From https://github.com/gperftools/gperftools
linux-gcc	Check out pristine OpenFHE 1.5.0	2026-09-06T13:45:27.0201051Z  * branch            83edb60836d87cf1b406e8846b9059c03031e8f5 -> FETCH_HEAD
linux-gcc	Check out pristine OpenFHE 1.5.0	2026-09-06T13:45:27.0906828Z Submodule path 'third-party/gperftools': checked out '83edb60836d87cf1b406e8846b9059c03031e8f5'
linux-gcc	Check out pristine OpenFHE 1.5.0	2026-09-06T13:45:27.0941925Z [command]/usr/bin/git submodule foreach --recursive git config --local gc.auto 0
linux-gcc	Check out pristine OpenFHE 1.5.0	2026-09-06T13:45:27.1166985Z Entering 'third-party/cereal'
linux-gcc	Check out pristine OpenFHE 1.5.0	2026-09-06T13:45:27.1212201Z Entering 'third-party/google-benchmark'
linux-gcc	Check out pristine OpenFHE 1.5.0	2026-09-06T13:45:27.1251174Z Entering 'third-party/google-test'
linux-gcc	Check out pristine OpenFHE 1.5.0	2026-09-06T13:45:27.1290041Z Entering 'third-party/gperftools'
linux-gcc	Check out pristine OpenFHE 1.5.0	2026-09-06T13:45:27.1338088Z ##[endgroup]
linux-gcc	Check out pristine OpenFHE 1.5.0	2026-09-06T13:45:27.1387697Z [command]/usr/bin/git log -1 --format=%H
linux-gcc	Check out pristine OpenFHE 1.5.0	2026-09-06T13:45:27.1416152Z df495ba2e91739a6dc8f1de254fc5a41155ce504
linux-gcc	Check out pristine OpenFHE 1.5.0	2026-09-06T13:45:27.1425641Z ##[group]Removing auth
linux-gcc	Check out pristine OpenFHE 1.5.0	2026-09-06T13:45:27.1430662Z [command]/usr/bin/git config --local --name-only --get-regexp core\.sshCommand
linux-gcc	Check out pristine OpenFHE 1.5.0	2026-09-06T13:45:27.1464718Z [command]/usr/bin/git submodule foreach --recursive sh -c "git config --local --name-only --get-regexp 'core\.sshCommand' && git config --local --unset-all 'core.sshCommand' || :"
linux-gcc	Check out pristine OpenFHE 1.5.0	2026-09-06T13:45:27.1684911Z Entering 'third-party/cereal'
linux-gcc	Check out pristine OpenFHE 1.5.0	2026-09-06T13:45:27.1728856Z Entering 'third-party/google-benchmark'
linux-gcc	Check out pristine OpenFHE 1.5.0	2026-09-06T13:45:27.1772614Z Entering 'third-party/google-test'
linux-gcc	Check out pristine OpenFHE 1.5.0	2026-09-06T13:45:27.1816938Z Entering 'third-party/gperftools'
linux-gcc	Check out pristine OpenFHE 1.5.0	2026-09-06T13:45:27.1874408Z [command]/usr/bin/git config --local --name-only --get-regexp http\.https\:\/\/github\.com\/\.extraheader
linux-gcc	Check out pristine OpenFHE 1.5.0	2026-09-06T13:45:27.1902476Z http.https://github.com/.extraheader
linux-gcc	Check out pristine OpenFHE 1.5.0	2026-09-06T13:45:27.1911231Z [command]/usr/bin/git config --local --unset-all http.https://github.com/.extraheader
linux-gcc	Check out pristine OpenFHE 1.5.0	2026-09-06T13:45:27.1947564Z [command]/usr/bin/git submodule foreach --recursive sh -c "git config --local --name-only --get-regexp 'http\.https\:\/\/github\.com\/\.extraheader' && git config --local --unset-all 'http.https://github.com/.extraheader' || :"
linux-gcc	Check out pristine OpenFHE 1.5.0	2026-09-06T13:45:27.2165869Z Entering 'third-party/cereal'
linux-gcc	Check out pristine OpenFHE 1.5.0	2026-09-06T13:45:27.2208070Z Entering 'third-party/google-benchmark'
linux-gcc	Check out pristine OpenFHE 1.5.0	2026-09-06T13:45:27.2252279Z Entering 'third-party/google-test'
linux-gcc	Check out pristine OpenFHE 1.5.0	2026-09-06T13:45:27.2296489Z Entering 'third-party/gperftools'
linux-gcc	Check out pristine OpenFHE 1.5.0	2026-09-06T13:45:27.2353738Z [command]/usr/bin/git config --local --name-only --get-regexp ^includeIf\.gitdir:
linux-gcc	Check out pristine OpenFHE 1.5.0	2026-09-06T13:45:27.2389371Z [command]/usr/bin/git submodule foreach --recursive git config --local --show-origin --name-only --get-regexp remote.origin.url
linux-gcc	Check out pristine OpenFHE 1.5.0	2026-09-06T13:45:27.2606543Z Entering 'third-party/cereal'
linux-gcc	Check out pristine OpenFHE 1.5.0	2026-09-06T13:45:27.2665307Z file:/home/runner/work/20231788./20231788./.ci/openfhe-src/.git/modules/third-party/cereal/config	remote.origin.url
linux-gcc	Check out pristine OpenFHE 1.5.0	2026-09-06T13:45:27.2683733Z Entering 'third-party/google-benchmark'
linux-gcc	Check out pristine OpenFHE 1.5.0	2026-09-06T13:45:27.2703295Z file:/home/runner/work/20231788./20231788./.ci/openfhe-src/.git/modules/third-party/google-benchmark/config	remote.origin.url
linux-gcc	Check out pristine OpenFHE 1.5.0	2026-09-06T13:45:27.2722646Z Entering 'third-party/google-test'
linux-gcc	Check out pristine OpenFHE 1.5.0	2026-09-06T13:45:27.2742004Z file:/home/runner/work/20231788./20231788./.ci/openfhe-src/.git/modules/third-party/google-test/config	remote.origin.url
linux-gcc	Check out pristine OpenFHE 1.5.0	2026-09-06T13:45:27.2761306Z Entering 'third-party/gperftools'
linux-gcc	Check out pristine OpenFHE 1.5.0	2026-09-06T13:45:27.2780938Z file:/home/runner/work/20231788./20231788./.ci/openfhe-src/.git/modules/third-party/gperftools/config	remote.origin.url
linux-gcc	Check out pristine OpenFHE 1.5.0	2026-09-06T13:45:27.2822050Z [command]/usr/bin/git config --file /home/runner/work/20231788./20231788./.ci/openfhe-src/.git/modules/third-party/cereal/config --name-only --get-regexp ^includeIf\.gitdir:
linux-gcc	Check out pristine OpenFHE 1.5.0	2026-09-06T13:45:27.2863054Z [command]/usr/bin/git config --file /home/runner/work/20231788./20231788./.ci/openfhe-src/.git/modules/third-party/google-benchmark/config --name-only --get-regexp ^includeIf\.gitdir:
linux-gcc	Check out pristine OpenFHE 1.5.0	2026-09-06T13:45:27.2898566Z [command]/usr/bin/git config --file /home/runner/work/20231788./20231788./.ci/openfhe-src/.git/modules/third-party/google-test/config --name-only --get-regexp ^includeIf\.gitdir:
linux-gcc	Check out pristine OpenFHE 1.5.0	2026-09-06T13:45:27.2929690Z [command]/usr/bin/git config --file /home/runner/work/20231788./20231788./.ci/openfhe-src/.git/modules/third-party/gperftools/config --name-only --get-regexp ^includeIf\.gitdir:
linux-gcc	Check out pristine OpenFHE 1.5.0	2026-09-06T13:45:27.2957928Z ##[endgroup]
linux-gcc	Verify pristine OpenFHE provenance	﻿2026-09-06T13:45:27.3076832Z ##[group]Run set -euo pipefail
linux-gcc	Verify pristine OpenFHE provenance	2026-09-06T13:45:27.3077181Z ^[[36;1mset -euo pipefail^[[0m
linux-gcc	Verify pristine OpenFHE provenance	2026-09-06T13:45:27.3077502Z ^[[36;1mactual="$(git -C .ci/openfhe-src rev-parse HEAD)"^[[0m
linux-gcc	Verify pristine OpenFHE provenance	2026-09-06T13:45:27.3078037Z ^[[36;1mtest "$actual" = "$OPENFHE_COMMIT"^[[0m
linux-gcc	Verify pristine OpenFHE provenance	2026-09-06T13:45:27.3078428Z ^[[36;1mtest -z "$(git -C .ci/openfhe-src status --porcelain)"^[[0m
linux-gcc	Verify pristine OpenFHE provenance	2026-09-06T13:45:27.3078823Z ^[[36;1mgit -C .ci/openfhe-src submodule status --recursive^[[0m
linux-gcc	Verify pristine OpenFHE provenance	2026-09-06T13:45:27.3116216Z shell: /usr/bin/bash --noprofile --norc -e -o pipefail {0}
linux-gcc	Verify pristine OpenFHE provenance	2026-09-06T13:45:27.3116555Z env:
linux-gcc	Verify pristine OpenFHE provenance	2026-09-06T13:45:27.3116811Z   OPENFHE_COMMIT: df495ba2e91739a6dc8f1de254fc5a41155ce504
linux-gcc	Verify pristine OpenFHE provenance	2026-09-06T13:45:27.3117158Z   RUN_ENDPOINT_COMPLETE_GATE: 1
linux-gcc	Verify pristine OpenFHE provenance	2026-09-06T13:45:27.3117403Z   RUN_ENDPOINT_NEGATIVE_GATE: 1
linux-gcc	Verify pristine OpenFHE provenance	2026-09-06T13:45:27.3117651Z   RUN_ENDPOINT_CPP_INTEROP_GATE: 1
linux-gcc	Verify pristine OpenFHE provenance	2026-09-06T13:45:27.3117914Z   PYTHONDONTWRITEBYTECODE: 1
linux-gcc	Verify pristine OpenFHE provenance	2026-09-06T13:45:27.3118147Z   OMP_NUM_THREADS: 2
linux-gcc	Verify pristine OpenFHE provenance	2026-09-06T13:45:27.3118357Z   ENDPOINT_TEST_HOST: linux
linux-gcc	Verify pristine OpenFHE provenance	2026-09-06T13:45:27.3118734Z   OPENFHE_PREFIX: /home/runner/work/20231788./20231788./.ci/openfhe-install
linux-gcc	Verify pristine OpenFHE provenance	2026-09-06T13:45:27.3119170Z   pythonLocation: /opt/hostedtoolcache/Python/3.12.14/x64
linux-gcc	Verify pristine OpenFHE provenance	2026-09-06T13:45:27.3119591Z   PKG_CONFIG_PATH: /opt/hostedtoolcache/Python/3.12.14/x64/lib/pkgconfig
linux-gcc	Verify pristine OpenFHE provenance	2026-09-06T13:45:27.3119999Z   Python_ROOT_DIR: /opt/hostedtoolcache/Python/3.12.14/x64
linux-gcc	Verify pristine OpenFHE provenance	2026-09-06T13:45:27.3120361Z   Python2_ROOT_DIR: /opt/hostedtoolcache/Python/3.12.14/x64
linux-gcc	Verify pristine OpenFHE provenance	2026-09-06T13:45:27.3120730Z   Python3_ROOT_DIR: /opt/hostedtoolcache/Python/3.12.14/x64
linux-gcc	Verify pristine OpenFHE provenance	2026-09-06T13:45:27.3121104Z   LD_LIBRARY_PATH: /opt/hostedtoolcache/Python/3.12.14/x64/lib
linux-gcc	Verify pristine OpenFHE provenance	2026-09-06T13:45:27.3121428Z ##[endgroup]
linux-gcc	Verify pristine OpenFHE provenance	2026-09-06T13:45:27.4623355Z  984e3f194862b17916536b5fade40cba6e47a6fe third-party/cereal (heads/main)
linux-gcc	Verify pristine OpenFHE provenance	2026-09-06T13:45:27.4708075Z  eddb0241389718a23a42db6af5f0164b6e0139af third-party/google-benchmark (eddb024)
linux-gcc	Verify pristine OpenFHE provenance	2026-09-06T13:45:27.4791916Z  52eb8108c5bdec04579160ae17225d66034bd723 third-party/google-test (52eb810)
linux-gcc	Verify pristine OpenFHE provenance	2026-09-06T13:45:27.4882311Z  83edb60836d87cf1b406e8846b9059c03031e8f5 third-party/gperftools (83edb60)
linux-gcc	Install independent-oracle build dependency	﻿2026-09-06T13:45:27.4934527Z ##[group]Run sudo apt-get update
linux-gcc	Install independent-oracle build dependency	2026-09-06T13:45:27.4934848Z ^[[36;1msudo apt-get update^[[0m
linux-gcc	Install independent-oracle build dependency	2026-09-06T13:45:27.4935521Z ^[[36;1msudo apt-get install --yes --no-install-recommends libboost-dev^[[0m
linux-gcc	Install independent-oracle build dependency	2026-09-06T13:45:27.4972187Z shell: /usr/bin/bash --noprofile --norc -e -o pipefail {0}
linux-gcc	Install independent-oracle build dependency	2026-09-06T13:45:27.4972530Z env:
linux-gcc	Install independent-oracle build dependency	2026-09-06T13:45:27.4972782Z   OPENFHE_COMMIT: df495ba2e91739a6dc8f1de254fc5a41155ce504
linux-gcc	Install independent-oracle build dependency	2026-09-06T13:45:27.4973121Z   RUN_ENDPOINT_COMPLETE_GATE: 1
linux-gcc	Install independent-oracle build dependency	2026-09-06T13:45:27.4973366Z   RUN_ENDPOINT_NEGATIVE_GATE: 1
linux-gcc	Install independent-oracle build dependency	2026-09-06T13:45:27.4973611Z   RUN_ENDPOINT_CPP_INTEROP_GATE: 1
linux-gcc	Install independent-oracle build dependency	2026-09-06T13:45:27.4973873Z   PYTHONDONTWRITEBYTECODE: 1
linux-gcc	Install independent-oracle build dependency	2026-09-06T13:45:27.4974104Z   OMP_NUM_THREADS: 2
linux-gcc	Install independent-oracle build dependency	2026-09-06T13:45:27.4974324Z   ENDPOINT_TEST_HOST: linux
linux-gcc	Install independent-oracle build dependency	2026-09-06T13:45:27.4974674Z   OPENFHE_PREFIX: /home/runner/work/20231788./20231788./.ci/openfhe-install
linux-gcc	Install independent-oracle build dependency	2026-09-06T13:45:27.4975413Z   pythonLocation: /opt/hostedtoolcache/Python/3.12.14/x64
linux-gcc	Install independent-oracle build dependency	2026-09-06T13:45:27.4975861Z   PKG_CONFIG_PATH: /opt/hostedtoolcache/Python/3.12.14/x64/lib/pkgconfig
linux-gcc	Install independent-oracle build dependency	2026-09-06T13:45:27.4976316Z   Python_ROOT_DIR: /opt/hostedtoolcache/Python/3.12.14/x64
linux-gcc	Install independent-oracle build dependency	2026-09-06T13:45:27.4976692Z   Python2_ROOT_DIR: /opt/hostedtoolcache/Python/3.12.14/x64
linux-gcc	Install independent-oracle build dependency	2026-09-06T13:45:27.4977063Z   Python3_ROOT_DIR: /opt/hostedtoolcache/Python/3.12.14/x64
linux-gcc	Install independent-oracle build dependency	2026-09-06T13:45:27.4977438Z   LD_LIBRARY_PATH: /opt/hostedtoolcache/Python/3.12.14/x64/lib
linux-gcc	Install independent-oracle build dependency	2026-09-06T13:45:27.4977751Z ##[endgroup]
linux-gcc	Install independent-oracle build dependency	2026-09-06T13:45:27.5814721Z Get:1 file:/etc/apt/apt-mirrors.txt Mirrorlist [144 B]
linux-gcc	Install independent-oracle build dependency	2026-09-06T13:45:27.6158934Z Hit:2 http://azure.archive.ubuntu.com/ubuntu noble InRelease
linux-gcc	Install independent-oracle build dependency	2026-09-06T13:45:27.6206235Z Get:3 http://azure.archive.ubuntu.com/ubuntu noble-updates InRelease [126 kB]
linux-gcc	Install independent-oracle build dependency	2026-09-06T13:45:27.6270222Z Get:4 http://azure.archive.ubuntu.com/ubuntu noble-backports InRelease [126 kB]
linux-gcc	Install independent-oracle build dependency	2026-09-06T13:45:27.6305938Z Get:5 http://azure.archive.ubuntu.com/ubuntu noble-security InRelease [126 kB]
linux-gcc	Install independent-oracle build dependency	2026-09-06T13:45:27.6540595Z Get:6 https://dl.google.com/linux/chrome-stable/deb stable InRelease [2548 B]
linux-gcc	Install independent-oracle build dependency	2026-09-06T13:45:27.7721753Z Get:7 http://azure.archive.ubuntu.com/ubuntu noble-updates/main amd64 Packages [1260 kB]
linux-gcc	Install independent-oracle build dependency	2026-09-06T13:45:27.7864098Z Get:8 http://azure.archive.ubuntu.com/ubuntu noble-updates/main Translation-en [292 kB]
linux-gcc	Install independent-oracle build dependency	2026-09-06T13:45:27.7871113Z Get:9 http://azure.archive.ubuntu.com/ubuntu noble-updates/main amd64 Components [181 kB]
linux-gcc	Install independent-oracle build dependency	2026-09-06T13:45:27.7890788Z Get:10 http://azure.archive.ubuntu.com/ubuntu noble-updates/universe amd64 Packages [1690 kB]
linux-gcc	Install independent-oracle build dependency	2026-09-06T13:45:27.7980080Z Get:11 http://azure.archive.ubuntu.com/ubuntu noble-updates/universe Translation-en [339 kB]
linux-gcc	Install independent-oracle build dependency	2026-09-06T13:45:27.8006586Z Get:12 http://azure.archive.ubuntu.com/ubuntu noble-updates/universe amd64 Components [388 kB]
linux-gcc	Install independent-oracle build dependency	2026-09-06T13:45:27.8028659Z Get:13 http://azure.archive.ubuntu.com/ubuntu noble-updates/restricted amd64 Packages [1536 kB]
linux-gcc	Install independent-oracle build dependency	2026-09-06T13:45:27.8123982Z Get:14 http://azure.archive.ubuntu.com/ubuntu noble-updates/restricted Translation-en [352 kB]
linux-gcc	Install independent-oracle build dependency	2026-09-06T13:45:27.8129825Z Get:15 http://azure.archive.ubuntu.com/ubuntu noble-updates/multiverse amd64 Components [940 B]
linux-gcc	Install independent-oracle build dependency	2026-09-06T13:45:27.8159819Z Get:16 https://packages.microsoft.com/ubuntu/24.04/prod noble InRelease [3600 B]
linux-gcc	Install independent-oracle build dependency	2026-09-06T13:45:27.8291949Z Get:17 http://azure.archive.ubuntu.com/ubuntu noble-backports/main amd64 Components [5744 B]
linux-gcc	Install independent-oracle build dependency	2026-09-06T13:45:27.8741414Z Get:18 http://azure.archive.ubuntu.com/ubuntu noble-backports/universe amd64 Components [12.7 kB]
linux-gcc	Install independent-oracle build dependency	2026-09-06T13:45:27.8826448Z Get:19 http://azure.archive.ubuntu.com/ubuntu noble-security/main amd64 Packages [1002 kB]
linux-gcc	Install independent-oracle build dependency	2026-09-06T13:45:27.8891509Z Get:20 http://azure.archive.ubuntu.com/ubuntu noble-security/main Translation-en [212 kB]
linux-gcc	Install independent-oracle build dependency	2026-09-06T13:45:27.8916277Z Get:21 http://azure.archive.ubuntu.com/ubuntu noble-security/main amd64 Components [46.3 kB]
linux-gcc	Install independent-oracle build dependency	2026-09-06T13:45:27.8936492Z Get:22 http://azure.archive.ubuntu.com/ubuntu noble-security/universe amd64 Packages [1206 kB]
linux-gcc	Install independent-oracle build dependency	2026-09-06T13:45:27.8993734Z Get:23 http://azure.archive.ubuntu.com/ubuntu noble-security/universe Translation-en [241 kB]
linux-gcc	Install independent-oracle build dependency	2026-09-06T13:45:27.9011505Z Get:24 http://azure.archive.ubuntu.com/ubuntu noble-security/universe amd64 Components [76.4 kB]
linux-gcc	Install independent-oracle build dependency	2026-09-06T13:45:27.9056458Z Get:25 http://azure.archive.ubuntu.com/ubuntu noble-security/restricted amd64 Packages [1437 kB]
linux-gcc	Install independent-oracle build dependency	2026-09-06T13:45:27.9096496Z Get:26 http://azure.archive.ubuntu.com/ubuntu noble-security/restricted Translation-en [334 kB]
linux-gcc	Install independent-oracle build dependency	2026-09-06T13:45:27.9631320Z Get:27 https://dl.google.com/linux/chrome-stable/deb stable/main amd64 Packages [1401 B]
linux-gcc	Install independent-oracle build dependency	2026-09-06T13:45:27.9859641Z Get:28 https://packages.microsoft.com/ubuntu/24.04/prod noble/main arm64 Packages [394 kB]
linux-gcc	Install independent-oracle build dependency	2026-09-06T13:45:27.9926286Z Get:29 https://packages.microsoft.com/ubuntu/24.04/prod noble/main amd64 Packages [441 kB]
linux-gcc	Install independent-oracle build dependency	2026-09-06T13:45:32.0759652Z Fetched 11.8 MB in 1s (9027 kB/s)
linux-gcc	Install independent-oracle build dependency	2026-09-06T13:45:32.9109495Z Reading package lists...
linux-gcc	Install independent-oracle build dependency	2026-09-06T13:45:32.9436309Z Reading package lists...
linux-gcc	Install independent-oracle build dependency	2026-09-06T13:45:33.1303532Z Building dependency tree...
linux-gcc	Install independent-oracle build dependency	2026-09-06T13:45:33.1311235Z Reading state information...
linux-gcc	Install independent-oracle build dependency	2026-09-06T13:45:33.2775655Z The following additional packages will be installed:
linux-gcc	Install independent-oracle build dependency	2026-09-06T13:45:33.2781774Z   libboost1.83-dev
linux-gcc	Install independent-oracle build dependency	2026-09-06T13:45:33.2787522Z Suggested packages:
linux-gcc	Install independent-oracle build dependency	2026-09-06T13:45:33.2788104Z   libboost-doc libboost1.83-doc libboost-atomic1.83-dev
linux-gcc	Install independent-oracle build dependency	2026-09-06T13:45:33.2788775Z   libboost-chrono1.83-dev libboost-container1.83-dev libboost-context1.83-dev
linux-gcc	Install independent-oracle build dependency	2026-09-06T13:45:33.2789438Z   libboost-contract1.83-dev libboost-coroutine1.83-dev
linux-gcc	Install independent-oracle build dependency	2026-09-06T13:45:33.2790100Z   libboost-date-time1.83-dev libboost-exception1.83-dev libboost-fiber1.83-dev
linux-gcc	Install independent-oracle build dependency	2026-09-06T13:45:33.2790808Z   libboost-filesystem1.83-dev libboost-graph-parallel1.83-dev
linux-gcc	Install independent-oracle build dependency	2026-09-06T13:45:33.2791481Z   libboost-graph1.83-dev libboost-iostreams1.83-dev libboost-json1.83-dev
linux-gcc	Install independent-oracle build dependency	2026-09-06T13:45:33.2792172Z   libboost-locale1.83-dev libboost-log1.83-dev libboost-math1.83-dev
linux-gcc	Install independent-oracle build dependency	2026-09-06T13:45:33.2792885Z   libboost-mpi-python1.83-dev libboost-mpi1.83-dev libboost-nowide1.83-dev
linux-gcc	Install independent-oracle build dependency	2026-09-06T13:45:33.2793536Z   libboost-numpy1.83-dev libboost-program-options1.83-dev
linux-gcc	Install independent-oracle build dependency	2026-09-06T13:45:33.2794187Z   libboost-python1.83-dev libboost-random1.83-dev libboost-regex1.83-dev
linux-gcc	Install independent-oracle build dependency	2026-09-06T13:45:33.2795350Z   libboost-serialization1.83-dev libboost-stacktrace1.83-dev
linux-gcc	Install independent-oracle build dependency	2026-09-06T13:45:33.2796007Z   libboost-system1.83-dev libboost-test1.83-dev libboost-thread1.83-dev
linux-gcc	Install independent-oracle build dependency	2026-09-06T13:45:33.2796728Z   libboost-timer1.83-dev libboost-type-erasure1.83-dev libboost-url1.83-dev
linux-gcc	Install independent-oracle build dependency	2026-09-06T13:45:33.2797437Z   libboost-wave1.83-dev libboost1.83-tools-dev libmpfrc++-dev libntl-dev
linux-gcc	Install independent-oracle build dependency	2026-09-06T13:45:33.2956592Z The following NEW packages will be installed:
linux-gcc	Install independent-oracle build dependency	2026-09-06T13:45:33.2961969Z   libboost-dev libboost1.83-dev
linux-gcc	Install independent-oracle build dependency	2026-09-06T13:45:33.3127701Z 0 upgraded, 2 newly installed, 0 to remove and 38 not upgraded.
linux-gcc	Install independent-oracle build dependency	2026-09-06T13:45:33.3128394Z Need to get 10.7 MB of archives.
linux-gcc	Install independent-oracle build dependency	2026-09-06T13:45:33.3128986Z After this operation, 161 MB of additional disk space will be used.
linux-gcc	Install independent-oracle build dependency	2026-09-06T13:45:33.3129717Z Get:1 file:/etc/apt/apt-mirrors.txt Mirrorlist [144 B]
linux-gcc	Install independent-oracle build dependency	2026-09-06T13:45:33.3877130Z Get:2 http://azure.archive.ubuntu.com/ubuntu noble-updates/main amd64 libboost1.83-dev amd64 1.83.0-2.1ubuntu3.2 [10.7 MB]
linux-gcc	Install independent-oracle build dependency	2026-09-06T13:45:33.5096392Z Get:3 http://azure.archive.ubuntu.com/ubuntu noble/main amd64 libboost-dev amd64 1.83.0.1ubuntu2 [4308 B]
linux-gcc	Install independent-oracle build dependency	2026-09-06T13:45:33.7573064Z Fetched 10.7 MB in 0s (51.9 MB/s)
linux-gcc	Install independent-oracle build dependency	2026-09-06T13:45:33.7856718Z Selecting previously unselected package libboost1.83-dev:amd64.
linux-gcc	Install independent-oracle build dependency	2026-09-06T13:45:33.8148234Z (Reading database ... 
linux-gcc	Install independent-oracle build dependency	2026-09-06T13:45:33.8149121Z (Reading database ... 5%
linux-gcc	Install independent-oracle build dependency	2026-09-06T13:45:33.8149653Z (Reading database ... 10%
linux-gcc	Install independent-oracle build dependency	2026-09-06T13:45:33.8150145Z (Reading database ... 15%
linux-gcc	Install independent-oracle build dependency	2026-09-06T13:45:33.8150642Z (Reading database ... 20%
linux-gcc	Install independent-oracle build dependency	2026-09-06T13:45:33.8150996Z (Reading database ... 25%
linux-gcc	Install independent-oracle build dependency	2026-09-06T13:45:33.8151455Z (Reading database ... 30%
linux-gcc	Install independent-oracle build dependency	2026-09-06T13:45:33.8151897Z (Reading database ... 35%
linux-gcc	Install independent-oracle build dependency	2026-09-06T13:45:33.8152367Z (Reading database ... 40%
linux-gcc	Install independent-oracle build dependency	2026-09-06T13:45:33.8152837Z (Reading database ... 45%
linux-gcc	Install independent-oracle build dependency	2026-09-06T13:45:33.8153308Z (Reading database ... 50%
linux-gcc	Install independent-oracle build dependency	2026-09-06T13:45:33.8154256Z (Reading database ... 55%
linux-gcc	Install independent-oracle build dependency	2026-09-06T13:45:33.9295513Z (Reading database ... 60%
linux-gcc	Install independent-oracle build dependency	2026-09-06T13:45:34.0667893Z (Reading database ... 65%
linux-gcc	Install independent-oracle build dependency	2026-09-06T13:45:34.2723093Z (Reading database ... 70%
linux-gcc	Install independent-oracle build dependency	2026-09-06T13:45:34.3679690Z (Reading database ... 75%
linux-gcc	Install independent-oracle build dependency	2026-09-06T13:45:34.5720321Z (Reading database ... 80%
linux-gcc	Install independent-oracle build dependency	2026-09-06T13:45:34.7389441Z (Reading database ... 85%
linux-gcc	Install independent-oracle build dependency	2026-09-06T13:45:34.8767636Z (Reading database ... 90%
linux-gcc	Install independent-oracle build dependency	2026-09-06T13:45:34.9846816Z (Reading database ... 95%
linux-gcc	Install independent-oracle build dependency	2026-09-06T13:45:34.9847372Z (Reading database ... 100%
linux-gcc	Install independent-oracle build dependency	2026-09-06T13:45:34.9848027Z (Reading database ... 201676 files and directories currently installed.)
linux-gcc	Install independent-oracle build dependency	2026-09-06T13:45:34.9892871Z Preparing to unpack .../libboost1.83-dev_1.83.0-2.1ubuntu3.2_amd64.deb ...
linux-gcc	Install independent-oracle build dependency	2026-09-06T13:45:34.9922636Z Unpacking libboost1.83-dev:amd64 (1.83.0-2.1ubuntu3.2) ...
linux-gcc	Install independent-oracle build dependency	2026-09-06T13:45:37.6355867Z Selecting previously unselected package libboost-dev:amd64.
linux-gcc	Install independent-oracle build dependency	2026-09-06T13:45:37.6541514Z Preparing to unpack .../libboost-dev_1.83.0.1ubuntu2_amd64.deb ...
linux-gcc	Install independent-oracle build dependency	2026-09-06T13:45:37.6549605Z Unpacking libboost-dev:amd64 (1.83.0.1ubuntu2) ...
linux-gcc	Install independent-oracle build dependency	2026-09-06T13:45:37.6912445Z Setting up libboost1.83-dev:amd64 (1.83.0-2.1ubuntu3.2) ...
linux-gcc	Install independent-oracle build dependency	2026-09-06T13:45:37.6946824Z Setting up libboost-dev:amd64 (1.83.0.1ubuntu2) ...
linux-gcc	Install independent-oracle build dependency	2026-09-06T13:45:38.3159179Z 
linux-gcc	Install independent-oracle build dependency	2026-09-06T13:45:38.3159861Z Running kernel seems to be up-to-date.
linux-gcc	Install independent-oracle build dependency	2026-09-06T13:45:38.3160315Z 
linux-gcc	Install independent-oracle build dependency	2026-09-06T13:45:38.3160514Z No services need to be restarted.
linux-gcc	Install independent-oracle build dependency	2026-09-06T13:45:38.3160864Z 
linux-gcc	Install independent-oracle build dependency	2026-09-06T13:45:38.3161057Z No containers need to be restarted.
linux-gcc	Install independent-oracle build dependency	2026-09-06T13:45:38.3161414Z 
linux-gcc	Install independent-oracle build dependency	2026-09-06T13:45:38.3161656Z No user sessions are running outdated binaries.
linux-gcc	Install independent-oracle build dependency	2026-09-06T13:45:38.3162085Z 
linux-gcc	Install independent-oracle build dependency	2026-09-06T13:45:38.3162482Z No VM guests are running outdated hypervisor (qemu) binaries on this host.
linux-gcc	Report native toolchain	﻿2026-09-06T13:45:39.1829924Z ##[group]Run cmake --version
linux-gcc	Report native toolchain	2026-09-06T13:45:39.1830253Z ^[[36;1mcmake --version^[[0m
linux-gcc	Report native toolchain	2026-09-06T13:45:39.1830484Z ^[[36;1mc++ --version^[[0m
linux-gcc	Report native toolchain	2026-09-06T13:45:39.1867861Z shell: /usr/bin/bash --noprofile --norc -e -o pipefail {0}
linux-gcc	Report native toolchain	2026-09-06T13:45:39.1868203Z env:
linux-gcc	Report native toolchain	2026-09-06T13:45:39.1868650Z   OPENFHE_COMMIT: df495ba2e91739a6dc8f1de254fc5a41155ce504
linux-gcc	Report native toolchain	2026-09-06T13:45:39.1868983Z   RUN_ENDPOINT_COMPLETE_GATE: 1
linux-gcc	Report native toolchain	2026-09-06T13:45:39.1869228Z   RUN_ENDPOINT_NEGATIVE_GATE: 1
linux-gcc	Report native toolchain	2026-09-06T13:45:39.1869468Z   RUN_ENDPOINT_CPP_INTEROP_GATE: 1
linux-gcc	Report native toolchain	2026-09-06T13:45:39.1869745Z   PYTHONDONTWRITEBYTECODE: 1
linux-gcc	Report native toolchain	2026-09-06T13:45:39.1869981Z   OMP_NUM_THREADS: 2
linux-gcc	Report native toolchain	2026-09-06T13:45:39.1870190Z   ENDPOINT_TEST_HOST: linux
linux-gcc	Report native toolchain	2026-09-06T13:45:39.1870533Z   OPENFHE_PREFIX: /home/runner/work/20231788./20231788./.ci/openfhe-install
linux-gcc	Report native toolchain	2026-09-06T13:45:39.1870969Z   pythonLocation: /opt/hostedtoolcache/Python/3.12.14/x64
linux-gcc	Report native toolchain	2026-09-06T13:45:39.1871412Z   PKG_CONFIG_PATH: /opt/hostedtoolcache/Python/3.12.14/x64/lib/pkgconfig
linux-gcc	Report native toolchain	2026-09-06T13:45:39.1871860Z   Python_ROOT_DIR: /opt/hostedtoolcache/Python/3.12.14/x64
linux-gcc	Report native toolchain	2026-09-06T13:45:39.1872282Z   Python2_ROOT_DIR: /opt/hostedtoolcache/Python/3.12.14/x64
linux-gcc	Report native toolchain	2026-09-06T13:45:39.1872666Z   Python3_ROOT_DIR: /opt/hostedtoolcache/Python/3.12.14/x64
linux-gcc	Report native toolchain	2026-09-06T13:45:39.1873048Z   LD_LIBRARY_PATH: /opt/hostedtoolcache/Python/3.12.14/x64/lib
linux-gcc	Report native toolchain	2026-09-06T13:45:39.1873377Z ##[endgroup]
linux-gcc	Report native toolchain	2026-09-06T13:45:39.2385685Z cmake version 3.31.6
linux-gcc	Report native toolchain	2026-09-06T13:45:39.2385982Z 
linux-gcc	Report native toolchain	2026-09-06T13:45:39.2386308Z CMake suite maintained and supported by Kitware (kitware.com/cmake).
linux-gcc	Report native toolchain	2026-09-06T13:45:39.2454649Z c++ (Ubuntu 13.3.0-6ubuntu2~24.04.1) 13.3.0
linux-gcc	Report native toolchain	2026-09-06T13:45:39.2455371Z Copyright (C) 2023 Free Software Foundation, Inc.
linux-gcc	Report native toolchain	2026-09-06T13:45:39.2455962Z This is free software; see the source for copying conditions.  There is NO
linux-gcc	Report native toolchain	2026-09-06T13:45:39.2456648Z warranty; not even for MERCHANTABILITY or FITNESS FOR A PARTICULAR PURPOSE.
linux-gcc	Report native toolchain	2026-09-06T13:45:39.2457058Z 
linux-gcc	Cache pristine OpenFHE install	﻿2026-09-06T13:45:39.2531758Z Node 20 is being deprecated. This workflow is running with Node 24 by default. If you need to temporarily use Node 20, you can set the ACTIONS_ALLOW_USE_UNSECURE_NODE_VERSION=true environment variable. For more information see: https://github.blog/changelog/2025-09-19-deprecation-of-node-20-on-github-actions-runners/
linux-gcc	Cache pristine OpenFHE install	2026-09-06T13:45:39.2533145Z ##[group]Run actions/cache@0057852bfaa89a56745cba8c7296529d2fc39830
linux-gcc	Cache pristine OpenFHE install	2026-09-06T13:45:39.2533490Z with:
linux-gcc	Cache pristine OpenFHE install	2026-09-06T13:45:39.2533701Z   path: .ci/openfhe-install
linux-gcc	Cache pristine OpenFHE install	2026-09-06T13:45:39.2534129Z   key: openfhe-1.5.0-Linux-gcc-df495ba2e91739a6dc8f1de254fc5a41155ce504-native64-backend4
linux-gcc	Cache pristine OpenFHE install	2026-09-06T13:45:39.2534600Z   enableCrossOsArchive: false
linux-gcc	Cache pristine OpenFHE install	2026-09-06T13:45:39.2534850Z   fail-on-cache-miss: false
linux-gcc	Cache pristine OpenFHE install	2026-09-06T13:45:39.2535776Z   lookup-only: false
linux-gcc	Cache pristine OpenFHE install	2026-09-06T13:45:39.2536087Z   save-always: false
linux-gcc	Cache pristine OpenFHE install	2026-09-06T13:45:39.2536294Z env:
linux-gcc	Cache pristine OpenFHE install	2026-09-06T13:45:39.2536539Z   OPENFHE_COMMIT: df495ba2e91739a6dc8f1de254fc5a41155ce504
linux-gcc	Cache pristine OpenFHE install	2026-09-06T13:45:39.2536873Z   RUN_ENDPOINT_COMPLETE_GATE: 1
linux-gcc	Cache pristine OpenFHE install	2026-09-06T13:45:39.2537149Z   RUN_ENDPOINT_NEGATIVE_GATE: 1
linux-gcc	Cache pristine OpenFHE install	2026-09-06T13:45:39.2537391Z   RUN_ENDPOINT_CPP_INTEROP_GATE: 1
linux-gcc	Cache pristine OpenFHE install	2026-09-06T13:45:39.2537647Z   PYTHONDONTWRITEBYTECODE: 1
linux-gcc	Cache pristine OpenFHE install	2026-09-06T13:45:39.2537878Z   OMP_NUM_THREADS: 2
linux-gcc	Cache pristine OpenFHE install	2026-09-06T13:45:39.2538077Z   ENDPOINT_TEST_HOST: linux
linux-gcc	Cache pristine OpenFHE install	2026-09-06T13:45:39.2538402Z   OPENFHE_PREFIX: /home/runner/work/20231788./20231788./.ci/openfhe-install
linux-gcc	Cache pristine OpenFHE install	2026-09-06T13:45:39.2538830Z   pythonLocation: /opt/hostedtoolcache/Python/3.12.14/x64
linux-gcc	Cache pristine OpenFHE install	2026-09-06T13:45:39.2539248Z   PKG_CONFIG_PATH: /opt/hostedtoolcache/Python/3.12.14/x64/lib/pkgconfig
linux-gcc	Cache pristine OpenFHE install	2026-09-06T13:45:39.2539668Z   Python_ROOT_DIR: /opt/hostedtoolcache/Python/3.12.14/x64
linux-gcc	Cache pristine OpenFHE install	2026-09-06T13:45:39.2540033Z   Python2_ROOT_DIR: /opt/hostedtoolcache/Python/3.12.14/x64
linux-gcc	Cache pristine OpenFHE install	2026-09-06T13:45:39.2540403Z   Python3_ROOT_DIR: /opt/hostedtoolcache/Python/3.12.14/x64
linux-gcc	Cache pristine OpenFHE install	2026-09-06T13:45:39.2540772Z   LD_LIBRARY_PATH: /opt/hostedtoolcache/Python/3.12.14/x64/lib
linux-gcc	Cache pristine OpenFHE install	2026-09-06T13:45:39.2541084Z ##[endgroup]
linux-gcc	Cache pristine OpenFHE install	2026-09-06T13:45:39.3646069Z (node:3381) [DEP0040] DeprecationWarning: The `punycode` module is deprecated. Please use a userland alternative instead.
linux-gcc	Cache pristine OpenFHE install	2026-09-06T13:45:39.3647149Z (Use `node --trace-deprecation ...` to show where the warning was created)
linux-gcc	Cache pristine OpenFHE install	2026-09-06T13:45:39.6090899Z Cache not found for input keys: openfhe-1.5.0-Linux-gcc-df495ba2e91739a6dc8f1de254fc5a41155ce504-native64-backend4
linux-gcc	Configure pristine OpenFHE	﻿2026-09-06T13:45:39.6194563Z ##[group]Run cmake -S .ci/openfhe-src -B .ci/openfhe-build -DCMAKE_BUILD_TYPE=Release -DCMAKE_INSTALL_PREFIX=${OPENFHE_PREFIX} -DBUILD_UNITTESTS=OFF -DBUILD_EXAMPLES=OFF -DBUILD_BENCHMARKS=OFF -DBUILD_EXTRAS=OFF -DWITH_OPENMP=ON -DNATIVE_SIZE=64 -DMATHBACKEND=4
linux-gcc	Configure pristine OpenFHE	2026-09-06T13:45:39.6196788Z ^[[36;1mcmake -S .ci/openfhe-src -B .ci/openfhe-build -DCMAKE_BUILD_TYPE=Release -DCMAKE_INSTALL_PREFIX=${OPENFHE_PREFIX} -DBUILD_UNITTESTS=OFF -DBUILD_EXAMPLES=OFF -DBUILD_BENCHMARKS=OFF -DBUILD_EXTRAS=OFF -DWITH_OPENMP=ON -DNATIVE_SIZE=64 -DMATHBACKEND=4^[[0m
linux-gcc	Configure pristine OpenFHE	2026-09-06T13:45:39.6233632Z shell: /usr/bin/bash --noprofile --norc -e -o pipefail {0}
linux-gcc	Configure pristine OpenFHE	2026-09-06T13:45:39.6233979Z env:
linux-gcc	Configure pristine OpenFHE	2026-09-06T13:45:39.6234238Z   OPENFHE_COMMIT: df495ba2e91739a6dc8f1de254fc5a41155ce504
linux-gcc	Configure pristine OpenFHE	2026-09-06T13:45:39.6234578Z   RUN_ENDPOINT_COMPLETE_GATE: 1
linux-gcc	Configure pristine OpenFHE	2026-09-06T13:45:39.6234828Z   RUN_ENDPOINT_NEGATIVE_GATE: 1
linux-gcc	Configure pristine OpenFHE	2026-09-06T13:45:39.6235305Z   RUN_ENDPOINT_CPP_INTEROP_GATE: 1
linux-gcc	Configure pristine OpenFHE	2026-09-06T13:45:39.6235674Z   PYTHONDONTWRITEBYTECODE: 1
linux-gcc	Configure pristine OpenFHE	2026-09-06T13:45:39.6235950Z   OMP_NUM_THREADS: 2
linux-gcc	Configure pristine OpenFHE	2026-09-06T13:45:39.6236163Z   ENDPOINT_TEST_HOST: linux
linux-gcc	Configure pristine OpenFHE	2026-09-06T13:45:39.6236509Z   OPENFHE_PREFIX: /home/runner/work/20231788./20231788./.ci/openfhe-install
linux-gcc	Configure pristine OpenFHE	2026-09-06T13:45:39.6236969Z   pythonLocation: /opt/hostedtoolcache/Python/3.12.14/x64
linux-gcc	Configure pristine OpenFHE	2026-09-06T13:45:39.6237393Z   PKG_CONFIG_PATH: /opt/hostedtoolcache/Python/3.12.14/x64/lib/pkgconfig
linux-gcc	Configure pristine OpenFHE	2026-09-06T13:45:39.6237827Z   Python_ROOT_DIR: /opt/hostedtoolcache/Python/3.12.14/x64
linux-gcc	Configure pristine OpenFHE	2026-09-06T13:45:39.6238212Z   Python2_ROOT_DIR: /opt/hostedtoolcache/Python/3.12.14/x64
linux-gcc	Configure pristine OpenFHE	2026-09-06T13:45:39.6238598Z   Python3_ROOT_DIR: /opt/hostedtoolcache/Python/3.12.14/x64
linux-gcc	Configure pristine OpenFHE	2026-09-06T13:45:39.6238977Z   LD_LIBRARY_PATH: /opt/hostedtoolcache/Python/3.12.14/x64/lib
linux-gcc	Configure pristine OpenFHE	2026-09-06T13:45:39.6239296Z ##[endgroup]
linux-gcc	Configure pristine OpenFHE	2026-09-06T13:45:40.1390242Z -- The C compiler identification is GNU 13.3.0
linux-gcc	Configure pristine OpenFHE	2026-09-06T13:45:40.2945411Z -- The CXX compiler identification is GNU 13.3.0
linux-gcc	Configure pristine OpenFHE	2026-09-06T13:45:40.4055608Z -- Detecting C compiler ABI info
linux-gcc	Configure pristine OpenFHE	2026-09-06T13:45:40.6233969Z -- Detecting C compiler ABI info - done
linux-gcc	Configure pristine OpenFHE	2026-09-06T13:45:40.6411013Z -- Check for working C compiler: /usr/bin/cc - skipped
linux-gcc	Configure pristine OpenFHE	2026-09-06T13:45:40.6490394Z -- Detecting C compile features
linux-gcc	Configure pristine OpenFHE	2026-09-06T13:45:40.6497681Z -- Detecting C compile features - done
linux-gcc	Configure pristine OpenFHE	2026-09-06T13:45:40.6770653Z -- Detecting CXX compiler ABI info
linux-gcc	Configure pristine OpenFHE	2026-09-06T13:45:40.7561060Z -- Detecting CXX compiler ABI info - done
linux-gcc	Configure pristine OpenFHE	2026-09-06T13:45:40.7746372Z -- Check for working CXX compiler: /usr/bin/c++ - skipped
linux-gcc	Configure pristine OpenFHE	2026-09-06T13:45:40.7749998Z -- Detecting CXX compile features
linux-gcc	Configure pristine OpenFHE	2026-09-06T13:45:40.7756728Z -- Detecting CXX compile features - done
linux-gcc	Configure pristine OpenFHE	2026-09-06T13:45:40.7892973Z -- Building in Release mode
linux-gcc	Configure pristine OpenFHE	2026-09-06T13:45:40.7893601Z -- BUILD_UNITTESTS:    OFF
linux-gcc	Configure pristine OpenFHE	2026-09-06T13:45:40.7894045Z -- BUILD_EXAMPLES:     OFF
linux-gcc	Configure pristine OpenFHE	2026-09-06T13:45:40.7894462Z -- BUILD_BENCHMARKS:   OFF
linux-gcc	Configure pristine OpenFHE	2026-09-06T13:45:40.7894885Z -- BUILD_EXTRAS:       OFF
linux-gcc	Configure pristine OpenFHE	2026-09-06T13:45:40.7895489Z -- BUILD_STATIC:       OFF
linux-gcc	Configure pristine OpenFHE	2026-09-06T13:45:40.7895960Z -- BUILD_SHARED:       ON
linux-gcc	Configure pristine OpenFHE	2026-09-06T13:45:40.7896391Z -- GIT_SUBMOD_AUTO:    ON
linux-gcc	Configure pristine OpenFHE	2026-09-06T13:45:40.7896786Z -- WITH_BE2:           OFF
linux-gcc	Configure pristine OpenFHE	2026-09-06T13:45:40.7897111Z -- WITH_BE4:           OFF
linux-gcc	Configure pristine OpenFHE	2026-09-06T13:45:40.7897446Z -- WITH_NTL:           OFF
linux-gcc	Configure pristine OpenFHE	2026-09-06T13:45:40.7897846Z -- WITH_TCM:           OFF
linux-gcc	Configure pristine OpenFHE	2026-09-06T13:45:40.7898252Z -- WITH_OPENMP:        ON
linux-gcc	Configure pristine OpenFHE	2026-09-06T13:45:40.7898649Z -- NATIVE_SIZE:        64
linux-gcc	Configure pristine OpenFHE	2026-09-06T13:45:40.7898955Z -- CKKS_M_FACTOR:      1
linux-gcc	Configure pristine OpenFHE	2026-09-06T13:45:40.7899224Z -- WITH_NATIVEOPT:     OFF
linux-gcc	Configure pristine OpenFHE	2026-09-06T13:45:40.7899492Z -- WITH_COVTEST:       OFF
linux-gcc	Configure pristine OpenFHE	2026-09-06T13:45:40.7899754Z -- WITH_NOISE_DEBUG:   OFF
linux-gcc	Configure pristine OpenFHE	2026-09-06T13:45:40.7900013Z -- WITH_REDUCED_NOISE: OFF
linux-gcc	Configure pristine OpenFHE	2026-09-06T13:45:40.7900271Z -- USE_MACPORTS:       OFF
linux-gcc	Configure pristine OpenFHE	2026-09-06T13:45:40.7900980Z ***** INSTALL IS AT /home/runner/work/20231788./20231788./.ci/openfhe-install; to change, run cmake with -DCMAKE_INSTALL_PREFIX=/your/path
linux-gcc	Configure pristine OpenFHE	2026-09-06T13:45:40.7902079Z -- BUILTIN_INFO_AVAILABLE is defined
linux-gcc	Configure pristine OpenFHE	2026-09-06T13:45:40.7921039Z -- Architecture is x86_64
linux-gcc	Configure pristine OpenFHE	2026-09-06T13:45:40.8284265Z -- Looking for sys/types.h
linux-gcc	Configure pristine OpenFHE	2026-09-06T13:45:40.9041605Z -- Looking for sys/types.h - found
linux-gcc	Configure pristine OpenFHE	2026-09-06T13:45:40.9042595Z -- Looking for stdint.h
linux-gcc	Configure pristine OpenFHE	2026-09-06T13:45:40.9596223Z -- Looking for stdint.h - found
linux-gcc	Configure pristine OpenFHE	2026-09-06T13:45:40.9597086Z -- Looking for stddef.h
linux-gcc	Configure pristine OpenFHE	2026-09-06T13:45:41.0122733Z -- Looking for stddef.h - found
linux-gcc	Configure pristine OpenFHE	2026-09-06T13:45:41.0123295Z -- Check size of __int128
linux-gcc	Configure pristine OpenFHE	2026-09-06T13:45:41.0708425Z -- Check size of __int128 - done
linux-gcc	Configure pristine OpenFHE	2026-09-06T13:45:41.0711233Z -- Check size of uint64_t
linux-gcc	Configure pristine OpenFHE	2026-09-06T13:45:41.1285551Z -- Check size of uint64_t - done
linux-gcc	Configure pristine OpenFHE	2026-09-06T13:45:41.1286183Z -- NATIVEINT is set to 64
linux-gcc	Configure pristine OpenFHE	2026-09-06T13:45:41.1286547Z -- MATHBACKEND is set to 4
linux-gcc	Configure pristine OpenFHE	2026-09-06T13:45:41.1290066Z -- MATHBACKEND set to 4. Setting WITH_BE4 to ON
linux-gcc	Configure pristine OpenFHE	2026-09-06T13:45:41.4138266Z -- Found OpenMP_C: -fopenmp (found version "4.5")
linux-gcc	Configure pristine OpenFHE	2026-09-06T13:45:41.4968658Z -- Found OpenMP_CXX: -fopenmp (found version "4.5")
linux-gcc	Configure pristine OpenFHE	2026-09-06T13:45:41.4973073Z -- Found OpenMP: TRUE (found version "4.5")
linux-gcc	Configure pristine OpenFHE	2026-09-06T13:45:41.5222758Z -- Found Git: /usr/bin/git (found version "2.55.0")
linux-gcc	Configure pristine OpenFHE	2026-09-06T13:45:41.5223426Z -- Submodule update
linux-gcc	Configure pristine OpenFHE	2026-09-06T13:45:41.5436652Z Synchronizing submodule url for 'third-party/cereal'
linux-gcc	Configure pristine OpenFHE	2026-09-06T13:45:41.5458393Z Synchronizing submodule url for 'third-party/google-benchmark'
linux-gcc	Configure pristine OpenFHE	2026-09-06T13:45:41.5480621Z Synchronizing submodule url for 'third-party/google-test'
linux-gcc	Configure pristine OpenFHE	2026-09-06T13:45:41.5502309Z Synchronizing submodule url for 'third-party/gperftools'
linux-gcc	Configure pristine OpenFHE	2026-09-06T13:45:41.6708841Z -- Configuring done (2.0s)
linux-gcc	Configure pristine OpenFHE	2026-09-06T13:45:41.7156650Z -- Generating done (0.0s)
linux-gcc	Configure pristine OpenFHE	2026-09-06T13:45:41.7160551Z -- Build files have been written to: /home/runner/work/20231788./20231788./.ci/openfhe-build
linux-gcc	Build and install pristine OpenFHE	﻿2026-09-06T13:45:41.7237741Z ##[group]Run cmake --build .ci/openfhe-build --parallel 2
linux-gcc	Build and install pristine OpenFHE	2026-09-06T13:45:41.7238186Z ^[[36;1mcmake --build .ci/openfhe-build --parallel 2^[[0m
linux-gcc	Build and install pristine OpenFHE	2026-09-06T13:45:41.7238572Z ^[[36;1mcmake --install .ci/openfhe-build^[[0m
linux-gcc	Build and install pristine OpenFHE	2026-09-06T13:45:41.7276018Z shell: /usr/bin/bash --noprofile --norc -e -o pipefail {0}
linux-gcc	Build and install pristine OpenFHE	2026-09-06T13:45:41.7276391Z env:
linux-gcc	Build and install pristine OpenFHE	2026-09-06T13:45:41.7276660Z   OPENFHE_COMMIT: df495ba2e91739a6dc8f1de254fc5a41155ce504
linux-gcc	Build and install pristine OpenFHE	2026-09-06T13:45:41.7277008Z   RUN_ENDPOINT_COMPLETE_GATE: 1
linux-gcc	Build and install pristine OpenFHE	2026-09-06T13:45:41.7277275Z   RUN_ENDPOINT_NEGATIVE_GATE: 1
linux-gcc	Build and install pristine OpenFHE	2026-09-06T13:45:41.7277538Z   RUN_ENDPOINT_CPP_INTEROP_GATE: 1
linux-gcc	Build and install pristine OpenFHE	2026-09-06T13:45:41.7277809Z   PYTHONDONTWRITEBYTECODE: 1
linux-gcc	Build and install pristine OpenFHE	2026-09-06T13:45:41.7278054Z   OMP_NUM_THREADS: 2
linux-gcc	Build and install pristine OpenFHE	2026-09-06T13:45:41.7278276Z   ENDPOINT_TEST_HOST: linux
linux-gcc	Build and install pristine OpenFHE	2026-09-06T13:45:41.7278632Z   OPENFHE_PREFIX: /home/runner/work/20231788./20231788./.ci/openfhe-install
linux-gcc	Build and install pristine OpenFHE	2026-09-06T13:45:41.7279108Z   pythonLocation: /opt/hostedtoolcache/Python/3.12.14/x64
linux-gcc	Build and install pristine OpenFHE	2026-09-06T13:45:41.7279552Z   PKG_CONFIG_PATH: /opt/hostedtoolcache/Python/3.12.14/x64/lib/pkgconfig
linux-gcc	Build and install pristine OpenFHE	2026-09-06T13:45:41.7280026Z   Python_ROOT_DIR: /opt/hostedtoolcache/Python/3.12.14/x64
linux-gcc	Build and install pristine OpenFHE	2026-09-06T13:45:41.7280421Z   Python2_ROOT_DIR: /opt/hostedtoolcache/Python/3.12.14/x64
linux-gcc	Build and install pristine OpenFHE	2026-09-06T13:45:41.7280813Z   Python3_ROOT_DIR: /opt/hostedtoolcache/Python/3.12.14/x64
linux-gcc	Build and install pristine OpenFHE	2026-09-06T13:45:41.7281218Z   LD_LIBRARY_PATH: /opt/hostedtoolcache/Python/3.12.14/x64/lib
linux-gcc	Build and install pristine OpenFHE	2026-09-06T13:45:41.7281554Z ##[endgroup]
linux-gcc	Build and install pristine OpenFHE	2026-09-06T13:45:41.7539868Z -- Copied demoData files
linux-gcc	Build and install pristine OpenFHE	2026-09-06T13:45:41.7560101Z [  0%] Built target third-party
linux-gcc	Build and install pristine OpenFHE	2026-09-06T13:45:41.7644993Z [  1%] Building CXX object src/core/CMakeFiles/coreobj.dir/lib/lattice/constants-lattice-impl.cpp.o
linux-gcc	Build and install pristine OpenFHE	2026-09-06T13:45:41.7647239Z [  2%] Building CXX object src/core/CMakeFiles/coreobj.dir/lib/lattice/lattice.cpp.o
linux-gcc	Build and install pristine OpenFHE	2026-09-06T13:45:42.3195910Z [  3%] Building CXX object src/core/CMakeFiles/coreobj.dir/lib/lattice/stdlatticeparms.cpp.o
linux-gcc	Build and install pristine OpenFHE	2026-09-06T13:45:43.0359086Z [  4%] Building CXX object src/core/CMakeFiles/coreobj.dir/lib/lattice/trapdoor-dcrtpoly.cpp.o
linux-gcc	Build and install pristine OpenFHE	2026-09-06T13:45:49.2844294Z [  5%] Building CXX object src/core/CMakeFiles/coreobj.dir/lib/lattice/trapdoor-poly.cpp.o
linux-gcc	Build and install pristine OpenFHE	2026-09-06T13:45:56.6691929Z [  6%] Building CXX object src/core/CMakeFiles/coreobj.dir/lib/math/chebyshev.cpp.o
linux-gcc	Build and install pristine OpenFHE	2026-09-06T13:45:56.8602992Z [  6%] Building CXX object src/core/CMakeFiles/coreobj.dir/lib/math/dftransform.cpp.o
linux-gcc	Build and install pristine OpenFHE	2026-09-06T13:45:57.2318716Z [  7%] Building CXX object src/core/CMakeFiles/coreobj.dir/lib/math/discretegaussiangeneratorgeneric.cpp.o
linux-gcc	Build and install pristine OpenFHE	2026-09-06T13:45:57.9296984Z [  8%] Building CXX object src/core/CMakeFiles/coreobj.dir/lib/math/distributiongenerator.cpp.o
linux-gcc	Build and install pristine OpenFHE	2026-09-06T13:45:58.1650569Z [  9%] Building CXX object src/core/CMakeFiles/coreobj.dir/lib/math/hal/bigintdyn/be4-math-impl.cpp.o
linux-gcc	Build and install pristine OpenFHE	2026-09-06T13:45:58.4429340Z [ 10%] Building CXX object src/core/CMakeFiles/coreobj.dir/lib/math/hal/bigintdyn/mubintvecdyn.cpp.o
linux-gcc	Build and install pristine OpenFHE	2026-09-06T13:46:00.5182758Z [ 11%] Building CXX object src/core/CMakeFiles/coreobj.dir/lib/math/hal/bigintdyn/ubintdyn.cpp.o
linux-gcc	Build and install pristine OpenFHE	2026-09-06T13:46:01.8121260Z [ 12%] Building CXX object src/core/CMakeFiles/coreobj.dir/lib/math/hal/bigintfxd/be2-math-impl.cpp.o
linux-gcc	Build and install pristine OpenFHE	2026-09-06T13:46:01.8242099Z [ 13%] Building CXX object src/core/CMakeFiles/coreobj.dir/lib/math/hal/bigintfxd/mubintvecfxd.cpp.o
linux-gcc	Build and install pristine OpenFHE	2026-09-06T13:46:01.8364233Z [ 14%] Building CXX object src/core/CMakeFiles/coreobj.dir/lib/math/hal/bigintfxd/ubintfxd.cpp.o
linux-gcc	Build and install pristine OpenFHE	2026-09-06T13:46:01.8487631Z [ 15%] Building CXX object src/core/CMakeFiles/coreobj.dir/lib/math/hal/bigintntl/be6-math-impl.cpp.o
linux-gcc	Build and install pristine OpenFHE	2026-09-06T13:46:01.8609876Z [ 15%] Building CXX object src/core/CMakeFiles/coreobj.dir/lib/math/hal/bigintntl/mubintvecntl.cpp.o
linux-gcc	Build and install pristine OpenFHE	2026-09-06T13:46:01.8733096Z [ 16%] Building CXX object src/core/CMakeFiles/coreobj.dir/lib/math/hal/bigintntl/ubintntl.cpp.o
linux-gcc	Build and install pristine OpenFHE	2026-09-06T13:46:01.8855361Z [ 17%] Building CXX object src/core/CMakeFiles/coreobj.dir/lib/math/hal/intnat/benative-math-impl.cpp.o
linux-gcc	Build and install pristine OpenFHE	2026-09-06T13:46:02.7748018Z [ 18%] Building CXX object src/core/CMakeFiles/coreobj.dir/lib/math/hal/intnat/mubintvecnat.cpp.o
linux-gcc	Build and install pristine OpenFHE	2026-09-06T13:46:04.4357944Z [ 19%] Building CXX object src/core/CMakeFiles/coreobj.dir/lib/math/hermite.cpp.o
linux-gcc	Build and install pristine OpenFHE	2026-09-06T13:46:05.2462989Z [ 20%] Building CXX object src/core/CMakeFiles/coreobj.dir/lib/math/matrix.cpp.o
linux-gcc	Build and install pristine OpenFHE	2026-09-06T13:46:05.5967083Z [ 21%] Building CXX object src/core/CMakeFiles/coreobj.dir/lib/math/nbtheory2.cpp.o
linux-gcc	Build and install pristine OpenFHE	2026-09-06T13:46:06.7109012Z [ 22%] Building CXX object src/core/CMakeFiles/coreobj.dir/lib/utils/blockAllocator/blockAllocator.cpp.o
linux-gcc	Build and install pristine OpenFHE	2026-09-06T13:46:07.0933849Z [ 23%] Building CXX object src/core/CMakeFiles/coreobj.dir/lib/utils/blockAllocator/xallocator.cpp.o
linux-gcc	Build and install pristine OpenFHE	2026-09-06T13:46:07.6741943Z [ 24%] Building CXX object src/core/CMakeFiles/coreobj.dir/lib/utils/debug.cpp.o
linux-gcc	Build and install pristine OpenFHE	2026-09-06T13:46:07.9777864Z [ 24%] Building CXX object src/core/CMakeFiles/coreobj.dir/lib/utils/demangle.cpp.o
linux-gcc	Build and install pristine OpenFHE	2026-09-06T13:46:08.1848560Z [ 25%] Building CXX object src/core/CMakeFiles/coreobj.dir/lib/utils/get-call-stack.cpp.o
linux-gcc	Build and install pristine OpenFHE	2026-09-06T13:46:08.4881540Z [ 26%] Building CXX object src/core/CMakeFiles/coreobj.dir/lib/utils/hashutil.cpp.o
linux-gcc	Build and install pristine OpenFHE	2026-09-06T13:46:08.5510792Z [ 27%] Building CXX object src/core/CMakeFiles/coreobj.dir/lib/utils/inttypes.cpp.o
linux-gcc	Build and install pristine OpenFHE	2026-09-06T13:46:08.7739464Z [ 28%] Building CXX object src/core/CMakeFiles/coreobj.dir/lib/utils/memory.cpp.o
linux-gcc	Build and install pristine OpenFHE	2026-09-06T13:46:08.9942772Z [ 29%] Building CXX object src/core/CMakeFiles/coreobj.dir/lib/utils/openfhebase64.cpp.o
linux-gcc	Build and install pristine OpenFHE	2026-09-06T13:46:09.0167701Z [ 30%] Building CXX object src/core/CMakeFiles/coreobj.dir/lib/utils/parallel.cpp.o
linux-gcc	Build and install pristine OpenFHE	2026-09-06T13:46:09.0368867Z [ 31%] Building C object src/core/CMakeFiles/coreobj.dir/lib/utils/prng/blake2b-ref.c.o
linux-gcc	Build and install pristine OpenFHE	2026-09-06T13:46:09.2323590Z [ 32%] Building CXX object src/core/CMakeFiles/coreobj.dir/lib/utils/prng/blake2engine.cpp.o
linux-gcc	Build and install pristine OpenFHE	2026-09-06T13:46:09.2969153Z [ 34%] Building C object src/core/CMakeFiles/coreobj.dir/lib/utils/prng/blake2xb-ref.c.o
linux-gcc	Build and install pristine OpenFHE	2026-09-06T13:46:09.3595030Z [ 34%] Building CXX object src/core/CMakeFiles/coreobj.dir/lib/utils/utilities.cpp.o
linux-gcc	Build and install pristine OpenFHE	2026-09-06T13:46:09.7920605Z [ 34%] Built target coreobj
linux-gcc	Build and install pristine OpenFHE	2026-09-06T13:46:09.7993495Z [ 35%] Linking CXX shared library ../../lib/libOPENFHEcore.so
linux-gcc	Build and install pristine OpenFHE	2026-09-06T13:46:09.9082036Z [ 35%] Built target OPENFHEcore
linux-gcc	Build and install pristine OpenFHE	2026-09-06T13:46:09.9156414Z [ 36%] Building CXX object src/binfhe/CMakeFiles/binfheobj.dir/lib/binfhe-base-scheme.cpp.o
linux-gcc	Build and install pristine OpenFHE	2026-09-06T13:46:09.9157929Z [ 37%] Building CXX object src/binfhe/CMakeFiles/binfheobj.dir/lib/binfhe-constants-impl.cpp.o
linux-gcc	Build and install pristine OpenFHE	2026-09-06T13:46:10.3549226Z [ 38%] Building CXX object src/binfhe/CMakeFiles/binfheobj.dir/lib/binfhecontext.cpp.o
linux-gcc	Build and install pristine OpenFHE	2026-09-06T13:46:13.3726509Z [ 39%] Building CXX object src/binfhe/CMakeFiles/binfheobj.dir/lib/lwe-pke.cpp.o
linux-gcc	Build and install pristine OpenFHE	2026-09-06T13:46:13.5912888Z [ 40%] Building CXX object src/binfhe/CMakeFiles/binfheobj.dir/lib/rgsw-acc-cggi.cpp.o
linux-gcc	Build and install pristine OpenFHE	2026-09-06T13:46:15.1199173Z [ 41%] Building CXX object src/binfhe/CMakeFiles/binfheobj.dir/lib/rgsw-acc-dm.cpp.o
linux-gcc	Build and install pristine OpenFHE	2026-09-06T13:46:15.7174658Z [ 41%] Building CXX object src/binfhe/CMakeFiles/binfheobj.dir/lib/rgsw-acc-lmkcdey.cpp.o
linux-gcc	Build and install pristine OpenFHE	2026-09-06T13:46:17.2119414Z [ 42%] Building CXX object src/binfhe/CMakeFiles/binfheobj.dir/lib/rgsw-acc.cpp.o
linux-gcc	Build and install pristine OpenFHE	2026-09-06T13:46:18.2506515Z [ 43%] Building CXX object src/binfhe/CMakeFiles/binfheobj.dir/lib/rgsw-cryptoparameters.cpp.o
linux-gcc	Build and install pristine OpenFHE	2026-09-06T13:46:20.0068411Z [ 43%] Built target binfheobj
linux-gcc	Build and install pristine OpenFHE	2026-09-06T13:46:20.0138296Z [ 43%] Linking CXX shared library ../../lib/libOPENFHEbinfhe.so
linux-gcc	Build and install pristine OpenFHE	2026-09-06T13:46:20.0828886Z [ 43%] Built target OPENFHEbinfhe
linux-gcc	Build and install pristine OpenFHE	2026-09-06T13:46:20.0923125Z [ 44%] Building CXX object src/pke/CMakeFiles/pkeobj.dir/lib/ciphertext-impl.cpp.o
linux-gcc	Build and install pristine OpenFHE	2026-09-06T13:46:20.0925980Z [ 45%] Building CXX object src/pke/CMakeFiles/pkeobj.dir/lib/constants-impl.cpp.o
linux-gcc	Build and install pristine OpenFHE	2026-09-06T13:46:20.7326632Z [ 46%] Building CXX object src/pke/CMakeFiles/pkeobj.dir/lib/cryptocontext.cpp.o
linux-gcc	Build and install pristine OpenFHE	2026-09-06T13:46:24.5997806Z [ 47%] Building CXX object src/pke/CMakeFiles/pkeobj.dir/lib/cryptocontextfactory.cpp.o
linux-gcc	Build and install pristine OpenFHE	2026-09-06T13:46:28.7055541Z [ 48%] Building CXX object src/pke/CMakeFiles/pkeobj.dir/lib/cryptoobject-impl.cpp.o
linux-gcc	Build and install pristine OpenFHE	2026-09-06T13:46:30.6004250Z [ 49%] Building CXX object src/pke/CMakeFiles/pkeobj.dir/lib/encoding/ckkspackedencoding.cpp.o
linux-gcc	Build and install pristine OpenFHE	2026-09-06T13:46:31.5547655Z [ 50%] Building CXX object src/pke/CMakeFiles/pkeobj.dir/lib/encoding/coefpackedencoding.cpp.o
linux-gcc	Build and install pristine OpenFHE	2026-09-06T13:46:33.7992515Z [ 51%] Building CXX object src/pke/CMakeFiles/pkeobj.dir/lib/encoding/encodingparams.cpp.o
linux-gcc	Build and install pristine OpenFHE	2026-09-06T13:46:34.5710571Z [ 51%] Building CXX object src/pke/CMakeFiles/pkeobj.dir/lib/encoding/packedencoding.cpp.o
linux-gcc	Build and install pristine OpenFHE	2026-09-06T13:46:34.6852156Z [ 52%] Building CXX object src/pke/CMakeFiles/pkeobj.dir/lib/encoding/stringencoding.cpp.o
linux-gcc	Build and install pristine OpenFHE	2026-09-06T13:46:37.6411962Z [ 53%] Building CXX object src/pke/CMakeFiles/pkeobj.dir/lib/globals-impl.cpp.o
linux-gcc	Build and install pristine OpenFHE	2026-09-06T13:46:37.6595730Z [ 54%] Building CXX object src/pke/CMakeFiles/pkeobj.dir/lib/key/evalkey.cpp.o
linux-gcc	Build and install pristine OpenFHE	2026-09-06T13:46:39.3039459Z [ 55%] Building CXX object src/pke/CMakeFiles/pkeobj.dir/lib/key/evalkeyrelin.cpp.o
linux-gcc	Build and install pristine OpenFHE	2026-09-06T13:46:39.4509100Z [ 56%] Building CXX object src/pke/CMakeFiles/pkeobj.dir/lib/key/privatekey.cpp.o
linux-gcc	Build and install pristine OpenFHE	2026-09-06T13:46:42.7619981Z [ 57%] Building CXX object src/pke/CMakeFiles/pkeobj.dir/lib/key/publickey.cpp.o
linux-gcc	Build and install pristine OpenFHE	2026-09-06T13:46:42.8068958Z [ 58%] Building CXX object src/pke/CMakeFiles/pkeobj.dir/lib/keyswitch/keyswitch-base.cpp.o
linux-gcc	Build and install pristine OpenFHE	2026-09-06T13:46:44.8339140Z [ 59%] Building CXX object src/pke/CMakeFiles/pkeobj.dir/lib/keyswitch/keyswitch-bv.cpp.o
linux-gcc	Build and install pristine OpenFHE	2026-09-06T13:46:46.2232893Z [ 60%] Building CXX object src/pke/CMakeFiles/pkeobj.dir/lib/keyswitch/keyswitch-hybrid.cpp.o
linux-gcc	Build and install pristine OpenFHE	2026-09-06T13:46:48.8736324Z [ 60%] Building CXX object src/pke/CMakeFiles/pkeobj.dir/lib/scheme/bfvrns/bfvrns-cryptoparameters.cpp.o
linux-gcc	Build and install pristine OpenFHE	2026-09-06T13:46:50.4246949Z [ 61%] Building CXX object src/pke/CMakeFiles/pkeobj.dir/lib/scheme/bfvrns/bfvrns-leveledshe.cpp.o
linux-gcc	Build and install pristine OpenFHE	2026-09-06T13:46:53.3409288Z [ 62%] Building CXX object src/pke/CMakeFiles/pkeobj.dir/lib/scheme/bfvrns/bfvrns-multiparty.cpp.o
linux-gcc	Build and install pristine OpenFHE	2026-09-06T13:46:55.7899379Z [ 63%] Building CXX object src/pke/CMakeFiles/pkeobj.dir/lib/scheme/bfvrns/bfvrns-parametergeneration.cpp.o
linux-gcc	Build and install pristine OpenFHE	2026-09-06T13:46:57.4366446Z [ 64%] Building CXX object src/pke/CMakeFiles/pkeobj.dir/lib/scheme/bfvrns/bfvrns-pke.cpp.o
linux-gcc	Build and install pristine OpenFHE	2026-09-06T13:46:58.9598123Z [ 65%] Building CXX object src/pke/CMakeFiles/pkeobj.dir/lib/scheme/bfvrns/bfvrns-scheme.cpp.o
linux-gcc	Build and install pristine OpenFHE	2026-09-06T13:47:01.6612942Z [ 67%] Building CXX object src/pke/CMakeFiles/pkeobj.dir/lib/scheme/bgvrns/bgvrns-cryptoparameters.cpp.o
linux-gcc	Build and install pristine OpenFHE	2026-09-06T13:47:03.8754842Z [ 68%] Building CXX object src/pke/CMakeFiles/pkeobj.dir/lib/scheme/bgvrns/bgvrns-leveledshe.cpp.o
linux-gcc	Build and install pristine OpenFHE	2026-09-06T13:47:03.9919353Z [ 69%] Building CXX object src/pke/CMakeFiles/pkeobj.dir/lib/scheme/bgvrns/bgvrns-multiparty.cpp.o
linux-gcc	Build and install pristine OpenFHE	2026-09-06T13:47:06.0452751Z [ 70%] Building CXX object src/pke/CMakeFiles/pkeobj.dir/lib/scheme/bgvrns/bgvrns-parametergeneration.cpp.o
linux-gcc	Build and install pristine OpenFHE	2026-09-06T13:47:07.6332116Z [ 70%] Building CXX object src/pke/CMakeFiles/pkeobj.dir/lib/scheme/bgvrns/bgvrns-pke.cpp.o
linux-gcc	Build and install pristine OpenFHE	2026-09-06T13:47:09.3975658Z [ 71%] Building CXX object src/pke/CMakeFiles/pkeobj.dir/lib/scheme/bgvrns/bgvrns-scheme.cpp.o
linux-gcc	Build and install pristine OpenFHE	2026-09-06T13:47:11.2883508Z [ 72%] Building CXX object src/pke/CMakeFiles/pkeobj.dir/lib/scheme/ckksrns/ckksrns-advancedshe.cpp.o
linux-gcc	Build and install pristine OpenFHE	2026-09-06T13:47:14.4373316Z [ 73%] Building CXX object src/pke/CMakeFiles/pkeobj.dir/lib/scheme/ckksrns/ckksrns-cryptoparameters.cpp.o
linux-gcc	Build and install pristine OpenFHE	2026-09-06T13:47:16.5692312Z [ 74%] Building CXX object src/pke/CMakeFiles/pkeobj.dir/lib/scheme/ckksrns/ckksrns-fhe.cpp.o
linux-gcc	Build and install pristine OpenFHE	2026-09-06T13:47:16.6276988Z [ 75%] Building CXX object src/pke/CMakeFiles/pkeobj.dir/lib/scheme/ckksrns/ckksrns-leveledshe.cpp.o
linux-gcc	Build and install pristine OpenFHE	2026-09-06T13:47:21.1413341Z [ 76%] Building CXX object src/pke/CMakeFiles/pkeobj.dir/lib/scheme/ckksrns/ckksrns-multiparty.cpp.o
linux-gcc	Build and install pristine OpenFHE	2026-09-06T13:47:26.0424262Z [ 77%] Building CXX object src/pke/CMakeFiles/pkeobj.dir/lib/scheme/ckksrns/ckksrns-parametergeneration.cpp.o
linux-gcc	Build and install pristine OpenFHE	2026-09-06T13:47:27.4223973Z [ 78%] Building CXX object src/pke/CMakeFiles/pkeobj.dir/lib/scheme/ckksrns/ckksrns-pke.cpp.o
linux-gcc	Build and install pristine OpenFHE	2026-09-06T13:47:28.7007946Z [ 79%] Building CXX object src/pke/CMakeFiles/pkeobj.dir/lib/scheme/ckksrns/ckksrns-scheme.cpp.o
linux-gcc	Build and install pristine OpenFHE	2026-09-06T13:47:31.0796598Z [ 79%] Building CXX object src/pke/CMakeFiles/pkeobj.dir/lib/scheme/ckksrns/ckksrns-schemeswitching.cpp.o
linux-gcc	Build and install pristine OpenFHE	2026-09-06T13:47:33.7206742Z [ 80%] Building CXX object src/pke/CMakeFiles/pkeobj.dir/lib/scheme/ckksrns/ckksrns-utils.cpp.o
linux-gcc	Build and install pristine OpenFHE	2026-09-06T13:47:36.3990312Z [ 81%] Building CXX object src/pke/CMakeFiles/pkeobj.dir/lib/scheme/gen-cryptocontext-params-impl.cpp.o
linux-gcc	Build and install pristine OpenFHE	2026-09-06T13:47:37.0640703Z [ 82%] Building CXX object src/pke/CMakeFiles/pkeobj.dir/lib/scheme/gen-cryptocontext-params-validation.cpp.o
linux-gcc	Build and install pristine OpenFHE	2026-09-06T13:47:37.7714587Z [ 83%] Building CXX object src/pke/CMakeFiles/pkeobj.dir/lib/scheme/scheme-id-impl.cpp.o
linux-gcc	Build and install pristine OpenFHE	2026-09-06T13:47:38.2511556Z [ 84%] Building CXX object src/pke/CMakeFiles/pkeobj.dir/lib/scheme/scheme-swch-params.cpp.o
linux-gcc	Build and install pristine OpenFHE	2026-09-06T13:47:39.0375410Z [ 85%] Building CXX object src/pke/CMakeFiles/pkeobj.dir/lib/schemebase/base-advancedshe.cpp.o
linux-gcc	Build and install pristine OpenFHE	2026-09-06T13:47:40.5744834Z [ 86%] Building CXX object src/pke/CMakeFiles/pkeobj.dir/lib/schemebase/base-cryptoparameters.cpp.o
linux-gcc	Build and install pristine OpenFHE	2026-09-06T13:47:41.8950218Z [ 87%] Building CXX object src/pke/CMakeFiles/pkeobj.dir/lib/schemebase/base-fhe.cpp.o
linux-gcc	Build and install pristine OpenFHE	2026-09-06T13:47:43.8347641Z [ 88%] Building CXX object src/pke/CMakeFiles/pkeobj.dir/lib/schemebase/base-leveledshe.cpp.o
linux-gcc	Build and install pristine OpenFHE	2026-09-06T13:47:44.7733129Z [ 88%] Building CXX object src/pke/CMakeFiles/pkeobj.dir/lib/schemebase/base-multiparty.cpp.o
linux-gcc	Build and install pristine OpenFHE	2026-09-06T13:47:49.0330266Z [ 89%] Building CXX object src/pke/CMakeFiles/pkeobj.dir/lib/schemebase/base-parametergeneration.cpp.o
linux-gcc	Build and install pristine OpenFHE	2026-09-06T13:47:49.5585859Z [ 90%] Building CXX object src/pke/CMakeFiles/pkeobj.dir/lib/schemebase/base-pke.cpp.o
linux-gcc	Build and install pristine OpenFHE	2026-09-06T13:47:50.2028718Z [ 91%] Building CXX object src/pke/CMakeFiles/pkeobj.dir/lib/schemebase/base-pre.cpp.o
linux-gcc	Build and install pristine OpenFHE	2026-09-06T13:47:53.7560236Z [ 92%] Building CXX object src/pke/CMakeFiles/pkeobj.dir/lib/schemebase/base-scheme.cpp.o
linux-gcc	Build and install pristine OpenFHE	2026-09-06T13:47:53.9985046Z [ 93%] Building CXX object src/pke/CMakeFiles/pkeobj.dir/lib/schemebase/rlwe-cryptoparameters-impl.cpp.o
linux-gcc	Build and install pristine OpenFHE	2026-09-06T13:47:55.4011460Z [ 94%] Building CXX object src/pke/CMakeFiles/pkeobj.dir/lib/schemelet/rlwe-mp.cpp.o
linux-gcc	Build and install pristine OpenFHE	2026-09-06T13:47:58.9673735Z [ 95%] Building CXX object src/pke/CMakeFiles/pkeobj.dir/lib/schemerns/rns-cryptoparameters.cpp.o
linux-gcc	Build and install pristine OpenFHE	2026-09-06T13:47:59.7816192Z [ 96%] Building CXX object src/pke/CMakeFiles/pkeobj.dir/lib/schemerns/rns-leveledshe.cpp.o
linux-gcc	Build and install pristine OpenFHE	2026-09-06T13:48:02.4719088Z [ 97%] Building CXX object src/pke/CMakeFiles/pkeobj.dir/lib/schemerns/rns-multiparty.cpp.o
linux-gcc	Build and install pristine OpenFHE	2026-09-06T13:48:04.2862154Z [ 98%] Building CXX object src/pke/CMakeFiles/pkeobj.dir/lib/schemerns/rns-pke.cpp.o
linux-gcc	Build and install pristine OpenFHE	2026-09-06T13:48:08.1360333Z [ 98%] Built target pkeobj
linux-gcc	Build and install pristine OpenFHE	2026-09-06T13:48:08.1438450Z [100%] Linking CXX shared library ../../lib/libOPENFHEpke.so
linux-gcc	Build and install pristine OpenFHE	2026-09-06T13:48:08.3448717Z [100%] Built target OPENFHEpke
linux-gcc	Build and install pristine OpenFHE	2026-09-06T13:48:08.3522657Z -- Install configuration: "Release"
linux-gcc	Build and install pristine OpenFHE	2026-09-06T13:48:08.3642153Z -- Installing: /home/runner/work/20231788./20231788./.ci/openfhe-install/include/openfhe/core/config_core.h
linux-gcc	Build and install pristine OpenFHE	2026-09-06T13:48:08.3644803Z -- Installing: /home/runner/work/20231788./20231788./.ci/openfhe-install/include/openfhe/cereal
linux-gcc	Build and install pristine OpenFHE	2026-09-06T13:48:08.3646356Z -- Installing: /home/runner/work/20231788./20231788./.ci/openfhe-install/include/openfhe/cereal/external
linux-gcc	Build and install pristine OpenFHE	2026-09-06T13:48:08.3647787Z -- Installing: /home/runner/work/20231788./20231788./.ci/openfhe-install/include/openfhe/cereal/external/rapidjson
linux-gcc	Build and install pristine OpenFHE	2026-09-06T13:48:08.3649405Z -- Installing: /home/runner/work/20231788./20231788./.ci/openfhe-install/include/openfhe/cereal/external/rapidjson/memorybuffer.h
linux-gcc	Build and install pristine OpenFHE	2026-09-06T13:48:08.3651056Z -- Installing: /home/runner/work/20231788./20231788./.ci/openfhe-install/include/openfhe/cereal/external/rapidjson/writer.h
linux-gcc	Build and install pristine OpenFHE	2026-09-06T13:48:08.3653327Z -- Installing: /home/runner/work/20231788./20231788./.ci/openfhe-install/include/openfhe/cereal/external/rapidjson/reader.h
linux-gcc	Build and install pristine OpenFHE	2026-09-06T13:48:08.3656981Z -- Installing: /home/runner/work/20231788./20231788./.ci/openfhe-install/include/openfhe/cereal/external/rapidjson/istreamwrapper.h
linux-gcc	Build and install pristine OpenFHE	2026-09-06T13:48:08.3658619Z -- Installing: /home/runner/work/20231788./20231788./.ci/openfhe-install/include/openfhe/cereal/external/rapidjson/cursorstreamwrapper.h
linux-gcc	Build and install pristine OpenFHE	2026-09-06T13:48:08.3660440Z -- Installing: /home/runner/work/20231788./20231788./.ci/openfhe-install/include/openfhe/cereal/external/rapidjson/schema.h
linux-gcc	Build and install pristine OpenFHE	2026-09-06T13:48:08.3663926Z -- Installing: /home/runner/work/20231788./20231788./.ci/openfhe-install/include/openfhe/cereal/external/rapidjson/fwd.h
linux-gcc	Build and install pristine OpenFHE	2026-09-06T13:48:08.3665603Z -- Installing: /home/runner/work/20231788./20231788./.ci/openfhe-install/include/openfhe/cereal/external/rapidjson/internal
linux-gcc	Build and install pristine OpenFHE	2026-09-06T13:48:08.3667146Z -- Installing: /home/runner/work/20231788./20231788./.ci/openfhe-install/include/openfhe/cereal/external/rapidjson/internal/stack.h
linux-gcc	Build and install pristine OpenFHE	2026-09-06T13:48:08.3669207Z -- Installing: /home/runner/work/20231788./20231788./.ci/openfhe-install/include/openfhe/cereal/external/rapidjson/internal/strfunc.h
linux-gcc	Build and install pristine OpenFHE	2026-09-06T13:48:08.3671052Z -- Installing: /home/runner/work/20231788./20231788./.ci/openfhe-install/include/openfhe/cereal/external/rapidjson/internal/diyfp.h
linux-gcc	Build and install pristine OpenFHE	2026-09-06T13:48:08.3673118Z -- Installing: /home/runner/work/20231788./20231788./.ci/openfhe-install/include/openfhe/cereal/external/rapidjson/internal/ieee754.h
linux-gcc	Build and install pristine OpenFHE	2026-09-06T13:48:08.3674964Z -- Installing: /home/runner/work/20231788./20231788./.ci/openfhe-install/include/openfhe/cereal/external/rapidjson/internal/itoa.h
linux-gcc	Build and install pristine OpenFHE	2026-09-06T13:48:08.3677254Z -- Installing: /home/runner/work/20231788./20231788./.ci/openfhe-install/include/openfhe/cereal/external/rapidjson/internal/strtod.h
linux-gcc	Build and install pristine OpenFHE	2026-09-06T13:48:08.3679284Z -- Installing: /home/runner/work/20231788./20231788./.ci/openfhe-install/include/openfhe/cereal/external/rapidjson/internal/swap.h
linux-gcc	Build and install pristine OpenFHE	2026-09-06T13:48:08.3681194Z -- Installing: /home/runner/work/20231788./20231788./.ci/openfhe-install/include/openfhe/cereal/external/rapidjson/internal/biginteger.h
linux-gcc	Build and install pristine OpenFHE	2026-09-06T13:48:08.3683144Z -- Installing: /home/runner/work/20231788./20231788./.ci/openfhe-install/include/openfhe/cereal/external/rapidjson/internal/dtoa.h
linux-gcc	Build and install pristine OpenFHE	2026-09-06T13:48:08.3685345Z -- Installing: /home/runner/work/20231788./20231788./.ci/openfhe-install/include/openfhe/cereal/external/rapidjson/internal/meta.h
linux-gcc	Build and install pristine OpenFHE	2026-09-06T13:48:08.3687398Z -- Installing: /home/runner/work/20231788./20231788./.ci/openfhe-install/include/openfhe/cereal/external/rapidjson/internal/pow10.h
linux-gcc	Build and install pristine OpenFHE	2026-09-06T13:48:08.3689296Z -- Installing: /home/runner/work/20231788./20231788./.ci/openfhe-install/include/openfhe/cereal/external/rapidjson/internal/regex.h
linux-gcc	Build and install pristine OpenFHE	2026-09-06T13:48:08.3691583Z -- Installing: /home/runner/work/20231788./20231788./.ci/openfhe-install/include/openfhe/cereal/external/rapidjson/ostreamwrapper.h
linux-gcc	Build and install pristine OpenFHE	2026-09-06T13:48:08.3693382Z -- Installing: /home/runner/work/20231788./20231788./.ci/openfhe-install/include/openfhe/cereal/external/rapidjson/memorystream.h
linux-gcc	Build and install pristine OpenFHE	2026-09-06T13:48:08.3695410Z -- Installing: /home/runner/work/20231788./20231788./.ci/openfhe-install/include/openfhe/cereal/external/rapidjson/stringbuffer.h
linux-gcc	Build and install pristine OpenFHE	2026-09-06T13:48:08.3697287Z -- Installing: /home/runner/work/20231788./20231788./.ci/openfhe-install/include/openfhe/cereal/external/rapidjson/document.h
linux-gcc	Build and install pristine OpenFHE	2026-09-06T13:48:08.3701390Z -- Installing: /home/runner/work/20231788./20231788./.ci/openfhe-install/include/openfhe/cereal/external/rapidjson/prettywriter.h
linux-gcc	Build and install pristine OpenFHE	2026-09-06T13:48:08.3703014Z -- Installing: /home/runner/work/20231788./20231788./.ci/openfhe-install/include/openfhe/cereal/external/rapidjson/filereadstream.h
linux-gcc	Build and install pristine OpenFHE	2026-09-06T13:48:08.3704716Z -- Installing: /home/runner/work/20231788./20231788./.ci/openfhe-install/include/openfhe/cereal/external/rapidjson/rapidjson.h
linux-gcc	Build and install pristine OpenFHE	2026-09-06T13:48:08.3707149Z -- Installing: /home/runner/work/20231788./20231788./.ci/openfhe-install/include/openfhe/cereal/external/rapidjson/pointer.h
linux-gcc	Build and install pristine OpenFHE	2026-09-06T13:48:08.3710096Z -- Installing: /home/runner/work/20231788./20231788./.ci/openfhe-install/include/openfhe/cereal/external/rapidjson/stream.h
linux-gcc	Build and install pristine OpenFHE	2026-09-06T13:48:08.3711794Z -- Installing: /home/runner/work/20231788./20231788./.ci/openfhe-install/include/openfhe/cereal/external/rapidjson/msinttypes
linux-gcc	Build and install pristine OpenFHE	2026-09-06T13:48:08.3713567Z -- Installing: /home/runner/work/20231788./20231788./.ci/openfhe-install/include/openfhe/cereal/external/rapidjson/msinttypes/inttypes.h
linux-gcc	Build and install pristine OpenFHE	2026-09-06T13:48:08.3715478Z -- Installing: /home/runner/work/20231788./20231788./.ci/openfhe-install/include/openfhe/cereal/external/rapidjson/msinttypes/stdint.h
linux-gcc	Build and install pristine OpenFHE	2026-09-06T13:48:08.3717052Z -- Installing: /home/runner/work/20231788./20231788./.ci/openfhe-install/include/openfhe/cereal/external/rapidjson/msinttypes/LICENSE
linux-gcc	Build and install pristine OpenFHE	2026-09-06T13:48:08.3718799Z -- Installing: /home/runner/work/20231788./20231788./.ci/openfhe-install/include/openfhe/cereal/external/rapidjson/allocators.h
linux-gcc	Build and install pristine OpenFHE	2026-09-06T13:48:08.3720654Z -- Installing: /home/runner/work/20231788./20231788./.ci/openfhe-install/include/openfhe/cereal/external/rapidjson/filewritestream.h
linux-gcc	Build and install pristine OpenFHE	2026-09-06T13:48:08.3722317Z -- Installing: /home/runner/work/20231788./20231788./.ci/openfhe-install/include/openfhe/cereal/external/rapidjson/LICENSE
linux-gcc	Build and install pristine OpenFHE	2026-09-06T13:48:08.3724022Z -- Installing: /home/runner/work/20231788./20231788./.ci/openfhe-install/include/openfhe/cereal/external/rapidjson/error
linux-gcc	Build and install pristine OpenFHE	2026-09-06T13:48:08.3725632Z -- Installing: /home/runner/work/20231788./20231788./.ci/openfhe-install/include/openfhe/cereal/external/rapidjson/error/error.h
linux-gcc	Build and install pristine OpenFHE	2026-09-06T13:48:08.3727466Z -- Installing: /home/runner/work/20231788./20231788./.ci/openfhe-install/include/openfhe/cereal/external/rapidjson/error/en.h
linux-gcc	Build and install pristine OpenFHE	2026-09-06T13:48:08.3729450Z -- Installing: /home/runner/work/20231788./20231788./.ci/openfhe-install/include/openfhe/cereal/external/rapidjson/encodings.h
linux-gcc	Build and install pristine OpenFHE	2026-09-06T13:48:08.3731484Z -- Installing: /home/runner/work/20231788./20231788./.ci/openfhe-install/include/openfhe/cereal/external/rapidjson/encodedstream.h
linux-gcc	Build and install pristine OpenFHE	2026-09-06T13:48:08.3733165Z -- Installing: /home/runner/work/20231788./20231788./.ci/openfhe-install/include/openfhe/cereal/external/base64.hpp
linux-gcc	Build and install pristine OpenFHE	2026-09-06T13:48:08.3748175Z -- Installing: /home/runner/work/20231788./20231788./.ci/openfhe-install/include/openfhe/cereal/external/LICENSE
linux-gcc	Build and install pristine OpenFHE	2026-09-06T13:48:08.3749276Z -- Installing: /home/runner/work/20231788./20231788./.ci/openfhe-install/include/openfhe/cereal/external/rapidxml
linux-gcc	Build and install pristine OpenFHE	2026-09-06T13:48:08.3750651Z -- Installing: /home/runner/work/20231788./20231788./.ci/openfhe-install/include/openfhe/cereal/external/rapidxml/license.txt
linux-gcc	Build and install pristine OpenFHE	2026-09-06T13:48:08.3751710Z -- Installing: /home/runner/work/20231788./20231788./.ci/openfhe-install/include/openfhe/cereal/external/rapidxml/rapidxml.hpp
linux-gcc	Build and install pristine OpenFHE	2026-09-06T13:48:08.3752998Z -- Installing: /home/runner/work/20231788./20231788./.ci/openfhe-install/include/openfhe/cereal/external/rapidxml/rapidxml_iterators.hpp
linux-gcc	Build and install pristine OpenFHE	2026-09-06T13:48:08.3754092Z -- Installing: /home/runner/work/20231788./20231788./.ci/openfhe-install/include/openfhe/cereal/external/rapidxml/rapidxml_utils.hpp
linux-gcc	Build and install pristine OpenFHE	2026-09-06T13:48:08.3754982Z -- Installing: /home/runner/work/20231788./20231788./.ci/openfhe-install/include/openfhe/cereal/external/rapidxml/rapidxml_print.hpp
linux-gcc	Build and install pristine OpenFHE	2026-09-06T13:48:08.3756572Z -- Installing: /home/runner/work/20231788./20231788./.ci/openfhe-install/include/openfhe/cereal/external/rapidxml/manual.html
linux-gcc	Build and install pristine OpenFHE	2026-09-06T13:48:08.3757553Z -- Installing: /home/runner/work/20231788./20231788./.ci/openfhe-install/include/openfhe/cereal/access.hpp
linux-gcc	Build and install pristine OpenFHE	2026-09-06T13:48:08.3758633Z -- Installing: /home/runner/work/20231788./20231788./.ci/openfhe-install/include/openfhe/cereal/version.hpp
linux-gcc	Build and install pristine OpenFHE	2026-09-06T13:48:08.3759713Z -- Installing: /home/runner/work/20231788./20231788./.ci/openfhe-install/include/openfhe/cereal/macros.hpp
linux-gcc	Build and install pristine OpenFHE	2026-09-06T13:48:08.3760406Z -- Installing: /home/runner/work/20231788./20231788./.ci/openfhe-install/include/openfhe/cereal/cereal.hpp
linux-gcc	Build and install pristine OpenFHE	2026-09-06T13:48:08.3761600Z -- Installing: /home/runner/work/20231788./20231788./.ci/openfhe-install/include/openfhe/cereal/specialize.hpp
linux-gcc	Build and install pristine OpenFHE	2026-09-06T13:48:08.3762780Z -- Installing: /home/runner/work/20231788./20231788./.ci/openfhe-install/include/openfhe/cereal/types
linux-gcc	Build and install pristine OpenFHE	2026-09-06T13:48:08.3763970Z -- Installing: /home/runner/work/20231788./20231788./.ci/openfhe-install/include/openfhe/cereal/types/memory.hpp
linux-gcc	Build and install pristine OpenFHE	2026-09-06T13:48:08.3765439Z -- Installing: /home/runner/work/20231788./20231788./.ci/openfhe-install/include/openfhe/cereal/types/optional.hpp
linux-gcc	Build and install pristine OpenFHE	2026-09-06T13:48:08.3766965Z -- Installing: /home/runner/work/20231788./20231788./.ci/openfhe-install/include/openfhe/cereal/types/stack.hpp
linux-gcc	Build and install pristine OpenFHE	2026-09-06T13:48:08.3768217Z -- Installing: /home/runner/work/20231788./20231788./.ci/openfhe-install/include/openfhe/cereal/types/set.hpp
linux-gcc	Build and install pristine OpenFHE	2026-09-06T13:48:08.3769468Z -- Installing: /home/runner/work/20231788./20231788./.ci/openfhe-install/include/openfhe/cereal/types/array.hpp
linux-gcc	Build and install pristine OpenFHE	2026-09-06T13:48:08.3770765Z -- Installing: /home/runner/work/20231788./20231788./.ci/openfhe-install/include/openfhe/cereal/types/unordered_set.hpp
linux-gcc	Build and install pristine OpenFHE	2026-09-06T13:48:08.3772062Z -- Installing: /home/runner/work/20231788./20231788./.ci/openfhe-install/include/openfhe/cereal/types/chrono.hpp
linux-gcc	Build and install pristine OpenFHE	2026-09-06T13:48:08.3773348Z -- Installing: /home/runner/work/20231788./20231788./.ci/openfhe-install/include/openfhe/cereal/types/functional.hpp
linux-gcc	Build and install pristine OpenFHE	2026-09-06T13:48:08.3774670Z -- Installing: /home/runner/work/20231788./20231788./.ci/openfhe-install/include/openfhe/cereal/types/unordered_map.hpp
linux-gcc	Build and install pristine OpenFHE	2026-09-06T13:48:08.3776138Z -- Installing: /home/runner/work/20231788./20231788./.ci/openfhe-install/include/openfhe/cereal/types/map.hpp
linux-gcc	Build and install pristine OpenFHE	2026-09-06T13:48:08.3777363Z -- Installing: /home/runner/work/20231788./20231788./.ci/openfhe-install/include/openfhe/cereal/types/concepts
linux-gcc	Build and install pristine OpenFHE	2026-09-06T13:48:08.3778828Z -- Installing: /home/runner/work/20231788./20231788./.ci/openfhe-install/include/openfhe/cereal/types/concepts/pair_associative_container.hpp
linux-gcc	Build and install pristine OpenFHE	2026-09-06T13:48:08.3780441Z -- Installing: /home/runner/work/20231788./20231788./.ci/openfhe-install/include/openfhe/cereal/types/deque.hpp
linux-gcc	Build and install pristine OpenFHE	2026-09-06T13:48:08.3781756Z -- Installing: /home/runner/work/20231788./20231788./.ci/openfhe-install/include/openfhe/cereal/types/polymorphic.hpp
linux-gcc	Build and install pristine OpenFHE	2026-09-06T13:48:08.3783064Z -- Installing: /home/runner/work/20231788./20231788./.ci/openfhe-install/include/openfhe/cereal/types/variant.hpp
linux-gcc	Build and install pristine OpenFHE	2026-09-06T13:48:08.3784322Z -- Installing: /home/runner/work/20231788./20231788./.ci/openfhe-install/include/openfhe/cereal/types/tuple.hpp
linux-gcc	Build and install pristine OpenFHE	2026-09-06T13:48:08.3785744Z -- Installing: /home/runner/work/20231788./20231788./.ci/openfhe-install/include/openfhe/cereal/types/atomic.hpp
linux-gcc	Build and install pristine OpenFHE	2026-09-06T13:48:08.3787017Z -- Installing: /home/runner/work/20231788./20231788./.ci/openfhe-install/include/openfhe/cereal/types/base_class.hpp
linux-gcc	Build and install pristine OpenFHE	2026-09-06T13:48:08.3788658Z -- Installing: /home/runner/work/20231788./20231788./.ci/openfhe-install/include/openfhe/cereal/types/string.hpp
linux-gcc	Build and install pristine OpenFHE	2026-09-06T13:48:08.3789902Z -- Installing: /home/runner/work/20231788./20231788./.ci/openfhe-install/include/openfhe/cereal/types/list.hpp
linux-gcc	Build and install pristine OpenFHE	2026-09-06T13:48:08.3791143Z -- Installing: /home/runner/work/20231788./20231788./.ci/openfhe-install/include/openfhe/cereal/types/queue.hpp
linux-gcc	Build and install pristine OpenFHE	2026-09-06T13:48:08.3792406Z -- Installing: /home/runner/work/20231788./20231788./.ci/openfhe-install/include/openfhe/cereal/types/valarray.hpp
linux-gcc	Build and install pristine OpenFHE	2026-09-06T13:48:08.3793875Z -- Installing: /home/runner/work/20231788./20231788./.ci/openfhe-install/include/openfhe/cereal/types/vector.hpp
linux-gcc	Build and install pristine OpenFHE	2026-09-06T13:48:08.3795603Z -- Installing: /home/runner/work/20231788./20231788./.ci/openfhe-install/include/openfhe/cereal/types/bitset.hpp
linux-gcc	Build and install pristine OpenFHE	2026-09-06T13:48:08.3797488Z -- Installing: /home/runner/work/20231788./20231788./.ci/openfhe-install/include/openfhe/cereal/types/boost_variant.hpp
linux-gcc	Build and install pristine OpenFHE	2026-09-06T13:48:08.3799149Z -- Installing: /home/runner/work/20231788./20231788./.ci/openfhe-install/include/openfhe/cereal/types/utility.hpp
linux-gcc	Build and install pristine OpenFHE	2026-09-06T13:48:08.3800722Z -- Installing: /home/runner/work/20231788./20231788./.ci/openfhe-install/include/openfhe/cereal/types/forward_list.hpp
linux-gcc	Build and install pristine OpenFHE	2026-09-06T13:48:08.3802211Z -- Installing: /home/runner/work/20231788./20231788./.ci/openfhe-install/include/openfhe/cereal/types/common.hpp
linux-gcc	Build and install pristine OpenFHE	2026-09-06T13:48:08.3803872Z -- Installing: /home/runner/work/20231788./20231788./.ci/openfhe-install/include/openfhe/cereal/types/complex.hpp
linux-gcc	Build and install pristine OpenFHE	2026-09-06T13:48:08.3805516Z -- Installing: /home/runner/work/20231788./20231788./.ci/openfhe-install/include/openfhe/cereal/details
linux-gcc	Build and install pristine OpenFHE	2026-09-06T13:48:08.3806937Z -- Installing: /home/runner/work/20231788./20231788./.ci/openfhe-install/include/openfhe/cereal/details/traits.hpp
linux-gcc	Build and install pristine OpenFHE	2026-09-06T13:48:08.3809733Z -- Installing: /home/runner/work/20231788./20231788./.ci/openfhe-install/include/openfhe/cereal/details/polymorphic_impl.hpp
linux-gcc	Build and install pristine OpenFHE	2026-09-06T13:48:08.3811527Z -- Installing: /home/runner/work/20231788./20231788./.ci/openfhe-install/include/openfhe/cereal/details/polymorphic_impl_fwd.hpp
linux-gcc	Build and install pristine OpenFHE	2026-09-06T13:48:08.3812915Z -- Installing: /home/runner/work/20231788./20231788./.ci/openfhe-install/include/openfhe/cereal/details/helpers.hpp
linux-gcc	Build and install pristine OpenFHE	2026-09-06T13:48:08.3814595Z -- Installing: /home/runner/work/20231788./20231788./.ci/openfhe-install/include/openfhe/cereal/details/static_object.hpp
linux-gcc	Build and install pristine OpenFHE	2026-09-06T13:48:08.3816373Z -- Installing: /home/runner/work/20231788./20231788./.ci/openfhe-install/include/openfhe/cereal/details/util.hpp
linux-gcc	Build and install pristine OpenFHE	2026-09-06T13:48:08.3817810Z -- Installing: /home/runner/work/20231788./20231788./.ci/openfhe-install/include/openfhe/cereal/archives
linux-gcc	Build and install pristine OpenFHE	2026-09-06T13:48:08.3819433Z -- Installing: /home/runner/work/20231788./20231788./.ci/openfhe-install/include/openfhe/cereal/archives/adapters.hpp
linux-gcc	Build and install pristine OpenFHE	2026-09-06T13:48:08.3820751Z -- Installing: /home/runner/work/20231788./20231788./.ci/openfhe-install/include/openfhe/cereal/archives/binary.hpp
linux-gcc	Build and install pristine OpenFHE	2026-09-06T13:48:08.3822342Z -- Installing: /home/runner/work/20231788./20231788./.ci/openfhe-install/include/openfhe/cereal/archives/json.hpp
linux-gcc	Build and install pristine OpenFHE	2026-09-06T13:48:08.3824533Z -- Installing: /home/runner/work/20231788./20231788./.ci/openfhe-install/include/openfhe/cereal/archives/xml.hpp
linux-gcc	Build and install pristine OpenFHE	2026-09-06T13:48:08.3826682Z -- Installing: /home/runner/work/20231788./20231788./.ci/openfhe-install/include/openfhe/cereal/archives/portable_binary.hpp
linux-gcc	Build and install pristine OpenFHE	2026-09-06T13:48:08.3831701Z -- Installing: /home/runner/work/20231788./20231788./.ci/openfhe-install/lib/libOPENFHEcore.so.1.5.0
linux-gcc	Build and install pristine OpenFHE	2026-09-06T13:48:08.3858464Z -- Installing: /home/runner/work/20231788./20231788./.ci/openfhe-install/lib/libOPENFHEcore.so.1
linux-gcc	Build and install pristine OpenFHE	2026-09-06T13:48:08.3859608Z -- Installing: /home/runner/work/20231788./20231788./.ci/openfhe-install/lib/libOPENFHEcore.so
linux-gcc	Build and install pristine OpenFHE	2026-09-06T13:48:08.3861056Z -- Installing: /home/runner/work/20231788./20231788./.ci/openfhe-install/include/openfhe/core/math
linux-gcc	Build and install pristine OpenFHE	2026-09-06T13:48:08.3862446Z -- Installing: /home/runner/work/20231788./20231788./.ci/openfhe-install/include/openfhe/core/math/ternaryuniformgenerator-impl.h
linux-gcc	Build and install pristine OpenFHE	2026-09-06T13:48:08.3863869Z -- Installing: /home/runner/work/20231788./20231788./.ci/openfhe-install/include/openfhe/core/math/hal
linux-gcc	Build and install pristine OpenFHE	2026-09-06T13:48:08.3865216Z -- Installing: /home/runner/work/20231788./20231788./.ci/openfhe-install/include/openfhe/core/math/hal/transform.h
linux-gcc	Build and install pristine OpenFHE	2026-09-06T13:48:08.3867123Z -- Installing: /home/runner/work/20231788./20231788./.ci/openfhe-install/include/openfhe/core/math/hal/bigintdyn
linux-gcc	Build and install pristine OpenFHE	2026-09-06T13:48:08.3868375Z -- Installing: /home/runner/work/20231788./20231788./.ci/openfhe-install/include/openfhe/core/math/hal/bigintdyn/backenddyn.h
linux-gcc	Build and install pristine OpenFHE	2026-09-06T13:48:08.3869999Z -- Installing: /home/runner/work/20231788./20231788./.ci/openfhe-install/include/openfhe/core/math/hal/bigintdyn/ubintdyn.h
linux-gcc	Build and install pristine OpenFHE	2026-09-06T13:48:08.3871908Z -- Installing: /home/runner/work/20231788./20231788./.ci/openfhe-install/include/openfhe/core/math/hal/bigintdyn/mubintvecdyn.h
linux-gcc	Build and install pristine OpenFHE	2026-09-06T13:48:08.3873717Z -- Installing: /home/runner/work/20231788./20231788./.ci/openfhe-install/include/openfhe/core/math/hal/bigintdyn/transformdyn.h
linux-gcc	Build and install pristine OpenFHE	2026-09-06T13:48:08.3875833Z -- Installing: /home/runner/work/20231788./20231788./.ci/openfhe-install/include/openfhe/core/math/hal/bigintdyn/transformdyn-impl.h
linux-gcc	Build and install pristine OpenFHE	2026-09-06T13:48:08.3878146Z -- Installing: /home/runner/work/20231788./20231788./.ci/openfhe-install/include/openfhe/core/math/hal/vector.h
linux-gcc	Build and install pristine OpenFHE	2026-09-06T13:48:08.3879736Z -- Installing: /home/runner/work/20231788./20231788./.ci/openfhe-install/include/openfhe/core/math/hal/basicint.h
linux-gcc	Build and install pristine OpenFHE	2026-09-06T13:48:08.3881240Z -- Installing: /home/runner/work/20231788./20231788./.ci/openfhe-install/include/openfhe/core/math/hal/bigintntl
linux-gcc	Build and install pristine OpenFHE	2026-09-06T13:48:08.3882540Z -- Installing: /home/runner/work/20231788./20231788./.ci/openfhe-install/include/openfhe/core/math/hal/bigintntl/backendntl.h
linux-gcc	Build and install pristine OpenFHE	2026-09-06T13:48:08.3884230Z -- Installing: /home/runner/work/20231788./20231788./.ci/openfhe-install/include/openfhe/core/math/hal/bigintntl/mubintvecntl.h
linux-gcc	Build and install pristine OpenFHE	2026-09-06T13:48:08.3886269Z -- Installing: /home/runner/work/20231788./20231788./.ci/openfhe-install/include/openfhe/core/math/hal/bigintntl/transformntl-impl.h
linux-gcc	Build and install pristine OpenFHE	2026-09-06T13:48:08.3888467Z -- Installing: /home/runner/work/20231788./20231788./.ci/openfhe-install/include/openfhe/core/math/hal/bigintntl/transformntl.h
linux-gcc	Build and install pristine OpenFHE	2026-09-06T13:48:08.3890448Z -- Installing: /home/runner/work/20231788./20231788./.ci/openfhe-install/include/openfhe/core/math/hal/bigintntl/ubintntl.h
linux-gcc	Build and install pristine OpenFHE	2026-09-06T13:48:08.3892565Z -- Installing: /home/runner/work/20231788./20231788./.ci/openfhe-install/include/openfhe/core/math/hal/nativeintbackend.h
linux-gcc	Build and install pristine OpenFHE	2026-09-06T13:48:08.3893964Z -- Installing: /home/runner/work/20231788./20231788./.ci/openfhe-install/include/openfhe/core/math/hal/bigintfxd
linux-gcc	Build and install pristine OpenFHE	2026-09-06T13:48:08.3895545Z -- Installing: /home/runner/work/20231788./20231788./.ci/openfhe-install/include/openfhe/core/math/hal/bigintfxd/ubintfxd.h
linux-gcc	Build and install pristine OpenFHE	2026-09-06T13:48:08.3897972Z -- Installing: /home/runner/work/20231788./20231788./.ci/openfhe-install/include/openfhe/core/math/hal/bigintfxd/mubintvecfxd.h
linux-gcc	Build and install pristine OpenFHE	2026-09-06T13:48:08.3899640Z -- Installing: /home/runner/work/20231788./20231788./.ci/openfhe-install/include/openfhe/core/math/hal/bigintfxd/transformfxd.h
linux-gcc	Build and install pristine OpenFHE	2026-09-06T13:48:08.3901535Z -- Installing: /home/runner/work/20231788./20231788./.ci/openfhe-install/include/openfhe/core/math/hal/bigintfxd/transformfxd-impl.h
linux-gcc	Build and install pristine OpenFHE	2026-09-06T13:48:08.3903952Z -- Installing: /home/runner/work/20231788./20231788./.ci/openfhe-install/include/openfhe/core/math/hal/bigintfxd/backendfxd.h
linux-gcc	Build and install pristine OpenFHE	2026-09-06T13:48:08.3905452Z -- Installing: /home/runner/work/20231788./20231788./.ci/openfhe-install/include/openfhe/core/math/hal/intnat
linux-gcc	Build and install pristine OpenFHE	2026-09-06T13:48:08.3906808Z -- Installing: /home/runner/work/20231788./20231788./.ci/openfhe-install/include/openfhe/core/math/hal/intnat/transformnat.h
linux-gcc	Build and install pristine OpenFHE	2026-09-06T13:48:08.3908593Z -- Installing: /home/runner/work/20231788./20231788./.ci/openfhe-install/include/openfhe/core/math/hal/intnat/transformnat-impl.h
linux-gcc	Build and install pristine OpenFHE	2026-09-06T13:48:08.3910836Z -- Installing: /home/runner/work/20231788./20231788./.ci/openfhe-install/include/openfhe/core/math/hal/intnat/ubintnat.h
linux-gcc	Build and install pristine OpenFHE	2026-09-06T13:48:08.3913228Z -- Installing: /home/runner/work/20231788./20231788./.ci/openfhe-install/include/openfhe/core/math/hal/intnat/mubintvecnat.h
linux-gcc	Build and install pristine OpenFHE	2026-09-06T13:48:08.3914917Z -- Installing: /home/runner/work/20231788./20231788./.ci/openfhe-install/include/openfhe/core/math/hal/bigintbackend.h
linux-gcc	Build and install pristine OpenFHE	2026-09-06T13:48:08.3916836Z -- Installing: /home/runner/work/20231788./20231788./.ci/openfhe-install/include/openfhe/core/math/hal/integer.h
linux-gcc	Build and install pristine OpenFHE	2026-09-06T13:48:08.3918622Z -- Installing: /home/runner/work/20231788./20231788./.ci/openfhe-install/include/openfhe/core/math/matrix-impl.h
linux-gcc	Build and install pristine OpenFHE	2026-09-06T13:48:08.3920233Z -- Installing: /home/runner/work/20231788./20231788./.ci/openfhe-install/include/openfhe/core/math/nbtheory.h
linux-gcc	Build and install pristine OpenFHE	2026-09-06T13:48:08.3922060Z -- Installing: /home/runner/work/20231788./20231788./.ci/openfhe-install/include/openfhe/core/math/SAMPLING_README.md
linux-gcc	Build and install pristine OpenFHE	2026-09-06T13:48:08.3923805Z -- Installing: /home/runner/work/20231788./20231788./.ci/openfhe-install/include/openfhe/core/math/discretegaussiangenerator.h
linux-gcc	Build and install pristine OpenFHE	2026-09-06T13:48:08.3925599Z -- Installing: /home/runner/work/20231788./20231788./.ci/openfhe-install/include/openfhe/core/math/hermite.h
linux-gcc	Build and install pristine OpenFHE	2026-09-06T13:48:08.3927209Z -- Installing: /home/runner/work/20231788./20231788./.ci/openfhe-install/include/openfhe/core/math/matrix.h
linux-gcc	Build and install pristine OpenFHE	2026-09-06T13:48:08.3929295Z -- Installing: /home/runner/work/20231788./20231788./.ci/openfhe-install/include/openfhe/core/math/dftransform.h
linux-gcc	Build and install pristine OpenFHE	2026-09-06T13:48:08.3930895Z -- Installing: /home/runner/work/20231788./20231788./.ci/openfhe-install/include/openfhe/core/math/distributiongenerator.h
linux-gcc	Build and install pristine OpenFHE	2026-09-06T13:48:08.3932389Z -- Installing: /home/runner/work/20231788./20231788./.ci/openfhe-install/include/openfhe/core/math/matrixstrassen.h
linux-gcc	Build and install pristine OpenFHE	2026-09-06T13:48:08.3934316Z -- Installing: /home/runner/work/20231788./20231788./.ci/openfhe-install/include/openfhe/core/math/discretegaussiangenerator-impl.h
linux-gcc	Build and install pristine OpenFHE	2026-09-06T13:48:08.3935958Z -- Installing: /home/runner/work/20231788./20231788./.ci/openfhe-install/include/openfhe/core/math/matrixstrassen-impl.h
linux-gcc	Build and install pristine OpenFHE	2026-09-06T13:48:08.3938227Z -- Installing: /home/runner/work/20231788./20231788./.ci/openfhe-install/include/openfhe/core/math/nbtheory-impl.h
linux-gcc	Build and install pristine OpenFHE	2026-09-06T13:48:08.3939906Z -- Installing: /home/runner/work/20231788./20231788./.ci/openfhe-install/include/openfhe/core/math/binaryuniformgenerator.h
linux-gcc	Build and install pristine OpenFHE	2026-09-06T13:48:08.3941656Z -- Installing: /home/runner/work/20231788./20231788./.ci/openfhe-install/include/openfhe/core/math/discretegaussiangeneratorgeneric.h
linux-gcc	Build and install pristine OpenFHE	2026-09-06T13:48:08.3943293Z -- Installing: /home/runner/work/20231788./20231788./.ci/openfhe-install/include/openfhe/core/math/math_backends.md
linux-gcc	Build and install pristine OpenFHE	2026-09-06T13:48:08.3944931Z -- Installing: /home/runner/work/20231788./20231788./.ci/openfhe-install/include/openfhe/core/math/chebyshev.h
linux-gcc	Build and install pristine OpenFHE	2026-09-06T13:48:08.3946895Z -- Installing: /home/runner/work/20231788./20231788./.ci/openfhe-install/include/openfhe/core/math/discreteuniformgenerator-impl.h
linux-gcc	Build and install pristine OpenFHE	2026-09-06T13:48:08.3948261Z -- Installing: /home/runner/work/20231788./20231788./.ci/openfhe-install/include/openfhe/core/math/math-hal.h
linux-gcc	Build and install pristine OpenFHE	2026-09-06T13:48:08.3949965Z -- Installing: /home/runner/work/20231788./20231788./.ci/openfhe-install/include/openfhe/core/math/binaryuniformgenerator-impl.h
linux-gcc	Build and install pristine OpenFHE	2026-09-06T13:48:08.3951342Z -- Installing: /home/runner/work/20231788./20231788./.ci/openfhe-install/include/openfhe/core/math/README.md
linux-gcc	Build and install pristine OpenFHE	2026-09-06T13:48:08.3952943Z -- Installing: /home/runner/work/20231788./20231788./.ci/openfhe-install/include/openfhe/core/math/ternaryuniformgenerator.h
linux-gcc	Build and install pristine OpenFHE	2026-09-06T13:48:08.3954338Z -- Installing: /home/runner/work/20231788./20231788./.ci/openfhe-install/include/openfhe/core/math/distrgen.h
linux-gcc	Build and install pristine OpenFHE	2026-09-06T13:48:08.3956060Z -- Installing: /home/runner/work/20231788./20231788./.ci/openfhe-install/include/openfhe/core/math/discreteuniformgenerator.h
linux-gcc	Build and install pristine OpenFHE	2026-09-06T13:48:08.3957904Z -- Installing: /home/runner/work/20231788./20231788./.ci/openfhe-install/include/openfhe/core/openfhecore.h
linux-gcc	Build and install pristine OpenFHE	2026-09-06T13:48:08.3959455Z -- Installing: /home/runner/work/20231788./20231788./.ci/openfhe-install/include/openfhe/core/testdefs.h
linux-gcc	Build and install pristine OpenFHE	2026-09-06T13:48:08.3961421Z -- Installing: /home/runner/work/20231788./20231788./.ci/openfhe-install/include/openfhe/core/version.h
linux-gcc	Build and install pristine OpenFHE	2026-09-06T13:48:08.3962861Z -- Installing: /home/runner/work/20231788./20231788./.ci/openfhe-install/include/openfhe/core/utils
linux-gcc	Build and install pristine OpenFHE	2026-09-06T13:48:08.3964209Z -- Installing: /home/runner/work/20231788./20231788./.ci/openfhe-install/include/openfhe/core/utils/get-call-stack.h
linux-gcc	Build and install pristine OpenFHE	2026-09-06T13:48:08.3966318Z -- Installing: /home/runner/work/20231788./20231788./.ci/openfhe-install/include/openfhe/core/utils/parallel.h
linux-gcc	Build and install pristine OpenFHE	2026-09-06T13:48:08.3967877Z -- Installing: /home/runner/work/20231788./20231788./.ci/openfhe-install/include/openfhe/core/utils/utilities.h
linux-gcc	Build and install pristine OpenFHE	2026-09-06T13:48:08.3969865Z -- Installing: /home/runner/work/20231788./20231788./.ci/openfhe-install/include/openfhe/core/utils/debug.h
linux-gcc	Build and install pristine OpenFHE	2026-09-06T13:48:08.3971770Z -- Installing: /home/runner/work/20231788./20231788./.ci/openfhe-install/include/openfhe/core/utils/serializable.h
linux-gcc	Build and install pristine OpenFHE	2026-09-06T13:48:08.3973263Z -- Installing: /home/runner/work/20231788./20231788./.ci/openfhe-install/include/openfhe/core/utils/sertype.h
linux-gcc	Build and install pristine OpenFHE	2026-09-06T13:48:08.3975137Z -- Installing: /home/runner/work/20231788./20231788./.ci/openfhe-install/include/openfhe/core/utils/inttypes.h
linux-gcc	Build and install pristine OpenFHE	2026-09-06T13:48:08.3976860Z -- Installing: /home/runner/work/20231788./20231788./.ci/openfhe-install/include/openfhe/core/utils/caller_info.h
linux-gcc	Build and install pristine OpenFHE	2026-09-06T13:48:08.3978747Z -- Installing: /home/runner/work/20231788./20231788./.ci/openfhe-install/include/openfhe/core/utils/type_name.h
linux-gcc	Build and install pristine OpenFHE	2026-09-06T13:48:08.3980223Z -- Installing: /home/runner/work/20231788./20231788./.ci/openfhe-install/include/openfhe/core/utils/prng
linux-gcc	Build and install pristine OpenFHE	2026-09-06T13:48:08.3981544Z -- Installing: /home/runner/work/20231788./20231788./.ci/openfhe-install/include/openfhe/core/utils/prng/blake2-impl.h
linux-gcc	Build and install pristine OpenFHE	2026-09-06T13:48:08.3983625Z -- Installing: /home/runner/work/20231788./20231788./.ci/openfhe-install/include/openfhe/core/utils/prng/blake2.h
linux-gcc	Build and install pristine OpenFHE	2026-09-06T13:48:08.3985386Z -- Installing: /home/runner/work/20231788./20231788./.ci/openfhe-install/include/openfhe/core/utils/prng/CPPLINT.cfg
linux-gcc	Build and install pristine OpenFHE	2026-09-06T13:48:08.3987265Z -- Installing: /home/runner/work/20231788./20231788./.ci/openfhe-install/include/openfhe/core/utils/prng/README.md
linux-gcc	Build and install pristine OpenFHE	2026-09-06T13:48:08.3988783Z -- Installing: /home/runner/work/20231788./20231788./.ci/openfhe-install/include/openfhe/core/utils/prng/prng.h
linux-gcc	Build and install pristine OpenFHE	2026-09-06T13:48:08.3990703Z -- Installing: /home/runner/work/20231788./20231788./.ci/openfhe-install/include/openfhe/core/utils/prng/blake2engine.h
linux-gcc	Build and install pristine OpenFHE	2026-09-06T13:48:08.3992097Z -- Installing: /home/runner/work/20231788./20231788./.ci/openfhe-install/include/openfhe/core/utils/demangle.h
linux-gcc	Build and install pristine OpenFHE	2026-09-06T13:48:08.3993859Z -- Installing: /home/runner/work/20231788./20231788./.ci/openfhe-install/include/openfhe/core/utils/serial.h
linux-gcc	Build and install pristine OpenFHE	2026-09-06T13:48:08.3995752Z -- Installing: /home/runner/work/20231788./20231788./.ci/openfhe-install/include/openfhe/core/utils/exception.h
linux-gcc	Build and install pristine OpenFHE	2026-09-06T13:48:08.3997763Z -- Installing: /home/runner/work/20231788./20231788./.ci/openfhe-install/include/openfhe/core/utils/utilities-int.h
linux-gcc	Build and install pristine OpenFHE	2026-09-06T13:48:08.3999362Z -- Installing: /home/runner/work/20231788./20231788./.ci/openfhe-install/include/openfhe/core/utils/blockAllocator
linux-gcc	Build and install pristine OpenFHE	2026-09-06T13:48:08.4000714Z -- Installing: /home/runner/work/20231788./20231788./.ci/openfhe-install/include/openfhe/core/utils/blockAllocator/xqueue.h
linux-gcc	Build and install pristine OpenFHE	2026-09-06T13:48:08.4002694Z -- Installing: /home/runner/work/20231788./20231788./.ci/openfhe-install/include/openfhe/core/utils/blockAllocator/xstring.h
linux-gcc	Build and install pristine OpenFHE	2026-09-06T13:48:08.4004285Z -- Installing: /home/runner/work/20231788./20231788./.ci/openfhe-install/include/openfhe/core/utils/blockAllocator/xset.h
linux-gcc	Build and install pristine OpenFHE	2026-09-06T13:48:08.4006372Z -- Installing: /home/runner/work/20231788./20231788./.ci/openfhe-install/include/openfhe/core/utils/blockAllocator/xmap.h
linux-gcc	Build and install pristine OpenFHE	2026-09-06T13:48:08.4007953Z -- Installing: /home/runner/work/20231788./20231788./.ci/openfhe-install/include/openfhe/core/utils/blockAllocator/stl_allocator.h
linux-gcc	Build and install pristine OpenFHE	2026-09-06T13:48:08.4009720Z -- Installing: /home/runner/work/20231788./20231788./.ci/openfhe-install/include/openfhe/core/utils/blockAllocator/xvector.h
linux-gcc	Build and install pristine OpenFHE	2026-09-06T13:48:08.4011590Z -- Installing: /home/runner/work/20231788./20231788./.ci/openfhe-install/include/openfhe/core/utils/blockAllocator/xsstream.h
linux-gcc	Build and install pristine OpenFHE	2026-09-06T13:48:08.4013193Z -- Installing: /home/runner/work/20231788./20231788./.ci/openfhe-install/include/openfhe/core/utils/blockAllocator/xlist.h
linux-gcc	Build and install pristine OpenFHE	2026-09-06T13:48:08.4015152Z -- Installing: /home/runner/work/20231788./20231788./.ci/openfhe-install/include/openfhe/core/utils/blockAllocator/README.md
linux-gcc	Build and install pristine OpenFHE	2026-09-06T13:48:08.4016843Z -- Installing: /home/runner/work/20231788./20231788./.ci/openfhe-install/include/openfhe/core/utils/blockAllocator/xallocator.h
linux-gcc	Build and install pristine OpenFHE	2026-09-06T13:48:08.4018874Z -- Installing: /home/runner/work/20231788./20231788./.ci/openfhe-install/include/openfhe/core/utils/blockAllocator/blockAllocator.h
linux-gcc	Build and install pristine OpenFHE	2026-09-06T13:48:08.4020361Z -- Installing: /home/runner/work/20231788./20231788./.ci/openfhe-install/include/openfhe/core/utils/README.md
linux-gcc	Build and install pristine OpenFHE	2026-09-06T13:48:08.4022395Z -- Installing: /home/runner/work/20231788./20231788./.ci/openfhe-install/include/openfhe/core/utils/memory.h
linux-gcc	Build and install pristine OpenFHE	2026-09-06T13:48:08.4024141Z -- Installing: /home/runner/work/20231788./20231788./.ci/openfhe-install/include/openfhe/core/utils/hashutil.h
linux-gcc	Build and install pristine OpenFHE	2026-09-06T13:48:08.4025950Z -- Installing: /home/runner/work/20231788./20231788./.ci/openfhe-install/include/openfhe/core/utils/openfhebase64.h
linux-gcc	Build and install pristine OpenFHE	2026-09-06T13:48:08.4027806Z -- Installing: /home/runner/work/20231788./20231788./.ci/openfhe-install/include/openfhe/core/README.md
linux-gcc	Build and install pristine OpenFHE	2026-09-06T13:48:08.4029187Z -- Installing: /home/runner/work/20231788./20231788./.ci/openfhe-install/include/openfhe/core/lattice
linux-gcc	Build and install pristine OpenFHE	2026-09-06T13:48:08.4030412Z -- Installing: /home/runner/work/20231788./20231788./.ci/openfhe-install/include/openfhe/core/lattice/hal
linux-gcc	Build and install pristine OpenFHE	2026-09-06T13:48:08.4031634Z -- Installing: /home/runner/work/20231788./20231788./.ci/openfhe-install/include/openfhe/core/lattice/hal/dcrtpoly-interface.h
linux-gcc	Build and install pristine OpenFHE	2026-09-06T13:48:08.4034138Z -- Installing: /home/runner/work/20231788./20231788./.ci/openfhe-install/include/openfhe/core/lattice/hal/poly-interface.h
linux-gcc	Build and install pristine OpenFHE	2026-09-06T13:48:08.4036407Z -- Installing: /home/runner/work/20231788./20231788./.ci/openfhe-install/include/openfhe/core/lattice/hal/lat-backend.h
linux-gcc	Build and install pristine OpenFHE	2026-09-06T13:48:08.4038069Z -- Installing: /home/runner/work/20231788./20231788./.ci/openfhe-install/include/openfhe/core/lattice/hal/elemparams.h
linux-gcc	Build and install pristine OpenFHE	2026-09-06T13:48:08.4040026Z -- Installing: /home/runner/work/20231788./20231788./.ci/openfhe-install/include/openfhe/core/lattice/hal/README.md
linux-gcc	Build and install pristine OpenFHE	2026-09-06T13:48:08.4041530Z -- Installing: /home/runner/work/20231788./20231788./.ci/openfhe-install/include/openfhe/core/lattice/hal/default
linux-gcc	Build and install pristine OpenFHE	2026-09-06T13:48:08.4043386Z -- Installing: /home/runner/work/20231788./20231788./.ci/openfhe-install/include/openfhe/core/lattice/hal/default/dcrtpoly.h
linux-gcc	Build and install pristine OpenFHE	2026-09-06T13:48:08.4045563Z -- Installing: /home/runner/work/20231788./20231788./.ci/openfhe-install/include/openfhe/core/lattice/hal/default/dcrtpoly-impl.h
linux-gcc	Build and install pristine OpenFHE	2026-09-06T13:48:08.4048309Z -- Installing: /home/runner/work/20231788./20231788./.ci/openfhe-install/include/openfhe/core/lattice/hal/default/poly.h
linux-gcc	Build and install pristine OpenFHE	2026-09-06T13:48:08.4050279Z -- Installing: /home/runner/work/20231788./20231788./.ci/openfhe-install/include/openfhe/core/lattice/hal/default/poly-impl.h
linux-gcc	Build and install pristine OpenFHE	2026-09-06T13:48:08.4052334Z -- Installing: /home/runner/work/20231788./20231788./.ci/openfhe-install/include/openfhe/core/lattice/hal/default/ildcrtparams.h
linux-gcc	Build and install pristine OpenFHE	2026-09-06T13:48:08.4054198Z -- Installing: /home/runner/work/20231788./20231788./.ci/openfhe-install/include/openfhe/core/lattice/hal/default/ilparams.h
linux-gcc	Build and install pristine OpenFHE	2026-09-06T13:48:08.4056345Z -- Installing: /home/runner/work/20231788./20231788./.ci/openfhe-install/include/openfhe/core/lattice/dgsampling-impl.h
linux-gcc	Build and install pristine OpenFHE	2026-09-06T13:48:08.4058335Z -- Installing: /home/runner/work/20231788./20231788./.ci/openfhe-install/include/openfhe/core/lattice/trapdoorparameters.h
linux-gcc	Build and install pristine OpenFHE	2026-09-06T13:48:08.4060243Z -- Installing: /home/runner/work/20231788./20231788./.ci/openfhe-install/include/openfhe/core/lattice/trapdoor-impl.h
linux-gcc	Build and install pristine OpenFHE	2026-09-06T13:48:08.4061874Z -- Installing: /home/runner/work/20231788./20231788./.ci/openfhe-install/include/openfhe/core/lattice/field2n-impl.h
linux-gcc	Build and install pristine OpenFHE	2026-09-06T13:48:08.4063823Z -- Installing: /home/runner/work/20231788./20231788./.ci/openfhe-install/include/openfhe/core/lattice/lat-hal.h
linux-gcc	Build and install pristine OpenFHE	2026-09-06T13:48:08.4065563Z -- Installing: /home/runner/work/20231788./20231788./.ci/openfhe-install/include/openfhe/core/lattice/dgsampling.h
linux-gcc	Build and install pristine OpenFHE	2026-09-06T13:48:08.4067526Z -- Installing: /home/runner/work/20231788./20231788./.ci/openfhe-install/include/openfhe/core/lattice/stdlatticeparms.h
linux-gcc	Build and install pristine OpenFHE	2026-09-06T13:48:08.4069133Z -- Installing: /home/runner/work/20231788./20231788./.ci/openfhe-install/include/openfhe/core/lattice/matrix-lattice-impl.h
linux-gcc	Build and install pristine OpenFHE	2026-09-06T13:48:08.4071072Z -- Installing: /home/runner/work/20231788./20231788./.ci/openfhe-install/include/openfhe/core/lattice/ilelement.h
linux-gcc	Build and install pristine OpenFHE	2026-09-06T13:48:08.4072954Z -- Installing: /home/runner/work/20231788./20231788./.ci/openfhe-install/include/openfhe/core/lattice/README.md
linux-gcc	Build and install pristine OpenFHE	2026-09-06T13:48:08.4074709Z -- Installing: /home/runner/work/20231788./20231788./.ci/openfhe-install/include/openfhe/core/lattice/field2n.h
linux-gcc	Build and install pristine OpenFHE	2026-09-06T13:48:08.4076727Z -- Installing: /home/runner/work/20231788./20231788./.ci/openfhe-install/include/openfhe/core/lattice/trapdoor.h
linux-gcc	Build and install pristine OpenFHE	2026-09-06T13:48:08.4078601Z -- Installing: /home/runner/work/20231788./20231788./.ci/openfhe-install/include/openfhe/core/lattice/constants-lattice.h
linux-gcc	Build and install pristine OpenFHE	2026-09-06T13:48:08.4083618Z -- Installing: /home/runner/work/20231788./20231788./.ci/openfhe-install/lib/libOPENFHEpke.so.1.5.0
linux-gcc	Build and install pristine OpenFHE	2026-09-06T13:48:08.4122729Z -- Installing: /home/runner/work/20231788./20231788./.ci/openfhe-install/lib/libOPENFHEpke.so.1
linux-gcc	Build and install pristine OpenFHE	2026-09-06T13:48:08.4127399Z -- Set non-toolchain portion of runtime path of "/home/runner/work/20231788./20231788./.ci/openfhe-install/lib/libOPENFHEpke.so.1.5.0" to ""
linux-gcc	Build and install pristine OpenFHE	2026-09-06T13:48:08.4128840Z -- Installing: /home/runner/work/20231788./20231788./.ci/openfhe-install/lib/libOPENFHEpke.so
linux-gcc	Build and install pristine OpenFHE	2026-09-06T13:48:08.4129629Z -- Installing: /home/runner/work/20231788./20231788./.ci/openfhe-install/include/openfhe/pke
linux-gcc	Build and install pristine OpenFHE	2026-09-06T13:48:08.4130534Z -- Installing: /home/runner/work/20231788./20231788./.ci/openfhe-install/include/openfhe/pke/encoding
linux-gcc	Build and install pristine OpenFHE	2026-09-06T13:48:08.4131378Z -- Installing: /home/runner/work/20231788./20231788./.ci/openfhe-install/include/openfhe/pke/encoding/plaintext.h
linux-gcc	Build and install pristine OpenFHE	2026-09-06T13:48:08.4133129Z -- Installing: /home/runner/work/20231788./20231788./.ci/openfhe-install/include/openfhe/pke/encoding/stringencoding.h
linux-gcc	Build and install pristine OpenFHE	2026-09-06T13:48:08.4134798Z -- Installing: /home/runner/work/20231788./20231788./.ci/openfhe-install/include/openfhe/pke/encoding/coefpackedencoding.h
linux-gcc	Build and install pristine OpenFHE	2026-09-06T13:48:08.4136598Z -- Installing: /home/runner/work/20231788./20231788./.ci/openfhe-install/include/openfhe/pke/encoding/ckkspackedencoding.h
linux-gcc	Build and install pristine OpenFHE	2026-09-06T13:48:08.4138245Z -- Installing: /home/runner/work/20231788./20231788./.ci/openfhe-install/include/openfhe/pke/encoding/plaintextfactory.h
linux-gcc	Build and install pristine OpenFHE	2026-09-06T13:48:08.4139824Z -- Installing: /home/runner/work/20231788./20231788./.ci/openfhe-install/include/openfhe/pke/encoding/plaintext-fwd.h
linux-gcc	Build and install pristine OpenFHE	2026-09-06T13:48:08.4141347Z -- Installing: /home/runner/work/20231788./20231788./.ci/openfhe-install/include/openfhe/pke/encoding/packedencoding.h
linux-gcc	Build and install pristine OpenFHE	2026-09-06T13:48:08.4143026Z -- Installing: /home/runner/work/20231788./20231788./.ci/openfhe-install/include/openfhe/pke/encoding/encodingparams.h
linux-gcc	Build and install pristine OpenFHE	2026-09-06T13:48:08.4144651Z -- Installing: /home/runner/work/20231788./20231788./.ci/openfhe-install/include/openfhe/pke/encoding/README.md
linux-gcc	Build and install pristine OpenFHE	2026-09-06T13:48:08.4146381Z -- Installing: /home/runner/work/20231788./20231788./.ci/openfhe-install/include/openfhe/pke/encoding/encodings.h
linux-gcc	Build and install pristine OpenFHE	2026-09-06T13:48:08.4147972Z -- Installing: /home/runner/work/20231788./20231788./.ci/openfhe-install/include/openfhe/pke/ciphertext.h
linux-gcc	Build and install pristine OpenFHE	2026-09-06T13:48:08.4149674Z -- Installing: /home/runner/work/20231788./20231788./.ci/openfhe-install/include/openfhe/pke/openfhe.h
linux-gcc	Build and install pristine OpenFHE	2026-09-06T13:48:08.4151157Z -- Installing: /home/runner/work/20231788./20231788./.ci/openfhe-install/include/openfhe/pke/key
linux-gcc	Build and install pristine OpenFHE	2026-09-06T13:48:08.4152682Z -- Installing: /home/runner/work/20231788./20231788./.ci/openfhe-install/include/openfhe/pke/key/evalkeyrelin-fwd.h
linux-gcc	Build and install pristine OpenFHE	2026-09-06T13:48:08.4154361Z -- Installing: /home/runner/work/20231788./20231788./.ci/openfhe-install/include/openfhe/pke/key/privatekey-fwd.h
linux-gcc	Build and install pristine OpenFHE	2026-09-06T13:48:08.4156153Z -- Installing: /home/runner/work/20231788./20231788./.ci/openfhe-install/include/openfhe/pke/key/publickey-fwd.h
linux-gcc	Build and install pristine OpenFHE	2026-09-06T13:48:08.4157580Z -- Installing: /home/runner/work/20231788./20231788./.ci/openfhe-install/include/openfhe/pke/key/evalkey.h
linux-gcc	Build and install pristine OpenFHE	2026-09-06T13:48:08.4159137Z -- Installing: /home/runner/work/20231788./20231788./.ci/openfhe-install/include/openfhe/pke/key/privatekey.h
linux-gcc	Build and install pristine OpenFHE	2026-09-06T13:48:08.4160635Z -- Installing: /home/runner/work/20231788./20231788./.ci/openfhe-install/include/openfhe/pke/key/evalkey-fwd.h
linux-gcc	Build and install pristine OpenFHE	2026-09-06T13:48:08.4162067Z -- Installing: /home/runner/work/20231788./20231788./.ci/openfhe-install/include/openfhe/pke/key/key.h
linux-gcc	Build and install pristine OpenFHE	2026-09-06T13:48:08.4163568Z -- Installing: /home/runner/work/20231788./20231788./.ci/openfhe-install/include/openfhe/pke/key/evalkeyrelin.h
linux-gcc	Build and install pristine OpenFHE	2026-09-06T13:48:08.4165160Z -- Installing: /home/runner/work/20231788./20231788./.ci/openfhe-install/include/openfhe/pke/key/key-ser.h
linux-gcc	Build and install pristine OpenFHE	2026-09-06T13:48:08.4167550Z -- Installing: /home/runner/work/20231788./20231788./.ci/openfhe-install/include/openfhe/pke/key/publickey.h
linux-gcc	Build and install pristine OpenFHE	2026-09-06T13:48:08.4168998Z -- Installing: /home/runner/work/20231788./20231788./.ci/openfhe-install/include/openfhe/pke/key/README.md
linux-gcc	Build and install pristine OpenFHE	2026-09-06T13:48:08.4170563Z -- Installing: /home/runner/work/20231788./20231788./.ci/openfhe-install/include/openfhe/pke/key/keypair.h
linux-gcc	Build and install pristine OpenFHE	2026-09-06T13:48:08.4172185Z -- Installing: /home/runner/work/20231788./20231788./.ci/openfhe-install/include/openfhe/pke/cryptocontext.h
linux-gcc	Build and install pristine OpenFHE	2026-09-06T13:48:08.4175809Z -- Installing: /home/runner/work/20231788./20231788./.ci/openfhe-install/include/openfhe/pke/cryptocontext-ser.h
linux-gcc	Build and install pristine OpenFHE	2026-09-06T13:48:08.4177362Z -- Installing: /home/runner/work/20231788./20231788./.ci/openfhe-install/include/openfhe/pke/scheme
linux-gcc	Build and install pristine OpenFHE	2026-09-06T13:48:08.4178663Z -- Installing: /home/runner/work/20231788./20231788./.ci/openfhe-install/include/openfhe/pke/scheme/scheme-swch-params.h
linux-gcc	Build and install pristine OpenFHE	2026-09-06T13:48:08.4180496Z -- Installing: /home/runner/work/20231788./20231788./.ci/openfhe-install/include/openfhe/pke/scheme/gen-cryptocontext-params-validation.h
linux-gcc	Build and install pristine OpenFHE	2026-09-06T13:48:08.4182007Z -- Installing: /home/runner/work/20231788./20231788./.ci/openfhe-install/include/openfhe/pke/scheme/scheme-id.h
linux-gcc	Build and install pristine OpenFHE	2026-09-06T13:48:08.4183752Z -- Installing: /home/runner/work/20231788./20231788./.ci/openfhe-install/include/openfhe/pke/scheme/gen-cryptocontext-params-defaults.h
linux-gcc	Build and install pristine OpenFHE	2026-09-06T13:48:08.4185372Z -- Installing: /home/runner/work/20231788./20231788./.ci/openfhe-install/include/openfhe/pke/scheme/ckksrns
linux-gcc	Build and install pristine OpenFHE	2026-09-06T13:48:08.4186646Z -- Installing: /home/runner/work/20231788./20231788./.ci/openfhe-install/include/openfhe/pke/scheme/ckksrns/ckksrns-utils.h
linux-gcc	Build and install pristine OpenFHE	2026-09-06T13:48:08.4188473Z -- Installing: /home/runner/work/20231788./20231788./.ci/openfhe-install/include/openfhe/pke/scheme/ckksrns/ckksrns-parametergeneration.h
linux-gcc	Build and install pristine OpenFHE	2026-09-06T13:48:08.4190086Z -- Installing: /home/runner/work/20231788./20231788./.ci/openfhe-install/include/openfhe/pke/scheme/ckksrns/ckksrns-leveledshe.h
linux-gcc	Build and install pristine OpenFHE	2026-09-06T13:48:08.4191768Z -- Installing: /home/runner/work/20231788./20231788./.ci/openfhe-install/include/openfhe/pke/scheme/ckksrns/ckksrns-scheme.h
linux-gcc	Build and install pristine OpenFHE	2026-09-06T13:48:08.4193315Z -- Installing: /home/runner/work/20231788./20231788./.ci/openfhe-install/include/openfhe/pke/scheme/ckksrns/ckksrns-pre.h
linux-gcc	Build and install pristine OpenFHE	2026-09-06T13:48:08.4195024Z -- Installing: /home/runner/work/20231788./20231788./.ci/openfhe-install/include/openfhe/pke/scheme/ckksrns/ckksrns-advancedshe.h
linux-gcc	Build and install pristine OpenFHE	2026-09-06T13:48:08.4197166Z -- Installing: /home/runner/work/20231788./20231788./.ci/openfhe-install/include/openfhe/pke/scheme/ckksrns/gen-cryptocontext-ckksrns.h
linux-gcc	Build and install pristine OpenFHE	2026-09-06T13:48:08.4198664Z -- Installing: /home/runner/work/20231788./20231788./.ci/openfhe-install/include/openfhe/pke/scheme/ckksrns/gen-cryptocontext-ckksrns-internal.h
linux-gcc	Build and install pristine OpenFHE	2026-09-06T13:48:08.4200230Z -- Installing: /home/runner/work/20231788./20231788./.ci/openfhe-install/include/openfhe/pke/scheme/ckksrns/ckksrns-multiparty.h
linux-gcc	Build and install pristine OpenFHE	2026-09-06T13:48:08.4201878Z -- Installing: /home/runner/work/20231788./20231788./.ci/openfhe-install/include/openfhe/pke/scheme/ckksrns/ckksrns-cryptoparameters.h
linux-gcc	Build and install pristine OpenFHE	2026-09-06T13:48:08.4203357Z -- Installing: /home/runner/work/20231788./20231788./.ci/openfhe-install/include/openfhe/pke/scheme/ckksrns/ckksrns-pke.h
linux-gcc	Build and install pristine OpenFHE	2026-09-06T13:48:08.4205183Z -- Installing: /home/runner/work/20231788./20231788./.ci/openfhe-install/include/openfhe/pke/scheme/ckksrns/ckksrns-schemeswitching.h
linux-gcc	Build and install pristine OpenFHE	2026-09-06T13:48:08.4207490Z -- Installing: /home/runner/work/20231788./20231788./.ci/openfhe-install/include/openfhe/pke/scheme/ckksrns/gen-cryptocontext-ckksrns-params.h
linux-gcc	Build and install pristine OpenFHE	2026-09-06T13:48:08.4208920Z -- Installing: /home/runner/work/20231788./20231788./.ci/openfhe-install/include/openfhe/pke/scheme/ckksrns/ckksrns-fhe.h
linux-gcc	Build and install pristine OpenFHE	2026-09-06T13:48:08.4210923Z -- Installing: /home/runner/work/20231788./20231788./.ci/openfhe-install/include/openfhe/pke/scheme/ckksrns/ckksrns-ser.h
linux-gcc	Build and install pristine OpenFHE	2026-09-06T13:48:08.4212540Z -- Installing: /home/runner/work/20231788./20231788./.ci/openfhe-install/include/openfhe/pke/scheme/ckksrns/README.md
linux-gcc	Build and install pristine OpenFHE	2026-09-06T13:48:08.4214113Z -- Installing: /home/runner/work/20231788./20231788./.ci/openfhe-install/include/openfhe/pke/scheme/scheme-utils.h
linux-gcc	Build and install pristine OpenFHE	2026-09-06T13:48:08.4215871Z -- Installing: /home/runner/work/20231788./20231788./.ci/openfhe-install/include/openfhe/pke/scheme/bfvrns
linux-gcc	Build and install pristine OpenFHE	2026-09-06T13:48:08.4217731Z -- Installing: /home/runner/work/20231788./20231788./.ci/openfhe-install/include/openfhe/pke/scheme/bfvrns/bfvrns-fhe.h
linux-gcc	Build and install pristine OpenFHE	2026-09-06T13:48:08.4219517Z -- Installing: /home/runner/work/20231788./20231788./.ci/openfhe-install/include/openfhe/pke/scheme/bfvrns/gen-cryptocontext-bfvrns-internal.h
linux-gcc	Build and install pristine OpenFHE	2026-09-06T13:48:08.4221003Z -- Installing: /home/runner/work/20231788./20231788./.ci/openfhe-install/include/openfhe/pke/scheme/bfvrns/bfvrns-ser.h
linux-gcc	Build and install pristine OpenFHE	2026-09-06T13:48:08.4222710Z -- Installing: /home/runner/work/20231788./20231788./.ci/openfhe-install/include/openfhe/pke/scheme/bfvrns/gen-cryptocontext-bfvrns.h
linux-gcc	Build and install pristine OpenFHE	2026-09-06T13:48:08.4224212Z -- Installing: /home/runner/work/20231788./20231788./.ci/openfhe-install/include/openfhe/pke/scheme/bfvrns/bfvrns-pre.h
linux-gcc	Build and install pristine OpenFHE	2026-09-06T13:48:08.4226050Z -- Installing: /home/runner/work/20231788./20231788./.ci/openfhe-install/include/openfhe/pke/scheme/bfvrns/bfvrns-cryptoparameters.h
linux-gcc	Build and install pristine OpenFHE	2026-09-06T13:48:08.4227635Z -- Installing: /home/runner/work/20231788./20231788./.ci/openfhe-install/include/openfhe/pke/scheme/bfvrns/bfvrns-multiparty.h
linux-gcc	Build and install pristine OpenFHE	2026-09-06T13:48:08.4229337Z -- Installing: /home/runner/work/20231788./20231788./.ci/openfhe-install/include/openfhe/pke/scheme/bfvrns/bfvrns-parametergeneration.h
linux-gcc	Build and install pristine OpenFHE	2026-09-06T13:48:08.4230892Z -- Installing: /home/runner/work/20231788./20231788./.ci/openfhe-install/include/openfhe/pke/scheme/bfvrns/bfvrns-advancedshe.h
linux-gcc	Build and install pristine OpenFHE	2026-09-06T13:48:08.4232489Z -- Installing: /home/runner/work/20231788./20231788./.ci/openfhe-install/include/openfhe/pke/scheme/bfvrns/bfvrns-scheme.h
linux-gcc	Build and install pristine OpenFHE	2026-09-06T13:48:08.4234236Z -- Installing: /home/runner/work/20231788./20231788./.ci/openfhe-install/include/openfhe/pke/scheme/bfvrns/gen-cryptocontext-bfvrns-params.h
linux-gcc	Build and install pristine OpenFHE	2026-09-06T13:48:08.4235867Z -- Installing: /home/runner/work/20231788./20231788./.ci/openfhe-install/include/openfhe/pke/scheme/bfvrns/bfvrns-pke.h
linux-gcc	Build and install pristine OpenFHE	2026-09-06T13:48:08.4237738Z -- Installing: /home/runner/work/20231788./20231788./.ci/openfhe-install/include/openfhe/pke/scheme/bfvrns/bfvrns-leveledshe.h
linux-gcc	Build and install pristine OpenFHE	2026-09-06T13:48:08.4239224Z -- Installing: /home/runner/work/20231788./20231788./.ci/openfhe-install/include/openfhe/pke/scheme/README.md
linux-gcc	Build and install pristine OpenFHE	2026-09-06T13:48:08.4240579Z -- Installing: /home/runner/work/20231788./20231788./.ci/openfhe-install/include/openfhe/pke/scheme/bgvrns
linux-gcc	Build and install pristine OpenFHE	2026-09-06T13:48:08.4242033Z -- Installing: /home/runner/work/20231788./20231788./.ci/openfhe-install/include/openfhe/pke/scheme/bgvrns/gen-cryptocontext-bgvrns-params.h
linux-gcc	Build and install pristine OpenFHE	2026-09-06T13:48:08.4243498Z -- Installing: /home/runner/work/20231788./20231788./.ci/openfhe-install/include/openfhe/pke/scheme/bgvrns/bgvrns-scheme.h
linux-gcc	Build and install pristine OpenFHE	2026-09-06T13:48:08.4244997Z -- Installing: /home/runner/work/20231788./20231788./.ci/openfhe-install/include/openfhe/pke/scheme/bgvrns/bgvrns-ser.h
linux-gcc	Build and install pristine OpenFHE	2026-09-06T13:48:08.4246905Z -- Installing: /home/runner/work/20231788./20231788./.ci/openfhe-install/include/openfhe/pke/scheme/bgvrns/bgvrns-fhe.h
linux-gcc	Build and install pristine OpenFHE	2026-09-06T13:48:08.4248558Z -- Installing: /home/runner/work/20231788./20231788./.ci/openfhe-install/include/openfhe/pke/scheme/bgvrns/bgvrns-advancedshe.h
linux-gcc	Build and install pristine OpenFHE	2026-09-06T13:48:08.4250066Z -- Installing: /home/runner/work/20231788./20231788./.ci/openfhe-install/include/openfhe/pke/scheme/bgvrns/bgvrns-pke.h
linux-gcc	Build and install pristine OpenFHE	2026-09-06T13:48:08.4251790Z -- Installing: /home/runner/work/20231788./20231788./.ci/openfhe-install/include/openfhe/pke/scheme/bgvrns/gen-cryptocontext-bgvrns.h
linux-gcc	Build and install pristine OpenFHE	2026-09-06T13:48:08.4253371Z -- Installing: /home/runner/work/20231788./20231788./.ci/openfhe-install/include/openfhe/pke/scheme/bgvrns/bgvrns-parametergeneration.h
linux-gcc	Build and install pristine OpenFHE	2026-09-06T13:48:08.4254961Z -- Installing: /home/runner/work/20231788./20231788./.ci/openfhe-install/include/openfhe/pke/scheme/bgvrns/bgvrns-multiparty.h
linux-gcc	Build and install pristine OpenFHE	2026-09-06T13:48:08.4256668Z -- Installing: /home/runner/work/20231788./20231788./.ci/openfhe-install/include/openfhe/pke/scheme/bgvrns/bgvrns-pre.h
linux-gcc	Build and install pristine OpenFHE	2026-09-06T13:48:08.4258360Z -- Installing: /home/runner/work/20231788./20231788./.ci/openfhe-install/include/openfhe/pke/scheme/bgvrns/bgvrns-cryptoparameters.h
linux-gcc	Build and install pristine OpenFHE	2026-09-06T13:48:08.4259971Z -- Installing: /home/runner/work/20231788./20231788./.ci/openfhe-install/include/openfhe/pke/scheme/bgvrns/bgvrns-leveledshe.h
linux-gcc	Build and install pristine OpenFHE	2026-09-06T13:48:08.4261822Z -- Installing: /home/runner/work/20231788./20231788./.ci/openfhe-install/include/openfhe/pke/scheme/bgvrns/gen-cryptocontext-bgvrns-internal.h
linux-gcc	Build and install pristine OpenFHE	2026-09-06T13:48:08.4263346Z -- Installing: /home/runner/work/20231788./20231788./.ci/openfhe-install/include/openfhe/pke/scheme/gen-cryptocontext-params.h
linux-gcc	Build and install pristine OpenFHE	2026-09-06T13:48:08.4265008Z -- Installing: /home/runner/work/20231788./20231788./.ci/openfhe-install/include/openfhe/pke/cryptocontext-fwd.h
linux-gcc	Build and install pristine OpenFHE	2026-09-06T13:48:08.4266725Z -- Installing: /home/runner/work/20231788./20231788./.ci/openfhe-install/include/openfhe/pke/constants.h
linux-gcc	Build and install pristine OpenFHE	2026-09-06T13:48:08.4268354Z -- Installing: /home/runner/work/20231788./20231788./.ci/openfhe-install/include/openfhe/pke/ciphertext-ser.h
linux-gcc	Build and install pristine OpenFHE	2026-09-06T13:48:08.4269828Z -- Installing: /home/runner/work/20231788./20231788./.ci/openfhe-install/include/openfhe/pke/schemerns
linux-gcc	Build and install pristine OpenFHE	2026-09-06T13:48:08.4271042Z -- Installing: /home/runner/work/20231788./20231788./.ci/openfhe-install/include/openfhe/pke/schemerns/rns-pre.h
linux-gcc	Build and install pristine OpenFHE	2026-09-06T13:48:08.4272679Z -- Installing: /home/runner/work/20231788./20231788./.ci/openfhe-install/include/openfhe/pke/schemerns/rns-pke.h
linux-gcc	Build and install pristine OpenFHE	2026-09-06T13:48:08.4274372Z -- Installing: /home/runner/work/20231788./20231788./.ci/openfhe-install/include/openfhe/pke/schemerns/rns-cryptoparameters.h
linux-gcc	Build and install pristine OpenFHE	2026-09-06T13:48:08.4276926Z -- Installing: /home/runner/work/20231788./20231788./.ci/openfhe-install/include/openfhe/pke/schemerns/rns-fhe.h
linux-gcc	Build and install pristine OpenFHE	2026-09-06T13:48:08.4278584Z -- Installing: /home/runner/work/20231788./20231788./.ci/openfhe-install/include/openfhe/pke/schemerns/rns-parametergeneration.h
linux-gcc	Build and install pristine OpenFHE	2026-09-06T13:48:08.4279787Z -- Installing: /home/runner/work/20231788./20231788./.ci/openfhe-install/include/openfhe/pke/schemerns/rns-ser.h
linux-gcc	Build and install pristine OpenFHE	2026-09-06T13:48:08.4281729Z -- Installing: /home/runner/work/20231788./20231788./.ci/openfhe-install/include/openfhe/pke/schemerns/rns-multiparty.h
linux-gcc	Build and install pristine OpenFHE	2026-09-06T13:48:08.4283189Z -- Installing: /home/runner/work/20231788./20231788./.ci/openfhe-install/include/openfhe/pke/schemerns/rns-scheme.h
linux-gcc	Build and install pristine OpenFHE	2026-09-06T13:48:08.4285035Z -- Installing: /home/runner/work/20231788./20231788./.ci/openfhe-install/include/openfhe/pke/schemerns/rns-advancedshe.h
linux-gcc	Build and install pristine OpenFHE	2026-09-06T13:48:08.4286738Z -- Installing: /home/runner/work/20231788./20231788./.ci/openfhe-install/include/openfhe/pke/schemerns/rns-leveledshe.h
linux-gcc	Build and install pristine OpenFHE	2026-09-06T13:48:08.4288774Z -- Installing: /home/runner/work/20231788./20231788./.ci/openfhe-install/include/openfhe/pke/constants-defs.h
linux-gcc	Build and install pristine OpenFHE	2026-09-06T13:48:08.4290262Z -- Installing: /home/runner/work/20231788./20231788./.ci/openfhe-install/include/openfhe/pke/metadata-ser.h
linux-gcc	Build and install pristine OpenFHE	2026-09-06T13:48:08.4292010Z -- Installing: /home/runner/work/20231788./20231788./.ci/openfhe-install/include/openfhe/pke/keyswitch
linux-gcc	Build and install pristine OpenFHE	2026-09-06T13:48:08.4293088Z -- Installing: /home/runner/work/20231788./20231788./.ci/openfhe-install/include/openfhe/pke/keyswitch/keyswitch-hybrid.h
linux-gcc	Build and install pristine OpenFHE	2026-09-06T13:48:08.4294900Z -- Installing: /home/runner/work/20231788./20231788./.ci/openfhe-install/include/openfhe/pke/keyswitch/keyswitch-rns.h
linux-gcc	Build and install pristine OpenFHE	2026-09-06T13:48:08.4296667Z -- Installing: /home/runner/work/20231788./20231788./.ci/openfhe-install/include/openfhe/pke/keyswitch/README.md
linux-gcc	Build and install pristine OpenFHE	2026-09-06T13:48:08.4298639Z -- Installing: /home/runner/work/20231788./20231788./.ci/openfhe-install/include/openfhe/pke/keyswitch/keyswitch-bv.h
linux-gcc	Build and install pristine OpenFHE	2026-09-06T13:48:08.4300331Z -- Installing: /home/runner/work/20231788./20231788./.ci/openfhe-install/include/openfhe/pke/keyswitch/keyswitch-base.h
linux-gcc	Build and install pristine OpenFHE	2026-09-06T13:48:08.4302236Z -- Installing: /home/runner/work/20231788./20231788./.ci/openfhe-install/include/openfhe/pke/ciphertext-fwd.h
linux-gcc	Build and install pristine OpenFHE	2026-09-06T13:48:08.4304010Z -- Installing: /home/runner/work/20231788./20231788./.ci/openfhe-install/include/openfhe/pke/README.md
linux-gcc	Build and install pristine OpenFHE	2026-09-06T13:48:08.4305665Z -- Installing: /home/runner/work/20231788./20231788./.ci/openfhe-install/include/openfhe/pke/cryptoobject.h
linux-gcc	Build and install pristine OpenFHE	2026-09-06T13:48:08.4308027Z -- Installing: /home/runner/work/20231788./20231788./.ci/openfhe-install/include/openfhe/pke/gen-cryptocontext.h
linux-gcc	Build and install pristine OpenFHE	2026-09-06T13:48:08.4309870Z -- Installing: /home/runner/work/20231788./20231788./.ci/openfhe-install/include/openfhe/pke/globals.h
linux-gcc	Build and install pristine OpenFHE	2026-09-06T13:48:08.4311539Z -- Installing: /home/runner/work/20231788./20231788./.ci/openfhe-install/include/openfhe/pke/metadata.h
linux-gcc	Build and install pristine OpenFHE	2026-09-06T13:48:08.4313493Z -- Installing: /home/runner/work/20231788./20231788./.ci/openfhe-install/include/openfhe/pke/cryptocontextfactory.h
linux-gcc	Build and install pristine OpenFHE	2026-09-06T13:48:08.4314981Z -- Installing: /home/runner/work/20231788./20231788./.ci/openfhe-install/include/openfhe/pke/schemelet
linux-gcc	Build and install pristine OpenFHE	2026-09-06T13:48:08.4316441Z -- Installing: /home/runner/work/20231788./20231788./.ci/openfhe-install/include/openfhe/pke/schemelet/rlwe-mp.h
linux-gcc	Build and install pristine OpenFHE	2026-09-06T13:48:08.4318290Z -- Installing: /home/runner/work/20231788./20231788./.ci/openfhe-install/include/openfhe/pke/schemebase
linux-gcc	Build and install pristine OpenFHE	2026-09-06T13:48:08.4319582Z -- Installing: /home/runner/work/20231788./20231788./.ci/openfhe-install/include/openfhe/pke/schemebase/base-fhe.h
linux-gcc	Build and install pristine OpenFHE	2026-09-06T13:48:08.4321679Z -- Installing: /home/runner/work/20231788./20231788./.ci/openfhe-install/include/openfhe/pke/schemebase/decrypt-result.h
linux-gcc	Build and install pristine OpenFHE	2026-09-06T13:48:08.4323501Z -- Installing: /home/runner/work/20231788./20231788./.ci/openfhe-install/include/openfhe/pke/schemebase/base-advancedshe.h
linux-gcc	Build and install pristine OpenFHE	2026-09-06T13:48:08.4325891Z -- Installing: /home/runner/work/20231788./20231788./.ci/openfhe-install/include/openfhe/pke/schemebase/base-parametergeneration.h
linux-gcc	Build and install pristine OpenFHE	2026-09-06T13:48:08.4327762Z -- Installing: /home/runner/work/20231788./20231788./.ci/openfhe-install/include/openfhe/pke/schemebase/rlwe-cryptoparameters.h
linux-gcc	Build and install pristine OpenFHE	2026-09-06T13:48:08.4329700Z -- Installing: /home/runner/work/20231788./20231788./.ci/openfhe-install/include/openfhe/pke/schemebase/base-multiparty.h
linux-gcc	Build and install pristine OpenFHE	2026-09-06T13:48:08.4331718Z -- Installing: /home/runner/work/20231788./20231788./.ci/openfhe-install/include/openfhe/pke/schemebase/base-ser.h
linux-gcc	Build and install pristine OpenFHE	2026-09-06T13:48:08.4333537Z -- Installing: /home/runner/work/20231788./20231788./.ci/openfhe-install/include/openfhe/pke/schemebase/base-pke.h
linux-gcc	Build and install pristine OpenFHE	2026-09-06T13:48:08.4335639Z -- Installing: /home/runner/work/20231788./20231788./.ci/openfhe-install/include/openfhe/pke/schemebase/base-leveledshe.h
linux-gcc	Build and install pristine OpenFHE	2026-09-06T13:48:08.4337951Z -- Installing: /home/runner/work/20231788./20231788./.ci/openfhe-install/include/openfhe/pke/schemebase/base-pre.h
linux-gcc	Build and install pristine OpenFHE	2026-09-06T13:48:08.4339799Z -- Installing: /home/runner/work/20231788./20231788./.ci/openfhe-install/include/openfhe/pke/schemebase/base-scheme.h
linux-gcc	Build and install pristine OpenFHE	2026-09-06T13:48:08.4343087Z -- Installing: /home/runner/work/20231788./20231788./.ci/openfhe-install/include/openfhe/pke/schemebase/base-cryptoparameters.h
linux-gcc	Build and install pristine OpenFHE	2026-09-06T13:48:08.4345811Z -- Installing: /home/runner/work/20231788./20231788./.ci/openfhe-install/include/openfhe/pke/unittest/utils
linux-gcc	Build and install pristine OpenFHE	2026-09-06T13:48:08.4347862Z -- Installing: /home/runner/work/20231788./20231788./.ci/openfhe-install/include/openfhe/pke/unittest/utils/UnitTestReadCSVData.h
linux-gcc	Build and install pristine OpenFHE	2026-09-06T13:48:08.4350020Z -- Installing: /home/runner/work/20231788./20231788./.ci/openfhe-install/include/openfhe/pke/unittest/utils/UnitTestUtils.h
linux-gcc	Build and install pristine OpenFHE	2026-09-06T13:48:08.4352083Z -- Installing: /home/runner/work/20231788./20231788./.ci/openfhe-install/include/openfhe/pke/unittest/utils/UnitTestCCParams.h
linux-gcc	Build and install pristine OpenFHE	2026-09-06T13:48:08.4353929Z -- Installing: /home/runner/work/20231788./20231788./.ci/openfhe-install/include/openfhe/pke/unittest/utils/UnitTestCryptoContext.h
linux-gcc	Build and install pristine OpenFHE	2026-09-06T13:48:08.4356174Z -- Installing: /home/runner/work/20231788./20231788./.ci/openfhe-install/include/openfhe/pke/unittest/utils/UnitTestMetadataTestSer.h
linux-gcc	Build and install pristine OpenFHE	2026-09-06T13:48:08.4358130Z -- Installing: /home/runner/work/20231788./20231788./.ci/openfhe-install/include/openfhe/pke/unittest/utils/UnitTestException.h
linux-gcc	Build and install pristine OpenFHE	2026-09-06T13:48:08.4359930Z -- Installing: /home/runner/work/20231788./20231788./.ci/openfhe-install/include/openfhe/pke/unittest/utils/BaseTestCase.h
linux-gcc	Build and install pristine OpenFHE	2026-09-06T13:48:08.4362040Z -- Installing: /home/runner/work/20231788./20231788./.ci/openfhe-install/include/openfhe/pke/unittest/utils/schemeswitching-data-serializer.h
linux-gcc	Build and install pristine OpenFHE	2026-09-06T13:48:08.4363803Z -- Installing: /home/runner/work/20231788./20231788./.ci/openfhe-install/include/openfhe/pke/unittest/utils/UnitTestSer.h
linux-gcc	Build and install pristine OpenFHE	2026-09-06T13:48:08.4366070Z -- Installing: /home/runner/work/20231788./20231788./.ci/openfhe-install/include/openfhe/pke/unittest/utils/UnitTestMetadataTest.h
linux-gcc	Build and install pristine OpenFHE	2026-09-06T13:48:08.4371515Z -- Installing: /home/runner/work/20231788./20231788./.ci/openfhe-install/lib/libOPENFHEbinfhe.so.1.5.0
linux-gcc	Build and install pristine OpenFHE	2026-09-06T13:48:08.4378888Z -- Installing: /home/runner/work/20231788./20231788./.ci/openfhe-install/lib/libOPENFHEbinfhe.so.1
linux-gcc	Build and install pristine OpenFHE	2026-09-06T13:48:08.4382904Z -- Set non-toolchain portion of runtime path of "/home/runner/work/20231788./20231788./.ci/openfhe-install/lib/libOPENFHEbinfhe.so.1.5.0" to ""
linux-gcc	Build and install pristine OpenFHE	2026-09-06T13:48:08.4384373Z -- Installing: /home/runner/work/20231788./20231788./.ci/openfhe-install/lib/libOPENFHEbinfhe.so
linux-gcc	Build and install pristine OpenFHE	2026-09-06T13:48:08.4385773Z -- Installing: /home/runner/work/20231788./20231788./.ci/openfhe-install/include/openfhe/binfhe
linux-gcc	Build and install pristine OpenFHE	2026-09-06T13:48:08.4387001Z -- Installing: /home/runner/work/20231788./20231788./.ci/openfhe-install/include/openfhe/binfhe/lwe-publickey-fwd.h
linux-gcc	Build and install pristine OpenFHE	2026-09-06T13:48:08.4388332Z -- Installing: /home/runner/work/20231788./20231788./.ci/openfhe-install/include/openfhe/binfhe/rgsw-acc.h
linux-gcc	Build and install pristine OpenFHE	2026-09-06T13:48:08.4390323Z -- Installing: /home/runner/work/20231788./20231788./.ci/openfhe-install/include/openfhe/binfhe/rgsw-acc-lmkcdey.h
linux-gcc	Build and install pristine OpenFHE	2026-09-06T13:48:08.4392083Z -- Installing: /home/runner/work/20231788./20231788./.ci/openfhe-install/include/openfhe/binfhe/lwe-keypair.h
linux-gcc	Build and install pristine OpenFHE	2026-09-06T13:48:08.4393866Z -- Installing: /home/runner/work/20231788./20231788./.ci/openfhe-install/include/openfhe/binfhe/lwe-privatekey-fwd.h
linux-gcc	Build and install pristine OpenFHE	2026-09-06T13:48:08.4395931Z -- Installing: /home/runner/work/20231788./20231788./.ci/openfhe-install/include/openfhe/binfhe/binfhecontext.h
linux-gcc	Build and install pristine OpenFHE	2026-09-06T13:48:08.4397915Z -- Installing: /home/runner/work/20231788./20231788./.ci/openfhe-install/include/openfhe/binfhe/lwe-keyswitchkey.h
linux-gcc	Build and install pristine OpenFHE	2026-09-06T13:48:08.4399780Z -- Installing: /home/runner/work/20231788./20231788./.ci/openfhe-install/include/openfhe/binfhe/lwe-pke.h
linux-gcc	Build and install pristine OpenFHE	2026-09-06T13:48:08.4401701Z -- Installing: /home/runner/work/20231788./20231788./.ci/openfhe-install/include/openfhe/binfhe/lwe-privatekey.h
linux-gcc	Build and install pristine OpenFHE	2026-09-06T13:48:08.4403499Z -- Installing: /home/runner/work/20231788./20231788./.ci/openfhe-install/include/openfhe/binfhe/rlwe-ciphertext.h
linux-gcc	Build and install pristine OpenFHE	2026-09-06T13:48:08.4405574Z -- Installing: /home/runner/work/20231788./20231788./.ci/openfhe-install/include/openfhe/binfhe/rgsw-acckey.h
linux-gcc	Build and install pristine OpenFHE	2026-09-06T13:48:08.4407539Z -- Installing: /home/runner/work/20231788./20231788./.ci/openfhe-install/include/openfhe/binfhe/lwe-cryptoparameters.h
linux-gcc	Build and install pristine OpenFHE	2026-09-06T13:48:08.4409290Z -- Installing: /home/runner/work/20231788./20231788./.ci/openfhe-install/include/openfhe/binfhe/lwe-ciphertext.h
linux-gcc	Build and install pristine OpenFHE	2026-09-06T13:48:08.4411159Z -- Installing: /home/runner/work/20231788./20231788./.ci/openfhe-install/include/openfhe/binfhe/lwe-keyswitchkey-fwd.h
linux-gcc	Build and install pristine OpenFHE	2026-09-06T13:48:08.4412870Z -- Installing: /home/runner/work/20231788./20231788./.ci/openfhe-install/include/openfhe/binfhe/lwe-keypair-fwd.h
linux-gcc	Build and install pristine OpenFHE	2026-09-06T13:48:08.4414627Z -- Installing: /home/runner/work/20231788./20231788./.ci/openfhe-install/include/openfhe/binfhe/binfhe-constants.h
linux-gcc	Build and install pristine OpenFHE	2026-09-06T13:48:08.4416848Z -- Installing: /home/runner/work/20231788./20231788./.ci/openfhe-install/include/openfhe/binfhe/binfhe-base-params.h
linux-gcc	Build and install pristine OpenFHE	2026-09-06T13:48:08.4418668Z -- Installing: /home/runner/work/20231788./20231788./.ci/openfhe-install/include/openfhe/binfhe/lwe-ciphertext-fwd.h
linux-gcc	Build and install pristine OpenFHE	2026-09-06T13:48:08.4420479Z -- Installing: /home/runner/work/20231788./20231788./.ci/openfhe-install/include/openfhe/binfhe/rgsw-acc-dm.h
linux-gcc	Build and install pristine OpenFHE	2026-09-06T13:48:08.4422409Z -- Installing: /home/runner/work/20231788./20231788./.ci/openfhe-install/include/openfhe/binfhe/rgsw-cryptoparameters.h
linux-gcc	Build and install pristine OpenFHE	2026-09-06T13:48:08.4424267Z -- Installing: /home/runner/work/20231788./20231788./.ci/openfhe-install/include/openfhe/binfhe/lwe-publickey.h
linux-gcc	Build and install pristine OpenFHE	2026-09-06T13:48:08.4426292Z -- Installing: /home/runner/work/20231788./20231788./.ci/openfhe-install/include/openfhe/binfhe/README.md
linux-gcc	Build and install pristine OpenFHE	2026-09-06T13:48:08.4428155Z -- Installing: /home/runner/work/20231788./20231788./.ci/openfhe-install/include/openfhe/binfhe/binfhe-base-scheme.h
linux-gcc	Build and install pristine OpenFHE	2026-09-06T13:48:08.4430025Z -- Installing: /home/runner/work/20231788./20231788./.ci/openfhe-install/include/openfhe/binfhe/rgsw-evalkey.h
linux-gcc	Build and install pristine OpenFHE	2026-09-06T13:48:08.4431924Z -- Installing: /home/runner/work/20231788./20231788./.ci/openfhe-install/include/openfhe/binfhe/rgsw-acc-cggi.h
linux-gcc	Build and install pristine OpenFHE	2026-09-06T13:48:08.4433902Z -- Installing: /home/runner/work/20231788./20231788./.ci/openfhe-install/include/openfhe/binfhe/binfhecontext-ser.h
linux-gcc	Build and install pristine OpenFHE	2026-09-06T13:48:08.4438514Z -- Installing: /home/runner/work/20231788./20231788./.ci/openfhe-install/lib/OpenFHE/OpenFHEConfig.cmake
linux-gcc	Build and install pristine OpenFHE	2026-09-06T13:48:08.4440160Z -- Installing: /home/runner/work/20231788./20231788./.ci/openfhe-install/lib/OpenFHE/OpenFHEConfigVersion.cmake
linux-gcc	Build and install pristine OpenFHE	2026-09-06T13:48:08.4443259Z -- Installing: /home/runner/work/20231788./20231788./.ci/openfhe-install/lib/OpenFHE/OpenFHETargets.cmake
linux-gcc	Build and install pristine OpenFHE	2026-09-06T13:48:08.4445956Z -- Installing: /home/runner/work/20231788./20231788./.ci/openfhe-install/lib/OpenFHE/OpenFHETargets-release.cmake
linux-gcc	Configure clean-room project	﻿2026-09-06T13:48:08.4488720Z ##[group]Run cmake -S . -B build -DCMAKE_BUILD_TYPE=Debug -DCMAKE_PREFIX_PATH=${OPENFHE_PREFIX}
linux-gcc	Configure clean-room project	2026-09-06T13:48:08.4489412Z ^[[36;1mcmake -S . -B build -DCMAKE_BUILD_TYPE=Debug -DCMAKE_PREFIX_PATH=${OPENFHE_PREFIX}^[[0m
linux-gcc	Configure clean-room project	2026-09-06T13:48:08.4525696Z shell: /usr/bin/bash --noprofile --norc -e -o pipefail {0}
linux-gcc	Configure clean-room project	2026-09-06T13:48:08.4526042Z env:
linux-gcc	Configure clean-room project	2026-09-06T13:48:08.4526296Z   OPENFHE_COMMIT: df495ba2e91739a6dc8f1de254fc5a41155ce504
linux-gcc	Configure clean-room project	2026-09-06T13:48:08.4526630Z   RUN_ENDPOINT_COMPLETE_GATE: 1
linux-gcc	Configure clean-room project	2026-09-06T13:48:08.4526887Z   RUN_ENDPOINT_NEGATIVE_GATE: 1
linux-gcc	Configure clean-room project	2026-09-06T13:48:08.4527144Z   RUN_ENDPOINT_CPP_INTEROP_GATE: 1
linux-gcc	Configure clean-room project	2026-09-06T13:48:08.4527417Z   PYTHONDONTWRITEBYTECODE: 1
linux-gcc	Configure clean-room project	2026-09-06T13:48:08.4527653Z   OMP_NUM_THREADS: 2
linux-gcc	Configure clean-room project	2026-09-06T13:48:08.4527867Z   ENDPOINT_TEST_HOST: linux
linux-gcc	Configure clean-room project	2026-09-06T13:48:08.4528207Z   OPENFHE_PREFIX: /home/runner/work/20231788./20231788./.ci/openfhe-install
linux-gcc	Configure clean-room project	2026-09-06T13:48:08.4528645Z   pythonLocation: /opt/hostedtoolcache/Python/3.12.14/x64
linux-gcc	Configure clean-room project	2026-09-06T13:48:08.4529061Z   PKG_CONFIG_PATH: /opt/hostedtoolcache/Python/3.12.14/x64/lib/pkgconfig
linux-gcc	Configure clean-room project	2026-09-06T13:48:08.4529505Z   Python_ROOT_DIR: /opt/hostedtoolcache/Python/3.12.14/x64
linux-gcc	Configure clean-room project	2026-09-06T13:48:08.4529875Z   Python2_ROOT_DIR: /opt/hostedtoolcache/Python/3.12.14/x64
linux-gcc	Configure clean-room project	2026-09-06T13:48:08.4530404Z   Python3_ROOT_DIR: /opt/hostedtoolcache/Python/3.12.14/x64
linux-gcc	Configure clean-room project	2026-09-06T13:48:08.4530779Z   LD_LIBRARY_PATH: /opt/hostedtoolcache/Python/3.12.14/x64/lib
linux-gcc	Configure clean-room project	2026-09-06T13:48:08.4531093Z ##[endgroup]
linux-gcc	Configure clean-room project	2026-09-06T13:48:08.5186397Z -- The CXX compiler identification is GNU 13.3.0
linux-gcc	Configure clean-room project	2026-09-06T13:48:08.5272907Z -- Detecting CXX compiler ABI info
linux-gcc	Configure clean-room project	2026-09-06T13:48:08.5914119Z -- Detecting CXX compiler ABI info - done
linux-gcc	Configure clean-room project	2026-09-06T13:48:08.6098415Z -- Check for working CXX compiler: /usr/bin/c++ - skipped
linux-gcc	Configure clean-room project	2026-09-06T13:48:08.6101933Z -- Detecting CXX compile features
linux-gcc	Configure clean-room project	2026-09-06T13:48:08.6110297Z -- Detecting CXX compile features - done
linux-gcc	Configure clean-room project	2026-09-06T13:48:08.6231025Z -- Configuring done (0.2s)
linux-gcc	Configure clean-room project	2026-09-06T13:48:08.6597440Z -- Generating done (0.0s)
linux-gcc	Configure clean-room project	2026-09-06T13:48:08.6600237Z -- Build files have been written to: /home/runner/work/20231788./20231788./build
linux-gcc	Build only the paper endpoint producer target	﻿2026-09-06T13:48:08.6652513Z ##[group]Run cmake --build build --target paper_full_eight_square_contract_test --parallel 2
linux-gcc	Build only the paper endpoint producer target	2026-09-06T13:48:08.6653174Z ^[[36;1mcmake --build build --target paper_full_eight_square_contract_test --parallel 2^[[0m
linux-gcc	Build only the paper endpoint producer target	2026-09-06T13:48:08.6689648Z shell: /usr/bin/bash --noprofile --norc -e -o pipefail {0}
linux-gcc	Build only the paper endpoint producer target	2026-09-06T13:48:08.6689992Z env:
linux-gcc	Build only the paper endpoint producer target	2026-09-06T13:48:08.6690254Z   OPENFHE_COMMIT: df495ba2e91739a6dc8f1de254fc5a41155ce504
linux-gcc	Build only the paper endpoint producer target	2026-09-06T13:48:08.6690598Z   RUN_ENDPOINT_COMPLETE_GATE: 1
linux-gcc	Build only the paper endpoint producer target	2026-09-06T13:48:08.6690844Z   RUN_ENDPOINT_NEGATIVE_GATE: 1
linux-gcc	Build only the paper endpoint producer target	2026-09-06T13:48:08.6691082Z   RUN_ENDPOINT_CPP_INTEROP_GATE: 1
linux-gcc	Build only the paper endpoint producer target	2026-09-06T13:48:08.6691347Z   PYTHONDONTWRITEBYTECODE: 1
linux-gcc	Build only the paper endpoint producer target	2026-09-06T13:48:08.6691579Z   OMP_NUM_THREADS: 2
linux-gcc	Build only the paper endpoint producer target	2026-09-06T13:48:08.6691790Z   ENDPOINT_TEST_HOST: linux
linux-gcc	Build only the paper endpoint producer target	2026-09-06T13:48:08.6692131Z   OPENFHE_PREFIX: /home/runner/work/20231788./20231788./.ci/openfhe-install
linux-gcc	Build only the paper endpoint producer target	2026-09-06T13:48:08.6692562Z   pythonLocation: /opt/hostedtoolcache/Python/3.12.14/x64
linux-gcc	Build only the paper endpoint producer target	2026-09-06T13:48:08.6692977Z   PKG_CONFIG_PATH: /opt/hostedtoolcache/Python/3.12.14/x64/lib/pkgconfig
linux-gcc	Build only the paper endpoint producer target	2026-09-06T13:48:08.6693421Z   Python_ROOT_DIR: /opt/hostedtoolcache/Python/3.12.14/x64
linux-gcc	Build only the paper endpoint producer target	2026-09-06T13:48:08.6693820Z   Python2_ROOT_DIR: /opt/hostedtoolcache/Python/3.12.14/x64
linux-gcc	Build only the paper endpoint producer target	2026-09-06T13:48:08.6694195Z   Python3_ROOT_DIR: /opt/hostedtoolcache/Python/3.12.14/x64
linux-gcc	Build only the paper endpoint producer target	2026-09-06T13:48:08.6694574Z   LD_LIBRARY_PATH: /opt/hostedtoolcache/Python/3.12.14/x64/lib
linux-gcc	Build only the paper endpoint producer target	2026-09-06T13:48:08.6694890Z ##[endgroup]
linux-gcc	Build only the paper endpoint producer target	2026-09-06T13:48:08.6956222Z [  8%] Building CXX object CMakeFiles/openfhe_2023_1788.dir/src/double_ckks.cpp.o
linux-gcc	Build only the paper endpoint producer target	2026-09-06T13:48:08.6958331Z [ 16%] Building CXX object CMakeFiles/openfhe_2023_1788.dir/src/high_precision_client_io.cpp.o
linux-gcc	Build only the paper endpoint producer target	2026-09-06T13:48:18.5387937Z [ 25%] Building CXX object CMakeFiles/openfhe_2023_1788.dir/src/repeated_mult2.cpp.o
linux-gcc	Build only the paper endpoint producer target	2026-09-06T13:48:27.7361849Z [ 33%] Building CXX object CMakeFiles/openfhe_2023_1788.dir/src/paper_h128_client_keypair.cpp.o
linux-gcc	Build only the paper endpoint producer target	2026-09-06T13:48:33.8495618Z [ 41%] Linking CXX static library libopenfhe_2023_1788.a
linux-gcc	Build only the paper endpoint producer target	2026-09-06T13:48:34.6576573Z [ 41%] Built target openfhe_2023_1788
linux-gcc	Build only the paper endpoint producer target	2026-09-06T13:48:34.6652539Z [ 50%] Building CXX object CMakeFiles/paper_full_eight_square_contract_test.dir/tests/paper_full_eight_square_contract_test.cpp.o
linux-gcc	Build only the paper endpoint producer target	2026-09-06T13:48:34.6654259Z [ 58%] Building CXX object CMakeFiles/paper_full_eight_square_contract_test.dir/tests/paper_endpoint_scaled_norm.cpp.o
linux-gcc	Build only the paper endpoint producer target	2026-09-06T13:48:46.1376537Z [ 66%] Building CXX object CMakeFiles/paper_full_eight_square_contract_test.dir/tests/paper_endpoint_exact_scalars.cpp.o
linux-gcc	Build only the paper endpoint producer target	2026-09-06T13:49:00.0656518Z [ 75%] Building CXX object CMakeFiles/paper_full_eight_square_contract_test.dir/tests/paper_endpoint_transform.cpp.o
linux-gcc	Build only the paper endpoint producer target	2026-09-06T13:49:03.3539904Z [ 83%] Building CXX object CMakeFiles/paper_full_eight_square_contract_test.dir/tests/paper_endpoint_diagnostics.cpp.o
linux-gcc	Build only the paper endpoint producer target	2026-09-06T13:49:18.4712070Z [ 91%] Building CXX object CMakeFiles/paper_full_eight_square_contract_test.dir/tests/paper_endpoint_evidence_writer.cpp.o
linux-gcc	Build only the paper endpoint producer target	2026-09-06T13:49:32.6933418Z [100%] Linking CXX executable paper_full_eight_square_contract_test
linux-gcc	Build only the paper endpoint producer target	2026-09-06T13:49:33.0031499Z [100%] Built target paper_full_eight_square_contract_test
linux-gcc	Run synthetic C++ endpoint interop gate once	﻿2026-09-06T13:49:33.0114439Z ##[group]Run set -euo pipefail
linux-gcc	Run synthetic C++ endpoint interop gate once	2026-09-06T13:49:33.0114770Z ^[[36;1mset -euo pipefail^[[0m
linux-gcc	Run synthetic C++ endpoint interop gate once	2026-09-06T13:49:33.0115492Z ^[[36;1mscratch="$RUNNER_TEMP/fs-cpp-${GITHUB_RUN_ID}-${GITHUB_RUN_ATTEMPT}"^[[0m
linux-gcc	Run synthetic C++ endpoint interop gate once	2026-09-06T13:49:33.0115956Z ^[[36;1mtest ! -e "$scratch" && test ! -L "$scratch"^[[0m
linux-gcc	Run synthetic C++ endpoint interop gate once	2026-09-06T13:49:33.0116376Z ^[[36;1mproducer="$(realpath build/paper_full_eight_square_contract_test)"^[[0m
linux-gcc	Run synthetic C++ endpoint interop gate once	2026-09-06T13:49:33.0116759Z ^[[36;1mtest -x "$producer"^[[0m
linux-gcc	Run synthetic C++ endpoint interop gate once	2026-09-06T13:49:33.0117074Z ^[[36;1mpython -B tests/hosted_paper_endpoint_cpp_interop.py \^[[0m
linux-gcc	Run synthetic C++ endpoint interop gate once	2026-09-06T13:49:33.0117488Z ^[[36;1m  --producer "$producer" --output-root "$scratch"^[[0m
linux-gcc	Run synthetic C++ endpoint interop gate once	2026-09-06T13:49:33.0153892Z shell: /usr/bin/bash --noprofile --norc -e -o pipefail {0}
linux-gcc	Run synthetic C++ endpoint interop gate once	2026-09-06T13:49:33.0154235Z env:
linux-gcc	Run synthetic C++ endpoint interop gate once	2026-09-06T13:49:33.0154488Z   OPENFHE_COMMIT: df495ba2e91739a6dc8f1de254fc5a41155ce504
linux-gcc	Run synthetic C++ endpoint interop gate once	2026-09-06T13:49:33.0154816Z   RUN_ENDPOINT_COMPLETE_GATE: 1
linux-gcc	Run synthetic C++ endpoint interop gate once	2026-09-06T13:49:33.0155315Z   RUN_ENDPOINT_NEGATIVE_GATE: 1
linux-gcc	Run synthetic C++ endpoint interop gate once	2026-09-06T13:49:33.0155570Z   RUN_ENDPOINT_CPP_INTEROP_GATE: 1
linux-gcc	Run synthetic C++ endpoint interop gate once	2026-09-06T13:49:33.0155865Z   PYTHONDONTWRITEBYTECODE: 1
linux-gcc	Run synthetic C++ endpoint interop gate once	2026-09-06T13:49:33.0156100Z   OMP_NUM_THREADS: 2
linux-gcc	Run synthetic C++ endpoint interop gate once	2026-09-06T13:49:33.0156302Z   ENDPOINT_TEST_HOST: linux
linux-gcc	Run synthetic C++ endpoint interop gate once	2026-09-06T13:49:33.0156634Z   OPENFHE_PREFIX: /home/runner/work/20231788./20231788./.ci/openfhe-install
linux-gcc	Run synthetic C++ endpoint interop gate once	2026-09-06T13:49:33.0157059Z   pythonLocation: /opt/hostedtoolcache/Python/3.12.14/x64
linux-gcc	Run synthetic C++ endpoint interop gate once	2026-09-06T13:49:33.0157464Z   PKG_CONFIG_PATH: /opt/hostedtoolcache/Python/3.12.14/x64/lib/pkgconfig
linux-gcc	Run synthetic C++ endpoint interop gate once	2026-09-06T13:49:33.0157869Z   Python_ROOT_DIR: /opt/hostedtoolcache/Python/3.12.14/x64
linux-gcc	Run synthetic C++ endpoint interop gate once	2026-09-06T13:49:33.0158228Z   Python2_ROOT_DIR: /opt/hostedtoolcache/Python/3.12.14/x64
linux-gcc	Run synthetic C++ endpoint interop gate once	2026-09-06T13:49:33.0158592Z   Python3_ROOT_DIR: /opt/hostedtoolcache/Python/3.12.14/x64
linux-gcc	Run synthetic C++ endpoint interop gate once	2026-09-06T13:49:33.0158969Z   LD_LIBRARY_PATH: /opt/hostedtoolcache/Python/3.12.14/x64/lib
linux-gcc	Run synthetic C++ endpoint interop gate once	2026-09-06T13:49:33.0159279Z ##[endgroup]
linux-gcc	Run synthetic C++ endpoint interop gate once	2026-09-06T13:49:33.1860465Z {"actual_crypto_chain_count": 0, "actual_ctest_invocations": 0, "deepest_status_candidate_characters": 267, "github_run_attempt": "1", "github_run_id": "34037035615", "host": "linux", "legacy_framing": "constructed-test-only", "producer_exit": 1, "producer_stderr_bytes": 55, "producer_stderr_sha256": "2865b1bdf92cd7b45c7976060763bfecc0b883b78cdb861f3ef9536bd6a3abd9", "producer_stdout_bytes": 0, "producer_stdout_sha256": "e3b0c44298fc1c149afbf4c8996fb92427ae41e4649b934ca495991b7852b855", "source_commit": "3eff15009abd02825b7e0da54c93f80d58f1be78", "stage": "producer-returned", "supplied_synthetic_ctest_exit": 8}
linux-gcc	Run synthetic C++ endpoint interop gate once	2026-09-06T13:49:33.1875921Z Traceback (most recent call last):
linux-gcc	Run synthetic C++ endpoint interop gate once	2026-09-06T13:49:33.1901755Z   File "/home/runner/work/20231788./20231788./tests/hosted_paper_endpoint_cpp_interop.py", line 215, in <module>
linux-gcc	Run synthetic C++ endpoint interop gate once	2026-09-06T13:49:33.1902402Z     run_gate(args.producer, args.output_root)
linux-gcc	Run synthetic C++ endpoint interop gate once	2026-09-06T13:49:33.1903019Z   File "/home/runner/work/20231788./20231788./tests/hosted_paper_endpoint_cpp_interop.py", line 159, in run_gate
linux-gcc	Run synthetic C++ endpoint interop gate once	2026-09-06T13:49:33.1903569Z     require(result.returncode == 0,
linux-gcc	Run synthetic C++ endpoint interop gate once	2026-09-06T13:49:33.1904111Z   File "/home/runner/work/20231788./20231788./tests/hosted_paper_endpoint_cpp_interop.py", line 28, in require
linux-gcc	Run synthetic C++ endpoint interop gate once	2026-09-06T13:49:33.1904694Z     raise AssertionError(detail)
linux-gcc	Run synthetic C++ endpoint interop gate once	2026-09-06T13:49:33.1905395Z AssertionError: actual C++ producer returned 1; required synthetic mode is not usable
linux-gcc	Run synthetic C++ endpoint interop gate once	2026-09-06T13:49:33.1984335Z ##[error]Process completed with exit code 1.
linux-gcc	Upload bounded RED diagnostics	﻿2026-09-06T13:49:33.2059645Z Node 20 is being deprecated. This workflow is running with Node 24 by default. If you need to temporarily use Node 20, you can set the ACTIONS_ALLOW_USE_UNSECURE_NODE_VERSION=true environment variable. For more information see: https://github.blog/changelog/2025-09-19-deprecation-of-node-20-on-github-actions-runners/
linux-gcc	Upload bounded RED diagnostics	2026-09-06T13:49:33.2060989Z ##[group]Run actions/upload-artifact@ea165f8d65b6e75b540449e92b4886f43607fa02
linux-gcc	Upload bounded RED diagnostics	2026-09-06T13:49:33.2061367Z with:
linux-gcc	Upload bounded RED diagnostics	2026-09-06T13:49:33.2061650Z   name: fs-endpoint-synthetic-cpp-interop-linux-34037035615-1
linux-gcc	Upload bounded RED diagnostics	2026-09-06T13:49:33.2062529Z   path: /home/runner/work/_temp/fs-cpp-34037035615-1/producer.stdout.txt
linux-gcc	Upload bounded RED diagnostics	/home/runner/work/_temp/fs-cpp-34037035615-1/producer.stderr.txt
linux-gcc	Upload bounded RED diagnostics	/home/runner/work/_temp/fs-cpp-34037035615-1/gate-receipt.json
linux-gcc	Upload bounded RED diagnostics	
linux-gcc	Upload bounded RED diagnostics	2026-09-06T13:49:33.2063505Z   if-no-files-found: error
linux-gcc	Upload bounded RED diagnostics	2026-09-06T13:49:33.2063743Z   compression-level: 0
linux-gcc	Upload bounded RED diagnostics	2026-09-06T13:49:33.2063960Z   retention-days: 3
linux-gcc	Upload bounded RED diagnostics	2026-09-06T13:49:33.2064158Z   overwrite: false
linux-gcc	Upload bounded RED diagnostics	2026-09-06T13:49:33.2064365Z   include-hidden-files: false
linux-gcc	Upload bounded RED diagnostics	2026-09-06T13:49:33.2064621Z env:
linux-gcc	Upload bounded RED diagnostics	2026-09-06T13:49:33.2064858Z   OPENFHE_COMMIT: df495ba2e91739a6dc8f1de254fc5a41155ce504
linux-gcc	Upload bounded RED diagnostics	2026-09-06T13:49:33.2065483Z   RUN_ENDPOINT_COMPLETE_GATE: 1
linux-gcc	Upload bounded RED diagnostics	2026-09-06T13:49:33.2065741Z   RUN_ENDPOINT_NEGATIVE_GATE: 1
linux-gcc	Upload bounded RED diagnostics	2026-09-06T13:49:33.2065980Z   RUN_ENDPOINT_CPP_INTEROP_GATE: 1
linux-gcc	Upload bounded RED diagnostics	2026-09-06T13:49:33.2066239Z   PYTHONDONTWRITEBYTECODE: 1
linux-gcc	Upload bounded RED diagnostics	2026-09-06T13:49:33.2066470Z   OMP_NUM_THREADS: 2
linux-gcc	Upload bounded RED diagnostics	2026-09-06T13:49:33.2066680Z   ENDPOINT_TEST_HOST: linux
linux-gcc	Upload bounded RED diagnostics	2026-09-06T13:49:33.2067011Z   OPENFHE_PREFIX: /home/runner/work/20231788./20231788./.ci/openfhe-install
linux-gcc	Upload bounded RED diagnostics	2026-09-06T13:49:33.2067441Z   pythonLocation: /opt/hostedtoolcache/Python/3.12.14/x64
linux-gcc	Upload bounded RED diagnostics	2026-09-06T13:49:33.2067871Z   PKG_CONFIG_PATH: /opt/hostedtoolcache/Python/3.12.14/x64/lib/pkgconfig
linux-gcc	Upload bounded RED diagnostics	2026-09-06T13:49:33.2068281Z   Python_ROOT_DIR: /opt/hostedtoolcache/Python/3.12.14/x64
linux-gcc	Upload bounded RED diagnostics	2026-09-06T13:49:33.2068654Z   Python2_ROOT_DIR: /opt/hostedtoolcache/Python/3.12.14/x64
linux-gcc	Upload bounded RED diagnostics	2026-09-06T13:49:33.2069059Z   Python3_ROOT_DIR: /opt/hostedtoolcache/Python/3.12.14/x64
linux-gcc	Upload bounded RED diagnostics	2026-09-06T13:49:33.2069436Z   LD_LIBRARY_PATH: /opt/hostedtoolcache/Python/3.12.14/x64/lib
linux-gcc	Upload bounded RED diagnostics	2026-09-06T13:49:33.2069753Z ##[endgroup]
linux-gcc	Upload bounded RED diagnostics	2026-09-06T13:49:33.3780853Z (node:4558) [DEP0040] DeprecationWarning: The `punycode` module is deprecated. Please use a userland alternative instead.
linux-gcc	Upload bounded RED diagnostics	2026-09-06T13:49:33.3782149Z (Use `node --trace-deprecation ...` to show where the warning was created)
linux-gcc	Upload bounded RED diagnostics	2026-09-06T13:49:33.3842684Z Multiple search paths detected. Calculating the least common ancestor of all paths
linux-gcc	Upload bounded RED diagnostics	2026-09-06T13:49:33.3858189Z The least common ancestor is /home/runner/work/_temp/fs-cpp-34037035615-1. This will be the root directory of the artifact
linux-gcc	Upload bounded RED diagnostics	2026-09-06T13:49:33.3859498Z With the provided path, there will be 3 files uploaded
linux-gcc	Upload bounded RED diagnostics	2026-09-06T13:49:33.3860637Z Artifact name is valid!
linux-gcc	Upload bounded RED diagnostics	2026-09-06T13:49:33.3861174Z Root directory input is valid!
linux-gcc	Upload bounded RED diagnostics	2026-09-06T13:49:33.7615945Z Beginning upload of artifact content to blob storage
linux-gcc	Upload bounded RED diagnostics	2026-09-06T13:49:33.7824584Z (node:4558) [DEP0169] DeprecationWarning: `url.parse()` behavior is not standardized and prone to errors that have security implications. Use the WHATWG URL API instead. CVEs are not issued for `url.parse()` vulnerabilities.
linux-gcc	Upload bounded RED diagnostics	2026-09-06T13:49:34.0480120Z Uploaded bytes 1114
linux-gcc	Upload bounded RED diagnostics	2026-09-06T13:49:34.1199342Z Finished uploading artifact content to blob storage!
linux-gcc	Upload bounded RED diagnostics	2026-09-06T13:49:34.1200654Z SHA256 digest of uploaded artifact zip is c7368e4886a3999fff32abd54fae0678260d8da2776a9a8d56dca11927114387
linux-gcc	Upload bounded RED diagnostics	2026-09-06T13:49:34.1202128Z Finalizing artifact upload
linux-gcc	Upload bounded RED diagnostics	2026-09-06T13:49:34.3888397Z Artifact fs-endpoint-synthetic-cpp-interop-linux-34037035615-1.zip successfully finalized. Artifact ID 9990555467
linux-gcc	Upload bounded RED diagnostics	2026-09-06T13:49:34.3890349Z Artifact fs-endpoint-synthetic-cpp-interop-linux-34037035615-1 has been successfully uploaded! Final size is 1114 bytes. Artifact ID is 9990555467
linux-gcc	Upload bounded RED diagnostics	2026-09-06T13:49:34.3894689Z Artifact download URL: https://github.com/leemaple/20231788./actions/runs/34037035615/artifacts/9990555467
linux-gcc	Post Check out pristine OpenFHE 1.5.0	﻿2026-09-06T13:49:34.4078778Z Node 20 is being deprecated. This workflow is running with Node 24 by default. If you need to temporarily use Node 20, you can set the ACTIONS_ALLOW_USE_UNSECURE_NODE_VERSION=true environment variable. For more information see: https://github.blog/changelog/2025-09-19-deprecation-of-node-20-on-github-actions-runners/
linux-gcc	Post Check out pristine OpenFHE 1.5.0	2026-09-06T13:49:34.4080051Z Post job cleanup.
linux-gcc	Post Check out pristine OpenFHE 1.5.0	2026-09-06T13:49:34.4928282Z [command]/usr/bin/git version
linux-gcc	Post Check out pristine OpenFHE 1.5.0	2026-09-06T13:49:34.4971486Z git version 2.55.0
linux-gcc	Post Check out pristine OpenFHE 1.5.0	2026-09-06T13:49:34.5010889Z Temporarily overriding HOME='/home/runner/work/_temp/f1594356-d1e0-4fbc-9fe1-0e019a8cc072' before making global git config changes
linux-gcc	Post Check out pristine OpenFHE 1.5.0	2026-09-06T13:49:34.5012554Z Adding repository directory to the temporary git global config as a safe directory
linux-gcc	Post Check out pristine OpenFHE 1.5.0	2026-09-06T13:49:34.5017610Z [command]/usr/bin/git config --global --add safe.directory /home/runner/work/20231788./20231788./.ci/openfhe-src
linux-gcc	Post Check out pristine OpenFHE 1.5.0	2026-09-06T13:49:34.5060550Z [command]/usr/bin/git config --local --name-only --get-regexp core\.sshCommand
linux-gcc	Post Check out pristine OpenFHE 1.5.0	2026-09-06T13:49:34.5097399Z [command]/usr/bin/git submodule foreach --recursive sh -c "git config --local --name-only --get-regexp 'core\.sshCommand' && git config --local --unset-all 'core.sshCommand' || :"
linux-gcc	Post Check out pristine OpenFHE 1.5.0	2026-09-06T13:49:34.5348954Z Entering 'third-party/cereal'
linux-gcc	Post Check out pristine OpenFHE 1.5.0	2026-09-06T13:49:34.5396942Z Entering 'third-party/google-benchmark'
linux-gcc	Post Check out pristine OpenFHE 1.5.0	2026-09-06T13:49:34.5442273Z Entering 'third-party/google-test'
linux-gcc	Post Check out pristine OpenFHE 1.5.0	2026-09-06T13:49:34.5488686Z Entering 'third-party/gperftools'
linux-gcc	Post Check out pristine OpenFHE 1.5.0	2026-09-06T13:49:34.5560267Z [command]/usr/bin/git config --local --name-only --get-regexp http\.https\:\/\/github\.com\/\.extraheader
linux-gcc	Post Check out pristine OpenFHE 1.5.0	2026-09-06T13:49:34.5605940Z [command]/usr/bin/git submodule foreach --recursive sh -c "git config --local --name-only --get-regexp 'http\.https\:\/\/github\.com\/\.extraheader' && git config --local --unset-all 'http.https://github.com/.extraheader' || :"
linux-gcc	Post Check out pristine OpenFHE 1.5.0	2026-09-06T13:49:34.5852197Z Entering 'third-party/cereal'
linux-gcc	Post Check out pristine OpenFHE 1.5.0	2026-09-06T13:49:34.5898362Z Entering 'third-party/google-benchmark'
linux-gcc	Post Check out pristine OpenFHE 1.5.0	2026-09-06T13:49:34.5943036Z Entering 'third-party/google-test'
linux-gcc	Post Check out pristine OpenFHE 1.5.0	2026-09-06T13:49:34.5988758Z Entering 'third-party/gperftools'
linux-gcc	Post Check out pristine OpenFHE 1.5.0	2026-09-06T13:49:34.6053375Z [command]/usr/bin/git config --local --name-only --get-regexp ^includeIf\.gitdir:
linux-gcc	Post Check out pristine OpenFHE 1.5.0	2026-09-06T13:49:34.6092533Z [command]/usr/bin/git submodule foreach --recursive git config --local --show-origin --name-only --get-regexp remote.origin.url
linux-gcc	Post Check out pristine OpenFHE 1.5.0	2026-09-06T13:49:34.6333751Z Entering 'third-party/cereal'
linux-gcc	Post Check out pristine OpenFHE 1.5.0	2026-09-06T13:49:34.6352847Z file:/home/runner/work/20231788./20231788./.ci/openfhe-src/.git/modules/third-party/cereal/config	remote.origin.url
linux-gcc	Post Check out pristine OpenFHE 1.5.0	2026-09-06T13:49:34.6372108Z Entering 'third-party/google-benchmark'
linux-gcc	Post Check out pristine OpenFHE 1.5.0	2026-09-06T13:49:34.6391680Z file:/home/runner/work/20231788./20231788./.ci/openfhe-src/.git/modules/third-party/google-benchmark/config	remote.origin.url
linux-gcc	Post Check out pristine OpenFHE 1.5.0	2026-09-06T13:49:34.6410318Z Entering 'third-party/google-test'
linux-gcc	Post Check out pristine OpenFHE 1.5.0	2026-09-06T13:49:34.6430063Z file:/home/runner/work/20231788./20231788./.ci/openfhe-src/.git/modules/third-party/google-test/config	remote.origin.url
linux-gcc	Post Check out pristine OpenFHE 1.5.0	2026-09-06T13:49:34.6448941Z Entering 'third-party/gperftools'
linux-gcc	Post Check out pristine OpenFHE 1.5.0	2026-09-06T13:49:34.6468622Z file:/home/runner/work/20231788./20231788./.ci/openfhe-src/.git/modules/third-party/gperftools/config	remote.origin.url
linux-gcc	Post Check out pristine OpenFHE 1.5.0	2026-09-06T13:49:34.6504044Z [command]/usr/bin/git config --file /home/runner/work/20231788./20231788./.ci/openfhe-src/.git/modules/third-party/cereal/config --name-only --get-regexp ^includeIf\.gitdir:
linux-gcc	Post Check out pristine OpenFHE 1.5.0	2026-09-06T13:49:34.6542188Z [command]/usr/bin/git config --file /home/runner/work/20231788./20231788./.ci/openfhe-src/.git/modules/third-party/google-benchmark/config --name-only --get-regexp ^includeIf\.gitdir:
linux-gcc	Post Check out pristine OpenFHE 1.5.0	2026-09-06T13:49:34.6576872Z [command]/usr/bin/git config --file /home/runner/work/20231788./20231788./.ci/openfhe-src/.git/modules/third-party/google-test/config --name-only --get-regexp ^includeIf\.gitdir:
linux-gcc	Post Check out pristine OpenFHE 1.5.0	2026-09-06T13:49:34.6609992Z [command]/usr/bin/git config --file /home/runner/work/20231788./20231788./.ci/openfhe-src/.git/modules/third-party/gperftools/config --name-only --get-regexp ^includeIf\.gitdir:
linux-gcc	Post Check out exact tested source	﻿2026-09-06T13:49:34.6803429Z Node 20 is being deprecated. This workflow is running with Node 24 by default. If you need to temporarily use Node 20, you can set the ACTIONS_ALLOW_USE_UNSECURE_NODE_VERSION=true environment variable. For more information see: https://github.blog/changelog/2025-09-19-deprecation-of-node-20-on-github-actions-runners/
linux-gcc	Post Check out exact tested source	2026-09-06T13:49:34.6804697Z Post job cleanup.
linux-gcc	Post Check out exact tested source	2026-09-06T13:49:34.7645496Z [command]/usr/bin/git version
linux-gcc	Post Check out exact tested source	2026-09-06T13:49:34.7688663Z git version 2.55.0
linux-gcc	Post Check out exact tested source	2026-09-06T13:49:34.7730666Z Temporarily overriding HOME='/home/runner/work/_temp/b63b5b77-b55b-4bca-8ea3-f55e7a0d7eb7' before making global git config changes
linux-gcc	Post Check out exact tested source	2026-09-06T13:49:34.7732199Z Adding repository directory to the temporary git global config as a safe directory
linux-gcc	Post Check out exact tested source	2026-09-06T13:49:34.7737215Z [command]/usr/bin/git config --global --add safe.directory /home/runner/work/20231788./20231788.
linux-gcc	Post Check out exact tested source	2026-09-06T13:49:34.7778232Z [command]/usr/bin/git config --local --name-only --get-regexp core\.sshCommand
linux-gcc	Post Check out exact tested source	2026-09-06T13:49:34.7813717Z [command]/usr/bin/git submodule foreach --recursive sh -c "git config --local --name-only --get-regexp 'core\.sshCommand' && git config --local --unset-all 'core.sshCommand' || :"
linux-gcc	Post Check out exact tested source	2026-09-06T13:49:34.8067439Z [command]/usr/bin/git config --local --name-only --get-regexp http\.https\:\/\/github\.com\/\.extraheader
linux-gcc	Post Check out exact tested source	2026-09-06T13:49:34.8108111Z [command]/usr/bin/git submodule foreach --recursive sh -c "git config --local --name-only --get-regexp 'http\.https\:\/\/github\.com\/\.extraheader' && git config --local --unset-all 'http.https://github.com/.extraheader' || :"
linux-gcc	Post Check out exact tested source	2026-09-06T13:49:34.8374047Z [command]/usr/bin/git config --local --name-only --get-regexp ^includeIf\.gitdir:
linux-gcc	Post Check out exact tested source	2026-09-06T13:49:34.8415077Z [command]/usr/bin/git submodule foreach --recursive git config --local --show-origin --name-only --get-regexp remote.origin.url
linux-gcc	Complete job	﻿2026-09-06T13:49:34.8852274Z Cleaning up orphan processes
linux-gcc	Complete job	2026-09-06T13:49:34.9139571Z ##[warning]Node.js 20 is deprecated. The following actions target Node.js 20 but are being forced to run on Node.js 24: actions/cache@0057852bfaa89a56745cba8c7296529d2fc39830, actions/checkout@11d5960a326750d5838078e36cf38b85af677262, actions/setup-python@a26af69be951a213d495a4c3e4e4022e16d87065, actions/upload-artifact@ea165f8d65b6e75b540449e92b4886f43607fa02. For more information see: https://github.blog/changelog/2025-09-19-deprecation-of-node-20-on-github-actions-runners/
