2026-09-05T14:25:43.1491651Z Current runner version: '2.337.0'
2026-09-05T14:25:43.1526866Z ##[group]Runner Image Provisioner
2026-09-05T14:25:43.1528101Z Hosted Compute Agent
2026-09-05T14:25:43.1529107Z Version: 20260828.587
2026-09-05T14:25:43.1530188Z Commit: abac92662cab4cc7352de4f9f9d2e2419aad9c29
2026-09-05T14:25:43.1531446Z Build Date: 2026-08-28T16:44:25Z
2026-09-05T14:25:43.1532601Z Worker ID: {eedd13e6-6f8f-40f2-8865-5586dee1c311}
2026-09-05T14:25:43.1533847Z Azure Region: eastus
2026-09-05T14:25:43.1534796Z ##[endgroup]
2026-09-05T14:25:43.1537820Z ##[group]Operating System
2026-09-05T14:25:43.1538860Z Microsoft Windows Server 2022
2026-09-05T14:25:43.1539876Z 10.0.20348
2026-09-05T14:25:43.1540706Z Datacenter
2026-09-05T14:25:43.1541571Z ##[endgroup]
2026-09-05T14:25:43.1542455Z ##[group]Runner Image
2026-09-05T14:25:43.1543390Z Image: windows-2022
2026-09-05T14:25:43.1544484Z Version: 20260830.290.1
2026-09-05T14:25:43.1547113Z Included Software: https://github.com/actions/runner-images/blob/win22/20260830.290/images/windows/Windows2022-Readme.md
2026-09-05T14:25:43.1549944Z Image Release: https://github.com/actions/runner-images/releases/tag/win22%2F20260830.290
2026-09-05T14:25:43.1551627Z ##[endgroup]
2026-09-05T14:25:43.1553425Z ##[group]GITHUB_TOKEN Permissions
2026-09-05T14:25:43.1556187Z Contents: read
2026-09-05T14:25:43.1557083Z Metadata: read
2026-09-05T14:25:43.1557875Z ##[endgroup]
2026-09-05T14:25:43.1560440Z Secret source: Actions
2026-09-05T14:25:43.1562125Z Prepare workflow directory
2026-09-05T14:25:43.2088944Z Prepare all required actions
2026-09-05T14:25:43.2138352Z Getting action download info
2026-09-05T14:25:43.3552422Z Download action repository 'msys2/setup-msys2@v2' (SHA:66cd2cce69caa17b53920067426061ca1de3a884)
2026-09-05T14:25:43.5619748Z Complete job name: windows-mingw64
2026-09-05T14:25:43.7100625Z ##[group]Run git config --global core.autocrlf false
2026-09-05T14:25:43.7101696Z [36;1mgit config --global core.autocrlf false[0m
2026-09-05T14:25:43.7102471Z [36;1mgit config --global core.eol lf[0m
2026-09-05T14:25:43.7103414Z [36;1mNew-Item -ItemType Directory -Path $env:WINDOWS_ROOT | Out-Null[0m
2026-09-05T14:25:43.7104268Z [36;1m[0m
2026-09-05T14:25:43.7104668Z [36;1mgit init $env:PROJECT_SOURCE[0m
2026-09-05T14:25:43.7105480Z [36;1mgit -C $env:PROJECT_SOURCE remote add origin https://github.com/leemaple/20231788..git[0m
2026-09-05T14:25:43.7106466Z [36;1mgit -C $env:PROJECT_SOURCE fetch --depth 1 origin $env:GITHUB_SHA[0m
2026-09-05T14:25:43.7107276Z [36;1mgit -C $env:PROJECT_SOURCE checkout --detach FETCH_HEAD[0m
2026-09-05T14:25:43.7108041Z [36;1m$projectActual = git -C $env:PROJECT_SOURCE rev-parse HEAD[0m
2026-09-05T14:25:43.7108760Z [36;1mif ($projectActual -ne $env:GITHUB_SHA) {[0m
2026-09-05T14:25:43.7109464Z [36;1m  throw "Project checkout mismatch: $projectActual"[0m
2026-09-05T14:25:43.7110054Z [36;1m}[0m
2026-09-05T14:25:43.7110424Z [36;1m[0m
2026-09-05T14:25:43.7110812Z [36;1mgit init $env:OPENFHE_SOURCE[0m
2026-09-05T14:25:43.7111700Z [36;1mgit -C $env:OPENFHE_SOURCE remote add origin https://github.com/openfheorg/openfhe-development.git[0m
2026-09-05T14:25:43.7112781Z [36;1mgit -C $env:OPENFHE_SOURCE fetch --depth 1 origin $env:OPENFHE_COMMIT[0m
2026-09-05T14:25:43.7113601Z [36;1mgit -C $env:OPENFHE_SOURCE checkout --detach FETCH_HEAD[0m
2026-09-05T14:25:43.7114448Z [36;1mgit -C $env:OPENFHE_SOURCE submodule update --init --recursive --depth 1[0m
2026-09-05T14:25:43.7115157Z [36;1m[0m
2026-09-05T14:25:43.7115705Z [36;1m$projectStatus = @(git -C $env:PROJECT_SOURCE status --porcelain)[0m
2026-09-05T14:25:43.7116435Z [36;1mif ($projectStatus.Count -ne 0) {[0m
2026-09-05T14:25:43.7117129Z [36;1m  throw "Project checkout is dirty: $($projectStatus -join '; ')"[0m
2026-09-05T14:25:43.7117801Z [36;1m}[0m
2026-09-05T14:25:43.7118352Z [36;1m$openfheStatus = @(git -C $env:OPENFHE_SOURCE status --porcelain)[0m
2026-09-05T14:25:43.7119111Z [36;1mif ($openfheStatus.Count -ne 0) {[0m
2026-09-05T14:25:43.7121289Z [36;1m  throw "OpenFHE checkout is dirty: $($openfheStatus -join '; ')"[0m
2026-09-05T14:25:43.7121972Z [36;1m}[0m
2026-09-05T14:25:43.8945051Z shell: C:\Program Files\PowerShell\7\pwsh.EXE -command ". '{0}'"
2026-09-05T14:25:43.8946086Z env:
2026-09-05T14:25:43.8946610Z   OPENFHE_COMMIT: df495ba2e91739a6dc8f1de254fc5a41155ce504
2026-09-05T14:25:43.8947362Z   OPENFHE_PREFIX: C:\openfhe-2023-1788\openfhe-install
2026-09-05T14:25:43.8948013Z   WINDOWS_ROOT: C:\openfhe-2023-1788
2026-09-05T14:25:43.8948598Z   PROJECT_SOURCE: C:\openfhe-2023-1788\cleanroom
2026-09-05T14:25:43.8949237Z   OPENFHE_SOURCE: C:\openfhe-2023-1788\openfhe-src
2026-09-05T14:25:43.8949946Z   OPENFHE_BUILD: C:\openfhe-2023-1788\openfhe-build-33971779479-1
2026-09-05T14:25:43.8950746Z   PROJECT_BUILD: C:\openfhe-2023-1788\project-build-33971779479-1
2026-09-05T14:25:43.8951379Z ##[endgroup]
2026-09-05T14:25:44.7941537Z Initialized empty Git repository in C:/openfhe-2023-1788/cleanroom/.git/
2026-09-05T14:25:46.7084637Z From https://github.com/leemaple/20231788.
2026-09-05T14:25:46.7085983Z  * branch            b1b024e3134fbb4e8cac7c0d59cf790a37e4ed89 -> FETCH_HEAD
2026-09-05T14:25:48.3373682Z HEAD is now at b1b024e implement full paper-scale eight-square production path
2026-09-05T14:25:48.4674153Z Initialized empty Git repository in C:/openfhe-2023-1788/openfhe-src/.git/
2026-09-05T14:25:49.2212197Z From https://github.com/openfheorg/openfhe-development
2026-09-05T14:25:49.2212857Z  * branch            df495ba2e91739a6dc8f1de254fc5a41155ce504 -> FETCH_HEAD
2026-09-05T14:25:49.9412226Z HEAD is now at df495ba Merge pull request #1130 from openfheorg/dev
2026-09-05T14:25:51.0518973Z Submodule 'third-party/cereal' (https://github.com/openfheorg/cereal.git) registered for path 'third-party/cereal'
2026-09-05T14:25:51.0539926Z Submodule 'third-party/google-benchmark' (https://github.com/google/benchmark.git) registered for path 'third-party/google-benchmark'
2026-09-05T14:25:51.0558033Z Submodule 'third-party/google-test' (https://github.com/google/googletest.git) registered for path 'third-party/google-test'
2026-09-05T14:25:51.0601155Z Submodule 'third-party/gperftools' (https://github.com/gperftools/gperftools.git) registered for path 'third-party/gperftools'
2026-09-05T14:25:51.0921379Z Cloning into 'C:/openfhe-2023-1788/openfhe-src/third-party/cereal'...
2026-09-05T14:25:51.5454512Z Cloning into 'C:/openfhe-2023-1788/openfhe-src/third-party/google-benchmark'...
2026-09-05T14:25:51.9050741Z Cloning into 'C:/openfhe-2023-1788/openfhe-src/third-party/google-test'...
2026-09-05T14:25:52.2643806Z Cloning into 'C:/openfhe-2023-1788/openfhe-src/third-party/gperftools'...
2026-09-05T14:25:53.8093488Z Submodule path 'third-party/cereal': checked out '984e3f194862b17916536b5fade40cba6e47a6fe'
2026-09-05T14:25:54.5443074Z From https://github.com/google/benchmark
2026-09-05T14:25:54.5443628Z  * branch            eddb0241389718a23a42db6af5f0164b6e0139af -> FETCH_HEAD
2026-09-05T14:25:54.9979713Z Submodule path 'third-party/google-benchmark': checked out 'eddb0241389718a23a42db6af5f0164b6e0139af'
2026-09-05T14:25:55.7995010Z From https://github.com/google/googletest
2026-09-05T14:25:55.7995578Z  * branch            52eb8108c5bdec04579160ae17225d66034bd723 -> FETCH_HEAD
2026-09-05T14:25:56.3561540Z Submodule path 'third-party/google-test': checked out '52eb8108c5bdec04579160ae17225d66034bd723'
2026-09-05T14:25:57.3443462Z From https://github.com/gperftools/gperftools
2026-09-05T14:25:57.3444016Z  * branch            83edb60836d87cf1b406e8846b9059c03031e8f5 -> FETCH_HEAD
2026-09-05T14:25:59.2506262Z Submodule path 'third-party/gperftools': checked out '83edb60836d87cf1b406e8846b9059c03031e8f5'
2026-09-05T14:25:59.6089546Z ##[group]Run msys2/setup-msys2@v2
2026-09-05T14:25:59.6089902Z with:
2026-09-05T14:25:59.6090120Z   msystem: MINGW64
2026-09-05T14:25:59.6090341Z   update: true
2026-09-05T14:25:59.6090548Z   cache: false
2026-09-05T14:25:59.6090881Z   install: git make mingw-w64-x86_64-boost mingw-w64-x86_64-cmake mingw-w64-x86_64-gcc
2026-09-05T14:25:59.6091960Z   path-type: minimal
2026-09-05T14:25:59.6092163Z   release: true
2026-09-05T14:25:59.6092365Z   platform-check-severity: fatal
2026-09-05T14:25:59.6092595Z env:
2026-09-05T14:25:59.6092823Z   OPENFHE_COMMIT: df495ba2e91739a6dc8f1de254fc5a41155ce504
2026-09-05T14:25:59.6093181Z   OPENFHE_PREFIX: C:\openfhe-2023-1788\openfhe-install
2026-09-05T14:25:59.6093471Z   WINDOWS_ROOT: C:\openfhe-2023-1788
2026-09-05T14:25:59.6093731Z   PROJECT_SOURCE: C:\openfhe-2023-1788\cleanroom
2026-09-05T14:25:59.6094031Z   OPENFHE_SOURCE: C:\openfhe-2023-1788\openfhe-src
2026-09-05T14:25:59.6094408Z   OPENFHE_BUILD: C:\openfhe-2023-1788\openfhe-build-33971779479-1
2026-09-05T14:25:59.6094808Z   PROJECT_BUILD: C:\openfhe-2023-1788\project-build-33971779479-1
2026-09-05T14:25:59.6095115Z ##[endgroup]
2026-09-05T14:25:59.8680592Z ##[group]Downloading MSYS2...
2026-09-05T14:26:00.3969798Z ##[endgroup]
2026-09-05T14:26:00.3970284Z ##[group]Extracting MSYS2...
2026-09-05T14:26:00.3986124Z [command]C:\hostedtoolcache\windows\msys2-installer\0.0.20260611\x64\base.exe -y
2026-09-05T14:26:00.6642412Z 
2026-09-05T14:26:00.6643654Z 7-Zip SFX 25.01 ZS v1.5.7 R4 (x64) : Copyright (c) 1999-2025 Igor Pavlov, 2016-2026 Tino Reichardt, 2022-2026 Sergey G. Brester : 2026-01-10
2026-09-05T14:26:00.6645495Z 
2026-09-05T14:26:00.6645987Z Extracting archive: C:\hostedtoolcache\windows\msys2-installer\0.0.20260611\x64\base.exe
2026-09-05T14:26:00.6646918Z --
2026-09-05T14:26:00.6647712Z Path = C:\hostedtoolcache\windows\msys2-installer\0.0.20260611\x64\base.exe
2026-09-05T14:26:00.6648468Z Type = 7z
2026-09-05T14:26:00.6648649Z 
2026-09-05T14:26:00.8630240Z   0%
2026-09-05T14:26:00.8630647Z     
2026-09-05T14:26:01.0661626Z   0% 1225 - msys64\usr\bin\zstdless
2026-09-05T14:26:01.0662234Z                                    
2026-09-05T14:26:01.2691057Z   3% 2096 - msys64\usr\lib\terminfo\64\d414-unix-25
2026-09-05T14:26:01.2691667Z                                                    
2026-09-05T14:26:01.4723414Z   4% 3126 - msys64\usr\lib\terminfo\70\pc3-bold
2026-09-05T14:26:01.4723863Z                                                
2026-09-05T14:26:01.6758244Z   4% 4135 - msys64\usr\lib\terminfo\77\wyse99gt-25
2026-09-05T14:26:01.6759122Z                                                   
2026-09-05T14:26:01.8788985Z   5% 5170 - msys64\usr\share\bash-completion\completions\vpnc
2026-09-05T14:26:01.8789763Z                                                              
2026-09-05T14:26:02.0822808Z  11% 6060 - msys64\usr\share\locale\cs\LC_MESSAGES\sed.mo
2026-09-05T14:26:02.0823469Z                                                          
2026-09-05T14:26:02.2850573Z  24% 6605 - msys64\usr\share\locale\pt_BR\LC_MESSAGES\gnutls.mo
2026-09-05T14:26:02.2851194Z                                                                
2026-09-05T14:26:02.4888903Z  32% 7382 - msys64\usr\share\man\man1\openssl-rand.1ssl.gz
2026-09-05T14:26:02.4889384Z                                                           
2026-09-05T14:26:02.6929655Z  33% 8346 - msys64\usr\share\man\man3\ESCDELAY.3x.gz
2026-09-05T14:26:02.6930344Z                                                     
2026-09-05T14:26:02.8960901Z  34% 9274 - msys64\usr\share\man\man3\waddnstr.3x.gz
2026-09-05T14:26:02.8961394Z                                                     
2026-09-05T14:26:03.0993000Z  42% 10074 - msys64\usr\share\perl5\core_perl\Test\Tester\Delegate.pm
2026-09-05T14:26:03.0993490Z                                                                      
2026-09-05T14:26:03.3022491Z  45% 10932 - msys64\usr\share\perl5\core_perl\unicore\TestNorm.pl
2026-09-05T14:26:03.3026060Z                                                                  
2026-09-05T14:26:03.5054741Z  47% 11937 - msys64\usr\share\terminfo\66\f110-14w
2026-09-05T14:26:03.7086017Z                                                   
2026-09-05T14:26:03.7086673Z  47% 13005 - msys64\usr\share\terminfo\73\sun-48
2026-09-05T14:26:03.7087657Z                                                 
2026-09-05T14:26:03.9117625Z  48% 14049 - msys64\usr\share\zoneinfo\America\Guayaquil
2026-09-05T14:26:03.9118269Z                                                         
2026-09-05T14:26:04.1149571Z  48% 15048 - msys64\usr\share\zoneinfo\posix\Pacific\Kanton
2026-09-05T14:26:04.1150163Z                                                            
2026-09-05T14:26:04.3180360Z  49% 16018 - msys64\var\lib\pacman\local\xz-5.8.3-1\mtree
2026-09-05T14:26:04.3180959Z                                                          
2026-09-05T14:26:04.5215630Z  62% 16300 - msys64\usr\bin\msys-history8.dll
2026-09-05T14:26:04.5216200Z                                              
2026-09-05T14:26:04.6036237Z  91% 16470 - msys64\usr\bin\which.exe
2026-09-05T14:26:04.6037143Z                                      
2026-09-05T14:26:04.6037781Z Everything is Ok
2026-09-05T14:26:04.6056288Z ##[endgroup]
2026-09-05T14:26:04.6057233Z ##[group]Disable Key Refresh...
2026-09-05T14:26:04.6075481Z ##[endgroup]
2026-09-05T14:26:04.6092146Z ##[group]Starting MSYS2 for the first time...
2026-09-05T14:26:04.6916810Z [command]C:\Windows\system32\cmd.exe /D /S /C D:\a\_temp\setup-msys2\msys2.cmd -c "'uname' '-a'"
2026-09-05T14:26:04.7944496Z [1;32mMSYS2 is starting for the first time. Executing the initial setup.[1;0m
2026-09-05T14:26:04.8260829Z Copying skeleton files.
2026-09-05T14:26:04.8261451Z These files are for the users to personalise their msys2 experience.
2026-09-05T14:26:04.8261970Z 
2026-09-05T14:26:04.8262232Z They will never be overwritten nor automatically updated.
2026-09-05T14:26:04.8262683Z 
2026-09-05T14:26:04.8692937Z './.bashrc' -> '/home/runneradmin/.bashrc'
2026-09-05T14:26:04.8832569Z './.bash_profile' -> '/home/runneradmin/.bash_profile'
2026-09-05T14:26:04.8978221Z './.profile' -> '/home/runneradmin/.profile'
2026-09-05T14:26:04.9579274Z 'C:\Windows\system32\drivers\etc\hosts' -> '/etc/hosts'
2026-09-05T14:26:04.9980869Z 'C:\Windows\system32\drivers\etc\protocol' -> '/etc/protocols'
2026-09-05T14:26:05.0383184Z 'C:\Windows\system32\drivers\etc\services' -> '/etc/services'
2026-09-05T14:26:05.0785216Z 'C:\Windows\system32\drivers\etc\networks' -> '/etc/networks'
2026-09-05T14:26:05.3848824Z gpg: /etc/pacman.d/gnupg/trustdb.gpg: trustdb created
2026-09-05T14:26:05.3916079Z gpg: no ultimately trusted keys found
2026-09-05T14:26:05.6233576Z gpg: starting migration from earlier GnuPG versions
2026-09-05T14:26:05.6800305Z gpg: porting secret keys from '/etc/pacman.d/gnupg/secring.gpg' to gpg-agent
2026-09-05T14:26:05.6803201Z gpg: migration succeeded
2026-09-05T14:26:05.6979153Z ==> Generating pacman master key. This may take some time.
2026-09-05T14:26:05.7141992Z gpg: Generating pacman keyring master key...
2026-09-05T14:26:07.0900312Z gpg: directory '/etc/pacman.d/gnupg/openpgp-revocs.d' created
2026-09-05T14:26:07.1143680Z gpg: revocation certificate stored as '/etc/pacman.d/gnupg/openpgp-revocs.d/549E00394641B6912D530F1137ADA9C362942B6A.rev'
2026-09-05T14:26:07.1144639Z gpg: Done
2026-09-05T14:26:07.1285926Z ==> Updating trust database...
2026-09-05T14:26:07.1607741Z gpg: marginals needed: 3  completes needed: 1  trust model: pgp
2026-09-05T14:26:07.1608486Z gpg: depth: 0  valid:   1  signed:   0  trust: 0-, 0q, 0n, 0m, 0f, 1u
2026-09-05T14:26:07.2626883Z ==> Appending keys from msys2.gpg...
2026-09-05T14:26:07.7504046Z ==> Locally signing trusted keys in keyring...
2026-09-05T14:26:08.2565154Z   -> Locally signed 5 keys.
2026-09-05T14:26:08.2682309Z ==> Importing owner trust values...
2026-09-05T14:26:08.2835499Z gpg: setting ownertrust to 4
2026-09-05T14:26:08.2836027Z gpg: setting ownertrust to 4
2026-09-05T14:26:08.2837757Z gpg: setting ownertrust to 4
2026-09-05T14:26:08.2838298Z gpg: setting ownertrust to 4
2026-09-05T14:26:08.2838769Z gpg: setting ownertrust to 4
2026-09-05T14:26:08.3056211Z ==> Disabling revoked keys in keyring...
2026-09-05T14:26:08.5202375Z   -> Disabled 4 keys.
2026-09-05T14:26:08.5325484Z ==> Updating trust database...
2026-09-05T14:26:08.5661207Z gpg: marginals needed: 3  completes needed: 1  trust model: pgp
2026-09-05T14:26:08.5688056Z gpg: depth: 0  valid:   1  signed:   5  trust: 0-, 0q, 0n, 0m, 0f, 1u
2026-09-05T14:26:08.5718698Z gpg: depth: 1  valid:   5  signed:   6  trust: 0-, 0q, 0n, 5m, 0f, 0u
2026-09-05T14:26:08.5731718Z gpg: depth: 2  valid:   3  signed:   2  trust: 3-, 0q, 0n, 0m, 0f, 0u
2026-09-05T14:26:08.6118246Z pacman-key (pacman) 6.1.0
2026-09-05T14:26:08.6119053Z Copyright (c) 2010-2024 Pacman Development Team <pacman-dev@lists.archlinux.org>.
2026-09-05T14:26:08.6120245Z 
2026-09-05T14:26:08.6182795Z This is free software; see the source for copying conditions.
2026-09-05T14:26:08.6183637Z There is NO WARRANTY, to the extent permitted by law.
2026-09-05T14:26:08.7904371Z [1;32mInitial setup complete. MSYS2 is now ready to use.[1;0m
2026-09-05T14:26:08.8044441Z MINGW64_NT-10.0-20348 runnervmy4vqd 3.6.9-01d6c708.x86_64 2026-05-24 10:45 UTC x86_64 Msys
2026-09-05T14:26:08.8082015Z ##[endgroup]
2026-09-05T14:26:08.8082455Z ##[group]Disable CheckSpace...
2026-09-05T14:26:08.8882072Z [command]C:\Windows\system32\cmd.exe /D /S /C D:\a\_temp\setup-msys2\msys2.cmd -c "'sed' '-i' 's/^CheckSpace/#CheckSpace/g' '/etc/pacman.conf'"
2026-09-05T14:26:09.0536014Z ##[endgroup]
2026-09-05T14:26:09.0536610Z ##[group]Updating packages...
2026-09-05T14:26:09.1313732Z [command]C:\Windows\system32\cmd.exe /D /S /C D:\a\_temp\setup-msys2\msys2.cmd -c "'pacman' '--noconfirm' '-Syuu' '--overwrite' '*'"
2026-09-05T14:26:09.8086934Z :: Synchronizing package databases...
2026-09-05T14:26:10.6401669Z  clangarm64 downloading...
2026-09-05T14:26:10.6402028Z  mingw32 downloading...
2026-09-05T14:26:10.6402254Z  mingw64 downloading...
2026-09-05T14:26:10.6402461Z  ucrt64 downloading...
2026-09-05T14:26:10.6402662Z  clang64 downloading...
2026-09-05T14:26:10.6402861Z  msys downloading...
2026-09-05T14:26:11.0860427Z :: Starting core system upgrade...
2026-09-05T14:26:11.2662869Z warning: terminate other MSYS2 programs before proceeding
2026-09-05T14:26:11.2663736Z resolving dependencies...
2026-09-05T14:26:11.2664171Z looking for conflicting packages...
2026-09-05T14:26:11.2764827Z 
2026-09-05T14:26:11.2765119Z Packages (1) msys2-runtime-3.6.10-3
2026-09-05T14:26:11.2765834Z 
2026-09-05T14:26:11.2766044Z Total Download Size:    1.97 MiB
2026-09-05T14:26:11.2766528Z Total Installed Size:   6.33 MiB
2026-09-05T14:26:11.2767003Z Net Upgrade Size:      -0.20 MiB
2026-09-05T14:26:11.2767313Z 
2026-09-05T14:26:11.2767615Z :: Proceed with installation? [Y/n] 
2026-09-05T14:26:11.2768001Z :: Retrieving packages...
2026-09-05T14:26:11.5814491Z  msys2-runtime-3.6.10-3-x86_64 downloading...
2026-09-05T14:26:11.5815140Z checking keyring...
2026-09-05T14:26:11.6359516Z checking package integrity...
2026-09-05T14:26:11.7936503Z loading package files...
2026-09-05T14:26:11.7962602Z checking for file conflicts...
2026-09-05T14:26:11.7983888Z :: Processing package changes...
2026-09-05T14:26:11.7984538Z upgrading msys2-runtime...
2026-09-05T14:26:11.9437466Z :: To complete this update all MSYS2 processes including this terminal will be closed. Confirm to proceed [Y/n] 
2026-09-05T14:26:12.2377029Z ##[endgroup]
2026-09-05T14:26:12.2377672Z ##[group]Killing remaining tasks...
2026-09-05T14:26:12.3203624Z [command]C:\Windows\system32\taskkill.exe /F /FI "MODULES eq msys-2.0.dll"
2026-09-05T14:26:12.4543653Z 
2026-09-05T14:26:12.4544386Z INFO: No tasks running with the specified criteria.
2026-09-05T14:26:12.4572773Z ##[endgroup]
2026-09-05T14:26:12.4573414Z ##[group]Final system upgrade...
2026-09-05T14:26:12.5348091Z [command]C:\Windows\system32\cmd.exe /D /S /C D:\a\_temp\setup-msys2\msys2.cmd -c "'pacman' '--noconfirm' '-Syuu' '--overwrite' '*'"
2026-09-05T14:26:13.1320051Z :: Synchronizing package databases...
2026-09-05T14:26:13.8328884Z  clangarm64 downloading...
2026-09-05T14:26:13.8329381Z  mingw32 downloading...
2026-09-05T14:26:13.8329750Z  mingw64 downloading...
2026-09-05T14:26:13.8331390Z  ucrt64 downloading...
2026-09-05T14:26:13.8331772Z  clang64 downloading...
2026-09-05T14:26:13.8332118Z  msys downloading...
2026-09-05T14:26:14.2488532Z :: Starting core system upgrade...
2026-09-05T14:26:14.4277518Z  there is nothing to do
2026-09-05T14:26:14.4278005Z :: Starting full system upgrade...
2026-09-05T14:26:14.4586761Z resolving dependencies...
2026-09-05T14:26:14.4649597Z looking for conflicting packages...
2026-09-05T14:26:14.4778597Z 
2026-09-05T14:26:14.4782463Z Packages (32) bash-completion-2.18.0-1  bsdtar-3.8.9-1  ca-certificates-20260816-1  curl-8.21.0-1  findutils-4.11.0-2  gawk-5.4.1-1  gcc-libs-15.3.0-1  gnupg-2.4.9-3  libcurl-8.21.0-1  libexpat-2.8.4-1  libffi-3.8.0-1  libgnutls-3.8.13-2  libhogweed-4.0-1  libnettle-4.0-1  libnghttp2-1.70.0-1  libnghttp3-1.18.0-1  libngtcp2-1.25.0-1  libopenssl-3.6.4-1  libp11-kit-0.26.5-1  libpcre2_8-10.48-1  libpsl-0.23.2-1  libsqlite-3.53.4-1  msys2-keyring-1~20260814-1  nano-9.2-1  nettle-4.0-1  openssl-3.6.4-1  p11-kit-0.26.5-1  pacman-contrib-1.10.6-2  perl-5.42.3-1  pinentry-1.3.3-1  tzcode-2026c-1  wget-1.25.0-2
2026-09-05T14:26:14.4786478Z 
2026-09-05T14:26:14.4786649Z Total Download Size:    27.20 MiB
2026-09-05T14:26:14.4787131Z Total Installed Size:  108.84 MiB
2026-09-05T14:26:14.4787566Z Net Upgrade Size:       -1.02 MiB
2026-09-05T14:26:14.4787850Z 
2026-09-05T14:26:14.4788341Z :: Proceed with installation? [Y/n] 
2026-09-05T14:26:14.4788876Z :: Retrieving packages...
2026-09-05T14:26:16.1175010Z  perl-5.42.3-1-x86_64 downloading...
2026-09-05T14:26:16.1175570Z  pacman-contrib-1.10.6-2-x86_64 downloading...
2026-09-05T14:26:16.1176024Z  gnupg-2.4.9-3-x86_64 downloading...
2026-09-05T14:26:16.1176475Z  libopenssl-3.6.4-1-x86_64 downloading...
2026-09-05T14:26:16.1176887Z  gawk-5.4.1-1-x86_64 downloading...
2026-09-05T14:26:16.1177282Z  libgnutls-3.8.13-2-x86_64 downloading...
2026-09-05T14:26:16.1177693Z  gcc-libs-15.3.0-1-x86_64 downloading...
2026-09-05T14:26:16.1178105Z  curl-8.21.0-1-x86_64 downloading...
2026-09-05T14:26:16.1178501Z  wget-1.25.0-2-x86_64 downloading...
2026-09-05T14:26:16.1178883Z  libsqlite-3.53.4-1-x86_64 downloading...
2026-09-05T14:26:16.1179178Z  nano-9.2-1-x86_64 downloading...
2026-09-05T14:26:16.1179455Z  openssl-3.6.4-1-x86_64 downloading...
2026-09-05T14:26:16.1179749Z  findutils-4.11.0-2-x86_64 downloading...
2026-09-05T14:26:16.1180040Z  p11-kit-0.26.5-1-x86_64 downloading...
2026-09-05T14:26:16.1180353Z  ca-certificates-20260816-1-any downloading...
2026-09-05T14:26:16.1180673Z  libcurl-8.21.0-1-x86_64 downloading...
2026-09-05T14:26:16.1180961Z  bsdtar-3.8.9-1-x86_64 downloading...
2026-09-05T14:26:16.1181250Z  tzcode-2026c-1-x86_64 downloading...
2026-09-05T14:26:16.1181535Z  libp11-kit-0.26.5-1-x86_64 downloading...
2026-09-05T14:26:16.1181853Z  bash-completion-2.18.0-1-any downloading...
2026-09-05T14:26:16.1182166Z  libhogweed-4.0-1-x86_64 downloading...
2026-09-05T14:26:16.1182456Z  libngtcp2-1.25.0-1-x86_64 downloading...
2026-09-05T14:26:16.1182750Z  libpcre2_8-10.48-1-x86_64 downloading...
2026-09-05T14:26:16.1183034Z  libnettle-4.0-1-x86_64 downloading...
2026-09-05T14:26:16.1183376Z  nettle-4.0-1-x86_64 downloading...
2026-09-05T14:26:16.1183762Z  libpsl-0.23.2-1-x86_64 downloading...
2026-09-05T14:26:16.1184049Z  libnghttp3-1.18.0-1-x86_64 downloading...
2026-09-05T14:26:16.1184354Z  libnghttp2-1.70.0-1-x86_64 downloading...
2026-09-05T14:26:16.1184656Z  libexpat-2.8.4-1-x86_64 downloading...
2026-09-05T14:26:16.1184940Z  pinentry-1.3.3-1-x86_64 downloading...
2026-09-05T14:26:16.1185239Z  msys2-keyring-1~20260814-1-any downloading...
2026-09-05T14:26:16.1185512Z  libffi-3.8.0-1-x86_64 downloading...
2026-09-05T14:26:16.1186075Z checking keyring...
2026-09-05T14:26:16.1704862Z checking package integrity...
2026-09-05T14:26:20.5422592Z loading package files...
2026-09-05T14:26:20.6148158Z checking for file conflicts...
2026-09-05T14:26:20.6690820Z :: Running pre-transaction hooks...
2026-09-05T14:26:20.6691383Z (1/1) Removing old entries from the info directory file...
2026-09-05T14:26:20.7832775Z :: Processing package changes...
2026-09-05T14:26:20.7833271Z upgrading bash-completion...
2026-09-05T14:26:21.6786457Z upgrading gcc-libs...
2026-09-05T14:26:21.6963816Z upgrading libexpat...
2026-09-05T14:26:21.7006832Z upgrading libopenssl...
2026-09-05T14:26:21.7257956Z upgrading bsdtar...
2026-09-05T14:26:21.7348417Z upgrading openssl...
2026-09-05T14:26:21.8383926Z upgrading findutils...
2026-09-05T14:26:21.9115942Z upgrading libffi...
2026-09-05T14:26:21.9218409Z upgrading libpcre2_8...
2026-09-05T14:26:21.9270806Z upgrading libp11-kit...
2026-09-05T14:26:21.9339074Z upgrading p11-kit...
2026-09-05T14:26:22.0847594Z upgrading ca-certificates...
2026-09-05T14:26:22.6119175Z upgrading libnghttp3...
2026-09-05T14:26:22.6179942Z upgrading libngtcp2...
2026-09-05T14:26:22.6259631Z upgrading libnghttp2...
2026-09-05T14:26:22.6320760Z upgrading libpsl...
2026-09-05T14:26:22.6410674Z upgrading libcurl...
2026-09-05T14:26:22.6474356Z upgrading curl...
2026-09-05T14:26:23.0802794Z upgrading gawk...
2026-09-05T14:26:23.1776941Z upgrading libhogweed...
2026-09-05T14:26:23.1821185Z upgrading libnettle...
2026-09-05T14:26:23.1869229Z upgrading libgnutls...
2026-09-05T14:26:23.2379707Z upgrading libsqlite...
2026-09-05T14:26:23.2476741Z upgrading nettle...
2026-09-05T14:26:23.2553779Z upgrading pinentry...
2026-09-05T14:26:23.2612336Z upgrading gnupg...
2026-09-05T14:26:27.7946953Z ==> Appending keys from msys2.gpg...
2026-09-05T14:26:28.2446839Z ==> Updating trust database...
2026-09-05T14:26:28.2611679Z gpg: no need for a trustdb check
2026-09-05T14:26:28.3442858Z upgrading msys2-keyring...
2026-09-05T14:26:28.6847955Z ==> Appending keys from msys2.gpg...
2026-09-05T14:26:29.1568616Z ==> Updating trust database...
2026-09-05T14:26:29.1729734Z gpg: next trustdb check due at 2027-02-10
2026-09-05T14:26:29.2519947Z upgrading nano...
2026-09-05T14:26:29.3573647Z upgrading pacman-contrib...
2026-09-05T14:26:29.4212027Z New optional dependencies for pacman-contrib
2026-09-05T14:26:29.4212593Z     perl: for pacsearch [installed]
2026-09-05T14:26:29.4212957Z     vim: default diff program for pacdiff
2026-09-05T14:26:29.4213283Z upgrading perl...
2026-09-05T14:26:31.1492397Z upgrading tzcode...
2026-09-05T14:26:33.0146957Z upgrading wget...
2026-09-05T14:26:33.1280414Z :: Running post-transaction hooks...
2026-09-05T14:26:33.1280883Z (1/1) Updating the info directory file...
2026-09-05T14:26:34.7485788Z ##[endgroup]
2026-09-05T14:26:34.7486673Z ##[group]Installing additional packages through pacman...
2026-09-05T14:26:34.8279893Z [command]C:\Windows\system32\cmd.exe /D /S /C D:\a\_temp\setup-msys2\msys2.cmd -c "'pacman' '--noconfirm' '-S' '--needed' '--overwrite' '*' 'git' 'make' 'mingw-w64-x86_64-boost' 'mingw-w64-x86_64-cmake' 'mingw-w64-x86_64-gcc'"
2026-09-05T14:26:35.6144063Z resolving dependencies...
2026-09-05T14:26:35.6277991Z looking for conflicting packages...
2026-09-05T14:26:35.6442128Z 
2026-09-05T14:26:35.6458619Z Packages (89) heimdal-7.8.0-5  heimdal-libs-7.8.0-5  libcbor-0.14.0-2  libedit-20240808_3.1-1  libfido2-1.17.0-1  mingw-w64-x86_64-binutils-2.47-3  mingw-w64-x86_64-boost-libs-1.92.0-3  mingw-w64-x86_64-brotli-1.2.0-1  mingw-w64-x86_64-bzip2-1.0.8-4  mingw-w64-x86_64-c-ares-1.34.8-1  mingw-w64-x86_64-ca-certificates-20260816-1  mingw-w64-x86_64-cppdap-1.65.r11.g6464cd7-1  mingw-w64-x86_64-crt-14.0.0.r353.g6df76fa52-4  mingw-w64-x86_64-curl-8.22.0-1  mingw-w64-x86_64-expat-2.8.4-2  mingw-w64-x86_64-gcc-libs-16.2.0-3  mingw-w64-x86_64-gettext-runtime-1.0-1  mingw-w64-x86_64-gmp-6.3.0-2  mingw-w64-x86_64-gnutls-3.8.13-3  mingw-w64-x86_64-headers-14.0.0.r353.g6df76fa52-2  mingw-w64-x86_64-icu-78.3-4  mingw-w64-x86_64-isl-0.28-1  mingw-w64-x86_64-jsoncpp-1.9.8-1  mingw-w64-x86_64-libarchive-3.8.9-5  mingw-w64-x86_64-libb2-0.98.1-3  mingw-w64-x86_64-libffi-3.8.0-1  mingw-w64-x86_64-libiconv-1.19-1  mingw-w64-x86_64-libidn2-2.3.8-4  mingw-w64-x86_64-libpsl-0.21.5-3  mingw-w64-x86_64-libssh2-1.11.1-2  mingw-w64-x86_64-libtasn1-4.21.0-1  mingw-w64-x86_64-libunistring-1.4.2-1  mingw-w64-x86_64-libuv-1.52.1-1  mingw-w64-x86_64-libwinpthread-14.0.0.r353.g6df76fa52-2  mingw-w64-x86_64-lz4-1.10.0-1  mingw-w64-x86_64-mpc-1.4.1-1  mingw-w64-x86_64-mpfr-4.2.2-3  mingw-w64-x86_64-nettle-4.0-1  mingw-w64-x86_64-nghttp2-1.70.0-1  mingw-w64-x86_64-nghttp3-1.18.0-1  mingw-w64-x86_64-ngtcp2-1.25.0-1  mingw-w64-x86_64-ninja-1.13.2-1  mingw-w64-x86_64-openssl-3.6.4-1  mingw-w64-x86_64-p11-kit-0.26.5-1  mingw-w64-x86_64-pcre2-10.48-3  mingw-w64-x86_64-pkgconf-1~3.0.5-1  mingw-w64-x86_64-rhash-1.4.6-1  mingw-w64-x86_64-tzdata-2026c-1  mingw-w64-x86_64-windows-default-manifest-20260815-1  mingw-w64-x86_64-wineditline-2.208-1  mingw-w64-x86_64-winpthreads-14.0.0.r353.g6df76fa52-2  mingw-w64-x86_64-xz-5.8.3-1  mingw-w64-x86_64-zlib-1.3.2-2  mingw-w64-x86_64-zstd-1.5.7-2  openssh-10.5p1-2  perl-Authen-SASL-2.2000-1  perl-Clone-0.50-2  perl-Convert-BinHex-1.125-2  perl-Encode-Locale-1.05-2  perl-Error-0.17030-1  perl-File-Listing-6.16-1  perl-HTML-Parser-3.85-1  perl-HTML-Tagset-3.24-1  perl-HTTP-Cookies-6.12-1  perl-HTTP-Daemon-6.17-1  perl-HTTP-Date-6.08-1  perl-HTTP-Message-7.04-1  perl-HTTP-Negotiate-6.01-3  perl-IO-HTML-1.004-2  perl-IO-Socket-SSL-2.099-1  perl-IO-Stringy-2.113-3  perl-LWP-MediaTypes-6.04-2  perl-MIME-tools-5.517-1  perl-MailTools-2.22-1  perl-Net-HTTP-6.24-1  perl-Net-SMTP-SSL-1.04-2  perl-Net-SSLeay-1.96-1  perl-TermReadKey-2.38-8  perl-TimeDate-2.35-1  perl-Try-Tiny-0.32-1  perl-URI-5.36-1  perl-WWW-RobotRules-6.03-1  perl-http-cookiejar-0.014-1  perl-libwww-6.83-2  git-2.55.0-1  make-4.4.1-3  mingw-w64-x86_64-boost-1.92.0-3  mingw-w64-x86_64-cmake-4.4.2-2  mingw-w64-x86_64-gcc-16.2.0-3
2026-09-05T14:26:35.6475180Z 
2026-09-05T14:26:35.6475331Z Total Download Size:    153.56 MiB
2026-09-05T14:26:35.6475756Z Total Installed Size:  1013.52 MiB
2026-09-05T14:26:35.6476047Z 
2026-09-05T14:26:35.6476256Z :: Proceed with installation? [Y/n] 
2026-09-05T14:26:35.6476720Z :: Retrieving packages...
2026-09-05T14:26:40.2748261Z  mingw-w64-x86_64-gcc-16.2.0-3-any downloading...
2026-09-05T14:26:40.2748751Z  mingw-w64-x86_64-icu-78.3-4-any downloading...
2026-09-05T14:26:40.2749097Z  mingw-w64-x86_64-boost-1.92.0-3-any downloading...
2026-09-05T14:26:40.2749437Z  mingw-w64-x86_64-cmake-4.4.2-2-any downloading...
2026-09-05T14:26:40.2749783Z  mingw-w64-x86_64-openssl-3.6.4-1-any downloading...
2026-09-05T14:26:40.2750096Z  git-2.55.0-1-x86_64 downloading...
2026-09-05T14:26:40.2750449Z  mingw-w64-x86_64-headers-14.0.0.r353.g6df76fa52-2-any downloading...
2026-09-05T14:26:40.2750872Z  mingw-w64-x86_64-binutils-2.47-3-any downloading...
2026-09-05T14:26:40.2751277Z  mingw-w64-x86_64-crt-14.0.0.r353.g6df76fa52-4-any downloading...
2026-09-05T14:26:40.2751720Z  mingw-w64-x86_64-boost-libs-1.92.0-3-any downloading...
2026-09-05T14:26:40.2752068Z  mingw-w64-x86_64-gnutls-3.8.13-3-any downloading...
2026-09-05T14:26:40.2752416Z  mingw-w64-x86_64-libarchive-3.8.9-5-any downloading...
2026-09-05T14:26:40.2752761Z  mingw-w64-x86_64-curl-8.22.0-1-any downloading...
2026-09-05T14:26:40.2753087Z  mingw-w64-x86_64-isl-0.28-1-any downloading...
2026-09-05T14:26:40.2753404Z  mingw-w64-x86_64-pcre2-10.48-3-any downloading...
2026-09-05T14:26:40.2753704Z  openssh-10.5p1-2-x86_64 downloading...
2026-09-05T14:26:40.2754017Z  mingw-w64-x86_64-gcc-libs-16.2.0-3-any downloading...
2026-09-05T14:26:40.2754376Z  mingw-w64-x86_64-libunistring-1.4.2-1-any downloading...
2026-09-05T14:26:40.2754712Z  heimdal-libs-7.8.0-5-x86_64 downloading...
2026-09-05T14:26:40.2755020Z  mingw-w64-x86_64-libiconv-1.19-1-any downloading...
2026-09-05T14:26:40.2755345Z  mingw-w64-x86_64-zstd-1.5.7-2-any downloading...
2026-09-05T14:26:40.2755926Z  mingw-w64-x86_64-p11-kit-0.26.5-1-any downloading...
2026-09-05T14:26:40.2756458Z  mingw-w64-x86_64-gmp-6.3.0-2-any downloading...
2026-09-05T14:26:40.2756787Z  mingw-w64-x86_64-nettle-4.0-1-any downloading...
2026-09-05T14:26:40.2757093Z  heimdal-7.8.0-5-x86_64 downloading...
2026-09-05T14:26:40.2757522Z  mingw-w64-x86_64-mpfr-4.2.2-3-any downloading...
2026-09-05T14:26:40.2757901Z  mingw-w64-x86_64-cppdap-1.65.r11.g6464cd7-1-any downloading...
2026-09-05T14:26:40.2758252Z  make-4.4.1-3-x86_64 downloading...
2026-09-05T14:26:40.2758527Z  mingw-w64-x86_64-xz-5.8.3-1-any downloading...
2026-09-05T14:26:40.2758851Z  mingw-w64-x86_64-brotli-1.2.0-1-any downloading...
2026-09-05T14:26:40.2759188Z  mingw-w64-x86_64-gettext-runtime-1.0-1-any downloading...
2026-09-05T14:26:40.2759735Z  mingw-w64-x86_64-ca-certificates-20260816-1-any downloading...
2026-09-05T14:26:40.2760403Z  mingw-w64-x86_64-c-ares-1.34.8-1-any downloading...
2026-09-05T14:26:40.2760980Z  mingw-w64-x86_64-libssh2-1.11.1-2-any downloading...
2026-09-05T14:26:40.2761542Z  mingw-w64-x86_64-ngtcp2-1.25.0-1-any downloading...
2026-09-05T14:26:40.2762075Z  mingw-w64-x86_64-rhash-1.4.6-1-any downloading...
2026-09-05T14:26:40.2762575Z  perl-Net-SSLeay-1.96-1-x86_64 downloading...
2026-09-05T14:26:40.2763017Z  mingw-w64-x86_64-tzdata-2026c-1-any downloading...
2026-09-05T14:26:40.2763565Z  mingw-w64-x86_64-libuv-1.52.1-1-any downloading...
2026-09-05T14:26:40.2764143Z  mingw-w64-x86_64-jsoncpp-1.9.8-1-any downloading...
2026-09-05T14:26:40.2764706Z  mingw-w64-x86_64-nghttp2-1.70.0-1-any downloading...
2026-09-05T14:26:40.2765285Z  mingw-w64-x86_64-libtasn1-4.21.0-1-any downloading...
2026-09-05T14:26:40.2765842Z  mingw-w64-x86_64-expat-2.8.4-2-any downloading...
2026-09-05T14:26:40.2766378Z  mingw-w64-x86_64-ninja-1.13.2-1-any downloading...
2026-09-05T14:26:40.2766881Z  perl-MIME-tools-5.517-1-any downloading...
2026-09-05T14:26:40.2767365Z  mingw-w64-x86_64-libidn2-2.3.8-4-any downloading...
2026-09-05T14:26:40.2767868Z  mingw-w64-x86_64-lz4-1.10.0-1-any downloading...
2026-09-05T14:26:40.2768373Z  perl-IO-Socket-SSL-2.099-1-any downloading...
2026-09-05T14:26:40.2768897Z  mingw-w64-x86_64-pkgconf-1~3.0.5-1-any downloading...
2026-09-05T14:26:40.2769437Z  mingw-w64-x86_64-nghttp3-1.18.0-1-any downloading...
2026-09-05T14:26:40.2769952Z  mingw-w64-x86_64-mpc-1.4.1-1-any downloading...
2026-09-05T14:26:40.2770426Z  perl-libwww-6.83-2-any downloading...
2026-09-05T14:26:40.2770934Z  mingw-w64-x86_64-zlib-1.3.2-2-any downloading...
2026-09-05T14:26:40.2771235Z  perl-URI-5.36-1-any downloading...
2026-09-05T14:26:40.2771504Z  mingw-w64-x86_64-libpsl-0.21.5-3-any downloading...
2026-09-05T14:26:40.2771807Z  mingw-w64-x86_64-bzip2-1.0.8-4-any downloading...
2026-09-05T14:26:40.2772092Z  libedit-20240808_3.1-1-x86_64 downloading...
2026-09-05T14:26:40.2772358Z  libfido2-1.17.0-1-x86_64 downloading...
2026-09-05T14:26:40.2772635Z  perl-HTML-Parser-3.85-1-x86_64 downloading...
2026-09-05T14:26:40.2772939Z  perl-HTTP-Message-7.04-1-any downloading...
2026-09-05T14:26:40.2773213Z  perl-TimeDate-2.35-1-any downloading...
2026-09-05T14:26:40.2773517Z  mingw-w64-x86_64-wineditline-2.208-1-any downloading...
2026-09-05T14:26:40.2773838Z  perl-MailTools-2.22-1-any downloading...
2026-09-05T14:26:40.2774126Z  mingw-w64-x86_64-libffi-3.8.0-1-any downloading...
2026-09-05T14:26:40.2774428Z  perl-IO-Stringy-2.113-3-any downloading...
2026-09-05T14:26:40.2774817Z  mingw-w64-x86_64-winpthreads-14.0.0.r353.g6df76fa52-2-any downloading...
2026-09-05T14:26:40.2775220Z  perl-Authen-SASL-2.2000-1-any downloading...
2026-09-05T14:26:40.2775601Z  mingw-w64-x86_64-libwinpthread-14.0.0.r353.g6df76fa52-2-any downloading...
2026-09-05T14:26:40.2776003Z  perl-Convert-BinHex-1.125-2-any downloading...
2026-09-05T14:26:40.2776314Z  mingw-w64-x86_64-libb2-0.98.1-3-any downloading...
2026-09-05T14:26:40.2776593Z  libcbor-0.14.0-2-x86_64 downloading...
2026-09-05T14:26:40.2776861Z  perl-HTTP-Cookies-6.12-1-any downloading...
2026-09-05T14:26:40.2777306Z  perl-Net-HTTP-6.24-1-any downloading...
2026-09-05T14:26:40.2777581Z  perl-Error-0.17030-1-any downloading...
2026-09-05T14:26:40.2777852Z  perl-TermReadKey-2.38-8-x86_64 downloading...
2026-09-05T14:26:40.2778136Z  perl-HTTP-Daemon-6.17-1-any downloading...
2026-09-05T14:26:40.2778424Z  perl-LWP-MediaTypes-6.04-2-any downloading...
2026-09-05T14:26:40.2779454Z  perl-Try-Tiny-0.32-1-any downloading...
2026-09-05T14:26:40.2779731Z  perl-Clone-0.50-2-x86_64 downloading...
2026-09-05T14:26:40.2780396Z  perl-IO-HTML-1.004-2-any downloading...
2026-09-05T14:26:40.2780835Z  perl-WWW-RobotRules-6.03-1-any downloading...
2026-09-05T14:26:40.2781354Z  perl-http-cookiejar-0.014-1-any downloading...
2026-09-05T14:26:40.2781864Z  perl-HTTP-Negotiate-6.01-3-any downloading...
2026-09-05T14:26:40.2782383Z  perl-Encode-Locale-1.05-2-any downloading...
2026-09-05T14:26:40.2782872Z  perl-HTML-Tagset-3.24-1-any downloading...
2026-09-05T14:26:40.2783369Z  perl-File-Listing-6.16-1-any downloading...
2026-09-05T14:26:40.2783765Z  perl-HTTP-Date-6.08-1-any downloading...
2026-09-05T14:26:40.2784048Z  perl-Net-SMTP-SSL-1.04-2-any downloading...
2026-09-05T14:26:40.2784431Z  mingw-w64-x86_64-windows-default-manifest-20260815-1-any downloading...
2026-09-05T14:26:40.2784826Z checking keyring...
2026-09-05T14:26:40.3416432Z checking package integrity...
2026-09-05T14:26:54.3548911Z loading package files...
2026-09-05T14:26:54.6845544Z checking for file conflicts...
2026-09-05T14:26:57.0390274Z :: Processing package changes...
2026-09-05T14:26:57.0390797Z installing libedit...
2026-09-05T14:26:57.0721126Z installing heimdal-libs...
2026-09-05T14:26:57.0904699Z installing heimdal...
2026-09-05T14:26:57.7364991Z installing libcbor...
2026-09-05T14:26:57.7399128Z installing libfido2...
2026-09-05T14:26:57.7434013Z installing openssh...
2026-09-05T14:26:57.7815718Z installing perl-Error...
2026-09-05T14:26:57.7896555Z installing perl-Authen-SASL...
2026-09-05T14:26:57.8123157Z installing perl-Encode-Locale...
2026-09-05T14:26:57.8182992Z installing perl-HTTP-Date...
2026-09-05T14:26:57.8247787Z installing perl-File-Listing...
2026-09-05T14:26:57.8306863Z installing perl-HTML-Tagset...
2026-09-05T14:26:57.8369605Z installing perl-Clone...
2026-09-05T14:26:57.8422052Z installing perl-IO-HTML...
2026-09-05T14:26:57.8483963Z installing perl-LWP-MediaTypes...
2026-09-05T14:26:57.8555327Z installing perl-URI...
2026-09-05T14:26:57.9213070Z installing perl-HTTP-Message...
2026-09-05T14:26:57.9408940Z installing perl-HTML-Parser...
2026-09-05T14:26:57.9562047Z installing perl-HTTP-Cookies...
2026-09-05T14:26:57.9644667Z installing perl-HTTP-Daemon...
2026-09-05T14:26:57.9692057Z installing perl-http-cookiejar...
2026-09-05T14:26:57.9760004Z installing perl-HTTP-Negotiate...
2026-09-05T14:26:57.9806729Z installing perl-Net-HTTP...
2026-09-05T14:26:57.9915795Z installing perl-WWW-RobotRules...
2026-09-05T14:26:58.0008990Z installing perl-Try-Tiny...
2026-09-05T14:26:58.0083422Z installing perl-libwww...
2026-09-05T14:26:58.0432562Z Optional dependencies for perl-libwww
2026-09-05T14:26:58.0433185Z     perl-LWP-Protocol-https: for https:// url schemes
2026-09-05T14:26:58.0433781Z installing perl-TimeDate...
2026-09-05T14:26:58.1092091Z installing perl-MailTools...
2026-09-05T14:26:58.1371637Z installing perl-IO-Stringy...
2026-09-05T14:26:58.1509341Z installing perl-Convert-BinHex...
2026-09-05T14:26:58.2857928Z module test... pass.
2026-09-05T14:26:58.2867108Z installing perl-MIME-tools...
2026-09-05T14:26:58.3263948Z installing perl-Net-SSLeay...
2026-09-05T14:26:58.4017665Z installing perl-IO-Socket-SSL...
2026-09-05T14:26:58.4146509Z installing perl-Net-SMTP-SSL...
2026-09-05T14:26:58.4191536Z installing perl-TermReadKey...
2026-09-05T14:26:58.4271614Z installing git...
2026-09-05T14:26:58.9769389Z Optional dependencies for git
2026-09-05T14:26:58.9769786Z     python: various helper scripts
2026-09-05T14:26:58.9770103Z     subversion: git svn
2026-09-05T14:26:58.9770871Z     aspell: spell checking in git gui
2026-09-05T14:26:58.9771360Z installing make...
2026-09-05T14:26:59.0096433Z installing mingw-w64-x86_64-bzip2...
2026-09-05T14:26:59.0289950Z installing mingw-w64-x86_64-libwinpthread...
2026-09-05T14:26:59.0332720Z installing mingw-w64-x86_64-tzdata...
2026-09-05T14:27:00.7520577Z installing mingw-w64-x86_64-gcc-libs...
2026-09-05T14:27:00.7679724Z installing mingw-w64-x86_64-icu...
2026-09-05T14:27:01.1284889Z installing mingw-w64-x86_64-libiconv...
2026-09-05T14:27:01.1519100Z installing mingw-w64-x86_64-gettext-runtime...
2026-09-05T14:27:01.2797413Z installing mingw-w64-x86_64-xz...
2026-09-05T14:27:01.3896701Z installing mingw-w64-x86_64-zlib...
2026-09-05T14:27:01.3984199Z installing mingw-w64-x86_64-zstd...
2026-09-05T14:27:01.4178386Z installing mingw-w64-x86_64-boost-libs...
2026-09-05T14:27:01.4629796Z installing mingw-w64-x86_64-boost...
2026-09-05T14:27:15.8248779Z Optional dependencies for mingw-w64-x86_64-boost
2026-09-05T14:27:15.8249302Z     mingw-w64-x86_64-python: For Boost.Python
2026-09-05T14:27:15.8249687Z     mingw-w64-x86_64-python-numpy: For Boost.Python (NumPy)
2026-09-05T14:27:15.8250037Z installing mingw-w64-x86_64-cppdap...
2026-09-05T14:27:15.8497480Z installing mingw-w64-x86_64-c-ares...
2026-09-05T14:27:15.9650715Z installing mingw-w64-x86_64-brotli...
2026-09-05T14:27:15.9865467Z installing mingw-w64-x86_64-libunistring...
2026-09-05T14:27:16.0334080Z installing mingw-w64-x86_64-libidn2...
2026-09-05T14:27:16.0620397Z installing mingw-w64-x86_64-libpsl...
2026-09-05T14:27:16.0712403Z installing mingw-w64-x86_64-libtasn1...
2026-09-05T14:27:16.1120198Z installing mingw-w64-x86_64-libffi...
2026-09-05T14:27:16.1222735Z installing mingw-w64-x86_64-p11-kit...
2026-09-05T14:27:16.3510643Z installing mingw-w64-x86_64-ca-certificates...
2026-09-05T14:27:16.9290978Z installing mingw-w64-x86_64-openssl...
2026-09-05T14:27:22.4658292Z Optional dependencies for mingw-w64-x86_64-openssl
2026-09-05T14:27:22.4658955Z     mingw-w64-x86_64-ca-certificates [installed]
2026-09-05T14:27:22.4659389Z installing mingw-w64-x86_64-libssh2...
2026-09-05T14:27:22.6701359Z installing mingw-w64-x86_64-nghttp2...
2026-09-05T14:27:22.6861785Z installing mingw-w64-x86_64-gmp...
2026-09-05T14:27:22.7009573Z installing mingw-w64-x86_64-nettle...
2026-09-05T14:27:22.7595716Z installing mingw-w64-x86_64-gnutls...
2026-09-05T14:27:23.6865923Z installing mingw-w64-x86_64-ngtcp2...
2026-09-05T14:27:23.7076505Z installing mingw-w64-x86_64-nghttp3...
2026-09-05T14:27:23.7206407Z installing mingw-w64-x86_64-curl...
2026-09-05T14:27:24.1293822Z installing mingw-w64-x86_64-expat...
2026-09-05T14:27:24.1449484Z installing mingw-w64-x86_64-jsoncpp...
2026-09-05T14:27:24.1633830Z installing mingw-w64-x86_64-libb2...
2026-09-05T14:27:24.1701661Z installing mingw-w64-x86_64-lz4...
2026-09-05T14:27:24.1840496Z installing mingw-w64-x86_64-wineditline...
2026-09-05T14:27:24.1921629Z installing mingw-w64-x86_64-pcre2...
2026-09-05T14:27:24.3699272Z installing mingw-w64-x86_64-libarchive...
2026-09-05T14:27:24.4493724Z installing mingw-w64-x86_64-libuv...
2026-09-05T14:27:24.4709012Z installing mingw-w64-x86_64-ninja...
2026-09-05T14:27:24.4763507Z installing mingw-w64-x86_64-pkgconf...
2026-09-05T14:27:24.4972355Z installing mingw-w64-x86_64-rhash...
2026-09-05T14:27:24.5327685Z installing mingw-w64-x86_64-cmake...
2026-09-05T14:27:27.7272300Z Optional dependencies for mingw-w64-x86_64-cmake
2026-09-05T14:27:27.7272951Z     mingw-w64-x86_64-emacs: for cmake emacs mode
2026-09-05T14:27:27.7273492Z installing mingw-w64-x86_64-binutils...
2026-09-05T14:27:27.9498428Z installing mingw-w64-x86_64-headers...
2026-09-05T14:27:29.2552221Z installing mingw-w64-x86_64-crt...
2026-09-05T14:27:30.1092668Z installing mingw-w64-x86_64-isl...
2026-09-05T14:27:30.1736778Z installing mingw-w64-x86_64-mpfr...
2026-09-05T14:27:30.1964364Z installing mingw-w64-x86_64-mpc...
2026-09-05T14:27:30.2035033Z installing mingw-w64-x86_64-windows-default-manifest...
2026-09-05T14:27:30.2065089Z installing mingw-w64-x86_64-winpthreads...
2026-09-05T14:27:30.2168822Z installing mingw-w64-x86_64-gcc...
2026-09-05T14:27:31.5984704Z :: Running post-transaction hooks...
2026-09-05T14:27:31.5985060Z (1/1) Updating the info directory file...
2026-09-05T14:27:31.8805877Z ##[endgroup]
2026-09-05T14:27:31.9021733Z ##[group]Run cmake --version
2026-09-05T14:27:31.9022081Z [36;1mcmake --version[0m
2026-09-05T14:27:31.9022322Z [36;1mg++ --version[0m
2026-09-05T14:27:31.9026016Z shell: D:\a\_temp\setup-msys2\msys2.CMD {0}
2026-09-05T14:27:31.9026293Z env:
2026-09-05T14:27:31.9026539Z   OPENFHE_COMMIT: df495ba2e91739a6dc8f1de254fc5a41155ce504
2026-09-05T14:27:31.9026922Z   OPENFHE_PREFIX: C:\openfhe-2023-1788\openfhe-install
2026-09-05T14:27:31.9027223Z   WINDOWS_ROOT: C:\openfhe-2023-1788
2026-09-05T14:27:31.9027499Z   PROJECT_SOURCE: C:\openfhe-2023-1788\cleanroom
2026-09-05T14:27:31.9027812Z   OPENFHE_SOURCE: C:\openfhe-2023-1788\openfhe-src
2026-09-05T14:27:31.9028172Z   OPENFHE_BUILD: C:\openfhe-2023-1788\openfhe-build-33971779479-1
2026-09-05T14:27:31.9028570Z   PROJECT_BUILD: C:\openfhe-2023-1788\project-build-33971779479-1
2026-09-05T14:27:31.9028896Z   MSYSTEM: MINGW64
2026-09-05T14:27:31.9029074Z ##[endgroup]
2026-09-05T14:27:32.0870170Z cmake version 4.4.2
2026-09-05T14:27:32.0870558Z 
2026-09-05T14:27:32.0870896Z CMake suite maintained and supported by Kitware (kitware.com/cmake).
2026-09-05T14:27:32.1455303Z g++.exe (Rev3, Built by MSYS2 project) 16.2.0
2026-09-05T14:27:32.1456139Z Copyright (C) 2026 Free Software Foundation, Inc.
2026-09-05T14:27:32.1456866Z This is free software; see the source for copying conditions.  There is NO
2026-09-05T14:27:32.1457745Z warranty; not even for MERCHANTABILITY or FITNESS FOR A PARTICULAR PURPOSE.
2026-09-05T14:27:32.1458296Z 
2026-09-05T14:27:32.1609245Z ##[group]Run source="$(cygpath -u "$OPENFHE_SOURCE")"
2026-09-05T14:27:32.1609720Z [36;1msource="$(cygpath -u "$OPENFHE_SOURCE")"[0m
2026-09-05T14:27:32.1610067Z [36;1mactual="$(git -C "$source" rev-parse HEAD)"[0m
2026-09-05T14:27:32.1610379Z [36;1mtest "$actual" = "$OPENFHE_COMMIT"[0m
2026-09-05T14:27:32.1610700Z [36;1mtest -z "$(git -C "$source" status --porcelain)"[0m
2026-09-05T14:27:32.1611049Z [36;1mgit -C "$source" submodule status --recursive[0m
2026-09-05T14:27:32.1612860Z shell: D:\a\_temp\setup-msys2\msys2.CMD {0}
2026-09-05T14:27:32.1613126Z env:
2026-09-05T14:27:32.1613364Z   OPENFHE_COMMIT: df495ba2e91739a6dc8f1de254fc5a41155ce504
2026-09-05T14:27:32.1613717Z   OPENFHE_PREFIX: C:\openfhe-2023-1788\openfhe-install
2026-09-05T14:27:32.1614014Z   WINDOWS_ROOT: C:\openfhe-2023-1788
2026-09-05T14:27:32.1614290Z   PROJECT_SOURCE: C:\openfhe-2023-1788\cleanroom
2026-09-05T14:27:32.1614590Z   OPENFHE_SOURCE: C:\openfhe-2023-1788\openfhe-src
2026-09-05T14:27:32.1614978Z   OPENFHE_BUILD: C:\openfhe-2023-1788\openfhe-build-33971779479-1
2026-09-05T14:27:32.1615376Z   PROJECT_BUILD: C:\openfhe-2023-1788\project-build-33971779479-1
2026-09-05T14:27:32.1615687Z   MSYSTEM: MINGW64
2026-09-05T14:27:32.1615864Z ##[endgroup]
2026-09-05T14:27:33.4708789Z  984e3f194862b17916536b5fade40cba6e47a6fe third-party/cereal (heads/main)
2026-09-05T14:27:33.5672303Z  eddb0241389718a23a42db6af5f0164b6e0139af third-party/google-benchmark (eddb024)
2026-09-05T14:27:33.6974194Z  52eb8108c5bdec04579160ae17225d66034bd723 third-party/google-test (52eb810)
2026-09-05T14:27:33.7947025Z  83edb60836d87cf1b406e8846b9059c03031e8f5 third-party/gperftools (83edb60)
2026-09-05T14:27:33.8263806Z ##[group]Run prefix="$(cygpath -u "$OPENFHE_PREFIX")"
2026-09-05T14:27:33.8264282Z [36;1mprefix="$(cygpath -u "$OPENFHE_PREFIX")"[0m
2026-09-05T14:27:33.8264612Z [36;1msource="$(cygpath -u "$OPENFHE_SOURCE")"[0m
2026-09-05T14:27:33.8264918Z [36;1mbuild="$(cygpath -u "$OPENFHE_BUILD")"[0m
2026-09-05T14:27:33.8265216Z [36;1mcmake -S "$source" -B "$build" \[0m
2026-09-05T14:27:33.8265499Z [36;1m  -DCMAKE_BUILD_TYPE=Release \[0m
2026-09-05T14:27:33.8265776Z [36;1m  -DCMAKE_INSTALL_PREFIX="$prefix" \[0m
2026-09-05T14:27:33.8266050Z [36;1m  -DBUILD_UNITTESTS=OFF \[0m
2026-09-05T14:27:33.8266296Z [36;1m  -DBUILD_EXAMPLES=OFF \[0m
2026-09-05T14:27:33.8266540Z [36;1m  -DBUILD_BENCHMARKS=OFF \[0m
2026-09-05T14:27:33.8266776Z [36;1m  -DBUILD_EXTRAS=OFF \[0m
2026-09-05T14:27:33.8267512Z [36;1m  -DWITH_OPENMP=ON \[0m
2026-09-05T14:27:33.8267733Z [36;1m  -DNATIVE_SIZE=64 \[0m
2026-09-05T14:27:33.8267948Z [36;1m  -DMATHBACKEND=4[0m
2026-09-05T14:27:33.8269688Z shell: D:\a\_temp\setup-msys2\msys2.CMD {0}
2026-09-05T14:27:33.8269962Z env:
2026-09-05T14:27:33.8270196Z   OPENFHE_COMMIT: df495ba2e91739a6dc8f1de254fc5a41155ce504
2026-09-05T14:27:33.8270554Z   OPENFHE_PREFIX: C:\openfhe-2023-1788\openfhe-install
2026-09-05T14:27:33.8270849Z   WINDOWS_ROOT: C:\openfhe-2023-1788
2026-09-05T14:27:33.8271113Z   PROJECT_SOURCE: C:\openfhe-2023-1788\cleanroom
2026-09-05T14:27:33.8271404Z   OPENFHE_SOURCE: C:\openfhe-2023-1788\openfhe-src
2026-09-05T14:27:33.8271752Z   OPENFHE_BUILD: C:\openfhe-2023-1788\openfhe-build-33971779479-1
2026-09-05T14:27:33.8272149Z   PROJECT_BUILD: C:\openfhe-2023-1788\project-build-33971779479-1
2026-09-05T14:27:33.8272458Z   MSYSTEM: MINGW64
2026-09-05T14:27:33.8272634Z ##[endgroup]
2026-09-05T14:27:34.1977936Z -- The C compiler identification is GNU 16.2.0
2026-09-05T14:27:34.3588370Z -- The CXX compiler identification is GNU 16.2.0
2026-09-05T14:27:34.3998773Z -- Detecting C compiler ABI info
2026-09-05T14:27:34.7619443Z -- Detecting C compiler ABI info - done
2026-09-05T14:27:34.7943731Z -- Check for working C compiler: D:/a/_temp/msys64/mingw64/bin/cc.exe - skipped
2026-09-05T14:27:34.7948147Z -- Detecting C compile features
2026-09-05T14:27:34.7953874Z -- Detecting C compile features - done
2026-09-05T14:27:34.8302045Z -- Detecting CXX compiler ABI info
2026-09-05T14:27:35.1992766Z -- Detecting CXX compiler ABI info - done
2026-09-05T14:27:35.2318814Z -- Check for working CXX compiler: D:/a/_temp/msys64/mingw64/bin/c++.exe - skipped
2026-09-05T14:27:35.2323421Z -- Detecting CXX compile features
2026-09-05T14:27:35.2331122Z -- Detecting CXX compile features - done
2026-09-05T14:27:35.2474958Z -- Building in Release mode
2026-09-05T14:27:35.2476242Z -- BUILD_UNITTESTS:    OFF
2026-09-05T14:27:35.2476620Z -- BUILD_EXAMPLES:     OFF
2026-09-05T14:27:35.2477018Z -- BUILD_BENCHMARKS:   OFF
2026-09-05T14:27:35.2477372Z -- BUILD_EXTRAS:       OFF
2026-09-05T14:27:35.2477704Z -- BUILD_STATIC:       OFF
2026-09-05T14:27:35.2478018Z -- BUILD_SHARED:       ON
2026-09-05T14:27:35.2478342Z -- GIT_SUBMOD_AUTO:    ON
2026-09-05T14:27:35.2478647Z -- WITH_BE2:           OFF
2026-09-05T14:27:35.2478947Z -- WITH_BE4:           OFF
2026-09-05T14:27:35.2479158Z -- WITH_NTL:           OFF
2026-09-05T14:27:35.2479358Z -- WITH_TCM:           OFF
2026-09-05T14:27:35.2479557Z -- WITH_OPENMP:        ON
2026-09-05T14:27:35.2479760Z -- NATIVE_SIZE:        64
2026-09-05T14:27:35.2480094Z -- CKKS_M_FACTOR:      1
2026-09-05T14:27:35.2480423Z -- WITH_NATIVEOPT:     OFF
2026-09-05T14:27:35.2480917Z ***** INSTALL IS AT C:/openfhe-2023-1788/openfhe-install; to change, run cmake with -DCMAKE_INSTALL_PREFIX=/your/path
2026-09-05T14:27:35.2481431Z -- WITH_COVTEST:       OFF
2026-09-05T14:27:35.2481639Z -- WITH_NOISE_DEBUG:   OFF
2026-09-05T14:27:35.2481853Z -- WITH_REDUCED_NOISE: OFF
2026-09-05T14:27:35.2482058Z -- USE_MACPORTS:       OFF
2026-09-05T14:27:35.2482275Z -- BUILTIN_INFO_AVAILABLE is defined
2026-09-05T14:27:35.2700760Z -- Architecture is x86_64
2026-09-05T14:27:35.2717430Z -- Looking for sys/types.h
2026-09-05T14:27:35.6362378Z -- Looking for sys/types.h - found
2026-09-05T14:27:35.6363687Z -- Looking for stdint.h
2026-09-05T14:27:35.9969934Z -- Looking for stdint.h - found
2026-09-05T14:27:35.9971239Z -- Looking for stddef.h
2026-09-05T14:27:36.3562865Z -- Looking for stddef.h - found
2026-09-05T14:27:36.3563198Z -- Check size of __int128
2026-09-05T14:27:36.7344622Z -- Check size of __int128 - done
2026-09-05T14:27:36.7347366Z -- Check size of uint64_t
2026-09-05T14:27:37.0936450Z -- Check size of uint64_t - done
2026-09-05T14:27:37.0937523Z -- NATIVEINT is set to 64
2026-09-05T14:27:37.0938117Z -- MATHBACKEND is set to 4
2026-09-05T14:27:37.0938633Z -- MATHBACKEND set to 4. Setting WITH_BE4 to ON
2026-09-05T14:27:38.3194256Z -- Found OpenMP_C: -fopenmp (found version "5.2")
2026-09-05T14:27:38.7105460Z -- Found OpenMP_CXX: -fopenmp (found version "5.2")
2026-09-05T14:27:38.7109774Z -- Found OpenMP: TRUE (found version "5.2")
2026-09-05T14:27:38.7270412Z -- Found Git: D:/a/_temp/msys64/usr/bin/git.exe (found version "2.55.0")
2026-09-05T14:27:38.7270875Z -- Submodule update
2026-09-05T14:27:39.0922052Z Synchronizing submodule url for 'third-party/cereal'
2026-09-05T14:27:39.1234373Z Synchronizing submodule url for 'third-party/google-benchmark'
2026-09-05T14:27:39.1544053Z Synchronizing submodule url for 'third-party/google-test'
2026-09-05T14:27:39.1856115Z Synchronizing submodule url for 'third-party/gperftools'
2026-09-05T14:27:39.6863224Z -- Configuring done (5.6s)
2026-09-05T14:27:40.0075516Z -- Generating done (0.3s)
2026-09-05T14:27:40.0092549Z -- Build files have been written to: C:/openfhe-2023-1788/openfhe-build-33971779479-1
2026-09-05T14:27:40.0330099Z ##[group]Run build="$(cygpath -u "$OPENFHE_BUILD")"
2026-09-05T14:27:40.0330579Z [36;1mbuild="$(cygpath -u "$OPENFHE_BUILD")"[0m
2026-09-05T14:27:40.0330909Z [36;1mcmake --build "$build" --parallel 2[0m
2026-09-05T14:27:40.0331201Z [36;1mcmake --install "$build"[0m
2026-09-05T14:27:40.0332997Z shell: D:\a\_temp\setup-msys2\msys2.CMD {0}
2026-09-05T14:27:40.0333265Z env:
2026-09-05T14:27:40.0333551Z   OPENFHE_COMMIT: df495ba2e91739a6dc8f1de254fc5a41155ce504
2026-09-05T14:27:40.0333925Z   OPENFHE_PREFIX: C:\openfhe-2023-1788\openfhe-install
2026-09-05T14:27:40.0334225Z   WINDOWS_ROOT: C:\openfhe-2023-1788
2026-09-05T14:27:40.0334490Z   PROJECT_SOURCE: C:\openfhe-2023-1788\cleanroom
2026-09-05T14:27:40.0334790Z   OPENFHE_SOURCE: C:\openfhe-2023-1788\openfhe-src
2026-09-05T14:27:40.0335145Z   OPENFHE_BUILD: C:\openfhe-2023-1788\openfhe-build-33971779479-1
2026-09-05T14:27:40.0335564Z   PROJECT_BUILD: C:\openfhe-2023-1788\project-build-33971779479-1
2026-09-05T14:27:40.0335917Z   MSYSTEM: MINGW64
2026-09-05T14:27:40.0336099Z ##[endgroup]
2026-09-05T14:27:40.4345888Z -- Copied demoData files
2026-09-05T14:27:40.4850392Z [  0%] Built target third-party
2026-09-05T14:27:40.6130378Z [  1%] Building CXX object src/core/CMakeFiles/coreobj.dir/lib/lattice/constants-lattice-impl.cpp.obj
2026-09-05T14:27:40.6228913Z [  2%] Building CXX object src/core/CMakeFiles/coreobj.dir/lib/lattice/lattice.cpp.obj
2026-09-05T14:27:41.3420143Z [  3%] Building CXX object src/core/CMakeFiles/coreobj.dir/lib/lattice/stdlatticeparms.cpp.obj
2026-09-05T14:27:42.5264298Z [  4%] Building CXX object src/core/CMakeFiles/coreobj.dir/lib/lattice/trapdoor-dcrtpoly.cpp.obj
2026-09-05T14:27:51.3004435Z [  5%] Building CXX object src/core/CMakeFiles/coreobj.dir/lib/lattice/trapdoor-poly.cpp.obj
2026-09-05T14:28:01.6068738Z [  6%] Building CXX object src/core/CMakeFiles/coreobj.dir/lib/math/chebyshev.cpp.obj
2026-09-05T14:28:02.5212133Z [  6%] Building CXX object src/core/CMakeFiles/coreobj.dir/lib/math/dftransform.cpp.obj
2026-09-05T14:28:03.9724605Z [  7%] Building CXX object src/core/CMakeFiles/coreobj.dir/lib/math/discretegaussiangeneratorgeneric.cpp.obj
2026-09-05T14:28:04.1581677Z [  8%] Building CXX object src/core/CMakeFiles/coreobj.dir/lib/math/distributiongenerator.cpp.obj
2026-09-05T14:28:04.9373044Z [  9%] Building CXX object src/core/CMakeFiles/coreobj.dir/lib/math/hal/bigintdyn/be4-math-impl.cpp.obj
2026-09-05T14:28:05.7673511Z [ 10%] Building CXX object src/core/CMakeFiles/coreobj.dir/lib/math/hal/bigintdyn/mubintvecdyn.cpp.obj
2026-09-05T14:28:08.7543237Z [ 11%] Building CXX object src/core/CMakeFiles/coreobj.dir/lib/math/hal/bigintdyn/ubintdyn.cpp.obj
2026-09-05T14:28:10.9123064Z [ 12%] Building CXX object src/core/CMakeFiles/coreobj.dir/lib/math/hal/bigintfxd/be2-math-impl.cpp.obj
2026-09-05T14:28:11.0190849Z [ 13%] Building CXX object src/core/CMakeFiles/coreobj.dir/lib/math/hal/bigintfxd/mubintvecfxd.cpp.obj
2026-09-05T14:28:11.1324970Z [ 14%] Building CXX object src/core/CMakeFiles/coreobj.dir/lib/math/hal/bigintfxd/ubintfxd.cpp.obj
2026-09-05T14:28:11.2513903Z [ 15%] Building CXX object src/core/CMakeFiles/coreobj.dir/lib/math/hal/bigintntl/be6-math-impl.cpp.obj
2026-09-05T14:28:11.3627826Z [ 15%] Building CXX object src/core/CMakeFiles/coreobj.dir/lib/math/hal/bigintntl/mubintvecntl.cpp.obj
2026-09-05T14:28:11.4826074Z [ 16%] Building CXX object src/core/CMakeFiles/coreobj.dir/lib/math/hal/bigintntl/ubintntl.cpp.obj
2026-09-05T14:28:11.5936628Z [ 17%] Building CXX object src/core/CMakeFiles/coreobj.dir/lib/math/hal/intnat/benative-math-impl.cpp.obj
2026-09-05T14:28:12.1454586Z [ 18%] Building CXX object src/core/CMakeFiles/coreobj.dir/lib/math/hal/intnat/mubintvecnat.cpp.obj
2026-09-05T14:28:14.8016122Z [ 19%] Building CXX object src/core/CMakeFiles/coreobj.dir/lib/math/hermite.cpp.obj
2026-09-05T14:28:16.0015078Z [ 20%] Building CXX object src/core/CMakeFiles/coreobj.dir/lib/math/matrix.cpp.obj
2026-09-05T14:28:17.4020798Z [ 21%] Building CXX object src/core/CMakeFiles/coreobj.dir/lib/math/nbtheory2.cpp.obj
2026-09-05T14:28:19.1774393Z [ 22%] Building CXX object src/core/CMakeFiles/coreobj.dir/lib/utils/blockAllocator/blockAllocator.cpp.obj
2026-09-05T14:28:19.8298556Z [ 23%] Building CXX object src/core/CMakeFiles/coreobj.dir/lib/utils/blockAllocator/xallocator.cpp.obj
2026-09-05T14:28:20.7100038Z [ 24%] Building CXX object src/core/CMakeFiles/coreobj.dir/lib/utils/debug.cpp.obj
2026-09-05T14:28:20.8790346Z [ 24%] Building CXX object src/core/CMakeFiles/coreobj.dir/lib/utils/demangle.cpp.obj
2026-09-05T14:28:21.2447607Z [ 25%] Building CXX object src/core/CMakeFiles/coreobj.dir/lib/utils/get-call-stack.cpp.obj
2026-09-05T14:28:21.2627146Z [ 26%] Building CXX object src/core/CMakeFiles/coreobj.dir/lib/utils/hashutil.cpp.obj
2026-09-05T14:28:21.6535562Z [ 27%] Building CXX object src/core/CMakeFiles/coreobj.dir/lib/utils/inttypes.cpp.obj
2026-09-05T14:28:22.0751930Z [ 28%] Building CXX object src/core/CMakeFiles/coreobj.dir/lib/utils/memory.cpp.obj
2026-09-05T14:28:22.1407212Z [ 29%] Building CXX object src/core/CMakeFiles/coreobj.dir/lib/utils/openfhebase64.cpp.obj
2026-09-05T14:28:22.5009697Z [ 30%] Building CXX object src/core/CMakeFiles/coreobj.dir/lib/utils/parallel.cpp.obj
2026-09-05T14:28:22.5868619Z [ 31%] Building C object src/core/CMakeFiles/coreobj.dir/lib/utils/prng/blake2b-ref.c.obj
2026-09-05T14:28:22.6427689Z [ 32%] Building CXX object src/core/CMakeFiles/coreobj.dir/lib/utils/prng/blake2engine.cpp.obj
2026-09-05T14:28:23.0689519Z [ 34%] Building C object src/core/CMakeFiles/coreobj.dir/lib/utils/prng/blake2xb-ref.c.obj
2026-09-05T14:28:23.2482119Z [ 34%] Building CXX object src/core/CMakeFiles/coreobj.dir/lib/utils/utilities.cpp.obj
2026-09-05T14:28:23.7259077Z [ 34%] Built target coreobj
2026-09-05T14:28:23.8492451Z [ 35%] Linking CXX shared library ../../lib/libOPENFHEcore.dll
2026-09-05T14:28:24.3929223Z [ 35%] Built target OPENFHEcore
2026-09-05T14:28:24.5261395Z [ 37%] Building CXX object src/binfhe/CMakeFiles/binfheobj.dir/lib/binfhe-base-scheme.cpp.obj
2026-09-05T14:28:24.5262503Z [ 37%] Building CXX object src/binfhe/CMakeFiles/binfheobj.dir/lib/binfhe-constants-impl.cpp.obj
2026-09-05T14:28:25.2352521Z [ 38%] Building CXX object src/binfhe/CMakeFiles/binfheobj.dir/lib/binfhecontext.cpp.obj
2026-09-05T14:28:29.4831307Z [ 39%] Building CXX object src/binfhe/CMakeFiles/binfheobj.dir/lib/lwe-pke.cpp.obj
2026-09-05T14:28:29.5454265Z [ 40%] Building CXX object src/binfhe/CMakeFiles/binfheobj.dir/lib/rgsw-acc-cggi.cpp.obj
2026-09-05T14:28:31.9229470Z [ 41%] Building CXX object src/binfhe/CMakeFiles/binfheobj.dir/lib/rgsw-acc-dm.cpp.obj
2026-09-05T14:28:32.3607322Z [ 41%] Building CXX object src/binfhe/CMakeFiles/binfheobj.dir/lib/rgsw-acc-lmkcdey.cpp.obj
2026-09-05T14:28:34.7599253Z [ 42%] Building CXX object src/binfhe/CMakeFiles/binfheobj.dir/lib/rgsw-acc.cpp.obj
2026-09-05T14:28:35.8664381Z [ 43%] Building CXX object src/binfhe/CMakeFiles/binfheobj.dir/lib/rgsw-cryptoparameters.cpp.obj
2026-09-05T14:28:38.2178372Z [ 43%] Built target binfheobj
2026-09-05T14:28:38.3406247Z [ 43%] Linking CXX shared library ../../lib/libOPENFHEbinfhe.dll
2026-09-05T14:28:38.6231651Z [ 43%] Built target OPENFHEbinfhe
2026-09-05T14:28:38.7523607Z [ 44%] Building CXX object src/pke/CMakeFiles/pkeobj.dir/lib/ciphertext-impl.cpp.obj
2026-09-05T14:28:38.7587010Z [ 45%] Building CXX object src/pke/CMakeFiles/pkeobj.dir/lib/constants-impl.cpp.obj
2026-09-05T14:28:40.4189836Z [ 46%] Building CXX object src/pke/CMakeFiles/pkeobj.dir/lib/cryptocontext.cpp.obj
2026-09-05T14:28:44.7018340Z [ 47%] Building CXX object src/pke/CMakeFiles/pkeobj.dir/lib/cryptocontextfactory.cpp.obj
2026-09-05T14:28:50.4845566Z [ 48%] Building CXX object src/pke/CMakeFiles/pkeobj.dir/lib/cryptoobject-impl.cpp.obj
2026-09-05T14:28:53.3049570Z [ 49%] Building CXX object src/pke/CMakeFiles/pkeobj.dir/lib/encoding/ckkspackedencoding.cpp.obj
2026-09-05T14:28:55.2581893Z [ 50%] Building CXX object src/pke/CMakeFiles/pkeobj.dir/lib/encoding/coefpackedencoding.cpp.obj
2026-09-05T14:28:57.7780804Z [ 51%] Building CXX object src/pke/CMakeFiles/pkeobj.dir/lib/encoding/encodingparams.cpp.obj
2026-09-05T14:28:59.0726681Z [ 51%] Building CXX object src/pke/CMakeFiles/pkeobj.dir/lib/encoding/packedencoding.cpp.obj
2026-09-05T14:28:59.3784253Z [ 52%] Building CXX object src/pke/CMakeFiles/pkeobj.dir/lib/encoding/stringencoding.cpp.obj
2026-09-05T14:29:03.2164767Z [ 53%] Building CXX object src/pke/CMakeFiles/pkeobj.dir/lib/globals-impl.cpp.obj
2026-09-05T14:29:03.3436920Z [ 54%] Building CXX object src/pke/CMakeFiles/pkeobj.dir/lib/key/evalkey.cpp.obj
2026-09-05T14:29:05.6945512Z [ 55%] Building CXX object src/pke/CMakeFiles/pkeobj.dir/lib/key/evalkeyrelin.cpp.obj
2026-09-05T14:29:06.3466596Z [ 56%] Building CXX object src/pke/CMakeFiles/pkeobj.dir/lib/key/privatekey.cpp.obj
2026-09-05T14:29:10.7289670Z [ 57%] Building CXX object src/pke/CMakeFiles/pkeobj.dir/lib/key/publickey.cpp.obj
2026-09-05T14:29:10.8435933Z [ 58%] Building CXX object src/pke/CMakeFiles/pkeobj.dir/lib/keyswitch/keyswitch-base.cpp.obj
2026-09-05T14:29:13.8227946Z [ 59%] Building CXX object src/pke/CMakeFiles/pkeobj.dir/lib/keyswitch/keyswitch-bv.cpp.obj
2026-09-05T14:29:15.5876958Z [ 60%] Building CXX object src/pke/CMakeFiles/pkeobj.dir/lib/keyswitch/keyswitch-hybrid.cpp.obj
2026-09-05T14:29:19.0472146Z [ 60%] Building CXX object src/pke/CMakeFiles/pkeobj.dir/lib/scheme/bfvrns/bfvrns-cryptoparameters.cpp.obj
2026-09-05T14:29:20.9242539Z [ 61%] Building CXX object src/pke/CMakeFiles/pkeobj.dir/lib/scheme/bfvrns/bfvrns-leveledshe.cpp.obj
2026-09-05T14:29:26.4428105Z [ 62%] Building CXX object src/pke/CMakeFiles/pkeobj.dir/lib/scheme/bfvrns/bfvrns-multiparty.cpp.obj
2026-09-05T14:29:27.8385206Z [ 63%] Building CXX object src/pke/CMakeFiles/pkeobj.dir/lib/scheme/bfvrns/bfvrns-parametergeneration.cpp.obj
2026-09-05T14:29:32.0308030Z [ 64%] Building CXX object src/pke/CMakeFiles/pkeobj.dir/lib/scheme/bfvrns/bfvrns-pke.cpp.obj
2026-09-05T14:29:32.2614339Z [ 65%] Building CXX object src/pke/CMakeFiles/pkeobj.dir/lib/scheme/bfvrns/bfvrns-scheme.cpp.obj
2026-09-05T14:29:37.9631967Z [ 67%] Building CXX object src/pke/CMakeFiles/pkeobj.dir/lib/scheme/bgvrns/bgvrns-cryptoparameters.cpp.obj
2026-09-05T14:29:38.8268476Z [ 68%] Building CXX object src/pke/CMakeFiles/pkeobj.dir/lib/scheme/bgvrns/bgvrns-leveledshe.cpp.obj
2026-09-05T14:29:41.1207140Z [ 69%] Building CXX object src/pke/CMakeFiles/pkeobj.dir/lib/scheme/bgvrns/bgvrns-multiparty.cpp.obj
2026-09-05T14:29:41.9272075Z [ 70%] Building CXX object src/pke/CMakeFiles/pkeobj.dir/lib/scheme/bgvrns/bgvrns-parametergeneration.cpp.obj
2026-09-05T14:29:45.7567723Z [ 70%] Building CXX object src/pke/CMakeFiles/pkeobj.dir/lib/scheme/bgvrns/bgvrns-pke.cpp.obj
2026-09-05T14:29:46.4846873Z [ 71%] Building CXX object src/pke/CMakeFiles/pkeobj.dir/lib/scheme/bgvrns/bgvrns-scheme.cpp.obj
2026-09-05T14:29:50.3523518Z [ 72%] Building CXX object src/pke/CMakeFiles/pkeobj.dir/lib/scheme/ckksrns/ckksrns-advancedshe.cpp.obj
2026-09-05T14:29:52.9389491Z [ 73%] Building CXX object src/pke/CMakeFiles/pkeobj.dir/lib/scheme/ckksrns/ckksrns-cryptoparameters.cpp.obj
2026-09-05T14:29:55.9270813Z [ 74%] Building CXX object src/pke/CMakeFiles/pkeobj.dir/lib/scheme/ckksrns/ckksrns-fhe.cpp.obj
2026-09-05T14:29:57.5930425Z [ 75%] Building CXX object src/pke/CMakeFiles/pkeobj.dir/lib/scheme/ckksrns/ckksrns-leveledshe.cpp.obj
2026-09-05T14:30:03.7432653Z [ 76%] Building CXX object src/pke/CMakeFiles/pkeobj.dir/lib/scheme/ckksrns/ckksrns-multiparty.cpp.obj
2026-09-05T14:30:10.4189795Z [ 77%] Building CXX object src/pke/CMakeFiles/pkeobj.dir/lib/scheme/ckksrns/ckksrns-parametergeneration.cpp.obj
2026-09-05T14:30:11.4151880Z [ 78%] Building CXX object src/pke/CMakeFiles/pkeobj.dir/lib/scheme/ckksrns/ckksrns-pke.cpp.obj
2026-09-05T14:30:14.2989126Z [ 79%] Building CXX object src/pke/CMakeFiles/pkeobj.dir/lib/scheme/ckksrns/ckksrns-scheme.cpp.obj
2026-09-05T14:30:16.3727457Z [ 79%] Building CXX object src/pke/CMakeFiles/pkeobj.dir/lib/scheme/ckksrns/ckksrns-schemeswitching.cpp.obj
2026-09-05T14:30:21.2320867Z [ 80%] Building CXX object src/pke/CMakeFiles/pkeobj.dir/lib/scheme/ckksrns/ckksrns-utils.cpp.obj
2026-09-05T14:30:26.4505624Z [ 81%] Building CXX object src/pke/CMakeFiles/pkeobj.dir/lib/scheme/gen-cryptocontext-params-impl.cpp.obj
2026-09-05T14:30:27.6804633Z [ 82%] Building CXX object src/pke/CMakeFiles/pkeobj.dir/lib/scheme/gen-cryptocontext-params-validation.cpp.obj
2026-09-05T14:30:28.8608184Z [ 83%] Building CXX object src/pke/CMakeFiles/pkeobj.dir/lib/scheme/scheme-id-impl.cpp.obj
2026-09-05T14:30:29.7791589Z [ 84%] Building CXX object src/pke/CMakeFiles/pkeobj.dir/lib/scheme/scheme-swch-params.cpp.obj
2026-09-05T14:30:31.0932746Z [ 85%] Building CXX object src/pke/CMakeFiles/pkeobj.dir/lib/schemebase/base-advancedshe.cpp.obj
2026-09-05T14:30:31.2548006Z [ 86%] Building CXX object src/pke/CMakeFiles/pkeobj.dir/lib/schemebase/base-cryptoparameters.cpp.obj
2026-09-05T14:30:33.3745381Z [ 87%] Building CXX object src/pke/CMakeFiles/pkeobj.dir/lib/schemebase/base-fhe.cpp.obj
2026-09-05T14:30:36.0868313Z [ 88%] Building CXX object src/pke/CMakeFiles/pkeobj.dir/lib/schemebase/base-leveledshe.cpp.obj
2026-09-05T14:30:38.8523021Z [ 88%] Building CXX object src/pke/CMakeFiles/pkeobj.dir/lib/schemebase/base-multiparty.cpp.obj
2026-09-05T14:30:43.3161676Z [ 89%] Building CXX object src/pke/CMakeFiles/pkeobj.dir/lib/schemebase/base-parametergeneration.cpp.obj
2026-09-05T14:30:45.0317431Z [ 90%] Building CXX object src/pke/CMakeFiles/pkeobj.dir/lib/schemebase/base-pke.cpp.obj
2026-09-05T14:30:45.3467410Z [ 91%] Building CXX object src/pke/CMakeFiles/pkeobj.dir/lib/schemebase/base-pre.cpp.obj
2026-09-05T14:30:50.6429484Z [ 92%] Building CXX object src/pke/CMakeFiles/pkeobj.dir/lib/schemebase/base-scheme.cpp.obj
2026-09-05T14:30:51.2540825Z [ 93%] Building CXX object src/pke/CMakeFiles/pkeobj.dir/lib/schemebase/rlwe-cryptoparameters-impl.cpp.obj
2026-09-05T14:30:53.4217780Z [ 94%] Building CXX object src/pke/CMakeFiles/pkeobj.dir/lib/schemelet/rlwe-mp.cpp.obj
2026-09-05T14:30:57.4542615Z [ 95%] Building CXX object src/pke/CMakeFiles/pkeobj.dir/lib/schemerns/rns-cryptoparameters.cpp.obj
2026-09-05T14:30:59.5667019Z [ 96%] Building CXX object src/pke/CMakeFiles/pkeobj.dir/lib/schemerns/rns-leveledshe.cpp.obj
2026-09-05T14:31:02.7047159Z [ 97%] Building CXX object src/pke/CMakeFiles/pkeobj.dir/lib/schemerns/rns-multiparty.cpp.obj
2026-09-05T14:31:05.7526394Z [ 98%] Building CXX object src/pke/CMakeFiles/pkeobj.dir/lib/schemerns/rns-pke.cpp.obj
2026-09-05T14:31:11.0739846Z [ 98%] Built target pkeobj
2026-09-05T14:31:11.2088646Z [100%] Linking CXX shared library ../../lib/libOPENFHEpke.dll
2026-09-05T14:31:12.0357164Z [100%] Built target OPENFHEpke
2026-09-05T14:31:12.1416668Z -- Install configuration: "Release"
2026-09-05T14:31:12.1428801Z -- Installing: C:/openfhe-2023-1788/openfhe-install/include/openfhe/core/config_core.h
2026-09-05T14:31:12.1440000Z -- Installing: C:/openfhe-2023-1788/openfhe-install/include/openfhe/cereal
2026-09-05T14:31:12.1447711Z -- Installing: C:/openfhe-2023-1788/openfhe-install/include/openfhe/cereal/access.hpp
2026-09-05T14:31:12.1456174Z -- Installing: C:/openfhe-2023-1788/openfhe-install/include/openfhe/cereal/archives
2026-09-05T14:31:12.1464222Z -- Installing: C:/openfhe-2023-1788/openfhe-install/include/openfhe/cereal/archives/adapters.hpp
2026-09-05T14:31:12.1472755Z -- Installing: C:/openfhe-2023-1788/openfhe-install/include/openfhe/cereal/archives/binary.hpp
2026-09-05T14:31:12.1481207Z -- Installing: C:/openfhe-2023-1788/openfhe-install/include/openfhe/cereal/archives/json.hpp
2026-09-05T14:31:12.1490552Z -- Installing: C:/openfhe-2023-1788/openfhe-install/include/openfhe/cereal/archives/portable_binary.hpp
2026-09-05T14:31:12.1499085Z -- Installing: C:/openfhe-2023-1788/openfhe-install/include/openfhe/cereal/archives/xml.hpp
2026-09-05T14:31:12.1508225Z -- Installing: C:/openfhe-2023-1788/openfhe-install/include/openfhe/cereal/cereal.hpp
2026-09-05T14:31:12.1517582Z -- Installing: C:/openfhe-2023-1788/openfhe-install/include/openfhe/cereal/details
2026-09-05T14:31:12.1525677Z -- Installing: C:/openfhe-2023-1788/openfhe-install/include/openfhe/cereal/details/helpers.hpp
2026-09-05T14:31:12.1534150Z -- Installing: C:/openfhe-2023-1788/openfhe-install/include/openfhe/cereal/details/polymorphic_impl.hpp
2026-09-05T14:31:12.1543725Z -- Installing: C:/openfhe-2023-1788/openfhe-install/include/openfhe/cereal/details/polymorphic_impl_fwd.hpp
2026-09-05T14:31:12.1551927Z -- Installing: C:/openfhe-2023-1788/openfhe-install/include/openfhe/cereal/details/static_object.hpp
2026-09-05T14:31:12.1641517Z -- Installing: C:/openfhe-2023-1788/openfhe-install/include/openfhe/cereal/details/traits.hpp
2026-09-05T14:31:12.1651448Z -- Installing: C:/openfhe-2023-1788/openfhe-install/include/openfhe/cereal/details/util.hpp
2026-09-05T14:31:12.1659369Z -- Installing: C:/openfhe-2023-1788/openfhe-install/include/openfhe/cereal/external
2026-09-05T14:31:12.1667155Z -- Installing: C:/openfhe-2023-1788/openfhe-install/include/openfhe/cereal/external/base64.hpp
2026-09-05T14:31:12.1675857Z -- Installing: C:/openfhe-2023-1788/openfhe-install/include/openfhe/cereal/external/LICENSE
2026-09-05T14:31:12.1684124Z -- Installing: C:/openfhe-2023-1788/openfhe-install/include/openfhe/cereal/external/rapidjson
2026-09-05T14:31:12.1692704Z -- Installing: C:/openfhe-2023-1788/openfhe-install/include/openfhe/cereal/external/rapidjson/allocators.h
2026-09-05T14:31:12.1703437Z -- Installing: C:/openfhe-2023-1788/openfhe-install/include/openfhe/cereal/external/rapidjson/cursorstreamwrapper.h
2026-09-05T14:31:12.1711661Z -- Installing: C:/openfhe-2023-1788/openfhe-install/include/openfhe/cereal/external/rapidjson/document.h
2026-09-05T14:31:12.1722145Z -- Installing: C:/openfhe-2023-1788/openfhe-install/include/openfhe/cereal/external/rapidjson/encodedstream.h
2026-09-05T14:31:12.1753655Z -- Installing: C:/openfhe-2023-1788/openfhe-install/include/openfhe/cereal/external/rapidjson/encodings.h
2026-09-05T14:31:12.1762428Z -- Installing: C:/openfhe-2023-1788/openfhe-install/include/openfhe/cereal/external/rapidjson/error
2026-09-05T14:31:12.1771739Z -- Installing: C:/openfhe-2023-1788/openfhe-install/include/openfhe/cereal/external/rapidjson/error/en.h
2026-09-05T14:31:12.1779966Z -- Installing: C:/openfhe-2023-1788/openfhe-install/include/openfhe/cereal/external/rapidjson/error/error.h
2026-09-05T14:31:12.1789547Z -- Installing: C:/openfhe-2023-1788/openfhe-install/include/openfhe/cereal/external/rapidjson/filereadstream.h
2026-09-05T14:31:12.1797820Z -- Installing: C:/openfhe-2023-1788/openfhe-install/include/openfhe/cereal/external/rapidjson/filewritestream.h
2026-09-05T14:31:12.1806189Z -- Installing: C:/openfhe-2023-1788/openfhe-install/include/openfhe/cereal/external/rapidjson/fwd.h
2026-09-05T14:31:12.1814282Z -- Installing: C:/openfhe-2023-1788/openfhe-install/include/openfhe/cereal/external/rapidjson/internal
2026-09-05T14:31:12.1823350Z -- Installing: C:/openfhe-2023-1788/openfhe-install/include/openfhe/cereal/external/rapidjson/internal/biginteger.h
2026-09-05T14:31:12.1831806Z -- Installing: C:/openfhe-2023-1788/openfhe-install/include/openfhe/cereal/external/rapidjson/internal/diyfp.h
2026-09-05T14:31:12.1840510Z -- Installing: C:/openfhe-2023-1788/openfhe-install/include/openfhe/cereal/external/rapidjson/internal/dtoa.h
2026-09-05T14:31:12.1849074Z -- Installing: C:/openfhe-2023-1788/openfhe-install/include/openfhe/cereal/external/rapidjson/internal/ieee754.h
2026-09-05T14:31:12.1857577Z -- Installing: C:/openfhe-2023-1788/openfhe-install/include/openfhe/cereal/external/rapidjson/internal/itoa.h
2026-09-05T14:31:12.1866044Z -- Installing: C:/openfhe-2023-1788/openfhe-install/include/openfhe/cereal/external/rapidjson/internal/meta.h
2026-09-05T14:31:12.1900086Z -- Installing: C:/openfhe-2023-1788/openfhe-install/include/openfhe/cereal/external/rapidjson/internal/pow10.h
2026-09-05T14:31:12.1908381Z -- Installing: C:/openfhe-2023-1788/openfhe-install/include/openfhe/cereal/external/rapidjson/internal/regex.h
2026-09-05T14:31:12.1918135Z -- Installing: C:/openfhe-2023-1788/openfhe-install/include/openfhe/cereal/external/rapidjson/internal/stack.h
2026-09-05T14:31:12.1925700Z -- Installing: C:/openfhe-2023-1788/openfhe-install/include/openfhe/cereal/external/rapidjson/internal/strfunc.h
2026-09-05T14:31:12.1933506Z -- Installing: C:/openfhe-2023-1788/openfhe-install/include/openfhe/cereal/external/rapidjson/internal/strtod.h
2026-09-05T14:31:12.1941778Z -- Installing: C:/openfhe-2023-1788/openfhe-install/include/openfhe/cereal/external/rapidjson/internal/swap.h
2026-09-05T14:31:12.1949682Z -- Installing: C:/openfhe-2023-1788/openfhe-install/include/openfhe/cereal/external/rapidjson/istreamwrapper.h
2026-09-05T14:31:12.1957781Z -- Installing: C:/openfhe-2023-1788/openfhe-install/include/openfhe/cereal/external/rapidjson/LICENSE
2026-09-05T14:31:12.1965471Z -- Installing: C:/openfhe-2023-1788/openfhe-install/include/openfhe/cereal/external/rapidjson/memorybuffer.h
2026-09-05T14:31:12.1973524Z -- Installing: C:/openfhe-2023-1788/openfhe-install/include/openfhe/cereal/external/rapidjson/memorystream.h
2026-09-05T14:31:12.1981208Z -- Installing: C:/openfhe-2023-1788/openfhe-install/include/openfhe/cereal/external/rapidjson/msinttypes
2026-09-05T14:31:12.1989710Z -- Installing: C:/openfhe-2023-1788/openfhe-install/include/openfhe/cereal/external/rapidjson/msinttypes/inttypes.h
2026-09-05T14:31:12.1998011Z -- Installing: C:/openfhe-2023-1788/openfhe-install/include/openfhe/cereal/external/rapidjson/msinttypes/LICENSE
2026-09-05T14:31:12.2006115Z -- Installing: C:/openfhe-2023-1788/openfhe-install/include/openfhe/cereal/external/rapidjson/msinttypes/stdint.h
2026-09-05T14:31:12.2014841Z -- Installing: C:/openfhe-2023-1788/openfhe-install/include/openfhe/cereal/external/rapidjson/ostreamwrapper.h
2026-09-05T14:31:12.2022750Z -- Installing: C:/openfhe-2023-1788/openfhe-install/include/openfhe/cereal/external/rapidjson/pointer.h
2026-09-05T14:31:12.2032049Z -- Installing: C:/openfhe-2023-1788/openfhe-install/include/openfhe/cereal/external/rapidjson/prettywriter.h
2026-09-05T14:31:12.2040280Z -- Installing: C:/openfhe-2023-1788/openfhe-install/include/openfhe/cereal/external/rapidjson/rapidjson.h
2026-09-05T14:31:12.2048809Z -- Installing: C:/openfhe-2023-1788/openfhe-install/include/openfhe/cereal/external/rapidjson/reader.h
2026-09-05T14:31:12.2058414Z -- Installing: C:/openfhe-2023-1788/openfhe-install/include/openfhe/cereal/external/rapidjson/schema.h
2026-09-05T14:31:12.2068482Z -- Installing: C:/openfhe-2023-1788/openfhe-install/include/openfhe/cereal/external/rapidjson/stream.h
2026-09-05T14:31:12.2076709Z -- Installing: C:/openfhe-2023-1788/openfhe-install/include/openfhe/cereal/external/rapidjson/stringbuffer.h
2026-09-05T14:31:12.2084924Z -- Installing: C:/openfhe-2023-1788/openfhe-install/include/openfhe/cereal/external/rapidjson/writer.h
2026-09-05T14:31:12.2129573Z -- Installing: C:/openfhe-2023-1788/openfhe-install/include/openfhe/cereal/external/rapidxml
2026-09-05T14:31:12.2138108Z -- Installing: C:/openfhe-2023-1788/openfhe-install/include/openfhe/cereal/external/rapidxml/license.txt
2026-09-05T14:31:12.2146038Z -- Installing: C:/openfhe-2023-1788/openfhe-install/include/openfhe/cereal/external/rapidxml/manual.html
2026-09-05T14:31:12.2155630Z -- Installing: C:/openfhe-2023-1788/openfhe-install/include/openfhe/cereal/external/rapidxml/rapidxml.hpp
2026-09-05T14:31:12.2167040Z -- Installing: C:/openfhe-2023-1788/openfhe-install/include/openfhe/cereal/external/rapidxml/rapidxml_iterators.hpp
2026-09-05T14:31:12.2174933Z -- Installing: C:/openfhe-2023-1788/openfhe-install/include/openfhe/cereal/external/rapidxml/rapidxml_print.hpp
2026-09-05T14:31:12.2237996Z -- Installing: C:/openfhe-2023-1788/openfhe-install/include/openfhe/cereal/external/rapidxml/rapidxml_utils.hpp
2026-09-05T14:31:12.2246687Z -- Installing: C:/openfhe-2023-1788/openfhe-install/include/openfhe/cereal/macros.hpp
2026-09-05T14:31:12.2255126Z -- Installing: C:/openfhe-2023-1788/openfhe-install/include/openfhe/cereal/specialize.hpp
2026-09-05T14:31:12.2287773Z -- Installing: C:/openfhe-2023-1788/openfhe-install/include/openfhe/cereal/types
2026-09-05T14:31:12.2296208Z -- Installing: C:/openfhe-2023-1788/openfhe-install/include/openfhe/cereal/types/array.hpp
2026-09-05T14:31:12.2304255Z -- Installing: C:/openfhe-2023-1788/openfhe-install/include/openfhe/cereal/types/atomic.hpp
2026-09-05T14:31:12.2312296Z -- Installing: C:/openfhe-2023-1788/openfhe-install/include/openfhe/cereal/types/base_class.hpp
2026-09-05T14:31:12.2320567Z -- Installing: C:/openfhe-2023-1788/openfhe-install/include/openfhe/cereal/types/bitset.hpp
2026-09-05T14:31:12.2330345Z -- Installing: C:/openfhe-2023-1788/openfhe-install/include/openfhe/cereal/types/boost_variant.hpp
2026-09-05T14:31:12.2367383Z -- Installing: C:/openfhe-2023-1788/openfhe-install/include/openfhe/cereal/types/chrono.hpp
2026-09-05T14:31:12.2376775Z -- Installing: C:/openfhe-2023-1788/openfhe-install/include/openfhe/cereal/types/common.hpp
2026-09-05T14:31:12.2384935Z -- Installing: C:/openfhe-2023-1788/openfhe-install/include/openfhe/cereal/types/complex.hpp
2026-09-05T14:31:12.2392675Z -- Installing: C:/openfhe-2023-1788/openfhe-install/include/openfhe/cereal/types/concepts
2026-09-05T14:31:12.2401151Z -- Installing: C:/openfhe-2023-1788/openfhe-install/include/openfhe/cereal/types/concepts/pair_associative_container.hpp
2026-09-05T14:31:12.2409156Z -- Installing: C:/openfhe-2023-1788/openfhe-install/include/openfhe/cereal/types/deque.hpp
2026-09-05T14:31:12.2417526Z -- Installing: C:/openfhe-2023-1788/openfhe-install/include/openfhe/cereal/types/forward_list.hpp
2026-09-05T14:31:12.2425166Z -- Installing: C:/openfhe-2023-1788/openfhe-install/include/openfhe/cereal/types/functional.hpp
2026-09-05T14:31:12.2433232Z -- Installing: C:/openfhe-2023-1788/openfhe-install/include/openfhe/cereal/types/list.hpp
2026-09-05T14:31:12.2440981Z -- Installing: C:/openfhe-2023-1788/openfhe-install/include/openfhe/cereal/types/map.hpp
2026-09-05T14:31:12.2448952Z -- Installing: C:/openfhe-2023-1788/openfhe-install/include/openfhe/cereal/types/memory.hpp
2026-09-05T14:31:12.2457322Z -- Installing: C:/openfhe-2023-1788/openfhe-install/include/openfhe/cereal/types/optional.hpp
2026-09-05T14:31:12.2465498Z -- Installing: C:/openfhe-2023-1788/openfhe-install/include/openfhe/cereal/types/polymorphic.hpp
2026-09-05T14:31:12.2473936Z -- Installing: C:/openfhe-2023-1788/openfhe-install/include/openfhe/cereal/types/queue.hpp
2026-09-05T14:31:12.2483899Z -- Installing: C:/openfhe-2023-1788/openfhe-install/include/openfhe/cereal/types/set.hpp
2026-09-05T14:31:12.2493138Z -- Installing: C:/openfhe-2023-1788/openfhe-install/include/openfhe/cereal/types/stack.hpp
2026-09-05T14:31:12.2501564Z -- Installing: C:/openfhe-2023-1788/openfhe-install/include/openfhe/cereal/types/string.hpp
2026-09-05T14:31:12.2509684Z -- Installing: C:/openfhe-2023-1788/openfhe-install/include/openfhe/cereal/types/tuple.hpp
2026-09-05T14:31:12.2518215Z -- Installing: C:/openfhe-2023-1788/openfhe-install/include/openfhe/cereal/types/unordered_map.hpp
2026-09-05T14:31:12.2637900Z -- Installing: C:/openfhe-2023-1788/openfhe-install/include/openfhe/cereal/types/unordered_set.hpp
2026-09-05T14:31:12.2641449Z -- Installing: C:/openfhe-2023-1788/openfhe-install/include/openfhe/cereal/types/utility.hpp
2026-09-05T14:31:12.2642913Z -- Installing: C:/openfhe-2023-1788/openfhe-install/include/openfhe/cereal/types/valarray.hpp
2026-09-05T14:31:12.2644006Z -- Installing: C:/openfhe-2023-1788/openfhe-install/include/openfhe/cereal/types/variant.hpp
2026-09-05T14:31:12.2644690Z -- Installing: C:/openfhe-2023-1788/openfhe-install/include/openfhe/cereal/types/vector.hpp
2026-09-05T14:31:12.2645322Z -- Installing: C:/openfhe-2023-1788/openfhe-install/include/openfhe/cereal/version.hpp
2026-09-05T14:31:12.2645895Z -- Installing: C:/openfhe-2023-1788/openfhe-install/lib/libOPENFHEcore.dll.a
2026-09-05T14:31:12.2658827Z -- Installing: C:/openfhe-2023-1788/openfhe-install/lib/libOPENFHEcore.dll
2026-09-05T14:31:12.2718430Z -- Installing: C:/openfhe-2023-1788/openfhe-install/include/openfhe/core/lattice
2026-09-05T14:31:12.2726796Z -- Installing: C:/openfhe-2023-1788/openfhe-install/include/openfhe/core/lattice/constants-lattice.h
2026-09-05T14:31:12.2734683Z -- Installing: C:/openfhe-2023-1788/openfhe-install/include/openfhe/core/lattice/dgsampling-impl.h
2026-09-05T14:31:12.2747113Z -- Installing: C:/openfhe-2023-1788/openfhe-install/include/openfhe/core/lattice/dgsampling.h
2026-09-05T14:31:12.2755284Z -- Installing: C:/openfhe-2023-1788/openfhe-install/include/openfhe/core/lattice/field2n-impl.h
2026-09-05T14:31:12.2803291Z -- Installing: C:/openfhe-2023-1788/openfhe-install/include/openfhe/core/lattice/field2n.h
2026-09-05T14:31:12.2813930Z -- Installing: C:/openfhe-2023-1788/openfhe-install/include/openfhe/core/lattice/hal
2026-09-05T14:31:12.2821981Z -- Installing: C:/openfhe-2023-1788/openfhe-install/include/openfhe/core/lattice/hal/dcrtpoly-interface.h
2026-09-05T14:31:12.2830442Z -- Installing: C:/openfhe-2023-1788/openfhe-install/include/openfhe/core/lattice/hal/default
2026-09-05T14:31:12.2842019Z -- Installing: C:/openfhe-2023-1788/openfhe-install/include/openfhe/core/lattice/hal/default/dcrtpoly-impl.h
2026-09-05T14:31:12.2851846Z -- Installing: C:/openfhe-2023-1788/openfhe-install/include/openfhe/core/lattice/hal/default/dcrtpoly.h
2026-09-05T14:31:12.2860339Z -- Installing: C:/openfhe-2023-1788/openfhe-install/include/openfhe/core/lattice/hal/default/ildcrtparams.h
2026-09-05T14:31:12.2910249Z -- Installing: C:/openfhe-2023-1788/openfhe-install/include/openfhe/core/lattice/hal/default/ilparams.h
2026-09-05T14:31:12.2918882Z -- Installing: C:/openfhe-2023-1788/openfhe-install/include/openfhe/core/lattice/hal/default/poly-impl.h
2026-09-05T14:31:12.2950840Z -- Installing: C:/openfhe-2023-1788/openfhe-install/include/openfhe/core/lattice/hal/default/poly.h
2026-09-05T14:31:12.2962788Z -- Installing: C:/openfhe-2023-1788/openfhe-install/include/openfhe/core/lattice/hal/elemparams.h
2026-09-05T14:31:12.2971165Z -- Installing: C:/openfhe-2023-1788/openfhe-install/include/openfhe/core/lattice/hal/lat-backend.h
2026-09-05T14:31:12.3021040Z -- Installing: C:/openfhe-2023-1788/openfhe-install/include/openfhe/core/lattice/hal/poly-interface.h
2026-09-05T14:31:12.3029906Z -- Installing: C:/openfhe-2023-1788/openfhe-install/include/openfhe/core/lattice/hal/README.md
2026-09-05T14:31:12.3040286Z -- Installing: C:/openfhe-2023-1788/openfhe-install/include/openfhe/core/lattice/ilelement.h
2026-09-05T14:31:12.3048262Z -- Installing: C:/openfhe-2023-1788/openfhe-install/include/openfhe/core/lattice/lat-hal.h
2026-09-05T14:31:12.3056118Z -- Installing: C:/openfhe-2023-1788/openfhe-install/include/openfhe/core/lattice/matrix-lattice-impl.h
2026-09-05T14:31:12.3067126Z -- Installing: C:/openfhe-2023-1788/openfhe-install/include/openfhe/core/lattice/README.md
2026-09-05T14:31:12.3075220Z -- Installing: C:/openfhe-2023-1788/openfhe-install/include/openfhe/core/lattice/stdlatticeparms.h
2026-09-05T14:31:12.3083231Z -- Installing: C:/openfhe-2023-1788/openfhe-install/include/openfhe/core/lattice/trapdoor-impl.h
2026-09-05T14:31:12.3091457Z -- Installing: C:/openfhe-2023-1788/openfhe-install/include/openfhe/core/lattice/trapdoor.h
2026-09-05T14:31:12.3104526Z -- Installing: C:/openfhe-2023-1788/openfhe-install/include/openfhe/core/lattice/trapdoorparameters.h
2026-09-05T14:31:12.3113295Z -- Installing: C:/openfhe-2023-1788/openfhe-install/include/openfhe/core/math
2026-09-05T14:31:12.3121383Z -- Installing: C:/openfhe-2023-1788/openfhe-install/include/openfhe/core/math/binaryuniformgenerator-impl.h
2026-09-05T14:31:12.3132343Z -- Installing: C:/openfhe-2023-1788/openfhe-install/include/openfhe/core/math/binaryuniformgenerator.h
2026-09-05T14:31:12.3140054Z -- Installing: C:/openfhe-2023-1788/openfhe-install/include/openfhe/core/math/chebyshev.h
2026-09-05T14:31:12.3175555Z -- Installing: C:/openfhe-2023-1788/openfhe-install/include/openfhe/core/math/dftransform.h
2026-09-05T14:31:12.3184468Z -- Installing: C:/openfhe-2023-1788/openfhe-install/include/openfhe/core/math/discretegaussiangenerator-impl.h
2026-09-05T14:31:12.3196797Z -- Installing: C:/openfhe-2023-1788/openfhe-install/include/openfhe/core/math/discretegaussiangenerator.h
2026-09-05T14:31:12.3205092Z -- Installing: C:/openfhe-2023-1788/openfhe-install/include/openfhe/core/math/discretegaussiangeneratorgeneric.h
2026-09-05T14:31:12.3213233Z -- Installing: C:/openfhe-2023-1788/openfhe-install/include/openfhe/core/math/discreteuniformgenerator-impl.h
2026-09-05T14:31:12.3221393Z -- Installing: C:/openfhe-2023-1788/openfhe-install/include/openfhe/core/math/discreteuniformgenerator.h
2026-09-05T14:31:12.3231945Z -- Installing: C:/openfhe-2023-1788/openfhe-install/include/openfhe/core/math/distrgen.h
2026-09-05T14:31:12.3239843Z -- Installing: C:/openfhe-2023-1788/openfhe-install/include/openfhe/core/math/distributiongenerator.h
2026-09-05T14:31:12.3247284Z -- Installing: C:/openfhe-2023-1788/openfhe-install/include/openfhe/core/math/hal
2026-09-05T14:31:12.3255502Z -- Installing: C:/openfhe-2023-1788/openfhe-install/include/openfhe/core/math/hal/basicint.h
2026-09-05T14:31:12.3267351Z -- Installing: C:/openfhe-2023-1788/openfhe-install/include/openfhe/core/math/hal/bigintbackend.h
2026-09-05T14:31:12.3274967Z -- Installing: C:/openfhe-2023-1788/openfhe-install/include/openfhe/core/math/hal/bigintdyn
2026-09-05T14:31:12.3283358Z -- Installing: C:/openfhe-2023-1788/openfhe-install/include/openfhe/core/math/hal/bigintdyn/backenddyn.h
2026-09-05T14:31:12.3290992Z -- Installing: C:/openfhe-2023-1788/openfhe-install/include/openfhe/core/math/hal/bigintdyn/mubintvecdyn.h
2026-09-05T14:31:12.3302297Z -- Installing: C:/openfhe-2023-1788/openfhe-install/include/openfhe/core/math/hal/bigintdyn/transformdyn-impl.h
2026-09-05T14:31:12.3333945Z -- Installing: C:/openfhe-2023-1788/openfhe-install/include/openfhe/core/math/hal/bigintdyn/transformdyn.h
2026-09-05T14:31:12.3342522Z -- Installing: C:/openfhe-2023-1788/openfhe-install/include/openfhe/core/math/hal/bigintdyn/ubintdyn.h
2026-09-05T14:31:12.3350652Z -- Installing: C:/openfhe-2023-1788/openfhe-install/include/openfhe/core/math/hal/bigintfxd
2026-09-05T14:31:12.3388323Z -- Installing: C:/openfhe-2023-1788/openfhe-install/include/openfhe/core/math/hal/bigintfxd/backendfxd.h
2026-09-05T14:31:12.3396922Z -- Installing: C:/openfhe-2023-1788/openfhe-install/include/openfhe/core/math/hal/bigintfxd/mubintvecfxd.h
2026-09-05T14:31:12.3405268Z -- Installing: C:/openfhe-2023-1788/openfhe-install/include/openfhe/core/math/hal/bigintfxd/transformfxd-impl.h
2026-09-05T14:31:12.3443627Z -- Installing: C:/openfhe-2023-1788/openfhe-install/include/openfhe/core/math/hal/bigintfxd/transformfxd.h
2026-09-05T14:31:12.3452094Z -- Installing: C:/openfhe-2023-1788/openfhe-install/include/openfhe/core/math/hal/bigintfxd/ubintfxd.h
2026-09-05T14:31:12.3460803Z -- Installing: C:/openfhe-2023-1788/openfhe-install/include/openfhe/core/math/hal/bigintntl
2026-09-05T14:31:12.3472328Z -- Installing: C:/openfhe-2023-1788/openfhe-install/include/openfhe/core/math/hal/bigintntl/backendntl.h
2026-09-05T14:31:12.3479935Z -- Installing: C:/openfhe-2023-1788/openfhe-install/include/openfhe/core/math/hal/bigintntl/mubintvecntl.h
2026-09-05T14:31:12.3488325Z -- Installing: C:/openfhe-2023-1788/openfhe-install/include/openfhe/core/math/hal/bigintntl/transformntl-impl.h
2026-09-05T14:31:12.3524411Z -- Installing: C:/openfhe-2023-1788/openfhe-install/include/openfhe/core/math/hal/bigintntl/transformntl.h
2026-09-05T14:31:12.3532869Z -- Installing: C:/openfhe-2023-1788/openfhe-install/include/openfhe/core/math/hal/bigintntl/ubintntl.h
2026-09-05T14:31:12.3541965Z -- Installing: C:/openfhe-2023-1788/openfhe-install/include/openfhe/core/math/hal/integer.h
2026-09-05T14:31:12.3552647Z -- Installing: C:/openfhe-2023-1788/openfhe-install/include/openfhe/core/math/hal/intnat
2026-09-05T14:31:12.3561316Z -- Installing: C:/openfhe-2023-1788/openfhe-install/include/openfhe/core/math/hal/intnat/mubintvecnat.h
2026-09-05T14:31:12.3570048Z -- Installing: C:/openfhe-2023-1788/openfhe-install/include/openfhe/core/math/hal/intnat/transformnat-impl.h
2026-09-05T14:31:12.3617729Z -- Installing: C:/openfhe-2023-1788/openfhe-install/include/openfhe/core/math/hal/intnat/transformnat.h
2026-09-05T14:31:12.3625812Z -- Installing: C:/openfhe-2023-1788/openfhe-install/include/openfhe/core/math/hal/intnat/ubintnat.h
2026-09-05T14:31:12.3657622Z -- Installing: C:/openfhe-2023-1788/openfhe-install/include/openfhe/core/math/hal/nativeintbackend.h
2026-09-05T14:31:12.3668306Z -- Installing: C:/openfhe-2023-1788/openfhe-install/include/openfhe/core/math/hal/transform.h
2026-09-05T14:31:12.3677031Z -- Installing: C:/openfhe-2023-1788/openfhe-install/include/openfhe/core/math/hal/vector.h
2026-09-05T14:31:12.3685095Z -- Installing: C:/openfhe-2023-1788/openfhe-install/include/openfhe/core/math/hermite.h
2026-09-05T14:31:12.3695532Z -- Installing: C:/openfhe-2023-1788/openfhe-install/include/openfhe/core/math/math-hal.h
2026-09-05T14:31:12.3703653Z -- Installing: C:/openfhe-2023-1788/openfhe-install/include/openfhe/core/math/math_backends.md
2026-09-05T14:31:12.3711582Z -- Installing: C:/openfhe-2023-1788/openfhe-install/include/openfhe/core/math/matrix-impl.h
2026-09-05T14:31:12.3723162Z -- Installing: C:/openfhe-2023-1788/openfhe-install/include/openfhe/core/math/matrix.h
2026-09-05T14:31:12.3732256Z -- Installing: C:/openfhe-2023-1788/openfhe-install/include/openfhe/core/math/matrixstrassen-impl.h
2026-09-05T14:31:12.3741063Z -- Installing: C:/openfhe-2023-1788/openfhe-install/include/openfhe/core/math/matrixstrassen.h
2026-09-05T14:31:12.3749486Z -- Installing: C:/openfhe-2023-1788/openfhe-install/include/openfhe/core/math/nbtheory-impl.h
2026-09-05T14:31:12.3761305Z -- Installing: C:/openfhe-2023-1788/openfhe-install/include/openfhe/core/math/nbtheory.h
2026-09-05T14:31:12.3832681Z -- Installing: C:/openfhe-2023-1788/openfhe-install/include/openfhe/core/math/README.md
2026-09-05T14:31:12.3843889Z -- Installing: C:/openfhe-2023-1788/openfhe-install/include/openfhe/core/math/SAMPLING_README.md
2026-09-05T14:31:12.3852163Z -- Installing: C:/openfhe-2023-1788/openfhe-install/include/openfhe/core/math/ternaryuniformgenerator-impl.h
2026-09-05T14:31:12.3863481Z -- Installing: C:/openfhe-2023-1788/openfhe-install/include/openfhe/core/math/ternaryuniformgenerator.h
2026-09-05T14:31:12.3871225Z -- Installing: C:/openfhe-2023-1788/openfhe-install/include/openfhe/core/openfhecore.h
2026-09-05T14:31:12.3878752Z -- Installing: C:/openfhe-2023-1788/openfhe-install/include/openfhe/core/README.md
2026-09-05T14:31:12.3914803Z -- Installing: C:/openfhe-2023-1788/openfhe-install/include/openfhe/core/testdefs.h
2026-09-05T14:31:12.3922782Z -- Installing: C:/openfhe-2023-1788/openfhe-install/include/openfhe/core/utils
2026-09-05T14:31:12.3930398Z -- Installing: C:/openfhe-2023-1788/openfhe-install/include/openfhe/core/utils/blockAllocator
2026-09-05T14:31:12.3941833Z -- Installing: C:/openfhe-2023-1788/openfhe-install/include/openfhe/core/utils/blockAllocator/blockAllocator.h
2026-09-05T14:31:12.3949897Z -- Installing: C:/openfhe-2023-1788/openfhe-install/include/openfhe/core/utils/blockAllocator/README.md
2026-09-05T14:31:12.3957818Z -- Installing: C:/openfhe-2023-1788/openfhe-install/include/openfhe/core/utils/blockAllocator/stl_allocator.h
2026-09-05T14:31:12.3968894Z -- Installing: C:/openfhe-2023-1788/openfhe-install/include/openfhe/core/utils/blockAllocator/xallocator.h
2026-09-05T14:31:12.3998814Z -- Installing: C:/openfhe-2023-1788/openfhe-install/include/openfhe/core/utils/blockAllocator/xlist.h
2026-09-05T14:31:12.4007060Z -- Installing: C:/openfhe-2023-1788/openfhe-install/include/openfhe/core/utils/blockAllocator/xmap.h
2026-09-05T14:31:12.4018277Z -- Installing: C:/openfhe-2023-1788/openfhe-install/include/openfhe/core/utils/blockAllocator/xqueue.h
2026-09-05T14:31:12.4025947Z -- Installing: C:/openfhe-2023-1788/openfhe-install/include/openfhe/core/utils/blockAllocator/xset.h
2026-09-05T14:31:12.4033786Z -- Installing: C:/openfhe-2023-1788/openfhe-install/include/openfhe/core/utils/blockAllocator/xsstream.h
2026-09-05T14:31:12.4042335Z -- Installing: C:/openfhe-2023-1788/openfhe-install/include/openfhe/core/utils/blockAllocator/xstring.h
2026-09-05T14:31:12.4052624Z -- Installing: C:/openfhe-2023-1788/openfhe-install/include/openfhe/core/utils/blockAllocator/xvector.h
2026-09-05T14:31:12.4060382Z -- Installing: C:/openfhe-2023-1788/openfhe-install/include/openfhe/core/utils/caller_info.h
2026-09-05T14:31:12.4068006Z -- Installing: C:/openfhe-2023-1788/openfhe-install/include/openfhe/core/utils/debug.h
2026-09-05T14:31:12.4079302Z -- Installing: C:/openfhe-2023-1788/openfhe-install/include/openfhe/core/utils/demangle.h
2026-09-05T14:31:12.4087282Z -- Installing: C:/openfhe-2023-1788/openfhe-install/include/openfhe/core/utils/exception.h
2026-09-05T14:31:12.4121752Z -- Installing: C:/openfhe-2023-1788/openfhe-install/include/openfhe/core/utils/get-call-stack.h
2026-09-05T14:31:12.4133927Z -- Installing: C:/openfhe-2023-1788/openfhe-install/include/openfhe/core/utils/hashutil.h
2026-09-05T14:31:12.4141599Z -- Installing: C:/openfhe-2023-1788/openfhe-install/include/openfhe/core/utils/inttypes.h
2026-09-05T14:31:12.4149223Z -- Installing: C:/openfhe-2023-1788/openfhe-install/include/openfhe/core/utils/memory.h
2026-09-05T14:31:12.4160851Z -- Installing: C:/openfhe-2023-1788/openfhe-install/include/openfhe/core/utils/openfhebase64.h
2026-09-05T14:31:12.4168681Z -- Installing: C:/openfhe-2023-1788/openfhe-install/include/openfhe/core/utils/parallel.h
2026-09-05T14:31:12.4176579Z -- Installing: C:/openfhe-2023-1788/openfhe-install/include/openfhe/core/utils/prng
2026-09-05T14:31:12.4188256Z -- Installing: C:/openfhe-2023-1788/openfhe-install/include/openfhe/core/utils/prng/blake2-impl.h
2026-09-05T14:31:12.4195897Z -- Installing: C:/openfhe-2023-1788/openfhe-install/include/openfhe/core/utils/prng/blake2.h
2026-09-05T14:31:12.4204786Z -- Installing: C:/openfhe-2023-1788/openfhe-install/include/openfhe/core/utils/prng/blake2engine.h
2026-09-05T14:31:12.4248439Z -- Installing: C:/openfhe-2023-1788/openfhe-install/include/openfhe/core/utils/prng/CPPLINT.cfg
2026-09-05T14:31:12.4256209Z -- Installing: C:/openfhe-2023-1788/openfhe-install/include/openfhe/core/utils/prng/prng.h
2026-09-05T14:31:12.4289844Z -- Installing: C:/openfhe-2023-1788/openfhe-install/include/openfhe/core/utils/prng/README.md
2026-09-05T14:31:12.4300948Z -- Installing: C:/openfhe-2023-1788/openfhe-install/include/openfhe/core/utils/README.md
2026-09-05T14:31:12.4308509Z -- Installing: C:/openfhe-2023-1788/openfhe-install/include/openfhe/core/utils/serial.h
2026-09-05T14:31:12.4316702Z -- Installing: C:/openfhe-2023-1788/openfhe-install/include/openfhe/core/utils/serializable.h
2026-09-05T14:31:12.4327254Z -- Installing: C:/openfhe-2023-1788/openfhe-install/include/openfhe/core/utils/sertype.h
2026-09-05T14:31:12.4334914Z -- Installing: C:/openfhe-2023-1788/openfhe-install/include/openfhe/core/utils/type_name.h
2026-09-05T14:31:12.4342743Z -- Installing: C:/openfhe-2023-1788/openfhe-install/include/openfhe/core/utils/utilities-int.h
2026-09-05T14:31:12.4354927Z -- Installing: C:/openfhe-2023-1788/openfhe-install/include/openfhe/core/utils/utilities.h
2026-09-05T14:31:12.4363137Z -- Installing: C:/openfhe-2023-1788/openfhe-install/include/openfhe/core/version.h
2026-09-05T14:31:12.4376187Z -- Installing: C:/openfhe-2023-1788/openfhe-install/lib/libOPENFHEpke.dll.a
2026-09-05T14:31:12.4434363Z -- Installing: C:/openfhe-2023-1788/openfhe-install/lib/libOPENFHEpke.dll
2026-09-05T14:31:12.4533465Z -- Installing: C:/openfhe-2023-1788/openfhe-install/include/openfhe/pke
2026-09-05T14:31:12.4541029Z -- Installing: C:/openfhe-2023-1788/openfhe-install/include/openfhe/pke/ciphertext-fwd.h
2026-09-05T14:31:12.4552330Z -- Installing: C:/openfhe-2023-1788/openfhe-install/include/openfhe/pke/ciphertext-ser.h
2026-09-05T14:31:12.4560134Z -- Installing: C:/openfhe-2023-1788/openfhe-install/include/openfhe/pke/ciphertext.h
2026-09-05T14:31:12.4569058Z -- Installing: C:/openfhe-2023-1788/openfhe-install/include/openfhe/pke/constants-defs.h
2026-09-05T14:31:12.4604051Z -- Installing: C:/openfhe-2023-1788/openfhe-install/include/openfhe/pke/constants.h
2026-09-05T14:31:12.4612436Z -- Installing: C:/openfhe-2023-1788/openfhe-install/include/openfhe/pke/cryptocontext-fwd.h
2026-09-05T14:31:12.4620234Z -- Installing: C:/openfhe-2023-1788/openfhe-install/include/openfhe/pke/cryptocontext-ser.h
2026-09-05T14:31:12.4628295Z -- Installing: C:/openfhe-2023-1788/openfhe-install/include/openfhe/pke/cryptocontext.h
2026-09-05T14:31:12.4641887Z -- Installing: C:/openfhe-2023-1788/openfhe-install/include/openfhe/pke/cryptocontextfactory.h
2026-09-05T14:31:12.4650201Z -- Installing: C:/openfhe-2023-1788/openfhe-install/include/openfhe/pke/cryptoobject.h
2026-09-05T14:31:12.4658235Z -- Installing: C:/openfhe-2023-1788/openfhe-install/include/openfhe/pke/encoding
2026-09-05T14:31:12.4668986Z -- Installing: C:/openfhe-2023-1788/openfhe-install/include/openfhe/pke/encoding/ckkspackedencoding.h
2026-09-05T14:31:12.4677535Z -- Installing: C:/openfhe-2023-1788/openfhe-install/include/openfhe/pke/encoding/coefpackedencoding.h
2026-09-05T14:31:12.4685731Z -- Installing: C:/openfhe-2023-1788/openfhe-install/include/openfhe/pke/encoding/encodingparams.h
2026-09-05T14:31:12.4719187Z -- Installing: C:/openfhe-2023-1788/openfhe-install/include/openfhe/pke/encoding/encodings.h
2026-09-05T14:31:12.4727277Z -- Installing: C:/openfhe-2023-1788/openfhe-install/include/openfhe/pke/encoding/packedencoding.h
2026-09-05T14:31:12.4735521Z -- Installing: C:/openfhe-2023-1788/openfhe-install/include/openfhe/pke/encoding/plaintext-fwd.h
2026-09-05T14:31:12.4746432Z -- Installing: C:/openfhe-2023-1788/openfhe-install/include/openfhe/pke/encoding/plaintext.h
2026-09-05T14:31:12.4754588Z -- Installing: C:/openfhe-2023-1788/openfhe-install/include/openfhe/pke/encoding/plaintextfactory.h
2026-09-05T14:31:12.4762659Z -- Installing: C:/openfhe-2023-1788/openfhe-install/include/openfhe/pke/encoding/README.md
2026-09-05T14:31:12.4770539Z -- Installing: C:/openfhe-2023-1788/openfhe-install/include/openfhe/pke/encoding/stringencoding.h
2026-09-05T14:31:12.4781279Z -- Installing: C:/openfhe-2023-1788/openfhe-install/include/openfhe/pke/gen-cryptocontext.h
2026-09-05T14:31:12.4789565Z -- Installing: C:/openfhe-2023-1788/openfhe-install/include/openfhe/pke/globals.h
2026-09-05T14:31:12.4797082Z -- Installing: C:/openfhe-2023-1788/openfhe-install/include/openfhe/pke/key
2026-09-05T14:31:12.4804878Z -- Installing: C:/openfhe-2023-1788/openfhe-install/include/openfhe/pke/key/evalkey-fwd.h
2026-09-05T14:31:12.4815733Z -- Installing: C:/openfhe-2023-1788/openfhe-install/include/openfhe/pke/key/evalkey.h
2026-09-05T14:31:12.4823763Z -- Installing: C:/openfhe-2023-1788/openfhe-install/include/openfhe/pke/key/evalkeyrelin-fwd.h
2026-09-05T14:31:12.4832211Z -- Installing: C:/openfhe-2023-1788/openfhe-install/include/openfhe/pke/key/evalkeyrelin.h
2026-09-05T14:31:12.4865101Z -- Installing: C:/openfhe-2023-1788/openfhe-install/include/openfhe/pke/key/key-ser.h
2026-09-05T14:31:12.4876200Z -- Installing: C:/openfhe-2023-1788/openfhe-install/include/openfhe/pke/key/key.h
2026-09-05T14:31:12.4884476Z -- Installing: C:/openfhe-2023-1788/openfhe-install/include/openfhe/pke/key/keypair.h
2026-09-05T14:31:12.4892207Z -- Installing: C:/openfhe-2023-1788/openfhe-install/include/openfhe/pke/key/privatekey-fwd.h
2026-09-05T14:31:12.4900122Z -- Installing: C:/openfhe-2023-1788/openfhe-install/include/openfhe/pke/key/privatekey.h
2026-09-05T14:31:12.4914595Z -- Installing: C:/openfhe-2023-1788/openfhe-install/include/openfhe/pke/key/publickey-fwd.h
2026-09-05T14:31:12.4922242Z -- Installing: C:/openfhe-2023-1788/openfhe-install/include/openfhe/pke/key/publickey.h
2026-09-05T14:31:12.4930309Z -- Installing: C:/openfhe-2023-1788/openfhe-install/include/openfhe/pke/key/README.md
2026-09-05T14:31:12.4942053Z -- Installing: C:/openfhe-2023-1788/openfhe-install/include/openfhe/pke/keyswitch
2026-09-05T14:31:12.4949647Z -- Installing: C:/openfhe-2023-1788/openfhe-install/include/openfhe/pke/keyswitch/keyswitch-base.h
2026-09-05T14:31:12.4957926Z -- Installing: C:/openfhe-2023-1788/openfhe-install/include/openfhe/pke/keyswitch/keyswitch-bv.h
2026-09-05T14:31:12.4998669Z -- Installing: C:/openfhe-2023-1788/openfhe-install/include/openfhe/pke/keyswitch/keyswitch-hybrid.h
2026-09-05T14:31:12.5031237Z -- Installing: C:/openfhe-2023-1788/openfhe-install/include/openfhe/pke/keyswitch/keyswitch-rns.h
2026-09-05T14:31:12.5039542Z -- Installing: C:/openfhe-2023-1788/openfhe-install/include/openfhe/pke/keyswitch/README.md
2026-09-05T14:31:12.5051645Z -- Installing: C:/openfhe-2023-1788/openfhe-install/include/openfhe/pke/metadata-ser.h
2026-09-05T14:31:12.5059546Z -- Installing: C:/openfhe-2023-1788/openfhe-install/include/openfhe/pke/metadata.h
2026-09-05T14:31:12.5067791Z -- Installing: C:/openfhe-2023-1788/openfhe-install/include/openfhe/pke/openfhe.h
2026-09-05T14:31:12.5078673Z -- Installing: C:/openfhe-2023-1788/openfhe-install/include/openfhe/pke/README.md
2026-09-05T14:31:12.5086173Z -- Installing: C:/openfhe-2023-1788/openfhe-install/include/openfhe/pke/scheme
2026-09-05T14:31:12.5093518Z -- Installing: C:/openfhe-2023-1788/openfhe-install/include/openfhe/pke/scheme/bfvrns
2026-09-05T14:31:12.5101609Z -- Installing: C:/openfhe-2023-1788/openfhe-install/include/openfhe/pke/scheme/bfvrns/bfvrns-advancedshe.h
2026-09-05T14:31:12.5113563Z -- Installing: C:/openfhe-2023-1788/openfhe-install/include/openfhe/pke/scheme/bfvrns/bfvrns-cryptoparameters.h
2026-09-05T14:31:12.5121652Z -- Installing: C:/openfhe-2023-1788/openfhe-install/include/openfhe/pke/scheme/bfvrns/bfvrns-fhe.h
2026-09-05T14:31:12.5153465Z -- Installing: C:/openfhe-2023-1788/openfhe-install/include/openfhe/pke/scheme/bfvrns/bfvrns-leveledshe.h
2026-09-05T14:31:12.5161795Z -- Installing: C:/openfhe-2023-1788/openfhe-install/include/openfhe/pke/scheme/bfvrns/bfvrns-multiparty.h
2026-09-05T14:31:12.5174389Z -- Installing: C:/openfhe-2023-1788/openfhe-install/include/openfhe/pke/scheme/bfvrns/bfvrns-parametergeneration.h
2026-09-05T14:31:12.5182269Z -- Installing: C:/openfhe-2023-1788/openfhe-install/include/openfhe/pke/scheme/bfvrns/bfvrns-pke.h
2026-09-05T14:31:12.5190663Z -- Installing: C:/openfhe-2023-1788/openfhe-install/include/openfhe/pke/scheme/bfvrns/bfvrns-pre.h
2026-09-05T14:31:12.5202191Z -- Installing: C:/openfhe-2023-1788/openfhe-install/include/openfhe/pke/scheme/bfvrns/bfvrns-scheme.h
2026-09-05T14:31:12.5209930Z -- Installing: C:/openfhe-2023-1788/openfhe-install/include/openfhe/pke/scheme/bfvrns/bfvrns-ser.h
2026-09-05T14:31:12.5218013Z -- Installing: C:/openfhe-2023-1788/openfhe-install/include/openfhe/pke/scheme/bfvrns/gen-cryptocontext-bfvrns-internal.h
2026-09-05T14:31:12.5230509Z -- Installing: C:/openfhe-2023-1788/openfhe-install/include/openfhe/pke/scheme/bfvrns/gen-cryptocontext-bfvrns-params.h
2026-09-05T14:31:12.5239042Z -- Installing: C:/openfhe-2023-1788/openfhe-install/include/openfhe/pke/scheme/bfvrns/gen-cryptocontext-bfvrns.h
2026-09-05T14:31:12.5246962Z -- Installing: C:/openfhe-2023-1788/openfhe-install/include/openfhe/pke/scheme/bgvrns
2026-09-05T14:31:12.5258218Z -- Installing: C:/openfhe-2023-1788/openfhe-install/include/openfhe/pke/scheme/bgvrns/bgvrns-advancedshe.h
2026-09-05T14:31:12.5266284Z -- Installing: C:/openfhe-2023-1788/openfhe-install/include/openfhe/pke/scheme/bgvrns/bgvrns-cryptoparameters.h
2026-09-05T14:31:12.5274869Z -- Installing: C:/openfhe-2023-1788/openfhe-install/include/openfhe/pke/scheme/bgvrns/bgvrns-fhe.h
2026-09-05T14:31:12.5326207Z -- Installing: C:/openfhe-2023-1788/openfhe-install/include/openfhe/pke/scheme/bgvrns/bgvrns-leveledshe.h
2026-09-05T14:31:12.5334248Z -- Installing: C:/openfhe-2023-1788/openfhe-install/include/openfhe/pke/scheme/bgvrns/bgvrns-multiparty.h
2026-09-05T14:31:12.5342153Z -- Installing: C:/openfhe-2023-1788/openfhe-install/include/openfhe/pke/scheme/bgvrns/bgvrns-parametergeneration.h
2026-09-05T14:31:12.5353748Z -- Installing: C:/openfhe-2023-1788/openfhe-install/include/openfhe/pke/scheme/bgvrns/bgvrns-pke.h
2026-09-05T14:31:12.5361907Z -- Installing: C:/openfhe-2023-1788/openfhe-install/include/openfhe/pke/scheme/bgvrns/bgvrns-pre.h
2026-09-05T14:31:12.5369563Z -- Installing: C:/openfhe-2023-1788/openfhe-install/include/openfhe/pke/scheme/bgvrns/bgvrns-scheme.h
2026-09-05T14:31:12.5381049Z -- Installing: C:/openfhe-2023-1788/openfhe-install/include/openfhe/pke/scheme/bgvrns/bgvrns-ser.h
2026-09-05T14:31:12.5388957Z -- Installing: C:/openfhe-2023-1788/openfhe-install/include/openfhe/pke/scheme/bgvrns/gen-cryptocontext-bgvrns-internal.h
2026-09-05T14:31:12.5397198Z -- Installing: C:/openfhe-2023-1788/openfhe-install/include/openfhe/pke/scheme/bgvrns/gen-cryptocontext-bgvrns-params.h
2026-09-05T14:31:12.5408692Z -- Installing: C:/openfhe-2023-1788/openfhe-install/include/openfhe/pke/scheme/bgvrns/gen-cryptocontext-bgvrns.h
2026-09-05T14:31:12.5416258Z -- Installing: C:/openfhe-2023-1788/openfhe-install/include/openfhe/pke/scheme/ckksrns
2026-09-05T14:31:12.5428601Z -- Installing: C:/openfhe-2023-1788/openfhe-install/include/openfhe/pke/scheme/ckksrns/ckksrns-advancedshe.h
2026-09-05T14:31:12.5437045Z -- Installing: C:/openfhe-2023-1788/openfhe-install/include/openfhe/pke/scheme/ckksrns/ckksrns-cryptoparameters.h
2026-09-05T14:31:12.5445091Z -- Installing: C:/openfhe-2023-1788/openfhe-install/include/openfhe/pke/scheme/ckksrns/ckksrns-fhe.h
2026-09-05T14:31:12.5486858Z -- Installing: C:/openfhe-2023-1788/openfhe-install/include/openfhe/pke/scheme/ckksrns/ckksrns-leveledshe.h
2026-09-05T14:31:12.5495133Z -- Installing: C:/openfhe-2023-1788/openfhe-install/include/openfhe/pke/scheme/ckksrns/ckksrns-multiparty.h
2026-09-05T14:31:12.5503512Z -- Installing: C:/openfhe-2023-1788/openfhe-install/include/openfhe/pke/scheme/ckksrns/ckksrns-parametergeneration.h
2026-09-05T14:31:12.5514220Z -- Installing: C:/openfhe-2023-1788/openfhe-install/include/openfhe/pke/scheme/ckksrns/ckksrns-pke.h
2026-09-05T14:31:12.5522181Z -- Installing: C:/openfhe-2023-1788/openfhe-install/include/openfhe/pke/scheme/ckksrns/ckksrns-pre.h
2026-09-05T14:31:12.5529999Z -- Installing: C:/openfhe-2023-1788/openfhe-install/include/openfhe/pke/scheme/ckksrns/ckksrns-scheme.h
2026-09-05T14:31:12.5541645Z -- Installing: C:/openfhe-2023-1788/openfhe-install/include/openfhe/pke/scheme/ckksrns/ckksrns-schemeswitching.h
2026-09-05T14:31:12.5549755Z -- Installing: C:/openfhe-2023-1788/openfhe-install/include/openfhe/pke/scheme/ckksrns/ckksrns-ser.h
2026-09-05T14:31:12.5594787Z -- Installing: C:/openfhe-2023-1788/openfhe-install/include/openfhe/pke/scheme/ckksrns/ckksrns-utils.h
2026-09-05T14:31:12.5603675Z -- Installing: C:/openfhe-2023-1788/openfhe-install/include/openfhe/pke/scheme/ckksrns/gen-cryptocontext-ckksrns-internal.h
2026-09-05T14:31:12.5612459Z -- Installing: C:/openfhe-2023-1788/openfhe-install/include/openfhe/pke/scheme/ckksrns/gen-cryptocontext-ckksrns-params.h
2026-09-05T14:31:12.5623620Z -- Installing: C:/openfhe-2023-1788/openfhe-install/include/openfhe/pke/scheme/ckksrns/gen-cryptocontext-ckksrns.h
2026-09-05T14:31:12.5631409Z -- Installing: C:/openfhe-2023-1788/openfhe-install/include/openfhe/pke/scheme/ckksrns/README.md
2026-09-05T14:31:12.5641942Z -- Installing: C:/openfhe-2023-1788/openfhe-install/include/openfhe/pke/scheme/gen-cryptocontext-params-defaults.h
2026-09-05T14:31:12.5650163Z -- Installing: C:/openfhe-2023-1788/openfhe-install/include/openfhe/pke/scheme/gen-cryptocontext-params-validation.h
2026-09-05T14:31:12.5681789Z -- Installing: C:/openfhe-2023-1788/openfhe-install/include/openfhe/pke/scheme/gen-cryptocontext-params.h
2026-09-05T14:31:12.5693070Z -- Installing: C:/openfhe-2023-1788/openfhe-install/include/openfhe/pke/scheme/README.md
2026-09-05T14:31:12.5700096Z -- Installing: C:/openfhe-2023-1788/openfhe-install/include/openfhe/pke/scheme/scheme-id.h
2026-09-05T14:31:12.5707804Z -- Installing: C:/openfhe-2023-1788/openfhe-install/include/openfhe/pke/scheme/scheme-swch-params.h
2026-09-05T14:31:12.5719047Z -- Installing: C:/openfhe-2023-1788/openfhe-install/include/openfhe/pke/scheme/scheme-utils.h
2026-09-05T14:31:12.5726664Z -- Installing: C:/openfhe-2023-1788/openfhe-install/include/openfhe/pke/schemebase
2026-09-05T14:31:12.5734116Z -- Installing: C:/openfhe-2023-1788/openfhe-install/include/openfhe/pke/schemebase/base-advancedshe.h
2026-09-05T14:31:12.5745567Z -- Installing: C:/openfhe-2023-1788/openfhe-install/include/openfhe/pke/schemebase/base-cryptoparameters.h
2026-09-05T14:31:12.5753650Z -- Installing: C:/openfhe-2023-1788/openfhe-install/include/openfhe/pke/schemebase/base-fhe.h
2026-09-05T14:31:12.5762112Z -- Installing: C:/openfhe-2023-1788/openfhe-install/include/openfhe/pke/schemebase/base-leveledshe.h
2026-09-05T14:31:12.5800350Z -- Installing: C:/openfhe-2023-1788/openfhe-install/include/openfhe/pke/schemebase/base-multiparty.h
2026-09-05T14:31:12.5808903Z -- Installing: C:/openfhe-2023-1788/openfhe-install/include/openfhe/pke/schemebase/base-parametergeneration.h
2026-09-05T14:31:12.5817504Z -- Installing: C:/openfhe-2023-1788/openfhe-install/include/openfhe/pke/schemebase/base-pke.h
2026-09-05T14:31:12.5828160Z -- Installing: C:/openfhe-2023-1788/openfhe-install/include/openfhe/pke/schemebase/base-pre.h
2026-09-05T14:31:12.5836093Z -- Installing: C:/openfhe-2023-1788/openfhe-install/include/openfhe/pke/schemebase/base-scheme.h
2026-09-05T14:31:12.5845625Z -- Installing: C:/openfhe-2023-1788/openfhe-install/include/openfhe/pke/schemebase/base-ser.h
2026-09-05T14:31:12.5856430Z -- Installing: C:/openfhe-2023-1788/openfhe-install/include/openfhe/pke/schemebase/decrypt-result.h
2026-09-05T14:31:12.5864196Z -- Installing: C:/openfhe-2023-1788/openfhe-install/include/openfhe/pke/schemebase/rlwe-cryptoparameters.h
2026-09-05T14:31:12.5872636Z -- Installing: C:/openfhe-2023-1788/openfhe-install/include/openfhe/pke/schemelet
2026-09-05T14:31:12.5883321Z -- Installing: C:/openfhe-2023-1788/openfhe-install/include/openfhe/pke/schemelet/rlwe-mp.h
2026-09-05T14:31:12.5891104Z -- Installing: C:/openfhe-2023-1788/openfhe-install/include/openfhe/pke/schemerns
2026-09-05T14:31:12.5924318Z -- Installing: C:/openfhe-2023-1788/openfhe-install/include/openfhe/pke/schemerns/rns-advancedshe.h
2026-09-05T14:31:12.5935297Z -- Installing: C:/openfhe-2023-1788/openfhe-install/include/openfhe/pke/schemerns/rns-cryptoparameters.h
2026-09-05T14:31:12.5944411Z -- Installing: C:/openfhe-2023-1788/openfhe-install/include/openfhe/pke/schemerns/rns-fhe.h
2026-09-05T14:31:12.5952334Z -- Installing: C:/openfhe-2023-1788/openfhe-install/include/openfhe/pke/schemerns/rns-leveledshe.h
2026-09-05T14:31:12.5989877Z -- Installing: C:/openfhe-2023-1788/openfhe-install/include/openfhe/pke/schemerns/rns-multiparty.h
2026-09-05T14:31:12.5998481Z -- Installing: C:/openfhe-2023-1788/openfhe-install/include/openfhe/pke/schemerns/rns-parametergeneration.h
2026-09-05T14:31:12.6006836Z -- Installing: C:/openfhe-2023-1788/openfhe-install/include/openfhe/pke/schemerns/rns-pke.h
2026-09-05T14:31:12.6026373Z -- Installing: C:/openfhe-2023-1788/openfhe-install/include/openfhe/pke/schemerns/rns-pre.h
2026-09-05T14:31:12.6034209Z -- Installing: C:/openfhe-2023-1788/openfhe-install/include/openfhe/pke/schemerns/rns-scheme.h
2026-09-05T14:31:12.6042106Z -- Installing: C:/openfhe-2023-1788/openfhe-install/include/openfhe/pke/schemerns/rns-ser.h
2026-09-05T14:31:12.6109851Z -- Installing: C:/openfhe-2023-1788/openfhe-install/include/openfhe/pke/unittest/utils
2026-09-05T14:31:12.6120021Z -- Installing: C:/openfhe-2023-1788/openfhe-install/include/openfhe/pke/unittest/utils/BaseTestCase.h
2026-09-05T14:31:12.6132589Z -- Installing: C:/openfhe-2023-1788/openfhe-install/include/openfhe/pke/unittest/utils/schemeswitching-data-serializer.h
2026-09-05T14:31:12.6141682Z -- Installing: C:/openfhe-2023-1788/openfhe-install/include/openfhe/pke/unittest/utils/UnitTestCCParams.h
2026-09-05T14:31:12.6180169Z -- Installing: C:/openfhe-2023-1788/openfhe-install/include/openfhe/pke/unittest/utils/UnitTestCryptoContext.h
2026-09-05T14:31:12.6192805Z -- Installing: C:/openfhe-2023-1788/openfhe-install/include/openfhe/pke/unittest/utils/UnitTestException.h
2026-09-05T14:31:12.6201481Z -- Installing: C:/openfhe-2023-1788/openfhe-install/include/openfhe/pke/unittest/utils/UnitTestMetadataTest.h
2026-09-05T14:31:12.6209779Z -- Installing: C:/openfhe-2023-1788/openfhe-install/include/openfhe/pke/unittest/utils/UnitTestMetadataTestSer.h
2026-09-05T14:31:12.6258321Z -- Installing: C:/openfhe-2023-1788/openfhe-install/include/openfhe/pke/unittest/utils/UnitTestReadCSVData.h
2026-09-05T14:31:12.6266325Z -- Installing: C:/openfhe-2023-1788/openfhe-install/include/openfhe/pke/unittest/utils/UnitTestSer.h
2026-09-05T14:31:12.6274546Z -- Installing: C:/openfhe-2023-1788/openfhe-install/include/openfhe/pke/unittest/utils/UnitTestUtils.h
2026-09-05T14:31:12.6291620Z -- Installing: C:/openfhe-2023-1788/openfhe-install/lib/libOPENFHEbinfhe.dll.a
2026-09-05T14:31:12.6306385Z -- Installing: C:/openfhe-2023-1788/openfhe-install/lib/libOPENFHEbinfhe.dll
2026-09-05T14:31:12.6323120Z -- Installing: C:/openfhe-2023-1788/openfhe-install/include/openfhe/binfhe
2026-09-05T14:31:12.6333877Z -- Installing: C:/openfhe-2023-1788/openfhe-install/include/openfhe/binfhe/binfhe-base-params.h
2026-09-05T14:31:12.6341911Z -- Installing: C:/openfhe-2023-1788/openfhe-install/include/openfhe/binfhe/binfhe-base-scheme.h
2026-09-05T14:31:12.6349969Z -- Installing: C:/openfhe-2023-1788/openfhe-install/include/openfhe/binfhe/binfhe-constants.h
2026-09-05T14:31:12.6387174Z -- Installing: C:/openfhe-2023-1788/openfhe-install/include/openfhe/binfhe/binfhecontext-ser.h
2026-09-05T14:31:12.6396598Z -- Installing: C:/openfhe-2023-1788/openfhe-install/include/openfhe/binfhe/binfhecontext.h
2026-09-05T14:31:12.6404738Z -- Installing: C:/openfhe-2023-1788/openfhe-install/include/openfhe/binfhe/lwe-ciphertext-fwd.h
2026-09-05T14:31:12.6415641Z -- Installing: C:/openfhe-2023-1788/openfhe-install/include/openfhe/binfhe/lwe-ciphertext.h
2026-09-05T14:31:12.6423760Z -- Installing: C:/openfhe-2023-1788/openfhe-install/include/openfhe/binfhe/lwe-cryptoparameters.h
2026-09-05T14:31:12.6432055Z -- Installing: C:/openfhe-2023-1788/openfhe-install/include/openfhe/binfhe/lwe-keypair-fwd.h
2026-09-05T14:31:12.6442848Z -- Installing: C:/openfhe-2023-1788/openfhe-install/include/openfhe/binfhe/lwe-keypair.h
2026-09-05T14:31:12.6450670Z -- Installing: C:/openfhe-2023-1788/openfhe-install/include/openfhe/binfhe/lwe-keyswitchkey-fwd.h
2026-09-05T14:31:12.6458378Z -- Installing: C:/openfhe-2023-1788/openfhe-install/include/openfhe/binfhe/lwe-keyswitchkey.h
2026-09-05T14:31:12.6469099Z -- Installing: C:/openfhe-2023-1788/openfhe-install/include/openfhe/binfhe/lwe-pke.h
2026-09-05T14:31:12.6477279Z -- Installing: C:/openfhe-2023-1788/openfhe-install/include/openfhe/binfhe/lwe-privatekey-fwd.h
2026-09-05T14:31:12.6485319Z -- Installing: C:/openfhe-2023-1788/openfhe-install/include/openfhe/binfhe/lwe-privatekey.h
2026-09-05T14:31:12.6496642Z -- Installing: C:/openfhe-2023-1788/openfhe-install/include/openfhe/binfhe/lwe-publickey-fwd.h
2026-09-05T14:31:12.6504475Z -- Installing: C:/openfhe-2023-1788/openfhe-install/include/openfhe/binfhe/lwe-publickey.h
2026-09-05T14:31:12.6512592Z -- Installing: C:/openfhe-2023-1788/openfhe-install/include/openfhe/binfhe/README.md
2026-09-05T14:31:12.6524843Z -- Installing: C:/openfhe-2023-1788/openfhe-install/include/openfhe/binfhe/rgsw-acc-cggi.h
2026-09-05T14:31:12.6555924Z -- Installing: C:/openfhe-2023-1788/openfhe-install/include/openfhe/binfhe/rgsw-acc-dm.h
2026-09-05T14:31:12.6563816Z -- Installing: C:/openfhe-2023-1788/openfhe-install/include/openfhe/binfhe/rgsw-acc-lmkcdey.h
2026-09-05T14:31:12.6575654Z -- Installing: C:/openfhe-2023-1788/openfhe-install/include/openfhe/binfhe/rgsw-acc.h
2026-09-05T14:31:12.6583821Z -- Installing: C:/openfhe-2023-1788/openfhe-install/include/openfhe/binfhe/rgsw-acckey.h
2026-09-05T14:31:12.6592149Z -- Installing: C:/openfhe-2023-1788/openfhe-install/include/openfhe/binfhe/rgsw-cryptoparameters.h
2026-09-05T14:31:12.6603268Z -- Installing: C:/openfhe-2023-1788/openfhe-install/include/openfhe/binfhe/rgsw-evalkey.h
2026-09-05T14:31:12.6611584Z -- Installing: C:/openfhe-2023-1788/openfhe-install/include/openfhe/binfhe/rlwe-ciphertext.h
2026-09-05T14:31:12.6629021Z -- Installing: C:/openfhe-2023-1788/openfhe-install/CMake/OpenFHEConfig.cmake
2026-09-05T14:31:12.6636974Z -- Installing: C:/openfhe-2023-1788/openfhe-install/CMake/OpenFHEConfigVersion.cmake
2026-09-05T14:31:12.6645817Z -- Installing: C:/openfhe-2023-1788/openfhe-install/CMake/OpenFHETargets.cmake
2026-09-05T14:31:12.6734736Z -- Installing: C:/openfhe-2023-1788/openfhe-install/CMake/OpenFHETargets-release.cmake
2026-09-05T14:31:12.7004082Z ##[group]Run prefix="$(cygpath -u "$OPENFHE_PREFIX")"
2026-09-05T14:31:12.7004563Z [36;1mprefix="$(cygpath -u "$OPENFHE_PREFIX")"[0m
2026-09-05T14:31:12.7004899Z [36;1mbuild="$(cygpath -u "$PROJECT_BUILD")"[0m
2026-09-05T14:31:12.7005179Z [36;1mcmake -S . -B "$build" \[0m
2026-09-05T14:31:12.7005421Z [36;1m  -DCMAKE_BUILD_TYPE=Debug \[0m
2026-09-05T14:31:12.7005677Z [36;1m  -DCMAKE_PREFIX_PATH="$prefix"[0m
2026-09-05T14:31:12.7008362Z shell: D:\a\_temp\setup-msys2\msys2.CMD {0}
2026-09-05T14:31:12.7008639Z env:
2026-09-05T14:31:12.7008875Z   OPENFHE_COMMIT: df495ba2e91739a6dc8f1de254fc5a41155ce504
2026-09-05T14:31:12.7009252Z   OPENFHE_PREFIX: C:\openfhe-2023-1788\openfhe-install
2026-09-05T14:31:12.7009561Z   WINDOWS_ROOT: C:\openfhe-2023-1788
2026-09-05T14:31:12.7009839Z   PROJECT_SOURCE: C:\openfhe-2023-1788\cleanroom
2026-09-05T14:31:12.7010137Z   OPENFHE_SOURCE: C:\openfhe-2023-1788\openfhe-src
2026-09-05T14:31:12.7010517Z   OPENFHE_BUILD: C:\openfhe-2023-1788\openfhe-build-33971779479-1
2026-09-05T14:31:12.7010915Z   PROJECT_BUILD: C:\openfhe-2023-1788\project-build-33971779479-1
2026-09-05T14:31:12.7011225Z   MSYSTEM: MINGW64
2026-09-05T14:31:12.7011673Z ##[endgroup]
2026-09-05T14:31:13.1027069Z -- Building for: Ninja
2026-09-05T14:31:13.1027471Z -- The CXX compiler identification is GNU 16.2.0
2026-09-05T14:31:13.1527836Z -- Detecting CXX compiler ABI info
2026-09-05T14:31:13.5222314Z -- Detecting CXX compiler ABI info - done
2026-09-05T14:31:13.5549946Z -- Check for working CXX compiler: D:/a/_temp/msys64/mingw64/bin/c++.exe - skipped
2026-09-05T14:31:13.5554653Z -- Detecting CXX compile features
2026-09-05T14:31:13.5564177Z -- Detecting CXX compile features - done
2026-09-05T14:31:13.6042689Z -- Configuring done (0.7s)
2026-09-05T14:31:13.6921628Z -- Generating done (0.1s)
2026-09-05T14:31:13.6939198Z -- Build files have been written to: C:/openfhe-2023-1788/project-build-33971779479-1
2026-09-05T14:31:13.7158912Z ##[group]Run test "$(git rev-parse HEAD)" = "$GITHUB_SHA"
2026-09-05T14:31:13.7159478Z [36;1mtest "$(git rev-parse HEAD)" = "$GITHUB_SHA"[0m
2026-09-05T14:31:13.7160211Z [36;1mprintf 'PROJECT_SOURCE_COMMIT=%s GITHUB_RUN_ID=%s GITHUB_RUN_ATTEMPT=%s\n' "$GITHUB_SHA" "$GITHUB_RUN_ID" "$GITHUB_RUN_ATTEMPT"[0m
2026-09-05T14:31:13.7162639Z shell: D:\a\_temp\setup-msys2\msys2.CMD {0}
2026-09-05T14:31:13.7162982Z env:
2026-09-05T14:31:13.7163278Z   OPENFHE_COMMIT: df495ba2e91739a6dc8f1de254fc5a41155ce504
2026-09-05T14:31:13.7163712Z   OPENFHE_PREFIX: C:\openfhe-2023-1788\openfhe-install
2026-09-05T14:31:13.7164091Z   WINDOWS_ROOT: C:\openfhe-2023-1788
2026-09-05T14:31:13.7164590Z   PROJECT_SOURCE: C:\openfhe-2023-1788\cleanroom
2026-09-05T14:31:13.7164964Z   OPENFHE_SOURCE: C:\openfhe-2023-1788\openfhe-src
2026-09-05T14:31:13.7165422Z   OPENFHE_BUILD: C:\openfhe-2023-1788\openfhe-build-33971779479-1
2026-09-05T14:31:13.7165979Z   PROJECT_BUILD: C:\openfhe-2023-1788\project-build-33971779479-1
2026-09-05T14:31:13.7166369Z   MSYSTEM: MINGW64
2026-09-05T14:31:13.7166602Z ##[endgroup]
2026-09-05T14:31:13.9011500Z PROJECT_SOURCE_COMMIT=b1b024e3134fbb4e8cac7c0d59cf790a37e4ed89 GITHUB_RUN_ID=33971779479 GITHUB_RUN_ATTEMPT=1
2026-09-05T14:31:13.9175233Z ##[group]Run build="$(cygpath -u "$PROJECT_BUILD")"
2026-09-05T14:31:13.9175758Z [36;1mbuild="$(cygpath -u "$PROJECT_BUILD")"[0m
2026-09-05T14:31:13.9176143Z [36;1mcmake --build "$build" --parallel 2[0m
2026-09-05T14:31:13.9178189Z shell: D:\a\_temp\setup-msys2\msys2.CMD {0}
2026-09-05T14:31:13.9178524Z env:
2026-09-05T14:31:13.9178810Z   OPENFHE_COMMIT: df495ba2e91739a6dc8f1de254fc5a41155ce504
2026-09-05T14:31:13.9179259Z   OPENFHE_PREFIX: C:\openfhe-2023-1788\openfhe-install
2026-09-05T14:31:13.9179629Z   WINDOWS_ROOT: C:\openfhe-2023-1788
2026-09-05T14:31:13.9179954Z   PROJECT_SOURCE: C:\openfhe-2023-1788\cleanroom
2026-09-05T14:31:13.9180332Z   OPENFHE_SOURCE: C:\openfhe-2023-1788\openfhe-src
2026-09-05T14:31:13.9180789Z   OPENFHE_BUILD: C:\openfhe-2023-1788\openfhe-build-33971779479-1
2026-09-05T14:31:13.9181275Z   PROJECT_BUILD: C:\openfhe-2023-1788\project-build-33971779479-1
2026-09-05T14:31:13.9181669Z   MSYSTEM: MINGW64
2026-09-05T14:31:13.9181945Z ##[endgroup]
2026-09-05T14:31:27.7933243Z [1/31] Building CXX object CMakeFiles/openfhe_2023_1788.dir/src/double_ckks.cpp.obj
2026-09-05T14:31:41.0984409Z [2/31] Building CXX object CMakeFiles/openfhe_2023_1788.dir/src/high_precision_client_io.cpp.obj
2026-09-05T14:31:46.1013737Z [3/31] Building CXX object CMakeFiles/openfhe_2023_1788.dir/src/repeated_mult2.cpp.obj
2026-09-05T14:31:50.2664656Z [4/31] Building CXX object CMakeFiles/openfhe_2023_1788.dir/src/paper_h128_client_keypair.cpp.obj
2026-09-05T14:31:50.4547877Z [5/31] Linking CXX static library libopenfhe_2023_1788.a
2026-09-05T14:31:54.0675771Z [6/31] Building CXX object CMakeFiles/tensor2_api_contract_test.dir/tests/tensor2_api_contract_test.cpp.obj
2026-09-05T14:32:06.1767586Z [7/31] Building CXX object CMakeFiles/pair_add_test.dir/tests/pair_add_test.cpp.obj
2026-09-05T14:32:08.6279651Z [8/31] Building CXX object CMakeFiles/dcp_rcb_test.dir/tests/dcp_rcb_test.cpp.obj
2026-09-05T14:32:18.0384318Z [9/31] Building CXX object CMakeFiles/pair_sub_test.dir/tests/pair_sub_test.cpp.obj
2026-09-05T14:32:32.3916453Z [10/31] Building CXX object CMakeFiles/pair_arithmetic_test.dir/tests/pair_arithmetic_test.cpp.obj
2026-09-05T14:32:37.9115006Z [11/31] Building CXX object CMakeFiles/tensor2_test.dir/tests/tensor2_test.cpp.obj
2026-09-05T14:33:03.1576210Z [12/31] Building CXX object CMakeFiles/rs2_test.dir/tests/rs2_test.cpp.obj
2026-09-05T14:33:16.9672250Z [13/31] Building CXX object CMakeFiles/mult2_test.dir/tests/mult2_test.cpp.obj
2026-09-05T14:33:20.6340744Z [14/31] Building CXX object CMakeFiles/relin2_test.dir/tests/relin2_test.cpp.obj
2026-09-05T14:33:43.4358328Z [15/31] Building CXX object CMakeFiles/mult2_e2e_oracle_test.dir/tests/mult2_e2e_oracle_test.cpp.obj
2026-09-05T14:33:47.4331608Z [16/31] Building CXX object CMakeFiles/precision_dcp_rcb_contract_test.dir/tests/precision_dcp_rcb_contract_test.cpp.obj
2026-09-05T14:34:00.9719406Z [17/31] Building CXX object CMakeFiles/precision_dcp_rcb_contract_test.dir/tests/precision_dcp_rcb_fixture.cpp.obj
2026-09-05T14:34:13.8379314Z [18/31] Building CXX object CMakeFiles/precision_first_mult2_contract_test.dir/tests/precision_first_mult2_contract_test.cpp.obj
2026-09-05T14:34:14.1860419Z [19/31] Linking CXX executable dcp_rcb_test.exe
2026-09-05T14:34:14.3058706Z [20/31] Linking CXX executable tensor2_api_contract_test.exe
2026-09-05T14:34:14.6015582Z [21/31] Linking CXX executable pair_add_test.exe
2026-09-05T14:34:14.9297696Z [22/31] Linking CXX executable pair_sub_test.exe
2026-09-05T14:34:15.3104992Z [23/31] Linking CXX executable pair_arithmetic_test.exe
2026-09-05T14:34:15.6273387Z [24/31] Linking CXX executable tensor2_test.exe
2026-09-05T14:34:16.0148490Z [25/31] Linking CXX executable relin2_test.exe
2026-09-05T14:34:16.3205085Z [26/31] Linking CXX executable rs2_test.exe
2026-09-05T14:34:16.6809039Z [27/31] Linking CXX executable mult2_test.exe
2026-09-05T14:34:17.0251992Z [28/31] Linking CXX executable mult2_e2e_oracle_test.exe
2026-09-05T14:34:17.3876689Z [29/31] Linking CXX executable precision_dcp_rcb_contract_test.exe
2026-09-05T14:34:18.0268839Z [30/31] Building CXX object CMakeFiles/precision_first_mult2_contract_test.dir/tests/precision_dcp_rcb_fixture.cpp.obj
2026-09-05T14:34:18.3798948Z [31/31] Linking CXX executable precision_first_mult2_contract_test.exe
2026-09-05T14:34:18.4006444Z ##[group]Run build="$(cygpath -u "$PROJECT_BUILD")"
2026-09-05T14:34:18.4006976Z [36;1mbuild="$(cygpath -u "$PROJECT_BUILD")"[0m
2026-09-05T14:34:18.4007428Z [36;1mcmake --build "$build" --target relin2_api_contract_test --parallel 2[0m
2026-09-05T14:34:18.4010051Z shell: D:\a\_temp\setup-msys2\msys2.CMD {0}
2026-09-05T14:34:18.4010320Z env:
2026-09-05T14:34:18.4010562Z   OPENFHE_COMMIT: df495ba2e91739a6dc8f1de254fc5a41155ce504
2026-09-05T14:34:18.4010914Z   OPENFHE_PREFIX: C:\openfhe-2023-1788\openfhe-install
2026-09-05T14:34:18.4011210Z   WINDOWS_ROOT: C:\openfhe-2023-1788
2026-09-05T14:34:18.4011479Z   PROJECT_SOURCE: C:\openfhe-2023-1788\cleanroom
2026-09-05T14:34:18.4011784Z   OPENFHE_SOURCE: C:\openfhe-2023-1788\openfhe-src
2026-09-05T14:34:18.4012137Z   OPENFHE_BUILD: C:\openfhe-2023-1788\openfhe-build-33971779479-1
2026-09-05T14:34:18.4012534Z   PROJECT_BUILD: C:\openfhe-2023-1788\project-build-33971779479-1
2026-09-05T14:34:18.4012856Z   MSYSTEM: MINGW64
2026-09-05T14:34:18.4013071Z ##[endgroup]
2026-09-05T14:34:21.7596601Z [1/2] Building CXX object CMakeFiles/relin2_api_contract_test.dir/tests/relin2_api_contract_test.cpp.obj
2026-09-05T14:34:21.8417472Z [2/2] Linking CXX executable relin2_api_contract_test.exe
2026-09-05T14:34:21.8635136Z ##[group]Run build="$(cygpath -u "$PROJECT_BUILD")"
2026-09-05T14:34:21.8636007Z [36;1mbuild="$(cygpath -u "$PROJECT_BUILD")"[0m
2026-09-05T14:34:21.8636831Z [36;1mcmake --build "$build" --target rs2_api_contract_test --parallel 2[0m
2026-09-05T14:34:21.8639881Z shell: D:\a\_temp\setup-msys2\msys2.CMD {0}
2026-09-05T14:34:21.8640252Z env:
2026-09-05T14:34:21.8640547Z   OPENFHE_COMMIT: df495ba2e91739a6dc8f1de254fc5a41155ce504
2026-09-05T14:34:21.8640979Z   OPENFHE_PREFIX: C:\openfhe-2023-1788\openfhe-install
2026-09-05T14:34:21.8641342Z   WINDOWS_ROOT: C:\openfhe-2023-1788
2026-09-05T14:34:21.8641667Z   PROJECT_SOURCE: C:\openfhe-2023-1788\cleanroom
2026-09-05T14:34:21.8642021Z   OPENFHE_SOURCE: C:\openfhe-2023-1788\openfhe-src
2026-09-05T14:34:21.8642433Z   OPENFHE_BUILD: C:\openfhe-2023-1788\openfhe-build-33971779479-1
2026-09-05T14:34:21.8642889Z   PROJECT_BUILD: C:\openfhe-2023-1788\project-build-33971779479-1
2026-09-05T14:34:21.8643284Z   MSYSTEM: MINGW64
2026-09-05T14:34:21.8643821Z ##[endgroup]
2026-09-05T14:34:25.2601120Z [1/2] Building CXX object CMakeFiles/rs2_api_contract_test.dir/tests/rs2_api_contract_test.cpp.obj
2026-09-05T14:34:25.3418951Z [2/2] Linking CXX executable rs2_api_contract_test.exe
2026-09-05T14:34:25.3620313Z ##[group]Run prefix="$(cygpath -u "$OPENFHE_PREFIX")"
2026-09-05T14:34:25.3620885Z [36;1mprefix="$(cygpath -u "$OPENFHE_PREFIX")"[0m
2026-09-05T14:34:25.3621265Z [36;1mbuild="$(cygpath -u "$PROJECT_BUILD")"[0m
2026-09-05T14:34:25.3621671Z [36;1mexport PATH="$prefix/bin:$prefix/lib:$PATH"[0m
2026-09-05T14:34:25.3622176Z [36;1mcmake --build "$build" --target precision_first_mult2_contract_test --parallel 2[0m
2026-09-05T14:34:25.3622911Z [36;1mctest --test-dir "$build" --verbose --output-on-failure -R '^precision_first_mult2_high_precision_contract$'[0m
2026-09-05T14:34:25.3625380Z shell: D:\a\_temp\setup-msys2\msys2.CMD {0}
2026-09-05T14:34:25.3625858Z env:
2026-09-05T14:34:25.3626158Z   OPENFHE_COMMIT: df495ba2e91739a6dc8f1de254fc5a41155ce504
2026-09-05T14:34:25.3626577Z   OPENFHE_PREFIX: C:\openfhe-2023-1788\openfhe-install
2026-09-05T14:34:25.3626927Z   WINDOWS_ROOT: C:\openfhe-2023-1788
2026-09-05T14:34:25.3627315Z   PROJECT_SOURCE: C:\openfhe-2023-1788\cleanroom
2026-09-05T14:34:25.3627678Z   OPENFHE_SOURCE: C:\openfhe-2023-1788\openfhe-src
2026-09-05T14:34:25.3628087Z   OPENFHE_BUILD: C:\openfhe-2023-1788\openfhe-build-33971779479-1
2026-09-05T14:34:25.3628538Z   PROJECT_BUILD: C:\openfhe-2023-1788\project-build-33971779479-1
2026-09-05T14:34:25.3628910Z   MSYSTEM: MINGW64
2026-09-05T14:34:25.3629147Z ##[endgroup]
2026-09-05T14:34:25.6113937Z ninja: no work to do.
2026-09-05T14:34:25.6438920Z UpdateCTestConfiguration  from :C:/openfhe-2023-1788/project-build-33971779479-1/DartConfiguration.tcl
2026-09-05T14:34:25.6460833Z Test project C:/openfhe-2023-1788/project-build-33971779479-1
2026-09-05T14:34:25.6481168Z Constructing a list of tests
2026-09-05T14:34:25.6495373Z Done constructing a list of tests
2026-09-05T14:34:25.6495827Z Updating test list for fixtures
2026-09-05T14:34:25.6496170Z Added 0 tests to meet fixture requirements
2026-09-05T14:34:25.6501179Z Checking test dependency graph...
2026-09-05T14:34:25.6501667Z Checking test dependency graph end
2026-09-05T14:34:25.6502794Z test 3
2026-09-05T14:34:25.6504220Z     Start 3: precision_first_mult2_high_precision_contract
2026-09-05T14:34:25.6505467Z 
2026-09-05T14:34:25.6506289Z 3: Test command: C:\openfhe-2023-1788\project-build-33971779479-1\precision_first_mult2_contract_test.exe
2026-09-05T14:34:25.6507487Z 3: Working Directory: C:/openfhe-2023-1788/project-build-33971779479-1
2026-09-05T14:34:25.6508238Z 3: Test timeout computed to be: 10000000
2026-09-05T14:34:25.9589850Z 3: test=precision_first_mult2_high_precision_contract trial=0 claim_scope=first-Mult2-diagnostic-only security_level=HEStd_NotSet(diagnostic-only) key_switch=HYBRID ckks_data_type=COMPLEX N=64 batch=16 depth=7 scaling_mod_size=50 first_mod_size=55 input_scale_numerator=2^100 final_logical_scale_numerator=2^200 final_logical_scale_denominator=1267650600226646386227681786497 q_div=1125899906843009 q_l=1125899906840833 input_product_centered_headroom_bits=160 output_centered_headroom_bits=210 coefficient_error_numerator=103880286105001018367391918117195 coefficient_error_denominator=1267650600226646386227681786497 frozen_abs_tolerance=2^-80 product_delta_error=2.7896027982828412732957980191776235216415e-28 max_slot_error=5.8861738924371366059287107331248109910697e-28
2026-09-05T14:34:25.9602314Z 3: test=precision_first_mult2_high_precision_contract trial=1 claim_scope=first-Mult2-diagnostic-only security_level=HEStd_NotSet(diagnostic-only) key_switch=HYBRID ckks_data_type=COMPLEX N=64 batch=16 depth=7 scaling_mod_size=50 first_mod_size=55 input_scale_numerator=2^100 final_logical_scale_numerator=2^200 final_logical_scale_denominator=1267650600226646386227681786497 q_div=1125899906843009 q_l=1125899906840833 input_product_centered_headroom_bits=160 output_centered_headroom_bits=210 coefficient_error_numerator=121051381932983132908553035156047 coefficient_error_denominator=1267650600226646386227681786497 frozen_abs_tolerance=2^-80 product_delta_error=1.2653098704920174144738356395859833916776e-28 max_slot_error=3.7418017537088242904641113069914684127475e-28
2026-09-05T14:34:25.9608608Z 3: test=precision_first_mult2_high_precision_contract trial=2 claim_scope=first-Mult2-diagnostic-only security_level=HEStd_NotSet(diagnostic-only) key_switch=HYBRID ckks_data_type=COMPLEX N=64 batch=16 depth=7 scaling_mod_size=50 first_mod_size=55 input_scale_numerator=2^100 final_logical_scale_numerator=2^200 final_logical_scale_denominator=1267650600226646386227681786497 q_div=1125899906843009 q_l=1125899906840833 input_product_centered_headroom_bits=160 output_centered_headroom_bits=210 coefficient_error_numerator=123108595882397379718450866258872 coefficient_error_denominator=1267650600226646386227681786497 frozen_abs_tolerance=2^-80 product_delta_error=7.5666168628724471024172975823386924024432e-29 max_slot_error=3.8226383184830130358255811618046485063404e-28
2026-09-05T14:34:25.9614583Z 3: test=precision_first_mult2_high_precision_contract trial=3 claim_scope=first-Mult2-diagnostic-only security_level=HEStd_NotSet(diagnostic-only) key_switch=HYBRID ckks_data_type=COMPLEX N=64 batch=16 depth=7 scaling_mod_size=50 first_mod_size=55 input_scale_numerator=2^100 final_logical_scale_numerator=2^200 final_logical_scale_denominator=1267650600226646386227681786497 q_div=1125899906843009 q_l=1125899906840833 input_product_centered_headroom_bits=160 output_centered_headroom_bits=210 coefficient_error_numerator=67200994130582294601446182668858 coefficient_error_denominator=1267650600226646386227681786497 frozen_abs_tolerance=2^-80 product_delta_error=1.4210358712762636096449429069638027862357e-28 max_slot_error=3.9988982254376344568079930794047952073374e-28
2026-09-05T14:34:25.9617400Z 3: precision_first_mult2_high_precision_contract=PASS
2026-09-05T14:34:25.9628228Z 1/1 Test #3: precision_first_mult2_high_precision_contract ...   Passed    0.31 sec
2026-09-05T14:34:25.9643978Z 
2026-09-05T14:34:25.9644385Z The following tests passed:
2026-09-05T14:34:25.9645005Z 	precision_first_mult2_high_precision_contract
2026-09-05T14:34:25.9645476Z 
2026-09-05T14:34:25.9645663Z 100% tests passed out of 1
2026-09-05T14:34:25.9645994Z 
2026-09-05T14:34:25.9646162Z Total Test time (real) =   0.32 sec
2026-09-05T14:34:25.9866609Z ##[group]Run prefix="$(cygpath -u "$OPENFHE_PREFIX")"
2026-09-05T14:34:25.9867161Z [36;1mprefix="$(cygpath -u "$OPENFHE_PREFIX")"[0m
2026-09-05T14:34:25.9867558Z [36;1mbuild="$(cygpath -u "$PROJECT_BUILD")"[0m
2026-09-05T14:34:25.9867964Z [36;1mexport PATH="$prefix/bin:$prefix/lib:$PATH"[0m
2026-09-05T14:34:25.9868558Z [36;1mctest --test-dir "$build" --verbose --output-on-failure -R '^mult2_pair_(add|sub)_input_hybrid_complex$'[0m
2026-09-05T14:34:25.9870951Z shell: D:\a\_temp\setup-msys2\msys2.CMD {0}
2026-09-05T14:34:25.9871294Z env:
2026-09-05T14:34:25.9871615Z   OPENFHE_COMMIT: df495ba2e91739a6dc8f1de254fc5a41155ce504
2026-09-05T14:34:25.9872031Z   OPENFHE_PREFIX: C:\openfhe-2023-1788\openfhe-install
2026-09-05T14:34:25.9872396Z   WINDOWS_ROOT: C:\openfhe-2023-1788
2026-09-05T14:34:25.9872728Z   PROJECT_SOURCE: C:\openfhe-2023-1788\cleanroom
2026-09-05T14:34:25.9873094Z   OPENFHE_SOURCE: C:\openfhe-2023-1788\openfhe-src
2026-09-05T14:34:25.9873579Z   OPENFHE_BUILD: C:\openfhe-2023-1788\openfhe-build-33971779479-1
2026-09-05T14:34:25.9874031Z   PROJECT_BUILD: C:\openfhe-2023-1788\project-build-33971779479-1
2026-09-05T14:34:25.9874395Z   MSYSTEM: MINGW64
2026-09-05T14:34:25.9874635Z ##[endgroup]
2026-09-05T14:34:26.1931721Z UpdateCTestConfiguration  from :C:/openfhe-2023-1788/project-build-33971779479-1/DartConfiguration.tcl
2026-09-05T14:34:26.1950369Z Test project C:/openfhe-2023-1788/project-build-33971779479-1
2026-09-05T14:34:26.2022517Z Constructing a list of tests
2026-09-05T14:34:26.2036870Z Done constructing a list of tests
2026-09-05T14:34:26.2037322Z Updating test list for fixtures
2026-09-05T14:34:26.2037657Z Added 0 tests to meet fixture requirements
2026-09-05T14:34:26.2043025Z Checking test dependency graph...
2026-09-05T14:34:26.2044164Z Checking test dependency graph end
2026-09-05T14:34:26.2044780Z test 56
2026-09-05T14:34:26.2045254Z     Start 56: mult2_pair_add_input_hybrid_complex
2026-09-05T14:34:26.2045968Z 
2026-09-05T14:34:26.2046776Z 56: Test command: C:\openfhe-2023-1788\project-build-33971779479-1\mult2_e2e_oracle_test.exe "pair_add_input_hybrid_complex"
2026-09-05T14:34:26.2047806Z 56: Working Directory: C:/openfhe-2023-1788/project-build-33971779479-1
2026-09-05T14:34:26.2048542Z 56: Test timeout computed to be: 10000000
2026-09-05T14:34:26.2940996Z 56: [RELIN2-EXECUTION] q_div=1073741953 q_l=1073741441 ordinary_combined_relin_execution_error=20 pair_relin_execution_error=31 high_path_relin_error=17 low_path_relin_error=17 execution_relin2_triangle_bound=34 paper_additivity_residual=19 paper_additivity_execution_observed=true secret_h=38 input_Q_l=52656049226897061758347970843194892279389197066160739197584863617 oracle_basis_agreement=true
2026-09-05T14:34:26.2954439Z 56: case=pair_add_input_hybrid_complex security_level=HEStd_NotSet(functional-only) key_switch=HYBRID secret_key_dist=UNIFORM_TERNARY ckks_data_type=COMPLEX selected_ring_dimension=64 actual_N=64 batch_size=16 host_vector_length=8 encoding_noise_scale_degree=2 encoding_level=0 scaling_technique=FIXEDMANUAL digit_size=0 max_relin_sk_deg=2 scaling_mod_size=30 first_mod_size=35 multiplicative_depth=7 active_Q_l_towers=7 Q_l_bits=215 preselection_required_bits=174 selection_reserve_bits=32 q_div=1073741953 q_l=1073741441 ratio_2^(2p)/(q_div*q_l)=1.00000023655603276 descriptor_ratio=1.00000023655603276 M_high=89261193 M_low=7516193609 secret_h=38 ordinary_combined_relin_execution_error=20 pair_relin_execution_error=31 high_path_relin_error=17 low_path_relin_error=17 execution_relin2_triangle_bound=34 paper_additivity_residual=19 paper_additivity_execution_observed=true execution_certificate=PER_PATH_CONDITIONAL conservative_E_Relin_available=false universal_theorem_gate=UNPROVED execution_nonwrap_left=587902436803290145513520422504796450 execution_nonwrap_right_Q_l_over_2=26328024613448530879173985421597446139694598533080369598792431808 coefficient_error=168863534582445912955/1152921231876374273 execution_bound=7276089223216665994219/2305842463752748546 fixed_key_bv_bound_available=false frozen_decoded_abs_tolerance=0.00100000000000000002 measured_recorded_bias_error=6.60321821747940986e-10 measured_logical_slot_error=6.6032166554487289e-10
2026-09-05T14:34:26.2976456Z 1/2 Test #56: mult2_pair_add_input_hybrid_complex ...   Passed    0.09 sec
2026-09-05T14:34:26.2983221Z test 57
2026-09-05T14:34:26.2983595Z     Start 57: mult2_pair_sub_input_hybrid_complex
2026-09-05T14:34:26.2984505Z 
2026-09-05T14:34:26.2985205Z 57: Test command: C:\openfhe-2023-1788\project-build-33971779479-1\mult2_e2e_oracle_test.exe "pair_sub_input_hybrid_complex"
2026-09-05T14:34:26.2985966Z 57: Working Directory: C:/openfhe-2023-1788/project-build-33971779479-1
2026-09-05T14:34:26.2986391Z 57: Test timeout computed to be: 10000000
2026-09-05T14:34:26.3851363Z 57: [RELIN2-EXECUTION] q_div=1073741953 q_l=1073741441 ordinary_combined_relin_execution_error=11 pair_relin_execution_error=25 high_path_relin_error=13 low_path_relin_error=12 execution_relin2_triangle_bound=25 paper_additivity_residual=23 paper_additivity_execution_observed=true secret_h=49 input_Q_l=52656049226897061758347970843194892279389197066160739197584863617 oracle_basis_agreement=true
2026-09-05T14:34:26.3858240Z 57: case=pair_sub_input_hybrid_complex security_level=HEStd_NotSet(functional-only) key_switch=HYBRID secret_key_dist=UNIFORM_TERNARY ckks_data_type=COMPLEX selected_ring_dimension=64 actual_N=64 batch_size=16 host_vector_length=8 encoding_noise_scale_degree=2 encoding_level=0 scaling_technique=FIXEDMANUAL digit_size=0 max_relin_sk_deg=2 scaling_mod_size=30 first_mod_size=35 multiplicative_depth=7 active_Q_l_towers=7 Q_l_bits=215 preselection_required_bits=174 selection_reserve_bits=32 q_div=1073741953 q_l=1073741441 ratio_2^(2p)/(q_div*q_l)=1.00000023655603276 descriptor_ratio=1.00000023655603276 M_high=89261193 M_low=7927550135 secret_h=49 ordinary_combined_relin_execution_error=11 pair_relin_execution_error=25 high_path_relin_error=13 low_path_relin_error=12 execution_relin2_triangle_bound=25 paper_additivity_residual=23 paper_additivity_execution_observed=true execution_certificate=PER_PATH_CONDITIONAL conservative_E_Relin_available=false universal_theorem_gate=UNPROVED execution_nonwrap_left=587902441849798601961256357724422169 execution_nonwrap_right_Q_l_over_2=26328024613448530879173985421597446139694598533080369598792431808 coefficient_error=156553548648185465095/1152921231876374273 execution_bound=8101940607943636144100/2305842463752748546 fixed_key_bv_bound_available=false frozen_decoded_abs_tolerance=0.00100000000000000002 measured_recorded_bias_error=8.52649561758024277e-10 measured_logical_slot_error=8.5264935871419012e-10
2026-09-05T14:34:26.3864478Z 2/2 Test #57: mult2_pair_sub_input_hybrid_complex ...   Passed    0.09 sec
2026-09-05T14:34:26.3875702Z 
2026-09-05T14:34:26.3876011Z The following tests passed:
2026-09-05T14:34:26.3876480Z 	mult2_pair_add_input_hybrid_complex
2026-09-05T14:34:26.3876797Z 	mult2_pair_sub_input_hybrid_complex
2026-09-05T14:34:26.3877000Z 
2026-09-05T14:34:26.3877112Z 100% tests passed out of 2
2026-09-05T14:34:26.3877294Z 
2026-09-05T14:34:26.3877396Z Total Test time (real) =   0.19 sec
2026-09-05T14:34:26.4083835Z ##[group]Run prefix="$(cygpath -u "$OPENFHE_PREFIX")"
2026-09-05T14:34:26.4084352Z [36;1mprefix="$(cygpath -u "$OPENFHE_PREFIX")"[0m
2026-09-05T14:34:26.4084743Z [36;1mbuild="$(cygpath -u "$PROJECT_BUILD")"[0m
2026-09-05T14:34:26.4085124Z [36;1mexport PATH="$prefix/bin:$prefix/lib:$PATH"[0m
2026-09-05T14:34:26.4086061Z [36;1mctest --test-dir "$build" --show-only=json-v1 -E '^(precision_client_io_first_mult2_contract|repeated_mult2_semantic_two_square_contract|paper_h128_client_keypair_contract|paper_full_eight_square_contract)$'[0m
2026-09-05T14:34:26.4087599Z [36;1mctest --test-dir "$build" --verbose --output-on-failure -E '^(precision_client_io_first_mult2_contract|repeated_mult2_semantic_two_square_contract|paper_h128_client_keypair_contract|paper_full_eight_square_contract)$'[0m
2026-09-05T14:34:26.4090080Z shell: D:\a\_temp\setup-msys2\msys2.CMD {0}
2026-09-05T14:34:26.4090431Z env:
2026-09-05T14:34:26.4090769Z   OPENFHE_COMMIT: df495ba2e91739a6dc8f1de254fc5a41155ce504
2026-09-05T14:34:26.4091206Z   OPENFHE_PREFIX: C:\openfhe-2023-1788\openfhe-install
2026-09-05T14:34:26.4091545Z   WINDOWS_ROOT: C:\openfhe-2023-1788
2026-09-05T14:34:26.4091858Z   PROJECT_SOURCE: C:\openfhe-2023-1788\cleanroom
2026-09-05T14:34:26.4092199Z   OPENFHE_SOURCE: C:\openfhe-2023-1788\openfhe-src
2026-09-05T14:34:26.4092590Z   OPENFHE_BUILD: C:\openfhe-2023-1788\openfhe-build-33971779479-1
2026-09-05T14:34:26.4093029Z   PROJECT_BUILD: C:\openfhe-2023-1788\project-build-33971779479-1
2026-09-05T14:34:26.4093342Z   MSYSTEM: MINGW64
2026-09-05T14:34:26.4093520Z ##[endgroup]
2026-09-05T14:34:26.6248364Z {
2026-09-05T14:34:26.6248803Z   "backtraceGraph" : 
2026-09-05T14:34:26.6249241Z   {
2026-09-05T14:34:26.6249594Z     "commands" : 
2026-09-05T14:34:26.6249962Z     [
2026-09-05T14:34:26.6250259Z       "add_test"
2026-09-05T14:34:26.6250584Z     ],
2026-09-05T14:34:26.6251144Z     "files" : 
2026-09-05T14:34:26.6251468Z     [
2026-09-05T14:34:26.6251867Z       "C:/openfhe-2023-1788/cleanroom/CMakeLists.txt"
2026-09-05T14:34:26.6252364Z     ],
2026-09-05T14:34:26.6252645Z     "nodes" : 
2026-09-05T14:34:26.6252932Z     [
2026-09-05T14:34:26.6253187Z       {
2026-09-05T14:34:26.6253428Z         "file" : 0
2026-09-05T14:34:26.6253687Z       },
2026-09-05T14:34:26.6253939Z       {
2026-09-05T14:34:26.6254186Z         "command" : 0,
2026-09-05T14:34:26.6254488Z         "file" : 0,
2026-09-05T14:34:26.6254811Z         "line" : 190,
2026-09-05T14:34:26.6255161Z         "parent" : 0
2026-09-05T14:34:26.6255476Z       },
2026-09-05T14:34:26.6255735Z       {
2026-09-05T14:34:26.6255991Z         "file" : 0
2026-09-05T14:34:26.6256273Z       },
2026-09-05T14:34:26.6256542Z       {
2026-09-05T14:34:26.6256817Z         "command" : 0,
2026-09-05T14:34:26.6257144Z         "file" : 0,
2026-09-05T14:34:26.6257464Z         "line" : 191,
2026-09-05T14:34:26.6257787Z         "parent" : 2
2026-09-05T14:34:26.6258090Z       },
2026-09-05T14:34:26.6258350Z       {
2026-09-05T14:34:26.6258617Z         "file" : 0
2026-09-05T14:34:26.6259354Z       },
2026-09-05T14:34:26.6259821Z       {
2026-09-05T14:34:26.6260104Z         "command" : 0,
2026-09-05T14:34:26.6260423Z         "file" : 0,
2026-09-05T14:34:26.6260949Z         "line" : 193,
2026-09-05T14:34:26.6261697Z         "parent" : 4
2026-09-05T14:34:26.6261999Z       },
2026-09-05T14:34:26.6262450Z       {
2026-09-05T14:34:26.6262919Z         "file" : 0
2026-09-05T14:34:26.6263173Z       },
2026-09-05T14:34:26.6263394Z       {
2026-09-05T14:34:26.6263619Z         "command" : 0,
2026-09-05T14:34:26.6263892Z         "file" : 0,
2026-09-05T14:34:26.6264159Z         "line" : 195,
2026-09-05T14:34:26.6264410Z         "parent" : 6
2026-09-05T14:34:26.6264592Z       },
2026-09-05T14:34:26.6264741Z       {
2026-09-05T14:34:26.6264892Z         "file" : 0
2026-09-05T14:34:26.6265058Z       },
2026-09-05T14:34:26.6265200Z       {
2026-09-05T14:34:26.6265348Z         "command" : 0,
2026-09-05T14:34:26.6267970Z         "file" : 0,
2026-09-05T14:34:26.6268262Z         "line" : 196,
2026-09-05T14:34:26.6268464Z         "parent" : 8
2026-09-05T14:34:26.6268648Z       },
2026-09-05T14:34:26.6268865Z       {
2026-09-05T14:34:26.6269123Z         "file" : 0
2026-09-05T14:34:26.6269392Z       },
2026-09-05T14:34:26.6269649Z       {
2026-09-05T14:34:26.6269907Z         "command" : 0,
2026-09-05T14:34:26.6270190Z         "file" : 0,
2026-09-05T14:34:26.6270475Z         "line" : 197,
2026-09-05T14:34:26.6270701Z         "parent" : 10
2026-09-05T14:34:26.6270881Z       },
2026-09-05T14:34:26.6271028Z       {
2026-09-05T14:34:26.6271177Z         "file" : 0
2026-09-05T14:34:26.6271342Z       },
2026-09-05T14:34:26.6271484Z       {
2026-09-05T14:34:26.6271630Z         "command" : 0,
2026-09-05T14:34:26.6271805Z         "file" : 0,
2026-09-05T14:34:26.6271967Z         "line" : 198,
2026-09-05T14:34:26.6272146Z         "parent" : 12
2026-09-05T14:34:26.6272312Z       },
2026-09-05T14:34:26.6272456Z       {
2026-09-05T14:34:26.6272602Z         "file" : 0
2026-09-05T14:34:26.6272761Z       },
2026-09-05T14:34:26.6272902Z       {
2026-09-05T14:34:26.6273046Z         "command" : 0,
2026-09-05T14:34:26.6273219Z         "file" : 0,
2026-09-05T14:34:26.6273386Z         "line" : 200,
2026-09-05T14:34:26.6273563Z         "parent" : 14
2026-09-05T14:34:26.6273729Z       },
2026-09-05T14:34:26.6273870Z       {
2026-09-05T14:34:26.6274016Z         "file" : 0
2026-09-05T14:34:26.6274178Z       },
2026-09-05T14:34:26.6274316Z       {
2026-09-05T14:34:26.6274478Z         "command" : 0,
2026-09-05T14:34:26.6274682Z         "file" : 0,
2026-09-05T14:34:26.6274843Z         "line" : 202,
2026-09-05T14:34:26.6275010Z         "parent" : 16
2026-09-05T14:34:26.6275172Z       },
2026-09-05T14:34:26.6275380Z       {
2026-09-05T14:34:26.6275630Z         "file" : 0
2026-09-05T14:34:26.6276310Z       },
2026-09-05T14:34:26.6276632Z       {
2026-09-05T14:34:26.6276878Z         "command" : 0,
2026-09-05T14:34:26.6277213Z         "file" : 0,
2026-09-05T14:34:26.6277497Z         "line" : 203,
2026-09-05T14:34:26.6277690Z         "parent" : 18
2026-09-05T14:34:26.6277878Z       },
2026-09-05T14:34:26.6278035Z       {
2026-09-05T14:34:26.6278185Z         "file" : 0
2026-09-05T14:34:26.6278356Z       },
2026-09-05T14:34:26.6278503Z       {
2026-09-05T14:34:26.6278659Z         "command" : 0,
2026-09-05T14:34:26.6278844Z         "file" : 0,
2026-09-05T14:34:26.6279018Z         "line" : 204,
2026-09-05T14:34:26.6279194Z         "parent" : 20
2026-09-05T14:34:26.6279359Z       },
2026-09-05T14:34:26.6279506Z       {
2026-09-05T14:34:26.6279647Z         "file" : 0
2026-09-05T14:34:26.6279805Z       },
2026-09-05T14:34:26.6279944Z       {
2026-09-05T14:34:26.6280089Z         "command" : 0,
2026-09-05T14:34:26.6280262Z         "file" : 0,
2026-09-05T14:34:26.6280425Z         "line" : 205,
2026-09-05T14:34:26.6280596Z         "parent" : 22
2026-09-05T14:34:26.6280760Z       },
2026-09-05T14:34:26.6280903Z       {
2026-09-05T14:34:26.6281050Z         "file" : 0
2026-09-05T14:34:26.6281208Z       },
2026-09-05T14:34:26.6281352Z       {
2026-09-05T14:34:26.6281505Z         "command" : 0,
2026-09-05T14:34:26.6281675Z         "file" : 0,
2026-09-05T14:34:26.6281868Z         "line" : 206,
2026-09-05T14:34:26.6282031Z         "parent" : 24
2026-09-05T14:34:26.6282302Z       },
2026-09-05T14:34:26.6282505Z       {
2026-09-05T14:34:26.6282846Z         "file" : 0
2026-09-05T14:34:26.6283007Z       },
2026-09-05T14:34:26.6283178Z       {
2026-09-05T14:34:26.6283337Z         "command" : 0,
2026-09-05T14:34:26.6283582Z         "file" : 0,
2026-09-05T14:34:26.6283881Z         "line" : 207,
2026-09-05T14:34:26.6284199Z         "parent" : 26
2026-09-05T14:34:26.6284506Z       },
2026-09-05T14:34:26.6284749Z       {
2026-09-05T14:34:26.6284918Z         "file" : 0
2026-09-05T14:34:26.6285090Z       },
2026-09-05T14:34:26.6285312Z       {
2026-09-05T14:34:26.6285583Z         "command" : 0,
2026-09-05T14:34:26.6286421Z         "file" : 0,
2026-09-05T14:34:26.6286717Z         "line" : 208,
2026-09-05T14:34:26.6286899Z         "parent" : 28
2026-09-05T14:34:26.6287069Z       },
2026-09-05T14:34:26.6287213Z       {
2026-09-05T14:34:26.6287358Z         "file" : 0
2026-09-05T14:34:26.6287526Z       },
2026-09-05T14:34:26.6287668Z       {
2026-09-05T14:34:26.6287815Z         "command" : 0,
2026-09-05T14:34:26.6288000Z         "file" : 0,
2026-09-05T14:34:26.6288165Z         "line" : 209,
2026-09-05T14:34:26.6288344Z         "parent" : 30
2026-09-05T14:34:26.6288512Z       },
2026-09-05T14:34:26.6288655Z       {
2026-09-05T14:34:26.6288802Z         "file" : 0
2026-09-05T14:34:26.6288965Z       },
2026-09-05T14:34:26.6289111Z       {
2026-09-05T14:34:26.6289259Z         "command" : 0,
2026-09-05T14:34:26.6289439Z         "file" : 0,
2026-09-05T14:34:26.6289606Z         "line" : 210,
2026-09-05T14:34:26.6289776Z         "parent" : 32
2026-09-05T14:34:26.6289942Z       },
2026-09-05T14:34:26.6290082Z       {
2026-09-05T14:34:26.6290224Z         "file" : 0
2026-09-05T14:34:26.6290382Z       },
2026-09-05T14:34:26.6290518Z       {
2026-09-05T14:34:26.6290658Z         "command" : 0,
2026-09-05T14:34:26.6290825Z         "file" : 0,
2026-09-05T14:34:26.6290983Z         "line" : 211,
2026-09-05T14:34:26.6291151Z         "parent" : 34
2026-09-05T14:34:26.6291310Z       },
2026-09-05T14:34:26.6291454Z       {
2026-09-05T14:34:26.6291599Z         "file" : 0
2026-09-05T14:34:26.6291750Z       },
2026-09-05T14:34:26.6291891Z       {
2026-09-05T14:34:26.6292033Z         "command" : 0,
2026-09-05T14:34:26.6292203Z         "file" : 0,
2026-09-05T14:34:26.6292365Z         "line" : 212,
2026-09-05T14:34:26.6292532Z         "parent" : 36
2026-09-05T14:34:26.6292695Z       },
2026-09-05T14:34:26.6292834Z       {
2026-09-05T14:34:26.6292974Z         "file" : 0
2026-09-05T14:34:26.6293131Z       },
2026-09-05T14:34:26.6293275Z       {
2026-09-05T14:34:26.6293420Z         "command" : 0,
2026-09-05T14:34:26.6293591Z         "file" : 0,
2026-09-05T14:34:26.6293752Z         "line" : 213,
2026-09-05T14:34:26.6293919Z         "parent" : 38
2026-09-05T14:34:26.6294080Z       },
2026-09-05T14:34:26.6294222Z       {
2026-09-05T14:34:26.6294362Z         "file" : 0
2026-09-05T14:34:26.6294513Z       },
2026-09-05T14:34:26.6294651Z       {
2026-09-05T14:34:26.6294793Z         "command" : 0,
2026-09-05T14:34:26.6294970Z         "file" : 0,
2026-09-05T14:34:26.6295182Z         "line" : 214,
2026-09-05T14:34:26.6295359Z         "parent" : 40
2026-09-05T14:34:26.6295521Z       },
2026-09-05T14:34:26.6295665Z       {
2026-09-05T14:34:26.6295808Z         "file" : 0
2026-09-05T14:34:26.6295966Z       },
2026-09-05T14:34:26.6296106Z       {
2026-09-05T14:34:26.6296245Z         "command" : 0,
2026-09-05T14:34:26.6296413Z         "file" : 0,
2026-09-05T14:34:26.6296571Z         "line" : 215,
2026-09-05T14:34:26.6296737Z         "parent" : 42
2026-09-05T14:34:26.6296897Z       },
2026-09-05T14:34:26.6297069Z       {
2026-09-05T14:34:26.6297217Z         "file" : 0
2026-09-05T14:34:26.6297371Z       },
2026-09-05T14:34:26.6297510Z       {
2026-09-05T14:34:26.6297658Z         "command" : 0,
2026-09-05T14:34:26.6297829Z         "file" : 0,
2026-09-05T14:34:26.6297992Z         "line" : 216,
2026-09-05T14:34:26.6298161Z         "parent" : 44
2026-09-05T14:34:26.6298323Z       },
2026-09-05T14:34:26.6298514Z       {
2026-09-05T14:34:26.6298741Z         "file" : 0
2026-09-05T14:34:26.6298897Z       },
2026-09-05T14:34:26.6299035Z       {
2026-09-05T14:34:26.6299188Z         "command" : 0,
2026-09-05T14:34:26.6299357Z         "file" : 0,
2026-09-05T14:34:26.6299518Z         "line" : 217,
2026-09-05T14:34:26.6299686Z         "parent" : 46
2026-09-05T14:34:26.6299851Z       },
2026-09-05T14:34:26.6299993Z       {
2026-09-05T14:34:26.6300136Z         "file" : 0
2026-09-05T14:34:26.6300293Z       },
2026-09-05T14:34:26.6300433Z       {
2026-09-05T14:34:26.6300580Z         "command" : 0,
2026-09-05T14:34:26.6300817Z         "file" : 0,
2026-09-05T14:34:26.6300984Z         "line" : 218,
2026-09-05T14:34:26.6301156Z         "parent" : 48
2026-09-05T14:34:26.6301322Z       },
2026-09-05T14:34:26.6301563Z       {
2026-09-05T14:34:26.6301791Z         "file" : 0
2026-09-05T14:34:26.6302075Z       },
2026-09-05T14:34:26.6302585Z       {
2026-09-05T14:34:26.6302802Z         "command" : 0,
2026-09-05T14:34:26.6303161Z         "file" : 0,
2026-09-05T14:34:26.6303463Z         "line" : 219,
2026-09-05T14:34:26.6303771Z         "parent" : 50
2026-09-05T14:34:26.6304105Z       },
2026-09-05T14:34:26.6304365Z       {
2026-09-05T14:34:26.6304637Z         "file" : 0
2026-09-05T14:34:26.6304929Z       },
2026-09-05T14:34:26.6305162Z       {
2026-09-05T14:34:26.6305400Z         "command" : 0,
2026-09-05T14:34:26.6305711Z         "file" : 0,
2026-09-05T14:34:26.6305993Z         "line" : 220,
2026-09-05T14:34:26.6306268Z         "parent" : 52
2026-09-05T14:34:26.6306560Z       },
2026-09-05T14:34:26.6306863Z       {
2026-09-05T14:34:26.6307127Z         "file" : 0
2026-09-05T14:34:26.6307432Z       },
2026-09-05T14:34:26.6307699Z       {
2026-09-05T14:34:26.6307976Z         "command" : 0,
2026-09-05T14:34:26.6308240Z         "file" : 0,
2026-09-05T14:34:26.6308412Z         "line" : 221,
2026-09-05T14:34:26.6308588Z         "parent" : 54
2026-09-05T14:34:26.6308772Z       },
2026-09-05T14:34:26.6308916Z       {
2026-09-05T14:34:26.6309066Z         "file" : 0
2026-09-05T14:34:26.6309302Z       },
2026-09-05T14:34:26.6309632Z       {
2026-09-05T14:34:26.6309830Z         "command" : 0,
2026-09-05T14:34:26.6310119Z         "file" : 0,
2026-09-05T14:34:26.6310424Z         "line" : 222,
2026-09-05T14:34:26.6310735Z         "parent" : 56
2026-09-05T14:34:26.6310923Z       },
2026-09-05T14:34:26.6311069Z       {
2026-09-05T14:34:26.6311214Z         "file" : 0
2026-09-05T14:34:26.6311378Z       },
2026-09-05T14:34:26.6311518Z       {
2026-09-05T14:34:26.6311666Z         "command" : 0,
2026-09-05T14:34:26.6311846Z         "file" : 0,
2026-09-05T14:34:26.6312015Z         "line" : 223,
2026-09-05T14:34:26.6312187Z         "parent" : 58
2026-09-05T14:34:26.6312354Z       },
2026-09-05T14:34:26.6312524Z       {
2026-09-05T14:34:26.6312672Z         "file" : 0
2026-09-05T14:34:26.6312872Z       },
2026-09-05T14:34:26.6313012Z       {
2026-09-05T14:34:26.6313156Z         "command" : 0,
2026-09-05T14:34:26.6313331Z         "file" : 0,
2026-09-05T14:34:26.6313496Z         "line" : 224,
2026-09-05T14:34:26.6313665Z         "parent" : 60
2026-09-05T14:34:26.6313835Z       },
2026-09-05T14:34:26.6313976Z       {
2026-09-05T14:34:26.6314143Z         "file" : 0
2026-09-05T14:34:26.6314421Z       },
2026-09-05T14:34:26.6314587Z       {
2026-09-05T14:34:26.6314740Z         "command" : 0,
2026-09-05T14:34:26.6314918Z         "file" : 0,
2026-09-05T14:34:26.6315085Z         "line" : 225,
2026-09-05T14:34:26.6315317Z         "parent" : 62
2026-09-05T14:34:26.6315609Z       },
2026-09-05T14:34:26.6315853Z       {
2026-09-05T14:34:26.6316016Z         "file" : 0
2026-09-05T14:34:26.6316180Z       },
2026-09-05T14:34:26.6316325Z       {
2026-09-05T14:34:26.6316471Z         "command" : 0,
2026-09-05T14:34:26.6316647Z         "file" : 0,
2026-09-05T14:34:26.6316814Z         "line" : 226,
2026-09-05T14:34:26.6316988Z         "parent" : 64
2026-09-05T14:34:26.6317159Z       },
2026-09-05T14:34:26.6317300Z       {
2026-09-05T14:34:26.6317624Z         "file" : 0
2026-09-05T14:34:26.6317783Z       },
2026-09-05T14:34:26.6317923Z       {
2026-09-05T14:34:26.6318070Z         "command" : 0,
2026-09-05T14:34:26.6318243Z         "file" : 0,
2026-09-05T14:34:26.6318406Z         "line" : 227,
2026-09-05T14:34:26.6318579Z         "parent" : 66
2026-09-05T14:34:26.6318744Z       },
2026-09-05T14:34:26.6318883Z       {
2026-09-05T14:34:26.6319021Z         "file" : 0
2026-09-05T14:34:26.6319184Z       },
2026-09-05T14:34:26.6319321Z       {
2026-09-05T14:34:26.6319466Z         "command" : 0,
2026-09-05T14:34:26.6319716Z         "file" : 0,
2026-09-05T14:34:26.6319885Z         "line" : 228,
2026-09-05T14:34:26.6320056Z         "parent" : 68
2026-09-05T14:34:26.6320223Z       },
2026-09-05T14:34:26.6320364Z       {
2026-09-05T14:34:26.6320509Z         "file" : 0
2026-09-05T14:34:26.6320666Z       },
2026-09-05T14:34:26.6320809Z       {
2026-09-05T14:34:26.6320958Z         "command" : 0,
2026-09-05T14:34:26.6321134Z         "file" : 0,
2026-09-05T14:34:26.6321302Z         "line" : 229,
2026-09-05T14:34:26.6321468Z         "parent" : 70
2026-09-05T14:34:26.6321629Z       },
2026-09-05T14:34:26.6321767Z       {
2026-09-05T14:34:26.6321905Z         "file" : 0
2026-09-05T14:34:26.6322060Z       },
2026-09-05T14:34:26.6322198Z       {
2026-09-05T14:34:26.6322339Z         "command" : 0,
2026-09-05T14:34:26.6322506Z         "file" : 0,
2026-09-05T14:34:26.6322667Z         "line" : 230,
2026-09-05T14:34:26.6322833Z         "parent" : 72
2026-09-05T14:34:26.6322999Z       },
2026-09-05T14:34:26.6323141Z       {
2026-09-05T14:34:26.6323286Z         "file" : 0
2026-09-05T14:34:26.6323440Z       },
2026-09-05T14:34:26.6323578Z       {
2026-09-05T14:34:26.6323722Z         "command" : 0,
2026-09-05T14:34:26.6323893Z         "file" : 0,
2026-09-05T14:34:26.6324055Z         "line" : 231,
2026-09-05T14:34:26.6324224Z         "parent" : 74
2026-09-05T14:34:26.6324388Z       },
2026-09-05T14:34:26.6324526Z       {
2026-09-05T14:34:26.6324675Z         "file" : 0
2026-09-05T14:34:26.6324834Z       },
2026-09-05T14:34:26.6324974Z       {
2026-09-05T14:34:26.6325126Z         "command" : 0,
2026-09-05T14:34:26.6325296Z         "file" : 0,
2026-09-05T14:34:26.6325456Z         "line" : 232,
2026-09-05T14:34:26.6325623Z         "parent" : 76
2026-09-05T14:34:26.6325792Z       },
2026-09-05T14:34:26.6325932Z       {
2026-09-05T14:34:26.6326076Z         "file" : 0
2026-09-05T14:34:26.6326233Z       },
2026-09-05T14:34:26.6326375Z       {
2026-09-05T14:34:26.6326520Z         "command" : 0,
2026-09-05T14:34:26.6326694Z         "file" : 0,
2026-09-05T14:34:26.6326862Z         "line" : 233,
2026-09-05T14:34:26.6327039Z         "parent" : 78
2026-09-05T14:34:26.6327205Z       },
2026-09-05T14:34:26.6327344Z       {
2026-09-05T14:34:26.6327488Z         "file" : 0
2026-09-05T14:34:26.6327645Z       },
2026-09-05T14:34:26.6327786Z       {
2026-09-05T14:34:26.6327933Z         "command" : 0,
2026-09-05T14:34:26.6328114Z         "file" : 0,
2026-09-05T14:34:26.6328277Z         "line" : 234,
2026-09-05T14:34:26.6328449Z         "parent" : 80
2026-09-05T14:34:26.6328613Z       },
2026-09-05T14:34:26.6328752Z       {
2026-09-05T14:34:26.6328895Z         "file" : 0
2026-09-05T14:34:26.6329175Z       },
2026-09-05T14:34:26.6329423Z       {
2026-09-05T14:34:26.6329683Z         "command" : 0,
2026-09-05T14:34:26.6329983Z         "file" : 0,
2026-09-05T14:34:26.6330284Z         "line" : 235,
2026-09-05T14:34:26.6330602Z         "parent" : 82
2026-09-05T14:34:26.6330921Z       },
2026-09-05T14:34:26.6331072Z       {
2026-09-05T14:34:26.6331226Z         "file" : 0
2026-09-05T14:34:26.6331386Z       },
2026-09-05T14:34:26.6331525Z       {
2026-09-05T14:34:26.6331669Z         "command" : 0,
2026-09-05T14:34:26.6331849Z         "file" : 0,
2026-09-05T14:34:26.6332013Z         "line" : 236,
2026-09-05T14:34:26.6332182Z         "parent" : 84
2026-09-05T14:34:26.6332343Z       },
2026-09-05T14:34:26.6332485Z       {
2026-09-05T14:34:26.6332765Z         "file" : 0
2026-09-05T14:34:26.6332926Z       },
2026-09-05T14:34:26.6333069Z       {
2026-09-05T14:34:26.6333215Z         "command" : 0,
2026-09-05T14:34:26.6333390Z         "file" : 0,
2026-09-05T14:34:26.6333568Z         "line" : 237,
2026-09-05T14:34:26.6333756Z         "parent" : 86
2026-09-05T14:34:26.6333928Z       },
2026-09-05T14:34:26.6334081Z       {
2026-09-05T14:34:26.6334229Z         "file" : 0
2026-09-05T14:34:26.6334398Z       },
2026-09-05T14:34:26.6334546Z       {
2026-09-05T14:34:26.6334693Z         "command" : 0,
2026-09-05T14:34:26.6335459Z         "file" : 0,
2026-09-05T14:34:26.6335673Z         "line" : 238,
2026-09-05T14:34:26.6335862Z         "parent" : 88
2026-09-05T14:34:26.6336034Z       },
2026-09-05T14:34:26.6336176Z       {
2026-09-05T14:34:26.6336329Z         "file" : 0
2026-09-05T14:34:26.6336496Z       },
2026-09-05T14:34:26.6336642Z       {
2026-09-05T14:34:26.6336798Z         "command" : 0,
2026-09-05T14:34:26.6336977Z         "file" : 0,
2026-09-05T14:34:26.6337150Z         "line" : 239,
2026-09-05T14:34:26.6337325Z         "parent" : 90
2026-09-05T14:34:26.6337532Z       },
2026-09-05T14:34:26.6337804Z       {
2026-09-05T14:34:26.6338078Z         "file" : 0
2026-09-05T14:34:26.6338308Z       },
2026-09-05T14:34:26.6338453Z       {
2026-09-05T14:34:26.6338602Z         "command" : 0,
2026-09-05T14:34:26.6338780Z         "file" : 0,
2026-09-05T14:34:26.6338972Z         "line" : 241,
2026-09-05T14:34:26.6339155Z         "parent" : 92
2026-09-05T14:34:26.6339333Z       },
2026-09-05T14:34:26.6339482Z       {
2026-09-05T14:34:26.6339655Z         "file" : 0
2026-09-05T14:34:26.6339829Z       },
2026-09-05T14:34:26.6339981Z       {
2026-09-05T14:34:26.6340162Z         "command" : 0,
2026-09-05T14:34:26.6340337Z         "file" : 0,
2026-09-05T14:34:26.6340503Z         "line" : 242,
2026-09-05T14:34:26.6340675Z         "parent" : 94
2026-09-05T14:34:26.6340897Z       },
2026-09-05T14:34:26.6341146Z       {
2026-09-05T14:34:26.6341378Z         "file" : 0
2026-09-05T14:34:26.6341647Z       },
2026-09-05T14:34:26.6341882Z       {
2026-09-05T14:34:26.6342135Z         "command" : 0,
2026-09-05T14:34:26.6342455Z         "file" : 0,
2026-09-05T14:34:26.6342740Z         "line" : 243,
2026-09-05T14:34:26.6343032Z         "parent" : 96
2026-09-05T14:34:26.6343314Z       },
2026-09-05T14:34:26.6343580Z       {
2026-09-05T14:34:26.6343754Z         "file" : 0
2026-09-05T14:34:26.6343917Z       },
2026-09-05T14:34:26.6344065Z       {
2026-09-05T14:34:26.6344215Z         "command" : 0,
2026-09-05T14:34:26.6344404Z         "file" : 0,
2026-09-05T14:34:26.6344570Z         "line" : 244,
2026-09-05T14:34:26.6344739Z         "parent" : 98
2026-09-05T14:34:26.6344906Z       },
2026-09-05T14:34:26.6345049Z       {
2026-09-05T14:34:26.6345193Z         "file" : 0
2026-09-05T14:34:26.6345352Z       },
2026-09-05T14:34:26.6345493Z       {
2026-09-05T14:34:26.6345638Z         "command" : 0,
2026-09-05T14:34:26.6345816Z         "file" : 0,
2026-09-05T14:34:26.6345980Z         "line" : 246,
2026-09-05T14:34:26.6346155Z         "parent" : 100
2026-09-05T14:34:26.6346336Z       },
2026-09-05T14:34:26.6346480Z       {
2026-09-05T14:34:26.6346631Z         "file" : 0
2026-09-05T14:34:26.6346793Z       },
2026-09-05T14:34:26.6346941Z       {
2026-09-05T14:34:26.6347089Z         "command" : 0,
2026-09-05T14:34:26.6347263Z         "file" : 0,
2026-09-05T14:34:26.6347429Z         "line" : 247,
2026-09-05T14:34:26.6347608Z         "parent" : 102
2026-09-05T14:34:26.6347781Z       },
2026-09-05T14:34:26.6348028Z       {
2026-09-05T14:34:26.6348271Z         "file" : 0
2026-09-05T14:34:26.6348540Z       },
2026-09-05T14:34:26.6348797Z       {
2026-09-05T14:34:26.6349041Z         "command" : 0,
2026-09-05T14:34:26.6349328Z         "file" : 0,
2026-09-05T14:34:26.6349604Z         "line" : 248,
2026-09-05T14:34:26.6349900Z         "parent" : 104
2026-09-05T14:34:26.6350153Z       },
2026-09-05T14:34:26.6350450Z       {
2026-09-05T14:34:26.6350603Z         "file" : 0
2026-09-05T14:34:26.6350765Z       },
2026-09-05T14:34:26.6350906Z       {
2026-09-05T14:34:26.6351056Z         "command" : 0,
2026-09-05T14:34:26.6351236Z         "file" : 0,
2026-09-05T14:34:26.6351400Z         "line" : 249,
2026-09-05T14:34:26.6351578Z         "parent" : 106
2026-09-05T14:34:26.6351750Z       },
2026-09-05T14:34:26.6351901Z       {
2026-09-05T14:34:26.6352051Z         "file" : 0
2026-09-05T14:34:26.6352217Z       },
2026-09-05T14:34:26.6352354Z       {
2026-09-05T14:34:26.6352498Z         "command" : 0,
2026-09-05T14:34:26.6352751Z         "file" : 0,
2026-09-05T14:34:26.6352924Z         "line" : 250,
2026-09-05T14:34:26.6353101Z         "parent" : 108
2026-09-05T14:34:26.6353271Z       },
2026-09-05T14:34:26.6353414Z       {
2026-09-05T14:34:26.6353567Z         "file" : 0
2026-09-05T14:34:26.6353728Z       },
2026-09-05T14:34:26.6353873Z       {
2026-09-05T14:34:26.6354022Z         "command" : 0,
2026-09-05T14:34:26.6354200Z         "file" : 0,
2026-09-05T14:34:26.6354368Z         "line" : 251,
2026-09-05T14:34:26.6354543Z         "parent" : 110
2026-09-05T14:34:26.6354713Z       },
2026-09-05T14:34:26.6354854Z       {
2026-09-05T14:34:26.6355003Z         "file" : 0
2026-09-05T14:34:26.6355160Z       },
2026-09-05T14:34:26.6355305Z       {
2026-09-05T14:34:26.6355455Z         "command" : 0,
2026-09-05T14:34:26.6355643Z         "file" : 0,
2026-09-05T14:34:26.6355809Z         "line" : 253,
2026-09-05T14:34:26.6355984Z         "parent" : 112
2026-09-05T14:34:26.6356158Z       }
2026-09-05T14:34:26.6356307Z     ]
2026-09-05T14:34:26.6356460Z   },
2026-09-05T14:34:26.6356619Z   "kind" : "ctestInfo",
2026-09-05T14:34:26.6356813Z   "tests" : 
2026-09-05T14:34:26.6356972Z   [
2026-09-05T14:34:26.6357189Z     {
2026-09-05T14:34:26.6357419Z       "backtrace" : 1,
2026-09-05T14:34:26.6357607Z       "command" : 
2026-09-05T14:34:26.6357775Z       [
2026-09-05T14:34:26.6358046Z         "C:/openfhe-2023-1788/project-build-33971779479-1/dcp_rcb_test.exe"
2026-09-05T14:34:26.6358393Z       ],
2026-09-05T14:34:26.6358552Z       "name" : "dcp_rcb",
2026-09-05T14:34:26.6358750Z       "properties" : 
2026-09-05T14:34:26.6358926Z       [
2026-09-05T14:34:26.6359070Z         {
2026-09-05T14:34:26.6359236Z           "name" : "WORKING_DIRECTORY",
2026-09-05T14:34:26.6359550Z           "value" : "C:/openfhe-2023-1788/project-build-33971779479-1"
2026-09-05T14:34:26.6359856Z         }
2026-09-05T14:34:26.6359999Z       ]
2026-09-05T14:34:26.6360139Z     },
2026-09-05T14:34:26.6360284Z     {
2026-09-05T14:34:26.6360442Z       "backtrace" : 3,
2026-09-05T14:34:26.6360625Z       "command" : 
2026-09-05T14:34:26.6360786Z       [
2026-09-05T14:34:26.6361111Z         "C:/openfhe-2023-1788/project-build-33971779479-1/precision_dcp_rcb_contract_test.exe"
2026-09-05T14:34:26.6361512Z       ],
2026-09-05T14:34:26.6361718Z       "name" : "precision_dcp_rcb_high_precision_contract",
2026-09-05T14:34:26.6362013Z       "properties" : 
2026-09-05T14:34:26.6362190Z       [
2026-09-05T14:34:26.6362331Z         {
2026-09-05T14:34:26.6362492Z           "name" : "WORKING_DIRECTORY",
2026-09-05T14:34:26.6362799Z           "value" : "C:/openfhe-2023-1788/project-build-33971779479-1"
2026-09-05T14:34:26.6363098Z         }
2026-09-05T14:34:26.6363238Z       ]
2026-09-05T14:34:26.6363377Z     },
2026-09-05T14:34:26.6363520Z     {
2026-09-05T14:34:26.6363666Z       "backtrace" : 5,
2026-09-05T14:34:26.6363845Z       "command" : 
2026-09-05T14:34:26.6364003Z       [
2026-09-05T14:34:26.6364344Z         "C:/openfhe-2023-1788/project-build-33971779479-1/precision_first_mult2_contract_test.exe"
2026-09-05T14:34:26.6364762Z       ],
2026-09-05T14:34:26.6364984Z       "name" : "precision_first_mult2_high_precision_contract",
2026-09-05T14:34:26.6365287Z       "properties" : 
2026-09-05T14:34:26.6365460Z       [
2026-09-05T14:34:26.6365598Z         {
2026-09-05T14:34:26.6376672Z           "name" : "WORKING_DIRECTORY",
2026-09-05T14:34:26.6377492Z           "value" : "C:/openfhe-2023-1788/project-build-33971779479-1"
2026-09-05T14:34:26.6378026Z         }
2026-09-05T14:34:26.6378313Z       ]
2026-09-05T14:34:26.6378569Z     },
2026-09-05T14:34:26.6378835Z     {
2026-09-05T14:34:26.6378996Z       "backtrace" : 7,
2026-09-05T14:34:26.6379192Z       "command" : 
2026-09-05T14:34:26.6379365Z       [
2026-09-05T14:34:26.6379642Z         "C:/openfhe-2023-1788/project-build-33971779479-1/pair_add_test.exe"
2026-09-05T14:34:26.6380004Z       ],
2026-09-05T14:34:26.6380189Z       "name" : "pair_add_runtime_behavior",
2026-09-05T14:34:26.6380583Z       "properties" : 
2026-09-05T14:34:26.6380816Z       [
2026-09-05T14:34:26.6380967Z         {
2026-09-05T14:34:26.6381136Z           "name" : "WORKING_DIRECTORY",
2026-09-05T14:34:26.6381632Z           "value" : "C:/openfhe-2023-1788/project-build-33971779479-1"
2026-09-05T14:34:26.6382000Z         }
2026-09-05T14:34:26.6382148Z       ]
2026-09-05T14:34:26.6382290Z     },
2026-09-05T14:34:26.6382437Z     {
2026-09-05T14:34:26.6382594Z       "backtrace" : 9,
2026-09-05T14:34:26.6382791Z       "command" : 
2026-09-05T14:34:26.6382960Z       [
2026-09-05T14:34:26.6383223Z         "C:/openfhe-2023-1788/project-build-33971779479-1/pair_sub_test.exe"
2026-09-05T14:34:26.6383557Z       ],
2026-09-05T14:34:26.6383730Z       "name" : "pair_sub_runtime_behavior",
2026-09-05T14:34:26.6383975Z       "properties" : 
2026-09-05T14:34:26.6384150Z       [
2026-09-05T14:34:26.6384290Z         {
2026-09-05T14:34:26.6384451Z           "name" : "WORKING_DIRECTORY",
2026-09-05T14:34:26.6384753Z           "value" : "C:/openfhe-2023-1788/project-build-33971779479-1"
2026-09-05T14:34:26.6385052Z         }
2026-09-05T14:34:26.6385208Z       ]
2026-09-05T14:34:26.6385347Z     },
2026-09-05T14:34:26.6385489Z     {
2026-09-05T14:34:26.6385642Z       "backtrace" : 11,
2026-09-05T14:34:26.6385829Z       "command" : 
2026-09-05T14:34:26.6385998Z       [
2026-09-05T14:34:26.6386297Z         "C:/openfhe-2023-1788/project-build-33971779479-1/pair_arithmetic_test.exe",
2026-09-05T14:34:26.6386683Z         "controlled_oracle"
2026-09-05T14:34:26.6386874Z       ],
2026-09-05T14:34:26.6387065Z       "name" : "pair_arithmetic_controlled_oracle",
2026-09-05T14:34:26.6387338Z       "properties" : 
2026-09-05T14:34:26.6387516Z       [
2026-09-05T14:34:26.6387670Z         {
2026-09-05T14:34:26.6387833Z           "name" : "WORKING_DIRECTORY",
2026-09-05T14:34:26.6388140Z           "value" : "C:/openfhe-2023-1788/project-build-33971779479-1"
2026-09-05T14:34:26.6388443Z         }
2026-09-05T14:34:26.6388589Z       ]
2026-09-05T14:34:26.6388735Z     },
2026-09-05T14:34:26.6388875Z     {
2026-09-05T14:34:26.6389028Z       "backtrace" : 13,
2026-09-05T14:34:26.6389218Z       "command" : 
2026-09-05T14:34:26.6389382Z       [
2026-09-05T14:34:26.6389670Z         "C:/openfhe-2023-1788/project-build-33971779479-1/pair_arithmetic_test.exe",
2026-09-05T14:34:26.6390064Z         "public_lifecycles_keyless"
2026-09-05T14:34:26.6390290Z       ],
2026-09-05T14:34:26.6390501Z       "name" : "pair_arithmetic_public_lifecycles_keyless",
2026-09-05T14:34:26.6390789Z       "properties" : 
2026-09-05T14:34:26.6390964Z       [
2026-09-05T14:34:26.6391107Z         {
2026-09-05T14:34:26.6391273Z           "name" : "WORKING_DIRECTORY",
2026-09-05T14:34:26.6391577Z           "value" : "C:/openfhe-2023-1788/project-build-33971779479-1"
2026-09-05T14:34:26.6391875Z         }
2026-09-05T14:34:26.6392018Z       ]
2026-09-05T14:34:26.6392153Z     },
2026-09-05T14:34:26.6392287Z     {
2026-09-05T14:34:26.6392453Z       "backtrace" : 15,
2026-09-05T14:34:26.6392630Z       "command" : 
2026-09-05T14:34:26.6392801Z       [
2026-09-05T14:34:26.6393103Z         "C:/openfhe-2023-1788/project-build-33971779479-1/pair_arithmetic_test.exe",
2026-09-05T14:34:26.6393496Z         "compatibility_rejections"
2026-09-05T14:34:26.6393714Z       ],
2026-09-05T14:34:26.6393923Z       "name" : "pair_arithmetic_compatibility_rejections",
2026-09-05T14:34:26.6394317Z       "properties" : 
2026-09-05T14:34:26.6394498Z       [
2026-09-05T14:34:26.6394643Z         {
2026-09-05T14:34:26.6394809Z           "name" : "WORKING_DIRECTORY",
2026-09-05T14:34:26.6395124Z           "value" : "C:/openfhe-2023-1788/project-build-33971779479-1"
2026-09-05T14:34:26.6395428Z         }
2026-09-05T14:34:26.6395574Z       ]
2026-09-05T14:34:26.6395711Z     },
2026-09-05T14:34:26.6395846Z     {
2026-09-05T14:34:26.6395992Z       "backtrace" : 17,
2026-09-05T14:34:26.6396178Z       "command" : 
2026-09-05T14:34:26.6396334Z       [
2026-09-05T14:34:26.6396661Z         "C:/openfhe-2023-1788/project-build-33971779479-1/tensor2_test.exe",
2026-09-05T14:34:26.6397013Z         "valid_arithmetic_immutability"
2026-09-05T14:34:26.6397229Z       ],
2026-09-05T14:34:26.6397426Z       "name" : "tensor2_valid_arithmetic_immutability",
2026-09-05T14:34:26.6397700Z       "properties" : 
2026-09-05T14:34:26.6397872Z       [
2026-09-05T14:34:26.6398014Z         {
2026-09-05T14:34:26.6398172Z           "name" : "WORKING_DIRECTORY",
2026-09-05T14:34:26.6398474Z           "value" : "C:/openfhe-2023-1788/project-build-33971779479-1"
2026-09-05T14:34:26.6398775Z         }
2026-09-05T14:34:26.6398921Z       ]
2026-09-05T14:34:26.6399062Z     },
2026-09-05T14:34:26.6399202Z     {
2026-09-05T14:34:26.6399347Z       "backtrace" : 19,
2026-09-05T14:34:26.6399532Z       "command" : 
2026-09-05T14:34:26.6399694Z       [
2026-09-05T14:34:26.6399950Z         "C:/openfhe-2023-1788/project-build-33971779479-1/tensor2_test.exe",
2026-09-05T14:34:26.6400293Z         "result_scale_contract"
2026-09-05T14:34:26.6400489Z       ],
2026-09-05T14:34:26.6400672Z       "name" : "tensor2_result_scale_contract",
2026-09-05T14:34:26.6400927Z       "properties" : 
2026-09-05T14:34:26.6401108Z       [
2026-09-05T14:34:26.6401253Z         {
2026-09-05T14:34:26.6401414Z           "name" : "WORKING_DIRECTORY",
2026-09-05T14:34:26.6401727Z           "value" : "C:/openfhe-2023-1788/project-build-33971779479-1"
2026-09-05T14:34:26.6402066Z         }
2026-09-05T14:34:26.6402334Z       ]
2026-09-05T14:34:26.6402496Z     },
2026-09-05T14:34:26.6402643Z     {
2026-09-05T14:34:26.6402800Z       "backtrace" : 21,
2026-09-05T14:34:26.6402986Z       "command" : 
2026-09-05T14:34:26.6403150Z       [
2026-09-05T14:34:26.6403404Z         "C:/openfhe-2023-1788/project-build-33971779479-1/tensor2_test.exe",
2026-09-05T14:34:26.6403754Z         "right_input_validation"
2026-09-05T14:34:26.6403969Z       ],
2026-09-05T14:34:26.6404166Z       "name" : "tensor2_right_input_validation",
2026-09-05T14:34:26.6404428Z       "properties" : 
2026-09-05T14:34:26.6404607Z       [
2026-09-05T14:34:26.6404754Z         {
2026-09-05T14:34:26.6404915Z           "name" : "WORKING_DIRECTORY",
2026-09-05T14:34:26.6405216Z           "value" : "C:/openfhe-2023-1788/project-build-33971779479-1"
2026-09-05T14:34:26.6405513Z         }
2026-09-05T14:34:26.6405659Z       ]
2026-09-05T14:34:26.6405801Z     },
2026-09-05T14:34:26.6405944Z     {
2026-09-05T14:34:26.6406091Z       "backtrace" : 23,
2026-09-05T14:34:26.6406270Z       "command" : 
2026-09-05T14:34:26.6406430Z       [
2026-09-05T14:34:26.6406723Z         "C:/openfhe-2023-1788/project-build-33971779479-1/tensor2_test.exe",
2026-09-05T14:34:26.6407304Z         "mutual_compatibility"
2026-09-05T14:34:26.6407666Z       ],
2026-09-05T14:34:26.6407986Z       "name" : "tensor2_mutual_compatibility",
2026-09-05T14:34:26.6408452Z       "properties" : 
2026-09-05T14:34:26.6408765Z       [
2026-09-05T14:34:26.6409014Z         {
2026-09-05T14:34:26.6409315Z           "name" : "WORKING_DIRECTORY",
2026-09-05T14:34:26.6409867Z           "value" : "C:/openfhe-2023-1788/project-build-33971779479-1"
2026-09-05T14:34:26.6410405Z         }
2026-09-05T14:34:26.6410657Z       ]
2026-09-05T14:34:26.6410897Z     },
2026-09-05T14:34:26.6411132Z     {
2026-09-05T14:34:26.6411381Z       "backtrace" : 25,
2026-09-05T14:34:26.6411696Z       "command" : 
2026-09-05T14:34:26.6412163Z       [
2026-09-05T14:34:26.6412606Z         "C:/openfhe-2023-1788/project-build-33971779479-1/tensor2_test.exe",
2026-09-05T14:34:26.6413341Z         "prearithmetic_key_compatibility"
2026-09-05T14:34:26.6413779Z       ],
2026-09-05T14:34:26.6414150Z       "name" : "tensor2_prearithmetic_key_compatibility",
2026-09-05T14:34:26.6414661Z       "properties" : 
2026-09-05T14:34:26.6414974Z       [
2026-09-05T14:34:26.6415218Z         {
2026-09-05T14:34:26.6415491Z           "name" : "WORKING_DIRECTORY",
2026-09-05T14:34:26.6416784Z           "value" : "C:/openfhe-2023-1788/project-build-33971779479-1"
2026-09-05T14:34:26.6417332Z         }
2026-09-05T14:34:26.6417580Z       ]
2026-09-05T14:34:26.6417818Z     },
2026-09-05T14:34:26.6418053Z     {
2026-09-05T14:34:26.6418315Z       "backtrace" : 27,
2026-09-05T14:34:26.6418648Z       "command" : 
2026-09-05T14:34:26.6418953Z       [
2026-09-05T14:34:26.6419298Z         "C:/openfhe-2023-1788/project-build-33971779479-1/relin2_test.exe",
2026-09-05T14:34:26.6419663Z         "tensor_validation_order"
2026-09-05T14:34:26.6420028Z       ],
2026-09-05T14:34:26.6420355Z       "name" : "relin2_tensor_validation_order",
2026-09-05T14:34:26.6420823Z       "properties" : 
2026-09-05T14:34:26.6421155Z       [
2026-09-05T14:34:26.6421425Z         {
2026-09-05T14:34:26.6421675Z           "name" : "WORKING_DIRECTORY",
2026-09-05T14:34:26.6421990Z           "value" : "C:/openfhe-2023-1788/project-build-33971779479-1"
2026-09-05T14:34:26.6422292Z         }
2026-09-05T14:34:26.6422437Z       ]
2026-09-05T14:34:26.6422584Z     },
2026-09-05T14:34:26.6422728Z     {
2026-09-05T14:34:26.6422880Z       "backtrace" : 29,
2026-09-05T14:34:26.6423066Z       "command" : 
2026-09-05T14:34:26.6423231Z       [
2026-09-05T14:34:26.6423480Z         "C:/openfhe-2023-1788/project-build-33971779479-1/relin2_test.exe",
2026-09-05T14:34:26.6423837Z         "insufficient_active_basis"
2026-09-05T14:34:26.6424056Z       ],
2026-09-05T14:34:26.6424249Z       "name" : "relin2_insufficient_active_basis",
2026-09-05T14:34:26.6424510Z       "properties" : 
2026-09-05T14:34:26.6424686Z       [
2026-09-05T14:34:26.6424828Z         {
2026-09-05T14:34:26.6424989Z           "name" : "WORKING_DIRECTORY",
2026-09-05T14:34:26.6425290Z           "value" : "C:/openfhe-2023-1788/project-build-33971779479-1"
2026-09-05T14:34:26.6425586Z         }
2026-09-05T14:34:26.6425731Z       ]
2026-09-05T14:34:26.6425871Z     },
2026-09-05T14:34:26.6426012Z     {
2026-09-05T14:34:26.6426170Z       "backtrace" : 31,
2026-09-05T14:34:26.6426359Z       "command" : 
2026-09-05T14:34:26.6426518Z       [
2026-09-05T14:34:26.6426763Z         "C:/openfhe-2023-1788/project-build-33971779479-1/relin2_test.exe",
2026-09-05T14:34:26.6427112Z         "missing_eval_key"
2026-09-05T14:34:26.6427296Z       ],
2026-09-05T14:34:26.6427460Z       "name" : "relin2_missing_eval_key",
2026-09-05T14:34:26.6427701Z       "properties" : 
2026-09-05T14:34:26.6427870Z       [
2026-09-05T14:34:26.6428010Z         {
2026-09-05T14:34:26.6428166Z           "name" : "WORKING_DIRECTORY",
2026-09-05T14:34:26.6428465Z           "value" : "C:/openfhe-2023-1788/project-build-33971779479-1"
2026-09-05T14:34:26.6428759Z         }
2026-09-05T14:34:26.6428901Z       ]
2026-09-05T14:34:26.6429037Z     },
2026-09-05T14:34:26.6429252Z     {
2026-09-05T14:34:26.6429527Z       "backtrace" : 33,
2026-09-05T14:34:26.6429835Z       "command" : 
2026-09-05T14:34:26.6430000Z       [
2026-09-05T14:34:26.6430344Z         "C:/openfhe-2023-1788/project-build-33971779479-1/relin2_test.exe",
2026-09-05T14:34:26.6430925Z         "key_empty"
2026-09-05T14:34:26.6431215Z       ],
2026-09-05T14:34:26.6431509Z       "name" : "relin2_key_empty",
2026-09-05T14:34:26.6431748Z       "properties" : 
2026-09-05T14:34:26.6431921Z       [
2026-09-05T14:34:26.6432058Z         {
2026-09-05T14:34:26.6432222Z           "name" : "WORKING_DIRECTORY",
2026-09-05T14:34:26.6432519Z           "value" : "C:/openfhe-2023-1788/project-build-33971779479-1"
2026-09-05T14:34:26.6433226Z         }
2026-09-05T14:34:26.6433469Z       ]
2026-09-05T14:34:26.6433711Z     },
2026-09-05T14:34:26.6434002Z     {
2026-09-05T14:34:26.6434260Z       "backtrace" : 35,
2026-09-05T14:34:26.6434555Z       "command" : 
2026-09-05T14:34:26.6434743Z       [
2026-09-05T14:34:26.6435211Z         "C:/openfhe-2023-1788/project-build-33971779479-1/relin2_test.exe",
2026-09-05T14:34:26.6435916Z         "key_null_first"
2026-09-05T14:34:26.6436249Z       ],
2026-09-05T14:34:26.6436555Z       "name" : "relin2_key_null_first",
2026-09-05T14:34:26.6437197Z       "properties" : 
2026-09-05T14:34:26.6437475Z       [
2026-09-05T14:34:26.6437638Z         {
2026-09-05T14:34:26.6437806Z           "name" : "WORKING_DIRECTORY",
2026-09-05T14:34:26.6438110Z           "value" : "C:/openfhe-2023-1788/project-build-33971779479-1"
2026-09-05T14:34:26.6438426Z         }
2026-09-05T14:34:26.6438581Z       ]
2026-09-05T14:34:26.6438733Z     },
2026-09-05T14:34:26.6438875Z     {
2026-09-05T14:34:26.6439022Z       "backtrace" : 37,
2026-09-05T14:34:26.6439199Z       "command" : 
2026-09-05T14:34:26.6439427Z       [
2026-09-05T14:34:26.6439867Z         "C:/openfhe-2023-1788/project-build-33971779479-1/relin2_test.exe",
2026-09-05T14:34:26.6440454Z         "key_wrong_context"
2026-09-05T14:34:26.6440783Z       ],
2026-09-05T14:34:26.6441061Z       "name" : "relin2_key_wrong_context",
2026-09-05T14:34:26.6441458Z       "properties" : 
2026-09-05T14:34:26.6441753Z       [
2026-09-05T14:34:26.6441982Z         {
2026-09-05T14:34:26.6442255Z           "name" : "WORKING_DIRECTORY",
2026-09-05T14:34:26.6442781Z           "value" : "C:/openfhe-2023-1788/project-build-33971779479-1"
2026-09-05T14:34:26.6443293Z         }
2026-09-05T14:34:26.6443545Z       ]
2026-09-05T14:34:26.6443715Z     },
2026-09-05T14:34:26.6443855Z     {
2026-09-05T14:34:26.6444006Z       "backtrace" : 39,
2026-09-05T14:34:26.6444190Z       "command" : 
2026-09-05T14:34:26.6444355Z       [
2026-09-05T14:34:26.6444603Z         "C:/openfhe-2023-1788/project-build-33971779479-1/relin2_test.exe",
2026-09-05T14:34:26.6444939Z         "key_wrong_tag"
2026-09-05T14:34:26.6445251Z       ],
2026-09-05T14:34:26.6445516Z       "name" : "relin2_key_wrong_tag",
2026-09-05T14:34:26.6445913Z       "properties" : 
2026-09-05T14:34:26.6446244Z       [
2026-09-05T14:34:26.6446472Z         {
2026-09-05T14:34:26.6446744Z           "name" : "WORKING_DIRECTORY",
2026-09-05T14:34:26.6447321Z           "value" : "C:/openfhe-2023-1788/project-build-33971779479-1"
2026-09-05T14:34:26.6447845Z         }
2026-09-05T14:34:26.6448077Z       ]
2026-09-05T14:34:26.6448309Z     },
2026-09-05T14:34:26.6448604Z     {
2026-09-05T14:34:26.6448876Z       "backtrace" : 41,
2026-09-05T14:34:26.6449225Z       "command" : 
2026-09-05T14:34:26.6449549Z       [
2026-09-05T14:34:26.6450051Z         "C:/openfhe-2023-1788/project-build-33971779479-1/relin2_test.exe",
2026-09-05T14:34:26.6450722Z         "key_wrong_subtype"
2026-09-05T14:34:26.6451075Z       ],
2026-09-05T14:34:26.6451471Z       "name" : "relin2_key_wrong_subtype",
2026-09-05T14:34:26.6451898Z       "properties" : 
2026-09-05T14:34:26.6452227Z       [
2026-09-05T14:34:26.6452477Z         {
2026-09-05T14:34:26.6452804Z           "name" : "WORKING_DIRECTORY",
2026-09-05T14:34:26.6453431Z           "value" : "C:/openfhe-2023-1788/project-build-33971779479-1"
2026-09-05T14:34:26.6454056Z         }
2026-09-05T14:34:26.6454316Z       ]
2026-09-05T14:34:26.6454655Z     },
2026-09-05T14:34:26.6454937Z     {
2026-09-05T14:34:26.6455226Z       "backtrace" : 43,
2026-09-05T14:34:26.6455619Z       "command" : 
2026-09-05T14:34:26.6455915Z       [
2026-09-05T14:34:26.6456410Z         "C:/openfhe-2023-1788/project-build-33971779479-1/relin2_test.exe",
2026-09-05T14:34:26.6457119Z         "key_hybrid_a_length"
2026-09-05T14:34:26.6457482Z       ],
2026-09-05T14:34:26.6457851Z       "name" : "relin2_key_hybrid_a_length",
2026-09-05T14:34:26.6458589Z       "properties" : 
2026-09-05T14:34:26.6458906Z       [
2026-09-05T14:34:26.6459172Z         {
2026-09-05T14:34:26.6459589Z           "name" : "WORKING_DIRECTORY",
2026-09-05T14:34:26.6460147Z           "value" : "C:/openfhe-2023-1788/project-build-33971779479-1"
2026-09-05T14:34:26.6460780Z         }
2026-09-05T14:34:26.6461111Z       ]
2026-09-05T14:34:26.6461378Z     },
2026-09-05T14:34:26.6461633Z     {
2026-09-05T14:34:26.6461904Z       "backtrace" : 45,
2026-09-05T14:34:26.6462301Z       "command" : 
2026-09-05T14:34:26.6462616Z       [
2026-09-05T14:34:26.6463259Z         "C:/openfhe-2023-1788/project-build-33971779479-1/relin2_test.exe",
2026-09-05T14:34:26.6463904Z         "key_hybrid_b_length"
2026-09-05T14:34:26.6464297Z       ],
2026-09-05T14:34:26.6464642Z       "name" : "relin2_key_hybrid_b_length",
2026-09-05T14:34:26.6465093Z       "properties" : 
2026-09-05T14:34:26.6465407Z       [
2026-09-05T14:34:26.6465660Z         {
2026-09-05T14:34:26.6466020Z           "name" : "WORKING_DIRECTORY",
2026-09-05T14:34:26.6466690Z           "value" : "C:/openfhe-2023-1788/project-build-33971779479-1"
2026-09-05T14:34:26.6467233Z         }
2026-09-05T14:34:26.6467484Z       ]
2026-09-05T14:34:26.6467725Z     },
2026-09-05T14:34:26.6467960Z     {
2026-09-05T14:34:26.6468210Z       "backtrace" : 47,
2026-09-05T14:34:26.6468518Z       "command" : 
2026-09-05T14:34:26.6468779Z       [
2026-09-05T14:34:26.6469222Z         "C:/openfhe-2023-1788/project-build-33971779479-1/relin2_test.exe",
2026-09-05T14:34:26.6469860Z         "key_hybrid_entry_basis"
2026-09-05T14:34:26.6470233Z       ],
2026-09-05T14:34:26.6470538Z       "name" : "relin2_key_hybrid_entry_basis",
2026-09-05T14:34:26.6471000Z       "properties" : 
2026-09-05T14:34:26.6471322Z       [
2026-09-05T14:34:26.6471566Z         {
2026-09-05T14:34:26.6471856Z           "name" : "WORKING_DIRECTORY",
2026-09-05T14:34:26.6472398Z           "value" : "C:/openfhe-2023-1788/project-build-33971779479-1"
2026-09-05T14:34:26.6472943Z         }
2026-09-05T14:34:26.6473214Z       ]
2026-09-05T14:34:26.6473466Z     },
2026-09-05T14:34:26.6473715Z     {
2026-09-05T14:34:26.6473990Z       "backtrace" : 49,
2026-09-05T14:34:26.6474317Z       "command" : 
2026-09-05T14:34:26.6474601Z       [
2026-09-05T14:34:26.6475058Z         "C:/openfhe-2023-1788/project-build-33971779479-1/relin2_test.exe",
2026-09-05T14:34:26.6475657Z         "key_hybrid_entry_format"
2026-09-05T14:34:26.6476029Z       ],
2026-09-05T14:34:26.6476318Z       "name" : "relin2_key_hybrid_entry_format",
2026-09-05T14:34:26.6476790Z       "properties" : 
2026-09-05T14:34:26.6477122Z       [
2026-09-05T14:34:26.6477386Z         {
2026-09-05T14:34:26.6477679Z           "name" : "WORKING_DIRECTORY",
2026-09-05T14:34:26.6478247Z           "value" : "C:/openfhe-2023-1788/project-build-33971779479-1"
2026-09-05T14:34:26.6478820Z         }
2026-09-05T14:34:26.6478993Z       ]
2026-09-05T14:34:26.6479141Z     },
2026-09-05T14:34:26.6479284Z     {
2026-09-05T14:34:26.6479444Z       "backtrace" : 51,
2026-09-05T14:34:26.6479631Z       "command" : 
2026-09-05T14:34:26.6479789Z       [
2026-09-05T14:34:26.6480040Z         "C:/openfhe-2023-1788/project-build-33971779479-1/relin2_test.exe",
2026-09-05T14:34:26.6480384Z         "key_bv_zero_digit_a_length"
2026-09-05T14:34:26.6480597Z       ],
2026-09-05T14:34:26.6480787Z       "name" : "relin2_key_bv_zero_digit_a_length",
2026-09-05T14:34:26.6481052Z       "properties" : 
2026-09-05T14:34:26.6481226Z       [
2026-09-05T14:34:26.6481365Z         {
2026-09-05T14:34:26.6481532Z           "name" : "WORKING_DIRECTORY",
2026-09-05T14:34:26.6481836Z           "value" : "C:/openfhe-2023-1788/project-build-33971779479-1"
2026-09-05T14:34:26.6482128Z         }
2026-09-05T14:34:26.6482267Z       ]
2026-09-05T14:34:26.6482402Z     },
2026-09-05T14:34:26.6482541Z     {
2026-09-05T14:34:26.6482688Z       "backtrace" : 53,
2026-09-05T14:34:26.6482865Z       "command" : 
2026-09-05T14:34:26.6483020Z       [
2026-09-05T14:34:26.6483420Z         "C:/openfhe-2023-1788/project-build-33971779479-1/relin2_test.exe",
2026-09-05T14:34:26.6483759Z         "key_bv_zero_digit_b_length"
2026-09-05T14:34:26.6483972Z       ],
2026-09-05T14:34:26.6484151Z       "name" : "relin2_key_bv_zero_digit_b_length",
2026-09-05T14:34:26.6484407Z       "properties" : 
2026-09-05T14:34:26.6484576Z       [
2026-09-05T14:34:26.6484716Z         {
2026-09-05T14:34:26.6484876Z           "name" : "WORKING_DIRECTORY",
2026-09-05T14:34:26.6485172Z           "value" : "C:/openfhe-2023-1788/project-build-33971779479-1"
2026-09-05T14:34:26.6485543Z         }
2026-09-05T14:34:26.6485685Z       ]
2026-09-05T14:34:26.6485820Z     },
2026-09-05T14:34:26.6485954Z     {
2026-09-05T14:34:26.6486100Z       "backtrace" : 55,
2026-09-05T14:34:26.6486283Z       "command" : 
2026-09-05T14:34:26.6486441Z       [
2026-09-05T14:34:26.6486680Z         "C:/openfhe-2023-1788/project-build-33971779479-1/relin2_test.exe",
2026-09-05T14:34:26.6487019Z         "key_bv_nonzero_digit_a_length"
2026-09-05T14:34:26.6487239Z       ],
2026-09-05T14:34:26.6487426Z       "name" : "relin2_key_bv_nonzero_digit_a_length",
2026-09-05T14:34:26.6487689Z       "properties" : 
2026-09-05T14:34:26.6487857Z       [
2026-09-05T14:34:26.6487995Z         {
2026-09-05T14:34:26.6488154Z           "name" : "WORKING_DIRECTORY",
2026-09-05T14:34:26.6488443Z           "value" : "C:/openfhe-2023-1788/project-build-33971779479-1"
2026-09-05T14:34:26.6488736Z         }
2026-09-05T14:34:26.6488876Z       ]
2026-09-05T14:34:26.6489015Z     },
2026-09-05T14:34:26.6489152Z     {
2026-09-05T14:34:26.6489304Z       "backtrace" : 57,
2026-09-05T14:34:26.6489484Z       "command" : 
2026-09-05T14:34:26.6489642Z       [
2026-09-05T14:34:26.6489880Z         "C:/openfhe-2023-1788/project-build-33971779479-1/relin2_test.exe",
2026-09-05T14:34:26.6489962Z         "key_bv_nonzero_digit_b_length"
2026-09-05T14:34:26.6490018Z       ],
2026-09-05T14:34:26.6490124Z       "name" : "relin2_key_bv_nonzero_digit_b_length",
2026-09-05T14:34:26.6490194Z       "properties" : 
2026-09-05T14:34:26.6490258Z       [
2026-09-05T14:34:26.6490316Z         {
2026-09-05T14:34:26.6490395Z           "name" : "WORKING_DIRECTORY",
2026-09-05T14:34:26.6490535Z           "value" : "C:/openfhe-2023-1788/project-build-33971779479-1"
2026-09-05T14:34:26.6490591Z         }
2026-09-05T14:34:26.6490651Z       ]
2026-09-05T14:34:26.6490706Z     },
2026-09-05T14:34:26.6490767Z     {
2026-09-05T14:34:26.6490833Z       "backtrace" : 59,
2026-09-05T14:34:26.6490900Z       "command" : 
2026-09-05T14:34:26.6490960Z       [
2026-09-05T14:34:26.6491123Z         "C:/openfhe-2023-1788/project-build-33971779479-1/relin2_test.exe",
2026-09-05T14:34:26.6491204Z         "key_bv_zero_digit_entry_basis"
2026-09-05T14:34:26.6491259Z       ],
2026-09-05T14:34:26.6491362Z       "name" : "relin2_key_bv_zero_digit_entry_basis",
2026-09-05T14:34:26.6491429Z       "properties" : 
2026-09-05T14:34:26.6491491Z       [
2026-09-05T14:34:26.6491549Z         {
2026-09-05T14:34:26.6491628Z           "name" : "WORKING_DIRECTORY",
2026-09-05T14:34:26.6491763Z           "value" : "C:/openfhe-2023-1788/project-build-33971779479-1"
2026-09-05T14:34:26.6491821Z         }
2026-09-05T14:34:26.6491880Z       ]
2026-09-05T14:34:26.6491936Z     },
2026-09-05T14:34:26.6491995Z     {
2026-09-05T14:34:26.6492061Z       "backtrace" : 61,
2026-09-05T14:34:26.6492127Z       "command" : 
2026-09-05T14:34:26.6492184Z       [
2026-09-05T14:34:26.6492341Z         "C:/openfhe-2023-1788/project-build-33971779479-1/relin2_test.exe",
2026-09-05T14:34:26.6492433Z         "key_bv_nonzero_digit_entry_basis"
2026-09-05T14:34:26.6492492Z       ],
2026-09-05T14:34:26.6492604Z       "name" : "relin2_key_bv_nonzero_digit_entry_basis",
2026-09-05T14:34:26.6492670Z       "properties" : 
2026-09-05T14:34:26.6492730Z       [
2026-09-05T14:34:26.6492786Z         {
2026-09-05T14:34:26.6492867Z           "name" : "WORKING_DIRECTORY",
2026-09-05T14:34:26.6493073Z           "value" : "C:/openfhe-2023-1788/project-build-33971779479-1"
2026-09-05T14:34:26.6493135Z         }
2026-09-05T14:34:26.6493193Z       ]
2026-09-05T14:34:26.6493248Z     },
2026-09-05T14:34:26.6493307Z     {
2026-09-05T14:34:26.6493372Z       "backtrace" : 63,
2026-09-05T14:34:26.6493437Z       "command" : 
2026-09-05T14:34:26.6493494Z       [
2026-09-05T14:34:26.6493652Z         "C:/openfhe-2023-1788/project-build-33971779479-1/relin2_test.exe",
2026-09-05T14:34:26.6493730Z         "key_bv_zero_digit_entry_format"
2026-09-05T14:34:26.6493792Z       ],
2026-09-05T14:34:26.6493964Z       "name" : "relin2_key_bv_zero_digit_entry_format",
2026-09-05T14:34:26.6494034Z       "properties" : 
2026-09-05T14:34:26.6494096Z       [
2026-09-05T14:34:26.6494152Z         {
2026-09-05T14:34:26.6494237Z           "name" : "WORKING_DIRECTORY",
2026-09-05T14:34:26.6494375Z           "value" : "C:/openfhe-2023-1788/project-build-33971779479-1"
2026-09-05T14:34:26.6494437Z         }
2026-09-05T14:34:26.6494497Z       ]
2026-09-05T14:34:26.6494558Z     },
2026-09-05T14:34:26.6494617Z     {
2026-09-05T14:34:26.6494685Z       "backtrace" : 65,
2026-09-05T14:34:26.6494751Z       "command" : 
2026-09-05T14:34:26.6494806Z       [
2026-09-05T14:34:26.6494971Z         "C:/openfhe-2023-1788/project-build-33971779479-1/relin2_test.exe",
2026-09-05T14:34:26.6495056Z         "key_bv_nonzero_digit_entry_format"
2026-09-05T14:34:26.6495119Z       ],
2026-09-05T14:34:26.6495232Z       "name" : "relin2_key_bv_nonzero_digit_entry_format",
2026-09-05T14:34:26.6495308Z       "properties" : 
2026-09-05T14:34:26.6495371Z       [
2026-09-05T14:34:26.6495427Z         {
2026-09-05T14:34:26.6495509Z           "name" : "WORKING_DIRECTORY",
2026-09-05T14:34:26.6495644Z           "value" : "C:/openfhe-2023-1788/project-build-33971779479-1"
2026-09-05T14:34:26.6495706Z         }
2026-09-05T14:34:26.6495764Z       ]
2026-09-05T14:34:26.6495825Z     },
2026-09-05T14:34:26.6495880Z     {
2026-09-05T14:34:26.6495963Z       "backtrace" : 67,
2026-09-05T14:34:26.6496028Z       "command" : 
2026-09-05T14:34:26.6496084Z       [
2026-09-05T14:34:26.6496248Z         "C:/openfhe-2023-1788/project-build-33971779479-1/relin2_test.exe",
2026-09-05T14:34:26.6496340Z         "valid_arithmetic_state_immutability"
2026-09-05T14:34:26.6496402Z       ],
2026-09-05T14:34:26.6496528Z       "name" : "relin2_valid_arithmetic_state_immutability",
2026-09-05T14:34:26.6496597Z       "properties" : 
2026-09-05T14:34:26.6496659Z       [
2026-09-05T14:34:26.6496714Z         {
2026-09-05T14:34:26.6496797Z           "name" : "WORKING_DIRECTORY",
2026-09-05T14:34:26.6496931Z           "value" : "C:/openfhe-2023-1788/project-build-33971779479-1"
2026-09-05T14:34:26.6496992Z         }
2026-09-05T14:34:26.6497048Z       ]
2026-09-05T14:34:26.6497107Z     },
2026-09-05T14:34:26.6497162Z     {
2026-09-05T14:34:26.6497232Z       "backtrace" : 69,
2026-09-05T14:34:26.6497298Z       "command" : 
2026-09-05T14:34:26.6497355Z       [
2026-09-05T14:34:26.6497518Z         "C:/openfhe-2023-1788/project-build-33971779479-1/relin2_test.exe",
2026-09-05T14:34:26.6497610Z         "controlled_witnesses_and_boundaries"
2026-09-05T14:34:26.6497673Z       ],
2026-09-05T14:34:26.6497791Z       "name" : "relin2_controlled_witnesses_and_boundaries",
2026-09-05T14:34:26.6497860Z       "properties" : 
2026-09-05T14:34:26.6497916Z       [
2026-09-05T14:34:26.6497977Z         {
2026-09-05T14:34:26.6498057Z           "name" : "WORKING_DIRECTORY",
2026-09-05T14:34:26.6498188Z           "value" : "C:/openfhe-2023-1788/project-build-33971779479-1"
2026-09-05T14:34:26.6498253Z         }
2026-09-05T14:34:26.6498311Z       ]
2026-09-05T14:34:26.6498371Z     },
2026-09-05T14:34:26.6498427Z     {
2026-09-05T14:34:26.6498499Z       "backtrace" : 71,
2026-09-05T14:34:26.6498560Z       "command" : 
2026-09-05T14:34:26.6498620Z       [
2026-09-05T14:34:26.6498784Z         "C:/openfhe-2023-1788/project-build-33971779479-1/relin2_test.exe",
2026-09-05T14:34:26.6499447Z         "representative_public_input"
2026-09-05T14:34:26.6499513Z       ],
2026-09-05T14:34:26.6499631Z       "name" : "relin2_representative_public_input",
2026-09-05T14:34:26.6499707Z       "properties" : 
2026-09-05T14:34:26.6499763Z       [
2026-09-05T14:34:26.6499825Z         {
2026-09-05T14:34:26.6499902Z           "name" : "WORKING_DIRECTORY",
2026-09-05T14:34:26.6500047Z           "value" : "C:/openfhe-2023-1788/project-build-33971779479-1"
2026-09-05T14:34:26.6500106Z         }
2026-09-05T14:34:26.6500164Z       ]
2026-09-05T14:34:26.6500223Z     },
2026-09-05T14:34:26.6500353Z     {
2026-09-05T14:34:26.6500426Z       "backtrace" : 73,
2026-09-05T14:34:26.6500486Z       "command" : 
2026-09-05T14:34:26.6500544Z       [
2026-09-05T14:34:26.6500709Z         "C:/openfhe-2023-1788/project-build-33971779479-1/relin2_test.exe",
2026-09-05T14:34:26.6500787Z         "key_extra_later_valid"
2026-09-05T14:34:26.6500849Z       ],
2026-09-05T14:34:26.6500937Z       "name" : "relin2_key_extra_later_valid",
2026-09-05T14:34:26.6501010Z       "properties" : 
2026-09-05T14:34:26.6501067Z       [
2026-09-05T14:34:26.6501128Z         {
2026-09-05T14:34:26.6501201Z           "name" : "WORKING_DIRECTORY",
2026-09-05T14:34:26.6501339Z           "value" : "C:/openfhe-2023-1788/project-build-33971779479-1"
2026-09-05T14:34:26.6501401Z         }
2026-09-05T14:34:26.6501458Z       ]
2026-09-05T14:34:26.6501520Z     },
2026-09-05T14:34:26.6501575Z     {
2026-09-05T14:34:26.6501644Z       "backtrace" : 75,
2026-09-05T14:34:26.6501707Z       "command" : 
2026-09-05T14:34:26.6501773Z       [
2026-09-05T14:34:26.6501934Z         "C:/openfhe-2023-1788/project-build-33971779479-1/relin2_test.exe",
2026-09-05T14:34:26.6502022Z         "key_malformed_later_ignored"
2026-09-05T14:34:26.6502083Z       ],
2026-09-05T14:34:26.6502186Z       "name" : "relin2_key_malformed_later_ignored",
2026-09-05T14:34:26.6502256Z       "properties" : 
2026-09-05T14:34:26.6502311Z       [
2026-09-05T14:34:26.6502384Z         {
2026-09-05T14:34:26.6502458Z           "name" : "WORKING_DIRECTORY",
2026-09-05T14:34:26.6502595Z           "value" : "C:/openfhe-2023-1788/project-build-33971779479-1"
2026-09-05T14:34:26.6502653Z         }
2026-09-05T14:34:26.6502720Z       ]
2026-09-05T14:34:26.6502782Z     },
2026-09-05T14:34:26.6502839Z     {
2026-09-05T14:34:26.6502910Z       "backtrace" : 77,
2026-09-05T14:34:26.6502973Z       "command" : 
2026-09-05T14:34:26.6503034Z       [
2026-09-05T14:34:26.6503190Z         "C:/openfhe-2023-1788/project-build-33971779479-1/relin2_test.exe",
2026-09-05T14:34:26.6503276Z         "hybrid_valid_shapes"
2026-09-05T14:34:26.6503332Z       ],
2026-09-05T14:34:26.6503423Z       "name" : "relin2_hybrid_valid_shapes",
2026-09-05T14:34:26.6503496Z       "properties" : 
2026-09-05T14:34:26.6503553Z       [
2026-09-05T14:34:26.6503616Z         {
2026-09-05T14:34:26.6503693Z           "name" : "WORKING_DIRECTORY",
2026-09-05T14:34:26.6503828Z           "value" : "C:/openfhe-2023-1788/project-build-33971779479-1"
2026-09-05T14:34:26.6503889Z         }
2026-09-05T14:34:26.6503950Z       ]
2026-09-05T14:34:26.6504004Z     },
2026-09-05T14:34:26.6504069Z     {
2026-09-05T14:34:26.6504139Z       "backtrace" : 79,
2026-09-05T14:34:26.6504202Z       "command" : 
2026-09-05T14:34:26.6504264Z       [
2026-09-05T14:34:26.6504419Z         "C:/openfhe-2023-1788/project-build-33971779479-1/relin2_test.exe",
2026-09-05T14:34:26.6504503Z         "bv_zero_digit_valid_shapes"
2026-09-05T14:34:26.6504560Z       ],
2026-09-05T14:34:26.6504665Z       "name" : "relin2_bv_zero_digit_valid_shapes",
2026-09-05T14:34:26.6504733Z       "properties" : 
2026-09-05T14:34:26.6504793Z       [
2026-09-05T14:34:26.6504853Z         {
2026-09-05T14:34:26.6504927Z           "name" : "WORKING_DIRECTORY",
2026-09-05T14:34:26.6505059Z           "value" : "C:/openfhe-2023-1788/project-build-33971779479-1"
2026-09-05T14:34:26.6505114Z         }
2026-09-05T14:34:26.6505178Z       ]
2026-09-05T14:34:26.6505518Z     },
2026-09-05T14:34:26.6505579Z     {
2026-09-05T14:34:26.6505649Z       "backtrace" : 81,
2026-09-05T14:34:26.6505715Z       "command" : 
2026-09-05T14:34:26.6505776Z       [
2026-09-05T14:34:26.6505946Z         "C:/openfhe-2023-1788/project-build-33971779479-1/relin2_test.exe",
2026-09-05T14:34:26.6506030Z         "bv_nonzero_digit_valid_shapes"
2026-09-05T14:34:26.6506086Z       ],
2026-09-05T14:34:26.6506197Z       "name" : "relin2_bv_nonzero_digit_valid_shapes",
2026-09-05T14:34:26.6506264Z       "properties" : 
2026-09-05T14:34:26.6506329Z       [
2026-09-05T14:34:26.6506454Z         {
2026-09-05T14:34:26.6506537Z           "name" : "WORKING_DIRECTORY",
2026-09-05T14:34:26.6506731Z           "value" : "C:/openfhe-2023-1788/project-build-33971779479-1"
2026-09-05T14:34:26.6506789Z         }
2026-09-05T14:34:26.6506850Z       ]
2026-09-05T14:34:26.6506908Z     },
2026-09-05T14:34:26.6506967Z     {
2026-09-05T14:34:26.6507035Z       "backtrace" : 83,
2026-09-05T14:34:26.6507103Z       "command" : 
2026-09-05T14:34:26.6507159Z       [
2026-09-05T14:34:26.6507326Z         "C:/openfhe-2023-1788/project-build-33971779479-1/relin2_test.exe",
2026-09-05T14:34:26.6507414Z         "first_recombined_rcb_validation"
2026-09-05T14:34:26.6507471Z       ],
2026-09-05T14:34:26.6507588Z       "name" : "relin2_first_recombined_rcb_validation",
2026-09-05T14:34:26.6507652Z       "properties" : 
2026-09-05T14:34:26.6507714Z       [
2026-09-05T14:34:26.6507770Z         {
2026-09-05T14:34:26.6507850Z           "name" : "WORKING_DIRECTORY",
2026-09-05T14:34:26.6507992Z           "value" : "C:/openfhe-2023-1788/project-build-33971779479-1"
2026-09-05T14:34:26.6508048Z         }
2026-09-05T14:34:26.6508109Z       ]
2026-09-05T14:34:26.6508164Z     },
2026-09-05T14:34:26.6508224Z     {
2026-09-05T14:34:26.6508290Z       "backtrace" : 85,
2026-09-05T14:34:26.6508357Z       "command" : 
2026-09-05T14:34:26.6508412Z       [
2026-09-05T14:34:26.6508573Z         "C:/openfhe-2023-1788/project-build-33971779479-1/relin2_test.exe",
2026-09-05T14:34:26.6508670Z         "first_recombined_tensor2_validation"
2026-09-05T14:34:26.6508726Z       ],
2026-09-05T14:34:26.6508852Z       "name" : "relin2_first_recombined_tensor2_validation",
2026-09-05T14:34:26.6508918Z       "properties" : 
2026-09-05T14:34:26.6508978Z       [
2026-09-05T14:34:26.6509034Z         {
2026-09-05T14:34:26.6509115Z           "name" : "WORKING_DIRECTORY",
2026-09-05T14:34:26.6509246Z           "value" : "C:/openfhe-2023-1788/project-build-33971779479-1"
2026-09-05T14:34:26.6509310Z         }
2026-09-05T14:34:26.6509376Z       ]
2026-09-05T14:34:26.6509431Z     },
2026-09-05T14:34:26.6509494Z     {
2026-09-05T14:34:26.6509563Z       "backtrace" : 87,
2026-09-05T14:34:26.6509630Z       "command" : 
2026-09-05T14:34:26.6509686Z       [
2026-09-05T14:34:26.6509846Z         "C:/openfhe-2023-1788/project-build-33971779479-1/relin2_test.exe",
2026-09-05T14:34:26.6509930Z         "tensor2_requires_first_lifecycle"
2026-09-05T14:34:26.6509996Z       ],
2026-09-05T14:34:26.6510113Z       "name" : "relin2_tensor2_requires_first_lifecycle",
2026-09-05T14:34:26.6510179Z       "properties" : 
2026-09-05T14:34:26.6510241Z       [
2026-09-05T14:34:26.6510297Z         {
2026-09-05T14:34:26.6510377Z           "name" : "WORKING_DIRECTORY",
2026-09-05T14:34:26.6510508Z           "value" : "C:/openfhe-2023-1788/project-build-33971779479-1"
2026-09-05T14:34:26.6510574Z         }
2026-09-05T14:34:26.6510630Z       ]
2026-09-05T14:34:26.6510693Z     },
2026-09-05T14:34:26.6510752Z     {
2026-09-05T14:34:26.6510822Z       "backtrace" : 89,
2026-09-05T14:34:26.6510886Z       "command" : 
2026-09-05T14:34:26.6510940Z       [
2026-09-05T14:34:26.6511092Z         "C:/openfhe-2023-1788/project-build-33971779479-1/rs2_test.exe",
2026-09-05T14:34:26.6511161Z         "wrong_lifecycle"
2026-09-05T14:34:26.6511224Z       ],
2026-09-05T14:34:26.6511301Z       "name" : "rs2_wrong_lifecycle",
2026-09-05T14:34:26.6511375Z       "properties" : 
2026-09-05T14:34:26.6511700Z       [
2026-09-05T14:34:26.6511757Z         {
2026-09-05T14:34:26.6511839Z           "name" : "WORKING_DIRECTORY",
2026-09-05T14:34:26.6511971Z           "value" : "C:/openfhe-2023-1788/project-build-33971779479-1"
2026-09-05T14:34:26.6512030Z         }
2026-09-05T14:34:26.6512087Z       ]
2026-09-05T14:34:26.6512146Z     },
2026-09-05T14:34:26.6512202Z     {
2026-09-05T14:34:26.6512273Z       "backtrace" : 91,
2026-09-05T14:34:26.6512339Z       "command" : 
2026-09-05T14:34:26.6512396Z       [
2026-09-05T14:34:26.6512615Z         "C:/openfhe-2023-1788/project-build-33971779479-1/rs2_test.exe",
2026-09-05T14:34:26.6512709Z         "valid_arithmetic_state_immutability"
2026-09-05T14:34:26.6512769Z       ],
2026-09-05T14:34:26.6512878Z       "name" : "rs2_valid_arithmetic_state_immutability",
2026-09-05T14:34:26.6512950Z       "properties" : 
2026-09-05T14:34:26.6513011Z       [
2026-09-05T14:34:26.6513065Z         {
2026-09-05T14:34:26.6513147Z           "name" : "WORKING_DIRECTORY",
2026-09-05T14:34:26.6513279Z           "value" : "C:/openfhe-2023-1788/project-build-33971779479-1"
2026-09-05T14:34:26.6513339Z         }
2026-09-05T14:34:26.6513398Z       ]
2026-09-05T14:34:26.6513457Z     },
2026-09-05T14:34:26.6513512Z     {
2026-09-05T14:34:26.6513581Z       "backtrace" : 93,
2026-09-05T14:34:26.6513646Z       "command" : 
2026-09-05T14:34:26.6513702Z       [
2026-09-05T14:34:26.6513852Z         "C:/openfhe-2023-1788/project-build-33971779479-1/rs2_test.exe",
2026-09-05T14:34:26.6513923Z         "mixed_tower_format"
2026-09-05T14:34:26.6513985Z       ],
2026-09-05T14:34:26.6514065Z       "name" : "rs2_mixed_tower_format",
2026-09-05T14:34:26.6514135Z       "properties" : 
2026-09-05T14:34:26.6514193Z       [
2026-09-05T14:34:26.6514254Z         {
2026-09-05T14:34:26.6514334Z           "name" : "WORKING_DIRECTORY",
2026-09-05T14:34:26.6514465Z           "value" : "C:/openfhe-2023-1788/project-build-33971779479-1"
2026-09-05T14:34:26.6514530Z         }
2026-09-05T14:34:26.6514585Z       ]
2026-09-05T14:34:26.6514645Z     },
2026-09-05T14:34:26.6514701Z     {
2026-09-05T14:34:26.6514772Z       "backtrace" : 95,
2026-09-05T14:34:26.6514832Z       "command" : 
2026-09-05T14:34:26.6514894Z       [
2026-09-05T14:34:26.6515042Z         "C:/openfhe-2023-1788/project-build-33971779479-1/rs2_test.exe",
2026-09-05T14:34:26.6515123Z         "untouched_public_pipeline"
2026-09-05T14:34:26.6515184Z       ],
2026-09-05T14:34:26.6515278Z       "name" : "rs2_untouched_public_pipeline",
2026-09-05T14:34:26.6515346Z       "properties" : 
2026-09-05T14:34:26.6515406Z       [
2026-09-05T14:34:26.6515466Z         {
2026-09-05T14:34:26.6515540Z           "name" : "WORKING_DIRECTORY",
2026-09-05T14:34:26.6515675Z           "value" : "C:/openfhe-2023-1788/project-build-33971779479-1"
2026-09-05T14:34:26.6515737Z         }
2026-09-05T14:34:26.6515795Z       ]
2026-09-05T14:34:26.6515856Z     },
2026-09-05T14:34:26.6515913Z     {
2026-09-05T14:34:26.6515991Z       "backtrace" : 97,
2026-09-05T14:34:26.6516053Z       "command" : 
2026-09-05T14:34:26.6516111Z       [
2026-09-05T14:34:26.6516254Z         "C:/openfhe-2023-1788/project-build-33971779479-1/rs2_test.exe",
2026-09-05T14:34:26.6516339Z         "declared_basis_mismatch"
2026-09-05T14:34:26.6516400Z       ],
2026-09-05T14:34:26.6516486Z       "name" : "rs2_declared_basis_mismatch",
2026-09-05T14:34:26.6516557Z       "properties" : 
2026-09-05T14:34:26.6516615Z       [
2026-09-05T14:34:26.6516676Z         {
2026-09-05T14:34:26.6516750Z           "name" : "WORKING_DIRECTORY",
2026-09-05T14:34:26.6516888Z           "value" : "C:/openfhe-2023-1788/project-build-33971779479-1"
2026-09-05T14:34:26.6516944Z         }
2026-09-05T14:34:26.6517008Z       ]
2026-09-05T14:34:26.6517072Z     },
2026-09-05T14:34:26.6517128Z     {
2026-09-05T14:34:26.6517200Z       "backtrace" : 99,
2026-09-05T14:34:26.6517262Z       "command" : 
2026-09-05T14:34:26.6517321Z       [
2026-09-05T14:34:26.6517729Z         "C:/openfhe-2023-1788/project-build-33971779479-1/rs2_test.exe",
2026-09-05T14:34:26.6517810Z         "terminal_rejections"
2026-09-05T14:34:26.6517867Z       ],
2026-09-05T14:34:26.6517951Z       "name" : "rs2_terminal_rejections",
2026-09-05T14:34:26.6518019Z       "properties" : 
2026-09-05T14:34:26.6518075Z       [
2026-09-05T14:34:26.6518133Z         {
2026-09-05T14:34:26.6518210Z           "name" : "WORKING_DIRECTORY",
2026-09-05T14:34:26.6518344Z           "value" : "C:/openfhe-2023-1788/project-build-33971779479-1"
2026-09-05T14:34:26.6518399Z         }
2026-09-05T14:34:26.6518841Z       ]
2026-09-05T14:34:26.6518911Z     },
2026-09-05T14:34:26.6518973Z     {
2026-09-05T14:34:26.6519047Z       "backtrace" : 101,
2026-09-05T14:34:26.6519108Z       "command" : 
2026-09-05T14:34:26.6519167Z       [
2026-09-05T14:34:26.6519340Z         "C:/openfhe-2023-1788/project-build-33971779479-1/mult2_test.exe",
2026-09-05T14:34:26.6519422Z         "composition_contract"
2026-09-05T14:34:26.6519482Z       ],
2026-09-05T14:34:26.6519575Z       "name" : "mult2_composition_contract",
2026-09-05T14:34:26.6519647Z       "properties" : 
2026-09-05T14:34:26.6519703Z       [
2026-09-05T14:34:26.6519764Z         {
2026-09-05T14:34:26.6519838Z           "name" : "WORKING_DIRECTORY",
2026-09-05T14:34:26.6519982Z           "value" : "C:/openfhe-2023-1788/project-build-33971779479-1"
2026-09-05T14:34:26.6520039Z         }
2026-09-05T14:34:26.6520099Z       ]
2026-09-05T14:34:26.6520155Z     },
2026-09-05T14:34:26.6520216Z     {
2026-09-05T14:34:26.6520322Z       "backtrace" : 103,
2026-09-05T14:34:26.6520389Z       "command" : 
2026-09-05T14:34:26.6520452Z       [
2026-09-05T14:34:26.6520658Z         "C:/openfhe-2023-1788/project-build-33971779479-1/mult2_e2e_oracle_test.exe",
2026-09-05T14:34:26.6520726Z         "hybrid_real"
2026-09-05T14:34:26.6520789Z       ],
2026-09-05T14:34:26.6520868Z       "name" : "mult2_e2e_hybrid_real",
2026-09-05T14:34:26.6520940Z       "properties" : 
2026-09-05T14:34:26.6520999Z       [
2026-09-05T14:34:26.6521063Z         {
2026-09-05T14:34:26.6521141Z           "name" : "WORKING_DIRECTORY",
2026-09-05T14:34:26.6521285Z           "value" : "C:/openfhe-2023-1788/project-build-33971779479-1"
2026-09-05T14:34:26.6521343Z         }
2026-09-05T14:34:26.6521406Z       ]
2026-09-05T14:34:26.6521467Z     },
2026-09-05T14:34:26.6521523Z     {
2026-09-05T14:34:26.6521595Z       "backtrace" : 105,
2026-09-05T14:34:26.6521656Z       "command" : 
2026-09-05T14:34:26.6521717Z       [
2026-09-05T14:34:26.6521916Z         "C:/openfhe-2023-1788/project-build-33971779479-1/mult2_e2e_oracle_test.exe",
2026-09-05T14:34:26.6521991Z         "hybrid_complex"
2026-09-05T14:34:26.6522048Z       ],
2026-09-05T14:34:26.6522139Z       "name" : "mult2_e2e_hybrid_complex",
2026-09-05T14:34:26.6522212Z       "properties" : 
2026-09-05T14:34:26.6522268Z       [
2026-09-05T14:34:26.6522330Z         {
2026-09-05T14:34:26.6522405Z           "name" : "WORKING_DIRECTORY",
2026-09-05T14:34:26.6522549Z           "value" : "C:/openfhe-2023-1788/project-build-33971779479-1"
2026-09-05T14:34:26.6522607Z         }
2026-09-05T14:34:26.6522669Z       ]
2026-09-05T14:34:26.6522730Z     },
2026-09-05T14:34:26.6522788Z     {
2026-09-05T14:34:26.6522860Z       "backtrace" : 107,
2026-09-05T14:34:26.6522923Z       "command" : 
2026-09-05T14:34:26.6522985Z       [
2026-09-05T14:34:26.6523176Z         "C:/openfhe-2023-1788/project-build-33971779479-1/mult2_e2e_oracle_test.exe",
2026-09-05T14:34:26.6523245Z         "bv_real"
2026-09-05T14:34:26.6523303Z       ],
2026-09-05T14:34:26.6523389Z       "name" : "mult2_e2e_bv_real",
2026-09-05T14:34:26.6523462Z       "properties" : 
2026-09-05T14:34:26.6523520Z       [
2026-09-05T14:34:26.6523582Z         {
2026-09-05T14:34:26.6523658Z           "name" : "WORKING_DIRECTORY",
2026-09-05T14:34:26.6523798Z           "value" : "C:/openfhe-2023-1788/project-build-33971779479-1"
2026-09-05T14:34:26.6523856Z         }
2026-09-05T14:34:26.6524190Z       ]
2026-09-05T14:34:26.6524247Z     },
2026-09-05T14:34:26.6524307Z     {
2026-09-05T14:34:26.6524384Z       "backtrace" : 109,
2026-09-05T14:34:26.6524447Z       "command" : 
2026-09-05T14:34:26.6524511Z       [
2026-09-05T14:34:26.6524710Z         "C:/openfhe-2023-1788/project-build-33971779479-1/mult2_e2e_oracle_test.exe",
2026-09-05T14:34:26.6524779Z         "bv_complex"
2026-09-05T14:34:26.6524836Z       ],
2026-09-05T14:34:26.6524919Z       "name" : "mult2_e2e_bv_complex",
2026-09-05T14:34:26.6524986Z       "properties" : 
2026-09-05T14:34:26.6525051Z       [
2026-09-05T14:34:26.6525180Z         {
2026-09-05T14:34:26.6525258Z           "name" : "WORKING_DIRECTORY",
2026-09-05T14:34:26.6525397Z           "value" : "C:/openfhe-2023-1788/project-build-33971779479-1"
2026-09-05T14:34:26.6525453Z         }
2026-09-05T14:34:26.6525514Z       ]
2026-09-05T14:34:26.6525569Z     },
2026-09-05T14:34:26.6525629Z     {
2026-09-05T14:34:26.6525694Z       "backtrace" : 111,
2026-09-05T14:34:26.6525763Z       "command" : 
2026-09-05T14:34:26.6525823Z       [
2026-09-05T14:34:26.6526014Z         "C:/openfhe-2023-1788/project-build-33971779479-1/mult2_e2e_oracle_test.exe",
2026-09-05T14:34:26.6526098Z         "pair_add_input_hybrid_complex"
2026-09-05T14:34:26.6526153Z       ],
2026-09-05T14:34:26.6526263Z       "name" : "mult2_pair_add_input_hybrid_complex",
2026-09-05T14:34:26.6526329Z       "properties" : 
2026-09-05T14:34:26.6526392Z       [
2026-09-05T14:34:26.6526449Z         {
2026-09-05T14:34:26.6526527Z           "name" : "WORKING_DIRECTORY",
2026-09-05T14:34:26.6526668Z           "value" : "C:/openfhe-2023-1788/project-build-33971779479-1"
2026-09-05T14:34:26.6526725Z         }
2026-09-05T14:34:26.6526787Z       ]
2026-09-05T14:34:26.6526843Z     },
2026-09-05T14:34:26.6526904Z     {
2026-09-05T14:34:26.6526970Z       "backtrace" : 113,
2026-09-05T14:34:26.6527036Z       "command" : 
2026-09-05T14:34:26.6527095Z       [
2026-09-05T14:34:26.6527290Z         "C:/openfhe-2023-1788/project-build-33971779479-1/mult2_e2e_oracle_test.exe",
2026-09-05T14:34:26.6527377Z         "pair_sub_input_hybrid_complex"
2026-09-05T14:34:26.6527434Z       ],
2026-09-05T14:34:26.6527539Z       "name" : "mult2_pair_sub_input_hybrid_complex",
2026-09-05T14:34:26.6527604Z       "properties" : 
2026-09-05T14:34:26.6527664Z       [
2026-09-05T14:34:26.6527720Z         {
2026-09-05T14:34:26.6527807Z           "name" : "WORKING_DIRECTORY",
2026-09-05T14:34:26.6527937Z           "value" : "C:/openfhe-2023-1788/project-build-33971779479-1"
2026-09-05T14:34:26.6527999Z         }
2026-09-05T14:34:26.6528063Z       ]
2026-09-05T14:34:26.6528120Z     }
2026-09-05T14:34:26.6528599Z   ],
2026-09-05T14:34:26.6528679Z   "version" : 
2026-09-05T14:34:26.6528741Z   {
2026-09-05T14:34:26.6528804Z     "major" : 1,
2026-09-05T14:34:26.6528868Z     "minor" : 0
2026-09-05T14:34:26.6528960Z   }
2026-09-05T14:34:26.6570883Z }UpdateCTestConfiguration  from :C:/openfhe-2023-1788/project-build-33971779479-1/DartConfiguration.tcl
2026-09-05T14:34:26.6589603Z Test project C:/openfhe-2023-1788/project-build-33971779479-1
2026-09-05T14:34:26.6598787Z Constructing a list of tests
2026-09-05T14:34:26.6610840Z Done constructing a list of tests
2026-09-05T14:34:26.6611986Z Updating test list for fixtures
2026-09-05T14:34:26.6612544Z Added 0 tests to meet fixture requirements
2026-09-05T14:34:26.6617946Z Checking test dependency graph...
2026-09-05T14:34:26.6618926Z Checking test dependency graph end
2026-09-05T14:34:26.6619338Z test 1
2026-09-05T14:34:26.6620423Z       Start  1: dcp_rcb
2026-09-05T14:34:26.6628891Z 
2026-09-05T14:34:26.6629239Z 1: Test command: C:\openfhe-2023-1788\project-build-33971779479-1\dcp_rcb_test.exe
2026-09-05T14:34:26.6630249Z 1: Working Directory: C:/openfhe-2023-1788/project-build-33971779479-1
2026-09-05T14:34:26.6630653Z 1: Test timeout computed to be: 10000000
2026-09-05T14:34:26.7416422Z 1: DCP/RCB independent-oracle tests passed
2026-09-05T14:34:26.7426811Z  1/57 Test  #1: dcp_rcb .........................................   Passed    0.08 sec
2026-09-05T14:34:26.7453221Z test 2
2026-09-05T14:34:26.7453618Z       Start  2: precision_dcp_rcb_high_precision_contract
2026-09-05T14:34:26.7454685Z 
2026-09-05T14:34:26.7455211Z 2: Test command: C:\openfhe-2023-1788\project-build-33971779479-1\precision_dcp_rcb_contract_test.exe
2026-09-05T14:34:26.7456186Z 2: Working Directory: C:/openfhe-2023-1788/project-build-33971779479-1
2026-09-05T14:34:26.7456550Z 2: Test timeout computed to be: 10000000
2026-09-05T14:34:26.8614809Z 2: test=precision_dcp_rcb_high_precision_contract trial=0 security_level=HEStd_NotSet(functional-diagnostic-only) key_switch=HYBRID ckks_data_type=COMPLEX N=64 batch=16 depth=7 scaling_mod_size=50 first_mod_size=55 scale_bits=100 q_div=1125899906843009 active_modulus_bits=356 maximum_coefficient_bits=98 approximate_headroom_bits=258 delta_error=2.6026882858391845525454800105756774868202e-28 max_slot_error=5.5703800685853045868449957103791010778196e-28
2026-09-05T14:34:26.8620248Z 2: test=precision_dcp_rcb_high_precision_contract trial=1 security_level=HEStd_NotSet(functional-diagnostic-only) key_switch=HYBRID ckks_data_type=COMPLEX N=64 batch=16 depth=7 scaling_mod_size=50 first_mod_size=55 scale_bits=100 q_div=1125899906843009 active_modulus_bits=356 maximum_coefficient_bits=98 approximate_headroom_bits=258 delta_error=1.3492918072907853856615618862472098334888e-28 max_slot_error=2.7329564499226727494665026887889370429100e-28
2026-09-05T14:34:26.8625965Z 2: test=precision_dcp_rcb_high_precision_contract trial=2 security_level=HEStd_NotSet(functional-diagnostic-only) key_switch=HYBRID ckks_data_type=COMPLEX N=64 batch=16 depth=7 scaling_mod_size=50 first_mod_size=55 scale_bits=100 q_div=1125899906843009 active_modulus_bits=356 maximum_coefficient_bits=98 approximate_headroom_bits=258 delta_error=9.4877349628519942108505598426092559983103e-29 max_slot_error=2.7752138864269420217494582542509439799937e-28
2026-09-05T14:34:26.8631644Z 2: test=precision_dcp_rcb_high_precision_contract trial=3 security_level=HEStd_NotSet(functional-diagnostic-only) key_switch=HYBRID ckks_data_type=COMPLEX N=64 batch=16 depth=7 scaling_mod_size=50 first_mod_size=55 scale_bits=100 q_div=1125899906843009 active_modulus_bits=356 maximum_coefficient_bits=98 approximate_headroom_bits=258 delta_error=2.6230595734236788604334884097773716266634e-28 max_slot_error=2.4141976333882943944142738792340267931017e-28
2026-09-05T14:34:26.8634838Z 2: precision_dcp_rcb_high_precision_contract=PASS
2026-09-05T14:34:26.8635620Z  2/57 Test  #2: precision_dcp_rcb_high_precision_contract .......   Passed    0.12 sec
2026-09-05T14:34:26.8636292Z test 3
2026-09-05T14:34:26.8636669Z       Start  3: precision_first_mult2_high_precision_contract
2026-09-05T14:34:26.8637075Z 
2026-09-05T14:34:26.8637618Z 3: Test command: C:\openfhe-2023-1788\project-build-33971779479-1\precision_first_mult2_contract_test.exe
2026-09-05T14:34:26.8638657Z 3: Working Directory: C:/openfhe-2023-1788/project-build-33971779479-1
2026-09-05T14:34:26.8639309Z 3: Test timeout computed to be: 10000000
2026-09-05T14:34:27.0566212Z 3: test=precision_first_mult2_high_precision_contract trial=0 claim_scope=first-Mult2-diagnostic-only security_level=HEStd_NotSet(diagnostic-only) key_switch=HYBRID ckks_data_type=COMPLEX N=64 batch=16 depth=7 scaling_mod_size=50 first_mod_size=55 input_scale_numerator=2^100 final_logical_scale_numerator=2^200 final_logical_scale_denominator=1267650600226646386227681786497 q_div=1125899906843009 q_l=1125899906840833 input_product_centered_headroom_bits=160 output_centered_headroom_bits=210 coefficient_error_numerator=137178384465220408785644593335324 coefficient_error_denominator=1267650600226646386227681786497 frozen_abs_tolerance=2^-80 product_delta_error=3.3833535882875260616496298179251509627052e-28 max_slot_error=3.5443714822909410705356715811590200584952e-28
2026-09-05T14:34:27.0572203Z 3: test=precision_first_mult2_high_precision_contract trial=1 claim_scope=first-Mult2-diagnostic-only security_level=HEStd_NotSet(diagnostic-only) key_switch=HYBRID ckks_data_type=COMPLEX N=64 batch=16 depth=7 scaling_mod_size=50 first_mod_size=55 input_scale_numerator=2^100 final_logical_scale_numerator=2^200 final_logical_scale_denominator=1267650600226646386227681786497 q_div=1125899906843009 q_l=1125899906840833 input_product_centered_headroom_bits=160 output_centered_headroom_bits=210 coefficient_error_numerator=149962640089882429062733974227727 coefficient_error_denominator=1267650600226646386227681786497 frozen_abs_tolerance=2^-80 product_delta_error=7.4751203899941960379371417855432315813493e-29 max_slot_error=8.6527068204762402229275731140097162511662e-28
2026-09-05T14:34:27.0577992Z 3: test=precision_first_mult2_high_precision_contract trial=2 claim_scope=first-Mult2-diagnostic-only security_level=HEStd_NotSet(diagnostic-only) key_switch=HYBRID ckks_data_type=COMPLEX N=64 batch=16 depth=7 scaling_mod_size=50 first_mod_size=55 input_scale_numerator=2^100 final_logical_scale_numerator=2^200 final_logical_scale_denominator=1267650600226646386227681786497 q_div=1125899906843009 q_l=1125899906840833 input_product_centered_headroom_bits=160 output_centered_headroom_bits=210 coefficient_error_numerator=100737877908929027503217980454266 coefficient_error_denominator=1267650600226646386227681786497 frozen_abs_tolerance=2^-80 product_delta_error=6.8860331080525114775236829197342229201632e-28 max_slot_error=5.8106462683617343462356175307434714383919e-28
2026-09-05T14:34:27.0583134Z 3: test=precision_first_mult2_high_precision_contract trial=3 claim_scope=first-Mult2-diagnostic-only security_level=HEStd_NotSet(diagnostic-only) key_switch=HYBRID ckks_data_type=COMPLEX N=64 batch=16 depth=7 scaling_mod_size=50 first_mod_size=55 input_scale_numerator=2^100 final_logical_scale_numerator=2^200 final_logical_scale_denominator=1267650600226646386227681786497 q_div=1125899906843009 q_l=1125899906840833 input_product_centered_headroom_bits=160 output_centered_headroom_bits=210 coefficient_error_numerator=134439139949251042082361284533985 coefficient_error_denominator=1267650600226646386227681786497 frozen_abs_tolerance=2^-80 product_delta_error=1.4179073276387603214353877999577052691268e-28 max_slot_error=4.8020018487111423506199748849012125697225e-28
2026-09-05T14:34:27.0585861Z 3: precision_first_mult2_high_precision_contract=PASS
2026-09-05T14:34:27.0586310Z  3/57 Test  #3: precision_first_mult2_high_precision_contract ...   Passed    0.19 sec
2026-09-05T14:34:27.0586697Z test 4
2026-09-05T14:34:27.0586882Z       Start  4: pair_add_runtime_behavior
2026-09-05T14:34:27.0587074Z 
2026-09-05T14:34:27.0587293Z 4: Test command: C:\openfhe-2023-1788\project-build-33971779479-1\pair_add_test.exe
2026-09-05T14:34:27.0587779Z 4: Working Directory: C:/openfhe-2023-1788/project-build-33971779479-1
2026-09-05T14:34:27.0588136Z 4: Test timeout computed to be: 10000000
2026-09-05T14:34:27.0725016Z 4: pair Add runtime behavior passed
2026-09-05T14:34:27.0734259Z  4/57 Test  #4: pair_add_runtime_behavior .......................   Passed    0.01 sec
2026-09-05T14:34:27.0737487Z test 5
2026-09-05T14:34:27.0737785Z       Start  5: pair_sub_runtime_behavior
2026-09-05T14:34:27.0738980Z 
2026-09-05T14:34:27.0739438Z 5: Test command: C:\openfhe-2023-1788\project-build-33971779479-1\pair_sub_test.exe
2026-09-05T14:34:27.0740011Z 5: Working Directory: C:/openfhe-2023-1788/project-build-33971779479-1
2026-09-05T14:34:27.0740370Z 5: Test timeout computed to be: 10000000
2026-09-05T14:34:27.0876518Z 5: pair Sub runtime behavior passed
2026-09-05T14:34:27.0886125Z  5/57 Test  #5: pair_sub_runtime_behavior .......................   Passed    0.01 sec
2026-09-05T14:34:27.0889379Z test 6
2026-09-05T14:34:27.0889711Z       Start  6: pair_arithmetic_controlled_oracle
2026-09-05T14:34:27.0890837Z 
2026-09-05T14:34:27.0891660Z 6: Test command: C:\openfhe-2023-1788\project-build-33971779479-1\pair_arithmetic_test.exe "controlled_oracle"
2026-09-05T14:34:27.0892786Z 6: Working Directory: C:/openfhe-2023-1788/project-build-33971779479-1
2026-09-05T14:34:27.0893663Z 6: Test timeout computed to be: 10000000
2026-09-05T14:34:27.4071511Z 6: pair-arithmetic case passed: controlled_oracle
2026-09-05T14:34:27.4082342Z  6/57 Test  #6: pair_arithmetic_controlled_oracle ...............   Passed    0.32 sec
2026-09-05T14:34:27.4086363Z test 7
2026-09-05T14:34:27.4086721Z       Start  7: pair_arithmetic_public_lifecycles_keyless
2026-09-05T14:34:27.4087781Z 
2026-09-05T14:34:27.4088410Z 7: Test command: C:\openfhe-2023-1788\project-build-33971779479-1\pair_arithmetic_test.exe "public_lifecycles_keyless"
2026-09-05T14:34:27.4089315Z 7: Working Directory: C:/openfhe-2023-1788/project-build-33971779479-1
2026-09-05T14:34:27.4089695Z 7: Test timeout computed to be: 10000000
2026-09-05T14:34:27.7270069Z 7: pair-arithmetic case passed: public_lifecycles_keyless
2026-09-05T14:34:27.7281965Z  7/57 Test  #7: pair_arithmetic_public_lifecycles_keyless .......   Passed    0.32 sec
2026-09-05T14:34:27.7285993Z test 8
2026-09-05T14:34:27.7286359Z       Start  8: pair_arithmetic_compatibility_rejections
2026-09-05T14:34:27.7287402Z 
2026-09-05T14:34:27.7288027Z 8: Test command: C:\openfhe-2023-1788\project-build-33971779479-1\pair_arithmetic_test.exe "compatibility_rejections"
2026-09-05T14:34:27.7288661Z 8: Working Directory: C:/openfhe-2023-1788/project-build-33971779479-1
2026-09-05T14:34:27.7289021Z 8: Test timeout computed to be: 10000000
2026-09-05T14:34:27.7981604Z 8: pair-arithmetic case passed: compatibility_rejections
2026-09-05T14:34:27.7990841Z  8/57 Test  #8: pair_arithmetic_compatibility_rejections ........   Passed    0.07 sec
2026-09-05T14:34:27.7994578Z test 9
2026-09-05T14:34:27.7995502Z       Start  9: tensor2_valid_arithmetic_immutability
2026-09-05T14:34:27.7996568Z 
2026-09-05T14:34:27.7997214Z 9: Test command: C:\openfhe-2023-1788\project-build-33971779479-1\tensor2_test.exe "valid_arithmetic_immutability"
2026-09-05T14:34:27.7998184Z 9: Working Directory: C:/openfhe-2023-1788/project-build-33971779479-1
2026-09-05T14:34:27.7998727Z 9: Test timeout computed to be: 10000000
2026-09-05T14:34:27.8183122Z 9: Tensor2 case passed: valid_arithmetic_immutability
2026-09-05T14:34:27.8192443Z  9/57 Test  #9: tensor2_valid_arithmetic_immutability ...........   Passed    0.02 sec
2026-09-05T14:34:27.8195692Z test 10
2026-09-05T14:34:27.8195999Z       Start 10: tensor2_result_scale_contract
2026-09-05T14:34:27.8196978Z 
2026-09-05T14:34:27.8197590Z 10: Test command: C:\openfhe-2023-1788\project-build-33971779479-1\tensor2_test.exe "result_scale_contract"
2026-09-05T14:34:27.8198220Z 10: Working Directory: C:/openfhe-2023-1788/project-build-33971779479-1
2026-09-05T14:34:27.8198591Z 10: Test timeout computed to be: 10000000
2026-09-05T14:34:27.8320167Z 10: Tensor2 case passed: result_scale_contract
2026-09-05T14:34:27.8329277Z 10/57 Test #10: tensor2_result_scale_contract ...................   Passed    0.01 sec
2026-09-05T14:34:27.8332294Z test 11
2026-09-05T14:34:27.8332611Z       Start 11: tensor2_right_input_validation
2026-09-05T14:34:27.8333600Z 
2026-09-05T14:34:27.8334182Z 11: Test command: C:\openfhe-2023-1788\project-build-33971779479-1\tensor2_test.exe "right_input_validation"
2026-09-05T14:34:27.8334815Z 11: Working Directory: C:/openfhe-2023-1788/project-build-33971779479-1
2026-09-05T14:34:27.8335202Z 11: Test timeout computed to be: 10000000
2026-09-05T14:34:27.8442650Z 11: Tensor2 case passed: right_input_validation
2026-09-05T14:34:27.8451760Z 11/57 Test #11: tensor2_right_input_validation ..................   Passed    0.01 sec
2026-09-05T14:34:27.8454770Z test 12
2026-09-05T14:34:27.8455104Z       Start 12: tensor2_mutual_compatibility
2026-09-05T14:34:27.8456002Z 
2026-09-05T14:34:27.8456609Z 12: Test command: C:\openfhe-2023-1788\project-build-33971779479-1\tensor2_test.exe "mutual_compatibility"
2026-09-05T14:34:27.8457347Z 12: Working Directory: C:/openfhe-2023-1788/project-build-33971779479-1
2026-09-05T14:34:27.8457712Z 12: Test timeout computed to be: 10000000
2026-09-05T14:34:27.8577311Z 12: Tensor2 case passed: mutual_compatibility
2026-09-05T14:34:27.8591322Z 12/57 Test #12: tensor2_mutual_compatibility ....................   Passed    0.01 sec
2026-09-05T14:34:27.8595323Z test 13
2026-09-05T14:34:27.8595727Z       Start 13: tensor2_prearithmetic_key_compatibility
2026-09-05T14:34:27.8596141Z 
2026-09-05T14:34:27.8596803Z 13: Test command: C:\openfhe-2023-1788\project-build-33971779479-1\tensor2_test.exe "prearithmetic_key_compatibility"
2026-09-05T14:34:27.8597979Z 13: Working Directory: C:/openfhe-2023-1788/project-build-33971779479-1
2026-09-05T14:34:27.8598915Z 13: Test timeout computed to be: 10000000
2026-09-05T14:34:27.8737614Z 13: Tensor2 case passed: prearithmetic_key_compatibility
2026-09-05T14:34:27.8746619Z 13/57 Test #13: tensor2_prearithmetic_key_compatibility .........   Passed    0.01 sec
2026-09-05T14:34:27.8749505Z test 14
2026-09-05T14:34:27.8749818Z       Start 14: relin2_tensor_validation_order
2026-09-05T14:34:27.8750982Z 
2026-09-05T14:34:27.8751720Z 14: Test command: C:\openfhe-2023-1788\project-build-33971779479-1\relin2_test.exe "tensor_validation_order"
2026-09-05T14:34:27.8752832Z 14: Working Directory: C:/openfhe-2023-1788/project-build-33971779479-1
2026-09-05T14:34:27.8753485Z 14: Test timeout computed to be: 10000000
2026-09-05T14:34:27.8892264Z 14: Relin2 case passed: tensor_validation_order
2026-09-05T14:34:27.8901390Z 14/57 Test #14: relin2_tensor_validation_order ..................   Passed    0.01 sec
2026-09-05T14:34:27.8904312Z test 15
2026-09-05T14:34:27.8904639Z       Start 15: relin2_insufficient_active_basis
2026-09-05T14:34:27.8905571Z 
2026-09-05T14:34:27.8906168Z 15: Test command: C:\openfhe-2023-1788\project-build-33971779479-1\relin2_test.exe "insufficient_active_basis"
2026-09-05T14:34:27.8906809Z 15: Working Directory: C:/openfhe-2023-1788/project-build-33971779479-1
2026-09-05T14:34:27.8907202Z 15: Test timeout computed to be: 10000000
2026-09-05T14:34:27.9017768Z 15: Relin2 case passed: insufficient_active_basis
2026-09-05T14:34:27.9027381Z 15/57 Test #15: relin2_insufficient_active_basis ................   Passed    0.01 sec
2026-09-05T14:34:27.9030363Z test 16
2026-09-05T14:34:27.9030647Z       Start 16: relin2_missing_eval_key
2026-09-05T14:34:27.9031752Z 
2026-09-05T14:34:27.9032320Z 16: Test command: C:\openfhe-2023-1788\project-build-33971779479-1\relin2_test.exe "missing_eval_key"
2026-09-05T14:34:27.9033056Z 16: Working Directory: C:/openfhe-2023-1788/project-build-33971779479-1
2026-09-05T14:34:27.9033434Z 16: Test timeout computed to be: 10000000
2026-09-05T14:34:27.9154473Z 16: Relin2 case passed: missing_eval_key
2026-09-05T14:34:27.9163566Z 16/57 Test #16: relin2_missing_eval_key .........................   Passed    0.01 sec
2026-09-05T14:34:27.9166485Z test 17
2026-09-05T14:34:27.9166760Z       Start 17: relin2_key_empty
2026-09-05T14:34:27.9167724Z 
2026-09-05T14:34:27.9168334Z 17: Test command: C:\openfhe-2023-1788\project-build-33971779479-1\relin2_test.exe "key_empty"
2026-09-05T14:34:27.9168905Z 17: Working Directory: C:/openfhe-2023-1788/project-build-33971779479-1
2026-09-05T14:34:27.9169277Z 17: Test timeout computed to be: 10000000
2026-09-05T14:34:27.9288444Z 17: Relin2 case passed: key_empty
2026-09-05T14:34:27.9297800Z 17/57 Test #17: relin2_key_empty ................................   Passed    0.01 sec
2026-09-05T14:34:27.9300908Z test 18
2026-09-05T14:34:27.9301185Z       Start 18: relin2_key_null_first
2026-09-05T14:34:27.9302170Z 
2026-09-05T14:34:27.9302707Z 18: Test command: C:\openfhe-2023-1788\project-build-33971779479-1\relin2_test.exe "key_null_first"
2026-09-05T14:34:27.9303474Z 18: Working Directory: C:/openfhe-2023-1788/project-build-33971779479-1
2026-09-05T14:34:27.9303839Z 18: Test timeout computed to be: 10000000
2026-09-05T14:34:27.9422981Z 18: Relin2 case passed: key_null_first
2026-09-05T14:34:27.9432052Z 18/57 Test #18: relin2_key_null_first ...........................   Passed    0.01 sec
2026-09-05T14:34:27.9435020Z test 19
2026-09-05T14:34:27.9435310Z       Start 19: relin2_key_wrong_context
2026-09-05T14:34:27.9436318Z 
2026-09-05T14:34:27.9436862Z 19: Test command: C:\openfhe-2023-1788\project-build-33971779479-1\relin2_test.exe "key_wrong_context"
2026-09-05T14:34:27.9437473Z 19: Working Directory: C:/openfhe-2023-1788/project-build-33971779479-1
2026-09-05T14:34:27.9437841Z 19: Test timeout computed to be: 10000000
2026-09-05T14:34:27.9580707Z 19: Relin2 case passed: key_wrong_context
2026-09-05T14:34:27.9589628Z 19/57 Test #19: relin2_key_wrong_context ........................   Passed    0.01 sec
2026-09-05T14:34:27.9592579Z test 20
2026-09-05T14:34:27.9593065Z       Start 20: relin2_key_wrong_tag
2026-09-05T14:34:27.9593574Z 
2026-09-05T14:34:27.9594041Z 20: Test command: C:\openfhe-2023-1788\project-build-33971779479-1\relin2_test.exe "key_wrong_tag"
2026-09-05T14:34:27.9594608Z 20: Working Directory: C:/openfhe-2023-1788/project-build-33971779479-1
2026-09-05T14:34:27.9595005Z 20: Test timeout computed to be: 10000000
2026-09-05T14:34:27.9717989Z 20: Relin2 case passed: key_wrong_tag
2026-09-05T14:34:27.9727120Z 20/57 Test #20: relin2_key_wrong_tag ............................   Passed    0.01 sec
2026-09-05T14:34:27.9730050Z test 21
2026-09-05T14:34:27.9730345Z       Start 21: relin2_key_wrong_subtype
2026-09-05T14:34:27.9731325Z 
2026-09-05T14:34:27.9731901Z 21: Test command: C:\openfhe-2023-1788\project-build-33971779479-1\relin2_test.exe "key_wrong_subtype"
2026-09-05T14:34:27.9732639Z 21: Working Directory: C:/openfhe-2023-1788/project-build-33971779479-1
2026-09-05T14:34:27.9733025Z 21: Test timeout computed to be: 10000000
2026-09-05T14:34:27.9905938Z 21: Relin2 case passed: key_wrong_subtype
2026-09-05T14:34:27.9915470Z 21/57 Test #21: relin2_key_wrong_subtype ........................   Passed    0.02 sec
2026-09-05T14:34:27.9918467Z test 22
2026-09-05T14:34:27.9918751Z       Start 22: relin2_key_hybrid_a_length
2026-09-05T14:34:27.9919748Z 
2026-09-05T14:34:27.9920318Z 22: Test command: C:\openfhe-2023-1788\project-build-33971779479-1\relin2_test.exe "key_hybrid_a_length"
2026-09-05T14:34:27.9920925Z 22: Working Directory: C:/openfhe-2023-1788/project-build-33971779479-1
2026-09-05T14:34:27.9921316Z 22: Test timeout computed to be: 10000000
2026-09-05T14:34:28.0047340Z 22: Relin2 case passed: key_hybrid_a_length
2026-09-05T14:34:28.0056290Z 22/57 Test #22: relin2_key_hybrid_a_length ......................   Passed    0.01 sec
2026-09-05T14:34:28.0059328Z test 23
2026-09-05T14:34:28.0059661Z       Start 23: relin2_key_hybrid_b_length
2026-09-05T14:34:28.0060703Z 
2026-09-05T14:34:28.0061268Z 23: Test command: C:\openfhe-2023-1788\project-build-33971779479-1\relin2_test.exe "key_hybrid_b_length"
2026-09-05T14:34:28.0061859Z 23: Working Directory: C:/openfhe-2023-1788/project-build-33971779479-1
2026-09-05T14:34:28.0062228Z 23: Test timeout computed to be: 10000000
2026-09-05T14:34:28.0186315Z 23: Relin2 case passed: key_hybrid_b_length
2026-09-05T14:34:28.0195718Z 23/57 Test #23: relin2_key_hybrid_b_length ......................   Passed    0.01 sec
2026-09-05T14:34:28.0199182Z test 24
2026-09-05T14:34:28.0199489Z       Start 24: relin2_key_hybrid_entry_basis
2026-09-05T14:34:28.0200494Z 
2026-09-05T14:34:28.0201306Z 24: Test command: C:\openfhe-2023-1788\project-build-33971779479-1\relin2_test.exe "key_hybrid_entry_basis"
2026-09-05T14:34:28.0202061Z 24: Working Directory: C:/openfhe-2023-1788/project-build-33971779479-1
2026-09-05T14:34:28.0202424Z 24: Test timeout computed to be: 10000000
2026-09-05T14:34:28.0377107Z 24: Relin2 case passed: key_hybrid_entry_basis
2026-09-05T14:34:28.0386884Z 24/57 Test #24: relin2_key_hybrid_entry_basis ...................   Passed    0.02 sec
2026-09-05T14:34:28.0389873Z test 25
2026-09-05T14:34:28.0390353Z       Start 25: relin2_key_hybrid_entry_format
2026-09-05T14:34:28.0391477Z 
2026-09-05T14:34:28.0392095Z 25: Test command: C:\openfhe-2023-1788\project-build-33971779479-1\relin2_test.exe "key_hybrid_entry_format"
2026-09-05T14:34:28.0392739Z 25: Working Directory: C:/openfhe-2023-1788/project-build-33971779479-1
2026-09-05T14:34:28.0393315Z 25: Test timeout computed to be: 10000000
2026-09-05T14:34:28.0569606Z 25: Relin2 case passed: key_hybrid_entry_format
2026-09-05T14:34:28.0579060Z 25/57 Test #25: relin2_key_hybrid_entry_format ..................   Passed    0.02 sec
2026-09-05T14:34:28.0582067Z test 26
2026-09-05T14:34:28.0582387Z       Start 26: relin2_key_bv_zero_digit_a_length
2026-09-05T14:34:28.0583329Z 
2026-09-05T14:34:28.0583943Z 26: Test command: C:\openfhe-2023-1788\project-build-33971779479-1\relin2_test.exe "key_bv_zero_digit_a_length"
2026-09-05T14:34:28.0584771Z 26: Working Directory: C:/openfhe-2023-1788/project-build-33971779479-1
2026-09-05T14:34:28.0585154Z 26: Test timeout computed to be: 10000000
2026-09-05T14:34:28.0725259Z 26: Relin2 case passed: key_bv_zero_digit_a_length
2026-09-05T14:34:28.0734375Z 26/57 Test #26: relin2_key_bv_zero_digit_a_length ...............   Passed    0.01 sec
2026-09-05T14:34:28.0737521Z test 27
2026-09-05T14:34:28.0737847Z       Start 27: relin2_key_bv_zero_digit_b_length
2026-09-05T14:34:28.0738884Z 
2026-09-05T14:34:28.0739511Z 27: Test command: C:\openfhe-2023-1788\project-build-33971779479-1\relin2_test.exe "key_bv_zero_digit_b_length"
2026-09-05T14:34:28.0740293Z 27: Working Directory: C:/openfhe-2023-1788/project-build-33971779479-1
2026-09-05T14:34:28.0740658Z 27: Test timeout computed to be: 10000000
2026-09-05T14:34:28.0880311Z 27: Relin2 case passed: key_bv_zero_digit_b_length
2026-09-05T14:34:28.0889471Z 27/57 Test #27: relin2_key_bv_zero_digit_b_length ...............   Passed    0.01 sec
2026-09-05T14:34:28.0892515Z test 28
2026-09-05T14:34:28.0892845Z       Start 28: relin2_key_bv_nonzero_digit_a_length
2026-09-05T14:34:28.0893788Z 
2026-09-05T14:34:28.0894392Z 28: Test command: C:\openfhe-2023-1788\project-build-33971779479-1\relin2_test.exe "key_bv_nonzero_digit_a_length"
2026-09-05T14:34:28.0895013Z 28: Working Directory: C:/openfhe-2023-1788/project-build-33971779479-1
2026-09-05T14:34:28.0895381Z 28: Test timeout computed to be: 10000000
2026-09-05T14:34:28.1076146Z 28: Relin2 case passed: key_bv_nonzero_digit_a_length
2026-09-05T14:34:28.1085251Z 28/57 Test #28: relin2_key_bv_nonzero_digit_a_length ............   Passed    0.02 sec
2026-09-05T14:34:28.1088246Z test 29
2026-09-05T14:34:28.1088581Z       Start 29: relin2_key_bv_nonzero_digit_b_length
2026-09-05T14:34:28.1089528Z 
2026-09-05T14:34:28.1090227Z 29: Test command: C:\openfhe-2023-1788\project-build-33971779479-1\relin2_test.exe "key_bv_nonzero_digit_b_length"
2026-09-05T14:34:28.1090994Z 29: Working Directory: C:/openfhe-2023-1788/project-build-33971779479-1
2026-09-05T14:34:28.1091369Z 29: Test timeout computed to be: 10000000
2026-09-05T14:34:28.1272743Z 29: Relin2 case passed: key_bv_nonzero_digit_b_length
2026-09-05T14:34:28.1282352Z 29/57 Test #29: relin2_key_bv_nonzero_digit_b_length ............   Passed    0.02 sec
2026-09-05T14:34:28.1285263Z test 30
2026-09-05T14:34:28.1285603Z       Start 30: relin2_key_bv_zero_digit_entry_basis
2026-09-05T14:34:28.1286539Z 
2026-09-05T14:34:28.1287227Z 30: Test command: C:\openfhe-2023-1788\project-build-33971779479-1\relin2_test.exe "key_bv_zero_digit_entry_basis"
2026-09-05T14:34:28.1287994Z 30: Working Directory: C:/openfhe-2023-1788/project-build-33971779479-1
2026-09-05T14:34:28.1288396Z 30: Test timeout computed to be: 10000000
2026-09-05T14:34:28.1430155Z 30: Relin2 case passed: key_bv_zero_digit_entry_basis
2026-09-05T14:34:28.1439644Z 30/57 Test #30: relin2_key_bv_zero_digit_entry_basis ............   Passed    0.01 sec
2026-09-05T14:34:28.1442559Z test 31
2026-09-05T14:34:28.1442926Z       Start 31: relin2_key_bv_nonzero_digit_entry_basis
2026-09-05T14:34:28.1443820Z 
2026-09-05T14:34:28.1444520Z 31: Test command: C:\openfhe-2023-1788\project-build-33971779479-1\relin2_test.exe "key_bv_nonzero_digit_entry_basis"
2026-09-05T14:34:28.1445263Z 31: Working Directory: C:/openfhe-2023-1788/project-build-33971779479-1
2026-09-05T14:34:28.1445624Z 31: Test timeout computed to be: 10000000
2026-09-05T14:34:28.1632521Z 31: Relin2 case passed: key_bv_nonzero_digit_entry_basis
2026-09-05T14:34:28.1642159Z 31/57 Test #31: relin2_key_bv_nonzero_digit_entry_basis .........   Passed    0.02 sec
2026-09-05T14:34:28.1645114Z test 32
2026-09-05T14:34:28.1645458Z       Start 32: relin2_key_bv_zero_digit_entry_format
2026-09-05T14:34:28.1646371Z 
2026-09-05T14:34:28.1647040Z 32: Test command: C:\openfhe-2023-1788\project-build-33971779479-1\relin2_test.exe "key_bv_zero_digit_entry_format"
2026-09-05T14:34:28.1648007Z 32: Working Directory: C:/openfhe-2023-1788/project-build-33971779479-1
2026-09-05T14:34:28.1648423Z 32: Test timeout computed to be: 10000000
2026-09-05T14:34:28.1791963Z 32: Relin2 case passed: key_bv_zero_digit_entry_format
2026-09-05T14:34:28.1801429Z 32/57 Test #32: relin2_key_bv_zero_digit_entry_format ...........   Passed    0.02 sec
2026-09-05T14:34:28.1804386Z test 33
2026-09-05T14:34:28.1804739Z       Start 33: relin2_key_bv_nonzero_digit_entry_format
2026-09-05T14:34:28.1805686Z 
2026-09-05T14:34:28.1806297Z 33: Test command: C:\openfhe-2023-1788\project-build-33971779479-1\relin2_test.exe "key_bv_nonzero_digit_entry_format"
2026-09-05T14:34:28.1806939Z 33: Working Directory: C:/openfhe-2023-1788/project-build-33971779479-1
2026-09-05T14:34:28.1807301Z 33: Test timeout computed to be: 10000000
2026-09-05T14:34:28.1998498Z 33: Relin2 case passed: key_bv_nonzero_digit_entry_format
2026-09-05T14:34:28.2008229Z 33/57 Test #33: relin2_key_bv_nonzero_digit_entry_format ........   Passed    0.02 sec
2026-09-05T14:34:28.2011399Z test 34
2026-09-05T14:34:28.2011771Z       Start 34: relin2_valid_arithmetic_state_immutability
2026-09-05T14:34:28.2012700Z 
2026-09-05T14:34:28.2013400Z 34: Test command: C:\openfhe-2023-1788\project-build-33971779479-1\relin2_test.exe "valid_arithmetic_state_immutability"
2026-09-05T14:34:28.2014165Z 34: Working Directory: C:/openfhe-2023-1788/project-build-33971779479-1
2026-09-05T14:34:28.2014534Z 34: Test timeout computed to be: 10000000
2026-09-05T14:34:28.2340421Z 34: Relin2 case passed: valid_arithmetic_state_immutability
2026-09-05T14:34:28.2349674Z 34/57 Test #34: relin2_valid_arithmetic_state_immutability ......   Passed    0.03 sec
2026-09-05T14:34:28.2352681Z test 35
2026-09-05T14:34:28.2353038Z       Start 35: relin2_controlled_witnesses_and_boundaries
2026-09-05T14:34:28.2353948Z 
2026-09-05T14:34:28.2354606Z 35: Test command: C:\openfhe-2023-1788\project-build-33971779479-1\relin2_test.exe "controlled_witnesses_and_boundaries"
2026-09-05T14:34:28.2355284Z 35: Working Directory: C:/openfhe-2023-1788/project-build-33971779479-1
2026-09-05T14:34:28.2355645Z 35: Test timeout computed to be: 10000000
2026-09-05T14:34:28.2619576Z 35: Relin2 case passed: controlled_witnesses_and_boundaries
2026-09-05T14:34:28.2629233Z 35/57 Test #35: relin2_controlled_witnesses_and_boundaries ......   Passed    0.03 sec
2026-09-05T14:34:28.2632664Z test 36
2026-09-05T14:34:28.2632999Z       Start 36: relin2_representative_public_input
2026-09-05T14:34:28.2633891Z 
2026-09-05T14:34:28.2634494Z 36: Test command: C:\openfhe-2023-1788\project-build-33971779479-1\relin2_test.exe "representative_public_input"
2026-09-05T14:34:28.2635107Z 36: Working Directory: C:/openfhe-2023-1788/project-build-33971779479-1
2026-09-05T14:34:28.2635466Z 36: Test timeout computed to be: 10000000
2026-09-05T14:34:28.2955446Z 36: Relin2 case passed: representative_public_input
2026-09-05T14:34:28.2965041Z 36/57 Test #36: relin2_representative_public_input ..............   Passed    0.03 sec
2026-09-05T14:34:28.2968101Z test 37
2026-09-05T14:34:28.2968411Z       Start 37: relin2_key_extra_later_valid
2026-09-05T14:34:28.2969384Z 
2026-09-05T14:34:28.2969943Z 37: Test command: C:\openfhe-2023-1788\project-build-33971779479-1\relin2_test.exe "key_extra_later_valid"
2026-09-05T14:34:28.2970547Z 37: Working Directory: C:/openfhe-2023-1788/project-build-33971779479-1
2026-09-05T14:34:28.2970926Z 37: Test timeout computed to be: 10000000
2026-09-05T14:34:28.3299716Z 37: Relin2 case passed: key_extra_later_valid
2026-09-05T14:34:28.3308303Z 37/57 Test #37: relin2_key_extra_later_valid ....................   Passed    0.03 sec
2026-09-05T14:34:28.3311426Z test 38
2026-09-05T14:34:28.3312095Z       Start 38: relin2_key_malformed_later_ignored
2026-09-05T14:34:28.3312788Z 
2026-09-05T14:34:28.3313261Z 38: Test command: C:\openfhe-2023-1788\project-build-33971779479-1\relin2_test.exe "key_malformed_later_ignored"
2026-09-05T14:34:28.3314252Z 38: Working Directory: C:/openfhe-2023-1788/project-build-33971779479-1
2026-09-05T14:34:28.3314821Z 38: Test timeout computed to be: 10000000
2026-09-05T14:34:28.3647339Z 38: Relin2 case passed: key_malformed_later_ignored
2026-09-05T14:34:28.3656681Z 38/57 Test #38: relin2_key_malformed_later_ignored ..............   Passed    0.03 sec
2026-09-05T14:34:28.3659716Z test 39
2026-09-05T14:34:28.3660334Z       Start 39: relin2_hybrid_valid_shapes
2026-09-05T14:34:28.3661061Z 
2026-09-05T14:34:28.3661523Z 39: Test command: C:\openfhe-2023-1788\project-build-33971779479-1\relin2_test.exe "hybrid_valid_shapes"
2026-09-05T14:34:28.3662492Z 39: Working Directory: C:/openfhe-2023-1788/project-build-33971779479-1
2026-09-05T14:34:28.3662863Z 39: Test timeout computed to be: 10000000
2026-09-05T14:34:28.3985528Z 39: Relin2 case passed: hybrid_valid_shapes
2026-09-05T14:34:28.3994717Z 39/57 Test #39: relin2_hybrid_valid_shapes ......................   Passed    0.03 sec
2026-09-05T14:34:28.3997652Z test 40
2026-09-05T14:34:28.3998304Z       Start 40: relin2_bv_zero_digit_valid_shapes
2026-09-05T14:34:28.3998999Z 
2026-09-05T14:34:28.3999495Z 40: Test command: C:\openfhe-2023-1788\project-build-33971779479-1\relin2_test.exe "bv_zero_digit_valid_shapes"
2026-09-05T14:34:28.4000358Z 40: Working Directory: C:/openfhe-2023-1788/project-build-33971779479-1
2026-09-05T14:34:28.4000724Z 40: Test timeout computed to be: 10000000
2026-09-05T14:34:28.4256081Z 40: Relin2 case passed: bv_zero_digit_valid_shapes
2026-09-05T14:34:28.4265072Z 40/57 Test #40: relin2_bv_zero_digit_valid_shapes ...............   Passed    0.03 sec
2026-09-05T14:34:28.4267953Z test 41
2026-09-05T14:34:28.4268737Z       Start 41: relin2_bv_nonzero_digit_valid_shapes
2026-09-05T14:34:28.4269412Z 
2026-09-05T14:34:28.4269954Z 41: Test command: C:\openfhe-2023-1788\project-build-33971779479-1\relin2_test.exe "bv_nonzero_digit_valid_shapes"
2026-09-05T14:34:28.4270829Z 41: Working Directory: C:/openfhe-2023-1788/project-build-33971779479-1
2026-09-05T14:34:28.4271209Z 41: Test timeout computed to be: 10000000
2026-09-05T14:34:28.4636150Z 41: Relin2 case passed: bv_nonzero_digit_valid_shapes
2026-09-05T14:34:28.4645174Z 41/57 Test #41: relin2_bv_nonzero_digit_valid_shapes ............   Passed    0.04 sec
2026-09-05T14:34:28.4648008Z test 42
2026-09-05T14:34:28.4648672Z       Start 42: relin2_first_recombined_rcb_validation
2026-09-05T14:34:28.4649355Z 
2026-09-05T14:34:28.4649880Z 42: Test command: C:\openfhe-2023-1788\project-build-33971779479-1\relin2_test.exe "first_recombined_rcb_validation"
2026-09-05T14:34:28.4650783Z 42: Working Directory: C:/openfhe-2023-1788/project-build-33971779479-1
2026-09-05T14:34:28.4651150Z 42: Test timeout computed to be: 10000000
2026-09-05T14:34:28.4754221Z 42: Relin2 case passed: first_recombined_rcb_validation
2026-09-05T14:34:28.4762935Z 42/57 Test #42: relin2_first_recombined_rcb_validation ..........   Passed    0.01 sec
2026-09-05T14:34:28.4765953Z test 43
2026-09-05T14:34:28.4766630Z       Start 43: relin2_first_recombined_tensor2_validation
2026-09-05T14:34:28.4767389Z 
2026-09-05T14:34:28.4767954Z 43: Test command: C:\openfhe-2023-1788\project-build-33971779479-1\relin2_test.exe "first_recombined_tensor2_validation"
2026-09-05T14:34:28.4768870Z 43: Working Directory: C:/openfhe-2023-1788/project-build-33971779479-1
2026-09-05T14:34:28.4769235Z 43: Test timeout computed to be: 10000000
2026-09-05T14:34:28.4876058Z 43: Relin2 case passed: first_recombined_tensor2_validation
2026-09-05T14:34:28.4884710Z 43/57 Test #43: relin2_first_recombined_tensor2_validation ......   Passed    0.01 sec
2026-09-05T14:34:28.4887827Z test 44
2026-09-05T14:34:28.4888464Z       Start 44: relin2_tensor2_requires_first_lifecycle
2026-09-05T14:34:28.4889147Z 
2026-09-05T14:34:28.4889690Z 44: Test command: C:\openfhe-2023-1788\project-build-33971779479-1\relin2_test.exe "tensor2_requires_first_lifecycle"
2026-09-05T14:34:28.4890668Z 44: Working Directory: C:/openfhe-2023-1788/project-build-33971779479-1
2026-09-05T14:34:28.4891043Z 44: Test timeout computed to be: 10000000
2026-09-05T14:34:28.5066589Z 44: Relin2 case passed: tensor2_requires_first_lifecycle
2026-09-05T14:34:28.5075760Z 44/57 Test #44: relin2_tensor2_requires_first_lifecycle .........   Passed    0.02 sec
2026-09-05T14:34:28.5078993Z test 45
2026-09-05T14:34:28.5079754Z       Start 45: rs2_wrong_lifecycle
2026-09-05T14:34:28.5080783Z 
2026-09-05T14:34:28.5081285Z 45: Test command: C:\openfhe-2023-1788\project-build-33971779479-1\rs2_test.exe "wrong_lifecycle"
2026-09-05T14:34:28.5082093Z 45: Working Directory: C:/openfhe-2023-1788/project-build-33971779479-1
2026-09-05T14:34:28.5082468Z 45: Test timeout computed to be: 10000000
2026-09-05T14:34:28.5190746Z 45: RS2 case passed: wrong_lifecycle
2026-09-05T14:34:28.5199950Z 45/57 Test #45: rs2_wrong_lifecycle .............................   Passed    0.01 sec
2026-09-05T14:34:28.5202837Z test 46
2026-09-05T14:34:28.5203541Z       Start 46: rs2_valid_arithmetic_state_immutability
2026-09-05T14:34:28.5204156Z 
2026-09-05T14:34:28.5204727Z 46: Test command: C:\openfhe-2023-1788\project-build-33971779479-1\rs2_test.exe "valid_arithmetic_state_immutability"
2026-09-05T14:34:28.5205597Z 46: Working Directory: C:/openfhe-2023-1788/project-build-33971779479-1
2026-09-05T14:34:28.5205969Z 46: Test timeout computed to be: 10000000
2026-09-05T14:34:28.5419683Z 46: RS2 case passed: valid_arithmetic_state_immutability
2026-09-05T14:34:28.5429549Z 46/57 Test #46: rs2_valid_arithmetic_state_immutability .........   Passed    0.02 sec
2026-09-05T14:34:28.5432547Z test 47
2026-09-05T14:34:28.5433149Z       Start 47: rs2_mixed_tower_format
2026-09-05T14:34:28.5433868Z 
2026-09-05T14:34:28.5434271Z 47: Test command: C:\openfhe-2023-1788\project-build-33971779479-1\rs2_test.exe "mixed_tower_format"
2026-09-05T14:34:28.5435252Z 47: Working Directory: C:/openfhe-2023-1788/project-build-33971779479-1
2026-09-05T14:34:28.5435624Z 47: Test timeout computed to be: 10000000
2026-09-05T14:34:28.5651277Z 47: RS2 case passed: mixed_tower_format
2026-09-05T14:34:28.5660917Z 47/57 Test #47: rs2_mixed_tower_format ..........................   Passed    0.02 sec
2026-09-05T14:34:28.5663891Z test 48
2026-09-05T14:34:28.5664205Z       Start 48: rs2_untouched_public_pipeline
2026-09-05T14:34:28.5665189Z 
2026-09-05T14:34:28.5665768Z 48: Test command: C:\openfhe-2023-1788\project-build-33971779479-1\rs2_test.exe "untouched_public_pipeline"
2026-09-05T14:34:28.5666377Z 48: Working Directory: C:/openfhe-2023-1788/project-build-33971779479-1
2026-09-05T14:34:28.5666775Z 48: Test timeout computed to be: 10000000
2026-09-05T14:34:28.5974566Z 48: RS2 case passed: untouched_public_pipeline
2026-09-05T14:34:28.5984020Z 48/57 Test #48: rs2_untouched_public_pipeline ...................   Passed    0.03 sec
2026-09-05T14:34:28.5986985Z test 49
2026-09-05T14:34:28.5987277Z       Start 49: rs2_declared_basis_mismatch
2026-09-05T14:34:28.5988216Z 
2026-09-05T14:34:28.5988822Z 49: Test command: C:\openfhe-2023-1788\project-build-33971779479-1\rs2_test.exe "declared_basis_mismatch"
2026-09-05T14:34:28.5989476Z 49: Working Directory: C:/openfhe-2023-1788/project-build-33971779479-1
2026-09-05T14:34:28.5989851Z 49: Test timeout computed to be: 10000000
2026-09-05T14:34:28.6210433Z 49: RS2 case passed: declared_basis_mismatch
2026-09-05T14:34:28.6220279Z 49/57 Test #49: rs2_declared_basis_mismatch .....................   Passed    0.02 sec
2026-09-05T14:34:28.6223427Z test 50
2026-09-05T14:34:28.6223704Z       Start 50: rs2_terminal_rejections
2026-09-05T14:34:28.6224695Z 
2026-09-05T14:34:28.6225253Z 50: Test command: C:\openfhe-2023-1788\project-build-33971779479-1\rs2_test.exe "terminal_rejections"
2026-09-05T14:34:28.6225843Z 50: Working Directory: C:/openfhe-2023-1788/project-build-33971779479-1
2026-09-05T14:34:28.6226211Z 50: Test timeout computed to be: 10000000
2026-09-05T14:34:28.6391117Z 50: RS2 case passed: terminal_rejections
2026-09-05T14:34:28.6400379Z 50/57 Test #50: rs2_terminal_rejections .........................   Passed    0.02 sec
2026-09-05T14:34:28.6403380Z test 51
2026-09-05T14:34:28.6403879Z       Start 51: mult2_composition_contract
2026-09-05T14:34:28.6404962Z 
2026-09-05T14:34:28.6405504Z 51: Test command: C:\openfhe-2023-1788\project-build-33971779479-1\mult2_test.exe "composition_contract"
2026-09-05T14:34:28.6406091Z 51: Working Directory: C:/openfhe-2023-1788/project-build-33971779479-1
2026-09-05T14:34:28.6406449Z 51: Test timeout computed to be: 10000000
2026-09-05T14:34:28.6638366Z 51: security_level=HEStd_NotSet(functional-only) ring_dimension=64 batch_size=16 scaling_mod_size=30 first_mod_size=35 multiplicative_depth=7 key_switch=HYBRID secret_key_dist=UNIFORM_TERNARY ckks_data_type=REAL active_Q_l_towers=7 q_div=1073741953 q_l=1073741441 ratio_2^(2p)/(q_div*q_l)=1.00000023655603276 frozen_decoded_abs_tolerance=0.00100000000000000002 measured_max_logical_slot_error=1.15586184373794865e-08
2026-09-05T14:34:28.6647900Z 51/57 Test #51: mult2_composition_contract ......................   Passed    0.02 sec
2026-09-05T14:34:28.6651409Z test 52
2026-09-05T14:34:28.6651693Z       Start 52: mult2_e2e_hybrid_real
2026-09-05T14:34:28.6652901Z 
2026-09-05T14:34:28.6653476Z 52: Test command: C:\openfhe-2023-1788\project-build-33971779479-1\mult2_e2e_oracle_test.exe "hybrid_real"
2026-09-05T14:34:28.6654274Z 52: Working Directory: C:/openfhe-2023-1788/project-build-33971779479-1
2026-09-05T14:34:28.6654644Z 52: Test timeout computed to be: 10000000
2026-09-05T14:34:28.7363596Z 52: [RELIN2-EXECUTION] q_div=1073741953 q_l=1073741441 ordinary_combined_relin_execution_error=16 pair_relin_execution_error=35 high_path_relin_error=19 low_path_relin_error=16 execution_relin2_triangle_bound=35 paper_additivity_residual=20 paper_additivity_execution_observed=true secret_h=36 input_Q_l=52656049226897061758347970843194892279389197066160739197584863617 oracle_basis_agreement=true
2026-09-05T14:34:28.7370326Z 52: case=hybrid_real security_level=HEStd_NotSet(functional-only) key_switch=HYBRID secret_key_dist=UNIFORM_TERNARY ckks_data_type=REAL selected_ring_dimension=64 actual_N=64 batch_size=16 host_vector_length=8 encoding_noise_scale_degree=2 encoding_level=0 scaling_technique=FIXEDMANUAL digit_size=0 max_relin_sk_deg=2 scaling_mod_size=30 first_mod_size=35 multiplicative_depth=7 active_Q_l_towers=7 Q_l_bits=215 preselection_required_bits=174 selection_reserve_bits=32 q_div=1073741953 q_l=1073741441 ratio_2^(2p)/(q_div*q_l)=1.00000023655603276 descriptor_ratio=1.00000023655603276 M_high=107367068 M_low=6520826078 secret_h=36 ordinary_combined_relin_execution_error=16 pair_relin_execution_error=35 high_path_relin_error=19 low_path_relin_error=16 execution_relin2_triangle_bound=35 paper_additivity_residual=20 paper_additivity_execution_observed=true execution_certificate=PER_PATH_CONDITIONAL conservative_E_Relin_available=false universal_theorem_gate=UNPROVED execution_nonwrap_left=850593489474803730916331224635771171 execution_nonwrap_right_Q_l_over_2=26328024613448530879173985421597446139694598533080369598792431808 coefficient_error=99126996879799965465/1152921231876374273 execution_bound=5485368196313770131563/2305842463752748546 fixed_key_bv_bound_available=false frozen_decoded_abs_tolerance=0.00100000000000000002 measured_recorded_bias_error=9.4455489057716618e-09 measured_logical_slot_error=9.44554667137061405e-09
2026-09-05T14:34:28.7375862Z 52/57 Test #52: mult2_e2e_hybrid_real ...........................   Passed    0.07 sec
2026-09-05T14:34:28.7377220Z test 53
2026-09-05T14:34:28.7377713Z       Start 53: mult2_e2e_hybrid_complex
2026-09-05T14:34:28.7378489Z 
2026-09-05T14:34:28.7379070Z 53: Test command: C:\openfhe-2023-1788\project-build-33971779479-1\mult2_e2e_oracle_test.exe "hybrid_complex"
2026-09-05T14:34:28.7379670Z 53: Working Directory: C:/openfhe-2023-1788/project-build-33971779479-1
2026-09-05T14:34:28.7380035Z 53: Test timeout computed to be: 10000000
2026-09-05T14:34:28.8076385Z 53: [RELIN2-EXECUTION] q_div=1073741953 q_l=1073741441 ordinary_combined_relin_execution_error=12 pair_relin_execution_error=22 high_path_relin_error=12 low_path_relin_error=11 execution_relin2_triangle_bound=23 paper_additivity_residual=18 paper_additivity_execution_observed=true secret_h=38 input_Q_l=52656049226897061758347970843194892279389197066160739197584863617 oracle_basis_agreement=true
2026-09-05T14:34:28.8087569Z 53: case=hybrid_complex security_level=HEStd_NotSet(functional-only) key_switch=HYBRID secret_key_dist=UNIFORM_TERNARY ckks_data_type=COMPLEX selected_ring_dimension=64 actual_N=64 batch_size=16 host_vector_length=8 encoding_noise_scale_degree=2 encoding_level=0 scaling_technique=FIXEDMANUAL digit_size=0 max_relin_sk_deg=2 scaling_mod_size=30 first_mod_size=35 multiplicative_depth=7 active_Q_l_towers=7 Q_l_bits=215 preselection_required_bits=174 selection_reserve_bits=32 q_div=1073741953 q_l=1073741441 ratio_2^(2p)/(q_div*q_l)=1.00000023655603276 descriptor_ratio=1.00000023655603276 M_high=88152834 M_low=5368709783 secret_h=38 ordinary_combined_relin_execution_error=12 pair_relin_execution_error=22 high_path_relin_error=12 low_path_relin_error=11 execution_relin2_triangle_bound=23 paper_additivity_residual=18 paper_additivity_execution_observed=true execution_certificate=PER_PATH_CONDITIONAL conservative_E_Relin_available=false universal_theorem_gate=UNPROVED execution_nonwrap_left=573393050718745320502334235553422423 execution_nonwrap_right_Q_l_over_2=26328024613448530879173985421597446139694598533080369598792431808 coefficient_error=100389846344751403303/1152921231876374273 execution_bound=3734313654054798833877/2305842463752748546 fixed_key_bv_bound_available=false frozen_decoded_abs_tolerance=0.00100000000000000002 measured_recorded_bias_error=1.32248386750664172e-09 measured_logical_slot_error=1.32248355442050454e-09
2026-09-05T14:34:28.8093618Z 53/57 Test #53: mult2_e2e_hybrid_complex ........................   Passed    0.07 sec
2026-09-05T14:34:28.8093989Z test 54
2026-09-05T14:34:28.8094157Z       Start 54: mult2_e2e_bv_real
2026-09-05T14:34:28.8094312Z 
2026-09-05T14:34:28.8094609Z 54: Test command: C:\openfhe-2023-1788\project-build-33971779479-1\mult2_e2e_oracle_test.exe "bv_real"
2026-09-05T14:34:28.8095164Z 54: Working Directory: C:/openfhe-2023-1788/project-build-33971779479-1
2026-09-05T14:34:28.8095526Z 54: Test timeout computed to be: 10000000
2026-09-05T14:34:28.8884509Z 54: [RELIN2-EXECUTION] q_div=1073741953 q_l=1073741441 ordinary_combined_relin_execution_error=181814187823 pair_relin_execution_error=222816023366 high_path_relin_error=170475095603 low_path_relin_error=157899804832 execution_relin2_triangle_bound=328374900435 paper_additivity_residual=312458869004 paper_additivity_execution_observed=false secret_h=42 input_Q_l=52656049226897061758347970843194892279389197066160739197584863617 oracle_basis_agreement=true
2026-09-05T14:34:28.8895901Z 54: case=bv_real security_level=HEStd_NotSet(functional-only) key_switch=BV secret_key_dist=UNIFORM_TERNARY ckks_data_type=REAL selected_ring_dimension=64 actual_N=64 batch_size=16 host_vector_length=8 encoding_noise_scale_degree=2 encoding_level=0 scaling_technique=FIXEDMANUAL digit_size=0 max_relin_sk_deg=2 scaling_mod_size=30 first_mod_size=35 multiplicative_depth=7 active_Q_l_towers=7 Q_l_bits=215 preselection_required_bits=174 selection_reserve_bits=32 q_div=1073741953 q_l=1073741441 ratio_2^(2p)/(q_div*q_l)=1.00000023655603276 descriptor_ratio=1.00000023655603276 M_high=107367068 M_low=5368709752 secret_h=42 ordinary_combined_relin_execution_error=181814187823 pair_relin_execution_error=222816023366 high_path_relin_error=170475095603 low_path_relin_error=157899804832 execution_relin2_triangle_bound=328374900435 paper_additivity_residual=312458869004 paper_additivity_execution_observed=false execution_certificate=PER_PATH_CONDITIONAL conservative_E_Relin_available=false universal_theorem_gate=UNPROVED execution_nonwrap_left=850593472473691338999412640987069139 execution_nonwrap_right_Q_l_over_2=26328024613448530879173985421597446139694598533080369598792431808 coefficient_error=263684059018272721485/1152921231876374273 execution_bound=4444105110145346385361/2305842463752748546 fixed_key_bv_bound_available=true fixed_key_bv_bound_status=CANDIDATE_FIXED_KEY_CIPHERTEXT_UNIFORM_CONDITIONAL_ON_CENTERED_DIGIT_LIFT fixed_key_bv_noise_scale=1 fixed_key_bv_active_rows=7 fixed_key_bv_raised_high_q_div_digit=ZERO fixed_key_bv_row_residual_norms=2,2,2,3,2,2,2 fixed_key_bv_per_path_raw_bound=2645699645440 fixed_key_bv_pair_raw_bound=5291399290880 fixed_key_bv_integer_lift_nonwrap=true fixed_key_bv_conservative_nonwrap_left=850593472473691338999417604011459584 fixed_key_bv_conservative_bound=15102120113711444063531/2305842463752748546 fixed_key_bv_final_integer_lift=1701186944947397780118938336668400939<56539009134152591222370164266759140395695978104921302317938424343356224001 fixed_key_bv_unconditional_gaussian_key_bound=false fixed_key_bv_universal_theorem_gate=UNPROVED centered_digit_boundary_probe=PASSED frozen_decoded_abs_tolerance=0.00100000000000000002 measured_recorded_bias_error=1.52091557163076994e-08 measured_logical_slot_error=1.5209152118491025e-08
2026-09-05T14:34:28.8907406Z 54/57 Test #54: mult2_e2e_bv_real ...............................   Passed    0.08 sec
2026-09-05T14:34:28.8908049Z test 55
2026-09-05T14:34:28.8908392Z       Start 55: mult2_e2e_bv_complex
2026-09-05T14:34:28.8908676Z 
2026-09-05T14:34:28.8909209Z 55: Test command: C:\openfhe-2023-1788\project-build-33971779479-1\mult2_e2e_oracle_test.exe "bv_complex"
2026-09-05T14:34:28.8910257Z 55: Working Directory: C:/openfhe-2023-1788/project-build-33971779479-1
2026-09-05T14:34:28.8910922Z 55: Test timeout computed to be: 10000000
2026-09-05T14:34:28.9688677Z 55: [RELIN2-EXECUTION] q_div=1073741953 q_l=1073741441 ordinary_combined_relin_execution_error=202295662990 pair_relin_execution_error=297836104942 high_path_relin_error=252422499961 low_path_relin_error=261987370392 execution_relin2_triangle_bound=514409870353 paper_additivity_residual=437012907140 paper_additivity_execution_observed=false secret_h=50 input_Q_l=52656049226897061758347970843194892279389197066160739197584863617 oracle_basis_agreement=true
2026-09-05T14:34:28.9699201Z 55: case=bv_complex security_level=HEStd_NotSet(functional-only) key_switch=BV secret_key_dist=UNIFORM_TERNARY ckks_data_type=COMPLEX selected_ring_dimension=64 actual_N=64 batch_size=16 host_vector_length=8 encoding_noise_scale_degree=2 encoding_level=0 scaling_technique=FIXEDMANUAL digit_size=0 max_relin_sk_deg=2 scaling_mod_size=30 first_mod_size=35 multiplicative_depth=7 active_Q_l_towers=7 Q_l_bits=215 preselection_required_bits=174 selection_reserve_bits=32 q_div=1073741953 q_l=1073741441 ratio_2^(2p)/(q_div*q_l)=1.00000023655603276 descriptor_ratio=1.00000023655603276 M_high=88152835 M_low=6442451736 secret_h=50 ordinary_combined_relin_execution_error=202295662990 pair_relin_execution_error=297836104942 high_path_relin_error=252422499961 low_path_relin_error=261987370392 execution_relin2_triangle_bound=514409870353 paper_additivity_residual=437012907140 paper_additivity_execution_observed=false execution_certificate=PER_PATH_CONDITIONAL conservative_E_Relin_available=false universal_theorem_gate=UNPROVED execution_nonwrap_left=573393076736877633780558993843923537 execution_nonwrap_right_Q_l_over_2=26328024613448530879173985421597446139694598533080369598792431808 coefficient_error=396073855242160444105/1152921231876374273 execution_bound=6476149499944554079829/2305842463752748546 fixed_key_bv_bound_available=true fixed_key_bv_bound_status=CANDIDATE_FIXED_KEY_CIPHERTEXT_UNIFORM_CONDITIONAL_ON_CENTERED_DIGIT_LIFT fixed_key_bv_noise_scale=1 fixed_key_bv_active_rows=7 fixed_key_bv_raised_high_q_div_digit=ZERO fixed_key_bv_row_residual_norms=3,2,2,2,2,2,2 fixed_key_bv_per_path_raw_bound=3710851448832 fixed_key_bv_pair_raw_bound=7421702897664 fixed_key_bv_integer_lift_nonwrap=true fixed_key_bv_conservative_nonwrap_left=573393076736877633780565901136950848 fixed_key_bv_conservative_bound=21309450110120945036595/2305842463752748546 fixed_key_bv_final_integer_lift=1146786153473776577011227079813142963<56539009134152591222370164266759140395695978104921302317938424343356224001 fixed_key_bv_unconditional_gaussian_key_bound=false fixed_key_bv_universal_theorem_gate=UNPROVED centered_digit_boundary_probe=PASSED frozen_decoded_abs_tolerance=0.00100000000000000002 measured_recorded_bias_error=1.32248380070184532e-09 measured_logical_slot_error=1.32248348761567856e-09
2026-09-05T14:34:28.9708027Z 55/57 Test #55: mult2_e2e_bv_complex ............................   Passed    0.08 sec
2026-09-05T14:34:28.9708391Z test 56
2026-09-05T14:34:28.9708597Z       Start 56: mult2_pair_add_input_hybrid_complex
2026-09-05T14:34:28.9708801Z 
2026-09-05T14:34:28.9709171Z 56: Test command: C:\openfhe-2023-1788\project-build-33971779479-1\mult2_e2e_oracle_test.exe "pair_add_input_hybrid_complex"
2026-09-05T14:34:28.9709807Z 56: Working Directory: C:/openfhe-2023-1788/project-build-33971779479-1
2026-09-05T14:34:28.9710165Z 56: Test timeout computed to be: 10000000
2026-09-05T14:34:29.0548001Z 56: [RELIN2-EXECUTION] q_div=1073741953 q_l=1073741441 ordinary_combined_relin_execution_error=16 pair_relin_execution_error=27 high_path_relin_error=15 low_path_relin_error=15 execution_relin2_triangle_bound=30 paper_additivity_residual=20 paper_additivity_execution_observed=true secret_h=42 input_Q_l=52656049226897061758347970843194892279389197066160739197584863617 oracle_basis_agreement=true
2026-09-05T14:34:29.0554783Z 56: case=pair_add_input_hybrid_complex security_level=HEStd_NotSet(functional-only) key_switch=HYBRID secret_key_dist=UNIFORM_TERNARY ckks_data_type=COMPLEX selected_ring_dimension=64 actual_N=64 batch_size=16 host_vector_length=8 encoding_noise_scale_degree=2 encoding_level=0 scaling_technique=FIXEDMANUAL digit_size=0 max_relin_sk_deg=2 scaling_mod_size=30 first_mod_size=35 multiplicative_depth=7 active_Q_l_towers=7 Q_l_bits=215 preselection_required_bits=174 selection_reserve_bits=32 q_div=1073741953 q_l=1073741441 ratio_2^(2p)/(q_div*q_l)=1.00000023655603276 descriptor_ratio=1.00000023655603276 M_high=89261195 M_low=8589935692 secret_h=42 ordinary_combined_relin_execution_error=16 pair_relin_execution_error=27 high_path_relin_error=15 low_path_relin_error=15 execution_relin2_triangle_bound=30 paper_additivity_residual=20 paper_additivity_execution_observed=true execution_certificate=PER_PATH_CONDITIONAL conservative_E_Relin_available=false universal_theorem_gate=UNPROVED execution_nonwrap_left=587902476321186190531315309639918686 execution_nonwrap_right_Q_l_over_2=26328024613448530879173985421597446139694598533080369598792431808 coefficient_error=140755792491251944933/1152921231876374273 execution_bound=9494310997700135025511/2305842463752748546 fixed_key_bv_bound_available=false frozen_decoded_abs_tolerance=0.00100000000000000002 measured_recorded_bias_error=6.60321874501576251e-10 measured_logical_slot_error=6.60321718298488923e-10
2026-09-05T14:34:29.0560457Z 56/57 Test #56: mult2_pair_add_input_hybrid_complex .............   Passed    0.09 sec
2026-09-05T14:34:29.0562042Z test 57
2026-09-05T14:34:29.0562370Z       Start 57: mult2_pair_sub_input_hybrid_complex
2026-09-05T14:34:29.0563320Z 
2026-09-05T14:34:29.0563965Z 57: Test command: C:\openfhe-2023-1788\project-build-33971779479-1\mult2_e2e_oracle_test.exe "pair_sub_input_hybrid_complex"
2026-09-05T14:34:29.0564635Z 57: Working Directory: C:/openfhe-2023-1788/project-build-33971779479-1
2026-09-05T14:34:29.0565001Z 57: Test timeout computed to be: 10000000
2026-09-05T14:34:29.1424466Z 57: [RELIN2-EXECUTION] q_div=1073741953 q_l=1073741441 ordinary_combined_relin_execution_error=7 pair_relin_execution_error=15 high_path_relin_error=11 low_path_relin_error=12 execution_relin2_triangle_bound=23 paper_additivity_residual=13 paper_additivity_execution_observed=true secret_h=46 input_Q_l=52656049226897061758347970843194892279389197066160739197584863617 oracle_basis_agreement=true
2026-09-05T14:34:29.1436133Z 57: case=pair_sub_input_hybrid_complex security_level=HEStd_NotSet(functional-only) key_switch=HYBRID secret_key_dist=UNIFORM_TERNARY ckks_data_type=COMPLEX selected_ring_dimension=64 actual_N=64 batch_size=16 host_vector_length=8 encoding_noise_scale_degree=2 encoding_level=0 scaling_technique=FIXEDMANUAL digit_size=0 max_relin_sk_deg=2 scaling_mod_size=30 first_mod_size=35 multiplicative_depth=7 active_Q_l_towers=7 Q_l_bits=215 preselection_required_bits=174 selection_reserve_bits=32 q_div=1073741953 q_l=1073741441 ratio_2^(2p)/(q_div*q_l)=1.00000023655603276 descriptor_ratio=1.00000023655603276 M_high=89261194 M_low=6090664844 secret_h=46 ordinary_combined_relin_execution_error=7 pair_relin_execution_error=15 high_path_relin_error=11 low_path_relin_error=12 execution_relin2_triangle_bound=23 paper_additivity_residual=13 paper_additivity_execution_observed=true execution_certificate=PER_PATH_CONDITIONAL conservative_E_Relin_available=false universal_theorem_gate=UNPROVED execution_nonwrap_left=587902432487581016452581789465540887 execution_nonwrap_right_Q_l_over_2=26328024613448530879173985421597446139694598533080369598792431808 coefficient_error=148469792799862228226/1152921231876374273 execution_bound=4802500672915587395677/2305842463752748546 fixed_key_bv_bound_available=false frozen_decoded_abs_tolerance=0.00100000000000000002 measured_recorded_bias_error=8.52648915950897853e-10 measured_logical_slot_error=8.52648712907063697e-10
2026-09-05T14:34:29.1441810Z 57/57 Test #57: mult2_pair_sub_input_hybrid_complex .............   Passed    0.09 sec
2026-09-05T14:34:29.1453372Z 
2026-09-05T14:34:29.1453603Z The following tests passed:
2026-09-05T14:34:29.1454249Z 	dcp_rcb
2026-09-05T14:34:29.1454649Z 	precision_dcp_rcb_high_precision_contract
2026-09-05T14:34:29.1455529Z 	precision_first_mult2_high_precision_contract
2026-09-05T14:34:29.1455930Z 	pair_add_runtime_behavior
2026-09-05T14:34:29.1456148Z 	pair_sub_runtime_behavior
2026-09-05T14:34:29.1456376Z 	pair_arithmetic_controlled_oracle
2026-09-05T14:34:29.1456650Z 	pair_arithmetic_public_lifecycles_keyless
2026-09-05T14:34:29.1456930Z 	pair_arithmetic_compatibility_rejections
2026-09-05T14:34:29.1457201Z 	tensor2_valid_arithmetic_immutability
2026-09-05T14:34:29.1457448Z 	tensor2_result_scale_contract
2026-09-05T14:34:29.1457687Z 	tensor2_right_input_validation
2026-09-05T14:34:29.1457924Z 	tensor2_mutual_compatibility
2026-09-05T14:34:29.1458164Z 	tensor2_prearithmetic_key_compatibility
2026-09-05T14:34:29.1458420Z 	relin2_tensor_validation_order
2026-09-05T14:34:29.1458641Z 	relin2_insufficient_active_basis
2026-09-05T14:34:29.1458905Z 	relin2_missing_eval_key
2026-09-05T14:34:29.1459101Z 	relin2_key_empty
2026-09-05T14:34:29.1459275Z 	relin2_key_null_first
2026-09-05T14:34:29.1459459Z 	relin2_key_wrong_context
2026-09-05T14:34:29.1459648Z 	relin2_key_wrong_tag
2026-09-05T14:34:29.1459829Z 	relin2_key_wrong_subtype
2026-09-05T14:34:29.1460027Z 	relin2_key_hybrid_a_length
2026-09-05T14:34:29.1460236Z 	relin2_key_hybrid_b_length
2026-09-05T14:34:29.1460447Z 	relin2_key_hybrid_entry_basis
2026-09-05T14:34:29.1460657Z 	relin2_key_hybrid_entry_format
2026-09-05T14:34:29.1460872Z 	relin2_key_bv_zero_digit_a_length
2026-09-05T14:34:29.1461101Z 	relin2_key_bv_zero_digit_b_length
2026-09-05T14:34:29.1461331Z 	relin2_key_bv_nonzero_digit_a_length
2026-09-05T14:34:29.1461579Z 	relin2_key_bv_nonzero_digit_b_length
2026-09-05T14:34:29.1461813Z 	relin2_key_bv_zero_digit_entry_basis
2026-09-05T14:34:29.1462052Z 	relin2_key_bv_nonzero_digit_entry_basis
2026-09-05T14:34:29.1462299Z 	relin2_key_bv_zero_digit_entry_format
2026-09-05T14:34:29.1462545Z 	relin2_key_bv_nonzero_digit_entry_format
2026-09-05T14:34:29.1462807Z 	relin2_valid_arithmetic_state_immutability
2026-09-05T14:34:29.1463243Z 	relin2_controlled_witnesses_and_boundaries
2026-09-05T14:34:29.1463504Z 	relin2_representative_public_input
2026-09-05T14:34:29.1463736Z 	relin2_key_extra_later_valid
2026-09-05T14:34:29.1463952Z 	relin2_key_malformed_later_ignored
2026-09-05T14:34:29.1464176Z 	relin2_hybrid_valid_shapes
2026-09-05T14:34:29.1464390Z 	relin2_bv_zero_digit_valid_shapes
2026-09-05T14:34:29.1464618Z 	relin2_bv_nonzero_digit_valid_shapes
2026-09-05T14:34:29.1464862Z 	relin2_first_recombined_rcb_validation
2026-09-05T14:34:29.1465745Z 	relin2_first_recombined_tensor2_validation
2026-09-05T14:34:29.1466047Z 	relin2_tensor2_requires_first_lifecycle
2026-09-05T14:34:29.1466294Z 	rs2_wrong_lifecycle
2026-09-05T14:34:29.1466494Z 	rs2_valid_arithmetic_state_immutability
2026-09-05T14:34:29.1466732Z 	rs2_mixed_tower_format
2026-09-05T14:34:29.1466933Z 	rs2_untouched_public_pipeline
2026-09-05T14:34:29.1467150Z 	rs2_declared_basis_mismatch
2026-09-05T14:34:29.1467362Z 	rs2_terminal_rejections
2026-09-05T14:34:29.1467566Z 	mult2_composition_contract
2026-09-05T14:34:29.1467766Z 	mult2_e2e_hybrid_real
2026-09-05T14:34:29.1467952Z 	mult2_e2e_hybrid_complex
2026-09-05T14:34:29.1468140Z 	mult2_e2e_bv_real
2026-09-05T14:34:29.1468312Z 	mult2_e2e_bv_complex
2026-09-05T14:34:29.1468506Z 	mult2_pair_add_input_hybrid_complex
2026-09-05T14:34:29.1468750Z 	mult2_pair_sub_input_hybrid_complex
2026-09-05T14:34:29.1468913Z 
2026-09-05T14:34:29.1468996Z 100% tests passed out of 57
2026-09-05T14:34:29.1469121Z 
2026-09-05T14:34:29.1469203Z Total Test time (real) =   2.49 sec
2026-09-05T14:34:29.1646568Z ##[group]Run build="$(cygpath -u "$PROJECT_BUILD")"
2026-09-05T14:34:29.1646998Z [36;1mbuild="$(cygpath -u "$PROJECT_BUILD")"[0m
2026-09-05T14:34:29.1647407Z [36;1mcmake --build "$build" --target mult2_api_contract_test --parallel 2[0m
2026-09-05T14:34:29.1649160Z shell: D:\a\_temp\setup-msys2\msys2.CMD {0}
2026-09-05T14:34:29.1649419Z env:
2026-09-05T14:34:29.1649664Z   OPENFHE_COMMIT: df495ba2e91739a6dc8f1de254fc5a41155ce504
2026-09-05T14:34:29.1650023Z   OPENFHE_PREFIX: C:\openfhe-2023-1788\openfhe-install
2026-09-05T14:34:29.1650314Z   WINDOWS_ROOT: C:\openfhe-2023-1788
2026-09-05T14:34:29.1650573Z   PROJECT_SOURCE: C:\openfhe-2023-1788\cleanroom
2026-09-05T14:34:29.1650874Z   OPENFHE_SOURCE: C:\openfhe-2023-1788\openfhe-src
2026-09-05T14:34:29.1651232Z   OPENFHE_BUILD: C:\openfhe-2023-1788\openfhe-build-33971779479-1
2026-09-05T14:34:29.1651630Z   PROJECT_BUILD: C:\openfhe-2023-1788\project-build-33971779479-1
2026-09-05T14:34:29.1651947Z   MSYSTEM: MINGW64
2026-09-05T14:34:29.1652165Z ##[endgroup]
2026-09-05T14:34:32.5159694Z [1/2] Building CXX object CMakeFiles/mult2_api_contract_test.dir/tests/mult2_api_contract_test.cpp.obj
2026-09-05T14:34:32.5973231Z [2/2] Linking CXX executable mult2_api_contract_test.exe
2026-09-05T14:34:32.6190943Z ##[group]Run build="$(cygpath -u "$PROJECT_BUILD")"
2026-09-05T14:34:32.6191407Z [36;1mbuild="$(cygpath -u "$PROJECT_BUILD")"[0m
2026-09-05T14:34:32.6191838Z [36;1mcmake --build "$build" --target add_api_contract_test --parallel 2[0m
2026-09-05T14:34:32.6193674Z shell: D:\a\_temp\setup-msys2\msys2.CMD {0}
2026-09-05T14:34:32.6193938Z env:
2026-09-05T14:34:32.6194169Z   OPENFHE_COMMIT: df495ba2e91739a6dc8f1de254fc5a41155ce504
2026-09-05T14:34:32.6194526Z   OPENFHE_PREFIX: C:\openfhe-2023-1788\openfhe-install
2026-09-05T14:34:32.6194818Z   WINDOWS_ROOT: C:\openfhe-2023-1788
2026-09-05T14:34:32.6195089Z   PROJECT_SOURCE: C:\openfhe-2023-1788\cleanroom
2026-09-05T14:34:32.6195392Z   OPENFHE_SOURCE: C:\openfhe-2023-1788\openfhe-src
2026-09-05T14:34:32.6195744Z   OPENFHE_BUILD: C:\openfhe-2023-1788\openfhe-build-33971779479-1
2026-09-05T14:34:32.6196148Z   PROJECT_BUILD: C:\openfhe-2023-1788\project-build-33971779479-1
2026-09-05T14:34:32.6196467Z   MSYSTEM: MINGW64
2026-09-05T14:34:32.6196675Z ##[endgroup]
2026-09-05T14:34:36.0201740Z [1/2] Building CXX object CMakeFiles/add_api_contract_test.dir/tests/add_api_contract_test.cpp.obj
2026-09-05T14:34:36.1028024Z [2/2] Linking CXX executable add_api_contract_test.exe
2026-09-05T14:34:36.1255699Z ##[group]Run build="$(cygpath -u "$PROJECT_BUILD")"
2026-09-05T14:34:36.1256152Z [36;1mbuild="$(cygpath -u "$PROJECT_BUILD")"[0m
2026-09-05T14:34:36.1256568Z [36;1mcmake --build "$build" --target sub_api_contract_test --parallel 2[0m
2026-09-05T14:34:36.1258393Z shell: D:\a\_temp\setup-msys2\msys2.CMD {0}
2026-09-05T14:34:36.1258663Z env:
2026-09-05T14:34:36.1258906Z   OPENFHE_COMMIT: df495ba2e91739a6dc8f1de254fc5a41155ce504
2026-09-05T14:34:36.1259298Z   OPENFHE_PREFIX: C:\openfhe-2023-1788\openfhe-install
2026-09-05T14:34:36.1259606Z   WINDOWS_ROOT: C:\openfhe-2023-1788
2026-09-05T14:34:36.1259888Z   PROJECT_SOURCE: C:\openfhe-2023-1788\cleanroom
2026-09-05T14:34:36.1260191Z   OPENFHE_SOURCE: C:\openfhe-2023-1788\openfhe-src
2026-09-05T14:34:36.1260561Z   OPENFHE_BUILD: C:\openfhe-2023-1788\openfhe-build-33971779479-1
2026-09-05T14:34:36.1260964Z   PROJECT_BUILD: C:\openfhe-2023-1788\project-build-33971779479-1
2026-09-05T14:34:36.1261292Z   MSYSTEM: MINGW64
2026-09-05T14:34:36.1261495Z ##[endgroup]
2026-09-05T14:34:39.5104933Z [1/2] Building CXX object CMakeFiles/sub_api_contract_test.dir/tests/sub_api_contract_test.cpp.obj
2026-09-05T14:34:39.5928535Z [2/2] Linking CXX executable sub_api_contract_test.exe
2026-09-05T14:34:39.6122181Z ##[group]Run build="$(cygpath -u "$PROJECT_BUILD")"
2026-09-05T14:34:39.6122616Z [36;1mbuild="$(cygpath -u "$PROJECT_BUILD")"[0m
2026-09-05T14:34:39.6123115Z [36;1mcmake --build "$build" --target precision_client_io_first_mult2_contract_test --parallel 2[0m
2026-09-05T14:34:39.6124973Z shell: D:\a\_temp\setup-msys2\msys2.CMD {0}
2026-09-05T14:34:39.6125228Z env:
2026-09-05T14:34:39.6125454Z   OPENFHE_COMMIT: df495ba2e91739a6dc8f1de254fc5a41155ce504
2026-09-05T14:34:39.6125813Z   OPENFHE_PREFIX: C:\openfhe-2023-1788\openfhe-install
2026-09-05T14:34:39.6126119Z   WINDOWS_ROOT: C:\openfhe-2023-1788
2026-09-05T14:34:39.6126407Z   PROJECT_SOURCE: C:\openfhe-2023-1788\cleanroom
2026-09-05T14:34:39.6126713Z   OPENFHE_SOURCE: C:\openfhe-2023-1788\openfhe-src
2026-09-05T14:34:39.6127060Z   OPENFHE_BUILD: C:\openfhe-2023-1788\openfhe-build-33971779479-1
2026-09-05T14:34:39.6127462Z   PROJECT_BUILD: C:\openfhe-2023-1788\project-build-33971779479-1
2026-09-05T14:34:39.6127791Z   MSYSTEM: MINGW64
2026-09-05T14:34:39.6127964Z ##[endgroup]
2026-09-05T14:35:07.6321371Z [1/2] Building CXX object CMakeFiles/precision_client_io_first_mult2_contract_test.dir/tests/precision_client_io_first_mult2_contract_test.cpp.obj
2026-09-05T14:35:08.0408401Z [2/2] Linking CXX executable precision_client_io_first_mult2_contract_test.exe
2026-09-05T14:35:08.0610425Z ##[group]Run prefix="$(cygpath -u "$OPENFHE_PREFIX")"
2026-09-05T14:35:08.0610869Z [36;1mprefix="$(cygpath -u "$OPENFHE_PREFIX")"[0m
2026-09-05T14:35:08.0611192Z [36;1mbuild="$(cygpath -u "$PROJECT_BUILD")"[0m
2026-09-05T14:35:08.0611509Z [36;1mexport PATH="$prefix/bin:$prefix/lib:$PATH"[0m
2026-09-05T14:35:08.0612049Z [36;1mctest --test-dir "$build" --verbose --output-on-failure -R '^precision_client_io_first_mult2_contract$'[0m
2026-09-05T14:35:08.0613906Z shell: D:\a\_temp\setup-msys2\msys2.CMD {0}
2026-09-05T14:35:08.0614165Z env:
2026-09-05T14:35:08.0614394Z   OPENFHE_COMMIT: df495ba2e91739a6dc8f1de254fc5a41155ce504
2026-09-05T14:35:08.0614747Z   OPENFHE_PREFIX: C:\openfhe-2023-1788\openfhe-install
2026-09-05T14:35:08.0615034Z   WINDOWS_ROOT: C:\openfhe-2023-1788
2026-09-05T14:35:08.0615293Z   PROJECT_SOURCE: C:\openfhe-2023-1788\cleanroom
2026-09-05T14:35:08.0615591Z   OPENFHE_SOURCE: C:\openfhe-2023-1788\openfhe-src
2026-09-05T14:35:08.0615953Z   OPENFHE_BUILD: C:\openfhe-2023-1788\openfhe-build-33971779479-1
2026-09-05T14:35:08.0616346Z   PROJECT_BUILD: C:\openfhe-2023-1788\project-build-33971779479-1
2026-09-05T14:35:08.0616646Z   MSYSTEM: MINGW64
2026-09-05T14:35:08.0616814Z ##[endgroup]
2026-09-05T14:35:08.2934485Z UpdateCTestConfiguration  from :C:/openfhe-2023-1788/project-build-33971779479-1/DartConfiguration.tcl
2026-09-05T14:35:08.2952963Z Test project C:/openfhe-2023-1788/project-build-33971779479-1
2026-09-05T14:35:08.2961975Z Constructing a list of tests
2026-09-05T14:35:08.2974152Z Done constructing a list of tests
2026-09-05T14:35:08.2974627Z Updating test list for fixtures
2026-09-05T14:35:08.2975136Z Added 0 tests to meet fixture requirements
2026-09-05T14:35:08.2980496Z Checking test dependency graph...
2026-09-05T14:35:08.2981392Z Checking test dependency graph end
2026-09-05T14:35:08.2981664Z test 58
2026-09-05T14:35:08.2982010Z     Start 58: precision_client_io_first_mult2_contract
2026-09-05T14:35:08.2983282Z 
2026-09-05T14:35:08.2983901Z 58: Test command: C:\openfhe-2023-1788\project-build-33971779479-1\precision_client_io_first_mult2_contract_test.exe
2026-09-05T14:35:08.2985038Z 58: Working Directory: C:/openfhe-2023-1788/project-build-33971779479-1
2026-09-05T14:35:08.2985888Z 58: Test timeout computed to be: 10000000
2026-09-05T14:35:08.5842294Z 58: test=precision_client_io_first_mult2_contract result=PASS source=b1b024e3134fbb4e8cac7c0d59cf790a37e4ed89 openfhe_pin=df495ba2e91739a6dc8f1de254fc5a41155ce504 claim_scope=low-N-first-operation-production-io-diagnostic N=64 S=16 gap=2 native=64 backend=4 depth=7 scaling_bits=50 first_bits=55 key_switch=HYBRID scaling=FIXEDMANUAL data=COMPLEX execution=EXEC_EVALUATION decrypt_noise=FIXED_NOISE_DECRYPT encryption=STANDARD multiplication=HPS PRE=NOT_SET noise_scale=1 secret=UNIFORM_TERNARY security=HEStd_NotSet fresh_keypairs=1 eval_keygen_calls=1 q_div=1125899906843009 q_l=1125899906840833 exact_scale_numerator=1606938044258990275541962092341162602522202993782792835301376 exact_scale_denominator=1267650600226646386227681786497 max_fresh_public_error=3.22376093513005361951936558688797235084915174e-28 max_fresh_oracle_error=3.22376093513005361951936558688797235084915174e-28 max_product_public_error=5.7392986761407204711120517541202655884900352e-28 max_product_oracle_error=5.7392986761407204711120517541202655884900352e-28 input_public_delta_error=1.33788966091270858222168878643672569833802715e-28 input_oracle_delta_error=1.33788966091270858222168878643672569833802715e-28 product_public_delta_error=3.44264072773612040107505070911111291809054539e-28 product_oracle_delta_error=3.44264072773612040107505070911111291809054539e-28 max_horner_component_disagreement=1.03250602371991406771e-107 cross_precision_error=1.25263019393725536204188279229247758286237661e-165 centered_headroom=32592575621437030210620824512759899172413712944662430971418726595098153787900901747269577021 malformed_key_rejections=32
2026-09-05T14:35:08.5873513Z 58: first_modulus_boundary_fixture ready=1 actual_first_bits=56 Q_towers=8 N=64 M=128 fixture_new_keypairs=0
2026-09-05T14:35:08.5874268Z 58: first_modulus_boundary_rejection passed
2026-09-05T14:35:08.5909549Z 58: clone_isolation_contract passed fresh_and_result=1 coefficients=1 scalars=1 present_empty_maps=1
2026-09-05T14:35:08.5960253Z 58: shared_params_fixture allocation_plan additional_matching_keypairs=1 additional_eval_keygen_calls=1 actual_first_bits=55 isolated_context_and_bases=1
2026-09-05T14:35:08.6321590Z 58: shared_params_fixture ready=1 valid_clone_bind_decrypt=1 actual_first_bits=55 Q_towers=8 fixture_new_keypairs=1 fixture_eval_keygen_calls=1 crypto_complete_before_drift=1
2026-09-05T14:35:08.6341518Z 58: shared_params_mutation ready=1 Q_towers_before=8 Q_towers_after=7 immutable_receipt_towers=8 next_boundary=CloneForEvaluation
2026-09-05T14:35:08.6357988Z 58: shared_params_boundary_rejection passed boundary=CloneForEvaluation
2026-09-05T14:35:08.6376126Z 58: shared_params_boundary_rejection passed boundary=BindFirstMult2Rcb
2026-09-05T14:35:08.6392899Z 58: shared_params_boundary_rejection passed boundary=Decrypt
2026-09-05T14:35:08.6406745Z 58: shared_params_drift_contract passed boundaries=3 owned_eval_tag_cleanup=1
2026-09-05T14:35:08.6451086Z 1/1 Test #58: precision_client_io_first_mult2_contract ...   Passed    0.34 sec
2026-09-05T14:35:08.6470731Z 
2026-09-05T14:35:08.6471194Z The following tests passed:
2026-09-05T14:35:08.6471659Z 	precision_client_io_first_mult2_contract
2026-09-05T14:35:08.6471993Z 
2026-09-05T14:35:08.6472131Z 100% tests passed out of 1
2026-09-05T14:35:08.6472346Z 
2026-09-05T14:35:08.6472710Z Total Test time (real) =   0.35 sec
2026-09-05T14:35:08.6663420Z ##[group]Run build="$(cygpath -u "$PROJECT_BUILD")"
2026-09-05T14:35:08.6663853Z [36;1mbuild="$(cygpath -u "$PROJECT_BUILD")"[0m
2026-09-05T14:35:08.6664331Z [36;1mcmake --build "$build" --target repeated_mult2_semantic_two_square_test --parallel 2[0m
2026-09-05T14:35:08.6666182Z shell: D:\a\_temp\setup-msys2\msys2.CMD {0}
2026-09-05T14:35:08.6666445Z env:
2026-09-05T14:35:08.6666676Z   OPENFHE_COMMIT: df495ba2e91739a6dc8f1de254fc5a41155ce504
2026-09-05T14:35:08.6667025Z   OPENFHE_PREFIX: C:\openfhe-2023-1788\openfhe-install
2026-09-05T14:35:08.6667340Z   WINDOWS_ROOT: C:\openfhe-2023-1788
2026-09-05T14:35:08.6667601Z   PROJECT_SOURCE: C:\openfhe-2023-1788\cleanroom
2026-09-05T14:35:08.6667905Z   OPENFHE_SOURCE: C:\openfhe-2023-1788\openfhe-src
2026-09-05T14:35:08.6668260Z   OPENFHE_BUILD: C:\openfhe-2023-1788\openfhe-build-33971779479-1
2026-09-05T14:35:08.6668657Z   PROJECT_BUILD: C:\openfhe-2023-1788\project-build-33971779479-1
2026-09-05T14:35:08.6668977Z   MSYSTEM: MINGW64
2026-09-05T14:35:08.6669148Z ##[endgroup]
2026-09-05T14:35:26.3861879Z [1/3] Building CXX object CMakeFiles/repeated_mult2_semantic_two_square_test.dir/tests/precision_dcp_rcb_fixture.cpp.obj
2026-09-05T14:35:32.5871371Z [2/3] Building CXX object CMakeFiles/repeated_mult2_semantic_two_square_test.dir/tests/repeated_mult2_semantic_two_square_test.cpp.obj
2026-09-05T14:35:32.9289345Z [3/3] Linking CXX executable repeated_mult2_semantic_two_square_test.exe
2026-09-05T14:35:32.9502859Z ##[group]Run build="$(cygpath -u "$PROJECT_BUILD")"
2026-09-05T14:35:32.9503567Z [36;1mbuild="$(cygpath -u "$PROJECT_BUILD")"[0m
2026-09-05T14:35:32.9504424Z [36;1mcmake --build "$build" --target paper_h128_client_keypair_contract_test --parallel 2[0m
2026-09-05T14:35:32.9507523Z shell: D:\a\_temp\setup-msys2\msys2.CMD {0}
2026-09-05T14:35:32.9507984Z env:
2026-09-05T14:35:32.9508400Z   OPENFHE_COMMIT: df495ba2e91739a6dc8f1de254fc5a41155ce504
2026-09-05T14:35:32.9509060Z   OPENFHE_PREFIX: C:\openfhe-2023-1788\openfhe-install
2026-09-05T14:35:32.9509615Z   WINDOWS_ROOT: C:\openfhe-2023-1788
2026-09-05T14:35:32.9510109Z   PROJECT_SOURCE: C:\openfhe-2023-1788\cleanroom
2026-09-05T14:35:32.9510673Z   OPENFHE_SOURCE: C:\openfhe-2023-1788\openfhe-src
2026-09-05T14:35:32.9511338Z   OPENFHE_BUILD: C:\openfhe-2023-1788\openfhe-build-33971779479-1
2026-09-05T14:35:32.9512097Z   PROJECT_BUILD: C:\openfhe-2023-1788\project-build-33971779479-1
2026-09-05T14:35:32.9512693Z   MSYSTEM: MINGW64
2026-09-05T14:35:32.9512992Z ##[endgroup]
2026-09-05T14:35:46.8464347Z [1/2] Building CXX object CMakeFiles/paper_h128_client_keypair_contract_test.dir/tests/paper_h128_client_keypair_contract_test.cpp.obj
2026-09-05T14:35:47.0511202Z [2/2] Linking CXX executable paper_h128_client_keypair_contract_test.exe
2026-09-05T14:35:47.0712847Z ##[group]Run prefix="$(cygpath -u "$OPENFHE_PREFIX")"
2026-09-05T14:35:47.0713312Z [36;1mprefix="$(cygpath -u "$OPENFHE_PREFIX")"[0m
2026-09-05T14:35:47.0713632Z [36;1mbuild="$(cygpath -u "$PROJECT_BUILD")"[0m
2026-09-05T14:35:47.0713955Z [36;1mexport PATH="$prefix/bin:$prefix/lib:$PATH"[0m
2026-09-05T14:35:47.0714627Z [36;1mctest --test-dir "$build" --verbose --output-on-failure -R '^(repeated_mult2_semantic_two_square_contract|paper_h128_client_keypair_contract)$'[0m
2026-09-05T14:35:47.0716673Z shell: D:\a\_temp\setup-msys2\msys2.CMD {0}
2026-09-05T14:35:47.0716941Z env:
2026-09-05T14:35:47.0717174Z   OPENFHE_COMMIT: df495ba2e91739a6dc8f1de254fc5a41155ce504
2026-09-05T14:35:47.0717533Z   OPENFHE_PREFIX: C:\openfhe-2023-1788\openfhe-install
2026-09-05T14:35:47.0717829Z   WINDOWS_ROOT: C:\openfhe-2023-1788
2026-09-05T14:35:47.0718109Z   PROJECT_SOURCE: C:\openfhe-2023-1788\cleanroom
2026-09-05T14:35:47.0718602Z   OPENFHE_SOURCE: C:\openfhe-2023-1788\openfhe-src
2026-09-05T14:35:47.0718959Z   OPENFHE_BUILD: C:\openfhe-2023-1788\openfhe-build-33971779479-1
2026-09-05T14:35:47.0719354Z   PROJECT_BUILD: C:\openfhe-2023-1788\project-build-33971779479-1
2026-09-05T14:35:47.0719658Z   MSYSTEM: MINGW64
2026-09-05T14:35:47.0719829Z ##[endgroup]
2026-09-05T14:35:47.2812942Z UpdateCTestConfiguration  from :C:/openfhe-2023-1788/project-build-33971779479-1/DartConfiguration.tcl
2026-09-05T14:35:47.2831576Z Test project C:/openfhe-2023-1788/project-build-33971779479-1
2026-09-05T14:35:47.2840845Z Constructing a list of tests
2026-09-05T14:35:47.2853217Z Done constructing a list of tests
2026-09-05T14:35:47.2853637Z Updating test list for fixtures
2026-09-05T14:35:47.2854074Z Added 0 tests to meet fixture requirements
2026-09-05T14:35:47.2861152Z Checking test dependency graph...
2026-09-05T14:35:47.2861575Z Checking test dependency graph end
2026-09-05T14:35:47.2861916Z test 59
2026-09-05T14:35:47.2862262Z     Start 59: repeated_mult2_semantic_two_square_contract
2026-09-05T14:35:47.2863603Z 
2026-09-05T14:35:47.2864358Z 59: Test command: C:\openfhe-2023-1788\project-build-33971779479-1\repeated_mult2_semantic_two_square_test.exe
2026-09-05T14:35:47.2865494Z 59: Working Directory: C:/openfhe-2023-1788/project-build-33971779479-1
2026-09-05T14:35:47.2866151Z 59: Test timeout computed to be: 10000000
2026-09-05T14:35:47.5400124Z 59: {"test":"repeated_mult2_semantic_two_square_contract","scope":"low-N-two-operation-diagnostic","trial":0,"stage":1,"N":64,"batch":16,"depth":9,"scaling_bits":50,"first_bits":55,"input_scale_bits":100,"scaling":"FIXEDMANUAL","key_switch":"HYBRID","data_type":"COMPLEX","secret_distribution":"UNIFORM_TERNARY","security":"HEStd_NotSet","evaluation_family":0,"result_family":1,"tag":"745c79eba5050d5770a4c4c9a4ee23a9-mult2-family-1","d":"1125899906843009","m":"1125899906840833","m1":"1125899906840833","m2":"1125899906844161","scale_numerator":"1606938044258990275541962092341162602522202993782792835301376","scale_denominator":"1267650600226646386227681786497","max_slot_error":"7.6216200032701686391709539747338310327856517222993e-28","delta_error":"4.7166715162712871134052312588844801824196137020162e-28","observed_product_headroom_bits":258}
2026-09-05T14:35:47.5436469Z 59: {"test":"repeated_mult2_semantic_two_square_contract","scope":"low-N-two-operation-diagnostic","trial":0,"stage":2,"N":64,"batch":16,"depth":9,"scaling_bits":50,"first_bits":55,"input_scale_bits":100,"scaling":"FIXEDMANUAL","key_switch":"HYBRID","data_type":"COMPLEX","secret_distribution":"UNIFORM_TERNARY","security":"HEStd_NotSet","evaluation_family":1,"result_family":1,"tag":"745c79eba5050d5770a4c4c9a4ee23a9-mult2-family-1","d":"1125899906843009","m":"1125899906844161","m1":"1125899906840833","m2":"1125899906844161","scale_numerator":"2582249878086908589655919172003011874329705792829223512830659356540647622016841194629645353280137831435903171972747493376","scale_denominator":"2037035976332875852527482486577051056657800595085080553399799398642248571644790159515303041","max_slot_error":"1.9585434297756655036858519729018928705712681404455e-27","delta_error":"1.9441198230268547268068008485059075104793172082677e-27","observed_product_headroom_bits":211}
2026-09-05T14:35:47.7838911Z 59: {"test":"repeated_mult2_semantic_two_square_contract","scope":"low-N-two-operation-diagnostic","trial":1,"stage":1,"N":64,"batch":16,"depth":9,"scaling_bits":50,"first_bits":55,"input_scale_bits":100,"scaling":"FIXEDMANUAL","key_switch":"HYBRID","data_type":"COMPLEX","secret_distribution":"UNIFORM_TERNARY","security":"HEStd_NotSet","evaluation_family":0,"result_family":1,"tag":"55b9ad03beca18e7507e43690db2d189-mult2-family-1","d":"1125899906843009","m":"1125899906840833","m1":"1125899906840833","m2":"1125899906844161","scale_numerator":"1606938044258990275541962092341162602522202993782792835301376","scale_denominator":"1267650600226646386227681786497","max_slot_error":"6.0271261055372531288013293810405796764726534334036e-28","delta_error":"5.6229208124479662270918341430084579135022149392396e-28","observed_product_headroom_bits":258}
2026-09-05T14:35:47.7873826Z 59: {"test":"repeated_mult2_semantic_two_square_contract","scope":"low-N-two-operation-diagnostic","trial":1,"stage":2,"N":64,"batch":16,"depth":9,"scaling_bits":50,"first_bits":55,"input_scale_bits":100,"scaling":"FIXEDMANUAL","key_switch":"HYBRID","data_type":"COMPLEX","secret_distribution":"UNIFORM_TERNARY","security":"HEStd_NotSet","evaluation_family":1,"result_family":1,"tag":"55b9ad03beca18e7507e43690db2d189-mult2-family-1","d":"1125899906843009","m":"1125899906844161","m1":"1125899906840833","m2":"1125899906844161","scale_numerator":"2582249878086908589655919172003011874329705792829223512830659356540647622016841194629645353280137831435903171972747493376","scale_denominator":"2037035976332875852527482486577051056657800595085080553399799398642248571644790159515303041","max_slot_error":"1.2766148817435188093202526647902266180319322929738e-27","delta_error":"1.232382102066806961261655677728971797163077008704e-27","observed_product_headroom_bits":211}
2026-09-05T14:35:48.0332294Z 59: {"test":"repeated_mult2_semantic_two_square_contract","scope":"low-N-two-operation-diagnostic","trial":2,"stage":1,"N":64,"batch":16,"depth":9,"scaling_bits":50,"first_bits":55,"input_scale_bits":100,"scaling":"FIXEDMANUAL","key_switch":"HYBRID","data_type":"COMPLEX","secret_distribution":"UNIFORM_TERNARY","security":"HEStd_NotSet","evaluation_family":0,"result_family":1,"tag":"a4d2965b5414c6c810970d01c91396c5-mult2-family-1","d":"1125899906843009","m":"1125899906840833","m1":"1125899906840833","m2":"1125899906844161","scale_numerator":"1606938044258990275541962092341162602522202993782792835301376","scale_denominator":"1267650600226646386227681786497","max_slot_error":"9.0929975819582553538471539496985071169500759189659e-28","delta_error":"3.3513765711924600793512620533046307500027273991578e-28","observed_product_headroom_bits":258}
2026-09-05T14:35:48.0370683Z 59: {"test":"repeated_mult2_semantic_two_square_contract","scope":"low-N-two-operation-diagnostic","trial":2,"stage":2,"N":64,"batch":16,"depth":9,"scaling_bits":50,"first_bits":55,"input_scale_bits":100,"scaling":"FIXEDMANUAL","key_switch":"HYBRID","data_type":"COMPLEX","secret_distribution":"UNIFORM_TERNARY","security":"HEStd_NotSet","evaluation_family":1,"result_family":1,"tag":"a4d2965b5414c6c810970d01c91396c5-mult2-family-1","d":"1125899906843009","m":"1125899906844161","m1":"1125899906840833","m2":"1125899906844161","scale_numerator":"2582249878086908589655919172003011874329705792829223512830659356540647622016841194629645353280137831435903171972747493376","scale_denominator":"2037035976332875852527482486577051056657800595085080553399799398642248571644790159515303041","max_slot_error":"1.6118693701753736992682656430998006524526315851412e-27","delta_error":"1.6199839442634388892242193186478891977373735380182e-27","observed_product_headroom_bits":211}
2026-09-05T14:35:48.2934107Z 59: {"test":"repeated_mult2_semantic_two_square_contract","scope":"low-N-two-operation-diagnostic","trial":3,"stage":1,"N":64,"batch":16,"depth":9,"scaling_bits":50,"first_bits":55,"input_scale_bits":100,"scaling":"FIXEDMANUAL","key_switch":"HYBRID","data_type":"COMPLEX","secret_distribution":"UNIFORM_TERNARY","security":"HEStd_NotSet","evaluation_family":0,"result_family":1,"tag":"37032b73db4e953abc96e6ba2d96bd97-mult2-family-1","d":"1125899906843009","m":"1125899906840833","m1":"1125899906840833","m2":"1125899906844161","scale_numerator":"1606938044258990275541962092341162602522202993782792835301376","scale_denominator":"1267650600226646386227681786497","max_slot_error":"4.7044122557707914193339094251126627052026020662342e-28","delta_error":"9.8925696180809036363877414277845334382818590796745e-29","observed_product_headroom_bits":258}
2026-09-05T14:35:48.2994748Z 59: {"test":"repeated_mult2_semantic_two_square_contract","scope":"low-N-two-operation-diagnostic","trial":3,"stage":2,"N":64,"batch":16,"depth":9,"scaling_bits":50,"first_bits":55,"input_scale_bits":100,"scaling":"FIXEDMANUAL","key_switch":"HYBRID","data_type":"COMPLEX","secret_distribution":"UNIFORM_TERNARY","security":"HEStd_NotSet","evaluation_family":1,"result_family":1,"tag":"37032b73db4e953abc96e6ba2d96bd97-mult2-family-1","d":"1125899906843009","m":"1125899906844161","m1":"1125899906840833","m2":"1125899906844161","scale_numerator":"2582249878086908589655919172003011874329705792829223512830659356540647622016841194629645353280137831435903171972747493376","scale_denominator":"2037035976332875852527482486577051056657800595085080553399799398642248571644790159515303041","max_slot_error":"2.285920849000101491664030056046634488346846109517e-27","delta_error":"7.0384210373984114269017647819191429261591338126372e-29","observed_product_headroom_bits":211}
2026-09-05T14:35:48.3052359Z 1/2 Test #59: repeated_mult2_semantic_two_square_contract ...   Passed    1.01 sec
2026-09-05T14:35:48.3059291Z test 60
2026-09-05T14:35:48.3060173Z     Start 60: paper_h128_client_keypair_contract
2026-09-05T14:35:48.3061425Z 
2026-09-05T14:35:48.3062026Z 60: Test command: C:\openfhe-2023-1788\project-build-33971779479-1\paper_h128_client_keypair_contract_test.exe
2026-09-05T14:35:48.3062826Z 60: Working Directory: C:/openfhe-2023-1788/project-build-33971779479-1
2026-09-05T14:35:48.3063197Z 60: Test timeout computed to be: 10000000
2026-09-05T14:35:48.4347752Z 60: valid-path assertions passed (diagnostic, not paper evidence)
2026-09-05T14:35:48.4348510Z 60: 50 named rejection assertions passed (no injected tag collisions)
2026-09-05T14:35:48.4349058Z 60: two-call uniqueness and owned-tag cache-isolation assertions passed
2026-09-05T14:35:48.4362108Z 2/2 Test #60: paper_h128_client_keypair_contract ............   Passed    0.13 sec
2026-09-05T14:35:48.4381307Z 
2026-09-05T14:35:48.4381511Z The following tests passed:
2026-09-05T14:35:48.4381912Z 	repeated_mult2_semantic_two_square_contract
2026-09-05T14:35:48.4382369Z 	paper_h128_client_keypair_contract
2026-09-05T14:35:48.4382629Z 
2026-09-05T14:35:48.4382726Z 100% tests passed out of 2
2026-09-05T14:35:48.4382871Z 
2026-09-05T14:35:48.4382958Z Total Test time (real) =   1.15 sec
2026-09-05T14:35:48.4579118Z ##[group]Run prefix="$(cygpath -u "$OPENFHE_PREFIX")"
2026-09-05T14:35:48.4579595Z [36;1mprefix="$(cygpath -u "$OPENFHE_PREFIX")"[0m
2026-09-05T14:35:48.4579920Z [36;1mbuild="$(cygpath -u "$PROJECT_BUILD")"[0m
2026-09-05T14:35:48.4580251Z [36;1mexport PATH="$prefix/bin:$prefix/lib:$PATH"[0m
2026-09-05T14:35:48.4580717Z [36;1mctest --test-dir "$build" --show-only=json-v1 -E '^paper_full_eight_square_contract$'[0m
2026-09-05T14:35:48.4581364Z [36;1mctest --test-dir "$build" --verbose --output-on-failure -E '^paper_full_eight_square_contract$'[0m
2026-09-05T14:35:48.4583173Z shell: D:\a\_temp\setup-msys2\msys2.CMD {0}
2026-09-05T14:35:48.4583436Z env:
2026-09-05T14:35:48.4583662Z   OPENFHE_COMMIT: df495ba2e91739a6dc8f1de254fc5a41155ce504
2026-09-05T14:35:48.4584014Z   OPENFHE_PREFIX: C:\openfhe-2023-1788\openfhe-install
2026-09-05T14:35:48.4584318Z   WINDOWS_ROOT: C:\openfhe-2023-1788
2026-09-05T14:35:48.4584589Z   PROJECT_SOURCE: C:\openfhe-2023-1788\cleanroom
2026-09-05T14:35:48.4584934Z   OPENFHE_SOURCE: C:\openfhe-2023-1788\openfhe-src
2026-09-05T14:35:48.4585303Z   OPENFHE_BUILD: C:\openfhe-2023-1788\openfhe-build-33971779479-1
2026-09-05T14:35:48.4585708Z   PROJECT_BUILD: C:\openfhe-2023-1788\project-build-33971779479-1
2026-09-05T14:35:48.4586018Z   MSYSTEM: MINGW64
2026-09-05T14:35:48.4586191Z ##[endgroup]
2026-09-05T14:35:48.6976217Z {
2026-09-05T14:35:48.6976646Z   "backtraceGraph" : 
2026-09-05T14:35:48.6977032Z   {
2026-09-05T14:35:48.6977327Z     "commands" : 
2026-09-05T14:35:48.6977659Z     [
2026-09-05T14:35:48.6977950Z       "add_test"
2026-09-05T14:35:48.6978286Z     ],
2026-09-05T14:35:48.6978583Z     "files" : 
2026-09-05T14:35:48.6978903Z     [
2026-09-05T14:35:48.6979344Z       "C:/openfhe-2023-1788/cleanroom/CMakeLists.txt"
2026-09-05T14:35:48.6979951Z     ],
2026-09-05T14:35:48.6980590Z     "nodes" : 
2026-09-05T14:35:48.6980945Z     [
2026-09-05T14:35:48.6981230Z       {
2026-09-05T14:35:48.6981469Z         "file" : 0
2026-09-05T14:35:48.6981723Z       },
2026-09-05T14:35:48.6981941Z       {
2026-09-05T14:35:48.6982190Z         "command" : 0,
2026-09-05T14:35:48.6982484Z         "file" : 0,
2026-09-05T14:35:48.6982777Z         "line" : 190,
2026-09-05T14:35:48.6983077Z         "parent" : 0
2026-09-05T14:35:48.6983364Z       },
2026-09-05T14:35:48.6983593Z       {
2026-09-05T14:35:48.6983837Z         "file" : 0
2026-09-05T14:35:48.6984102Z       },
2026-09-05T14:35:48.6984341Z       {
2026-09-05T14:35:48.6984576Z         "command" : 0,
2026-09-05T14:35:48.6984859Z         "file" : 0,
2026-09-05T14:35:48.6985148Z         "line" : 191,
2026-09-05T14:35:48.6985805Z         "parent" : 2
2026-09-05T14:35:48.6986144Z       },
2026-09-05T14:35:48.6986662Z       {
2026-09-05T14:35:48.6986929Z         "file" : 0
2026-09-05T14:35:48.6987223Z       },
2026-09-05T14:35:48.6987801Z       {
2026-09-05T14:35:48.6988367Z         "command" : 0,
2026-09-05T14:35:48.6988995Z         "file" : 0,
2026-09-05T14:35:48.6989337Z         "line" : 193,
2026-09-05T14:35:48.6989660Z         "parent" : 4
2026-09-05T14:35:48.6989968Z       },
2026-09-05T14:35:48.6990212Z       {
2026-09-05T14:35:48.6990467Z         "file" : 0
2026-09-05T14:35:48.6990752Z       },
2026-09-05T14:35:48.6990999Z       {
2026-09-05T14:35:48.6991266Z         "command" : 0,
2026-09-05T14:35:48.6991583Z         "file" : 0,
2026-09-05T14:35:48.6991873Z         "line" : 195,
2026-09-05T14:35:48.6992186Z         "parent" : 6
2026-09-05T14:35:48.6992481Z       },
2026-09-05T14:35:48.6992729Z       {
2026-09-05T14:35:48.6992983Z         "file" : 0
2026-09-05T14:35:48.6993267Z       },
2026-09-05T14:35:48.6993517Z       {
2026-09-05T14:35:48.6993767Z         "command" : 0,
2026-09-05T14:35:48.6994082Z         "file" : 0,
2026-09-05T14:35:48.6994382Z         "line" : 196,
2026-09-05T14:35:48.6994692Z         "parent" : 8
2026-09-05T14:35:48.6995006Z       },
2026-09-05T14:35:48.6995267Z       {
2026-09-05T14:35:48.6995515Z         "file" : 0
2026-09-05T14:35:48.6998066Z       },
2026-09-05T14:35:48.6998400Z       {
2026-09-05T14:35:48.6998678Z         "command" : 0,
2026-09-05T14:35:48.6999011Z         "file" : 0,
2026-09-05T14:35:48.6999326Z         "line" : 197,
2026-09-05T14:35:48.6999625Z         "parent" : 10
2026-09-05T14:35:48.7000600Z       },
2026-09-05T14:35:48.7000867Z       {
2026-09-05T14:35:48.7001140Z         "file" : 0
2026-09-05T14:35:48.7001438Z       },
2026-09-05T14:35:48.7001684Z       {
2026-09-05T14:35:48.7001940Z         "command" : 0,
2026-09-05T14:35:48.7002264Z         "file" : 0,
2026-09-05T14:35:48.7002563Z         "line" : 198,
2026-09-05T14:35:48.7003233Z         "parent" : 12
2026-09-05T14:35:48.7003553Z       },
2026-09-05T14:35:48.7003797Z       {
2026-09-05T14:35:48.7004046Z         "file" : 0
2026-09-05T14:35:48.7004327Z       },
2026-09-05T14:35:48.7004594Z       {
2026-09-05T14:35:48.7004856Z         "command" : 0,
2026-09-05T14:35:48.7005168Z         "file" : 0,
2026-09-05T14:35:48.7005462Z         "line" : 200,
2026-09-05T14:35:48.7005776Z         "parent" : 14
2026-09-05T14:35:48.7006079Z       },
2026-09-05T14:35:48.7006327Z       {
2026-09-05T14:35:48.7006618Z         "file" : 0
2026-09-05T14:35:48.7006924Z       },
2026-09-05T14:35:48.7007170Z       {
2026-09-05T14:35:48.7007432Z         "command" : 0,
2026-09-05T14:35:48.7007753Z         "file" : 0,
2026-09-05T14:35:48.7008044Z         "line" : 202,
2026-09-05T14:35:48.7008356Z         "parent" : 16
2026-09-05T14:35:48.7008652Z       },
2026-09-05T14:35:48.7008894Z       {
2026-09-05T14:35:48.7009147Z         "file" : 0
2026-09-05T14:35:48.7009435Z       },
2026-09-05T14:35:48.7009681Z       {
2026-09-05T14:35:48.7009935Z         "command" : 0,
2026-09-05T14:35:48.7010261Z         "file" : 0,
2026-09-05T14:35:48.7010582Z         "line" : 203,
2026-09-05T14:35:48.7010907Z         "parent" : 18
2026-09-05T14:35:48.7011500Z       },
2026-09-05T14:35:48.7011769Z       {
2026-09-05T14:35:48.7012037Z         "file" : 0
2026-09-05T14:35:48.7012339Z       },
2026-09-05T14:35:48.7012586Z       {
2026-09-05T14:35:48.7012854Z         "command" : 0,
2026-09-05T14:35:48.7013441Z         "file" : 0,
2026-09-05T14:35:48.7013756Z         "line" : 204,
2026-09-05T14:35:48.7014079Z         "parent" : 20
2026-09-05T14:35:48.7014394Z       },
2026-09-05T14:35:48.7014645Z       {
2026-09-05T14:35:48.7014897Z         "file" : 0
2026-09-05T14:35:48.7015178Z       },
2026-09-05T14:35:48.7015433Z       {
2026-09-05T14:35:48.7015697Z         "command" : 0,
2026-09-05T14:35:48.7015989Z         "file" : 0,
2026-09-05T14:35:48.7016159Z         "line" : 205,
2026-09-05T14:35:48.7016334Z         "parent" : 22
2026-09-05T14:35:48.7016499Z       },
2026-09-05T14:35:48.7016640Z       {
2026-09-05T14:35:48.7016783Z         "file" : 0
2026-09-05T14:35:48.7016941Z       },
2026-09-05T14:35:48.7017092Z       {
2026-09-05T14:35:48.7017235Z         "command" : 0,
2026-09-05T14:35:48.7017410Z         "file" : 0,
2026-09-05T14:35:48.7017578Z         "line" : 206,
2026-09-05T14:35:48.7017764Z         "parent" : 24
2026-09-05T14:35:48.7017932Z       },
2026-09-05T14:35:48.7018075Z       {
2026-09-05T14:35:48.7018215Z         "file" : 0
2026-09-05T14:35:48.7018372Z       },
2026-09-05T14:35:48.7018508Z       {
2026-09-05T14:35:48.7018650Z         "command" : 0,
2026-09-05T14:35:48.7018821Z         "file" : 0,
2026-09-05T14:35:48.7018987Z         "line" : 207,
2026-09-05T14:35:48.7019179Z         "parent" : 26
2026-09-05T14:35:48.7019341Z       },
2026-09-05T14:35:48.7019484Z       {
2026-09-05T14:35:48.7019645Z         "file" : 0
2026-09-05T14:35:48.7019804Z       },
2026-09-05T14:35:48.7019945Z       {
2026-09-05T14:35:48.7020089Z         "command" : 0,
2026-09-05T14:35:48.7020259Z         "file" : 0,
2026-09-05T14:35:48.7020418Z         "line" : 208,
2026-09-05T14:35:48.7020593Z         "parent" : 28
2026-09-05T14:35:48.7020755Z       },
2026-09-05T14:35:48.7020892Z       {
2026-09-05T14:35:48.7021042Z         "file" : 0
2026-09-05T14:35:48.7021870Z       },
2026-09-05T14:35:48.7022046Z       {
2026-09-05T14:35:48.7022194Z         "command" : 0,
2026-09-05T14:35:48.7022365Z         "file" : 0,
2026-09-05T14:35:48.7022527Z         "line" : 209,
2026-09-05T14:35:48.7022696Z         "parent" : 30
2026-09-05T14:35:48.7022858Z       },
2026-09-05T14:35:48.7022996Z       {
2026-09-05T14:35:48.7023136Z         "file" : 0
2026-09-05T14:35:48.7023292Z       },
2026-09-05T14:35:48.7023429Z       {
2026-09-05T14:35:48.7023571Z         "command" : 0,
2026-09-05T14:35:48.7023746Z         "file" : 0,
2026-09-05T14:35:48.7023904Z         "line" : 210,
2026-09-05T14:35:48.7024070Z         "parent" : 32
2026-09-05T14:35:48.7024228Z       },
2026-09-05T14:35:48.7024366Z       {
2026-09-05T14:35:48.7024508Z         "file" : 0
2026-09-05T14:35:48.7024670Z       },
2026-09-05T14:35:48.7024815Z       {
2026-09-05T14:35:48.7024960Z         "command" : 0,
2026-09-05T14:35:48.7025131Z         "file" : 0,
2026-09-05T14:35:48.7025296Z         "line" : 211,
2026-09-05T14:35:48.7025479Z         "parent" : 34
2026-09-05T14:35:48.7025651Z       },
2026-09-05T14:35:48.7025795Z       {
2026-09-05T14:35:48.7025938Z         "file" : 0
2026-09-05T14:35:48.7026093Z       },
2026-09-05T14:35:48.7026231Z       {
2026-09-05T14:35:48.7026381Z         "command" : 0,
2026-09-05T14:35:48.7026555Z         "file" : 0,
2026-09-05T14:35:48.7026716Z         "line" : 212,
2026-09-05T14:35:48.7026884Z         "parent" : 36
2026-09-05T14:35:48.7027047Z       },
2026-09-05T14:35:48.7027185Z       {
2026-09-05T14:35:48.7027339Z         "file" : 0
2026-09-05T14:35:48.7027515Z       },
2026-09-05T14:35:48.7027660Z       {
2026-09-05T14:35:48.7027802Z         "command" : 0,
2026-09-05T14:35:48.7027969Z         "file" : 0,
2026-09-05T14:35:48.7028124Z         "line" : 213,
2026-09-05T14:35:48.7028378Z         "parent" : 38
2026-09-05T14:35:48.7028539Z       },
2026-09-05T14:35:48.7028676Z       {
2026-09-05T14:35:48.7028813Z         "file" : 0
2026-09-05T14:35:48.7028966Z       },
2026-09-05T14:35:48.7029101Z       {
2026-09-05T14:35:48.7029242Z         "command" : 0,
2026-09-05T14:35:48.7029506Z         "file" : 0,
2026-09-05T14:35:48.7029816Z         "line" : 214,
2026-09-05T14:35:48.7030341Z         "parent" : 40
2026-09-05T14:35:48.7030653Z       },
2026-09-05T14:35:48.7030814Z       {
2026-09-05T14:35:48.7031078Z         "file" : 0
2026-09-05T14:35:48.7031259Z       },
2026-09-05T14:35:48.7031412Z       {
2026-09-05T14:35:48.7031563Z         "command" : 0,
2026-09-05T14:35:48.7031745Z         "file" : 0,
2026-09-05T14:35:48.7031919Z         "line" : 215,
2026-09-05T14:35:48.7032116Z         "parent" : 42
2026-09-05T14:35:48.7032378Z       },
2026-09-05T14:35:48.7032524Z       {
2026-09-05T14:35:48.7032779Z         "file" : 0
2026-09-05T14:35:48.7033038Z       },
2026-09-05T14:35:48.7033201Z       {
2026-09-05T14:35:48.7033349Z         "command" : 0,
2026-09-05T14:35:48.7033538Z         "file" : 0,
2026-09-05T14:35:48.7033720Z         "line" : 216,
2026-09-05T14:35:48.7033990Z         "parent" : 44
2026-09-05T14:35:48.7034302Z       },
2026-09-05T14:35:48.7034567Z       {
2026-09-05T14:35:48.7034827Z         "file" : 0
2026-09-05T14:35:48.7035129Z       },
2026-09-05T14:35:48.7035353Z       {
2026-09-05T14:35:48.7035507Z         "command" : 0,
2026-09-05T14:35:48.7035691Z         "file" : 0,
2026-09-05T14:35:48.7035855Z         "line" : 217,
2026-09-05T14:35:48.7036025Z         "parent" : 46
2026-09-05T14:35:48.7036192Z       },
2026-09-05T14:35:48.7036372Z       {
2026-09-05T14:35:48.7036638Z         "file" : 0
2026-09-05T14:35:48.7036800Z       },
2026-09-05T14:35:48.7037015Z       {
2026-09-05T14:35:48.7037282Z         "command" : 0,
2026-09-05T14:35:48.7037575Z         "file" : 0,
2026-09-05T14:35:48.7037760Z         "line" : 218,
2026-09-05T14:35:48.7037945Z         "parent" : 48
2026-09-05T14:35:48.7038117Z       },
2026-09-05T14:35:48.7038256Z       {
2026-09-05T14:35:48.7038558Z         "file" : 0
2026-09-05T14:35:48.7038726Z       },
2026-09-05T14:35:48.7038863Z       {
2026-09-05T14:35:48.7039008Z         "command" : 0,
2026-09-05T14:35:48.7039179Z         "file" : 0,
2026-09-05T14:35:48.7039339Z         "line" : 219,
2026-09-05T14:35:48.7039509Z         "parent" : 50
2026-09-05T14:35:48.7039671Z       },
2026-09-05T14:35:48.7039807Z       {
2026-09-05T14:35:48.7039947Z         "file" : 0
2026-09-05T14:35:48.7040103Z       },
2026-09-05T14:35:48.7040248Z       {
2026-09-05T14:35:48.7040389Z         "command" : 0,
2026-09-05T14:35:48.7040560Z         "file" : 0,
2026-09-05T14:35:48.7040723Z         "line" : 220,
2026-09-05T14:35:48.7040891Z         "parent" : 52
2026-09-05T14:35:48.7041061Z       },
2026-09-05T14:35:48.7041201Z       {
2026-09-05T14:35:48.7041370Z         "file" : 0
2026-09-05T14:35:48.7041655Z       },
2026-09-05T14:35:48.7041811Z       {
2026-09-05T14:35:48.7041961Z         "command" : 0,
2026-09-05T14:35:48.7042131Z         "file" : 0,
2026-09-05T14:35:48.7042306Z         "line" : 221,
2026-09-05T14:35:48.7042476Z         "parent" : 54
2026-09-05T14:35:48.7042639Z       },
2026-09-05T14:35:48.7042821Z       {
2026-09-05T14:35:48.7043270Z         "file" : 0
2026-09-05T14:35:48.7043505Z       },
2026-09-05T14:35:48.7043647Z       {
2026-09-05T14:35:48.7043791Z         "command" : 0,
2026-09-05T14:35:48.7043960Z         "file" : 0,
2026-09-05T14:35:48.7044123Z         "line" : 222,
2026-09-05T14:35:48.7044291Z         "parent" : 56
2026-09-05T14:35:48.7044452Z       },
2026-09-05T14:35:48.7044591Z       {
2026-09-05T14:35:48.7044737Z         "file" : 0
2026-09-05T14:35:48.7044888Z       },
2026-09-05T14:35:48.7045023Z       {
2026-09-05T14:35:48.7045165Z         "command" : 0,
2026-09-05T14:35:48.7045335Z         "file" : 0,
2026-09-05T14:35:48.7045498Z         "line" : 223,
2026-09-05T14:35:48.7045797Z         "parent" : 58
2026-09-05T14:35:48.7045960Z       },
2026-09-05T14:35:48.7046100Z       {
2026-09-05T14:35:48.7046243Z         "file" : 0
2026-09-05T14:35:48.7046397Z       },
2026-09-05T14:35:48.7046534Z       {
2026-09-05T14:35:48.7046683Z         "command" : 0,
2026-09-05T14:35:48.7046852Z         "file" : 0,
2026-09-05T14:35:48.7047011Z         "line" : 224,
2026-09-05T14:35:48.7047183Z         "parent" : 60
2026-09-05T14:35:48.7047351Z       },
2026-09-05T14:35:48.7047491Z       {
2026-09-05T14:35:48.7047635Z         "file" : 0
2026-09-05T14:35:48.7047788Z       },
2026-09-05T14:35:48.7047925Z       {
2026-09-05T14:35:48.7048072Z         "command" : 0,
2026-09-05T14:35:48.7048244Z         "file" : 0,
2026-09-05T14:35:48.7048409Z         "line" : 225,
2026-09-05T14:35:48.7048578Z         "parent" : 62
2026-09-05T14:35:48.7048747Z       },
2026-09-05T14:35:48.7048885Z       {
2026-09-05T14:35:48.7049037Z         "file" : 0
2026-09-05T14:35:48.7049196Z       },
2026-09-05T14:35:48.7049341Z       {
2026-09-05T14:35:48.7049488Z         "command" : 0,
2026-09-05T14:35:48.7049663Z         "file" : 0,
2026-09-05T14:35:48.7049831Z         "line" : 226,
2026-09-05T14:35:48.7050008Z         "parent" : 64
2026-09-05T14:35:48.7050175Z       },
2026-09-05T14:35:48.7050318Z       {
2026-09-05T14:35:48.7050463Z         "file" : 0
2026-09-05T14:35:48.7050628Z       },
2026-09-05T14:35:48.7050772Z       {
2026-09-05T14:35:48.7050915Z         "command" : 0,
2026-09-05T14:35:48.7051086Z         "file" : 0,
2026-09-05T14:35:48.7063443Z         "line" : 227,
2026-09-05T14:35:48.7064515Z         "parent" : 66
2026-09-05T14:35:48.7064830Z       },
2026-09-05T14:35:48.7065062Z       {
2026-09-05T14:35:48.7065300Z         "file" : 0
2026-09-05T14:35:48.7065570Z       },
2026-09-05T14:35:48.7065804Z       {
2026-09-05T14:35:48.7066048Z         "command" : 0,
2026-09-05T14:35:48.7066377Z         "file" : 0,
2026-09-05T14:35:48.7066652Z         "line" : 228,
2026-09-05T14:35:48.7066871Z         "parent" : 68
2026-09-05T14:35:48.7067077Z       },
2026-09-05T14:35:48.7067235Z       {
2026-09-05T14:35:48.7067539Z         "file" : 0
2026-09-05T14:35:48.7067725Z       },
2026-09-05T14:35:48.7067874Z       {
2026-09-05T14:35:48.7068030Z         "command" : 0,
2026-09-05T14:35:48.7068215Z         "file" : 0,
2026-09-05T14:35:48.7068388Z         "line" : 229,
2026-09-05T14:35:48.7068570Z         "parent" : 70
2026-09-05T14:35:48.7068740Z       },
2026-09-05T14:35:48.7068886Z       {
2026-09-05T14:35:48.7069118Z         "file" : 0
2026-09-05T14:35:48.7069390Z       },
2026-09-05T14:35:48.7069620Z       {
2026-09-05T14:35:48.7069855Z         "command" : 0,
2026-09-05T14:35:48.7070152Z         "file" : 0,
2026-09-05T14:35:48.7070435Z         "line" : 230,
2026-09-05T14:35:48.7070738Z         "parent" : 72
2026-09-05T14:35:48.7071012Z       },
2026-09-05T14:35:48.7071249Z       {
2026-09-05T14:35:48.7071485Z         "file" : 0
2026-09-05T14:35:48.7071786Z       },
2026-09-05T14:35:48.7071959Z       {
2026-09-05T14:35:48.7072124Z         "command" : 0,
2026-09-05T14:35:48.7072314Z         "file" : 0,
2026-09-05T14:35:48.7072498Z         "line" : 231,
2026-09-05T14:35:48.7072674Z         "parent" : 74
2026-09-05T14:35:48.7072847Z       },
2026-09-05T14:35:48.7072991Z       {
2026-09-05T14:35:48.7073136Z         "file" : 0
2026-09-05T14:35:48.7073299Z       },
2026-09-05T14:35:48.7073443Z       {
2026-09-05T14:35:48.7073590Z         "command" : 0,
2026-09-05T14:35:48.7073766Z         "file" : 0,
2026-09-05T14:35:48.7073935Z         "line" : 232,
2026-09-05T14:35:48.7074112Z         "parent" : 76
2026-09-05T14:35:48.7074289Z       },
2026-09-05T14:35:48.7074433Z       {
2026-09-05T14:35:48.7074583Z         "file" : 0
2026-09-05T14:35:48.7074743Z       },
2026-09-05T14:35:48.7074886Z       {
2026-09-05T14:35:48.7075035Z         "command" : 0,
2026-09-05T14:35:48.7075212Z         "file" : 0,
2026-09-05T14:35:48.7075378Z         "line" : 233,
2026-09-05T14:35:48.7075670Z         "parent" : 78
2026-09-05T14:35:48.7075843Z       },
2026-09-05T14:35:48.7076023Z       {
2026-09-05T14:35:48.7076281Z         "file" : 0
2026-09-05T14:35:48.7076549Z       },
2026-09-05T14:35:48.7076789Z       {
2026-09-05T14:35:48.7077060Z         "command" : 0,
2026-09-05T14:35:48.7077301Z         "file" : 0,
2026-09-05T14:35:48.7077591Z         "line" : 234,
2026-09-05T14:35:48.7077880Z         "parent" : 80
2026-09-05T14:35:48.7078173Z       },
2026-09-05T14:35:48.7078334Z       {
2026-09-05T14:35:48.7078481Z         "file" : 0
2026-09-05T14:35:48.7078641Z       },
2026-09-05T14:35:48.7078780Z       {
2026-09-05T14:35:48.7078924Z         "command" : 0,
2026-09-05T14:35:48.7079099Z         "file" : 0,
2026-09-05T14:35:48.7079264Z         "line" : 235,
2026-09-05T14:35:48.7079436Z         "parent" : 82
2026-09-05T14:35:48.7079606Z       },
2026-09-05T14:35:48.7079748Z       {
2026-09-05T14:35:48.7079895Z         "file" : 0
2026-09-05T14:35:48.7080055Z       },
2026-09-05T14:35:48.7080202Z       {
2026-09-05T14:35:48.7080353Z         "command" : 0,
2026-09-05T14:35:48.7080529Z         "file" : 0,
2026-09-05T14:35:48.7080695Z         "line" : 236,
2026-09-05T14:35:48.7080869Z         "parent" : 84
2026-09-05T14:35:48.7081034Z       },
2026-09-05T14:35:48.7081178Z       {
2026-09-05T14:35:48.7081324Z         "file" : 0
2026-09-05T14:35:48.7081495Z       },
2026-09-05T14:35:48.7081639Z       {
2026-09-05T14:35:48.7081789Z         "command" : 0,
2026-09-05T14:35:48.7081964Z         "file" : 0,
2026-09-05T14:35:48.7082133Z         "line" : 237,
2026-09-05T14:35:48.7082313Z         "parent" : 86
2026-09-05T14:35:48.7082484Z       },
2026-09-05T14:35:48.7082626Z       {
2026-09-05T14:35:48.7082771Z         "file" : 0
2026-09-05T14:35:48.7082929Z       },
2026-09-05T14:35:48.7083073Z       {
2026-09-05T14:35:48.7083223Z         "command" : 0,
2026-09-05T14:35:48.7083401Z         "file" : 0,
2026-09-05T14:35:48.7083576Z         "line" : 238,
2026-09-05T14:35:48.7083752Z         "parent" : 88
2026-09-05T14:35:48.7083914Z       },
2026-09-05T14:35:48.7084054Z       {
2026-09-05T14:35:48.7084820Z         "file" : 0
2026-09-05T14:35:48.7085018Z       },
2026-09-05T14:35:48.7085168Z       {
2026-09-05T14:35:48.7085318Z         "command" : 0,
2026-09-05T14:35:48.7085504Z         "file" : 0,
2026-09-05T14:35:48.7085674Z         "line" : 239,
2026-09-05T14:35:48.7085854Z         "parent" : 90
2026-09-05T14:35:48.7086028Z       },
2026-09-05T14:35:48.7086179Z       {
2026-09-05T14:35:48.7086323Z         "file" : 0
2026-09-05T14:35:48.7086484Z       },
2026-09-05T14:35:48.7086627Z       {
2026-09-05T14:35:48.7086767Z         "command" : 0,
2026-09-05T14:35:48.7086936Z         "file" : 0,
2026-09-05T14:35:48.7087098Z         "line" : 241,
2026-09-05T14:35:48.7087269Z         "parent" : 92
2026-09-05T14:35:48.7087434Z       },
2026-09-05T14:35:48.7087572Z       {
2026-09-05T14:35:48.7087714Z         "file" : 0
2026-09-05T14:35:48.7087872Z       },
2026-09-05T14:35:48.7088022Z       {
2026-09-05T14:35:48.7088179Z         "command" : 0,
2026-09-05T14:35:48.7088354Z         "file" : 0,
2026-09-05T14:35:48.7088522Z         "line" : 242,
2026-09-05T14:35:48.7088695Z         "parent" : 94
2026-09-05T14:35:48.7088866Z       },
2026-09-05T14:35:48.7089007Z       {
2026-09-05T14:35:48.7089153Z         "file" : 0
2026-09-05T14:35:48.7089311Z       },
2026-09-05T14:35:48.7089457Z       {
2026-09-05T14:35:48.7089605Z         "command" : 0,
2026-09-05T14:35:48.7089781Z         "file" : 0,
2026-09-05T14:35:48.7089945Z         "line" : 243,
2026-09-05T14:35:48.7090109Z         "parent" : 96
2026-09-05T14:35:48.7090269Z       },
2026-09-05T14:35:48.7090411Z       {
2026-09-05T14:35:48.7090555Z         "file" : 0
2026-09-05T14:35:48.7090716Z       },
2026-09-05T14:35:48.7090855Z       {
2026-09-05T14:35:48.7090998Z         "command" : 0,
2026-09-05T14:35:48.7091169Z         "file" : 0,
2026-09-05T14:35:48.7091329Z         "line" : 244,
2026-09-05T14:35:48.7091585Z         "parent" : 98
2026-09-05T14:35:48.7091749Z       },
2026-09-05T14:35:48.7091889Z       {
2026-09-05T14:35:48.7092032Z         "file" : 0
2026-09-05T14:35:48.7092190Z       },
2026-09-05T14:35:48.7092327Z       {
2026-09-05T14:35:48.7092468Z         "command" : 0,
2026-09-05T14:35:48.7092638Z         "file" : 0,
2026-09-05T14:35:48.7092805Z         "line" : 246,
2026-09-05T14:35:48.7092974Z         "parent" : 100
2026-09-05T14:35:48.7093138Z       },
2026-09-05T14:35:48.7093275Z       {
2026-09-05T14:35:48.7093415Z         "file" : 0
2026-09-05T14:35:48.7093572Z       },
2026-09-05T14:35:48.7093709Z       {
2026-09-05T14:35:48.7093850Z         "command" : 0,
2026-09-05T14:35:48.7094020Z         "file" : 0,
2026-09-05T14:35:48.7094184Z         "line" : 247,
2026-09-05T14:35:48.7094355Z         "parent" : 102
2026-09-05T14:35:48.7094520Z       },
2026-09-05T14:35:48.7094666Z       {
2026-09-05T14:35:48.7094807Z         "file" : 0
2026-09-05T14:35:48.7094964Z       },
2026-09-05T14:35:48.7095108Z       {
2026-09-05T14:35:48.7095249Z         "command" : 0,
2026-09-05T14:35:48.7095419Z         "file" : 0,
2026-09-05T14:35:48.7095585Z         "line" : 248,
2026-09-05T14:35:48.7095751Z         "parent" : 104
2026-09-05T14:35:48.7095915Z       },
2026-09-05T14:35:48.7096054Z       {
2026-09-05T14:35:48.7096192Z         "file" : 0
2026-09-05T14:35:48.7096346Z       },
2026-09-05T14:35:48.7096485Z       {
2026-09-05T14:35:48.7096633Z         "command" : 0,
2026-09-05T14:35:48.7096801Z         "file" : 0,
2026-09-05T14:35:48.7096961Z         "line" : 249,
2026-09-05T14:35:48.7097127Z         "parent" : 106
2026-09-05T14:35:48.7097289Z       },
2026-09-05T14:35:48.7097427Z       {
2026-09-05T14:35:48.7097566Z         "file" : 0
2026-09-05T14:35:48.7097718Z       },
2026-09-05T14:35:48.7097856Z       {
2026-09-05T14:35:48.7097997Z         "command" : 0,
2026-09-05T14:35:48.7098165Z         "file" : 0,
2026-09-05T14:35:48.7098324Z         "line" : 250,
2026-09-05T14:35:48.7098503Z         "parent" : 108
2026-09-05T14:35:48.7098663Z       },
2026-09-05T14:35:48.7098798Z       {
2026-09-05T14:35:48.7099014Z         "file" : 0
2026-09-05T14:35:48.7099173Z       },
2026-09-05T14:35:48.7099311Z       {
2026-09-05T14:35:48.7099453Z         "command" : 0,
2026-09-05T14:35:48.7099621Z         "file" : 0,
2026-09-05T14:35:48.7099779Z         "line" : 251,
2026-09-05T14:35:48.7099946Z         "parent" : 110
2026-09-05T14:35:48.7100109Z       },
2026-09-05T14:35:48.7100246Z       {
2026-09-05T14:35:48.7100385Z         "file" : 0
2026-09-05T14:35:48.7100545Z       },
2026-09-05T14:35:48.7100685Z       {
2026-09-05T14:35:48.7100829Z         "command" : 0,
2026-09-05T14:35:48.7101000Z         "file" : 0,
2026-09-05T14:35:48.7101158Z         "line" : 253,
2026-09-05T14:35:48.7101332Z         "parent" : 112
2026-09-05T14:35:48.7101497Z       },
2026-09-05T14:35:48.7101634Z       {
2026-09-05T14:35:48.7101773Z         "file" : 0
2026-09-05T14:35:48.7101930Z       },
2026-09-05T14:35:48.7102071Z       {
2026-09-05T14:35:48.7102216Z         "command" : 0,
2026-09-05T14:35:48.7102381Z         "file" : 0,
2026-09-05T14:35:48.7102548Z         "line" : 255,
2026-09-05T14:35:48.7102717Z         "parent" : 114
2026-09-05T14:35:48.7102878Z       },
2026-09-05T14:35:48.7103071Z       {
2026-09-05T14:35:48.7103320Z         "file" : 0
2026-09-05T14:35:48.7103611Z       },
2026-09-05T14:35:48.7103780Z       {
2026-09-05T14:35:48.7104044Z         "command" : 0,
2026-09-05T14:35:48.7104370Z         "file" : 0,
2026-09-05T14:35:48.7104680Z         "line" : 257,
2026-09-05T14:35:48.7104903Z         "parent" : 116
2026-09-05T14:35:48.7105072Z       },
2026-09-05T14:35:48.7105219Z       {
2026-09-05T14:35:48.7105441Z         "file" : 0
2026-09-05T14:35:48.7105737Z       },
2026-09-05T14:35:48.7105997Z       {
2026-09-05T14:35:48.7106148Z         "command" : 0,
2026-09-05T14:35:48.7106323Z         "file" : 0,
2026-09-05T14:35:48.7106487Z         "line" : 259,
2026-09-05T14:35:48.7107371Z         "parent" : 118
2026-09-05T14:35:48.7107552Z       }
2026-09-05T14:35:48.7107696Z     ]
2026-09-05T14:35:48.7107844Z   },
2026-09-05T14:35:48.7107997Z   "kind" : "ctestInfo",
2026-09-05T14:35:48.7108194Z   "tests" : 
2026-09-05T14:35:48.7108352Z   [
2026-09-05T14:35:48.7108492Z     {
2026-09-05T14:35:48.7108643Z       "backtrace" : 1,
2026-09-05T14:35:48.7108894Z       "command" : 
2026-09-05T14:35:48.7109199Z       [
2026-09-05T14:35:48.7109508Z         "C:/openfhe-2023-1788/project-build-33971779479-1/dcp_rcb_test.exe"
2026-09-05T14:35:48.7109843Z       ],
2026-09-05T14:35:48.7110006Z       "name" : "dcp_rcb",
2026-09-05T14:35:48.7110209Z       "properties" : 
2026-09-05T14:35:48.7110388Z       [
2026-09-05T14:35:48.7110531Z         {
2026-09-05T14:35:48.7110699Z           "name" : "WORKING_DIRECTORY",
2026-09-05T14:35:48.7111017Z           "value" : "C:/openfhe-2023-1788/project-build-33971779479-1"
2026-09-05T14:35:48.7111328Z         }
2026-09-05T14:35:48.7111476Z       ]
2026-09-05T14:35:48.7111613Z     },
2026-09-05T14:35:48.7111752Z     {
2026-09-05T14:35:48.7111901Z       "backtrace" : 3,
2026-09-05T14:35:48.7112083Z       "command" : 
2026-09-05T14:35:48.7112243Z       [
2026-09-05T14:35:48.7112571Z         "C:/openfhe-2023-1788/project-build-33971779479-1/precision_dcp_rcb_contract_test.exe"
2026-09-05T14:35:48.7112971Z       ],
2026-09-05T14:35:48.7113184Z       "name" : "precision_dcp_rcb_high_precision_contract",
2026-09-05T14:35:48.7113480Z       "properties" : 
2026-09-05T14:35:48.7113654Z       [
2026-09-05T14:35:48.7113795Z         {
2026-09-05T14:35:48.7113956Z           "name" : "WORKING_DIRECTORY",
2026-09-05T14:35:48.7114259Z           "value" : "C:/openfhe-2023-1788/project-build-33971779479-1"
2026-09-05T14:35:48.7114561Z         }
2026-09-05T14:35:48.7114706Z       ]
2026-09-05T14:35:48.7114841Z     },
2026-09-05T14:35:48.7114982Z     {
2026-09-05T14:35:48.7115127Z       "backtrace" : 5,
2026-09-05T14:35:48.7115312Z       "command" : 
2026-09-05T14:35:48.7115473Z       [
2026-09-05T14:35:48.7115925Z         "C:/openfhe-2023-1788/project-build-33971779479-1/precision_first_mult2_contract_test.exe"
2026-09-05T14:35:48.7116347Z       ],
2026-09-05T14:35:48.7116569Z       "name" : "precision_first_mult2_high_precision_contract",
2026-09-05T14:35:48.7116864Z       "properties" : 
2026-09-05T14:35:48.7117037Z       [
2026-09-05T14:35:48.7117173Z         {
2026-09-05T14:35:48.7117338Z           "name" : "WORKING_DIRECTORY",
2026-09-05T14:35:48.7117635Z           "value" : "C:/openfhe-2023-1788/project-build-33971779479-1"
2026-09-05T14:35:48.7117925Z         }
2026-09-05T14:35:48.7118069Z       ]
2026-09-05T14:35:48.7118205Z     },
2026-09-05T14:35:48.7118344Z     {
2026-09-05T14:35:48.7118488Z       "backtrace" : 7,
2026-09-05T14:35:48.7118663Z       "command" : 
2026-09-05T14:35:48.7118821Z       [
2026-09-05T14:35:48.7119070Z         "C:/openfhe-2023-1788/project-build-33971779479-1/pair_add_test.exe"
2026-09-05T14:35:48.7119399Z       ],
2026-09-05T14:35:48.7119574Z       "name" : "pair_add_runtime_behavior",
2026-09-05T14:35:48.7119819Z       "properties" : 
2026-09-05T14:35:48.7119990Z       [
2026-09-05T14:35:48.7120126Z         {
2026-09-05T14:35:48.7120284Z           "name" : "WORKING_DIRECTORY",
2026-09-05T14:35:48.7120577Z           "value" : "C:/openfhe-2023-1788/project-build-33971779479-1"
2026-09-05T14:35:48.7120865Z         }
2026-09-05T14:35:48.7121011Z       ]
2026-09-05T14:35:48.7121153Z     },
2026-09-05T14:35:48.7121291Z     {
2026-09-05T14:35:48.7121442Z       "backtrace" : 9,
2026-09-05T14:35:48.7121616Z       "command" : 
2026-09-05T14:35:48.7121780Z       [
2026-09-05T14:35:48.7122024Z         "C:/openfhe-2023-1788/project-build-33971779479-1/pair_sub_test.exe"
2026-09-05T14:35:48.7122347Z       ],
2026-09-05T14:35:48.7122514Z       "name" : "pair_sub_runtime_behavior",
2026-09-05T14:35:48.7122748Z       "properties" : 
2026-09-05T14:35:48.7122915Z       [
2026-09-05T14:35:48.7123372Z         {
2026-09-05T14:35:48.7123529Z           "name" : "WORKING_DIRECTORY",
2026-09-05T14:35:48.7123826Z           "value" : "C:/openfhe-2023-1788/project-build-33971779479-1"
2026-09-05T14:35:48.7124113Z         }
2026-09-05T14:35:48.7124254Z       ]
2026-09-05T14:35:48.7124388Z     },
2026-09-05T14:35:48.7124525Z     {
2026-09-05T14:35:48.7124671Z       "backtrace" : 11,
2026-09-05T14:35:48.7124853Z       "command" : 
2026-09-05T14:35:48.7125008Z       [
2026-09-05T14:35:48.7125282Z         "C:/openfhe-2023-1788/project-build-33971779479-1/pair_arithmetic_test.exe",
2026-09-05T14:35:48.7125654Z         "controlled_oracle"
2026-09-05T14:35:48.7125843Z       ],
2026-09-05T14:35:48.7126028Z       "name" : "pair_arithmetic_controlled_oracle",
2026-09-05T14:35:48.7126294Z       "properties" : 
2026-09-05T14:35:48.7126470Z       [
2026-09-05T14:35:48.7126606Z         {
2026-09-05T14:35:48.7126764Z           "name" : "WORKING_DIRECTORY",
2026-09-05T14:35:48.7127051Z           "value" : "C:/openfhe-2023-1788/project-build-33971779479-1"
2026-09-05T14:35:48.7127341Z         }
2026-09-05T14:35:48.7127479Z       ]
2026-09-05T14:35:48.7127611Z     },
2026-09-05T14:35:48.7127743Z     {
2026-09-05T14:35:48.7127884Z       "backtrace" : 13,
2026-09-05T14:35:48.7128061Z       "command" : 
2026-09-05T14:35:48.7128212Z       [
2026-09-05T14:35:48.7128488Z         "C:/openfhe-2023-1788/project-build-33971779479-1/pair_arithmetic_test.exe",
2026-09-05T14:35:48.7128867Z         "public_lifecycles_keyless"
2026-09-05T14:35:48.7129076Z       ],
2026-09-05T14:35:48.7129271Z       "name" : "pair_arithmetic_public_lifecycles_keyless",
2026-09-05T14:35:48.7129549Z       "properties" : 
2026-09-05T14:35:48.7129715Z       [
2026-09-05T14:35:48.7129855Z         {
2026-09-05T14:35:48.7130008Z           "name" : "WORKING_DIRECTORY",
2026-09-05T14:35:48.7130293Z           "value" : "C:/openfhe-2023-1788/project-build-33971779479-1"
2026-09-05T14:35:48.7130578Z         }
2026-09-05T14:35:48.7130790Z       ]
2026-09-05T14:35:48.7131036Z     },
2026-09-05T14:35:48.7131188Z     {
2026-09-05T14:35:48.7131343Z       "backtrace" : 15,
2026-09-05T14:35:48.7131619Z       "command" : 
2026-09-05T14:35:48.7131792Z       [
2026-09-05T14:35:48.7132066Z         "C:/openfhe-2023-1788/project-build-33971779479-1/pair_arithmetic_test.exe",
2026-09-05T14:35:48.7132439Z         "compatibility_rejections"
2026-09-05T14:35:48.7132645Z       ],
2026-09-05T14:35:48.7132843Z       "name" : "pair_arithmetic_compatibility_rejections",
2026-09-05T14:35:48.7133117Z       "properties" : 
2026-09-05T14:35:48.7133291Z       [
2026-09-05T14:35:48.7133429Z         {
2026-09-05T14:35:48.7133592Z           "name" : "WORKING_DIRECTORY",
2026-09-05T14:35:48.7133903Z           "value" : "C:/openfhe-2023-1788/project-build-33971779479-1"
2026-09-05T14:35:48.7134198Z         }
2026-09-05T14:35:48.7134336Z       ]
2026-09-05T14:35:48.7134473Z     },
2026-09-05T14:35:48.7134612Z     {
2026-09-05T14:35:48.7134755Z       "backtrace" : 17,
2026-09-05T14:35:48.7134938Z       "command" : 
2026-09-05T14:35:48.7135095Z       [
2026-09-05T14:35:48.7135347Z         "C:/openfhe-2023-1788/project-build-33971779479-1/tensor2_test.exe",
2026-09-05T14:35:48.7135862Z         "valid_arithmetic_immutability"
2026-09-05T14:35:48.7136282Z       ],
2026-09-05T14:35:48.7136631Z       "name" : "tensor2_valid_arithmetic_immutability",
2026-09-05T14:35:48.7137136Z       "properties" : 
2026-09-05T14:35:48.7137447Z       [
2026-09-05T14:35:48.7137702Z         {
2026-09-05T14:35:48.7137994Z           "name" : "WORKING_DIRECTORY",
2026-09-05T14:35:48.7138533Z           "value" : "C:/openfhe-2023-1788/project-build-33971779479-1"
2026-09-05T14:35:48.7139090Z         }
2026-09-05T14:35:48.7139346Z       ]
2026-09-05T14:35:48.7139586Z     },
2026-09-05T14:35:48.7139823Z     {
2026-09-05T14:35:48.7140069Z       "backtrace" : 19,
2026-09-05T14:35:48.7140387Z       "command" : 
2026-09-05T14:35:48.7140660Z       [
2026-09-05T14:35:48.7141743Z         "C:/openfhe-2023-1788/project-build-33971779479-1/tensor2_test.exe",
2026-09-05T14:35:48.7142415Z         "result_scale_contract"
2026-09-05T14:35:48.7142785Z       ],
2026-09-05T14:35:48.7143109Z       "name" : "tensor2_result_scale_contract",
2026-09-05T14:35:48.7143570Z       "properties" : 
2026-09-05T14:35:48.7143866Z       [
2026-09-05T14:35:48.7144100Z         {
2026-09-05T14:35:48.7144373Z           "name" : "WORKING_DIRECTORY",
2026-09-05T14:35:48.7144890Z           "value" : "C:/openfhe-2023-1788/project-build-33971779479-1"
2026-09-05T14:35:48.7145409Z         }
2026-09-05T14:35:48.7145638Z       ]
2026-09-05T14:35:48.7145863Z     },
2026-09-05T14:35:48.7146085Z     {
2026-09-05T14:35:48.7146329Z       "backtrace" : 21,
2026-09-05T14:35:48.7146644Z       "command" : 
2026-09-05T14:35:48.7146921Z       [
2026-09-05T14:35:48.7147383Z         "C:/openfhe-2023-1788/project-build-33971779479-1/tensor2_test.exe",
2026-09-05T14:35:48.7147917Z         "right_input_validation"
2026-09-05T14:35:48.7148140Z       ],
2026-09-05T14:35:48.7148336Z       "name" : "tensor2_right_input_validation",
2026-09-05T14:35:48.7148814Z       "properties" : 
2026-09-05T14:35:48.7149140Z       [
2026-09-05T14:35:48.7149381Z         {
2026-09-05T14:35:48.7149675Z           "name" : "WORKING_DIRECTORY",
2026-09-05T14:35:48.7150269Z           "value" : "C:/openfhe-2023-1788/project-build-33971779479-1"
2026-09-05T14:35:48.7150599Z         }
2026-09-05T14:35:48.7150749Z       ]
2026-09-05T14:35:48.7150886Z     },
2026-09-05T14:35:48.7151028Z     {
2026-09-05T14:35:48.7151179Z       "backtrace" : 23,
2026-09-05T14:35:48.7151364Z       "command" : 
2026-09-05T14:35:48.7151526Z       [
2026-09-05T14:35:48.7151800Z         "C:/openfhe-2023-1788/project-build-33971779479-1/tensor2_test.exe",
2026-09-05T14:35:48.7152168Z         "mutual_compatibility"
2026-09-05T14:35:48.7152374Z       ],
2026-09-05T14:35:48.7152559Z       "name" : "tensor2_mutual_compatibility",
2026-09-05T14:35:48.7152829Z       "properties" : 
2026-09-05T14:35:48.7153010Z       [
2026-09-05T14:35:48.7153154Z         {
2026-09-05T14:35:48.7153951Z           "name" : "WORKING_DIRECTORY",
2026-09-05T14:35:48.7154300Z           "value" : "C:/openfhe-2023-1788/project-build-33971779479-1"
2026-09-05T14:35:48.7154607Z         }
2026-09-05T14:35:48.7154753Z       ]
2026-09-05T14:35:48.7154892Z     },
2026-09-05T14:35:48.7155037Z     {
2026-09-05T14:35:48.7155186Z       "backtrace" : 25,
2026-09-05T14:35:48.7155371Z       "command" : 
2026-09-05T14:35:48.7155529Z       [
2026-09-05T14:35:48.7155780Z         "C:/openfhe-2023-1788/project-build-33971779479-1/tensor2_test.exe",
2026-09-05T14:35:48.7156136Z         "prearithmetic_key_compatibility"
2026-09-05T14:35:48.7156368Z       ],
2026-09-05T14:35:48.7156566Z       "name" : "tensor2_prearithmetic_key_compatibility",
2026-09-05T14:35:48.7157164Z       "properties" : 
2026-09-05T14:35:48.7157412Z       [
2026-09-05T14:35:48.7157557Z         {
2026-09-05T14:35:48.7157725Z           "name" : "WORKING_DIRECTORY",
2026-09-05T14:35:48.7158031Z           "value" : "C:/openfhe-2023-1788/project-build-33971779479-1"
2026-09-05T14:35:48.7158448Z         }
2026-09-05T14:35:48.7158713Z       ]
2026-09-05T14:35:48.7158888Z     },
2026-09-05T14:35:48.7159030Z     {
2026-09-05T14:35:48.7159182Z       "backtrace" : 27,
2026-09-05T14:35:48.7159419Z       "command" : 
2026-09-05T14:35:48.7159704Z       [
2026-09-05T14:35:48.7160209Z         "C:/openfhe-2023-1788/project-build-33971779479-1/relin2_test.exe",
2026-09-05T14:35:48.7160818Z         "tensor_validation_order"
2026-09-05T14:35:48.7161177Z       ],
2026-09-05T14:35:48.7161484Z       "name" : "relin2_tensor_validation_order",
2026-09-05T14:35:48.7161919Z       "properties" : 
2026-09-05T14:35:48.7162233Z       [
2026-09-05T14:35:48.7162498Z         {
2026-09-05T14:35:48.7162805Z           "name" : "WORKING_DIRECTORY",
2026-09-05T14:35:48.7163444Z           "value" : "C:/openfhe-2023-1788/project-build-33971779479-1"
2026-09-05T14:35:48.7164704Z         }
2026-09-05T14:35:48.7165020Z       ]
2026-09-05T14:35:48.7165254Z     },
2026-09-05T14:35:48.7165496Z     {
2026-09-05T14:35:48.7165749Z       "backtrace" : 29,
2026-09-05T14:35:48.7166031Z       "command" : 
2026-09-05T14:35:48.7166205Z       [
2026-09-05T14:35:48.7166479Z         "C:/openfhe-2023-1788/project-build-33971779479-1/relin2_test.exe",
2026-09-05T14:35:48.7166840Z         "insufficient_active_basis"
2026-09-05T14:35:48.7167059Z       ],
2026-09-05T14:35:48.7167244Z       "name" : "relin2_insufficient_active_basis",
2026-09-05T14:35:48.7167511Z       "properties" : 
2026-09-05T14:35:48.7167685Z       [
2026-09-05T14:35:48.7167835Z         {
2026-09-05T14:35:48.7168001Z           "name" : "WORKING_DIRECTORY",
2026-09-05T14:35:48.7168353Z           "value" : "C:/openfhe-2023-1788/project-build-33971779479-1"
2026-09-05T14:35:48.7168886Z         }
2026-09-05T14:35:48.7169129Z       ]
2026-09-05T14:35:48.7169364Z     },
2026-09-05T14:35:48.7169594Z     {
2026-09-05T14:35:48.7169849Z       "backtrace" : 31,
2026-09-05T14:35:48.7170152Z       "command" : 
2026-09-05T14:35:48.7170425Z       [
2026-09-05T14:35:48.7170863Z         "C:/openfhe-2023-1788/project-build-33971779479-1/relin2_test.exe",
2026-09-05T14:35:48.7171451Z         "missing_eval_key"
2026-09-05T14:35:48.7171765Z       ],
2026-09-05T14:35:48.7172037Z       "name" : "relin2_missing_eval_key",
2026-09-05T14:35:48.7172451Z       "properties" : 
2026-09-05T14:35:48.7172695Z       [
2026-09-05T14:35:48.7172833Z         {
2026-09-05T14:35:48.7172995Z           "name" : "WORKING_DIRECTORY",
2026-09-05T14:35:48.7173298Z           "value" : "C:/openfhe-2023-1788/project-build-33971779479-1"
2026-09-05T14:35:48.7173595Z         }
2026-09-05T14:35:48.7173734Z       ]
2026-09-05T14:35:48.7173868Z     },
2026-09-05T14:35:48.7174066Z     {
2026-09-05T14:35:48.7174313Z       "backtrace" : 33,
2026-09-05T14:35:48.7174617Z       "command" : 
2026-09-05T14:35:48.7174926Z       [
2026-09-05T14:35:48.7175402Z         "C:/openfhe-2023-1788/project-build-33971779479-1/relin2_test.exe",
2026-09-05T14:35:48.7176277Z         "key_empty"
2026-09-05T14:35:48.7176596Z       ],
2026-09-05T14:35:48.7176889Z       "name" : "relin2_key_empty",
2026-09-05T14:35:48.7177349Z       "properties" : 
2026-09-05T14:35:48.7177724Z       [
2026-09-05T14:35:48.7178031Z         {
2026-09-05T14:35:48.7178318Z           "name" : "WORKING_DIRECTORY",
2026-09-05T14:35:48.7178938Z           "value" : "C:/openfhe-2023-1788/project-build-33971779479-1"
2026-09-05T14:35:48.7179491Z         }
2026-09-05T14:35:48.7179755Z       ]
2026-09-05T14:35:48.7180063Z     },
2026-09-05T14:35:48.7180374Z     {
2026-09-05T14:35:48.7180639Z       "backtrace" : 35,
2026-09-05T14:35:48.7180969Z       "command" : 
2026-09-05T14:35:48.7181267Z       [
2026-09-05T14:35:48.7181817Z         "C:/openfhe-2023-1788/project-build-33971779479-1/relin2_test.exe",
2026-09-05T14:35:48.7182429Z         "key_null_first"
2026-09-05T14:35:48.7182765Z       ],
2026-09-05T14:35:48.7183056Z       "name" : "relin2_key_null_first",
2026-09-05T14:35:48.7183491Z       "properties" : 
2026-09-05T14:35:48.7183948Z       [
2026-09-05T14:35:48.7184210Z         {
2026-09-05T14:35:48.7184513Z           "name" : "WORKING_DIRECTORY",
2026-09-05T14:35:48.7185063Z           "value" : "C:/openfhe-2023-1788/project-build-33971779479-1"
2026-09-05T14:35:48.7185761Z         }
2026-09-05T14:35:48.7186028Z       ]
2026-09-05T14:35:48.7186268Z     },
2026-09-05T14:35:48.7186519Z     {
2026-09-05T14:35:48.7186837Z       "backtrace" : 37,
2026-09-05T14:35:48.7187230Z       "command" : 
2026-09-05T14:35:48.7187507Z       [
2026-09-05T14:35:48.7187960Z         "C:/openfhe-2023-1788/project-build-33971779479-1/relin2_test.exe",
2026-09-05T14:35:48.7188696Z         "key_wrong_context"
2026-09-05T14:35:48.7189039Z       ],
2026-09-05T14:35:48.7189328Z       "name" : "relin2_key_wrong_context",
2026-09-05T14:35:48.7189818Z       "properties" : 
2026-09-05T14:35:48.7190822Z       [
2026-09-05T14:35:48.7191075Z         {
2026-09-05T14:35:48.7191364Z           "name" : "WORKING_DIRECTORY",
2026-09-05T14:35:48.7191946Z           "value" : "C:/openfhe-2023-1788/project-build-33971779479-1"
2026-09-05T14:35:48.7192528Z         }
2026-09-05T14:35:48.7192867Z       ]
2026-09-05T14:35:48.7193094Z     },
2026-09-05T14:35:48.7201280Z     {
2026-09-05T14:35:48.7201803Z       "backtrace" : 39,
2026-09-05T14:35:48.7202164Z       "command" : 
2026-09-05T14:35:48.7202478Z       [
2026-09-05T14:35:48.7203884Z         "C:/openfhe-2023-1788/project-build-33971779479-1/relin2_test.exe",
2026-09-05T14:35:48.7204572Z         "key_wrong_tag"
2026-09-05T14:35:48.7204896Z       ],
2026-09-05T14:35:48.7205189Z       "name" : "relin2_key_wrong_tag",
2026-09-05T14:35:48.7205551Z       "properties" : 
2026-09-05T14:35:48.7205744Z       [
2026-09-05T14:35:48.7205889Z         {
2026-09-05T14:35:48.7206055Z           "name" : "WORKING_DIRECTORY",
2026-09-05T14:35:48.7206405Z           "value" : "C:/openfhe-2023-1788/project-build-33971779479-1"
2026-09-05T14:35:48.7206732Z         }
2026-09-05T14:35:48.7206886Z       ]
2026-09-05T14:35:48.7207028Z     },
2026-09-05T14:35:48.7207171Z     {
2026-09-05T14:35:48.7207325Z       "backtrace" : 41,
2026-09-05T14:35:48.7207514Z       "command" : 
2026-09-05T14:35:48.7207685Z       [
2026-09-05T14:35:48.7207944Z         "C:/openfhe-2023-1788/project-build-33971779479-1/relin2_test.exe",
2026-09-05T14:35:48.7208287Z         "key_wrong_subtype"
2026-09-05T14:35:48.7208475Z       ],
2026-09-05T14:35:48.7208645Z       "name" : "relin2_key_wrong_subtype",
2026-09-05T14:35:48.7208890Z       "properties" : 
2026-09-05T14:35:48.7209067Z       [
2026-09-05T14:35:48.7209203Z         {
2026-09-05T14:35:48.7209359Z           "name" : "WORKING_DIRECTORY",
2026-09-05T14:35:48.7209660Z           "value" : "C:/openfhe-2023-1788/project-build-33971779479-1"
2026-09-05T14:35:48.7209955Z         }
2026-09-05T14:35:48.7210100Z       ]
2026-09-05T14:35:48.7210236Z     },
2026-09-05T14:35:48.7210372Z     {
2026-09-05T14:35:48.7210516Z       "backtrace" : 43,
2026-09-05T14:35:48.7210846Z       "command" : 
2026-09-05T14:35:48.7211013Z       [
2026-09-05T14:35:48.7211256Z         "C:/openfhe-2023-1788/project-build-33971779479-1/relin2_test.exe",
2026-09-05T14:35:48.7211607Z         "key_hybrid_a_length"
2026-09-05T14:35:48.7211799Z       ],
2026-09-05T14:35:48.7211970Z       "name" : "relin2_key_hybrid_a_length",
2026-09-05T14:35:48.7212225Z       "properties" : 
2026-09-05T14:35:48.7212399Z       [
2026-09-05T14:35:48.7212538Z         {
2026-09-05T14:35:48.7212694Z           "name" : "WORKING_DIRECTORY",
2026-09-05T14:35:48.7213002Z           "value" : "C:/openfhe-2023-1788/project-build-33971779479-1"
2026-09-05T14:35:48.7213300Z         }
2026-09-05T14:35:48.7213440Z       ]
2026-09-05T14:35:48.7213578Z     },
2026-09-05T14:35:48.7213726Z     {
2026-09-05T14:35:48.7213872Z       "backtrace" : 45,
2026-09-05T14:35:48.7214054Z       "command" : 
2026-09-05T14:35:48.7214213Z       [
2026-09-05T14:35:48.7214460Z         "C:/openfhe-2023-1788/project-build-33971779479-1/relin2_test.exe",
2026-09-05T14:35:48.7214794Z         "key_hybrid_b_length"
2026-09-05T14:35:48.7214986Z       ],
2026-09-05T14:35:48.7215154Z       "name" : "relin2_key_hybrid_b_length",
2026-09-05T14:35:48.7215390Z       "properties" : 
2026-09-05T14:35:48.7215559Z       [
2026-09-05T14:35:48.7215696Z         {
2026-09-05T14:35:48.7215856Z           "name" : "WORKING_DIRECTORY",
2026-09-05T14:35:48.7216152Z           "value" : "C:/openfhe-2023-1788/project-build-33971779479-1"
2026-09-05T14:35:48.7216438Z         }
2026-09-05T14:35:48.7216579Z       ]
2026-09-05T14:35:48.7216713Z     },
2026-09-05T14:35:48.7216854Z     {
2026-09-05T14:35:48.7217000Z       "backtrace" : 47,
2026-09-05T14:35:48.7217176Z       "command" : 
2026-09-05T14:35:48.7217331Z       [
2026-09-05T14:35:48.7217588Z         "C:/openfhe-2023-1788/project-build-33971779479-1/relin2_test.exe",
2026-09-05T14:35:48.7218488Z         "key_hybrid_entry_basis"
2026-09-05T14:35:48.7218693Z       ],
2026-09-05T14:35:48.7218873Z       "name" : "relin2_key_hybrid_entry_basis",
2026-09-05T14:35:48.7219122Z       "properties" : 
2026-09-05T14:35:48.7219294Z       [
2026-09-05T14:35:48.7219430Z         {
2026-09-05T14:35:48.7219585Z           "name" : "WORKING_DIRECTORY",
2026-09-05T14:35:48.7219881Z           "value" : "C:/openfhe-2023-1788/project-build-33971779479-1"
2026-09-05T14:35:48.7220171Z         }
2026-09-05T14:35:48.7220308Z       ]
2026-09-05T14:35:48.7220443Z     },
2026-09-05T14:35:48.7220583Z     {
2026-09-05T14:35:48.7220728Z       "backtrace" : 49,
2026-09-05T14:35:48.7220904Z       "command" : 
2026-09-05T14:35:48.7221066Z       [
2026-09-05T14:35:48.7221306Z         "C:/openfhe-2023-1788/project-build-33971779479-1/relin2_test.exe",
2026-09-05T14:35:48.7221641Z         "key_hybrid_entry_format"
2026-09-05T14:35:48.7221845Z       ],
2026-09-05T14:35:48.7222023Z       "name" : "relin2_key_hybrid_entry_format",
2026-09-05T14:35:48.7222277Z       "properties" : 
2026-09-05T14:35:48.7222448Z       [
2026-09-05T14:35:48.7222585Z         {
2026-09-05T14:35:48.7222740Z           "name" : "WORKING_DIRECTORY",
2026-09-05T14:35:48.7223031Z           "value" : "C:/openfhe-2023-1788/project-build-33971779479-1"
2026-09-05T14:35:48.7223316Z         }
2026-09-05T14:35:48.7223471Z       ]
2026-09-05T14:35:48.7223610Z     },
2026-09-05T14:35:48.7223755Z     {
2026-09-05T14:35:48.7223903Z       "backtrace" : 51,
2026-09-05T14:35:48.7224085Z       "command" : 
2026-09-05T14:35:48.7224249Z       [
2026-09-05T14:35:48.7224492Z         "C:/openfhe-2023-1788/project-build-33971779479-1/relin2_test.exe",
2026-09-05T14:35:48.7224829Z         "key_bv_zero_digit_a_length"
2026-09-05T14:35:48.7225081Z       ],
2026-09-05T14:35:48.7225266Z       "name" : "relin2_key_bv_zero_digit_a_length",
2026-09-05T14:35:48.7225526Z       "properties" : 
2026-09-05T14:35:48.7225705Z       [
2026-09-05T14:35:48.7225848Z         {
2026-09-05T14:35:48.7226047Z           "name" : "WORKING_DIRECTORY",
2026-09-05T14:35:48.7226555Z           "value" : "C:/openfhe-2023-1788/project-build-33971779479-1"
2026-09-05T14:35:48.7226996Z         }
2026-09-05T14:35:48.7227288Z       ]
2026-09-05T14:35:48.7227476Z     },
2026-09-05T14:35:48.7227691Z     {
2026-09-05T14:35:48.7227904Z       "backtrace" : 53,
2026-09-05T14:35:48.7228165Z       "command" : 
2026-09-05T14:35:48.7228410Z       [
2026-09-05T14:35:48.7228715Z         "C:/openfhe-2023-1788/project-build-33971779479-1/relin2_test.exe",
2026-09-05T14:35:48.7229122Z         "key_bv_zero_digit_b_length"
2026-09-05T14:35:48.7229401Z       ],
2026-09-05T14:35:48.7229664Z       "name" : "relin2_key_bv_zero_digit_b_length",
2026-09-05T14:35:48.7229988Z       "properties" : 
2026-09-05T14:35:48.7238412Z       [
2026-09-05T14:35:48.7238587Z         {
2026-09-05T14:35:48.7238765Z           "name" : "WORKING_DIRECTORY",
2026-09-05T14:35:48.7239114Z           "value" : "C:/openfhe-2023-1788/project-build-33971779479-1"
2026-09-05T14:35:48.7239428Z         }
2026-09-05T14:35:48.7239583Z       ]
2026-09-05T14:35:48.7239726Z     },
2026-09-05T14:35:48.7239870Z     {
2026-09-05T14:35:48.7240026Z       "backtrace" : 55,
2026-09-05T14:35:48.7240215Z       "command" : 
2026-09-05T14:35:48.7240382Z       [
2026-09-05T14:35:48.7240637Z         "C:/openfhe-2023-1788/project-build-33971779479-1/relin2_test.exe",
2026-09-05T14:35:48.7240989Z         "key_bv_nonzero_digit_a_length"
2026-09-05T14:35:48.7241216Z       ],
2026-09-05T14:35:48.7241408Z       "name" : "relin2_key_bv_nonzero_digit_a_length",
2026-09-05T14:35:48.7241687Z       "properties" : 
2026-09-05T14:35:48.7241863Z       [
2026-09-05T14:35:48.7242005Z         {
2026-09-05T14:35:48.7242166Z           "name" : "WORKING_DIRECTORY",
2026-09-05T14:35:48.7242469Z           "value" : "C:/openfhe-2023-1788/project-build-33971779479-1"
2026-09-05T14:35:48.7242773Z         }
2026-09-05T14:35:48.7243272Z       ]
2026-09-05T14:35:48.7243332Z     },
2026-09-05T14:35:48.7243394Z     {
2026-09-05T14:35:48.7243474Z       "backtrace" : 57,
2026-09-05T14:35:48.7243545Z       "command" : 
2026-09-05T14:35:48.7243607Z       [
2026-09-05T14:35:48.7243775Z         "C:/openfhe-2023-1788/project-build-33971779479-1/relin2_test.exe",
2026-09-05T14:35:48.7243860Z         "key_bv_nonzero_digit_b_length"
2026-09-05T14:35:48.7243920Z       ],
2026-09-05T14:35:48.7244030Z       "name" : "relin2_key_bv_nonzero_digit_b_length",
2026-09-05T14:35:48.7244098Z       "properties" : 
2026-09-05T14:35:48.7244161Z       [
2026-09-05T14:35:48.7244220Z         {
2026-09-05T14:35:48.7244300Z           "name" : "WORKING_DIRECTORY",
2026-09-05T14:35:48.7244443Z           "value" : "C:/openfhe-2023-1788/project-build-33971779479-1"
2026-09-05T14:35:48.7244500Z         }
2026-09-05T14:35:48.7244562Z       ]
2026-09-05T14:35:48.7244620Z     },
2026-09-05T14:35:48.7244682Z     {
2026-09-05T14:35:48.7244753Z       "backtrace" : 59,
2026-09-05T14:35:48.7244821Z       "command" : 
2026-09-05T14:35:48.7244878Z       [
2026-09-05T14:35:48.7245047Z         "C:/openfhe-2023-1788/project-build-33971779479-1/relin2_test.exe",
2026-09-05T14:35:48.7245130Z         "key_bv_zero_digit_entry_basis"
2026-09-05T14:35:48.7245187Z       ],
2026-09-05T14:35:48.7245290Z       "name" : "relin2_key_bv_zero_digit_entry_basis",
2026-09-05T14:35:48.7245358Z       "properties" : 
2026-09-05T14:35:48.7245421Z       [
2026-09-05T14:35:48.7245478Z         {
2026-09-05T14:35:48.7245559Z           "name" : "WORKING_DIRECTORY",
2026-09-05T14:35:48.7245688Z           "value" : "C:/openfhe-2023-1788/project-build-33971779479-1"
2026-09-05T14:35:48.7245750Z         }
2026-09-05T14:35:48.7245813Z       ]
2026-09-05T14:35:48.7245871Z     },
2026-09-05T14:35:48.7245933Z     {
2026-09-05T14:35:48.7246000Z       "backtrace" : 61,
2026-09-05T14:35:48.7246066Z       "command" : 
2026-09-05T14:35:48.7246124Z       [
2026-09-05T14:35:48.7246289Z         "C:/openfhe-2023-1788/project-build-33971779479-1/relin2_test.exe",
2026-09-05T14:35:48.7246455Z         "key_bv_nonzero_digit_entry_basis"
2026-09-05T14:35:48.7246527Z       ],
2026-09-05T14:35:48.7246645Z       "name" : "relin2_key_bv_nonzero_digit_entry_basis",
2026-09-05T14:35:48.7246712Z       "properties" : 
2026-09-05T14:35:48.7246775Z       [
2026-09-05T14:35:48.7246833Z         {
2026-09-05T14:35:48.7246915Z           "name" : "WORKING_DIRECTORY",
2026-09-05T14:35:48.7247045Z           "value" : "C:/openfhe-2023-1788/project-build-33971779479-1"
2026-09-05T14:35:48.7247109Z         }
2026-09-05T14:35:48.7247171Z       ]
2026-09-05T14:35:48.7247232Z     },
2026-09-05T14:35:48.7247292Z     {
2026-09-05T14:35:48.7247359Z       "backtrace" : 63,
2026-09-05T14:35:48.7247426Z       "command" : 
2026-09-05T14:35:48.7247485Z       [
2026-09-05T14:35:48.7247643Z         "C:/openfhe-2023-1788/project-build-33971779479-1/relin2_test.exe",
2026-09-05T14:35:48.7247729Z         "key_bv_zero_digit_entry_format"
2026-09-05T14:35:48.7247791Z       ],
2026-09-05T14:35:48.7247907Z       "name" : "relin2_key_bv_zero_digit_entry_format",
2026-09-05T14:35:48.7247973Z       "properties" : 
2026-09-05T14:35:48.7248036Z       [
2026-09-05T14:35:48.7248094Z         {
2026-09-05T14:35:48.7248175Z           "name" : "WORKING_DIRECTORY",
2026-09-05T14:35:48.7248307Z           "value" : "C:/openfhe-2023-1788/project-build-33971779479-1"
2026-09-05T14:35:48.7248372Z         }
2026-09-05T14:35:48.7248428Z       ]
2026-09-05T14:35:48.7248492Z     },
2026-09-05T14:35:48.7248553Z     {
2026-09-05T14:35:48.7248619Z       "backtrace" : 65,
2026-09-05T14:35:48.7248687Z       "command" : 
2026-09-05T14:35:48.7248743Z       [
2026-09-05T14:35:48.7248903Z         "C:/openfhe-2023-1788/project-build-33971779479-1/relin2_test.exe",
2026-09-05T14:35:48.7248989Z         "key_bv_nonzero_digit_entry_format"
2026-09-05T14:35:48.7249051Z       ],
2026-09-05T14:35:48.7249160Z       "name" : "relin2_key_bv_nonzero_digit_entry_format",
2026-09-05T14:35:48.7249311Z       "properties" : 
2026-09-05T14:35:48.7249374Z       [
2026-09-05T14:35:48.7249434Z         {
2026-09-05T14:35:48.7249515Z           "name" : "WORKING_DIRECTORY",
2026-09-05T14:35:48.7249645Z           "value" : "C:/openfhe-2023-1788/project-build-33971779479-1"
2026-09-05T14:35:48.7249706Z         }
2026-09-05T14:35:48.7249764Z       ]
2026-09-05T14:35:48.7249823Z     },
2026-09-05T14:35:48.7249880Z     {
2026-09-05T14:35:48.7249951Z       "backtrace" : 67,
2026-09-05T14:35:48.7250019Z       "command" : 
2026-09-05T14:35:48.7250076Z       [
2026-09-05T14:35:48.7250234Z         "C:/openfhe-2023-1788/project-build-33971779479-1/relin2_test.exe",
2026-09-05T14:35:48.7250326Z         "valid_arithmetic_state_immutability"
2026-09-05T14:35:48.7250389Z       ],
2026-09-05T14:35:48.7250511Z       "name" : "relin2_valid_arithmetic_state_immutability",
2026-09-05T14:35:48.7250588Z       "properties" : 
2026-09-05T14:35:48.7250649Z       [
2026-09-05T14:35:48.7250712Z         {
2026-09-05T14:35:48.7250795Z           "name" : "WORKING_DIRECTORY",
2026-09-05T14:35:48.7250928Z           "value" : "C:/openfhe-2023-1788/project-build-33971779479-1"
2026-09-05T14:35:48.7250991Z         }
2026-09-05T14:35:48.7251048Z       ]
2026-09-05T14:35:48.7251111Z     },
2026-09-05T14:35:48.7251168Z     {
2026-09-05T14:35:48.7251239Z       "backtrace" : 69,
2026-09-05T14:35:48.7251304Z       "command" : 
2026-09-05T14:35:48.7251371Z       [
2026-09-05T14:35:48.7251529Z         "C:/openfhe-2023-1788/project-build-33971779479-1/relin2_test.exe",
2026-09-05T14:35:48.7251619Z         "controlled_witnesses_and_boundaries"
2026-09-05T14:35:48.7251682Z       ],
2026-09-05T14:35:48.7251798Z       "name" : "relin2_controlled_witnesses_and_boundaries",
2026-09-05T14:35:48.7251869Z       "properties" : 
2026-09-05T14:35:48.7251927Z       [
2026-09-05T14:35:48.7251991Z         {
2026-09-05T14:35:48.7252073Z           "name" : "WORKING_DIRECTORY",
2026-09-05T14:35:48.7252209Z           "value" : "C:/openfhe-2023-1788/project-build-33971779479-1"
2026-09-05T14:35:48.7252273Z         }
2026-09-05T14:35:48.7252402Z       ]
2026-09-05T14:35:48.7252470Z     },
2026-09-05T14:35:48.7252529Z     {
2026-09-05T14:35:48.7252602Z       "backtrace" : 71,
2026-09-05T14:35:48.7252666Z       "command" : 
2026-09-05T14:35:48.7252729Z       [
2026-09-05T14:35:48.7252889Z         "C:/openfhe-2023-1788/project-build-33971779479-1/relin2_test.exe",
2026-09-05T14:35:48.7252975Z         "representative_public_input"
2026-09-05T14:35:48.7253041Z       ],
2026-09-05T14:35:48.7253147Z       "name" : "relin2_representative_public_input",
2026-09-05T14:35:48.7253222Z       "properties" : 
2026-09-05T14:35:48.7253281Z       [
2026-09-05T14:35:48.7253345Z         {
2026-09-05T14:35:48.7253419Z           "name" : "WORKING_DIRECTORY",
2026-09-05T14:35:48.7253560Z           "value" : "C:/openfhe-2023-1788/project-build-33971779479-1"
2026-09-05T14:35:48.7253628Z         }
2026-09-05T14:35:48.7253684Z       ]
2026-09-05T14:35:48.7253749Z     },
2026-09-05T14:35:48.7253806Z     {
2026-09-05T14:35:48.7253883Z       "backtrace" : 73,
2026-09-05T14:35:48.7253946Z       "command" : 
2026-09-05T14:35:48.7254010Z       [
2026-09-05T14:35:48.7254165Z         "C:/openfhe-2023-1788/project-build-33971779479-1/relin2_test.exe",
2026-09-05T14:35:48.7254247Z         "key_extra_later_valid"
2026-09-05T14:35:48.7254311Z       ],
2026-09-05T14:35:48.7254405Z       "name" : "relin2_key_extra_later_valid",
2026-09-05T14:35:48.7254476Z       "properties" : 
2026-09-05T14:35:48.7254533Z       [
2026-09-05T14:35:48.7254597Z         {
2026-09-05T14:35:48.7254674Z           "name" : "WORKING_DIRECTORY",
2026-09-05T14:35:48.7254809Z           "value" : "C:/openfhe-2023-1788/project-build-33971779479-1"
2026-09-05T14:35:48.7254866Z         }
2026-09-05T14:35:48.7254930Z       ]
2026-09-05T14:35:48.7254991Z     },
2026-09-05T14:35:48.7255047Z     {
2026-09-05T14:35:48.7255193Z       "backtrace" : 75,
2026-09-05T14:35:48.7255257Z       "command" : 
2026-09-05T14:35:48.7255319Z       [
2026-09-05T14:35:48.7255476Z         "C:/openfhe-2023-1788/project-build-33971779479-1/relin2_test.exe",
2026-09-05T14:35:48.7255562Z         "key_malformed_later_ignored"
2026-09-05T14:35:48.7255620Z       ],
2026-09-05T14:35:48.7255731Z       "name" : "relin2_key_malformed_later_ignored",
2026-09-05T14:35:48.7255803Z       "properties" : 
2026-09-05T14:35:48.7255860Z       [
2026-09-05T14:35:48.7255921Z         {
2026-09-05T14:35:48.7255996Z           "name" : "WORKING_DIRECTORY",
2026-09-05T14:35:48.7256133Z           "value" : "C:/openfhe-2023-1788/project-build-33971779479-1"
2026-09-05T14:35:48.7256190Z         }
2026-09-05T14:35:48.7256253Z       ]
2026-09-05T14:35:48.7256310Z     },
2026-09-05T14:35:48.7256372Z     {
2026-09-05T14:35:48.7256444Z       "backtrace" : 77,
2026-09-05T14:35:48.7256504Z       "command" : 
2026-09-05T14:35:48.7256564Z       [
2026-09-05T14:35:48.7256720Z         "C:/openfhe-2023-1788/project-build-33971779479-1/relin2_test.exe",
2026-09-05T14:35:48.7256799Z         "hybrid_valid_shapes"
2026-09-05T14:35:48.7256859Z       ],
2026-09-05T14:35:48.7256951Z       "name" : "relin2_hybrid_valid_shapes",
2026-09-05T14:35:48.7257018Z       "properties" : 
2026-09-05T14:35:48.7257082Z       [
2026-09-05T14:35:48.7257145Z         {
2026-09-05T14:35:48.7257219Z           "name" : "WORKING_DIRECTORY",
2026-09-05T14:35:48.7257353Z           "value" : "C:/openfhe-2023-1788/project-build-33971779479-1"
2026-09-05T14:35:48.7257409Z         }
2026-09-05T14:35:48.7257471Z       ]
2026-09-05T14:35:48.7257527Z     },
2026-09-05T14:35:48.7257589Z     {
2026-09-05T14:35:48.7257656Z       "backtrace" : 79,
2026-09-05T14:35:48.7257727Z       "command" : 
2026-09-05T14:35:48.7257788Z       [
2026-09-05T14:35:48.7257945Z         "C:/openfhe-2023-1788/project-build-33971779479-1/relin2_test.exe",
2026-09-05T14:35:48.7258030Z         "bv_zero_digit_valid_shapes"
2026-09-05T14:35:48.7258089Z       ],
2026-09-05T14:35:48.7258190Z       "name" : "relin2_bv_zero_digit_valid_shapes",
2026-09-05T14:35:48.7258326Z       "properties" : 
2026-09-05T14:35:48.7258387Z       [
2026-09-05T14:35:48.7258450Z         {
2026-09-05T14:35:48.7258526Z           "name" : "WORKING_DIRECTORY",
2026-09-05T14:35:48.7258666Z           "value" : "C:/openfhe-2023-1788/project-build-33971779479-1"
2026-09-05T14:35:48.7258724Z         }
2026-09-05T14:35:48.7258788Z       ]
2026-09-05T14:35:48.7258845Z     },
2026-09-05T14:35:48.7258907Z     {
2026-09-05T14:35:48.7258976Z       "backtrace" : 81,
2026-09-05T14:35:48.7259046Z       "command" : 
2026-09-05T14:35:48.7259108Z       [
2026-09-05T14:35:48.7259263Z         "C:/openfhe-2023-1788/project-build-33971779479-1/relin2_test.exe",
2026-09-05T14:35:48.7259352Z         "bv_nonzero_digit_valid_shapes"
2026-09-05T14:35:48.7259422Z       ],
2026-09-05T14:35:48.7259534Z       "name" : "relin2_bv_nonzero_digit_valid_shapes",
2026-09-05T14:35:48.7259606Z       "properties" : 
2026-09-05T14:35:48.7259668Z       [
2026-09-05T14:35:48.7259725Z         {
2026-09-05T14:35:48.7259808Z           "name" : "WORKING_DIRECTORY",
2026-09-05T14:35:48.7260004Z           "value" : "C:/openfhe-2023-1788/project-build-33971779479-1"
2026-09-05T14:35:48.7260064Z         }
2026-09-05T14:35:48.7260129Z       ]
2026-09-05T14:35:48.7260189Z     },
2026-09-05T14:35:48.7260254Z     {
2026-09-05T14:35:48.7260322Z       "backtrace" : 83,
2026-09-05T14:35:48.7260391Z       "command" : 
2026-09-05T14:35:48.7260444Z       [
2026-09-05T14:35:48.7260605Z         "C:/openfhe-2023-1788/project-build-33971779479-1/relin2_test.exe",
2026-09-05T14:35:48.7260689Z         "first_recombined_rcb_validation"
2026-09-05T14:35:48.7260753Z       ],
2026-09-05T14:35:48.7260866Z       "name" : "relin2_first_recombined_rcb_validation",
2026-09-05T14:35:48.7260941Z       "properties" : 
2026-09-05T14:35:48.7261006Z       [
2026-09-05T14:35:48.7261067Z         {
2026-09-05T14:35:48.7261221Z           "name" : "WORKING_DIRECTORY",
2026-09-05T14:35:48.7261356Z           "value" : "C:/openfhe-2023-1788/project-build-33971779479-1"
2026-09-05T14:35:48.7261420Z         }
2026-09-05T14:35:48.7261479Z       ]
2026-09-05T14:35:48.7261545Z     },
2026-09-05T14:35:48.7261603Z     {
2026-09-05T14:35:48.7261673Z       "backtrace" : 85,
2026-09-05T14:35:48.7261739Z       "command" : 
2026-09-05T14:35:48.7261794Z       [
2026-09-05T14:35:48.7261954Z         "C:/openfhe-2023-1788/project-build-33971779479-1/relin2_test.exe",
2026-09-05T14:35:48.7262044Z         "first_recombined_tensor2_validation"
2026-09-05T14:35:48.7262107Z       ],
2026-09-05T14:35:48.7262224Z       "name" : "relin2_first_recombined_tensor2_validation",
2026-09-05T14:35:48.7262298Z       "properties" : 
2026-09-05T14:35:48.7262354Z       [
2026-09-05T14:35:48.7262415Z         {
2026-09-05T14:35:48.7262493Z           "name" : "WORKING_DIRECTORY",
2026-09-05T14:35:48.7262626Z           "value" : "C:/openfhe-2023-1788/project-build-33971779479-1"
2026-09-05T14:35:48.7262688Z         }
2026-09-05T14:35:48.7262744Z       ]
2026-09-05T14:35:48.7262806Z     },
2026-09-05T14:35:48.7262865Z     {
2026-09-05T14:35:48.7262936Z       "backtrace" : 87,
2026-09-05T14:35:48.7262996Z       "command" : 
2026-09-05T14:35:48.7263056Z       [
2026-09-05T14:35:48.7263212Z         "C:/openfhe-2023-1788/project-build-33971779479-1/relin2_test.exe",
2026-09-05T14:35:48.7263294Z         "tensor2_requires_first_lifecycle"
2026-09-05T14:35:48.7263354Z       ],
2026-09-05T14:35:48.7263462Z       "name" : "relin2_tensor2_requires_first_lifecycle",
2026-09-05T14:35:48.7263534Z       "properties" : 
2026-09-05T14:35:48.7263589Z       [
2026-09-05T14:35:48.7263646Z         {
2026-09-05T14:35:48.7263718Z           "name" : "WORKING_DIRECTORY",
2026-09-05T14:35:48.7263850Z           "value" : "C:/openfhe-2023-1788/project-build-33971779479-1"
2026-09-05T14:35:48.7263909Z         }
2026-09-05T14:35:48.7263963Z       ]
2026-09-05T14:35:48.7264026Z     },
2026-09-05T14:35:48.7264081Z     {
2026-09-05T14:35:48.7264151Z       "backtrace" : 89,
2026-09-05T14:35:48.7264281Z       "command" : 
2026-09-05T14:35:48.7264343Z       [
2026-09-05T14:35:48.7264491Z         "C:/openfhe-2023-1788/project-build-33971779479-1/rs2_test.exe",
2026-09-05T14:35:48.7264564Z         "wrong_lifecycle"
2026-09-05T14:35:48.7264623Z       ],
2026-09-05T14:35:48.7264699Z       "name" : "rs2_wrong_lifecycle",
2026-09-05T14:35:48.7264767Z       "properties" : 
2026-09-05T14:35:48.7264823Z       [
2026-09-05T14:35:48.7264883Z         {
2026-09-05T14:35:48.7264956Z           "name" : "WORKING_DIRECTORY",
2026-09-05T14:35:48.7265089Z           "value" : "C:/openfhe-2023-1788/project-build-33971779479-1"
2026-09-05T14:35:48.7265145Z         }
2026-09-05T14:35:48.7265207Z       ]
2026-09-05T14:35:48.7265267Z     },
2026-09-05T14:35:48.7265323Z     {
2026-09-05T14:35:48.7265394Z       "backtrace" : 91,
2026-09-05T14:35:48.7265453Z       "command" : 
2026-09-05T14:35:48.7265519Z       [
2026-09-05T14:35:48.7265671Z         "C:/openfhe-2023-1788/project-build-33971779479-1/rs2_test.exe",
2026-09-05T14:35:48.7265762Z         "valid_arithmetic_state_immutability"
2026-09-05T14:35:48.7265819Z       ],
2026-09-05T14:35:48.7265939Z       "name" : "rs2_valid_arithmetic_state_immutability",
2026-09-05T14:35:48.7266010Z       "properties" : 
2026-09-05T14:35:48.7266065Z       [
2026-09-05T14:35:48.7266125Z         {
2026-09-05T14:35:48.7266199Z           "name" : "WORKING_DIRECTORY",
2026-09-05T14:35:48.7266337Z           "value" : "C:/openfhe-2023-1788/project-build-33971779479-1"
2026-09-05T14:35:48.7266392Z         }
2026-09-05T14:35:48.7266455Z       ]
2026-09-05T14:35:48.7266510Z     },
2026-09-05T14:35:48.7266573Z     {
2026-09-05T14:35:48.7266644Z       "backtrace" : 93,
2026-09-05T14:35:48.7266703Z       "command" : 
2026-09-05T14:35:48.7266763Z       [
2026-09-05T14:35:48.7266908Z         "C:/openfhe-2023-1788/project-build-33971779479-1/rs2_test.exe",
2026-09-05T14:35:48.7267057Z         "mixed_tower_format"
2026-09-05T14:35:48.7267114Z       ],
2026-09-05T14:35:48.7267199Z       "name" : "rs2_mixed_tower_format",
2026-09-05T14:35:48.7267265Z       "properties" : 
2026-09-05T14:35:48.7267326Z       [
2026-09-05T14:35:48.7267389Z         {
2026-09-05T14:35:48.7267462Z           "name" : "WORKING_DIRECTORY",
2026-09-05T14:35:48.7267599Z           "value" : "C:/openfhe-2023-1788/project-build-33971779479-1"
2026-09-05T14:35:48.7267653Z         }
2026-09-05T14:35:48.7267713Z       ]
2026-09-05T14:35:48.7267767Z     },
2026-09-05T14:35:48.7267829Z     {
2026-09-05T14:35:48.7267896Z       "backtrace" : 95,
2026-09-05T14:35:48.7267966Z       "command" : 
2026-09-05T14:35:48.7268027Z       [
2026-09-05T14:35:48.7268170Z         "C:/openfhe-2023-1788/project-build-33971779479-1/rs2_test.exe",
2026-09-05T14:35:48.7268258Z         "untouched_public_pipeline"
2026-09-05T14:35:48.7268315Z       ],
2026-09-05T14:35:48.7268418Z       "name" : "rs2_untouched_public_pipeline",
2026-09-05T14:35:48.7268482Z       "properties" : 
2026-09-05T14:35:48.7268545Z       [
2026-09-05T14:35:48.7268609Z         {
2026-09-05T14:35:48.7268685Z           "name" : "WORKING_DIRECTORY",
2026-09-05T14:35:48.7268817Z           "value" : "C:/openfhe-2023-1788/project-build-33971779479-1"
2026-09-05T14:35:48.7268872Z         }
2026-09-05T14:35:48.7268931Z       ]
2026-09-05T14:35:48.7268985Z     },
2026-09-05T14:35:48.7269044Z     {
2026-09-05T14:35:48.7269109Z       "backtrace" : 97,
2026-09-05T14:35:48.7269174Z       "command" : 
2026-09-05T14:35:48.7269228Z       [
2026-09-05T14:35:48.7269377Z         "C:/openfhe-2023-1788/project-build-33971779479-1/rs2_test.exe",
2026-09-05T14:35:48.7269457Z         "declared_basis_mismatch"
2026-09-05T14:35:48.7269514Z       ],
2026-09-05T14:35:48.7269602Z       "name" : "rs2_declared_basis_mismatch",
2026-09-05T14:35:48.7269666Z       "properties" : 
2026-09-05T14:35:48.7269727Z       [
2026-09-05T14:35:48.7269787Z         {
2026-09-05T14:35:48.7269864Z           "name" : "WORKING_DIRECTORY",
2026-09-05T14:35:48.7270428Z           "value" : "C:/openfhe-2023-1788/project-build-33971779479-1"
2026-09-05T14:35:48.7270502Z         }
2026-09-05T14:35:48.7270568Z       ]
2026-09-05T14:35:48.7270671Z     },
2026-09-05T14:35:48.7270735Z     {
2026-09-05T14:35:48.7270805Z       "backtrace" : 99,
2026-09-05T14:35:48.7270872Z       "command" : 
2026-09-05T14:35:48.7270926Z       [
2026-09-05T14:35:48.7271080Z         "C:/openfhe-2023-1788/project-build-33971779479-1/rs2_test.exe",
2026-09-05T14:35:48.7271158Z         "terminal_rejections"
2026-09-05T14:35:48.7271213Z       ],
2026-09-05T14:35:48.7271298Z       "name" : "rs2_terminal_rejections",
2026-09-05T14:35:48.7271363Z       "properties" : 
2026-09-05T14:35:48.7271422Z       [
2026-09-05T14:35:48.7271478Z         {
2026-09-05T14:35:48.7271555Z           "name" : "WORKING_DIRECTORY",
2026-09-05T14:35:48.7271693Z           "value" : "C:/openfhe-2023-1788/project-build-33971779479-1"
2026-09-05T14:35:48.7271759Z         }
2026-09-05T14:35:48.7271818Z       ]
2026-09-05T14:35:48.7271914Z     },
2026-09-05T14:35:48.7271976Z     {
2026-09-05T14:35:48.7272044Z       "backtrace" : 101,
2026-09-05T14:35:48.7272108Z       "command" : 
2026-09-05T14:35:48.7272165Z       [
2026-09-05T14:35:48.7272324Z         "C:/openfhe-2023-1788/project-build-33971779479-1/mult2_test.exe",
2026-09-05T14:35:48.7272400Z         "composition_contract"
2026-09-05T14:35:48.7272461Z       ],
2026-09-05T14:35:48.7272554Z       "name" : "mult2_composition_contract",
2026-09-05T14:35:48.7272618Z       "properties" : 
2026-09-05T14:35:48.7272679Z       [
2026-09-05T14:35:48.7272735Z         {
2026-09-05T14:35:48.7272813Z           "name" : "WORKING_DIRECTORY",
2026-09-05T14:35:48.7272941Z           "value" : "C:/openfhe-2023-1788/project-build-33971779479-1"
2026-09-05T14:35:48.7273034Z         }
2026-09-05T14:35:48.7273095Z       ]
2026-09-05T14:35:48.7273265Z     },
2026-09-05T14:35:48.7273325Z     {
2026-09-05T14:35:48.7273394Z       "backtrace" : 103,
2026-09-05T14:35:48.7273464Z       "command" : 
2026-09-05T14:35:48.7273520Z       [
2026-09-05T14:35:48.7273725Z         "C:/openfhe-2023-1788/project-build-33971779479-1/mult2_e2e_oracle_test.exe",
2026-09-05T14:35:48.7273790Z         "hybrid_real"
2026-09-05T14:35:48.7273850Z       ],
2026-09-05T14:35:48.7273925Z       "name" : "mult2_e2e_hybrid_real",
2026-09-05T14:35:48.7273993Z       "properties" : 
2026-09-05T14:35:48.7274055Z       [
2026-09-05T14:35:48.7274146Z         {
2026-09-05T14:35:48.7274233Z           "name" : "WORKING_DIRECTORY",
2026-09-05T14:35:48.7274364Z           "value" : "C:/openfhe-2023-1788/project-build-33971779479-1"
2026-09-05T14:35:48.7274428Z         }
2026-09-05T14:35:48.7274483Z       ]
2026-09-05T14:35:48.7274545Z     },
2026-09-05T14:35:48.7274598Z     {
2026-09-05T14:35:48.7274671Z       "backtrace" : 105,
2026-09-05T14:35:48.7274738Z       "command" : 
2026-09-05T14:35:48.7274799Z       [
2026-09-05T14:35:48.7274998Z         "C:/openfhe-2023-1788/project-build-33971779479-1/mult2_e2e_oracle_test.exe",
2026-09-05T14:35:48.7275064Z         "hybrid_complex"
2026-09-05T14:35:48.7275127Z       ],
2026-09-05T14:35:48.7275210Z       "name" : "mult2_e2e_hybrid_complex",
2026-09-05T14:35:48.7275282Z       "properties" : 
2026-09-05T14:35:48.7275337Z       [
2026-09-05T14:35:48.7275397Z         {
2026-09-05T14:35:48.7275477Z           "name" : "WORKING_DIRECTORY",
2026-09-05T14:35:48.7275606Z           "value" : "C:/openfhe-2023-1788/project-build-33971779479-1"
2026-09-05T14:35:48.7275665Z         }
2026-09-05T14:35:48.7275719Z       ]
2026-09-05T14:35:48.7275776Z     },
2026-09-05T14:35:48.7275830Z     {
2026-09-05T14:35:48.7275902Z       "backtrace" : 107,
2026-09-05T14:35:48.7275961Z       "command" : 
2026-09-05T14:35:48.7276021Z       [
2026-09-05T14:35:48.7276213Z         "C:/openfhe-2023-1788/project-build-33971779479-1/mult2_e2e_oracle_test.exe",
2026-09-05T14:35:48.7276277Z         "bv_real"
2026-09-05T14:35:48.7276337Z       ],
2026-09-05T14:35:48.7276505Z       "name" : "mult2_e2e_bv_real",
2026-09-05T14:35:48.7276578Z       "properties" : 
2026-09-05T14:35:48.7276634Z       [
2026-09-05T14:35:48.7276694Z         {
2026-09-05T14:35:48.7276767Z           "name" : "WORKING_DIRECTORY",
2026-09-05T14:35:48.7276899Z           "value" : "C:/openfhe-2023-1788/project-build-33971779479-1"
2026-09-05T14:35:48.7276959Z         }
2026-09-05T14:35:48.7277013Z       ]
2026-09-05T14:35:48.7277072Z     },
2026-09-05T14:35:48.7277126Z     {
2026-09-05T14:35:48.7277194Z       "backtrace" : 109,
2026-09-05T14:35:48.7277252Z       "command" : 
2026-09-05T14:35:48.7277314Z       [
2026-09-05T14:35:48.7277587Z         "C:/openfhe-2023-1788/project-build-33971779479-1/mult2_e2e_oracle_test.exe",
2026-09-05T14:35:48.7277700Z         "bv_complex"
2026-09-05T14:35:48.7277809Z       ],
2026-09-05T14:35:48.7277955Z       "name" : "mult2_e2e_bv_complex",
2026-09-05T14:35:48.7278102Z       "properties" : 
2026-09-05T14:35:48.7278179Z       [
2026-09-05T14:35:48.7278241Z         {
2026-09-05T14:35:48.7278327Z           "name" : "WORKING_DIRECTORY",
2026-09-05T14:35:48.7278586Z           "value" : "C:/openfhe-2023-1788/project-build-33971779479-1"
2026-09-05T14:35:48.7278692Z         }
2026-09-05T14:35:48.7278795Z       ]
2026-09-05T14:35:48.7278904Z     },
2026-09-05T14:35:48.7279008Z     {
2026-09-05T14:35:48.7279135Z       "backtrace" : 111,
2026-09-05T14:35:48.7279200Z       "command" : 
2026-09-05T14:35:48.7279265Z       [
2026-09-05T14:35:48.7279463Z         "C:/openfhe-2023-1788/project-build-33971779479-1/mult2_e2e_oracle_test.exe",
2026-09-05T14:35:48.7279608Z         "pair_add_input_hybrid_complex"
2026-09-05T14:35:48.7279720Z       ],
2026-09-05T14:35:48.7279919Z       "name" : "mult2_pair_add_input_hybrid_complex",
2026-09-05T14:35:48.7280001Z       "properties" : 
2026-09-05T14:35:48.7280079Z       [
2026-09-05T14:35:48.7280379Z         {
2026-09-05T14:35:48.7280522Z           "name" : "WORKING_DIRECTORY",
2026-09-05T14:35:48.7280799Z           "value" : "C:/openfhe-2023-1788/project-build-33971779479-1"
2026-09-05T14:35:48.7280905Z         }
2026-09-05T14:35:48.7281014Z       ]
2026-09-05T14:35:48.7281128Z     },
2026-09-05T14:35:48.7281230Z     {
2026-09-05T14:35:48.7281369Z       "backtrace" : 113,
2026-09-05T14:35:48.7281490Z       "command" : 
2026-09-05T14:35:48.7281618Z       [
2026-09-05T14:35:48.7281857Z         "C:/openfhe-2023-1788/project-build-33971779479-1/mult2_e2e_oracle_test.exe",
2026-09-05T14:35:48.7281947Z         "pair_sub_input_hybrid_complex"
2026-09-05T14:35:48.7282005Z       ],
2026-09-05T14:35:48.7282119Z       "name" : "mult2_pair_sub_input_hybrid_complex",
2026-09-05T14:35:48.7282245Z       "properties" : 
2026-09-05T14:35:48.7282348Z       [
2026-09-05T14:35:48.7282465Z         {
2026-09-05T14:35:48.7282602Z           "name" : "WORKING_DIRECTORY",
2026-09-05T14:35:48.7282753Z           "value" : "C:/openfhe-2023-1788/project-build-33971779479-1"
2026-09-05T14:35:48.7282820Z         }
2026-09-05T14:35:48.7282883Z       ]
2026-09-05T14:35:48.7282942Z     },
2026-09-05T14:35:48.7283005Z     {
2026-09-05T14:35:48.7283083Z       "backtrace" : 115,
2026-09-05T14:35:48.7283148Z       "command" : 
2026-09-05T14:35:48.7283210Z       [
2026-09-05T14:35:48.7283512Z         "C:/openfhe-2023-1788/project-build-33971779479-1/precision_client_io_first_mult2_contract_test.exe"
2026-09-05T14:35:48.7283575Z       ],
2026-09-05T14:35:48.7283691Z       "name" : "precision_client_io_first_mult2_contract",
2026-09-05T14:35:48.7283767Z       "properties" : 
2026-09-05T14:35:48.7283829Z       [
2026-09-05T14:35:48.7283886Z         {
2026-09-05T14:35:48.7283967Z           "name" : "WORKING_DIRECTORY",
2026-09-05T14:35:48.7284100Z           "value" : "C:/openfhe-2023-1788/project-build-33971779479-1"
2026-09-05T14:35:48.7284161Z         }
2026-09-05T14:35:48.7284217Z       ]
2026-09-05T14:35:48.7284283Z     },
2026-09-05T14:35:48.7284342Z     {
2026-09-05T14:35:48.7284414Z       "backtrace" : 117,
2026-09-05T14:35:48.7284614Z       "command" : 
2026-09-05T14:35:48.7284678Z       [
2026-09-05T14:35:48.7284952Z         "C:/openfhe-2023-1788/project-build-33971779479-1/repeated_mult2_semantic_two_square_test.exe"
2026-09-05T14:35:48.7285008Z       ],
2026-09-05T14:35:48.7285135Z       "name" : "repeated_mult2_semantic_two_square_contract",
2026-09-05T14:35:48.7285201Z       "properties" : 
2026-09-05T14:35:48.7285259Z       [
2026-09-05T14:35:48.7285313Z         {
2026-09-05T14:35:48.7285389Z           "name" : "WORKING_DIRECTORY",
2026-09-05T14:35:48.7285524Z           "value" : "C:/openfhe-2023-1788/project-build-33971779479-1"
2026-09-05T14:35:48.7285583Z         }
2026-09-05T14:35:48.7285641Z       ]
2026-09-05T14:35:48.7285695Z     },
2026-09-05T14:35:48.7285755Z     {
2026-09-05T14:35:48.7285819Z       "backtrace" : 119,
2026-09-05T14:35:48.7285883Z       "command" : 
2026-09-05T14:35:48.7285942Z       [
2026-09-05T14:35:48.7286215Z         "C:/openfhe-2023-1788/project-build-33971779479-1/paper_h128_client_keypair_contract_test.exe"
2026-09-05T14:35:48.7286275Z       ],
2026-09-05T14:35:48.7286378Z       "name" : "paper_h128_client_keypair_contract",
2026-09-05T14:35:48.7286447Z       "properties" : 
2026-09-05T14:35:48.7286502Z       [
2026-09-05T14:35:48.7286565Z         {
2026-09-05T14:35:48.7286637Z           "name" : "WORKING_DIRECTORY",
2026-09-05T14:35:48.7286772Z           "value" : "C:/openfhe-2023-1788/project-build-33971779479-1"
2026-09-05T14:35:48.7286828Z         }
2026-09-05T14:35:48.7286887Z       ]
2026-09-05T14:35:48.7286944Z     }
2026-09-05T14:35:48.7287007Z   ],
2026-09-05T14:35:48.7287068Z   "version" : 
2026-09-05T14:35:48.7287127Z   {
2026-09-05T14:35:48.7287193Z     "major" : 1,
2026-09-05T14:35:48.7287252Z     "minor" : 0
2026-09-05T14:35:48.7287312Z   }
2026-09-05T14:35:48.7299154Z }UpdateCTestConfiguration  from :C:/openfhe-2023-1788/project-build-33971779479-1/DartConfiguration.tcl
2026-09-05T14:35:48.7319942Z Test project C:/openfhe-2023-1788/project-build-33971779479-1
2026-09-05T14:35:48.7328987Z Constructing a list of tests
2026-09-05T14:35:48.7341822Z Done constructing a list of tests
2026-09-05T14:35:48.7343102Z Updating test list for fixtures
2026-09-05T14:35:48.7343248Z Added 0 tests to meet fixture requirements
2026-09-05T14:35:48.7349477Z Checking test dependency graph...
2026-09-05T14:35:48.7349612Z Checking test dependency graph end
2026-09-05T14:35:48.7350871Z test 1
2026-09-05T14:35:48.7351736Z       Start  1: dcp_rcb
2026-09-05T14:35:48.7353033Z 
2026-09-05T14:35:48.7353428Z 1: Test command: C:\openfhe-2023-1788\project-build-33971779479-1\dcp_rcb_test.exe
2026-09-05T14:35:48.7353624Z 1: Working Directory: C:/openfhe-2023-1788/project-build-33971779479-1
2026-09-05T14:35:48.7354930Z 1: Test timeout computed to be: 10000000
2026-09-05T14:35:48.8135596Z 1: DCP/RCB independent-oracle tests passed
2026-09-05T14:35:48.8147549Z  1/60 Test  #1: dcp_rcb .........................................   Passed    0.08 sec
2026-09-05T14:35:48.8179279Z test 2
2026-09-05T14:35:48.8179585Z       Start  2: precision_dcp_rcb_high_precision_contract
2026-09-05T14:35:48.8181122Z 
2026-09-05T14:35:48.8181962Z 2: Test command: C:\openfhe-2023-1788\project-build-33971779479-1\precision_dcp_rcb_contract_test.exe
2026-09-05T14:35:48.8182385Z 2: Working Directory: C:/openfhe-2023-1788/project-build-33971779479-1
2026-09-05T14:35:48.8182564Z 2: Test timeout computed to be: 10000000
2026-09-05T14:35:48.8735719Z 2: test=precision_dcp_rcb_high_precision_contract trial=0 security_level=HEStd_NotSet(functional-diagnostic-only) key_switch=HYBRID ckks_data_type=COMPLEX N=64 batch=16 depth=7 scaling_mod_size=50 first_mod_size=55 scale_bits=100 q_div=1125899906843009 active_modulus_bits=356 maximum_coefficient_bits=98 approximate_headroom_bits=258 delta_error=8.0327121513464409121073474411656764973222e-29 max_slot_error=1.4032471388084817858913311198449191515880e-28
2026-09-05T14:35:48.8738152Z 2: test=precision_dcp_rcb_high_precision_contract trial=1 security_level=HEStd_NotSet(functional-diagnostic-only) key_switch=HYBRID ckks_data_type=COMPLEX N=64 batch=16 depth=7 scaling_mod_size=50 first_mod_size=55 scale_bits=100 q_div=1125899906843009 active_modulus_bits=356 maximum_coefficient_bits=98 approximate_headroom_bits=258 delta_error=4.1340706445042547047219133188461046091045e-28 max_slot_error=2.4961507999262545091600792460061649698349e-28
2026-09-05T14:35:48.8739616Z 2: test=precision_dcp_rcb_high_precision_contract trial=2 security_level=HEStd_NotSet(functional-diagnostic-only) key_switch=HYBRID ckks_data_type=COMPLEX N=64 batch=16 depth=7 scaling_mod_size=50 first_mod_size=55 scale_bits=100 q_div=1125899906843009 active_modulus_bits=356 maximum_coefficient_bits=98 approximate_headroom_bits=258 delta_error=4.0505311902583462369925858389363944615217e-28 max_slot_error=3.0483279443720678918139126915661175789223e-28
2026-09-05T14:35:48.8741063Z 2: test=precision_dcp_rcb_high_precision_contract trial=3 security_level=HEStd_NotSet(functional-diagnostic-only) key_switch=HYBRID ckks_data_type=COMPLEX N=64 batch=16 depth=7 scaling_mod_size=50 first_mod_size=55 scale_bits=100 q_div=1125899906843009 active_modulus_bits=356 maximum_coefficient_bits=98 approximate_headroom_bits=258 delta_error=3.6948637409164209277294937805200043427846e-28 max_slot_error=4.6286152729126067863630142464045103899743e-28
2026-09-05T14:35:48.8741195Z 2: precision_dcp_rcb_high_precision_contract=PASS
2026-09-05T14:35:48.8748648Z  2/60 Test  #2: precision_dcp_rcb_high_precision_contract .......   Passed    0.06 sec
2026-09-05T14:35:48.8753720Z test 3
2026-09-05T14:35:48.8754562Z       Start  3: precision_first_mult2_high_precision_contract
2026-09-05T14:35:48.8755828Z 
2026-09-05T14:35:48.8756305Z 3: Test command: C:\openfhe-2023-1788\project-build-33971779479-1\precision_first_mult2_contract_test.exe
2026-09-05T14:35:48.8756488Z 3: Working Directory: C:/openfhe-2023-1788/project-build-33971779479-1
2026-09-05T14:35:48.8756764Z 3: Test timeout computed to be: 10000000
2026-09-05T14:35:49.0690791Z 3: test=precision_first_mult2_high_precision_contract trial=0 claim_scope=first-Mult2-diagnostic-only security_level=HEStd_NotSet(diagnostic-only) key_switch=HYBRID ckks_data_type=COMPLEX N=64 batch=16 depth=7 scaling_mod_size=50 first_mod_size=55 input_scale_numerator=2^100 final_logical_scale_numerator=2^200 final_logical_scale_denominator=1267650600226646386227681786497 q_div=1125899906843009 q_l=1125899906840833 input_product_centered_headroom_bits=160 output_centered_headroom_bits=210 coefficient_error_numerator=113651335603756416009046248004967 coefficient_error_denominator=1267650600226646386227681786497 frozen_abs_tolerance=2^-80 product_delta_error=5.2386169825420200290056735235299597185111e-28 max_slot_error=5.1178175094063187089708246461456471136514e-28
2026-09-05T14:35:49.0697417Z 3: test=precision_first_mult2_high_precision_contract trial=1 claim_scope=first-Mult2-diagnostic-only security_level=HEStd_NotSet(diagnostic-only) key_switch=HYBRID ckks_data_type=COMPLEX N=64 batch=16 depth=7 scaling_mod_size=50 first_mod_size=55 input_scale_numerator=2^100 final_logical_scale_numerator=2^200 final_logical_scale_denominator=1267650600226646386227681786497 q_div=1125899906843009 q_l=1125899906840833 input_product_centered_headroom_bits=160 output_centered_headroom_bits=210 coefficient_error_numerator=126808973564365413420695793469645 coefficient_error_denominator=1267650600226646386227681786497 frozen_abs_tolerance=2^-80 product_delta_error=6.3008424047319279884407100264386627942454e-28 max_slot_error=5.0815313462735923552696382297970732316166e-28
2026-09-05T14:35:49.0703372Z 3: test=precision_first_mult2_high_precision_contract trial=2 claim_scope=first-Mult2-diagnostic-only security_level=HEStd_NotSet(diagnostic-only) key_switch=HYBRID ckks_data_type=COMPLEX N=64 batch=16 depth=7 scaling_mod_size=50 first_mod_size=55 input_scale_numerator=2^100 final_logical_scale_numerator=2^200 final_logical_scale_denominator=1267650600226646386227681786497 q_div=1125899906843009 q_l=1125899906840833 input_product_centered_headroom_bits=160 output_centered_headroom_bits=210 coefficient_error_numerator=98060885966483247586250892184506 coefficient_error_denominator=1267650600226646386227681786497 frozen_abs_tolerance=2^-80 product_delta_error=2.3615675063412515641272061326534980578864e-28 max_slot_error=3.2770481306409903254898092310592651083468e-28
2026-09-05T14:35:49.0709078Z 3: test=precision_first_mult2_high_precision_contract trial=3 claim_scope=first-Mult2-diagnostic-only security_level=HEStd_NotSet(diagnostic-only) key_switch=HYBRID ckks_data_type=COMPLEX N=64 batch=16 depth=7 scaling_mod_size=50 first_mod_size=55 input_scale_numerator=2^100 final_logical_scale_numerator=2^200 final_logical_scale_denominator=1267650600226646386227681786497 q_div=1125899906843009 q_l=1125899906840833 input_product_centered_headroom_bits=160 output_centered_headroom_bits=210 coefficient_error_numerator=148829107725740945126643558586106 coefficient_error_denominator=1267650600226646386227681786497 frozen_abs_tolerance=2^-80 product_delta_error=3.1770026101396923458678595806253699355215e-28 max_slot_error=1.0940236540387700577009711307974043520823e-27
2026-09-05T14:35:49.0711835Z 3: precision_first_mult2_high_precision_contract=PASS
2026-09-05T14:35:49.0712293Z  3/60 Test  #3: precision_first_mult2_high_precision_contract ...   Passed    0.19 sec
2026-09-05T14:35:49.0712671Z test 4
2026-09-05T14:35:49.0712852Z       Start  4: pair_add_runtime_behavior
2026-09-05T14:35:49.0713027Z 
2026-09-05T14:35:49.0713254Z 4: Test command: C:\openfhe-2023-1788\project-build-33971779479-1\pair_add_test.exe
2026-09-05T14:35:49.0713745Z 4: Working Directory: C:/openfhe-2023-1788/project-build-33971779479-1
2026-09-05T14:35:49.0714102Z 4: Test timeout computed to be: 10000000
2026-09-05T14:35:49.0831850Z 4: pair Add runtime behavior passed
2026-09-05T14:35:49.0841763Z  4/60 Test  #4: pair_add_runtime_behavior .......................   Passed    0.01 sec
2026-09-05T14:35:49.0844943Z test 5
2026-09-05T14:35:49.0845217Z       Start  5: pair_sub_runtime_behavior
2026-09-05T14:35:49.0846346Z 
2026-09-05T14:35:49.0846905Z 5: Test command: C:\openfhe-2023-1788\project-build-33971779479-1\pair_sub_test.exe
2026-09-05T14:35:49.0847801Z 5: Working Directory: C:/openfhe-2023-1788/project-build-33971779479-1
2026-09-05T14:35:49.0848434Z 5: Test timeout computed to be: 10000000
2026-09-05T14:35:49.0966106Z 5: pair Sub runtime behavior passed
2026-09-05T14:35:49.0975533Z  5/60 Test  #5: pair_sub_runtime_behavior .......................   Passed    0.01 sec
2026-09-05T14:35:49.0978623Z test 6
2026-09-05T14:35:49.0978912Z       Start  6: pair_arithmetic_controlled_oracle
2026-09-05T14:35:49.0980040Z 
2026-09-05T14:35:49.0980565Z 6: Test command: C:\openfhe-2023-1788\project-build-33971779479-1\pair_arithmetic_test.exe "controlled_oracle"
2026-09-05T14:35:49.0981187Z 6: Working Directory: C:/openfhe-2023-1788/project-build-33971779479-1
2026-09-05T14:35:49.0981549Z 6: Test timeout computed to be: 10000000
2026-09-05T14:35:49.4140365Z 6: pair-arithmetic case passed: controlled_oracle
2026-09-05T14:35:49.4149836Z  6/60 Test  #6: pair_arithmetic_controlled_oracle ...............   Passed    0.32 sec
2026-09-05T14:35:49.4153220Z test 7
2026-09-05T14:35:49.4153517Z       Start  7: pair_arithmetic_public_lifecycles_keyless
2026-09-05T14:35:49.4154546Z 
2026-09-05T14:35:49.4155158Z 7: Test command: C:\openfhe-2023-1788\project-build-33971779479-1\pair_arithmetic_test.exe "public_lifecycles_keyless"
2026-09-05T14:35:49.4155791Z 7: Working Directory: C:/openfhe-2023-1788/project-build-33971779479-1
2026-09-05T14:35:49.4156145Z 7: Test timeout computed to be: 10000000
2026-09-05T14:35:49.7320961Z 7: pair-arithmetic case passed: public_lifecycles_keyless
2026-09-05T14:35:49.7331982Z  7/60 Test  #7: pair_arithmetic_public_lifecycles_keyless .......   Passed    0.32 sec
2026-09-05T14:35:49.7335600Z test 8
2026-09-05T14:35:49.7335960Z       Start  8: pair_arithmetic_compatibility_rejections
2026-09-05T14:35:49.7336951Z 
2026-09-05T14:35:49.7337762Z 8: Test command: C:\openfhe-2023-1788\project-build-33971779479-1\pair_arithmetic_test.exe "compatibility_rejections"
2026-09-05T14:35:49.7338415Z 8: Working Directory: C:/openfhe-2023-1788/project-build-33971779479-1
2026-09-05T14:35:49.7338776Z 8: Test timeout computed to be: 10000000
2026-09-05T14:35:49.8037058Z 8: pair-arithmetic case passed: compatibility_rejections
2026-09-05T14:35:49.8047038Z  8/60 Test  #8: pair_arithmetic_compatibility_rejections ........   Passed    0.07 sec
2026-09-05T14:35:49.8050106Z test 9
2026-09-05T14:35:49.8050447Z       Start  9: tensor2_valid_arithmetic_immutability
2026-09-05T14:35:49.8051595Z 
2026-09-05T14:35:49.8052223Z 9: Test command: C:\openfhe-2023-1788\project-build-33971779479-1\tensor2_test.exe "valid_arithmetic_immutability"
2026-09-05T14:35:49.8052859Z 9: Working Directory: C:/openfhe-2023-1788/project-build-33971779479-1
2026-09-05T14:35:49.8053231Z 9: Test timeout computed to be: 10000000
2026-09-05T14:35:49.8214777Z 9: Tensor2 case passed: valid_arithmetic_immutability
2026-09-05T14:35:49.8223654Z  9/60 Test  #9: tensor2_valid_arithmetic_immutability ...........   Passed    0.02 sec
2026-09-05T14:35:49.8226637Z test 10
2026-09-05T14:35:49.8226982Z       Start 10: tensor2_result_scale_contract
2026-09-05T14:35:49.8228001Z 
2026-09-05T14:35:49.8228594Z 10: Test command: C:\openfhe-2023-1788\project-build-33971779479-1\tensor2_test.exe "result_scale_contract"
2026-09-05T14:35:49.8229199Z 10: Working Directory: C:/openfhe-2023-1788/project-build-33971779479-1
2026-09-05T14:35:49.8229564Z 10: Test timeout computed to be: 10000000
2026-09-05T14:35:49.8349144Z 10: Tensor2 case passed: result_scale_contract
2026-09-05T14:35:49.8358691Z 10/60 Test #10: tensor2_result_scale_contract ...................   Passed    0.01 sec
2026-09-05T14:35:49.8361677Z test 11
2026-09-05T14:35:49.8362011Z       Start 11: tensor2_right_input_validation
2026-09-05T14:35:49.8363014Z 
2026-09-05T14:35:49.8363554Z 11: Test command: C:\openfhe-2023-1788\project-build-33971779479-1\tensor2_test.exe "right_input_validation"
2026-09-05T14:35:49.8364370Z 11: Working Directory: C:/openfhe-2023-1788/project-build-33971779479-1
2026-09-05T14:35:49.8364734Z 11: Test timeout computed to be: 10000000
2026-09-05T14:35:49.8475573Z 11: Tensor2 case passed: right_input_validation
2026-09-05T14:35:49.8485264Z 11/60 Test #11: tensor2_right_input_validation ..................   Passed    0.01 sec
2026-09-05T14:35:49.8488758Z test 12
2026-09-05T14:35:49.8489065Z       Start 12: tensor2_mutual_compatibility
2026-09-05T14:35:49.8490078Z 
2026-09-05T14:35:49.8490671Z 12: Test command: C:\openfhe-2023-1788\project-build-33971779479-1\tensor2_test.exe "mutual_compatibility"
2026-09-05T14:35:49.8491275Z 12: Working Directory: C:/openfhe-2023-1788/project-build-33971779479-1
2026-09-05T14:35:49.8491635Z 12: Test timeout computed to be: 10000000
2026-09-05T14:35:49.8606710Z 12: Tensor2 case passed: mutual_compatibility
2026-09-05T14:35:49.8615973Z 12/60 Test #12: tensor2_mutual_compatibility ....................   Passed    0.01 sec
2026-09-05T14:35:49.8619288Z test 13
2026-09-05T14:35:49.8619709Z       Start 13: tensor2_prearithmetic_key_compatibility
2026-09-05T14:35:49.8620644Z 
2026-09-05T14:35:49.8621383Z 13: Test command: C:\openfhe-2023-1788\project-build-33971779479-1\tensor2_test.exe "prearithmetic_key_compatibility"
2026-09-05T14:35:49.8622047Z 13: Working Directory: C:/openfhe-2023-1788/project-build-33971779479-1
2026-09-05T14:35:49.8622416Z 13: Test timeout computed to be: 10000000
2026-09-05T14:35:49.8747432Z 13: Tensor2 case passed: prearithmetic_key_compatibility
2026-09-05T14:35:49.8757421Z 13/60 Test #13: tensor2_prearithmetic_key_compatibility .........   Passed    0.01 sec
2026-09-05T14:35:49.8760846Z test 14
2026-09-05T14:35:49.8761285Z       Start 14: relin2_tensor_validation_order
2026-09-05T14:35:49.8762501Z 
2026-09-05T14:35:49.8763128Z 14: Test command: C:\openfhe-2023-1788\project-build-33971779479-1\relin2_test.exe "tensor_validation_order"
2026-09-05T14:35:49.8764375Z 14: Working Directory: C:/openfhe-2023-1788/project-build-33971779479-1
2026-09-05T14:35:49.8764991Z 14: Test timeout computed to be: 10000000
2026-09-05T14:35:49.8883356Z 14: Relin2 case passed: tensor_validation_order
2026-09-05T14:35:49.8892857Z 14/60 Test #14: relin2_tensor_validation_order ..................   Passed    0.01 sec
2026-09-05T14:35:49.8895759Z test 15
2026-09-05T14:35:49.8896083Z       Start 15: relin2_insufficient_active_basis
2026-09-05T14:35:49.8897000Z 
2026-09-05T14:35:49.8897609Z 15: Test command: C:\openfhe-2023-1788\project-build-33971779479-1\relin2_test.exe "insufficient_active_basis"
2026-09-05T14:35:49.8898221Z 15: Working Directory: C:/openfhe-2023-1788/project-build-33971779479-1
2026-09-05T14:35:49.8898584Z 15: Test timeout computed to be: 10000000
2026-09-05T14:35:49.9008157Z 15: Relin2 case passed: insufficient_active_basis
2026-09-05T14:35:49.9017450Z 15/60 Test #15: relin2_insufficient_active_basis ................   Passed    0.01 sec
2026-09-05T14:35:49.9020447Z test 16
2026-09-05T14:35:49.9020731Z       Start 16: relin2_missing_eval_key
2026-09-05T14:35:49.9021724Z 
2026-09-05T14:35:49.9022329Z 16: Test command: C:\openfhe-2023-1788\project-build-33971779479-1\relin2_test.exe "missing_eval_key"
2026-09-05T14:35:49.9023095Z 16: Working Directory: C:/openfhe-2023-1788/project-build-33971779479-1
2026-09-05T14:35:49.9023459Z 16: Test timeout computed to be: 10000000
2026-09-05T14:35:49.9142069Z 16: Relin2 case passed: missing_eval_key
2026-09-05T14:35:49.9151170Z 16/60 Test #16: relin2_missing_eval_key .........................   Passed    0.01 sec
2026-09-05T14:35:49.9154144Z test 17
2026-09-05T14:35:49.9154410Z       Start 17: relin2_key_empty
2026-09-05T14:35:49.9155434Z 
2026-09-05T14:35:49.9155951Z 17: Test command: C:\openfhe-2023-1788\project-build-33971779479-1\relin2_test.exe "key_empty"
2026-09-05T14:35:49.9156842Z 17: Working Directory: C:/openfhe-2023-1788/project-build-33971779479-1
2026-09-05T14:35:49.9157210Z 17: Test timeout computed to be: 10000000
2026-09-05T14:35:49.9278127Z 17: Relin2 case passed: key_empty
2026-09-05T14:35:49.9287595Z 17/60 Test #17: relin2_key_empty ................................   Passed    0.01 sec
2026-09-05T14:35:49.9290572Z test 18
2026-09-05T14:35:49.9290859Z       Start 18: relin2_key_null_first
2026-09-05T14:35:49.9291878Z 
2026-09-05T14:35:49.9292520Z 18: Test command: C:\openfhe-2023-1788\project-build-33971779479-1\relin2_test.exe "key_null_first"
2026-09-05T14:35:49.9293118Z 18: Working Directory: C:/openfhe-2023-1788/project-build-33971779479-1
2026-09-05T14:35:49.9293487Z 18: Test timeout computed to be: 10000000
2026-09-05T14:35:49.9413305Z 18: Relin2 case passed: key_null_first
2026-09-05T14:35:49.9422405Z 18/60 Test #18: relin2_key_null_first ...........................   Passed    0.01 sec
2026-09-05T14:35:49.9425340Z test 19
2026-09-05T14:35:49.9425639Z       Start 19: relin2_key_wrong_context
2026-09-05T14:35:49.9426587Z 
2026-09-05T14:35:49.9427241Z 19: Test command: C:\openfhe-2023-1788\project-build-33971779479-1\relin2_test.exe "key_wrong_context"
2026-09-05T14:35:49.9427836Z 19: Working Directory: C:/openfhe-2023-1788/project-build-33971779479-1
2026-09-05T14:35:49.9428195Z 19: Test timeout computed to be: 10000000
2026-09-05T14:35:49.9571449Z 19: Relin2 case passed: key_wrong_context
2026-09-05T14:35:49.9580341Z 19/60 Test #19: relin2_key_wrong_context ........................   Passed    0.02 sec
2026-09-05T14:35:49.9583355Z test 20
2026-09-05T14:35:49.9583628Z       Start 20: relin2_key_wrong_tag
2026-09-05T14:35:49.9584670Z 
2026-09-05T14:35:49.9585221Z 20: Test command: C:\openfhe-2023-1788\project-build-33971779479-1\relin2_test.exe "key_wrong_tag"
2026-09-05T14:35:49.9585948Z 20: Working Directory: C:/openfhe-2023-1788/project-build-33971779479-1
2026-09-05T14:35:49.9586317Z 20: Test timeout computed to be: 10000000
2026-09-05T14:35:49.9715816Z 20: Relin2 case passed: key_wrong_tag
2026-09-05T14:35:49.9724895Z 20/60 Test #20: relin2_key_wrong_tag ............................   Passed    0.01 sec
2026-09-05T14:35:49.9727736Z test 21
2026-09-05T14:35:49.9728016Z       Start 21: relin2_key_wrong_subtype
2026-09-05T14:35:49.9729008Z 
2026-09-05T14:35:49.9729584Z 21: Test command: C:\openfhe-2023-1788\project-build-33971779479-1\relin2_test.exe "key_wrong_subtype"
2026-09-05T14:35:49.9730311Z 21: Working Directory: C:/openfhe-2023-1788/project-build-33971779479-1
2026-09-05T14:35:49.9730674Z 21: Test timeout computed to be: 10000000
2026-09-05T14:35:49.9911499Z 21: Relin2 case passed: key_wrong_subtype
2026-09-05T14:35:49.9920966Z 21/60 Test #21: relin2_key_wrong_subtype ........................   Passed    0.02 sec
2026-09-05T14:35:49.9924063Z test 22
2026-09-05T14:35:49.9924409Z       Start 22: relin2_key_hybrid_a_length
2026-09-05T14:35:49.9925584Z 
2026-09-05T14:35:49.9926216Z 22: Test command: C:\openfhe-2023-1788\project-build-33971779479-1\relin2_test.exe "key_hybrid_a_length"
2026-09-05T14:35:49.9926976Z 22: Working Directory: C:/openfhe-2023-1788/project-build-33971779479-1
2026-09-05T14:35:49.9927353Z 22: Test timeout computed to be: 10000000
2026-09-05T14:35:50.0054110Z 22: Relin2 case passed: key_hybrid_a_length
2026-09-05T14:35:50.0063242Z 22/60 Test #22: relin2_key_hybrid_a_length ......................   Passed    0.01 sec
2026-09-05T14:35:50.0066246Z test 23
2026-09-05T14:35:50.0066540Z       Start 23: relin2_key_hybrid_b_length
2026-09-05T14:35:50.0067447Z 
2026-09-05T14:35:50.0068068Z 23: Test command: C:\openfhe-2023-1788\project-build-33971779479-1\relin2_test.exe "key_hybrid_b_length"
2026-09-05T14:35:50.0068837Z 23: Working Directory: C:/openfhe-2023-1788/project-build-33971779479-1
2026-09-05T14:35:50.0069222Z 23: Test timeout computed to be: 10000000
2026-09-05T14:35:50.0202095Z 23: Relin2 case passed: key_hybrid_b_length
2026-09-05T14:35:50.0211118Z 23/60 Test #23: relin2_key_hybrid_b_length ......................   Passed    0.01 sec
2026-09-05T14:35:50.0214153Z test 24
2026-09-05T14:35:50.0214458Z       Start 24: relin2_key_hybrid_entry_basis
2026-09-05T14:35:50.0215369Z 
2026-09-05T14:35:50.0215990Z 24: Test command: C:\openfhe-2023-1788\project-build-33971779479-1\relin2_test.exe "key_hybrid_entry_basis"
2026-09-05T14:35:50.0216598Z 24: Working Directory: C:/openfhe-2023-1788/project-build-33971779479-1
2026-09-05T14:35:50.0216956Z 24: Test timeout computed to be: 10000000
2026-09-05T14:35:50.0397139Z 24: Relin2 case passed: key_hybrid_entry_basis
2026-09-05T14:35:50.0406676Z 24/60 Test #24: relin2_key_hybrid_entry_basis ...................   Passed    0.02 sec
2026-09-05T14:35:50.0409774Z test 25
2026-09-05T14:35:50.0410083Z       Start 25: relin2_key_hybrid_entry_format
2026-09-05T14:35:50.0411068Z 
2026-09-05T14:35:50.0411711Z 25: Test command: C:\openfhe-2023-1788\project-build-33971779479-1\relin2_test.exe "key_hybrid_entry_format"
2026-09-05T14:35:50.0412472Z 25: Working Directory: C:/openfhe-2023-1788/project-build-33971779479-1
2026-09-05T14:35:50.0412873Z 25: Test timeout computed to be: 10000000
2026-09-05T14:35:50.0595014Z 25: Relin2 case passed: key_hybrid_entry_format
2026-09-05T14:35:50.0604490Z 25/60 Test #25: relin2_key_hybrid_entry_format ..................   Passed    0.02 sec
2026-09-05T14:35:50.0608184Z test 26
2026-09-05T14:35:50.0608519Z       Start 26: relin2_key_bv_zero_digit_a_length
2026-09-05T14:35:50.0609492Z 
2026-09-05T14:35:50.0610095Z 26: Test command: C:\openfhe-2023-1788\project-build-33971779479-1\relin2_test.exe "key_bv_zero_digit_a_length"
2026-09-05T14:35:50.0610737Z 26: Working Directory: C:/openfhe-2023-1788/project-build-33971779479-1
2026-09-05T14:35:50.0611116Z 26: Test timeout computed to be: 10000000
2026-09-05T14:35:50.0753832Z 26: Relin2 case passed: key_bv_zero_digit_a_length
2026-09-05T14:35:50.0763544Z 26/60 Test #26: relin2_key_bv_zero_digit_a_length ...............   Passed    0.02 sec
2026-09-05T14:35:50.0766810Z test 27
2026-09-05T14:35:50.0767146Z       Start 27: relin2_key_bv_zero_digit_b_length
2026-09-05T14:35:50.0768075Z 
2026-09-05T14:35:50.0768877Z 27: Test command: C:\openfhe-2023-1788\project-build-33971779479-1\relin2_test.exe "key_bv_zero_digit_b_length"
2026-09-05T14:35:50.0769517Z 27: Working Directory: C:/openfhe-2023-1788/project-build-33971779479-1
2026-09-05T14:35:50.0769885Z 27: Test timeout computed to be: 10000000
2026-09-05T14:35:50.0910616Z 27: Relin2 case passed: key_bv_zero_digit_b_length
2026-09-05T14:35:50.0920671Z 27/60 Test #27: relin2_key_bv_zero_digit_b_length ...............   Passed    0.01 sec
2026-09-05T14:35:50.0923728Z test 28
2026-09-05T14:35:50.0924072Z       Start 28: relin2_key_bv_nonzero_digit_a_length
2026-09-05T14:35:50.0924994Z 
2026-09-05T14:35:50.0925591Z 28: Test command: C:\openfhe-2023-1788\project-build-33971779479-1\relin2_test.exe "key_bv_nonzero_digit_a_length"
2026-09-05T14:35:50.0926213Z 28: Working Directory: C:/openfhe-2023-1788/project-build-33971779479-1
2026-09-05T14:35:50.0926598Z 28: Test timeout computed to be: 10000000
2026-09-05T14:35:50.1110745Z 28: Relin2 case passed: key_bv_nonzero_digit_a_length
2026-09-05T14:35:50.1119742Z 28/60 Test #28: relin2_key_bv_nonzero_digit_a_length ............   Passed    0.02 sec
2026-09-05T14:35:50.1122778Z test 29
2026-09-05T14:35:50.1123120Z       Start 29: relin2_key_bv_nonzero_digit_b_length
2026-09-05T14:35:50.1124044Z 
2026-09-05T14:35:50.1124634Z 29: Test command: C:\openfhe-2023-1788\project-build-33971779479-1\relin2_test.exe "key_bv_nonzero_digit_b_length"
2026-09-05T14:35:50.1125251Z 29: Working Directory: C:/openfhe-2023-1788/project-build-33971779479-1
2026-09-05T14:35:50.1125617Z 29: Test timeout computed to be: 10000000
2026-09-05T14:35:50.1308643Z 29: Relin2 case passed: key_bv_nonzero_digit_b_length
2026-09-05T14:35:50.1318614Z 29/60 Test #29: relin2_key_bv_nonzero_digit_b_length ............   Passed    0.02 sec
2026-09-05T14:35:50.1321557Z test 30
2026-09-05T14:35:50.1321892Z       Start 30: relin2_key_bv_zero_digit_entry_basis
2026-09-05T14:35:50.1322595Z 
2026-09-05T14:35:50.1323132Z 30: Test command: C:\openfhe-2023-1788\project-build-33971779479-1\relin2_test.exe "key_bv_zero_digit_entry_basis"
2026-09-05T14:35:50.1323750Z 30: Working Directory: C:/openfhe-2023-1788/project-build-33971779479-1
2026-09-05T14:35:50.1324107Z 30: Test timeout computed to be: 10000000
2026-09-05T14:35:50.1463996Z 30: Relin2 case passed: key_bv_zero_digit_entry_basis
2026-09-05T14:35:50.1473234Z 30/60 Test #30: relin2_key_bv_zero_digit_entry_basis ............   Passed    0.01 sec
2026-09-05T14:35:50.1476167Z test 31
2026-09-05T14:35:50.1476504Z       Start 31: relin2_key_bv_nonzero_digit_entry_basis
2026-09-05T14:35:50.1477428Z 
2026-09-05T14:35:50.1478034Z 31: Test command: C:\openfhe-2023-1788\project-build-33971779479-1\relin2_test.exe "key_bv_nonzero_digit_entry_basis"
2026-09-05T14:35:50.1478677Z 31: Working Directory: C:/openfhe-2023-1788/project-build-33971779479-1
2026-09-05T14:35:50.1479046Z 31: Test timeout computed to be: 10000000
2026-09-05T14:35:50.1663017Z 31: Relin2 case passed: key_bv_nonzero_digit_entry_basis
2026-09-05T14:35:50.1672367Z 31/60 Test #31: relin2_key_bv_nonzero_digit_entry_basis .........   Passed    0.02 sec
2026-09-05T14:35:50.1675626Z test 32
2026-09-05T14:35:50.1675968Z       Start 32: relin2_key_bv_zero_digit_entry_format
2026-09-05T14:35:50.1676911Z 
2026-09-05T14:35:50.1677552Z 32: Test command: C:\openfhe-2023-1788\project-build-33971779479-1\relin2_test.exe "key_bv_zero_digit_entry_format"
2026-09-05T14:35:50.1678191Z 32: Working Directory: C:/openfhe-2023-1788/project-build-33971779479-1
2026-09-05T14:35:50.1678547Z 32: Test timeout computed to be: 10000000
2026-09-05T14:35:50.1823597Z 32: Relin2 case passed: key_bv_zero_digit_entry_format
2026-09-05T14:35:50.1833051Z 32/60 Test #32: relin2_key_bv_zero_digit_entry_format ...........   Passed    0.02 sec
2026-09-05T14:35:50.1835970Z test 33
2026-09-05T14:35:50.1836323Z       Start 33: relin2_key_bv_nonzero_digit_entry_format
2026-09-05T14:35:50.1837216Z 
2026-09-05T14:35:50.1838033Z 33: Test command: C:\openfhe-2023-1788\project-build-33971779479-1\relin2_test.exe "key_bv_nonzero_digit_entry_format"
2026-09-05T14:35:50.1838683Z 33: Working Directory: C:/openfhe-2023-1788/project-build-33971779479-1
2026-09-05T14:35:50.1839054Z 33: Test timeout computed to be: 10000000
2026-09-05T14:35:50.2025491Z 33: Relin2 case passed: key_bv_nonzero_digit_entry_format
2026-09-05T14:35:50.2034421Z 33/60 Test #33: relin2_key_bv_nonzero_digit_entry_format ........   Passed    0.02 sec
2026-09-05T14:35:50.2037426Z test 34
2026-09-05T14:35:50.2037789Z       Start 34: relin2_valid_arithmetic_state_immutability
2026-09-05T14:35:50.2038668Z 
2026-09-05T14:35:50.2039311Z 34: Test command: C:\openfhe-2023-1788\project-build-33971779479-1\relin2_test.exe "valid_arithmetic_state_immutability"
2026-09-05T14:35:50.2039958Z 34: Working Directory: C:/openfhe-2023-1788/project-build-33971779479-1
2026-09-05T14:35:50.2040335Z 34: Test timeout computed to be: 10000000
2026-09-05T14:35:50.2364291Z 34: Relin2 case passed: valid_arithmetic_state_immutability
2026-09-05T14:35:50.2373645Z 34/60 Test #34: relin2_valid_arithmetic_state_immutability ......   Passed    0.03 sec
2026-09-05T14:35:50.2376570Z test 35
2026-09-05T14:35:50.2376934Z       Start 35: relin2_controlled_witnesses_and_boundaries
2026-09-05T14:35:50.2377832Z 
2026-09-05T14:35:50.2378468Z 35: Test command: C:\openfhe-2023-1788\project-build-33971779479-1\relin2_test.exe "controlled_witnesses_and_boundaries"
2026-09-05T14:35:50.2379111Z 35: Working Directory: C:/openfhe-2023-1788/project-build-33971779479-1
2026-09-05T14:35:50.2379513Z 35: Test timeout computed to be: 10000000
2026-09-05T14:35:50.2642137Z 35: Relin2 case passed: controlled_witnesses_and_boundaries
2026-09-05T14:35:50.2651289Z 35/60 Test #35: relin2_controlled_witnesses_and_boundaries ......   Passed    0.03 sec
2026-09-05T14:35:50.2654728Z test 36
2026-09-05T14:35:50.2655059Z       Start 36: relin2_representative_public_input
2026-09-05T14:35:50.2656133Z 
2026-09-05T14:35:50.2656730Z 36: Test command: C:\openfhe-2023-1788\project-build-33971779479-1\relin2_test.exe "representative_public_input"
2026-09-05T14:35:50.2657351Z 36: Working Directory: C:/openfhe-2023-1788/project-build-33971779479-1
2026-09-05T14:35:50.2657715Z 36: Test timeout computed to be: 10000000
2026-09-05T14:35:50.2978753Z 36: Relin2 case passed: representative_public_input
2026-09-05T14:35:50.2987703Z 36/60 Test #36: relin2_representative_public_input ..............   Passed    0.03 sec
2026-09-05T14:35:50.2990754Z test 37
2026-09-05T14:35:50.2991042Z       Start 37: relin2_key_extra_later_valid
2026-09-05T14:35:50.2992029Z 
2026-09-05T14:35:50.2992652Z 37: Test command: C:\openfhe-2023-1788\project-build-33971779479-1\relin2_test.exe "key_extra_later_valid"
2026-09-05T14:35:50.2993436Z 37: Working Directory: C:/openfhe-2023-1788/project-build-33971779479-1
2026-09-05T14:35:50.2993802Z 37: Test timeout computed to be: 10000000
2026-09-05T14:35:50.3324413Z 37: Relin2 case passed: key_extra_later_valid
2026-09-05T14:35:50.3333725Z 37/60 Test #37: relin2_key_extra_later_valid ....................   Passed    0.03 sec
2026-09-05T14:35:50.3336693Z test 38
2026-09-05T14:35:50.3337024Z       Start 38: relin2_key_malformed_later_ignored
2026-09-05T14:35:50.3337930Z 
2026-09-05T14:35:50.3338558Z 38: Test command: C:\openfhe-2023-1788\project-build-33971779479-1\relin2_test.exe "key_malformed_later_ignored"
2026-09-05T14:35:50.3339170Z 38: Working Directory: C:/openfhe-2023-1788/project-build-33971779479-1
2026-09-05T14:35:50.3339545Z 38: Test timeout computed to be: 10000000
2026-09-05T14:35:50.3668694Z 38: Relin2 case passed: key_malformed_later_ignored
2026-09-05T14:35:50.3678383Z 38/60 Test #38: relin2_key_malformed_later_ignored ..............   Passed    0.03 sec
2026-09-05T14:35:50.3681493Z test 39
2026-09-05T14:35:50.3681775Z       Start 39: relin2_hybrid_valid_shapes
2026-09-05T14:35:50.3682763Z 
2026-09-05T14:35:50.3683360Z 39: Test command: C:\openfhe-2023-1788\project-build-33971779479-1\relin2_test.exe "hybrid_valid_shapes"
2026-09-05T14:35:50.3684148Z 39: Working Directory: C:/openfhe-2023-1788/project-build-33971779479-1
2026-09-05T14:35:50.3684539Z 39: Test timeout computed to be: 10000000
2026-09-05T14:35:50.4009607Z 39: Relin2 case passed: hybrid_valid_shapes
2026-09-05T14:35:50.4018868Z 39/60 Test #39: relin2_hybrid_valid_shapes ......................   Passed    0.03 sec
2026-09-05T14:35:50.4021961Z test 40
2026-09-05T14:35:50.4022282Z       Start 40: relin2_bv_zero_digit_valid_shapes
2026-09-05T14:35:50.4023252Z 
2026-09-05T14:35:50.4023850Z 40: Test command: C:\openfhe-2023-1788\project-build-33971779479-1\relin2_test.exe "bv_zero_digit_valid_shapes"
2026-09-05T14:35:50.4024454Z 40: Working Directory: C:/openfhe-2023-1788/project-build-33971779479-1
2026-09-05T14:35:50.4024814Z 40: Test timeout computed to be: 10000000
2026-09-05T14:35:50.4295147Z 40: Relin2 case passed: bv_zero_digit_valid_shapes
2026-09-05T14:35:50.4304610Z 40/60 Test #40: relin2_bv_zero_digit_valid_shapes ...............   Passed    0.03 sec
2026-09-05T14:35:50.4307699Z test 41
2026-09-05T14:35:50.4308048Z       Start 41: relin2_bv_nonzero_digit_valid_shapes
2026-09-05T14:35:50.4308961Z 
2026-09-05T14:35:50.4309568Z 41: Test command: C:\openfhe-2023-1788\project-build-33971779479-1\relin2_test.exe "bv_nonzero_digit_valid_shapes"
2026-09-05T14:35:50.4310192Z 41: Working Directory: C:/openfhe-2023-1788/project-build-33971779479-1
2026-09-05T14:35:50.4310556Z 41: Test timeout computed to be: 10000000
2026-09-05T14:35:50.4668202Z 41: Relin2 case passed: bv_nonzero_digit_valid_shapes
2026-09-05T14:35:50.4677658Z 41/60 Test #41: relin2_bv_nonzero_digit_valid_shapes ............   Passed    0.04 sec
2026-09-05T14:35:50.4680610Z test 42
2026-09-05T14:35:50.4680951Z       Start 42: relin2_first_recombined_rcb_validation
2026-09-05T14:35:50.4681860Z 
2026-09-05T14:35:50.4682563Z 42: Test command: C:\openfhe-2023-1788\project-build-33971779479-1\relin2_test.exe "first_recombined_rcb_validation"
2026-09-05T14:35:50.4683519Z 42: Working Directory: C:/openfhe-2023-1788/project-build-33971779479-1
2026-09-05T14:35:50.4683888Z 42: Test timeout computed to be: 10000000
2026-09-05T14:35:50.4786018Z 42: Relin2 case passed: first_recombined_rcb_validation
2026-09-05T14:35:50.4795364Z 42/60 Test #42: relin2_first_recombined_rcb_validation ..........   Passed    0.01 sec
2026-09-05T14:35:50.4798307Z test 43
2026-09-05T14:35:50.4798677Z       Start 43: relin2_first_recombined_tensor2_validation
2026-09-05T14:35:50.4799546Z 
2026-09-05T14:35:50.4800268Z 43: Test command: C:\openfhe-2023-1788\project-build-33971779479-1\relin2_test.exe "first_recombined_tensor2_validation"
2026-09-05T14:35:50.4801015Z 43: Working Directory: C:/openfhe-2023-1788/project-build-33971779479-1
2026-09-05T14:35:50.4801398Z 43: Test timeout computed to be: 10000000
2026-09-05T14:35:50.4907837Z 43: Relin2 case passed: first_recombined_tensor2_validation
2026-09-05T14:35:50.4917426Z 43/60 Test #43: relin2_first_recombined_tensor2_validation ......   Passed    0.01 sec
2026-09-05T14:35:50.4920385Z test 44
2026-09-05T14:35:50.4920756Z       Start 44: relin2_tensor2_requires_first_lifecycle
2026-09-05T14:35:50.4921547Z 
2026-09-05T14:35:50.4922117Z 44: Test command: C:\openfhe-2023-1788\project-build-33971779479-1\relin2_test.exe "tensor2_requires_first_lifecycle"
2026-09-05T14:35:50.4922769Z 44: Working Directory: C:/openfhe-2023-1788/project-build-33971779479-1
2026-09-05T14:35:50.4923138Z 44: Test timeout computed to be: 10000000
2026-09-05T14:35:50.5097151Z 44: Relin2 case passed: tensor2_requires_first_lifecycle
2026-09-05T14:35:50.5106417Z 44/60 Test #44: relin2_tensor2_requires_first_lifecycle .........   Passed    0.02 sec
2026-09-05T14:35:50.5109387Z test 45
2026-09-05T14:35:50.5109665Z       Start 45: rs2_wrong_lifecycle
2026-09-05T14:35:50.5110821Z 
2026-09-05T14:35:50.5111491Z 45: Test command: C:\openfhe-2023-1788\project-build-33971779479-1\rs2_test.exe "wrong_lifecycle"
2026-09-05T14:35:50.5112492Z 45: Working Directory: C:/openfhe-2023-1788/project-build-33971779479-1
2026-09-05T14:35:50.5113329Z 45: Test timeout computed to be: 10000000
2026-09-05T14:35:50.5205869Z 45: RS2 case passed: wrong_lifecycle
2026-09-05T14:35:50.5214969Z 45/60 Test #45: rs2_wrong_lifecycle .............................   Passed    0.01 sec
2026-09-05T14:35:50.5217970Z test 46
2026-09-05T14:35:50.5218315Z       Start 46: rs2_valid_arithmetic_state_immutability
2026-09-05T14:35:50.5219207Z 
2026-09-05T14:35:50.5219935Z 46: Test command: C:\openfhe-2023-1788\project-build-33971779479-1\rs2_test.exe "valid_arithmetic_state_immutability"
2026-09-05T14:35:50.5220690Z 46: Working Directory: C:/openfhe-2023-1788/project-build-33971779479-1
2026-09-05T14:35:50.5221050Z 46: Test timeout computed to be: 10000000
2026-09-05T14:35:50.5430417Z 46: RS2 case passed: valid_arithmetic_state_immutability
2026-09-05T14:35:50.5440678Z 46/60 Test #46: rs2_valid_arithmetic_state_immutability .........   Passed    0.02 sec
2026-09-05T14:35:50.5443655Z test 47
2026-09-05T14:35:50.5443949Z       Start 47: rs2_mixed_tower_format
2026-09-05T14:35:50.5444878Z 
2026-09-05T14:35:50.5445459Z 47: Test command: C:\openfhe-2023-1788\project-build-33971779479-1\rs2_test.exe "mixed_tower_format"
2026-09-05T14:35:50.5446175Z 47: Working Directory: C:/openfhe-2023-1788/project-build-33971779479-1
2026-09-05T14:35:50.5446535Z 47: Test timeout computed to be: 10000000
2026-09-05T14:35:50.5662267Z 47: RS2 case passed: mixed_tower_format
2026-09-05T14:35:50.5672190Z 47/60 Test #47: rs2_mixed_tower_format ..........................   Passed    0.02 sec
2026-09-05T14:35:50.5684038Z test 48
2026-09-05T14:35:50.5684413Z       Start 48: rs2_untouched_public_pipeline
2026-09-05T14:35:50.5684686Z 
2026-09-05T14:35:50.5685022Z 48: Test command: C:\openfhe-2023-1788\project-build-33971779479-1\rs2_test.exe "untouched_public_pipeline"
2026-09-05T14:35:50.5685761Z 48: Working Directory: C:/openfhe-2023-1788/project-build-33971779479-1
2026-09-05T14:35:50.5686351Z 48: Test timeout computed to be: 10000000
2026-09-05T14:35:50.5982253Z 48: RS2 case passed: untouched_public_pipeline
2026-09-05T14:35:50.5991384Z 48/60 Test #48: rs2_untouched_public_pipeline ...................   Passed    0.03 sec
2026-09-05T14:35:50.5994384Z test 49
2026-09-05T14:35:50.5994677Z       Start 49: rs2_declared_basis_mismatch
2026-09-05T14:35:50.5995663Z 
2026-09-05T14:35:50.5996244Z 49: Test command: C:\openfhe-2023-1788\project-build-33971779479-1\rs2_test.exe "declared_basis_mismatch"
2026-09-05T14:35:50.5996978Z 49: Working Directory: C:/openfhe-2023-1788/project-build-33971779479-1
2026-09-05T14:35:50.5997360Z 49: Test timeout computed to be: 10000000
2026-09-05T14:35:50.6211727Z 49: RS2 case passed: declared_basis_mismatch
2026-09-05T14:35:50.6221154Z 49/60 Test #49: rs2_declared_basis_mismatch .....................   Passed    0.02 sec
2026-09-05T14:35:50.6224262Z test 50
2026-09-05T14:35:50.6224574Z       Start 50: rs2_terminal_rejections
2026-09-05T14:35:50.6225511Z 
2026-09-05T14:35:50.6226066Z 50: Test command: C:\openfhe-2023-1788\project-build-33971779479-1\rs2_test.exe "terminal_rejections"
2026-09-05T14:35:50.6226808Z 50: Working Directory: C:/openfhe-2023-1788/project-build-33971779479-1
2026-09-05T14:35:50.6227229Z 50: Test timeout computed to be: 10000000
2026-09-05T14:35:50.6400422Z 50: RS2 case passed: terminal_rejections
2026-09-05T14:35:50.6409593Z 50/60 Test #50: rs2_terminal_rejections .........................   Passed    0.02 sec
2026-09-05T14:35:50.6412887Z test 51
2026-09-05T14:35:50.6413199Z       Start 51: mult2_composition_contract
2026-09-05T14:35:50.6414366Z 
2026-09-05T14:35:50.6415092Z 51: Test command: C:\openfhe-2023-1788\project-build-33971779479-1\mult2_test.exe "composition_contract"
2026-09-05T14:35:50.6416167Z 51: Working Directory: C:/openfhe-2023-1788/project-build-33971779479-1
2026-09-05T14:35:50.6416823Z 51: Test timeout computed to be: 10000000
2026-09-05T14:35:50.6631110Z 51: security_level=HEStd_NotSet(functional-only) ring_dimension=64 batch_size=16 scaling_mod_size=30 first_mod_size=35 multiplicative_depth=7 key_switch=HYBRID secret_key_dist=UNIFORM_TERNARY ckks_data_type=REAL active_Q_l_towers=7 q_div=1073741953 q_l=1073741441 ratio_2^(2p)/(q_div*q_l)=1.00000023655603276 frozen_decoded_abs_tolerance=0.00100000000000000002 measured_max_logical_slot_error=1.0932109096644191e-08
2026-09-05T14:35:50.6640112Z 51/60 Test #51: mult2_composition_contract ......................   Passed    0.02 sec
2026-09-05T14:35:50.6643442Z test 52
2026-09-05T14:35:50.6643737Z       Start 52: mult2_e2e_hybrid_real
2026-09-05T14:35:50.6644999Z 
2026-09-05T14:35:50.6645714Z 52: Test command: C:\openfhe-2023-1788\project-build-33971779479-1\mult2_e2e_oracle_test.exe "hybrid_real"
2026-09-05T14:35:50.6646795Z 52: Working Directory: C:/openfhe-2023-1788/project-build-33971779479-1
2026-09-05T14:35:50.6647454Z 52: Test timeout computed to be: 10000000
2026-09-05T14:35:50.7343729Z 52: [RELIN2-EXECUTION] q_div=1073741953 q_l=1073741441 ordinary_combined_relin_execution_error=18 pair_relin_execution_error=35 high_path_relin_error=17 low_path_relin_error=20 execution_relin2_triangle_bound=37 paper_additivity_residual=20 paper_additivity_execution_observed=true secret_h=47 input_Q_l=52656049226897061758347970843194892279389197066160739197584863617 oracle_basis_agreement=true
2026-09-05T14:35:50.7350505Z 52: case=hybrid_real security_level=HEStd_NotSet(functional-only) key_switch=HYBRID secret_key_dist=UNIFORM_TERNARY ckks_data_type=REAL selected_ring_dimension=64 actual_N=64 batch_size=16 host_vector_length=8 encoding_noise_scale_degree=2 encoding_level=0 scaling_technique=FIXEDMANUAL digit_size=0 max_relin_sk_deg=2 scaling_mod_size=30 first_mod_size=35 multiplicative_depth=7 active_Q_l_towers=7 Q_l_bits=215 preselection_required_bits=174 selection_reserve_bits=32 q_div=1073741953 q_l=1073741441 ratio_2^(2p)/(q_div*q_l)=1.00000023655603276 descriptor_ratio=1.00000023655603276 M_high=107367069 M_low=5454178826 secret_h=47 ordinary_combined_relin_execution_error=18 pair_relin_execution_error=35 high_path_relin_error=17 low_path_relin_error=20 execution_relin2_triangle_bound=37 paper_additivity_residual=20 paper_additivity_execution_observed=true execution_certificate=PER_PATH_CONDITIONAL conservative_E_Relin_available=false universal_theorem_gate=UNPROVED execution_nonwrap_left=850593489579496119152191102779128933 execution_nonwrap_right_Q_l_over_2=26328024613448530879173985421597446139694598533080369598792431808 coefficient_error=101019895156958731307/1152921231876374273 execution_bound=3863092752455825368954/2305842463752748546 fixed_key_bv_bound_available=false frozen_decoded_abs_tolerance=0.00100000000000000002 measured_recorded_bias_error=8.91251052473340799e-09 measured_logical_slot_error=8.9125084153096612e-09
2026-09-05T14:35:50.7359918Z 52/60 Test #52: mult2_e2e_hybrid_real ...........................   Passed    0.07 sec
2026-09-05T14:35:50.7360579Z test 53
2026-09-05T14:35:50.7360875Z       Start 53: mult2_e2e_hybrid_complex
2026-09-05T14:35:50.7361175Z 
2026-09-05T14:35:50.7361759Z 53: Test command: C:\openfhe-2023-1788\project-build-33971779479-1\mult2_e2e_oracle_test.exe "hybrid_complex"
2026-09-05T14:35:50.7362821Z 53: Working Directory: C:/openfhe-2023-1788/project-build-33971779479-1
2026-09-05T14:35:50.7363464Z 53: Test timeout computed to be: 10000000
2026-09-05T14:35:50.8058555Z 53: [RELIN2-EXECUTION] q_div=1073741953 q_l=1073741441 ordinary_combined_relin_execution_error=11 pair_relin_execution_error=17 high_path_relin_error=9 low_path_relin_error=11 execution_relin2_triangle_bound=20 paper_additivity_residual=15 paper_additivity_execution_observed=true secret_h=46 input_Q_l=52656049226897061758347970843194892279389197066160739197584863617 oracle_basis_agreement=true
2026-09-05T14:35:50.8070052Z 53: case=hybrid_complex security_level=HEStd_NotSet(functional-only) key_switch=HYBRID secret_key_dist=UNIFORM_TERNARY ckks_data_type=COMPLEX selected_ring_dimension=64 actual_N=64 batch_size=16 host_vector_length=8 encoding_noise_scale_degree=2 encoding_level=0 scaling_technique=FIXEDMANUAL digit_size=0 max_relin_sk_deg=2 scaling_mod_size=30 first_mod_size=35 multiplicative_depth=7 active_Q_l_towers=7 Q_l_bits=215 preselection_required_bits=174 selection_reserve_bits=32 q_div=1073741953 q_l=1073741441 ratio_2^(2p)/(q_div*q_l)=1.00000023655603276 descriptor_ratio=1.00000023655603276 M_high=88152833 M_low=4477492012 secret_h=46 ordinary_combined_relin_execution_error=11 pair_relin_execution_error=17 high_path_relin_error=9 low_path_relin_error=11 execution_relin2_triangle_bound=20 paper_additivity_residual=15 paper_additivity_execution_observed=true execution_certificate=PER_PATH_CONDITIONAL conservative_E_Relin_available=false universal_theorem_gate=UNPROVED execution_nonwrap_left=573393026912009989057320473933396564 execution_nonwrap_right_Q_l_over_2=26328024613448530879173985421597446139694598533080369598792431808 coefficient_error=82901225331818622321/1152921231876374273 execution_bound=2620322941784186711383/2305842463752748546 fixed_key_bv_bound_available=false frozen_decoded_abs_tolerance=0.00100000000000000002 measured_recorded_bias_error=1.32248399030437161e-09 measured_logical_slot_error=1.32248367721818811e-09
2026-09-05T14:35:50.8076247Z 53/60 Test #53: mult2_e2e_hybrid_complex ........................   Passed    0.07 sec
2026-09-05T14:35:50.8076633Z test 54
2026-09-05T14:35:50.8076803Z       Start 54: mult2_e2e_bv_real
2026-09-05T14:35:50.8076962Z 
2026-09-05T14:35:50.8077248Z 54: Test command: C:\openfhe-2023-1788\project-build-33971779479-1\mult2_e2e_oracle_test.exe "bv_real"
2026-09-05T14:35:50.8077810Z 54: Working Directory: C:/openfhe-2023-1788/project-build-33971779479-1
2026-09-05T14:35:50.8078179Z 54: Test timeout computed to be: 10000000
2026-09-05T14:35:50.8867668Z 54: [RELIN2-EXECUTION] q_div=1073741953 q_l=1073741441 ordinary_combined_relin_execution_error=264011020586 pair_relin_execution_error=221405389792 high_path_relin_error=222677812441 low_path_relin_error=179735566227 execution_relin2_triangle_bound=402413378668 paper_additivity_residual=391915732888 paper_additivity_execution_observed=false secret_h=41 input_Q_l=52656049226897061758347970843194892279389197066160739197584863617 oracle_basis_agreement=true
2026-09-05T14:35:50.8879137Z 54: case=bv_real security_level=HEStd_NotSet(functional-only) key_switch=BV secret_key_dist=UNIFORM_TERNARY ckks_data_type=REAL selected_ring_dimension=64 actual_N=64 batch_size=16 host_vector_length=8 encoding_noise_scale_degree=2 encoding_level=0 scaling_technique=FIXEDMANUAL digit_size=0 max_relin_sk_deg=2 scaling_mod_size=30 first_mod_size=35 multiplicative_depth=7 active_Q_l_towers=7 Q_l_bits=215 preselection_required_bits=174 selection_reserve_bits=32 q_div=1073741953 q_l=1073741441 ratio_2^(2p)/(q_div*q_l)=1.00000023655603276 descriptor_ratio=1.00000023655603276 M_high=107367068 M_low=4454226584 secret_h=41 ordinary_combined_relin_execution_error=264011020586 pair_relin_execution_error=221405389792 high_path_relin_error=222677812441 low_path_relin_error=179735566227 execution_relin2_triangle_bound=402413378668 paper_additivity_residual=391915732888 paper_additivity_execution_observed=false execution_certificate=PER_PATH_CONDITIONAL conservative_E_Relin_available=false universal_theorem_gate=UNPROVED execution_nonwrap_left=850593458979193752708110506082533484 execution_nonwrap_right_Q_l_over_2=26328024613448530879173985421597446139694598533080369598792431808 coefficient_error=245205125502597042818/1152921231876374273 execution_bound=3452136157073796995842/2305842463752748546 fixed_key_bv_bound_available=true fixed_key_bv_bound_status=CANDIDATE_FIXED_KEY_CIPHERTEXT_UNIFORM_CONDITIONAL_ON_CENTERED_DIGIT_LIFT fixed_key_bv_noise_scale=1 fixed_key_bv_active_rows=7 fixed_key_bv_raised_high_q_div_digit=ZERO fixed_key_bv_row_residual_norms=3,3,3,2,3,3,3 fixed_key_bv_per_path_raw_bound=3882650050560 fixed_key_bv_pair_raw_bound=7765300101120 fixed_key_bv_integer_lift_nonwrap=true fixed_key_bv_conservative_nonwrap_left=850593458979193752708117868969255936 fixed_key_bv_conservative_bound=19263816895240555853354/2305842463752748546 fixed_key_bv_final_integer_lift=1701186917958406769233115447894162986<56539009134152591222370164266759140395695978104921302317938424343356224001 fixed_key_bv_unconditional_gaussian_key_bound=false fixed_key_bv_universal_theorem_gate=UNPROVED centered_digit_boundary_probe=PASSED frozen_decoded_abs_tolerance=0.00100000000000000002 measured_recorded_bias_error=1.03325559636102682e-08 measured_logical_slot_error=1.03325535141807201e-08
2026-09-05T14:35:50.8894916Z 54/60 Test #54: mult2_e2e_bv_real ...............................   Passed    0.08 sec
2026-09-05T14:35:50.8895559Z test 55
2026-09-05T14:35:50.8895857Z       Start 55: mult2_e2e_bv_complex
2026-09-05T14:35:50.8896166Z 
2026-09-05T14:35:50.8896703Z 55: Test command: C:\openfhe-2023-1788\project-build-33971779479-1\mult2_e2e_oracle_test.exe "bv_complex"
2026-09-05T14:35:50.8897747Z 55: Working Directory: C:/openfhe-2023-1788/project-build-33971779479-1
2026-09-05T14:35:50.8898426Z 55: Test timeout computed to be: 10000000
2026-09-05T14:35:50.9683444Z 55: [RELIN2-EXECUTION] q_div=1073741953 q_l=1073741441 ordinary_combined_relin_execution_error=157929245102 pair_relin_execution_error=326067460145 high_path_relin_error=156928572310 low_path_relin_error=190628022290 execution_relin2_triangle_bound=347556594600 paper_additivity_residual=383325789456 paper_additivity_execution_observed=false secret_h=38 input_Q_l=52656049226897061758347970843194892279389197066160739197584863617 oracle_basis_agreement=true
2026-09-05T14:35:50.9693744Z 55: case=bv_complex security_level=HEStd_NotSet(functional-only) key_switch=BV secret_key_dist=UNIFORM_TERNARY ckks_data_type=COMPLEX selected_ring_dimension=64 actual_N=64 batch_size=16 host_vector_length=8 encoding_noise_scale_degree=2 encoding_level=0 scaling_technique=FIXEDMANUAL digit_size=0 max_relin_sk_deg=2 scaling_mod_size=30 first_mod_size=35 multiplicative_depth=7 active_Q_l_towers=7 Q_l_bits=215 preselection_required_bits=174 selection_reserve_bits=32 q_div=1073741953 q_l=1073741441 ratio_2^(2p)/(q_div*q_l)=1.00000023655603276 descriptor_ratio=1.00000023655603276 M_high=88152830 M_low=5368709777 secret_h=38 ordinary_combined_relin_execution_error=157929245102 pair_relin_execution_error=326067460145 high_path_relin_error=156928572310 low_path_relin_error=190628022290 execution_relin2_triangle_bound=347556594600 paper_additivity_residual=383325789456 paper_additivity_execution_observed=false execution_certificate=PER_PATH_CONDITIONAL conservative_E_Relin_available=false universal_theorem_gate=UNPROVED execution_nonwrap_left=573392998682482392139933621074181096 execution_nonwrap_right_Q_l_over_2=26328024613448530879173985421597446139694598533080369598792431808 coefficient_error=360143191484935754443/1152921231876374273 execution_bound=4480685839086734989559/2305842463752748546 fixed_key_bv_bound_available=true fixed_key_bv_bound_status=CANDIDATE_FIXED_KEY_CIPHERTEXT_UNIFORM_CONDITIONAL_ON_CENTERED_DIGIT_LIFT fixed_key_bv_noise_scale=1 fixed_key_bv_active_rows=7 fixed_key_bv_raised_high_q_div_digit=ZERO fixed_key_bv_row_residual_norms=2,2,2,2,2,3,3 fixed_key_bv_per_path_raw_bound=2680059355136 fixed_key_bv_pair_raw_bound=5360118710272 fixed_key_bv_integer_lift_nonwrap=true fixed_key_bv_conservative_nonwrap_left=573392998682482392139938633636296768 fixed_key_bv_conservative_bound=15245082310317665364391/2305842463752748546 fixed_key_bv_final_integer_lift=1146785997364980029362176864700537383<56539009134152591222370164266759140395695978104921302317938424343356224001 fixed_key_bv_unconditional_gaussian_key_bound=false fixed_key_bv_universal_theorem_gate=UNPROVED centered_digit_boundary_probe=PASSED frozen_decoded_abs_tolerance=0.00100000000000000002 measured_recorded_bias_error=1.32248408826821218e-09 measured_logical_slot_error=1.32248377518198421e-09
2026-09-05T14:35:50.9702711Z 55/60 Test #55: mult2_e2e_bv_complex ............................   Passed    0.08 sec
2026-09-05T14:35:50.9703078Z test 56
2026-09-05T14:35:50.9703284Z       Start 56: mult2_pair_add_input_hybrid_complex
2026-09-05T14:35:50.9703498Z 
2026-09-05T14:35:50.9703982Z 56: Test command: C:\openfhe-2023-1788\project-build-33971779479-1\mult2_e2e_oracle_test.exe "pair_add_input_hybrid_complex"
2026-09-05T14:35:50.9704625Z 56: Working Directory: C:/openfhe-2023-1788/project-build-33971779479-1
2026-09-05T14:35:50.9704993Z 56: Test timeout computed to be: 10000000
2026-09-05T14:35:51.0550196Z 56: [RELIN2-EXECUTION] q_div=1073741953 q_l=1073741441 ordinary_combined_relin_execution_error=14 pair_relin_execution_error=23 high_path_relin_error=12 low_path_relin_error=12 execution_relin2_triangle_bound=24 paper_additivity_residual=19 paper_additivity_execution_observed=true secret_h=44 input_Q_l=52656049226897061758347970843194892279389197066160739197584863617 oracle_basis_agreement=true
2026-09-05T14:35:51.0557033Z 56: case=pair_add_input_hybrid_complex security_level=HEStd_NotSet(functional-only) key_switch=HYBRID secret_key_dist=UNIFORM_TERNARY ckks_data_type=COMPLEX selected_ring_dimension=64 actual_N=64 batch_size=16 host_vector_length=8 encoding_noise_scale_degree=2 encoding_level=0 scaling_technique=FIXEDMANUAL digit_size=0 max_relin_sk_deg=2 scaling_mod_size=30 first_mod_size=35 multiplicative_depth=7 active_Q_l_towers=7 Q_l_bits=215 preselection_required_bits=174 selection_reserve_bits=32 q_div=1073741953 q_l=1073741441 ratio_2^(2p)/(q_div*q_l)=1.00000023655603276 descriptor_ratio=1.00000023655603276 M_high=89261195 M_low=8589935705 secret_h=44 ordinary_combined_relin_execution_error=14 pair_relin_execution_error=23 high_path_relin_error=12 low_path_relin_error=12 execution_relin2_triangle_bound=24 paper_additivity_residual=19 paper_additivity_execution_observed=true execution_certificate=PER_PATH_CONDITIONAL conservative_E_Relin_available=false universal_theorem_gate=UNPROVED execution_nonwrap_left=587902476321186350014896707725542424 execution_nonwrap_right_Q_l_over_2=26328024613448530879173985421597446139694598533080369598792431808 coefficient_error=152754497315531521081/1152921231876374273 execution_bound=9496616868738308875229/2305842463752748546 fixed_key_bv_bound_available=false frozen_decoded_abs_tolerance=0.00100000000000000002 measured_recorded_bias_error=6.60322035068209435e-10 measured_logical_slot_error=6.60321878865083126e-10
2026-09-05T14:35:51.0562907Z 56/60 Test #56: mult2_pair_add_input_hybrid_complex .............   Passed    0.09 sec
2026-09-05T14:35:51.0563394Z test 57
2026-09-05T14:35:51.0564422Z       Start 57: mult2_pair_sub_input_hybrid_complex
2026-09-05T14:35:51.0564903Z 
2026-09-05T14:35:51.0565480Z 57: Test command: C:\openfhe-2023-1788\project-build-33971779479-1\mult2_e2e_oracle_test.exe "pair_sub_input_hybrid_complex"
2026-09-05T14:35:51.0566134Z 57: Working Directory: C:/openfhe-2023-1788/project-build-33971779479-1
2026-09-05T14:35:51.0566501Z 57: Test timeout computed to be: 10000000
2026-09-05T14:35:51.1413046Z 57: [RELIN2-EXECUTION] q_div=1073741953 q_l=1073741441 ordinary_combined_relin_execution_error=18 pair_relin_execution_error=35 high_path_relin_error=19 low_path_relin_error=21 execution_relin2_triangle_bound=40 paper_additivity_residual=26 paper_additivity_execution_observed=true secret_h=46 input_Q_l=52656049226897061758347970843194892279389197066160739197584863617 oracle_basis_agreement=true
2026-09-05T14:35:51.1425491Z 57: case=pair_sub_input_hybrid_complex security_level=HEStd_NotSet(functional-only) key_switch=HYBRID secret_key_dist=UNIFORM_TERNARY ckks_data_type=COMPLEX selected_ring_dimension=64 actual_N=64 batch_size=16 host_vector_length=8 encoding_noise_scale_degree=2 encoding_level=0 scaling_technique=FIXEDMANUAL digit_size=0 max_relin_sk_deg=2 scaling_mod_size=30 first_mod_size=35 multiplicative_depth=7 active_Q_l_towers=7 Q_l_bits=215 preselection_required_bits=174 selection_reserve_bits=32 q_div=1073741953 q_l=1073741441 ratio_2^(2p)/(q_div*q_l)=1.00000023655603276 descriptor_ratio=1.00000023655603276 M_high=89261194 M_low=8589935624 secret_h=46 ordinary_combined_relin_execution_error=18 pair_relin_execution_error=35 high_path_relin_error=19 low_path_relin_error=21 execution_relin2_triangle_bound=40 paper_additivity_residual=26 paper_additivity_execution_observed=true execution_certificate=PER_PATH_CONDITIONAL conservative_E_Relin_available=false universal_theorem_gate=UNPROVED execution_nonwrap_left=587902463148553725341514714082562344 execution_nonwrap_right_Q_l_over_2=26328024613448530879173985421597446139694598533080369598792431808 coefficient_error=149208441128325099710/1152921231876374273 execution_bound=9498922533115515427199/2305842463752748546 fixed_key_bv_bound_available=false frozen_decoded_abs_tolerance=0.00100000000000000002 measured_recorded_bias_error=8.52649184579464206e-10 measured_logical_slot_error=8.52648981535630153e-10
2026-09-05T14:35:51.1431544Z 57/60 Test #57: mult2_pair_sub_input_hybrid_complex .............   Passed    0.09 sec
2026-09-05T14:35:51.1431918Z test 58
2026-09-05T14:35:51.1432137Z       Start 58: precision_client_io_first_mult2_contract
2026-09-05T14:35:51.1432360Z 
2026-09-05T14:35:51.1432706Z 58: Test command: C:\openfhe-2023-1788\project-build-33971779479-1\precision_client_io_first_mult2_contract_test.exe
2026-09-05T14:35:51.1433331Z 58: Working Directory: C:/openfhe-2023-1788/project-build-33971779479-1
2026-09-05T14:35:51.1433696Z 58: Test timeout computed to be: 10000000
2026-09-05T14:35:51.3004749Z 58: test=precision_client_io_first_mult2_contract result=PASS source=b1b024e3134fbb4e8cac7c0d59cf790a37e4ed89 openfhe_pin=df495ba2e91739a6dc8f1de254fc5a41155ce504 claim_scope=low-N-first-operation-production-io-diagnostic N=64 S=16 gap=2 native=64 backend=4 depth=7 scaling_bits=50 first_bits=55 key_switch=HYBRID scaling=FIXEDMANUAL data=COMPLEX execution=EXEC_EVALUATION decrypt_noise=FIXED_NOISE_DECRYPT encryption=STANDARD multiplication=HPS PRE=NOT_SET noise_scale=1 secret=UNIFORM_TERNARY security=HEStd_NotSet fresh_keypairs=1 eval_keygen_calls=1 q_div=1125899906843009 q_l=1125899906840833 exact_scale_numerator=1606938044258990275541962092341162602522202993782792835301376 exact_scale_denominator=1267650600226646386227681786497 max_fresh_public_error=2.57318780728927396395376040036774539172391369e-28 max_fresh_oracle_error=2.57318780728927396395376040036774539172391369e-28 max_product_public_error=3.17130138255471450134884032054927554119024992e-28 max_product_oracle_error=3.17130138255471450134884032054927554119024992e-28 input_public_delta_error=2.6149687085436319667103011040565284960540603e-28 input_oracle_delta_error=2.6149687085436319667103011040565284960540603e-28 product_public_delta_error=2.70643562910624990639775895059196006542772358e-28 product_oracle_delta_error=2.70643562910624990639775895059196006542772358e-28 max_horner_component_disagreement=1.032506023719914068252e-107 cross_precision_error=1.25263019393725536210643884280575720369438567e-165 centered_headroom=32592575621437030210620824512759899172413712944662430971418726595098153787900901747269577077 malformed_key_rejections=32
2026-09-05T14:35:51.3034927Z 58: first_modulus_boundary_fixture ready=1 actual_first_bits=56 Q_towers=8 N=64 M=128 fixture_new_keypairs=0
2026-09-05T14:35:51.3036153Z 58: first_modulus_boundary_rejection passed
2026-09-05T14:35:51.3073047Z 58: clone_isolation_contract passed fresh_and_result=1 coefficients=1 scalars=1 present_empty_maps=1
2026-09-05T14:35:51.3124265Z 58: shared_params_fixture allocation_plan additional_matching_keypairs=1 additional_eval_keygen_calls=1 actual_first_bits=55 isolated_context_and_bases=1
2026-09-05T14:35:51.3468895Z 58: shared_params_fixture ready=1 valid_clone_bind_decrypt=1 actual_first_bits=55 Q_towers=8 fixture_new_keypairs=1 fixture_eval_keygen_calls=1 crypto_complete_before_drift=1
2026-09-05T14:35:51.3488643Z 58: shared_params_mutation ready=1 Q_towers_before=8 Q_towers_after=7 immutable_receipt_towers=8 next_boundary=CloneForEvaluation
2026-09-05T14:35:51.3505379Z 58: shared_params_boundary_rejection passed boundary=CloneForEvaluation
2026-09-05T14:35:51.3522520Z 58: shared_params_boundary_rejection passed boundary=BindFirstMult2Rcb
2026-09-05T14:35:51.3539029Z 58: shared_params_boundary_rejection passed boundary=Decrypt
2026-09-05T14:35:51.3553177Z 58: shared_params_drift_contract passed boundaries=3 owned_eval_tag_cleanup=1
2026-09-05T14:35:51.3569050Z 58/60 Test #58: precision_client_io_first_mult2_contract ........   Passed    0.21 sec
2026-09-05T14:35:51.3573245Z test 59
2026-09-05T14:35:51.3573597Z       Start 59: repeated_mult2_semantic_two_square_contract
2026-09-05T14:35:51.3574759Z 
2026-09-05T14:35:51.3575672Z 59: Test command: C:\openfhe-2023-1788\project-build-33971779479-1\repeated_mult2_semantic_two_square_test.exe
2026-09-05T14:35:51.3576294Z 59: Working Directory: C:/openfhe-2023-1788/project-build-33971779479-1
2026-09-05T14:35:51.3576676Z 59: Test timeout computed to be: 10000000
2026-09-05T14:35:51.6072960Z 59: {"test":"repeated_mult2_semantic_two_square_contract","scope":"low-N-two-operation-diagnostic","trial":0,"stage":1,"N":64,"batch":16,"depth":9,"scaling_bits":50,"first_bits":55,"input_scale_bits":100,"scaling":"FIXEDMANUAL","key_switch":"HYBRID","data_type":"COMPLEX","secret_distribution":"UNIFORM_TERNARY","security":"HEStd_NotSet","evaluation_family":0,"result_family":1,"tag":"110dcad644d8f45a220b578840eff5e9-mult2-family-1","d":"1125899906843009","m":"1125899906840833","m1":"1125899906840833","m2":"1125899906844161","scale_numerator":"1606938044258990275541962092341162602522202993782792835301376","scale_denominator":"1267650600226646386227681786497","max_slot_error":"3.5554127032510253778744585159857873902162226893546e-28","delta_error":"8.7201633549277622784059888410704090618187795698868e-29","observed_product_headroom_bits":258}
2026-09-05T14:35:51.6107843Z 59: {"test":"repeated_mult2_semantic_two_square_contract","scope":"low-N-two-operation-diagnostic","trial":0,"stage":2,"N":64,"batch":16,"depth":9,"scaling_bits":50,"first_bits":55,"input_scale_bits":100,"scaling":"FIXEDMANUAL","key_switch":"HYBRID","data_type":"COMPLEX","secret_distribution":"UNIFORM_TERNARY","security":"HEStd_NotSet","evaluation_family":1,"result_family":1,"tag":"110dcad644d8f45a220b578840eff5e9-mult2-family-1","d":"1125899906843009","m":"1125899906844161","m1":"1125899906840833","m2":"1125899906844161","scale_numerator":"2582249878086908589655919172003011874329705792829223512830659356540647622016841194629645353280137831435903171972747493376","scale_denominator":"2037035976332875852527482486577051056657800595085080553399799398642248571644790159515303041","max_slot_error":"4.9680104091387986173564794399459712555285484307266e-28","delta_error":"1.4583877935793170673710359399542345201250435482951e-28","observed_product_headroom_bits":211}
2026-09-05T14:35:51.8480471Z 59: {"test":"repeated_mult2_semantic_two_square_contract","scope":"low-N-two-operation-diagnostic","trial":1,"stage":1,"N":64,"batch":16,"depth":9,"scaling_bits":50,"first_bits":55,"input_scale_bits":100,"scaling":"FIXEDMANUAL","key_switch":"HYBRID","data_type":"COMPLEX","secret_distribution":"UNIFORM_TERNARY","security":"HEStd_NotSet","evaluation_family":0,"result_family":1,"tag":"779a9131564c8d73d77a22bdd4a75ae4-mult2-family-1","d":"1125899906843009","m":"1125899906840833","m1":"1125899906840833","m2":"1125899906844161","scale_numerator":"1606938044258990275541962092341162602522202993782792835301376","scale_denominator":"1267650600226646386227681786497","max_slot_error":"6.9883501191557239201447007774655005747021542682649e-28","delta_error":"7.663432130908874686561846554430633712030324353491e-28","observed_product_headroom_bits":258}
2026-09-05T14:35:51.8516025Z 59: {"test":"repeated_mult2_semantic_two_square_contract","scope":"low-N-two-operation-diagnostic","trial":1,"stage":2,"N":64,"batch":16,"depth":9,"scaling_bits":50,"first_bits":55,"input_scale_bits":100,"scaling":"FIXEDMANUAL","key_switch":"HYBRID","data_type":"COMPLEX","secret_distribution":"UNIFORM_TERNARY","security":"HEStd_NotSet","evaluation_family":1,"result_family":1,"tag":"779a9131564c8d73d77a22bdd4a75ae4-mult2-family-1","d":"1125899906843009","m":"1125899906844161","m1":"1125899906840833","m2":"1125899906844161","scale_numerator":"2582249878086908589655919172003011874329705792829223512830659356540647622016841194629645353280137831435903171972747493376","scale_denominator":"2037035976332875852527482486577051056657800595085080553399799398642248571644790159515303041","max_slot_error":"4.8281307033659145871299729865380080179432049156528e-28","delta_error":"1.9190303312810354047917048156342701780359553846196e-28","observed_product_headroom_bits":211}
2026-09-05T14:35:52.0903649Z 59: {"test":"repeated_mult2_semantic_two_square_contract","scope":"low-N-two-operation-diagnostic","trial":2,"stage":1,"N":64,"batch":16,"depth":9,"scaling_bits":50,"first_bits":55,"input_scale_bits":100,"scaling":"FIXEDMANUAL","key_switch":"HYBRID","data_type":"COMPLEX","secret_distribution":"UNIFORM_TERNARY","security":"HEStd_NotSet","evaluation_family":0,"result_family":1,"tag":"200934b3e1aac0edf8cbf2ac10264344-mult2-family-1","d":"1125899906843009","m":"1125899906840833","m1":"1125899906840833","m2":"1125899906844161","scale_numerator":"1606938044258990275541962092341162602522202993782792835301376","scale_denominator":"1267650600226646386227681786497","max_slot_error":"5.8051196359061881839177456522775800013678427308684e-28","delta_error":"4.2614094715465594895904293812527698389564796115275e-28","observed_product_headroom_bits":258}
2026-09-05T14:35:52.0937107Z 59: {"test":"repeated_mult2_semantic_two_square_contract","scope":"low-N-two-operation-diagnostic","trial":2,"stage":2,"N":64,"batch":16,"depth":9,"scaling_bits":50,"first_bits":55,"input_scale_bits":100,"scaling":"FIXEDMANUAL","key_switch":"HYBRID","data_type":"COMPLEX","secret_distribution":"UNIFORM_TERNARY","security":"HEStd_NotSet","evaluation_family":1,"result_family":1,"tag":"200934b3e1aac0edf8cbf2ac10264344-mult2-family-1","d":"1125899906843009","m":"1125899906844161","m1":"1125899906840833","m2":"1125899906844161","scale_numerator":"2582249878086908589655919172003011874329705792829223512830659356540647622016841194629645353280137831435903171972747493376","scale_denominator":"2037035976332875852527482486577051056657800595085080553399799398642248571644790159515303041","max_slot_error":"2.1390790114225769585442626184390826610089687461596e-27","delta_error":"2.1241916815658108125507127484296112349566168720282e-27","observed_product_headroom_bits":211}
2026-09-05T14:35:52.3309631Z 59: {"test":"repeated_mult2_semantic_two_square_contract","scope":"low-N-two-operation-diagnostic","trial":3,"stage":1,"N":64,"batch":16,"depth":9,"scaling_bits":50,"first_bits":55,"input_scale_bits":100,"scaling":"FIXEDMANUAL","key_switch":"HYBRID","data_type":"COMPLEX","secret_distribution":"UNIFORM_TERNARY","security":"HEStd_NotSet","evaluation_family":0,"result_family":1,"tag":"603f3fc23ea696a88fc70c4c67808e45-mult2-family-1","d":"1125899906843009","m":"1125899906840833","m1":"1125899906840833","m2":"1125899906844161","scale_numerator":"1606938044258990275541962092341162602522202993782792835301376","scale_denominator":"1267650600226646386227681786497","max_slot_error":"6.7389511023599424301404062815280329653769564628344e-28","delta_error":"3.8788916197155227000689127176736118662768293403835e-28","observed_product_headroom_bits":258}
2026-09-05T14:35:52.3345437Z 59: {"test":"repeated_mult2_semantic_two_square_contract","scope":"low-N-two-operation-diagnostic","trial":3,"stage":2,"N":64,"batch":16,"depth":9,"scaling_bits":50,"first_bits":55,"input_scale_bits":100,"scaling":"FIXEDMANUAL","key_switch":"HYBRID","data_type":"COMPLEX","secret_distribution":"UNIFORM_TERNARY","security":"HEStd_NotSet","evaluation_family":1,"result_family":1,"tag":"603f3fc23ea696a88fc70c4c67808e45-mult2-family-1","d":"1125899906843009","m":"1125899906844161","m1":"1125899906840833","m2":"1125899906844161","scale_numerator":"2582249878086908589655919172003011874329705792829223512830659356540647622016841194629645353280137831435903171972747493376","scale_denominator":"2037035976332875852527482486577051056657800595085080553399799398642248571644790159515303041","max_slot_error":"8.3658322862878115820909172369246827990959425849802e-28","delta_error":"8.4143103647072352594856737814684562854748201469377e-28","observed_product_headroom_bits":211}
2026-09-05T14:35:52.3362087Z 59/60 Test #59: repeated_mult2_semantic_two_square_contract .....   Passed    0.98 sec
2026-09-05T14:35:52.3366466Z test 60
2026-09-05T14:35:52.3366801Z       Start 60: paper_h128_client_keypair_contract
2026-09-05T14:35:52.3368058Z 
2026-09-05T14:35:52.3368838Z 60: Test command: C:\openfhe-2023-1788\project-build-33971779479-1\paper_h128_client_keypair_contract_test.exe
2026-09-05T14:35:52.3369900Z 60: Working Directory: C:/openfhe-2023-1788/project-build-33971779479-1
2026-09-05T14:35:52.3370543Z 60: Test timeout computed to be: 10000000
2026-09-05T14:35:52.4165639Z 60: valid-path assertions passed (diagnostic, not paper evidence)
2026-09-05T14:35:52.4166183Z 60: 50 named rejection assertions passed (no injected tag collisions)
2026-09-05T14:35:52.4166651Z 60: two-call uniqueness and owned-tag cache-isolation assertions passed
2026-09-05T14:35:52.4175929Z 60/60 Test #60: paper_h128_client_keypair_contract ..............   Passed    0.08 sec
2026-09-05T14:35:52.4191621Z 
2026-09-05T14:35:52.4191941Z The following tests passed:
2026-09-05T14:35:52.4192301Z 	dcp_rcb
2026-09-05T14:35:52.4192639Z 	precision_dcp_rcb_high_precision_contract
2026-09-05T14:35:52.4193110Z 	precision_first_mult2_high_precision_contract
2026-09-05T14:35:52.4193549Z 	pair_add_runtime_behavior
2026-09-05T14:35:52.4193935Z 	pair_sub_runtime_behavior
2026-09-05T14:35:52.4194278Z 	pair_arithmetic_controlled_oracle
2026-09-05T14:35:52.4194542Z 	pair_arithmetic_public_lifecycles_keyless
2026-09-05T14:35:52.4194958Z 	pair_arithmetic_compatibility_rejections
2026-09-05T14:35:52.4195231Z 	tensor2_valid_arithmetic_immutability
2026-09-05T14:35:52.4195477Z 	tensor2_result_scale_contract
2026-09-05T14:35:52.4195766Z 	tensor2_right_input_validation
2026-09-05T14:35:52.4196151Z 	tensor2_mutual_compatibility
2026-09-05T14:35:52.4196433Z 	tensor2_prearithmetic_key_compatibility
2026-09-05T14:35:52.4196897Z 	relin2_tensor_validation_order
2026-09-05T14:35:52.4197196Z 	relin2_insufficient_active_basis
2026-09-05T14:35:52.4197513Z 	relin2_missing_eval_key
2026-09-05T14:35:52.4197787Z 	relin2_key_empty
2026-09-05T14:35:52.4198033Z 	relin2_key_null_first
2026-09-05T14:35:52.4198254Z 	relin2_key_wrong_context
2026-09-05T14:35:52.4198551Z 	relin2_key_wrong_tag
2026-09-05T14:35:52.4198740Z 	relin2_key_wrong_subtype
2026-09-05T14:35:52.4198939Z 	relin2_key_hybrid_a_length
2026-09-05T14:35:52.4199144Z 	relin2_key_hybrid_b_length
2026-09-05T14:35:52.4199418Z 	relin2_key_hybrid_entry_basis
2026-09-05T14:35:52.4199797Z 	relin2_key_hybrid_entry_format
2026-09-05T14:35:52.4200066Z 	relin2_key_bv_zero_digit_a_length
2026-09-05T14:35:52.4200301Z 	relin2_key_bv_zero_digit_b_length
2026-09-05T14:35:52.4200536Z 	relin2_key_bv_nonzero_digit_a_length
2026-09-05T14:35:52.4200774Z 	relin2_key_bv_nonzero_digit_b_length
2026-09-05T14:35:52.4201009Z 	relin2_key_bv_zero_digit_entry_basis
2026-09-05T14:35:52.4201262Z 	relin2_key_bv_nonzero_digit_entry_basis
2026-09-05T14:35:52.4201714Z 	relin2_key_bv_zero_digit_entry_format
2026-09-05T14:35:52.4202482Z 	relin2_key_bv_nonzero_digit_entry_format
2026-09-05T14:35:52.4202771Z 	relin2_valid_arithmetic_state_immutability
2026-09-05T14:35:52.4203044Z 	relin2_controlled_witnesses_and_boundaries
2026-09-05T14:35:52.4203309Z 	relin2_representative_public_input
2026-09-05T14:35:52.4203555Z 	relin2_key_extra_later_valid
2026-09-05T14:35:52.4203780Z 	relin2_key_malformed_later_ignored
2026-09-05T14:35:52.4204018Z 	relin2_hybrid_valid_shapes
2026-09-05T14:35:52.4204238Z 	relin2_bv_zero_digit_valid_shapes
2026-09-05T14:35:52.4204494Z 	relin2_bv_nonzero_digit_valid_shapes
2026-09-05T14:35:52.4204740Z 	relin2_first_recombined_rcb_validation
2026-09-05T14:35:52.4205032Z 	relin2_first_recombined_tensor2_validation
2026-09-05T14:35:52.4205296Z 	relin2_tensor2_requires_first_lifecycle
2026-09-05T14:35:52.4205533Z 	rs2_wrong_lifecycle
2026-09-05T14:35:52.4205737Z 	rs2_valid_arithmetic_state_immutability
2026-09-05T14:35:52.4205974Z 	rs2_mixed_tower_format
2026-09-05T14:35:52.4206354Z 	rs2_untouched_public_pipeline
2026-09-05T14:35:52.4206581Z 	rs2_declared_basis_mismatch
2026-09-05T14:35:52.4206786Z 	rs2_terminal_rejections
2026-09-05T14:35:52.4206987Z 	mult2_composition_contract
2026-09-05T14:35:52.4207188Z 	mult2_e2e_hybrid_real
2026-09-05T14:35:52.4207377Z 	mult2_e2e_hybrid_complex
2026-09-05T14:35:52.4207565Z 	mult2_e2e_bv_real
2026-09-05T14:35:52.4207736Z 	mult2_e2e_bv_complex
2026-09-05T14:35:52.4207934Z 	mult2_pair_add_input_hybrid_complex
2026-09-05T14:35:52.4208171Z 	mult2_pair_sub_input_hybrid_complex
2026-09-05T14:35:52.4208436Z 	precision_client_io_first_mult2_contract
2026-09-05T14:35:52.4208718Z 	repeated_mult2_semantic_two_square_contract
2026-09-05T14:35:52.4208994Z 	paper_h128_client_keypair_contract
2026-09-05T14:35:52.4209153Z 
2026-09-05T14:35:52.4209235Z 100% tests passed out of 60
2026-09-05T14:35:52.4209366Z 
2026-09-05T14:35:52.4209455Z Total Test time (real) =   3.69 sec
2026-09-05T14:35:52.4391036Z ##[group]Run build="$(cygpath -u "$PROJECT_BUILD")"
2026-09-05T14:35:52.4391547Z [36;1mbuild="$(cygpath -u "$PROJECT_BUILD")"[0m
2026-09-05T14:35:52.4392012Z [36;1mcmake --build "$build" --target paper_full_eight_square_contract_test --parallel 2[0m
2026-09-05T14:35:52.4393780Z shell: D:\a\_temp\setup-msys2\msys2.CMD {0}
2026-09-05T14:35:52.4394040Z env:
2026-09-05T14:35:52.4394269Z   OPENFHE_COMMIT: df495ba2e91739a6dc8f1de254fc5a41155ce504
2026-09-05T14:35:52.4394671Z   OPENFHE_PREFIX: C:\openfhe-2023-1788\openfhe-install
2026-09-05T14:35:52.4394977Z   WINDOWS_ROOT: C:\openfhe-2023-1788
2026-09-05T14:35:52.4395238Z   PROJECT_SOURCE: C:\openfhe-2023-1788\cleanroom
2026-09-05T14:35:52.4395533Z   OPENFHE_SOURCE: C:\openfhe-2023-1788\openfhe-src
2026-09-05T14:35:52.4395883Z   OPENFHE_BUILD: C:\openfhe-2023-1788\openfhe-build-33971779479-1
2026-09-05T14:35:52.4396276Z   PROJECT_BUILD: C:\openfhe-2023-1788\project-build-33971779479-1
2026-09-05T14:35:52.4396748Z   MSYSTEM: MINGW64
2026-09-05T14:35:52.4396935Z ##[endgroup]
2026-09-05T14:36:18.8012405Z [1/2] Building CXX object CMakeFiles/paper_full_eight_square_contract_test.dir/tests/paper_full_eight_square_contract_test.cpp.obj
2026-09-05T14:36:19.1848995Z [2/2] Linking CXX executable paper_full_eight_square_contract_test.exe
2026-09-05T14:36:19.2050374Z ##[group]Run prefix="$(cygpath -u "$OPENFHE_PREFIX")"
2026-09-05T14:36:19.2050818Z [36;1mprefix="$(cygpath -u "$OPENFHE_PREFIX")"[0m
2026-09-05T14:36:19.2051157Z [36;1mbuild="$(cygpath -u "$PROJECT_BUILD")"[0m
2026-09-05T14:36:19.2051481Z [36;1mexport PATH="$prefix/bin:$prefix/lib:$PATH"[0m
2026-09-05T14:36:19.2051820Z [36;1mctest --test-dir "$build" --show-only=json-v1[0m
2026-09-05T14:36:19.2052326Z [36;1mctest --test-dir "$build" --verbose --output-on-failure -R '^paper_full_eight_square_contract$'[0m
2026-09-05T14:36:19.2054160Z shell: D:\a\_temp\setup-msys2\msys2.CMD {0}
2026-09-05T14:36:19.2054434Z env:
2026-09-05T14:36:19.2054668Z   OPENFHE_COMMIT: df495ba2e91739a6dc8f1de254fc5a41155ce504
2026-09-05T14:36:19.2055015Z   OPENFHE_PREFIX: C:\openfhe-2023-1788\openfhe-install
2026-09-05T14:36:19.2055315Z   WINDOWS_ROOT: C:\openfhe-2023-1788
2026-09-05T14:36:19.2055581Z   PROJECT_SOURCE: C:\openfhe-2023-1788\cleanroom
2026-09-05T14:36:19.2055910Z   OPENFHE_SOURCE: C:\openfhe-2023-1788\openfhe-src
2026-09-05T14:36:19.2056263Z   OPENFHE_BUILD: C:\openfhe-2023-1788\openfhe-build-33971779479-1
2026-09-05T14:36:19.2056668Z   PROJECT_BUILD: C:\openfhe-2023-1788\project-build-33971779479-1
2026-09-05T14:36:19.2056976Z   MSYSTEM: MINGW64
2026-09-05T14:36:19.2057151Z ##[endgroup]
2026-09-05T14:36:19.4205160Z {
2026-09-05T14:36:19.4205677Z   "backtraceGraph" : 
2026-09-05T14:36:19.4206116Z   {
2026-09-05T14:36:19.4206441Z     "commands" : 
2026-09-05T14:36:19.4206799Z     [
2026-09-05T14:36:19.4207129Z       "add_test"
2026-09-05T14:36:19.4207766Z     ],
2026-09-05T14:36:19.4208104Z     "files" : 
2026-09-05T14:36:19.4208472Z     [
2026-09-05T14:36:19.4208904Z       "C:/openfhe-2023-1788/cleanroom/CMakeLists.txt"
2026-09-05T14:36:19.4209655Z     ],
2026-09-05T14:36:19.4209992Z     "nodes" : 
2026-09-05T14:36:19.4210482Z     [
2026-09-05T14:36:19.4210746Z       {
2026-09-05T14:36:19.4210991Z         "file" : 0
2026-09-05T14:36:19.4211284Z       },
2026-09-05T14:36:19.4211530Z       {
2026-09-05T14:36:19.4211797Z         "command" : 0,
2026-09-05T14:36:19.4212092Z         "file" : 0,
2026-09-05T14:36:19.4212355Z         "line" : 190,
2026-09-05T14:36:19.4212646Z         "parent" : 0
2026-09-05T14:36:19.4212920Z       },
2026-09-05T14:36:19.4213141Z       {
2026-09-05T14:36:19.4213374Z         "file" : 0
2026-09-05T14:36:19.4213626Z       },
2026-09-05T14:36:19.4213876Z       {
2026-09-05T14:36:19.4214230Z         "command" : 0,
2026-09-05T14:36:19.4214433Z         "file" : 0,
2026-09-05T14:36:19.4214617Z         "line" : 191,
2026-09-05T14:36:19.4214835Z         "parent" : 2
2026-09-05T14:36:19.4215018Z       },
2026-09-05T14:36:19.4215178Z       {
2026-09-05T14:36:19.4215328Z         "file" : 0
2026-09-05T14:36:19.4215491Z       },
2026-09-05T14:36:19.4215637Z       {
2026-09-05T14:36:19.4215791Z         "command" : 0,
2026-09-05T14:36:19.4215971Z         "file" : 0,
2026-09-05T14:36:19.4216140Z         "line" : 193,
2026-09-05T14:36:19.4216366Z         "parent" : 4
2026-09-05T14:36:19.4216547Z       },
2026-09-05T14:36:19.4216694Z       {
2026-09-05T14:36:19.4216842Z         "file" : 0
2026-09-05T14:36:19.4217005Z       },
2026-09-05T14:36:19.4217146Z       {
2026-09-05T14:36:19.4217301Z         "command" : 0,
2026-09-05T14:36:19.4217477Z         "file" : 0,
2026-09-05T14:36:19.4217644Z         "line" : 195,
2026-09-05T14:36:19.4217819Z         "parent" : 6
2026-09-05T14:36:19.4217985Z       },
2026-09-05T14:36:19.4218129Z       {
2026-09-05T14:36:19.4218274Z         "file" : 0
2026-09-05T14:36:19.4218433Z       },
2026-09-05T14:36:19.4218579Z       {
2026-09-05T14:36:19.4220210Z         "command" : 0,
2026-09-05T14:36:19.4220403Z         "file" : 0,
2026-09-05T14:36:19.4220581Z         "line" : 196,
2026-09-05T14:36:19.4220770Z         "parent" : 8
2026-09-05T14:36:19.4220944Z       },
2026-09-05T14:36:19.4221091Z       {
2026-09-05T14:36:19.4221239Z         "file" : 0
2026-09-05T14:36:19.4221402Z       },
2026-09-05T14:36:19.4223160Z       {
2026-09-05T14:36:19.4223391Z         "command" : 0,
2026-09-05T14:36:19.4223584Z         "file" : 0,
2026-09-05T14:36:19.4223761Z         "line" : 197,
2026-09-05T14:36:19.4223939Z         "parent" : 10
2026-09-05T14:36:19.4224108Z       },
2026-09-05T14:36:19.4224256Z       {
2026-09-05T14:36:19.4224403Z         "file" : 0
2026-09-05T14:36:19.4224571Z       },
2026-09-05T14:36:19.4224715Z       {
2026-09-05T14:36:19.4224859Z         "command" : 0,
2026-09-05T14:36:19.4225037Z         "file" : 0,
2026-09-05T14:36:19.4225242Z         "line" : 198,
2026-09-05T14:36:19.4225561Z         "parent" : 12
2026-09-05T14:36:19.4225880Z       },
2026-09-05T14:36:19.4226090Z       {
2026-09-05T14:36:19.4226241Z         "file" : 0
2026-09-05T14:36:19.4226400Z       },
2026-09-05T14:36:19.4226538Z       {
2026-09-05T14:36:19.4226683Z         "command" : 0,
2026-09-05T14:36:19.4226860Z         "file" : 0,
2026-09-05T14:36:19.4227020Z         "line" : 200,
2026-09-05T14:36:19.4227193Z         "parent" : 14
2026-09-05T14:36:19.4227384Z       },
2026-09-05T14:36:19.4227526Z       {
2026-09-05T14:36:19.4227666Z         "file" : 0
2026-09-05T14:36:19.4227819Z       },
2026-09-05T14:36:19.4227994Z       {
2026-09-05T14:36:19.4228135Z         "command" : 0,
2026-09-05T14:36:19.4228307Z         "file" : 0,
2026-09-05T14:36:19.4228465Z         "line" : 202,
2026-09-05T14:36:19.4228631Z         "parent" : 16
2026-09-05T14:36:19.4228791Z       },
2026-09-05T14:36:19.4228934Z       {
2026-09-05T14:36:19.4229073Z         "file" : 0
2026-09-05T14:36:19.4229223Z       },
2026-09-05T14:36:19.4229360Z       {
2026-09-05T14:36:19.4229504Z         "command" : 0,
2026-09-05T14:36:19.4229672Z         "file" : 0,
2026-09-05T14:36:19.4229833Z         "line" : 203,
2026-09-05T14:36:19.4230001Z         "parent" : 18
2026-09-05T14:36:19.4230161Z       },
2026-09-05T14:36:19.4230297Z       {
2026-09-05T14:36:19.4230435Z         "file" : 0
2026-09-05T14:36:19.4230587Z       },
2026-09-05T14:36:19.4230733Z       {
2026-09-05T14:36:19.4230875Z         "command" : 0,
2026-09-05T14:36:19.4231047Z         "file" : 0,
2026-09-05T14:36:19.4231205Z         "line" : 204,
2026-09-05T14:36:19.4231374Z         "parent" : 20
2026-09-05T14:36:19.4231612Z       },
2026-09-05T14:36:19.4231865Z       {
2026-09-05T14:36:19.4232128Z         "file" : 0
2026-09-05T14:36:19.4232711Z       },
2026-09-05T14:36:19.4232968Z       {
2026-09-05T14:36:19.4233198Z         "command" : 0,
2026-09-05T14:36:19.4233505Z         "file" : 0,
2026-09-05T14:36:19.4233804Z         "line" : 205,
2026-09-05T14:36:19.4233987Z         "parent" : 22
2026-09-05T14:36:19.4234159Z       },
2026-09-05T14:36:19.4234297Z       {
2026-09-05T14:36:19.4234438Z         "file" : 0
2026-09-05T14:36:19.4234599Z       },
2026-09-05T14:36:19.4234742Z       {
2026-09-05T14:36:19.4234884Z         "command" : 0,
2026-09-05T14:36:19.4235053Z         "file" : 0,
2026-09-05T14:36:19.4235210Z         "line" : 206,
2026-09-05T14:36:19.4235380Z         "parent" : 24
2026-09-05T14:36:19.4235541Z       },
2026-09-05T14:36:19.4235677Z       {
2026-09-05T14:36:19.4235817Z         "file" : 0
2026-09-05T14:36:19.4235967Z       },
2026-09-05T14:36:19.4236102Z       {
2026-09-05T14:36:19.4236244Z         "command" : 0,
2026-09-05T14:36:19.4236408Z         "file" : 0,
2026-09-05T14:36:19.4236565Z         "line" : 207,
2026-09-05T14:36:19.4236731Z         "parent" : 26
2026-09-05T14:36:19.4236890Z       },
2026-09-05T14:36:19.4237024Z       {
2026-09-05T14:36:19.4237161Z         "file" : 0
2026-09-05T14:36:19.4237315Z       },
2026-09-05T14:36:19.4237455Z       {
2026-09-05T14:36:19.4237761Z         "command" : 0,
2026-09-05T14:36:19.4237943Z         "file" : 0,
2026-09-05T14:36:19.4238111Z         "line" : 208,
2026-09-05T14:36:19.4238280Z         "parent" : 28
2026-09-05T14:36:19.4238567Z       },
2026-09-05T14:36:19.4238748Z       {
2026-09-05T14:36:19.4238897Z         "file" : 0
2026-09-05T14:36:19.4239059Z       },
2026-09-05T14:36:19.4239753Z       {
2026-09-05T14:36:19.4239958Z         "command" : 0,
2026-09-05T14:36:19.4240252Z         "file" : 0,
2026-09-05T14:36:19.4240421Z         "line" : 209,
2026-09-05T14:36:19.4240684Z         "parent" : 30
2026-09-05T14:36:19.4240990Z       },
2026-09-05T14:36:19.4241146Z       {
2026-09-05T14:36:19.4241289Z         "file" : 0
2026-09-05T14:36:19.4241449Z       },
2026-09-05T14:36:19.4241585Z       {
2026-09-05T14:36:19.4241731Z         "command" : 0,
2026-09-05T14:36:19.4242014Z         "file" : 0,
2026-09-05T14:36:19.4242188Z         "line" : 210,
2026-09-05T14:36:19.4242366Z         "parent" : 32
2026-09-05T14:36:19.4242585Z       },
2026-09-05T14:36:19.4242726Z       {
2026-09-05T14:36:19.4242868Z         "file" : 0
2026-09-05T14:36:19.4243025Z       },
2026-09-05T14:36:19.4243169Z       {
2026-09-05T14:36:19.4243317Z         "command" : 0,
2026-09-05T14:36:19.4243487Z         "file" : 0,
2026-09-05T14:36:19.4243647Z         "line" : 211,
2026-09-05T14:36:19.4243818Z         "parent" : 34
2026-09-05T14:36:19.4243979Z       },
2026-09-05T14:36:19.4244116Z       {
2026-09-05T14:36:19.4244255Z         "file" : 0
2026-09-05T14:36:19.4244410Z       },
2026-09-05T14:36:19.4244546Z       {
2026-09-05T14:36:19.4244689Z         "command" : 0,
2026-09-05T14:36:19.4244858Z         "file" : 0,
2026-09-05T14:36:19.4245024Z         "line" : 212,
2026-09-05T14:36:19.4245190Z         "parent" : 36
2026-09-05T14:36:19.4245348Z       },
2026-09-05T14:36:19.4245485Z       {
2026-09-05T14:36:19.4245626Z         "file" : 0
2026-09-05T14:36:19.4245779Z       },
2026-09-05T14:36:19.4245918Z       {
2026-09-05T14:36:19.4246063Z         "command" : 0,
2026-09-05T14:36:19.4246233Z         "file" : 0,
2026-09-05T14:36:19.4246391Z         "line" : 213,
2026-09-05T14:36:19.4246568Z         "parent" : 38
2026-09-05T14:36:19.4246732Z       },
2026-09-05T14:36:19.4246875Z       {
2026-09-05T14:36:19.4247025Z         "file" : 0
2026-09-05T14:36:19.4247178Z       },
2026-09-05T14:36:19.4247320Z       {
2026-09-05T14:36:19.4247466Z         "command" : 0,
2026-09-05T14:36:19.4247635Z         "file" : 0,
2026-09-05T14:36:19.4247796Z         "line" : 214,
2026-09-05T14:36:19.4247962Z         "parent" : 40
2026-09-05T14:36:19.4248123Z       },
2026-09-05T14:36:19.4248261Z       {
2026-09-05T14:36:19.4248406Z         "file" : 0
2026-09-05T14:36:19.4248559Z       },
2026-09-05T14:36:19.4248694Z       {
2026-09-05T14:36:19.4248837Z         "command" : 0,
2026-09-05T14:36:19.4249008Z         "file" : 0,
2026-09-05T14:36:19.4249166Z         "line" : 215,
2026-09-05T14:36:19.4249328Z         "parent" : 42
2026-09-05T14:36:19.4249492Z       },
2026-09-05T14:36:19.4249631Z       {
2026-09-05T14:36:19.4249771Z         "file" : 0
2026-09-05T14:36:19.4249924Z       },
2026-09-05T14:36:19.4250060Z       {
2026-09-05T14:36:19.4250206Z         "command" : 0,
2026-09-05T14:36:19.4250372Z         "file" : 0,
2026-09-05T14:36:19.4262603Z         "line" : 216,
2026-09-05T14:36:19.4263626Z         "parent" : 44
2026-09-05T14:36:19.4263997Z       },
2026-09-05T14:36:19.4264254Z       {
2026-09-05T14:36:19.4264502Z         "file" : 0
2026-09-05T14:36:19.4264777Z       },
2026-09-05T14:36:19.4265031Z       {
2026-09-05T14:36:19.4265281Z         "command" : 0,
2026-09-05T14:36:19.4265597Z         "file" : 0,
2026-09-05T14:36:19.4265928Z         "line" : 217,
2026-09-05T14:36:19.4266264Z         "parent" : 46
2026-09-05T14:36:19.4266596Z       },
2026-09-05T14:36:19.4266862Z       {
2026-09-05T14:36:19.4267139Z         "file" : 0
2026-09-05T14:36:19.4267432Z       },
2026-09-05T14:36:19.4267698Z       {
2026-09-05T14:36:19.4268161Z         "command" : 0,
2026-09-05T14:36:19.4268480Z         "file" : 0,
2026-09-05T14:36:19.4268779Z         "line" : 218,
2026-09-05T14:36:19.4269100Z         "parent" : 48
2026-09-05T14:36:19.4269399Z       },
2026-09-05T14:36:19.4269656Z       {
2026-09-05T14:36:19.4269905Z         "file" : 0
2026-09-05T14:36:19.4270353Z       },
2026-09-05T14:36:19.4270645Z       {
2026-09-05T14:36:19.4270924Z         "command" : 0,
2026-09-05T14:36:19.4271256Z         "file" : 0,
2026-09-05T14:36:19.4271556Z         "line" : 219,
2026-09-05T14:36:19.4271862Z         "parent" : 50
2026-09-05T14:36:19.4272177Z       },
2026-09-05T14:36:19.4272442Z       {
2026-09-05T14:36:19.4272708Z         "file" : 0
2026-09-05T14:36:19.4272994Z       },
2026-09-05T14:36:19.4273254Z       {
2026-09-05T14:36:19.4273529Z         "command" : 0,
2026-09-05T14:36:19.4273842Z         "file" : 0,
2026-09-05T14:36:19.4274121Z         "line" : 220,
2026-09-05T14:36:19.4274434Z         "parent" : 52
2026-09-05T14:36:19.4274754Z       },
2026-09-05T14:36:19.4275007Z       {
2026-09-05T14:36:19.4275270Z         "file" : 0
2026-09-05T14:36:19.4275570Z       },
2026-09-05T14:36:19.4275831Z       {
2026-09-05T14:36:19.4276094Z         "command" : 0,
2026-09-05T14:36:19.4276419Z         "file" : 0,
2026-09-05T14:36:19.4276720Z         "line" : 221,
2026-09-05T14:36:19.4277068Z         "parent" : 54
2026-09-05T14:36:19.4277375Z       },
2026-09-05T14:36:19.4277700Z       {
2026-09-05T14:36:19.4277858Z         "file" : 0
2026-09-05T14:36:19.4278032Z       },
2026-09-05T14:36:19.4278180Z       {
2026-09-05T14:36:19.4278335Z         "command" : 0,
2026-09-05T14:36:19.4278518Z         "file" : 0,
2026-09-05T14:36:19.4278695Z         "line" : 222,
2026-09-05T14:36:19.4278873Z         "parent" : 56
2026-09-05T14:36:19.4279048Z       },
2026-09-05T14:36:19.4279199Z       {
2026-09-05T14:36:19.4279348Z         "file" : 0
2026-09-05T14:36:19.4279515Z       },
2026-09-05T14:36:19.4279661Z       {
2026-09-05T14:36:19.4279824Z         "command" : 0,
2026-09-05T14:36:19.4280012Z         "file" : 0,
2026-09-05T14:36:19.4280195Z         "line" : 223,
2026-09-05T14:36:19.4280374Z         "parent" : 58
2026-09-05T14:36:19.4280552Z       },
2026-09-05T14:36:19.4280701Z       {
2026-09-05T14:36:19.4280855Z         "file" : 0
2026-09-05T14:36:19.4281027Z       },
2026-09-05T14:36:19.4281175Z       {
2026-09-05T14:36:19.4281329Z         "command" : 0,
2026-09-05T14:36:19.4281510Z         "file" : 0,
2026-09-05T14:36:19.4281682Z         "line" : 224,
2026-09-05T14:36:19.4281862Z         "parent" : 60
2026-09-05T14:36:19.4282035Z       },
2026-09-05T14:36:19.4282188Z       {
2026-09-05T14:36:19.4282336Z         "file" : 0
2026-09-05T14:36:19.4282504Z       },
2026-09-05T14:36:19.4282651Z       {
2026-09-05T14:36:19.4282804Z         "command" : 0,
2026-09-05T14:36:19.4282987Z         "file" : 0,
2026-09-05T14:36:19.4283157Z         "line" : 225,
2026-09-05T14:36:19.4283336Z         "parent" : 62
2026-09-05T14:36:19.4283511Z       },
2026-09-05T14:36:19.4283659Z       {
2026-09-05T14:36:19.4283807Z         "file" : 0
2026-09-05T14:36:19.4283974Z       },
2026-09-05T14:36:19.4284123Z       {
2026-09-05T14:36:19.4284285Z         "command" : 0,
2026-09-05T14:36:19.4284466Z         "file" : 0,
2026-09-05T14:36:19.4284633Z         "line" : 226,
2026-09-05T14:36:19.4284812Z         "parent" : 64
2026-09-05T14:36:19.4284982Z       },
2026-09-05T14:36:19.4285128Z       {
2026-09-05T14:36:19.4285277Z         "file" : 0
2026-09-05T14:36:19.4285441Z       },
2026-09-05T14:36:19.4285588Z       {
2026-09-05T14:36:19.4285737Z         "command" : 0,
2026-09-05T14:36:19.4285914Z         "file" : 0,
2026-09-05T14:36:19.4286083Z         "line" : 227,
2026-09-05T14:36:19.4286265Z         "parent" : 66
2026-09-05T14:36:19.4286435Z       },
2026-09-05T14:36:19.4286580Z       {
2026-09-05T14:36:19.4286726Z         "file" : 0
2026-09-05T14:36:19.4286889Z       },
2026-09-05T14:36:19.4287032Z       {
2026-09-05T14:36:19.4287351Z         "command" : 0,
2026-09-05T14:36:19.4287530Z         "file" : 0,
2026-09-05T14:36:19.4287697Z         "line" : 228,
2026-09-05T14:36:19.4287871Z         "parent" : 68
2026-09-05T14:36:19.4288040Z       },
2026-09-05T14:36:19.4288242Z       {
2026-09-05T14:36:19.4288391Z         "file" : 0
2026-09-05T14:36:19.4288639Z       },
2026-09-05T14:36:19.4288789Z       {
2026-09-05T14:36:19.4288939Z         "command" : 0,
2026-09-05T14:36:19.4289120Z         "file" : 0,
2026-09-05T14:36:19.4289286Z         "line" : 229,
2026-09-05T14:36:19.4289463Z         "parent" : 70
2026-09-05T14:36:19.4289635Z       },
2026-09-05T14:36:19.4289780Z       {
2026-09-05T14:36:19.4289927Z         "file" : 0
2026-09-05T14:36:19.4290090Z       },
2026-09-05T14:36:19.4290235Z       {
2026-09-05T14:36:19.4290385Z         "command" : 0,
2026-09-05T14:36:19.4290567Z         "file" : 0,
2026-09-05T14:36:19.4290733Z         "line" : 230,
2026-09-05T14:36:19.4290903Z         "parent" : 72
2026-09-05T14:36:19.4291085Z       },
2026-09-05T14:36:19.4291232Z       {
2026-09-05T14:36:19.4291382Z         "file" : 0
2026-09-05T14:36:19.4291543Z       },
2026-09-05T14:36:19.4291693Z       {
2026-09-05T14:36:19.4291845Z         "command" : 0,
2026-09-05T14:36:19.4292022Z         "file" : 0,
2026-09-05T14:36:19.4292186Z         "line" : 231,
2026-09-05T14:36:19.4292366Z         "parent" : 74
2026-09-05T14:36:19.4292535Z       },
2026-09-05T14:36:19.4292678Z       {
2026-09-05T14:36:19.4292819Z         "file" : 0
2026-09-05T14:36:19.4292982Z       },
2026-09-05T14:36:19.4293125Z       {
2026-09-05T14:36:19.4293273Z         "command" : 0,
2026-09-05T14:36:19.4293451Z         "file" : 0,
2026-09-05T14:36:19.4293615Z         "line" : 232,
2026-09-05T14:36:19.4293789Z         "parent" : 76
2026-09-05T14:36:19.4293953Z       },
2026-09-05T14:36:19.4294093Z       {
2026-09-05T14:36:19.4294234Z         "file" : 0
2026-09-05T14:36:19.4294389Z       },
2026-09-05T14:36:19.4294535Z       {
2026-09-05T14:36:19.4294686Z         "command" : 0,
2026-09-05T14:36:19.4294863Z         "file" : 0,
2026-09-05T14:36:19.4295034Z         "line" : 233,
2026-09-05T14:36:19.4295230Z         "parent" : 78
2026-09-05T14:36:19.4295548Z       },
2026-09-05T14:36:19.4295814Z       {
2026-09-05T14:36:19.4295991Z         "file" : 0
2026-09-05T14:36:19.4296168Z       },
2026-09-05T14:36:19.4296316Z       {
2026-09-05T14:36:19.4296467Z         "command" : 0,
2026-09-05T14:36:19.4296647Z         "file" : 0,
2026-09-05T14:36:19.4296814Z         "line" : 234,
2026-09-05T14:36:19.4296988Z         "parent" : 80
2026-09-05T14:36:19.4297155Z       },
2026-09-05T14:36:19.4297308Z       {
2026-09-05T14:36:19.4297454Z         "file" : 0
2026-09-05T14:36:19.4297613Z       },
2026-09-05T14:36:19.4297756Z       {
2026-09-05T14:36:19.4297904Z         "command" : 0,
2026-09-05T14:36:19.4298080Z         "file" : 0,
2026-09-05T14:36:19.4298251Z         "line" : 235,
2026-09-05T14:36:19.4298507Z         "parent" : 82
2026-09-05T14:36:19.4298800Z       },
2026-09-05T14:36:19.4299029Z       {
2026-09-05T14:36:19.4299258Z         "file" : 0
2026-09-05T14:36:19.4299560Z       },
2026-09-05T14:36:19.4299808Z       {
2026-09-05T14:36:19.4300075Z         "command" : 0,
2026-09-05T14:36:19.4300383Z         "file" : 0,
2026-09-05T14:36:19.4300656Z         "line" : 236,
2026-09-05T14:36:19.4300950Z         "parent" : 84
2026-09-05T14:36:19.4301244Z       },
2026-09-05T14:36:19.4301468Z       {
2026-09-05T14:36:19.4301622Z         "file" : 0
2026-09-05T14:36:19.4301784Z       },
2026-09-05T14:36:19.4301924Z       {
2026-09-05T14:36:19.4302070Z         "command" : 0,
2026-09-05T14:36:19.4302247Z         "file" : 0,
2026-09-05T14:36:19.4302412Z         "line" : 237,
2026-09-05T14:36:19.4302589Z         "parent" : 86
2026-09-05T14:36:19.4302754Z       },
2026-09-05T14:36:19.4302902Z       {
2026-09-05T14:36:19.4303045Z         "file" : 0
2026-09-05T14:36:19.4303203Z       },
2026-09-05T14:36:19.4303479Z       {
2026-09-05T14:36:19.4303626Z         "command" : 0,
2026-09-05T14:36:19.4303798Z         "file" : 0,
2026-09-05T14:36:19.4303960Z         "line" : 238,
2026-09-05T14:36:19.4304131Z         "parent" : 88
2026-09-05T14:36:19.4304291Z       },
2026-09-05T14:36:19.4304429Z       {
2026-09-05T14:36:19.4304574Z         "file" : 0
2026-09-05T14:36:19.4305305Z       },
2026-09-05T14:36:19.4305474Z       {
2026-09-05T14:36:19.4305670Z         "command" : 0,
2026-09-05T14:36:19.4305984Z         "file" : 0,
2026-09-05T14:36:19.4306263Z         "line" : 239,
2026-09-05T14:36:19.4306559Z         "parent" : 90
2026-09-05T14:36:19.4306862Z       },
2026-09-05T14:36:19.4307114Z       {
2026-09-05T14:36:19.4307350Z         "file" : 0
2026-09-05T14:36:19.4307615Z       },
2026-09-05T14:36:19.4307841Z       {
2026-09-05T14:36:19.4307993Z         "command" : 0,
2026-09-05T14:36:19.4308190Z         "file" : 0,
2026-09-05T14:36:19.4308365Z         "line" : 241,
2026-09-05T14:36:19.4308543Z         "parent" : 92
2026-09-05T14:36:19.4308720Z       },
2026-09-05T14:36:19.4308869Z       {
2026-09-05T14:36:19.4309019Z         "file" : 0
2026-09-05T14:36:19.4309188Z       },
2026-09-05T14:36:19.4309334Z       {
2026-09-05T14:36:19.4309483Z         "command" : 0,
2026-09-05T14:36:19.4309659Z         "file" : 0,
2026-09-05T14:36:19.4309820Z         "line" : 242,
2026-09-05T14:36:19.4310001Z         "parent" : 94
2026-09-05T14:36:19.4310170Z       },
2026-09-05T14:36:19.4310320Z       {
2026-09-05T14:36:19.4310464Z         "file" : 0
2026-09-05T14:36:19.4310621Z       },
2026-09-05T14:36:19.4310764Z       {
2026-09-05T14:36:19.4310912Z         "command" : 0,
2026-09-05T14:36:19.4311084Z         "file" : 0,
2026-09-05T14:36:19.4311253Z         "line" : 243,
2026-09-05T14:36:19.4311424Z         "parent" : 96
2026-09-05T14:36:19.4311587Z       },
2026-09-05T14:36:19.4311727Z       {
2026-09-05T14:36:19.4311872Z         "file" : 0
2026-09-05T14:36:19.4312029Z       },
2026-09-05T14:36:19.4312175Z       {
2026-09-05T14:36:19.4312326Z         "command" : 0,
2026-09-05T14:36:19.4312497Z         "file" : 0,
2026-09-05T14:36:19.4312659Z         "line" : 244,
2026-09-05T14:36:19.4312827Z         "parent" : 98
2026-09-05T14:36:19.4312986Z       },
2026-09-05T14:36:19.4313123Z       {
2026-09-05T14:36:19.4313263Z         "file" : 0
2026-09-05T14:36:19.4313422Z       },
2026-09-05T14:36:19.4313571Z       {
2026-09-05T14:36:19.4313721Z         "command" : 0,
2026-09-05T14:36:19.4313899Z         "file" : 0,
2026-09-05T14:36:19.4314064Z         "line" : 246,
2026-09-05T14:36:19.4314239Z         "parent" : 100
2026-09-05T14:36:19.4314412Z       },
2026-09-05T14:36:19.4314557Z       {
2026-09-05T14:36:19.4314723Z         "file" : 0
2026-09-05T14:36:19.4314996Z       },
2026-09-05T14:36:19.4315149Z       {
2026-09-05T14:36:19.4315302Z         "command" : 0,
2026-09-05T14:36:19.4315477Z         "file" : 0,
2026-09-05T14:36:19.4315644Z         "line" : 247,
2026-09-05T14:36:19.4315820Z         "parent" : 102
2026-09-05T14:36:19.4315995Z       },
2026-09-05T14:36:19.4316142Z       {
2026-09-05T14:36:19.4316288Z         "file" : 0
2026-09-05T14:36:19.4316447Z       },
2026-09-05T14:36:19.4316593Z       {
2026-09-05T14:36:19.4316742Z         "command" : 0,
2026-09-05T14:36:19.4316922Z         "file" : 0,
2026-09-05T14:36:19.4317090Z         "line" : 248,
2026-09-05T14:36:19.4317277Z         "parent" : 104
2026-09-05T14:36:19.4317447Z       },
2026-09-05T14:36:19.4317596Z       {
2026-09-05T14:36:19.4317741Z         "file" : 0
2026-09-05T14:36:19.4317902Z       },
2026-09-05T14:36:19.4318047Z       {
2026-09-05T14:36:19.4318197Z         "command" : 0,
2026-09-05T14:36:19.4318376Z         "file" : 0,
2026-09-05T14:36:19.4318541Z         "line" : 249,
2026-09-05T14:36:19.4318714Z         "parent" : 106
2026-09-05T14:36:19.4318887Z       },
2026-09-05T14:36:19.4319034Z       {
2026-09-05T14:36:19.4319186Z         "file" : 0
2026-09-05T14:36:19.4319347Z       },
2026-09-05T14:36:19.4319621Z       {
2026-09-05T14:36:19.4319770Z         "command" : 0,
2026-09-05T14:36:19.4319947Z         "file" : 0,
2026-09-05T14:36:19.4320113Z         "line" : 250,
2026-09-05T14:36:19.4320288Z         "parent" : 108
2026-09-05T14:36:19.4320455Z       },
2026-09-05T14:36:19.4320600Z       {
2026-09-05T14:36:19.4320746Z         "file" : 0
2026-09-05T14:36:19.4320977Z       },
2026-09-05T14:36:19.4321126Z       {
2026-09-05T14:36:19.4321272Z         "command" : 0,
2026-09-05T14:36:19.4321453Z         "file" : 0,
2026-09-05T14:36:19.4321624Z         "line" : 251,
2026-09-05T14:36:19.4321796Z         "parent" : 110
2026-09-05T14:36:19.4321968Z       },
2026-09-05T14:36:19.4322113Z       {
2026-09-05T14:36:19.4322260Z         "file" : 0
2026-09-05T14:36:19.4322418Z       },
2026-09-05T14:36:19.4322564Z       {
2026-09-05T14:36:19.4322716Z         "command" : 0,
2026-09-05T14:36:19.4322896Z         "file" : 0,
2026-09-05T14:36:19.4323061Z         "line" : 253,
2026-09-05T14:36:19.4323239Z         "parent" : 112
2026-09-05T14:36:19.4323420Z       },
2026-09-05T14:36:19.4323565Z       {
2026-09-05T14:36:19.4323712Z         "file" : 0
2026-09-05T14:36:19.4323871Z       },
2026-09-05T14:36:19.4324013Z       {
2026-09-05T14:36:19.4324167Z         "command" : 0,
2026-09-05T14:36:19.4324344Z         "file" : 0,
2026-09-05T14:36:19.4324517Z         "line" : 255,
2026-09-05T14:36:19.4324693Z         "parent" : 114
2026-09-05T14:36:19.4324869Z       },
2026-09-05T14:36:19.4325013Z       {
2026-09-05T14:36:19.4325155Z         "file" : 0
2026-09-05T14:36:19.4325319Z       },
2026-09-05T14:36:19.4325469Z       {
2026-09-05T14:36:19.4325623Z         "command" : 0,
2026-09-05T14:36:19.4325808Z         "file" : 0,
2026-09-05T14:36:19.4325988Z         "line" : 257,
2026-09-05T14:36:19.4326175Z         "parent" : 116
2026-09-05T14:36:19.4326350Z       },
2026-09-05T14:36:19.4326498Z       {
2026-09-05T14:36:19.4326643Z         "file" : 0
2026-09-05T14:36:19.4326797Z       },
2026-09-05T14:36:19.4326945Z       {
2026-09-05T14:36:19.4327099Z         "command" : 0,
2026-09-05T14:36:19.4327272Z         "file" : 0,
2026-09-05T14:36:19.4327445Z         "line" : 259,
2026-09-05T14:36:19.4327618Z         "parent" : 118
2026-09-05T14:36:19.4327785Z       },
2026-09-05T14:36:19.4327934Z       {
2026-09-05T14:36:19.4328077Z         "file" : 0
2026-09-05T14:36:19.4328240Z       },
2026-09-05T14:36:19.4328384Z       {
2026-09-05T14:36:19.4328534Z         "command" : 0,
2026-09-05T14:36:19.4328716Z         "file" : 0,
2026-09-05T14:36:19.4328881Z         "line" : 261,
2026-09-05T14:36:19.4329057Z         "parent" : 120
2026-09-05T14:36:19.4329228Z       }
2026-09-05T14:36:19.4329371Z     ]
2026-09-05T14:36:19.4329529Z   },
2026-09-05T14:36:19.4329690Z   "kind" : "ctestInfo",
2026-09-05T14:36:19.4329882Z   "tests" : 
2026-09-05T14:36:19.4330038Z   [
2026-09-05T14:36:19.4330180Z     {
2026-09-05T14:36:19.4330328Z       "backtrace" : 1,
2026-09-05T14:36:19.4330512Z       "command" : 
2026-09-05T14:36:19.4330684Z       [
2026-09-05T14:36:19.4330957Z         "C:/openfhe-2023-1788/project-build-33971779479-1/dcp_rcb_test.exe"
2026-09-05T14:36:19.4331291Z       ],
2026-09-05T14:36:19.4331455Z       "name" : "dcp_rcb",
2026-09-05T14:36:19.4331657Z       "properties" : 
2026-09-05T14:36:19.4331844Z       [
2026-09-05T14:36:19.4331989Z         {
2026-09-05T14:36:19.4332161Z           "name" : "WORKING_DIRECTORY",
2026-09-05T14:36:19.4332478Z           "value" : "C:/openfhe-2023-1788/project-build-33971779479-1"
2026-09-05T14:36:19.4332905Z         }
2026-09-05T14:36:19.4333177Z       ]
2026-09-05T14:36:19.4333354Z     },
2026-09-05T14:36:19.4333606Z     {
2026-09-05T14:36:19.4333895Z       "backtrace" : 3,
2026-09-05T14:36:19.4334248Z       "command" : 
2026-09-05T14:36:19.4334428Z       [
2026-09-05T14:36:19.4334978Z         "C:/openfhe-2023-1788/project-build-33971779479-1/precision_dcp_rcb_contract_test.exe"
2026-09-05T14:36:19.4335755Z       ],
2026-09-05T14:36:19.4336140Z       "name" : "precision_dcp_rcb_high_precision_contract",
2026-09-05T14:36:19.4336441Z       "properties" : 
2026-09-05T14:36:19.4336629Z       [
2026-09-05T14:36:19.4336777Z         {
2026-09-05T14:36:19.4336947Z           "name" : "WORKING_DIRECTORY",
2026-09-05T14:36:19.4337266Z           "value" : "C:/openfhe-2023-1788/project-build-33971779479-1"
2026-09-05T14:36:19.4337648Z         }
2026-09-05T14:36:19.4337800Z       ]
2026-09-05T14:36:19.4337941Z     },
2026-09-05T14:36:19.4338085Z     {
2026-09-05T14:36:19.4338299Z       "backtrace" : 5,
2026-09-05T14:36:19.4338646Z       "command" : 
2026-09-05T14:36:19.4338839Z       [
2026-09-05T14:36:19.4339194Z         "C:/openfhe-2023-1788/project-build-33971779479-1/precision_first_mult2_contract_test.exe"
2026-09-05T14:36:19.4339615Z       ],
2026-09-05T14:36:19.4339847Z       "name" : "precision_first_mult2_high_precision_contract",
2026-09-05T14:36:19.4340158Z       "properties" : 
2026-09-05T14:36:19.4340345Z       [
2026-09-05T14:36:19.4340494Z         {
2026-09-05T14:36:19.4340659Z           "name" : "WORKING_DIRECTORY",
2026-09-05T14:36:19.4340975Z           "value" : "C:/openfhe-2023-1788/project-build-33971779479-1"
2026-09-05T14:36:19.4341274Z         }
2026-09-05T14:36:19.4341424Z       ]
2026-09-05T14:36:19.4341566Z     },
2026-09-05T14:36:19.4341711Z     {
2026-09-05T14:36:19.4341871Z       "backtrace" : 7,
2026-09-05T14:36:19.4342053Z       "command" : 
2026-09-05T14:36:19.4342220Z       [
2026-09-05T14:36:19.4342480Z         "C:/openfhe-2023-1788/project-build-33971779479-1/pair_add_test.exe"
2026-09-05T14:36:19.4342818Z       ],
2026-09-05T14:36:19.4342990Z       "name" : "pair_add_runtime_behavior",
2026-09-05T14:36:19.4343232Z       "properties" : 
2026-09-05T14:36:19.4343406Z       [
2026-09-05T14:36:19.4343545Z         {
2026-09-05T14:36:19.4343706Z           "name" : "WORKING_DIRECTORY",
2026-09-05T14:36:19.4344008Z           "value" : "C:/openfhe-2023-1788/project-build-33971779479-1"
2026-09-05T14:36:19.4344310Z         }
2026-09-05T14:36:19.4344458Z       ]
2026-09-05T14:36:19.4344599Z     },
2026-09-05T14:36:19.4344742Z     {
2026-09-05T14:36:19.4344899Z       "backtrace" : 9,
2026-09-05T14:36:19.4345079Z       "command" : 
2026-09-05T14:36:19.4345244Z       [
2026-09-05T14:36:19.4345496Z         "C:/openfhe-2023-1788/project-build-33971779479-1/pair_sub_test.exe"
2026-09-05T14:36:19.4345823Z       ],
2026-09-05T14:36:19.4345995Z       "name" : "pair_sub_runtime_behavior",
2026-09-05T14:36:19.4346234Z       "properties" : 
2026-09-05T14:36:19.4346407Z       [
2026-09-05T14:36:19.4346546Z         {
2026-09-05T14:36:19.4346703Z           "name" : "WORKING_DIRECTORY",
2026-09-05T14:36:19.4347000Z           "value" : "C:/openfhe-2023-1788/project-build-33971779479-1"
2026-09-05T14:36:19.4347287Z         }
2026-09-05T14:36:19.4347426Z       ]
2026-09-05T14:36:19.4347562Z     },
2026-09-05T14:36:19.4347699Z     {
2026-09-05T14:36:19.4347847Z       "backtrace" : 11,
2026-09-05T14:36:19.4348030Z       "command" : 
2026-09-05T14:36:19.4348186Z       [
2026-09-05T14:36:19.4348458Z         "C:/openfhe-2023-1788/project-build-33971779479-1/pair_arithmetic_test.exe",
2026-09-05T14:36:19.4348859Z         "controlled_oracle"
2026-09-05T14:36:19.4349052Z       ],
2026-09-05T14:36:19.4349254Z       "name" : "pair_arithmetic_controlled_oracle",
2026-09-05T14:36:19.4349528Z       "properties" : 
2026-09-05T14:36:19.4349700Z       [
2026-09-05T14:36:19.4349840Z         {
2026-09-05T14:36:19.4350001Z           "name" : "WORKING_DIRECTORY",
2026-09-05T14:36:19.4350301Z           "value" : "C:/openfhe-2023-1788/project-build-33971779479-1"
2026-09-05T14:36:19.4350596Z         }
2026-09-05T14:36:19.4350736Z       ]
2026-09-05T14:36:19.4350869Z     },
2026-09-05T14:36:19.4351001Z     {
2026-09-05T14:36:19.4351142Z       "backtrace" : 13,
2026-09-05T14:36:19.4351313Z       "command" : 
2026-09-05T14:36:19.4351474Z       [
2026-09-05T14:36:19.4351753Z         "C:/openfhe-2023-1788/project-build-33971779479-1/pair_arithmetic_test.exe",
2026-09-05T14:36:19.4352231Z         "public_lifecycles_keyless"
2026-09-05T14:36:19.4352437Z       ],
2026-09-05T14:36:19.4352640Z       "name" : "pair_arithmetic_public_lifecycles_keyless",
2026-09-05T14:36:19.4352918Z       "properties" : 
2026-09-05T14:36:19.4353082Z       [
2026-09-05T14:36:19.4353216Z         {
2026-09-05T14:36:19.4353437Z           "name" : "WORKING_DIRECTORY",
2026-09-05T14:36:19.4353732Z           "value" : "C:/openfhe-2023-1788/project-build-33971779479-1"
2026-09-05T14:36:19.4354024Z         }
2026-09-05T14:36:19.4354160Z       ]
2026-09-05T14:36:19.4354293Z     },
2026-09-05T14:36:19.4354429Z     {
2026-09-05T14:36:19.4354570Z       "backtrace" : 15,
2026-09-05T14:36:19.4354744Z       "command" : 
2026-09-05T14:36:19.4354903Z       [
2026-09-05T14:36:19.4355180Z         "C:/openfhe-2023-1788/project-build-33971779479-1/pair_arithmetic_test.exe",
2026-09-05T14:36:19.4355557Z         "compatibility_rejections"
2026-09-05T14:36:19.4355775Z       ],
2026-09-05T14:36:19.4355984Z       "name" : "pair_arithmetic_compatibility_rejections",
2026-09-05T14:36:19.4356266Z       "properties" : 
2026-09-05T14:36:19.4356438Z       [
2026-09-05T14:36:19.4356576Z         {
2026-09-05T14:36:19.4356734Z           "name" : "WORKING_DIRECTORY",
2026-09-05T14:36:19.4357030Z           "value" : "C:/openfhe-2023-1788/project-build-33971779479-1"
2026-09-05T14:36:19.4357323Z         }
2026-09-05T14:36:19.4357463Z       ]
2026-09-05T14:36:19.4357598Z     },
2026-09-05T14:36:19.4357741Z     {
2026-09-05T14:36:19.4357887Z       "backtrace" : 17,
2026-09-05T14:36:19.4358064Z       "command" : 
2026-09-05T14:36:19.4358219Z       [
2026-09-05T14:36:19.4358465Z         "C:/openfhe-2023-1788/project-build-33971779479-1/tensor2_test.exe",
2026-09-05T14:36:19.4358807Z         "valid_arithmetic_immutability"
2026-09-05T14:36:19.4359022Z       ],
2026-09-05T14:36:19.4359210Z       "name" : "tensor2_valid_arithmetic_immutability",
2026-09-05T14:36:19.4359477Z       "properties" : 
2026-09-05T14:36:19.4359645Z       [
2026-09-05T14:36:19.4359783Z         {
2026-09-05T14:36:19.4360013Z           "name" : "WORKING_DIRECTORY",
2026-09-05T14:36:19.4360417Z           "value" : "C:/openfhe-2023-1788/project-build-33971779479-1"
2026-09-05T14:36:19.4360710Z         }
2026-09-05T14:36:19.4360850Z       ]
2026-09-05T14:36:19.4360993Z     },
2026-09-05T14:36:19.4361131Z     {
2026-09-05T14:36:19.4361277Z       "backtrace" : 19,
2026-09-05T14:36:19.4361456Z       "command" : 
2026-09-05T14:36:19.4361613Z       [
2026-09-05T14:36:19.4361856Z         "C:/openfhe-2023-1788/project-build-33971779479-1/tensor2_test.exe",
2026-09-05T14:36:19.4362192Z         "result_scale_contract"
2026-09-05T14:36:19.4362386Z       ],
2026-09-05T14:36:19.4362565Z       "name" : "tensor2_result_scale_contract",
2026-09-05T14:36:19.4362813Z       "properties" : 
2026-09-05T14:36:19.4362980Z       [
2026-09-05T14:36:19.4363116Z         {
2026-09-05T14:36:19.4363269Z           "name" : "WORKING_DIRECTORY",
2026-09-05T14:36:19.4363562Z           "value" : "C:/openfhe-2023-1788/project-build-33971779479-1"
2026-09-05T14:36:19.4363851Z         }
2026-09-05T14:36:19.4363994Z       ]
2026-09-05T14:36:19.4364132Z     },
2026-09-05T14:36:19.4364269Z     {
2026-09-05T14:36:19.4364416Z       "backtrace" : 21,
2026-09-05T14:36:19.4364606Z       "command" : 
2026-09-05T14:36:19.4364827Z       [
2026-09-05T14:36:19.4365284Z         "C:/openfhe-2023-1788/project-build-33971779479-1/tensor2_test.exe",
2026-09-05T14:36:19.4365930Z         "right_input_validation"
2026-09-05T14:36:19.4366322Z       ],
2026-09-05T14:36:19.4366652Z       "name" : "tensor2_right_input_validation",
2026-09-05T14:36:19.4367122Z       "properties" : 
2026-09-05T14:36:19.4367440Z       [
2026-09-05T14:36:19.4367685Z         {
2026-09-05T14:36:19.4367961Z           "name" : "WORKING_DIRECTORY",
2026-09-05T14:36:19.4368507Z           "value" : "C:/openfhe-2023-1788/project-build-33971779479-1"
2026-09-05T14:36:19.4369232Z         }
2026-09-05T14:36:19.4369476Z       ]
2026-09-05T14:36:19.4369712Z     },
2026-09-05T14:36:19.4369942Z     {
2026-09-05T14:36:19.4370192Z       "backtrace" : 23,
2026-09-05T14:36:19.4370521Z       "command" : 
2026-09-05T14:36:19.4370823Z       [
2026-09-05T14:36:19.4372138Z         "C:/openfhe-2023-1788/project-build-33971779479-1/tensor2_test.exe",
2026-09-05T14:36:19.4372836Z         "mutual_compatibility"
2026-09-05T14:36:19.4373194Z       ],
2026-09-05T14:36:19.4373498Z       "name" : "tensor2_mutual_compatibility",
2026-09-05T14:36:19.4373941Z       "properties" : 
2026-09-05T14:36:19.4374245Z       [
2026-09-05T14:36:19.4374476Z         {
2026-09-05T14:36:19.4374744Z           "name" : "WORKING_DIRECTORY",
2026-09-05T14:36:19.4375264Z           "value" : "C:/openfhe-2023-1788/project-build-33971779479-1"
2026-09-05T14:36:19.4375785Z         }
2026-09-05T14:36:19.4376034Z       ]
2026-09-05T14:36:19.4376276Z     },
2026-09-05T14:36:19.4376538Z     {
2026-09-05T14:36:19.4376838Z       "backtrace" : 25,
2026-09-05T14:36:19.4377074Z       "command" : 
2026-09-05T14:36:19.4377246Z       [
2026-09-05T14:36:19.4377522Z         "C:/openfhe-2023-1788/project-build-33971779479-1/tensor2_test.exe",
2026-09-05T14:36:19.4378211Z         "prearithmetic_key_compatibility"
2026-09-05T14:36:19.4378638Z       ],
2026-09-05T14:36:19.4379037Z       "name" : "tensor2_prearithmetic_key_compatibility",
2026-09-05T14:36:19.4379545Z       "properties" : 
2026-09-05T14:36:19.4379731Z       [
2026-09-05T14:36:19.4379877Z         {
2026-09-05T14:36:19.4380039Z           "name" : "WORKING_DIRECTORY",
2026-09-05T14:36:19.4380350Z           "value" : "C:/openfhe-2023-1788/project-build-33971779479-1"
2026-09-05T14:36:19.4380646Z         }
2026-09-05T14:36:19.4380786Z       ]
2026-09-05T14:36:19.4380924Z     },
2026-09-05T14:36:19.4381072Z     {
2026-09-05T14:36:19.4381224Z       "backtrace" : 27,
2026-09-05T14:36:19.4381403Z       "command" : 
2026-09-05T14:36:19.4381569Z       [
2026-09-05T14:36:19.4381816Z         "C:/openfhe-2023-1788/project-build-33971779479-1/relin2_test.exe",
2026-09-05T14:36:19.4382155Z         "tensor_validation_order"
2026-09-05T14:36:19.4382359Z       ],
2026-09-05T14:36:19.4382536Z       "name" : "relin2_tensor_validation_order",
2026-09-05T14:36:19.4382784Z       "properties" : 
2026-09-05T14:36:19.4382960Z       [
2026-09-05T14:36:19.4383097Z         {
2026-09-05T14:36:19.4383254Z           "name" : "WORKING_DIRECTORY",
2026-09-05T14:36:19.4383549Z           "value" : "C:/openfhe-2023-1788/project-build-33971779479-1"
2026-09-05T14:36:19.4383840Z         }
2026-09-05T14:36:19.4383981Z       ]
2026-09-05T14:36:19.4384114Z     },
2026-09-05T14:36:19.4384248Z     {
2026-09-05T14:36:19.4384392Z       "backtrace" : 29,
2026-09-05T14:36:19.4384573Z       "command" : 
2026-09-05T14:36:19.4384730Z       [
2026-09-05T14:36:19.4384967Z         "C:/openfhe-2023-1788/project-build-33971779479-1/relin2_test.exe",
2026-09-05T14:36:19.4385308Z         "insufficient_active_basis"
2026-09-05T14:36:19.4385519Z       ],
2026-09-05T14:36:19.4385702Z       "name" : "relin2_insufficient_active_basis",
2026-09-05T14:36:19.4385957Z       "properties" : 
2026-09-05T14:36:19.4386126Z       [
2026-09-05T14:36:19.4386263Z         {
2026-09-05T14:36:19.4386416Z           "name" : "WORKING_DIRECTORY",
2026-09-05T14:36:19.4386711Z           "value" : "C:/openfhe-2023-1788/project-build-33971779479-1"
2026-09-05T14:36:19.4387002Z         }
2026-09-05T14:36:19.4387139Z       ]
2026-09-05T14:36:19.4387276Z     },
2026-09-05T14:36:19.4387409Z     {
2026-09-05T14:36:19.4387555Z       "backtrace" : 31,
2026-09-05T14:36:19.4387731Z       "command" : 
2026-09-05T14:36:19.4387894Z       [
2026-09-05T14:36:19.4388184Z         "C:/openfhe-2023-1788/project-build-33971779479-1/relin2_test.exe",
2026-09-05T14:36:19.4388738Z         "missing_eval_key"
2026-09-05T14:36:19.4389042Z       ],
2026-09-05T14:36:19.4389237Z       "name" : "relin2_missing_eval_key",
2026-09-05T14:36:19.4389841Z       "properties" : 
2026-09-05T14:36:19.4390025Z       [
2026-09-05T14:36:19.4390175Z         {
2026-09-05T14:36:19.4390338Z           "name" : "WORKING_DIRECTORY",
2026-09-05T14:36:19.4390694Z           "value" : "C:/openfhe-2023-1788/project-build-33971779479-1"
2026-09-05T14:36:19.4391229Z         }
2026-09-05T14:36:19.4391608Z       ]
2026-09-05T14:36:19.4391841Z     },
2026-09-05T14:36:19.4392075Z     {
2026-09-05T14:36:19.4392327Z       "backtrace" : 33,
2026-09-05T14:36:19.4392636Z       "command" : 
2026-09-05T14:36:19.4392899Z       [
2026-09-05T14:36:19.4393315Z         "C:/openfhe-2023-1788/project-build-33971779479-1/relin2_test.exe",
2026-09-05T14:36:19.4393898Z         "key_empty"
2026-09-05T14:36:19.4394199Z       ],
2026-09-05T14:36:19.4394367Z       "name" : "relin2_key_empty",
2026-09-05T14:36:19.4394584Z       "properties" : 
2026-09-05T14:36:19.4394754Z       [
2026-09-05T14:36:19.4394895Z         {
2026-09-05T14:36:19.4395174Z           "name" : "WORKING_DIRECTORY",
2026-09-05T14:36:19.4395801Z           "value" : "C:/openfhe-2023-1788/project-build-33971779479-1"
2026-09-05T14:36:19.4396374Z         }
2026-09-05T14:36:19.4396648Z       ]
2026-09-05T14:36:19.4396908Z     },
2026-09-05T14:36:19.4397167Z     {
2026-09-05T14:36:19.4397442Z       "backtrace" : 35,
2026-09-05T14:36:19.4397783Z       "command" : 
2026-09-05T14:36:19.4397951Z       [
2026-09-05T14:36:19.4398200Z         "C:/openfhe-2023-1788/project-build-33971779479-1/relin2_test.exe",
2026-09-05T14:36:19.4398528Z         "key_null_first"
2026-09-05T14:36:19.4398712Z       ],
2026-09-05T14:36:19.4398906Z       "name" : "relin2_key_null_first",
2026-09-05T14:36:19.4399134Z       "properties" : 
2026-09-05T14:36:19.4399306Z       [
2026-09-05T14:36:19.4399445Z         {
2026-09-05T14:36:19.4399603Z           "name" : "WORKING_DIRECTORY",
2026-09-05T14:36:19.4399899Z           "value" : "C:/openfhe-2023-1788/project-build-33971779479-1"
2026-09-05T14:36:19.4400343Z         }
2026-09-05T14:36:19.4400580Z       ]
2026-09-05T14:36:19.4400809Z     },
2026-09-05T14:36:19.4401043Z     {
2026-09-05T14:36:19.4401298Z       "backtrace" : 37,
2026-09-05T14:36:19.4401615Z       "command" : 
2026-09-05T14:36:19.4401888Z       [
2026-09-05T14:36:19.4402316Z         "C:/openfhe-2023-1788/project-build-33971779479-1/relin2_test.exe",
2026-09-05T14:36:19.4402907Z         "key_wrong_context"
2026-09-05T14:36:19.4403232Z       ],
2026-09-05T14:36:19.4403504Z       "name" : "relin2_key_wrong_context",
2026-09-05T14:36:19.4403900Z       "properties" : 
2026-09-05T14:36:19.4404192Z       [
2026-09-05T14:36:19.4404425Z         {
2026-09-05T14:36:19.4404589Z           "name" : "WORKING_DIRECTORY",
2026-09-05T14:36:19.4404882Z           "value" : "C:/openfhe-2023-1788/project-build-33971779479-1"
2026-09-05T14:36:19.4405179Z         }
2026-09-05T14:36:19.4405317Z       ]
2026-09-05T14:36:19.4405456Z     },
2026-09-05T14:36:19.4405591Z     {
2026-09-05T14:36:19.4405743Z       "backtrace" : 39,
2026-09-05T14:36:19.4405986Z       "command" : 
2026-09-05T14:36:19.4406249Z       [
2026-09-05T14:36:19.4406671Z         "C:/openfhe-2023-1788/project-build-33971779479-1/relin2_test.exe",
2026-09-05T14:36:19.4407309Z         "key_wrong_tag"
2026-09-05T14:36:19.4407695Z       ],
2026-09-05T14:36:19.4408001Z       "name" : "relin2_key_wrong_tag",
2026-09-05T14:36:19.4408429Z       "properties" : 
2026-09-05T14:36:19.4408843Z       [
2026-09-05T14:36:19.4409255Z         {
2026-09-05T14:36:19.4423369Z           "name" : "WORKING_DIRECTORY",
2026-09-05T14:36:19.4424059Z           "value" : "C:/openfhe-2023-1788/project-build-33971779479-1"
2026-09-05T14:36:19.4424678Z         }
2026-09-05T14:36:19.4424949Z       ]
2026-09-05T14:36:19.4425209Z     },
2026-09-05T14:36:19.4425461Z     {
2026-09-05T14:36:19.4425725Z       "backtrace" : 41,
2026-09-05T14:36:19.4426044Z       "command" : 
2026-09-05T14:36:19.4426317Z       [
2026-09-05T14:36:19.4426760Z         "C:/openfhe-2023-1788/project-build-33971779479-1/relin2_test.exe",
2026-09-05T14:36:19.4427644Z         "key_wrong_subtype"
2026-09-05T14:36:19.4427982Z       ],
2026-09-05T14:36:19.4428322Z       "name" : "relin2_key_wrong_subtype",
2026-09-05T14:36:19.4428745Z       "properties" : 
2026-09-05T14:36:19.4429116Z       [
2026-09-05T14:36:19.4429381Z         {
2026-09-05T14:36:19.4429964Z           "name" : "WORKING_DIRECTORY",
2026-09-05T14:36:19.4430561Z           "value" : "C:/openfhe-2023-1788/project-build-33971779479-1"
2026-09-05T14:36:19.4431101Z         }
2026-09-05T14:36:19.4431340Z       ]
2026-09-05T14:36:19.4431578Z     },
2026-09-05T14:36:19.4431817Z     {
2026-09-05T14:36:19.4432069Z       "backtrace" : 43,
2026-09-05T14:36:19.4432370Z       "command" : 
2026-09-05T14:36:19.4432646Z       [
2026-09-05T14:36:19.4433084Z         "C:/openfhe-2023-1788/project-build-33971779479-1/relin2_test.exe",
2026-09-05T14:36:19.4433716Z         "key_hybrid_a_length"
2026-09-05T14:36:19.4434052Z       ],
2026-09-05T14:36:19.4434368Z       "name" : "relin2_key_hybrid_a_length",
2026-09-05T14:36:19.4434816Z       "properties" : 
2026-09-05T14:36:19.4435148Z       [
2026-09-05T14:36:19.4435410Z         {
2026-09-05T14:36:19.4435696Z           "name" : "WORKING_DIRECTORY",
2026-09-05T14:36:19.4436061Z           "value" : "C:/openfhe-2023-1788/project-build-33971779479-1"
2026-09-05T14:36:19.4436397Z         }
2026-09-05T14:36:19.4436661Z       ]
2026-09-05T14:36:19.4436898Z     },
2026-09-05T14:36:19.4437138Z     {
2026-09-05T14:36:19.4437396Z       "backtrace" : 45,
2026-09-05T14:36:19.4437695Z       "command" : 
2026-09-05T14:36:19.4437865Z       [
2026-09-05T14:36:19.4438131Z         "C:/openfhe-2023-1788/project-build-33971779479-1/relin2_test.exe",
2026-09-05T14:36:19.4438486Z         "key_hybrid_b_length"
2026-09-05T14:36:19.4438689Z       ],
2026-09-05T14:36:19.4438860Z       "name" : "relin2_key_hybrid_b_length",
2026-09-05T14:36:19.4439102Z       "properties" : 
2026-09-05T14:36:19.4439282Z       [
2026-09-05T14:36:19.4439422Z         {
2026-09-05T14:36:19.4439592Z           "name" : "WORKING_DIRECTORY",
2026-09-05T14:36:19.4439893Z           "value" : "C:/openfhe-2023-1788/project-build-33971779479-1"
2026-09-05T14:36:19.4440193Z         }
2026-09-05T14:36:19.4440337Z       ]
2026-09-05T14:36:19.4440479Z     },
2026-09-05T14:36:19.4440619Z     {
2026-09-05T14:36:19.4440772Z       "backtrace" : 47,
2026-09-05T14:36:19.4440956Z       "command" : 
2026-09-05T14:36:19.4441115Z       [
2026-09-05T14:36:19.4441358Z         "C:/openfhe-2023-1788/project-build-33971779479-1/relin2_test.exe",
2026-09-05T14:36:19.4441696Z         "key_hybrid_entry_basis"
2026-09-05T14:36:19.4441900Z       ],
2026-09-05T14:36:19.4442083Z       "name" : "relin2_key_hybrid_entry_basis",
2026-09-05T14:36:19.4442330Z       "properties" : 
2026-09-05T14:36:19.4442507Z       [
2026-09-05T14:36:19.4442650Z         {
2026-09-05T14:36:19.4442811Z           "name" : "WORKING_DIRECTORY",
2026-09-05T14:36:19.4443116Z           "value" : "C:/openfhe-2023-1788/project-build-33971779479-1"
2026-09-05T14:36:19.4443413Z         }
2026-09-05T14:36:19.4443558Z       ]
2026-09-05T14:36:19.4443695Z     },
2026-09-05T14:36:19.4443839Z     {
2026-09-05T14:36:19.4443995Z       "backtrace" : 49,
2026-09-05T14:36:19.4444188Z       "command" : 
2026-09-05T14:36:19.4444352Z       [
2026-09-05T14:36:19.4444601Z         "C:/openfhe-2023-1788/project-build-33971779479-1/relin2_test.exe",
2026-09-05T14:36:19.4444940Z         "key_hybrid_entry_format"
2026-09-05T14:36:19.4445148Z       ],
2026-09-05T14:36:19.4445330Z       "name" : "relin2_key_hybrid_entry_format",
2026-09-05T14:36:19.4445583Z       "properties" : 
2026-09-05T14:36:19.4445755Z       [
2026-09-05T14:36:19.4445901Z         {
2026-09-05T14:36:19.4446060Z           "name" : "WORKING_DIRECTORY",
2026-09-05T14:36:19.4446355Z           "value" : "C:/openfhe-2023-1788/project-build-33971779479-1"
2026-09-05T14:36:19.4446651Z         }
2026-09-05T14:36:19.4446955Z       ]
2026-09-05T14:36:19.4447097Z     },
2026-09-05T14:36:19.4447238Z     {
2026-09-05T14:36:19.4447391Z       "backtrace" : 51,
2026-09-05T14:36:19.4447578Z       "command" : 
2026-09-05T14:36:19.4447741Z       [
2026-09-05T14:36:19.4447989Z         "C:/openfhe-2023-1788/project-build-33971779479-1/relin2_test.exe",
2026-09-05T14:36:19.4448406Z         "key_bv_zero_digit_a_length"
2026-09-05T14:36:19.4448628Z       ],
2026-09-05T14:36:19.4448812Z       "name" : "relin2_key_bv_zero_digit_a_length",
2026-09-05T14:36:19.4449076Z       "properties" : 
2026-09-05T14:36:19.4449253Z       [
2026-09-05T14:36:19.4449392Z         {
2026-09-05T14:36:19.4449558Z           "name" : "WORKING_DIRECTORY",
2026-09-05T14:36:19.4449856Z           "value" : "C:/openfhe-2023-1788/project-build-33971779479-1"
2026-09-05T14:36:19.4450152Z         }
2026-09-05T14:36:19.4450295Z       ]
2026-09-05T14:36:19.4450433Z     },
2026-09-05T14:36:19.4450573Z     {
2026-09-05T14:36:19.4450727Z       "backtrace" : 53,
2026-09-05T14:36:19.4450914Z       "command" : 
2026-09-05T14:36:19.4451074Z       [
2026-09-05T14:36:19.4451316Z         "C:/openfhe-2023-1788/project-build-33971779479-1/relin2_test.exe",
2026-09-05T14:36:19.4451668Z         "key_bv_zero_digit_b_length"
2026-09-05T14:36:19.4451879Z       ],
2026-09-05T14:36:19.4452059Z       "name" : "relin2_key_bv_zero_digit_b_length",
2026-09-05T14:36:19.4452315Z       "properties" : 
2026-09-05T14:36:19.4452485Z       [
2026-09-05T14:36:19.4452625Z         {
2026-09-05T14:36:19.4452784Z           "name" : "WORKING_DIRECTORY",
2026-09-05T14:36:19.4453074Z           "value" : "C:/openfhe-2023-1788/project-build-33971779479-1"
2026-09-05T14:36:19.4453364Z         }
2026-09-05T14:36:19.4453506Z       ]
2026-09-05T14:36:19.4453646Z     },
2026-09-05T14:36:19.4453789Z     {
2026-09-05T14:36:19.4453938Z       "backtrace" : 55,
2026-09-05T14:36:19.4454117Z       "command" : 
2026-09-05T14:36:19.4454275Z       [
2026-09-05T14:36:19.4454516Z         "C:/openfhe-2023-1788/project-build-33971779479-1/relin2_test.exe",
2026-09-05T14:36:19.4454857Z         "key_bv_nonzero_digit_a_length"
2026-09-05T14:36:19.4455075Z       ],
2026-09-05T14:36:19.4455265Z       "name" : "relin2_key_bv_nonzero_digit_a_length",
2026-09-05T14:36:19.4455547Z       "properties" : 
2026-09-05T14:36:19.4455739Z       [
2026-09-05T14:36:19.4455884Z         {
2026-09-05T14:36:19.4456045Z           "name" : "WORKING_DIRECTORY",
2026-09-05T14:36:19.4456349Z           "value" : "C:/openfhe-2023-1788/project-build-33971779479-1"
2026-09-05T14:36:19.4456649Z         }
2026-09-05T14:36:19.4456789Z       ]
2026-09-05T14:36:19.4456929Z     },
2026-09-05T14:36:19.4457068Z     {
2026-09-05T14:36:19.4457217Z       "backtrace" : 57,
2026-09-05T14:36:19.4457397Z       "command" : 
2026-09-05T14:36:19.4457556Z       [
2026-09-05T14:36:19.4457796Z         "C:/openfhe-2023-1788/project-build-33971779479-1/relin2_test.exe",
2026-09-05T14:36:19.4458132Z         "key_bv_nonzero_digit_b_length"
2026-09-05T14:36:19.4458351Z       ],
2026-09-05T14:36:19.4458538Z       "name" : "relin2_key_bv_nonzero_digit_b_length",
2026-09-05T14:36:19.4458794Z       "properties" : 
2026-09-05T14:36:19.4458969Z       [
2026-09-05T14:36:19.4459107Z         {
2026-09-05T14:36:19.4459265Z           "name" : "WORKING_DIRECTORY",
2026-09-05T14:36:19.4459590Z           "value" : "C:/openfhe-2023-1788/project-build-33971779479-1"
2026-09-05T14:36:19.4459882Z         }
2026-09-05T14:36:19.4460023Z       ]
2026-09-05T14:36:19.4460088Z     },
2026-09-05T14:36:19.4460144Z     {
2026-09-05T14:36:19.4460219Z       "backtrace" : 59,
2026-09-05T14:36:19.4460281Z       "command" : 
2026-09-05T14:36:19.4460345Z       [
2026-09-05T14:36:19.4460502Z         "C:/openfhe-2023-1788/project-build-33971779479-1/relin2_test.exe",
2026-09-05T14:36:19.4460585Z         "key_bv_zero_digit_entry_basis"
2026-09-05T14:36:19.4460642Z       ],
2026-09-05T14:36:19.4460745Z       "name" : "relin2_key_bv_zero_digit_entry_basis",
2026-09-05T14:36:19.4460902Z       "properties" : 
2026-09-05T14:36:19.4460959Z       [
2026-09-05T14:36:19.4461020Z         {
2026-09-05T14:36:19.4461095Z           "name" : "WORKING_DIRECTORY",
2026-09-05T14:36:19.4461232Z           "value" : "C:/openfhe-2023-1788/project-build-33971779479-1"
2026-09-05T14:36:19.4461290Z         }
2026-09-05T14:36:19.4461353Z       ]
2026-09-05T14:36:19.4461476Z     },
2026-09-05T14:36:19.4461545Z     {
2026-09-05T14:36:19.4461624Z       "backtrace" : 61,
2026-09-05T14:36:19.4461690Z       "command" : 
2026-09-05T14:36:19.4461751Z       [
2026-09-05T14:36:19.4461911Z         "C:/openfhe-2023-1788/project-build-33971779479-1/relin2_test.exe",
2026-09-05T14:36:19.4462004Z         "key_bv_nonzero_digit_entry_basis"
2026-09-05T14:36:19.4462063Z       ],
2026-09-05T14:36:19.4462176Z       "name" : "relin2_key_bv_nonzero_digit_entry_basis",
2026-09-05T14:36:19.4462245Z       "properties" : 
2026-09-05T14:36:19.4462308Z       [
2026-09-05T14:36:19.4462374Z         {
2026-09-05T14:36:19.4462454Z           "name" : "WORKING_DIRECTORY",
2026-09-05T14:36:19.4462592Z           "value" : "C:/openfhe-2023-1788/project-build-33971779479-1"
2026-09-05T14:36:19.4462650Z         }
2026-09-05T14:36:19.4462711Z       ]
2026-09-05T14:36:19.4462768Z     },
2026-09-05T14:36:19.4462832Z     {
2026-09-05T14:36:19.4462900Z       "backtrace" : 63,
2026-09-05T14:36:19.4462972Z       "command" : 
2026-09-05T14:36:19.4463039Z       [
2026-09-05T14:36:19.4463195Z         "C:/openfhe-2023-1788/project-build-33971779479-1/relin2_test.exe",
2026-09-05T14:36:19.4463279Z         "key_bv_zero_digit_entry_format"
2026-09-05T14:36:19.4463337Z       ],
2026-09-05T14:36:19.4463445Z       "name" : "relin2_key_bv_zero_digit_entry_format",
2026-09-05T14:36:19.4463511Z       "properties" : 
2026-09-05T14:36:19.4463576Z       [
2026-09-05T14:36:19.4463633Z         {
2026-09-05T14:36:19.4463715Z           "name" : "WORKING_DIRECTORY",
2026-09-05T14:36:19.4463852Z           "value" : "C:/openfhe-2023-1788/project-build-33971779479-1"
2026-09-05T14:36:19.4463913Z         }
2026-09-05T14:36:19.4463977Z       ]
2026-09-05T14:36:19.4464034Z     },
2026-09-05T14:36:19.4464098Z     {
2026-09-05T14:36:19.4464165Z       "backtrace" : 65,
2026-09-05T14:36:19.4464234Z       "command" : 
2026-09-05T14:36:19.4464291Z       [
2026-09-05T14:36:19.4464455Z         "C:/openfhe-2023-1788/project-build-33971779479-1/relin2_test.exe",
2026-09-05T14:36:19.4464547Z         "key_bv_nonzero_digit_entry_format"
2026-09-05T14:36:19.4464605Z       ],
2026-09-05T14:36:19.4464723Z       "name" : "relin2_key_bv_nonzero_digit_entry_format",
2026-09-05T14:36:19.4464790Z       "properties" : 
2026-09-05T14:36:19.4464855Z       [
2026-09-05T14:36:19.4464914Z         {
2026-09-05T14:36:19.4464996Z           "name" : "WORKING_DIRECTORY",
2026-09-05T14:36:19.4465135Z           "value" : "C:/openfhe-2023-1788/project-build-33971779479-1"
2026-09-05T14:36:19.4465192Z         }
2026-09-05T14:36:19.4465253Z       ]
2026-09-05T14:36:19.4465311Z     },
2026-09-05T14:36:19.4465374Z     {
2026-09-05T14:36:19.4465441Z       "backtrace" : 67,
2026-09-05T14:36:19.4465511Z       "command" : 
2026-09-05T14:36:19.4465567Z       [
2026-09-05T14:36:19.4465727Z         "C:/openfhe-2023-1788/project-build-33971779479-1/relin2_test.exe",
2026-09-05T14:36:19.4465832Z         "valid_arithmetic_state_immutability"
2026-09-05T14:36:19.4465892Z       ],
2026-09-05T14:36:19.4466021Z       "name" : "relin2_valid_arithmetic_state_immutability",
2026-09-05T14:36:19.4466087Z       "properties" : 
2026-09-05T14:36:19.4466148Z       [
2026-09-05T14:36:19.4466206Z         {
2026-09-05T14:36:19.4466288Z           "name" : "WORKING_DIRECTORY",
2026-09-05T14:36:19.4466416Z           "value" : "C:/openfhe-2023-1788/project-build-33971779479-1"
2026-09-05T14:36:19.4466480Z         }
2026-09-05T14:36:19.4466544Z       ]
2026-09-05T14:36:19.4466603Z     },
2026-09-05T14:36:19.4466665Z     {
2026-09-05T14:36:19.4466732Z       "backtrace" : 69,
2026-09-05T14:36:19.4466875Z       "command" : 
2026-09-05T14:36:19.4466932Z       [
2026-09-05T14:36:19.4467097Z         "C:/openfhe-2023-1788/project-build-33971779479-1/relin2_test.exe",
2026-09-05T14:36:19.4467186Z         "controlled_witnesses_and_boundaries"
2026-09-05T14:36:19.4467253Z       ],
2026-09-05T14:36:19.4467441Z       "name" : "relin2_controlled_witnesses_and_boundaries",
2026-09-05T14:36:19.4467511Z       "properties" : 
2026-09-05T14:36:19.4467574Z       [
2026-09-05T14:36:19.4467631Z         {
2026-09-05T14:36:19.4467714Z           "name" : "WORKING_DIRECTORY",
2026-09-05T14:36:19.4467841Z           "value" : "C:/openfhe-2023-1788/project-build-33971779479-1"
2026-09-05T14:36:19.4467904Z         }
2026-09-05T14:36:19.4467964Z       ]
2026-09-05T14:36:19.4468021Z     },
2026-09-05T14:36:19.4468084Z     {
2026-09-05T14:36:19.4468152Z       "backtrace" : 71,
2026-09-05T14:36:19.4468217Z       "command" : 
2026-09-05T14:36:19.4468273Z       [
2026-09-05T14:36:19.4468431Z         "C:/openfhe-2023-1788/project-build-33971779479-1/relin2_test.exe",
2026-09-05T14:36:19.4468520Z         "representative_public_input"
2026-09-05T14:36:19.4468584Z       ],
2026-09-05T14:36:19.4468694Z       "name" : "relin2_representative_public_input",
2026-09-05T14:36:19.4468761Z       "properties" : 
2026-09-05T14:36:19.4468823Z       [
2026-09-05T14:36:19.4468883Z         {
2026-09-05T14:36:19.4468962Z           "name" : "WORKING_DIRECTORY",
2026-09-05T14:36:19.4469089Z           "value" : "C:/openfhe-2023-1788/project-build-33971779479-1"
2026-09-05T14:36:19.4469152Z         }
2026-09-05T14:36:19.4469211Z       ]
2026-09-05T14:36:19.4469272Z     },
2026-09-05T14:36:19.4469333Z     {
2026-09-05T14:36:19.4469400Z       "backtrace" : 73,
2026-09-05T14:36:19.4469467Z       "command" : 
2026-09-05T14:36:19.4469525Z       [
2026-09-05T14:36:19.4469683Z         "C:/openfhe-2023-1788/project-build-33971779479-1/relin2_test.exe",
2026-09-05T14:36:19.4469757Z         "key_extra_later_valid"
2026-09-05T14:36:19.4469821Z       ],
2026-09-05T14:36:19.4469911Z       "name" : "relin2_key_extra_later_valid",
2026-09-05T14:36:19.4469983Z       "properties" : 
2026-09-05T14:36:19.4470044Z       [
2026-09-05T14:36:19.4470104Z         {
2026-09-05T14:36:19.4470183Z           "name" : "WORKING_DIRECTORY",
2026-09-05T14:36:19.4470316Z           "value" : "C:/openfhe-2023-1788/project-build-33971779479-1"
2026-09-05T14:36:19.4470380Z         }
2026-09-05T14:36:19.4470441Z       ]
2026-09-05T14:36:19.4470507Z     },
2026-09-05T14:36:19.4470564Z     {
2026-09-05T14:36:19.4470637Z       "backtrace" : 75,
2026-09-05T14:36:19.4470705Z       "command" : 
2026-09-05T14:36:19.4470763Z       [
2026-09-05T14:36:19.4470920Z         "C:/openfhe-2023-1788/project-build-33971779479-1/relin2_test.exe",
2026-09-05T14:36:19.4470999Z         "key_malformed_later_ignored"
2026-09-05T14:36:19.4471064Z       ],
2026-09-05T14:36:19.4471164Z       "name" : "relin2_key_malformed_later_ignored",
2026-09-05T14:36:19.4471241Z       "properties" : 
2026-09-05T14:36:19.4471298Z       [
2026-09-05T14:36:19.4471362Z         {
2026-09-05T14:36:19.4471442Z           "name" : "WORKING_DIRECTORY",
2026-09-05T14:36:19.4471571Z           "value" : "C:/openfhe-2023-1788/project-build-33971779479-1"
2026-09-05T14:36:19.4471635Z         }
2026-09-05T14:36:19.4471694Z       ]
2026-09-05T14:36:19.4471760Z     },
2026-09-05T14:36:19.4471818Z     {
2026-09-05T14:36:19.4471895Z       "backtrace" : 77,
2026-09-05T14:36:19.4471958Z       "command" : 
2026-09-05T14:36:19.4472021Z       [
2026-09-05T14:36:19.4472179Z         "C:/openfhe-2023-1788/project-build-33971779479-1/relin2_test.exe",
2026-09-05T14:36:19.4472254Z         "hybrid_valid_shapes"
2026-09-05T14:36:19.4472316Z       ],
2026-09-05T14:36:19.4472403Z       "name" : "relin2_hybrid_valid_shapes",
2026-09-05T14:36:19.4472474Z       "properties" : 
2026-09-05T14:36:19.4472530Z       [
2026-09-05T14:36:19.4472592Z         {
2026-09-05T14:36:19.4472667Z           "name" : "WORKING_DIRECTORY",
2026-09-05T14:36:19.4472881Z           "value" : "C:/openfhe-2023-1788/project-build-33971779479-1"
2026-09-05T14:36:19.4472944Z         }
2026-09-05T14:36:19.4473000Z       ]
2026-09-05T14:36:19.4473063Z     },
2026-09-05T14:36:19.4473119Z     {
2026-09-05T14:36:19.4473190Z       "backtrace" : 79,
2026-09-05T14:36:19.4473319Z       "command" : 
2026-09-05T14:36:19.4473384Z       [
2026-09-05T14:36:19.4473542Z         "C:/openfhe-2023-1788/project-build-33971779479-1/relin2_test.exe",
2026-09-05T14:36:19.4473625Z         "bv_zero_digit_valid_shapes"
2026-09-05T14:36:19.4473689Z       ],
2026-09-05T14:36:19.4473787Z       "name" : "relin2_bv_zero_digit_valid_shapes",
2026-09-05T14:36:19.4473858Z       "properties" : 
2026-09-05T14:36:19.4473916Z       [
2026-09-05T14:36:19.4473977Z         {
2026-09-05T14:36:19.4474050Z           "name" : "WORKING_DIRECTORY",
2026-09-05T14:36:19.4474186Z           "value" : "C:/openfhe-2023-1788/project-build-33971779479-1"
2026-09-05T14:36:19.4474251Z         }
2026-09-05T14:36:19.4474310Z       ]
2026-09-05T14:36:19.4474370Z     },
2026-09-05T14:36:19.4474427Z     {
2026-09-05T14:36:19.4474498Z       "backtrace" : 81,
2026-09-05T14:36:19.4474563Z       "command" : 
2026-09-05T14:36:19.4474629Z       [
2026-09-05T14:36:19.4474792Z         "C:/openfhe-2023-1788/project-build-33971779479-1/relin2_test.exe",
2026-09-05T14:36:19.4474878Z         "bv_nonzero_digit_valid_shapes"
2026-09-05T14:36:19.4474942Z       ],
2026-09-05T14:36:19.4475052Z       "name" : "relin2_bv_nonzero_digit_valid_shapes",
2026-09-05T14:36:19.4475126Z       "properties" : 
2026-09-05T14:36:19.4475183Z       [
2026-09-05T14:36:19.4475245Z         {
2026-09-05T14:36:19.4475321Z           "name" : "WORKING_DIRECTORY",
2026-09-05T14:36:19.4475461Z           "value" : "C:/openfhe-2023-1788/project-build-33971779479-1"
2026-09-05T14:36:19.4475516Z         }
2026-09-05T14:36:19.4475579Z       ]
2026-09-05T14:36:19.4475642Z     },
2026-09-05T14:36:19.4475703Z     {
2026-09-05T14:36:19.4475774Z       "backtrace" : 83,
2026-09-05T14:36:19.4475834Z       "command" : 
2026-09-05T14:36:19.4475895Z       [
2026-09-05T14:36:19.4476053Z         "C:/openfhe-2023-1788/project-build-33971779479-1/relin2_test.exe",
2026-09-05T14:36:19.4476143Z         "first_recombined_rcb_validation"
2026-09-05T14:36:19.4476201Z       ],
2026-09-05T14:36:19.4476322Z       "name" : "relin2_first_recombined_rcb_validation",
2026-09-05T14:36:19.4476389Z       "properties" : 
2026-09-05T14:36:19.4476452Z       [
2026-09-05T14:36:19.4476509Z         {
2026-09-05T14:36:19.4476590Z           "name" : "WORKING_DIRECTORY",
2026-09-05T14:36:19.4476720Z           "value" : "C:/openfhe-2023-1788/project-build-33971779479-1"
2026-09-05T14:36:19.4476781Z         }
2026-09-05T14:36:19.4476838Z       ]
2026-09-05T14:36:19.4476902Z     },
2026-09-05T14:36:19.4476966Z     {
2026-09-05T14:36:19.4477031Z       "backtrace" : 85,
2026-09-05T14:36:19.4477097Z       "command" : 
2026-09-05T14:36:19.4477157Z       [
2026-09-05T14:36:19.4477318Z         "C:/openfhe-2023-1788/project-build-33971779479-1/relin2_test.exe",
2026-09-05T14:36:19.4477407Z         "first_recombined_tensor2_validation"
2026-09-05T14:36:19.4477467Z       ],
2026-09-05T14:36:19.4477594Z       "name" : "relin2_first_recombined_tensor2_validation",
2026-09-05T14:36:19.4477662Z       "properties" : 
2026-09-05T14:36:19.4477723Z       [
2026-09-05T14:36:19.4477779Z         {
2026-09-05T14:36:19.4477858Z           "name" : "WORKING_DIRECTORY",
2026-09-05T14:36:19.4477987Z           "value" : "C:/openfhe-2023-1788/project-build-33971779479-1"
2026-09-05T14:36:19.4478048Z         }
2026-09-05T14:36:19.4478104Z       ]
2026-09-05T14:36:19.4478163Z     },
2026-09-05T14:36:19.4478223Z     {
2026-09-05T14:36:19.4478290Z       "backtrace" : 87,
2026-09-05T14:36:19.4478355Z       "command" : 
2026-09-05T14:36:19.4478411Z       [
2026-09-05T14:36:19.4478569Z         "C:/openfhe-2023-1788/project-build-33971779479-1/relin2_test.exe",
2026-09-05T14:36:19.4478728Z         "tensor2_requires_first_lifecycle"
2026-09-05T14:36:19.4478792Z       ],
2026-09-05T14:36:19.4478900Z       "name" : "relin2_tensor2_requires_first_lifecycle",
2026-09-05T14:36:19.4478970Z       "properties" : 
2026-09-05T14:36:19.4479031Z       [
2026-09-05T14:36:19.4479085Z         {
2026-09-05T14:36:19.4479225Z           "name" : "WORKING_DIRECTORY",
2026-09-05T14:36:19.4479356Z           "value" : "C:/openfhe-2023-1788/project-build-33971779479-1"
2026-09-05T14:36:19.4479416Z         }
2026-09-05T14:36:19.4479471Z       ]
2026-09-05T14:36:19.4479532Z     },
2026-09-05T14:36:19.4479588Z     {
2026-09-05T14:36:19.4479657Z       "backtrace" : 89,
2026-09-05T14:36:19.4479722Z       "command" : 
2026-09-05T14:36:19.4479778Z       [
2026-09-05T14:36:19.4479928Z         "C:/openfhe-2023-1788/project-build-33971779479-1/rs2_test.exe",
2026-09-05T14:36:19.4479997Z         "wrong_lifecycle"
2026-09-05T14:36:19.4480058Z       ],
2026-09-05T14:36:19.4480137Z       "name" : "rs2_wrong_lifecycle",
2026-09-05T14:36:19.4480206Z       "properties" : 
2026-09-05T14:36:19.4480263Z       [
2026-09-05T14:36:19.4480324Z         {
2026-09-05T14:36:19.4480402Z           "name" : "WORKING_DIRECTORY",
2026-09-05T14:36:19.4480530Z           "value" : "C:/openfhe-2023-1788/project-build-33971779479-1"
2026-09-05T14:36:19.4480598Z         }
2026-09-05T14:36:19.4480657Z       ]
2026-09-05T14:36:19.4480717Z     },
2026-09-05T14:36:19.4480772Z     {
2026-09-05T14:36:19.4480845Z       "backtrace" : 91,
2026-09-05T14:36:19.4480906Z       "command" : 
2026-09-05T14:36:19.4480967Z       [
2026-09-05T14:36:19.4481118Z         "C:/openfhe-2023-1788/project-build-33971779479-1/rs2_test.exe",
2026-09-05T14:36:19.4481208Z         "valid_arithmetic_state_immutability"
2026-09-05T14:36:19.4481268Z       ],
2026-09-05T14:36:19.4481374Z       "name" : "rs2_valid_arithmetic_state_immutability",
2026-09-05T14:36:19.4481445Z       "properties" : 
2026-09-05T14:36:19.4481506Z       [
2026-09-05T14:36:19.4481567Z         {
2026-09-05T14:36:19.4481641Z           "name" : "WORKING_DIRECTORY",
2026-09-05T14:36:19.4481776Z           "value" : "C:/openfhe-2023-1788/project-build-33971779479-1"
2026-09-05T14:36:19.4481837Z         }
2026-09-05T14:36:19.4481892Z       ]
2026-09-05T14:36:19.4481953Z     },
2026-09-05T14:36:19.4482012Z     {
2026-09-05T14:36:19.4482085Z       "backtrace" : 93,
2026-09-05T14:36:19.4482146Z       "command" : 
2026-09-05T14:36:19.4482210Z       [
2026-09-05T14:36:19.4482352Z         "C:/openfhe-2023-1788/project-build-33971779479-1/rs2_test.exe",
2026-09-05T14:36:19.4482430Z         "mixed_tower_format"
2026-09-05T14:36:19.4482492Z       ],
2026-09-05T14:36:19.4482571Z       "name" : "rs2_mixed_tower_format",
2026-09-05T14:36:19.4482640Z       "properties" : 
2026-09-05T14:36:19.4482696Z       [
2026-09-05T14:36:19.4482756Z         {
2026-09-05T14:36:19.4482828Z           "name" : "WORKING_DIRECTORY",
2026-09-05T14:36:19.4482961Z           "value" : "C:/openfhe-2023-1788/project-build-33971779479-1"
2026-09-05T14:36:19.4483025Z         }
2026-09-05T14:36:19.4483081Z       ]
2026-09-05T14:36:19.4483143Z     },
2026-09-05T14:36:19.4483198Z     {
2026-09-05T14:36:19.4483267Z       "backtrace" : 95,
2026-09-05T14:36:19.4483326Z       "command" : 
2026-09-05T14:36:19.4483386Z       [
2026-09-05T14:36:19.4483530Z         "C:/openfhe-2023-1788/project-build-33971779479-1/rs2_test.exe",
2026-09-05T14:36:19.4483617Z         "untouched_public_pipeline"
2026-09-05T14:36:19.4483679Z       ],
2026-09-05T14:36:19.4483772Z       "name" : "rs2_untouched_public_pipeline",
2026-09-05T14:36:19.4483838Z       "properties" : 
2026-09-05T14:36:19.4483894Z       [
2026-09-05T14:36:19.4483955Z         {
2026-09-05T14:36:19.4484028Z           "name" : "WORKING_DIRECTORY",
2026-09-05T14:36:19.4484157Z           "value" : "C:/openfhe-2023-1788/project-build-33971779479-1"
2026-09-05T14:36:19.4484211Z         }
2026-09-05T14:36:19.4484271Z       ]
2026-09-05T14:36:19.4484997Z     },
2026-09-05T14:36:19.4485058Z     {
2026-09-05T14:36:19.4485133Z       "backtrace" : 97,
2026-09-05T14:36:19.4485196Z       "command" : 
2026-09-05T14:36:19.4485258Z       [
2026-09-05T14:36:19.4485407Z         "C:/openfhe-2023-1788/project-build-33971779479-1/rs2_test.exe",
2026-09-05T14:36:19.4485878Z         "declared_basis_mismatch"
2026-09-05T14:36:19.4485952Z       ],
2026-09-05T14:36:19.4486053Z       "name" : "rs2_declared_basis_mismatch",
2026-09-05T14:36:19.4486125Z       "properties" : 
2026-09-05T14:36:19.4486181Z       [
2026-09-05T14:36:19.4486243Z         {
2026-09-05T14:36:19.4486324Z           "name" : "WORKING_DIRECTORY",
2026-09-05T14:36:19.4486466Z           "value" : "C:/openfhe-2023-1788/project-build-33971779479-1"
2026-09-05T14:36:19.4486520Z         }
2026-09-05T14:36:19.4486579Z       ]
2026-09-05T14:36:19.4486634Z     },
2026-09-05T14:36:19.4486692Z     {
2026-09-05T14:36:19.4486765Z       "backtrace" : 99,
2026-09-05T14:36:19.4486830Z       "command" : 
2026-09-05T14:36:19.4486891Z       [
2026-09-05T14:36:19.4487040Z         "C:/openfhe-2023-1788/project-build-33971779479-1/rs2_test.exe",
2026-09-05T14:36:19.4487120Z         "terminal_rejections"
2026-09-05T14:36:19.4487178Z       ],
2026-09-05T14:36:19.4487267Z       "name" : "rs2_terminal_rejections",
2026-09-05T14:36:19.4487335Z       "properties" : 
2026-09-05T14:36:19.4487396Z       [
2026-09-05T14:36:19.4487455Z         {
2026-09-05T14:36:19.4487530Z           "name" : "WORKING_DIRECTORY",
2026-09-05T14:36:19.4487667Z           "value" : "C:/openfhe-2023-1788/project-build-33971779479-1"
2026-09-05T14:36:19.4487723Z         }
2026-09-05T14:36:19.4487785Z       ]
2026-09-05T14:36:19.4487840Z     },
2026-09-05T14:36:19.4487901Z     {
2026-09-05T14:36:19.4487969Z       "backtrace" : 101,
2026-09-05T14:36:19.4488035Z       "command" : 
2026-09-05T14:36:19.4488095Z       [
2026-09-05T14:36:19.4488310Z         "C:/openfhe-2023-1788/project-build-33971779479-1/mult2_test.exe",
2026-09-05T14:36:19.4488400Z         "composition_contract"
2026-09-05T14:36:19.4488456Z       ],
2026-09-05T14:36:19.4488551Z       "name" : "mult2_composition_contract",
2026-09-05T14:36:19.4488617Z       "properties" : 
2026-09-05T14:36:19.4488677Z       [
2026-09-05T14:36:19.4488735Z         {
2026-09-05T14:36:19.4488819Z           "name" : "WORKING_DIRECTORY",
2026-09-05T14:36:19.4488969Z           "value" : "C:/openfhe-2023-1788/project-build-33971779479-1"
2026-09-05T14:36:19.4489024Z         }
2026-09-05T14:36:19.4489086Z       ]
2026-09-05T14:36:19.4489142Z     },
2026-09-05T14:36:19.4489203Z     {
2026-09-05T14:36:19.4489271Z       "backtrace" : 103,
2026-09-05T14:36:19.4489342Z       "command" : 
2026-09-05T14:36:19.4489399Z       [
2026-09-05T14:36:19.4489607Z         "C:/openfhe-2023-1788/project-build-33971779479-1/mult2_e2e_oracle_test.exe",
2026-09-05T14:36:19.4489677Z         "hybrid_real"
2026-09-05T14:36:19.4489732Z       ],
2026-09-05T14:36:19.4489814Z       "name" : "mult2_e2e_hybrid_real",
2026-09-05T14:36:19.4489882Z       "properties" : 
2026-09-05T14:36:19.4489943Z       [
2026-09-05T14:36:19.4489999Z         {
2026-09-05T14:36:19.4490082Z           "name" : "WORKING_DIRECTORY",
2026-09-05T14:36:19.4490217Z           "value" : "C:/openfhe-2023-1788/project-build-33971779479-1"
2026-09-05T14:36:19.4490281Z         }
2026-09-05T14:36:19.4490338Z       ]
2026-09-05T14:36:19.4490394Z     },
2026-09-05T14:36:19.4490453Z     {
2026-09-05T14:36:19.4490518Z       "backtrace" : 105,
2026-09-05T14:36:19.4490581Z       "command" : 
2026-09-05T14:36:19.4490636Z       [
2026-09-05T14:36:19.4490831Z         "C:/openfhe-2023-1788/project-build-33971779479-1/mult2_e2e_oracle_test.exe",
2026-09-05T14:36:19.4490902Z         "hybrid_complex"
2026-09-05T14:36:19.4490962Z       ],
2026-09-05T14:36:19.4491048Z       "name" : "mult2_e2e_hybrid_complex",
2026-09-05T14:36:19.4491111Z       "properties" : 
2026-09-05T14:36:19.4491170Z       [
2026-09-05T14:36:19.4491309Z         {
2026-09-05T14:36:19.4491386Z           "name" : "WORKING_DIRECTORY",
2026-09-05T14:36:19.4491514Z           "value" : "C:/openfhe-2023-1788/project-build-33971779479-1"
2026-09-05T14:36:19.4491573Z         }
2026-09-05T14:36:19.4491631Z       ]
2026-09-05T14:36:19.4491687Z     },
2026-09-05T14:36:19.4491745Z     {
2026-09-05T14:36:19.4491873Z       "backtrace" : 107,
2026-09-05T14:36:19.4491941Z       "command" : 
2026-09-05T14:36:19.4491995Z       [
2026-09-05T14:36:19.4492186Z         "C:/openfhe-2023-1788/project-build-33971779479-1/mult2_e2e_oracle_test.exe",
2026-09-05T14:36:19.4492244Z         "bv_real"
2026-09-05T14:36:19.4492305Z       ],
2026-09-05T14:36:19.4492382Z       "name" : "mult2_e2e_bv_real",
2026-09-05T14:36:19.4492445Z       "properties" : 
2026-09-05T14:36:19.4492504Z       [
2026-09-05T14:36:19.4492560Z         {
2026-09-05T14:36:19.4492637Z           "name" : "WORKING_DIRECTORY",
2026-09-05T14:36:19.4492762Z           "value" : "C:/openfhe-2023-1788/project-build-33971779479-1"
2026-09-05T14:36:19.4492825Z         }
2026-09-05T14:36:19.4492880Z       ]
2026-09-05T14:36:19.4492941Z     },
2026-09-05T14:36:19.4492998Z     {
2026-09-05T14:36:19.4493063Z       "backtrace" : 109,
2026-09-05T14:36:19.4493126Z       "command" : 
2026-09-05T14:36:19.4493179Z       [
2026-09-05T14:36:19.4493370Z         "C:/openfhe-2023-1788/project-build-33971779479-1/mult2_e2e_oracle_test.exe",
2026-09-05T14:36:19.4493433Z         "bv_complex"
2026-09-05T14:36:19.4493492Z       ],
2026-09-05T14:36:19.4493570Z       "name" : "mult2_e2e_bv_complex",
2026-09-05T14:36:19.4493642Z       "properties" : 
2026-09-05T14:36:19.4493702Z       [
2026-09-05T14:36:19.4493758Z         {
2026-09-05T14:36:19.4493835Z           "name" : "WORKING_DIRECTORY",
2026-09-05T14:36:19.4493961Z           "value" : "C:/openfhe-2023-1788/project-build-33971779479-1"
2026-09-05T14:36:19.4494020Z         }
2026-09-05T14:36:19.4494074Z       ]
2026-09-05T14:36:19.4494135Z     },
2026-09-05T14:36:19.4494191Z     {
2026-09-05T14:36:19.4494262Z       "backtrace" : 111,
2026-09-05T14:36:19.4494329Z       "command" : 
2026-09-05T14:36:19.4494385Z       [
2026-09-05T14:36:19.4494578Z         "C:/openfhe-2023-1788/project-build-33971779479-1/mult2_e2e_oracle_test.exe",
2026-09-05T14:36:19.4494659Z         "pair_add_input_hybrid_complex"
2026-09-05T14:36:19.4494722Z       ],
2026-09-05T14:36:19.4494830Z       "name" : "mult2_pair_add_input_hybrid_complex",
2026-09-05T14:36:19.4494900Z       "properties" : 
2026-09-05T14:36:19.4494955Z       [
2026-09-05T14:36:19.4495017Z         {
2026-09-05T14:36:19.4495094Z           "name" : "WORKING_DIRECTORY",
2026-09-05T14:36:19.4495220Z           "value" : "C:/openfhe-2023-1788/project-build-33971779479-1"
2026-09-05T14:36:19.4495281Z         }
2026-09-05T14:36:19.4495335Z       ]
2026-09-05T14:36:19.4495394Z     },
2026-09-05T14:36:19.4495449Z     {
2026-09-05T14:36:19.4495521Z       "backtrace" : 113,
2026-09-05T14:36:19.4495582Z       "command" : 
2026-09-05T14:36:19.4495647Z       [
2026-09-05T14:36:19.4495839Z         "C:/openfhe-2023-1788/project-build-33971779479-1/mult2_e2e_oracle_test.exe",
2026-09-05T14:36:19.4495916Z         "pair_sub_input_hybrid_complex"
2026-09-05T14:36:19.4495974Z       ],
2026-09-05T14:36:19.4496074Z       "name" : "mult2_pair_sub_input_hybrid_complex",
2026-09-05T14:36:19.4496145Z       "properties" : 
2026-09-05T14:36:19.4496202Z       [
2026-09-05T14:36:19.4496264Z         {
2026-09-05T14:36:19.4496338Z           "name" : "WORKING_DIRECTORY",
2026-09-05T14:36:19.4496472Z           "value" : "C:/openfhe-2023-1788/project-build-33971779479-1"
2026-09-05T14:36:19.4496534Z         }
2026-09-05T14:36:19.4496589Z       ]
2026-09-05T14:36:19.4496648Z     },
2026-09-05T14:36:19.4496703Z     {
2026-09-05T14:36:19.4496779Z       "backtrace" : 115,
2026-09-05T14:36:19.4496841Z       "command" : 
2026-09-05T14:36:19.4496902Z       [
2026-09-05T14:36:19.4497195Z         "C:/openfhe-2023-1788/project-build-33971779479-1/precision_client_io_first_mult2_contract_test.exe"
2026-09-05T14:36:19.4497330Z       ],
2026-09-05T14:36:19.4497446Z       "name" : "precision_client_io_first_mult2_contract",
2026-09-05T14:36:19.4497510Z       "properties" : 
2026-09-05T14:36:19.4497567Z       [
2026-09-05T14:36:19.4497622Z         {
2026-09-05T14:36:19.4497764Z           "name" : "WORKING_DIRECTORY",
2026-09-05T14:36:19.4497894Z           "value" : "C:/openfhe-2023-1788/project-build-33971779479-1"
2026-09-05T14:36:19.4497957Z         }
2026-09-05T14:36:19.4498018Z       ]
2026-09-05T14:36:19.4498071Z     },
2026-09-05T14:36:19.4498128Z     {
2026-09-05T14:36:19.4498193Z       "backtrace" : 117,
2026-09-05T14:36:19.4498256Z       "command" : 
2026-09-05T14:36:19.4498312Z       [
2026-09-05T14:36:19.4498584Z         "C:/openfhe-2023-1788/project-build-33971779479-1/repeated_mult2_semantic_two_square_test.exe"
2026-09-05T14:36:19.4498645Z       ],
2026-09-05T14:36:19.4498769Z       "name" : "repeated_mult2_semantic_two_square_contract",
2026-09-05T14:36:19.4498840Z       "properties" : 
2026-09-05T14:36:19.4498895Z       [
2026-09-05T14:36:19.4498957Z         {
2026-09-05T14:36:19.4499033Z           "name" : "WORKING_DIRECTORY",
2026-09-05T14:36:19.4499168Z           "value" : "C:/openfhe-2023-1788/project-build-33971779479-1"
2026-09-05T14:36:19.4499227Z         }
2026-09-05T14:36:19.4499286Z       ]
2026-09-05T14:36:19.4499345Z     },
2026-09-05T14:36:19.4499400Z     {
2026-09-05T14:36:19.4499471Z       "backtrace" : 119,
2026-09-05T14:36:19.4499531Z       "command" : 
2026-09-05T14:36:19.4499591Z       [
2026-09-05T14:36:19.4499849Z         "C:/openfhe-2023-1788/project-build-33971779479-1/paper_h128_client_keypair_contract_test.exe"
2026-09-05T14:36:19.4499910Z       ],
2026-09-05T14:36:19.4500017Z       "name" : "paper_h128_client_keypair_contract",
2026-09-05T14:36:19.4500081Z       "properties" : 
2026-09-05T14:36:19.4500142Z       [
2026-09-05T14:36:19.4500197Z         {
2026-09-05T14:36:19.4500282Z           "name" : "WORKING_DIRECTORY",
2026-09-05T14:36:19.4500409Z           "value" : "C:/openfhe-2023-1788/project-build-33971779479-1"
2026-09-05T14:36:19.4500471Z         }
2026-09-05T14:36:19.4500532Z       ]
2026-09-05T14:36:19.4500589Z     },
2026-09-05T14:36:19.4500649Z     {
2026-09-05T14:36:19.4500715Z       "backtrace" : 121,
2026-09-05T14:36:19.4500784Z       "command" : 
2026-09-05T14:36:19.4500839Z       [
2026-09-05T14:36:19.4501100Z         "C:/openfhe-2023-1788/project-build-33971779479-1/paper_full_eight_square_contract_test.exe"
2026-09-05T14:36:19.4501156Z       ],
2026-09-05T14:36:19.4501261Z       "name" : "paper_full_eight_square_contract",
2026-09-05T14:36:19.4501333Z       "properties" : 
2026-09-05T14:36:19.4501388Z       [
2026-09-05T14:36:19.4501447Z         {
2026-09-05T14:36:19.4501520Z           "name" : "ENVIRONMENT",
2026-09-05T14:36:19.4501584Z           "value" : 
2026-09-05T14:36:19.4501641Z           [
2026-09-05T14:36:19.4501718Z             "OMP_NUM_THREADS=2"
2026-09-05T14:36:19.4501781Z           ]
2026-09-05T14:36:19.4501843Z         },
2026-09-05T14:36:19.4501902Z         {
2026-09-05T14:36:19.4501973Z           "name" : "RUN_SERIAL",
2026-09-05T14:36:19.4502044Z           "value" : true
2026-09-05T14:36:19.4502100Z         },
2026-09-05T14:36:19.4502166Z         {
2026-09-05T14:36:19.4502237Z           "name" : "TIMEOUT",
2026-09-05T14:36:19.4502307Z           "value" : 1200.0
2026-09-05T14:36:19.4502364Z         },
2026-09-05T14:36:19.4502426Z         {
2026-09-05T14:36:19.4502500Z           "name" : "WORKING_DIRECTORY",
2026-09-05T14:36:19.4502683Z           "value" : "C:/openfhe-2023-1788/project-build-33971779479-1"
2026-09-05T14:36:19.4502745Z         }
2026-09-05T14:36:19.4502801Z       ]
2026-09-05T14:36:19.4502862Z     }
2026-09-05T14:36:19.4502916Z   ],
2026-09-05T14:36:19.4502981Z   "version" : 
2026-09-05T14:36:19.4503038Z   {
2026-09-05T14:36:19.4503105Z     "major" : 1,
2026-09-05T14:36:19.4503168Z     "minor" : 0
2026-09-05T14:36:19.4503328Z   }
2026-09-05T14:36:19.4529751Z }UpdateCTestConfiguration  from :C:/openfhe-2023-1788/project-build-33971779479-1/DartConfiguration.tcl
2026-09-05T14:36:19.4549609Z Test project C:/openfhe-2023-1788/project-build-33971779479-1
2026-09-05T14:36:19.4558953Z Constructing a list of tests
2026-09-05T14:36:19.4571500Z Done constructing a list of tests
2026-09-05T14:36:19.4571672Z Updating test list for fixtures
2026-09-05T14:36:19.4571816Z Added 0 tests to meet fixture requirements
2026-09-05T14:36:19.4577441Z Checking test dependency graph...
2026-09-05T14:36:19.4577586Z Checking test dependency graph end
2026-09-05T14:36:19.4577906Z test 61
2026-09-05T14:36:19.4579169Z     Start 61: paper_full_eight_square_contract
2026-09-05T14:36:19.4580352Z 
2026-09-05T14:36:19.4581155Z 61: Test command: C:\openfhe-2023-1788\project-build-33971779479-1\paper_full_eight_square_contract_test.exe
2026-09-05T14:36:19.4581503Z 61: Working Directory: C:/openfhe-2023-1788/project-build-33971779479-1
2026-09-05T14:36:19.4581657Z 61: Environment variables: 
2026-09-05T14:36:19.4581787Z 61:  OMP_NUM_THREADS=2
2026-09-05T14:36:19.4582556Z 61: Test timeout computed to be: 1200
2026-09-05T14:36:19.5684262Z 61: BEGIN test=paper_full_eight_square_contract source=b1b024e3134fbb4e8cac7c0d59cf790a37e4ed89 openfhe_pin=df495ba2e91739a6dc8f1de254fc5a41155ce504 native=64 backend=4 N=32768 M=65536 slots=16384 gap=1 h=128 nominal=50 P=1152921504606584833 P_root=4443670208963 chain_count=1
2026-09-05T14:36:30.7245315Z 61: PROFILE family=0 tower=0 q=1125899904679937 root=26113207984
2026-09-05T14:36:30.7246074Z 61: PROFILE family=0 tower=1 q=1125899903827969 root=150640639383
2026-09-05T14:36:30.7246773Z 61: PROFILE family=0 tower=2 q=1152921504598720513 root=100545759574150
2026-09-05T14:36:30.7247396Z 61: PROFILE family=0 tower=3 q=1152921504597016577 root=31693996050849
2026-09-05T14:36:30.7247826Z 61: PROFILE family=0 tower=4 q=1152921504595968001 root=88651361085495
2026-09-05T14:36:30.7248263Z 61: PROFILE family=0 tower=5 q=1152921504595640321 root=9679305630873
2026-09-05T14:36:30.7248655Z 61: PROFILE family=0 tower=6 q=1152921504593412097 root=24428769072221
2026-09-05T14:36:30.7249042Z 61: PROFILE family=0 tower=7 q=1152921504592822273 root=18776242964106
2026-09-05T14:36:30.7249432Z 61: PROFILE family=0 tower=8 q=1152921504592429057 root=5821397352863
2026-09-05T14:36:30.7249804Z 61: PROFILE family=0 tower=9 q=1152921504589938689 root=33888991361320
2026-09-05T14:36:30.7250163Z 61: PROFILE family=0 tower=10 q=1099510054913 root=121567553
2026-09-05T14:36:30.7250536Z 61: PROFILE family=1 tower=0 q=1125899904679937 root=26113207984
2026-09-05T14:36:30.7250895Z 61: PROFILE family=1 tower=1 q=1125899903827969 root=150640639383
2026-09-05T14:36:30.7251272Z 61: PROFILE family=1 tower=2 q=1152921504598720513 root=100545759574150
2026-09-05T14:36:30.7251656Z 61: PROFILE family=1 tower=3 q=1152921504597016577 root=31693996050849
2026-09-05T14:36:30.7252028Z 61: PROFILE family=1 tower=4 q=1152921504595968001 root=88651361085495
2026-09-05T14:36:30.7252409Z 61: PROFILE family=1 tower=5 q=1152921504595640321 root=9679305630873
2026-09-05T14:36:30.7252785Z 61: PROFILE family=1 tower=6 q=1152921504593412097 root=24428769072221
2026-09-05T14:36:30.7253164Z 61: PROFILE family=1 tower=7 q=1152921504592822273 root=18776242964106
2026-09-05T14:36:30.7253553Z 61: PROFILE family=1 tower=8 q=1152921504592429057 root=5821397352863
2026-09-05T14:36:30.7253913Z 61: PROFILE family=1 tower=9 q=1099510054913 root=121567553
2026-09-05T14:36:30.7254258Z 61: PROFILE family=2 tower=0 q=1125899904679937 root=26113207984
2026-09-05T14:36:30.7254610Z 61: PROFILE family=2 tower=1 q=1125899903827969 root=150640639383
2026-09-05T14:36:30.7254978Z 61: PROFILE family=2 tower=2 q=1152921504598720513 root=100545759574150
2026-09-05T14:36:30.7255358Z 61: PROFILE family=2 tower=3 q=1152921504597016577 root=31693996050849
2026-09-05T14:36:30.7255737Z 61: PROFILE family=2 tower=4 q=1152921504595968001 root=88651361085495
2026-09-05T14:36:30.7256390Z 61: PROFILE family=2 tower=5 q=1152921504595640321 root=9679305630873
2026-09-05T14:36:30.7256765Z 61: PROFILE family=2 tower=6 q=1152921504593412097 root=24428769072221
2026-09-05T14:36:30.7257133Z 61: PROFILE family=2 tower=7 q=1152921504592822273 root=18776242964106
2026-09-05T14:36:30.7257602Z 61: PROFILE family=2 tower=8 q=1099510054913 root=121567553
2026-09-05T14:36:30.7257947Z 61: PROFILE family=3 tower=0 q=1125899904679937 root=26113207984
2026-09-05T14:36:30.7258302Z 61: PROFILE family=3 tower=1 q=1125899903827969 root=150640639383
2026-09-05T14:36:30.7258667Z 61: PROFILE family=3 tower=2 q=1152921504598720513 root=100545759574150
2026-09-05T14:36:30.7259038Z 61: PROFILE family=3 tower=3 q=1152921504597016577 root=31693996050849
2026-09-05T14:36:30.7259415Z 61: PROFILE family=3 tower=4 q=1152921504595968001 root=88651361085495
2026-09-05T14:36:30.7259788Z 61: PROFILE family=3 tower=5 q=1152921504595640321 root=9679305630873
2026-09-05T14:36:30.7260157Z 61: PROFILE family=3 tower=6 q=1152921504593412097 root=24428769072221
2026-09-05T14:36:30.7260507Z 61: PROFILE family=3 tower=7 q=1099510054913 root=121567553
2026-09-05T14:36:30.7260841Z 61: PROFILE family=4 tower=0 q=1125899904679937 root=26113207984
2026-09-05T14:36:30.7261187Z 61: PROFILE family=4 tower=1 q=1125899903827969 root=150640639383
2026-09-05T14:36:30.7261556Z 61: PROFILE family=4 tower=2 q=1152921504598720513 root=100545759574150
2026-09-05T14:36:30.7261932Z 61: PROFILE family=4 tower=3 q=1152921504597016577 root=31693996050849
2026-09-05T14:36:30.7262307Z 61: PROFILE family=4 tower=4 q=1152921504595968001 root=88651361085495
2026-09-05T14:36:30.7262678Z 61: PROFILE family=4 tower=5 q=1152921504595640321 root=9679305630873
2026-09-05T14:36:30.7263024Z 61: PROFILE family=4 tower=6 q=1099510054913 root=121567553
2026-09-05T14:36:30.7263353Z 61: PROFILE family=5 tower=0 q=1125899904679937 root=26113207984
2026-09-05T14:36:30.7263698Z 61: PROFILE family=5 tower=1 q=1125899903827969 root=150640639383
2026-09-05T14:36:30.7264065Z 61: PROFILE family=5 tower=2 q=1152921504598720513 root=100545759574150
2026-09-05T14:36:30.7264440Z 61: PROFILE family=5 tower=3 q=1152921504597016577 root=31693996050849
2026-09-05T14:36:30.7264810Z 61: PROFILE family=5 tower=4 q=1152921504595968001 root=88651361085495
2026-09-05T14:36:30.7265168Z 61: PROFILE family=5 tower=5 q=1099510054913 root=121567553
2026-09-05T14:36:30.7265513Z 61: PROFILE family=6 tower=0 q=1125899904679937 root=26113207984
2026-09-05T14:36:30.7265867Z 61: PROFILE family=6 tower=1 q=1125899903827969 root=150640639383
2026-09-05T14:36:30.7266239Z 61: PROFILE family=6 tower=2 q=1152921504598720513 root=100545759574150
2026-09-05T14:36:30.7266619Z 61: PROFILE family=6 tower=3 q=1152921504597016577 root=31693996050849
2026-09-05T14:36:30.7266976Z 61: PROFILE family=6 tower=4 q=1099510054913 root=121567553
2026-09-05T14:36:30.7267313Z 61: PROFILE family=7 tower=0 q=1125899904679937 root=26113207984
2026-09-05T14:36:30.7267667Z 61: PROFILE family=7 tower=1 q=1125899903827969 root=150640639383
2026-09-05T14:36:30.7268040Z 61: PROFILE family=7 tower=2 q=1152921504598720513 root=100545759574150
2026-09-05T14:36:30.7268405Z 61: PROFILE family=7 tower=3 q=1099510054913 root=121567553
2026-09-05T14:36:30.7268871Z 61: OBS field=fresh.full_max_component_error value=3.380628068541526514072840073085484952608435963e-25
2026-09-05T14:36:30.7269480Z 61: OBS field=fresh.codec_cross_precision value=4.327899444029515408578455222124729267038817044e-165
2026-09-05T14:36:30.7270108Z 61: OBS field=fresh.expected_witness_real_difference value=2.646977960169688559588507814623881131410598755e-23
2026-09-05T14:36:30.7270760Z 61: OBS field=fresh.actual_witness_real_difference value=2.643737400140613584155459658569040437880194418e-23
2026-09-05T14:36:31.1291573Z 61: OBS field=fresh.anchor_0_error value=3.786951446638246462177686022757572370845657450e-26
2026-09-05T14:36:31.1292689Z 61: OBS field=fresh.anchor_1_error value=1.523572728922932439071892307154560494135331836e-26
2026-09-05T14:36:31.1294078Z 61: OBS field=fresh.anchor_256_error value=1.746487587140534779396279079587283224847021788e-26
2026-09-05T14:36:31.1295106Z 61: OBS field=fresh.anchor_257_error value=8.143736610593259163710569798501501566775906707e-26
2026-09-05T14:36:31.1296288Z 61: OBS field=fresh.anchor_512_error value=1.081632465294796426394472742886068841698281297e-25
2026-09-05T14:36:31.1297323Z 61: OBS field=fresh.anchor_513_error value=2.300110018472253000914553527720048979270431912e-26
2026-09-05T14:36:31.1298335Z 61: OBS field=fresh.anchor_768_error value=8.619206621667357755100868140469029445758560465e-26
2026-09-05T14:36:31.1299349Z 61: OBS field=fresh.anchor_769_error value=1.174257352521607530873744528912184238891289570e-26
2026-09-05T14:36:31.1300385Z 61: OBS field=fresh.anchor_1023_error value=1.520355580483049472098501233830428811357389566e-26
2026-09-05T14:36:31.1301430Z 61: OBS field=fresh.anchor_16383_error value=2.532539655857208419926476844223343330923508673e-26
2026-09-05T14:36:31.1302555Z 61: OBS field=fresh.anchor_max_component_error value=1.081632465294796426394472742886068841698281297e-25
2026-09-05T14:36:31.1303710Z 61: OBS field=fresh.anchor_vs_production value=4.954005368621470060097734507696221211843730662e-102
2026-09-05T14:36:33.0545889Z 61: OBS rejection=nonterminal_input result=PASS
2026-09-05T14:36:33.0546524Z 61: OBS rejection=nonterminal_first_square result=PASS
2026-09-05T14:36:33.0547421Z 61: RECEIPT operation=0 family=0 local_level=1 towers=10 recorded_exp2=100 degree=2 exact_n=1267650600228229401496703205376 exact_d=1 terminal=0
2026-09-05T14:36:33.0549029Z 61: RECEIPT operation=1 family=1 local_level=1 towers=9 recorded_exp2=100 degree=2 exact_n=1606938044258990275541962092341162602522202993782792835301376 exact_d=1267648786822062069489693229057 terminal=0
2026-09-05T14:36:33.5560818Z 61: OBS field=round_1.anchor_0_error value=7.498064772192486246735214571999722024403236306e-26
2026-09-05T14:36:33.5561674Z 61: OBS field=round_1.anchor_1_error value=3.012248992361507115670067118488084353269485538e-26
2026-09-05T14:36:33.5562492Z 61: OBS field=round_1.anchor_256_error value=3.499922945591776266661712829169251934878042868e-26
2026-09-05T14:36:33.5563277Z 61: OBS field=round_1.anchor_257_error value=1.621962907451547362139016265222018551013990120e-25
2026-09-05T14:36:33.5564061Z 61: OBS field=round_1.anchor_512_error value=2.148498437837611997103189667813446415046284698e-25
2026-09-05T14:36:33.5564699Z 61: OBS field=round_1.anchor_513_error value=4.557791131535056789924227524617340783797815622e-26
2026-09-05T14:36:33.5565313Z 61: OBS field=round_1.anchor_768_error value=1.709263913708692110034649970482907952129768636e-25
2026-09-05T14:36:33.5565940Z 61: OBS field=round_1.anchor_769_error value=2.331471242601758648268249371678524561334652350e-26
2026-09-05T14:36:33.5566567Z 61: OBS field=round_1.anchor_1023_error value=3.023578740559584595115765021758664690015676869e-26
2026-09-05T14:36:33.5567437Z 61: OBS field=round_1.anchor_16383_error value=5.043644743390569323757686230250459248653175188e-26
2026-09-05T14:36:33.5568259Z 61: OBS field=round_1.anchor_max_component_error value=2.148498437837611997103189667813446415046284698e-25
2026-09-05T14:36:33.5569901Z 61: RECEIPT operation=2 family=2 local_level=1 towers=8 recorded_exp2=100 degree=2 exact_n=2582249878086908589655919172003011874329705792829223512830659356540647622016841194629645353280137831435903171972747493376 exact_d=2037027234257312007903557606461480942635074243116407736702571816675864834607840820771422209 terminal=0
2026-09-05T14:36:34.0324700Z 61: OBS field=round_2.anchor_0_error value=1.470687770270262372149426811002680768038155032e-25
2026-09-05T14:36:34.0325673Z 61: OBS field=round_2.anchor_1_error value=5.890410072001230235027324881661244411490105806e-26
2026-09-05T14:36:34.0326600Z 61: OBS field=round_2.anchor_256_error value=6.896170488073467292762534032504043457737409107e-26
2026-09-05T14:36:34.0327544Z 61: OBS field=round_2.anchor_257_error value=3.181171412273481975239017388736900803578215011e-25
2026-09-05T14:36:34.0328738Z 61: OBS field=round_2.anchor_512_error value=4.217839811308896046540254884767216034003689298e-25
2026-09-05T14:36:34.0329664Z 61: OBS field=round_2.anchor_513_error value=8.947016493878310985779334592319721592215510391e-26
2026-09-05T14:36:34.0330766Z 61: OBS field=round_2.anchor_768_error value=3.362888908424207331983629357020161983265001200e-25
2026-09-05T14:36:34.0331683Z 61: OBS field=round_2.anchor_769_error value=4.594774864825556346317391148906333456896976137e-26
2026-09-05T14:36:34.0332609Z 61: OBS field=round_2.anchor_1023_error value=5.988156321632544917815582878568706318636913174e-26
2026-09-05T14:36:34.0333548Z 61: OBS field=round_2.anchor_16383_error value=1.000218033257250401508293655158584577844473169e-25
2026-09-05T14:36:34.0334559Z 61: OBS field=round_2.anchor_max_component_error value=4.217839811308896046540254884767216034003689298e-25
2026-09-05T14:36:34.0338698Z 61: RECEIPT operation=3 family=3 local_level=1 towers=7 recorded_exp2=100 degree=2 exact_n=6668014432879854274079851790721257797144758322315908160396257811764037237817632071521432200871554290742929910593433240445888801654119365080363356052330830046095157579514014558463078285911814024728965016135886601981690748037476461291163877376 exact_d=5260083228510436212510018228832420428357506810840385840379616428207293586414122495359086034189393011429992447818130555991019823528219893795187185672192802869003306040970956488728188491476612194049954436398317569 terminal=0
2026-09-05T14:36:34.4755086Z 61: OBS field=round_3.anchor_0_error value=2.833962683398297225333103388247386124610360400e-25
2026-09-05T14:36:34.4756097Z 61: OBS field=round_3.anchor_1_error value=1.132605331235296371955504277582749508872443969e-25
2026-09-05T14:36:34.4757048Z 61: OBS field=round_3.anchor_256_error value=1.332862045453118130130101144606372166216564178e-25
2026-09-05T14:36:34.4758025Z 61: OBS field=round_3.anchor_257_error value=6.135099866842596242118276688870396622313900339e-25
2026-09-05T14:36:34.4759006Z 61: OBS field=round_3.anchor_512_error value=8.144972185928475769270431936848113164028308842e-25
2026-09-05T14:36:34.4759963Z 61: OBS field=round_3.anchor_513_error value=1.725616382649293540718876343159865272893355123e-25
2026-09-05T14:36:34.4760899Z 61: OBS field=round_3.anchor_768_error value=6.501124713216793331062139033153578310838556598e-25
2026-09-05T14:36:34.4761850Z 61: OBS field=round_3.anchor_769_error value=8.904703333085027334932375365564430882133027439e-26
2026-09-05T14:36:34.4762799Z 61: OBS field=round_3.anchor_1023_error value=1.149034981828137386778243953367627491557305557e-25
2026-09-05T14:36:34.4763814Z 61: OBS field=round_3.anchor_16383_error value=1.961839797863893854371381965955577684841389386e-25
2026-09-05T14:36:34.4764894Z 61: OBS field=round_3.anchor_max_component_error value=8.144972185928475769270431936848113164028308842e-25
2026-09-05T14:36:34.4772084Z 61: RECEIPT operation=4 family=4 local_level=1 towers=6 recorded_exp2=100 degree=2 exact_n=44462416477094044620016814065517364315819234512137839319418223093753683069769152238984782576173969417485953521141049383745107056455283979316385016701612810119562585078620415976730705698345087039035930761275083827265405596065418173652685035788898113991627042329246850314029877161622487411877779578892097029690461532001915311366862468942148892205997883828265721290296220249202674740669814705818564765009960300389641843321936008416473775144511929246788246559538970957296160626364645376 exact_d=35073909490718117917198445982942215903451426754939517057912570880852326080233149623218291552274436908561354547053640690775541236096158806596315704083821667705368424576995724573549419672486311170056286151388462883262861488794963439206925857410615666447733739244516071792551684090711112704582516736111961377411289076728258479063201987792677002315445384958361169245845302601662310888804830549043745941499747630736279679063916944175913866333499817465937921 terminal=0
2026-09-05T14:36:34.9037910Z 61: OBS field=round_4.anchor_0_error value=5.260064603930917857066964947658126368378260426e-25
2026-09-05T14:36:34.9039150Z 61: OBS field=round_4.anchor_1_error value=2.095987596497907927637521460980438693586591120e-25
2026-09-05T14:36:34.9040093Z 61: OBS field=round_4.anchor_256_error value=2.492885527406127516062557210515138895847682529e-25
2026-09-05T14:36:34.9041205Z 61: OBS field=round_4.anchor_257_error value=1.142170280496632008599576688979386875030880238e-24
2026-09-05T14:36:34.9042151Z 61: OBS field=round_4.anchor_512_error value=1.519830543686982243577737227091582941391260472e-24
2026-09-05T14:36:34.9043103Z 61: OBS field=round_4.anchor_513_error value=3.208984252402101133256568989459956731044215513e-25
2026-09-05T14:36:34.9044054Z 61: OBS field=round_4.anchor_768_error value=1.214424390898591942905150790287712338091263505e-24
2026-09-05T14:36:34.9045181Z 61: OBS field=round_4.anchor_769_error value=1.672127731040675539108115600558200399787860876e-25
2026-09-05T14:36:34.9046095Z 61: OBS field=round_4.anchor_1023_error value=2.123365170197995505199223884155923317083658058e-25
2026-09-05T14:36:34.9046957Z 61: OBS field=round_4.anchor_16383_error value=3.759795573391525485641881742262143918673303909e-25
2026-09-05T14:36:34.9048091Z 61: OBS field=round_4.anchor_max_component_error value=1.519830543686982243577737227091582941391260472e-24
2026-09-05T14:36:34.9551847Z 61: COMPLETE test=paper_full_eight_square_contract result=FAIL source=b1b024e3134fbb4e8cac7c0d59cf790a37e4ed89 openfhe_pin=df495ba2e91739a6dc8f1de254fc5a41155ce504 reason=paper contract: round_4 independent anchor 2^-80 gate
2026-09-05T14:36:34.9629827Z 1/1 Test #61: paper_full_eight_square_contract ...***Failed   15.50 sec
2026-09-05T14:36:34.9632190Z BEGIN test=paper_full_eight_square_contract source=b1b024e3134fbb4e8cac7c0d59cf790a37e4ed89 openfhe_pin=df495ba2e91739a6dc8f1de254fc5a41155ce504 native=64 backend=4 N=32768 M=65536 slots=16384 gap=1 h=128 nominal=50 P=1152921504606584833 P_root=4443670208963 chain_count=1
2026-09-05T14:36:34.9633339Z PROFILE family=0 tower=0 q=1125899904679937 root=26113207984
2026-09-05T14:36:34.9633741Z PROFILE family=0 tower=1 q=1125899903827969 root=150640639383
2026-09-05T14:36:34.9634116Z PROFILE family=0 tower=2 q=1152921504598720513 root=100545759574150
2026-09-05T14:36:34.9634504Z PROFILE family=0 tower=3 q=1152921504597016577 root=31693996050849
2026-09-05T14:36:34.9634881Z PROFILE family=0 tower=4 q=1152921504595968001 root=88651361085495
2026-09-05T14:36:34.9635249Z PROFILE family=0 tower=5 q=1152921504595640321 root=9679305630873
2026-09-05T14:36:34.9635610Z PROFILE family=0 tower=6 q=1152921504593412097 root=24428769072221
2026-09-05T14:36:34.9635969Z PROFILE family=0 tower=7 q=1152921504592822273 root=18776242964106
2026-09-05T14:36:34.9636327Z PROFILE family=0 tower=8 q=1152921504592429057 root=5821397352863
2026-09-05T14:36:34.9636691Z PROFILE family=0 tower=9 q=1152921504589938689 root=33888991361320
2026-09-05T14:36:34.9637055Z PROFILE family=0 tower=10 q=1099510054913 root=121567553
2026-09-05T14:36:34.9637392Z PROFILE family=1 tower=0 q=1125899904679937 root=26113207984
2026-09-05T14:36:34.9637747Z PROFILE family=1 tower=1 q=1125899903827969 root=150640639383
2026-09-05T14:36:34.9638115Z PROFILE family=1 tower=2 q=1152921504598720513 root=100545759574150
2026-09-05T14:36:34.9638498Z PROFILE family=1 tower=3 q=1152921504597016577 root=31693996050849
2026-09-05T14:36:34.9638876Z PROFILE family=1 tower=4 q=1152921504595968001 root=88651361085495
2026-09-05T14:36:34.9639244Z PROFILE family=1 tower=5 q=1152921504595640321 root=9679305630873
2026-09-05T14:36:34.9639611Z PROFILE family=1 tower=6 q=1152921504593412097 root=24428769072221
2026-09-05T14:36:34.9639982Z PROFILE family=1 tower=7 q=1152921504592822273 root=18776242964106
2026-09-05T14:36:34.9640353Z PROFILE family=1 tower=8 q=1152921504592429057 root=5821397352863
2026-09-05T14:36:34.9640694Z PROFILE family=1 tower=9 q=1099510054913 root=121567553
2026-09-05T14:36:34.9641032Z PROFILE family=2 tower=0 q=1125899904679937 root=26113207984
2026-09-05T14:36:34.9641382Z PROFILE family=2 tower=1 q=1125899903827969 root=150640639383
2026-09-05T14:36:34.9641958Z PROFILE family=2 tower=2 q=1152921504598720513 root=100545759574150
2026-09-05T14:36:34.9642332Z PROFILE family=2 tower=3 q=1152921504597016577 root=31693996050849
2026-09-05T14:36:34.9642696Z PROFILE family=2 tower=4 q=1152921504595968001 root=88651361085495
2026-09-05T14:36:34.9643195Z PROFILE family=2 tower=5 q=1152921504595640321 root=9679305630873
2026-09-05T14:36:34.9643567Z PROFILE family=2 tower=6 q=1152921504593412097 root=24428769072221
2026-09-05T14:36:34.9643953Z PROFILE family=2 tower=7 q=1152921504592822273 root=18776242964106
2026-09-05T14:36:34.9644309Z PROFILE family=2 tower=8 q=1099510054913 root=121567553
2026-09-05T14:36:34.9644658Z PROFILE family=3 tower=0 q=1125899904679937 root=26113207984
2026-09-05T14:36:34.9645004Z PROFILE family=3 tower=1 q=1125899903827969 root=150640639383
2026-09-05T14:36:34.9645370Z PROFILE family=3 tower=2 q=1152921504598720513 root=100545759574150
2026-09-05T14:36:34.9645746Z PROFILE family=3 tower=3 q=1152921504597016577 root=31693996050849
2026-09-05T14:36:34.9646105Z PROFILE family=3 tower=4 q=1152921504595968001 root=88651361085495
2026-09-05T14:36:34.9646465Z PROFILE family=3 tower=5 q=1152921504595640321 root=9679305630873
2026-09-05T14:36:34.9646824Z PROFILE family=3 tower=6 q=1152921504593412097 root=24428769072221
2026-09-05T14:36:34.9647169Z PROFILE family=3 tower=7 q=1099510054913 root=121567553
2026-09-05T14:36:34.9647505Z PROFILE family=4 tower=0 q=1125899904679937 root=26113207984
2026-09-05T14:36:34.9647846Z PROFILE family=4 tower=1 q=1125899903827969 root=150640639383
2026-09-05T14:36:34.9648199Z PROFILE family=4 tower=2 q=1152921504598720513 root=100545759574150
2026-09-05T14:36:34.9648570Z PROFILE family=4 tower=3 q=1152921504597016577 root=31693996050849
2026-09-05T14:36:34.9648926Z PROFILE family=4 tower=4 q=1152921504595968001 root=88651361085495
2026-09-05T14:36:34.9649284Z PROFILE family=4 tower=5 q=1152921504595640321 root=9679305630873
2026-09-05T14:36:34.9649628Z PROFILE family=4 tower=6 q=1099510054913 root=121567553
2026-09-05T14:36:34.9649951Z PROFILE family=5 tower=0 q=1125899904679937 root=26113207984
2026-09-05T14:36:34.9650287Z PROFILE family=5 tower=1 q=1125899903827969 root=150640639383
2026-09-05T14:36:34.9650648Z PROFILE family=5 tower=2 q=1152921504598720513 root=100545759574150
2026-09-05T14:36:34.9651013Z PROFILE family=5 tower=3 q=1152921504597016577 root=31693996050849
2026-09-05T14:36:34.9651378Z PROFILE family=5 tower=4 q=1152921504595968001 root=88651361085495
2026-09-05T14:36:34.9651713Z PROFILE family=5 tower=5 q=1099510054913 root=121567553
2026-09-05T14:36:34.9652035Z PROFILE family=6 tower=0 q=1125899904679937 root=26113207984
2026-09-05T14:36:34.9652378Z PROFILE family=6 tower=1 q=1125899903827969 root=150640639383
2026-09-05T14:36:34.9652730Z PROFILE family=6 tower=2 q=1152921504598720513 root=100545759574150
2026-09-05T14:36:34.9653095Z PROFILE family=6 tower=3 q=1152921504597016577 root=31693996050849
2026-09-05T14:36:34.9653442Z PROFILE family=6 tower=4 q=1099510054913 root=121567553
2026-09-05T14:36:34.9653762Z PROFILE family=7 tower=0 q=1125899904679937 root=26113207984
2026-09-05T14:36:34.9654101Z PROFILE family=7 tower=1 q=1125899903827969 root=150640639383
2026-09-05T14:36:34.9654452Z PROFILE family=7 tower=2 q=1152921504598720513 root=100545759574150
2026-09-05T14:36:34.9654794Z PROFILE family=7 tower=3 q=1099510054913 root=121567553
2026-09-05T14:36:34.9655542Z OBS field=fresh.full_max_component_error value=3.380628068541526514072840073085484952608435963e-25
2026-09-05T14:36:34.9666489Z OBS field=fresh.codec_cross_precision value=4.327899444029515408578455222124729267038817044e-165
2026-09-05T14:36:34.9667868Z OBS field=fresh.expected_witness_real_difference value=2.646977960169688559588507814623881131410598755e-23
2026-09-05T14:36:34.9668770Z OBS field=fresh.actual_witness_real_difference value=2.643737400140613584155459658569040437880194418e-23
2026-09-05T14:36:34.9669365Z OBS field=fresh.anchor_0_error value=3.786951446638246462177686022757572370845657450e-26
2026-09-05T14:36:34.9670038Z OBS field=fresh.anchor_1_error value=1.523572728922932439071892307154560494135331836e-26
2026-09-05T14:36:34.9670546Z OBS field=fresh.anchor_256_error value=1.746487587140534779396279079587283224847021788e-26
2026-09-05T14:36:34.9671140Z OBS field=fresh.anchor_257_error value=8.143736610593259163710569798501501566775906707e-26
2026-09-05T14:36:34.9671648Z OBS field=fresh.anchor_512_error value=1.081632465294796426394472742886068841698281297e-25
2026-09-05T14:36:34.9672150Z OBS field=fresh.anchor_513_error value=2.300110018472253000914553527720048979270431912e-26
2026-09-05T14:36:34.9672652Z OBS field=fresh.anchor_768_error value=8.619206621667357755100868140469029445758560465e-26
2026-09-05T14:36:34.9673145Z OBS field=fresh.anchor_769_error value=1.174257352521607530873744528912184238891289570e-26
2026-09-05T14:36:34.9673950Z OBS field=fresh.anchor_1023_error value=1.520355580483049472098501233830428811357389566e-26
2026-09-05T14:36:34.9674493Z OBS field=fresh.anchor_16383_error value=2.532539655857208419926476844223343330923508673e-26
2026-09-05T14:36:34.9675053Z OBS field=fresh.anchor_max_component_error value=1.081632465294796426394472742886068841698281297e-25
2026-09-05T14:36:34.9675634Z OBS field=fresh.anchor_vs_production value=4.954005368621470060097734507696221211843730662e-102
2026-09-05T14:36:34.9676073Z OBS rejection=nonterminal_input result=PASS
2026-09-05T14:36:34.9676377Z OBS rejection=nonterminal_first_square result=PASS
2026-09-05T14:36:34.9676978Z RECEIPT operation=0 family=0 local_level=1 towers=10 recorded_exp2=100 degree=2 exact_n=1267650600228229401496703205376 exact_d=1 terminal=0
2026-09-05T14:36:34.9678044Z RECEIPT operation=1 family=1 local_level=1 towers=9 recorded_exp2=100 degree=2 exact_n=1606938044258990275541962092341162602522202993782792835301376 exact_d=1267648786822062069489693229057 terminal=0
2026-09-05T14:36:34.9678945Z OBS field=round_1.anchor_0_error value=7.498064772192486246735214571999722024403236306e-26
2026-09-05T14:36:34.9679466Z OBS field=round_1.anchor_1_error value=3.012248992361507115670067118488084353269485538e-26
2026-09-05T14:36:34.9679986Z OBS field=round_1.anchor_256_error value=3.499922945591776266661712829169251934878042868e-26
2026-09-05T14:36:34.9680512Z OBS field=round_1.anchor_257_error value=1.621962907451547362139016265222018551013990120e-25
2026-09-05T14:36:34.9681187Z OBS field=round_1.anchor_512_error value=2.148498437837611997103189667813446415046284698e-25
2026-09-05T14:36:34.9683359Z OBS field=round_1.anchor_513_error value=4.557791131535056789924227524617340783797815622e-26
2026-09-05T14:36:34.9683927Z OBS field=round_1.anchor_768_error value=1.709263913708692110034649970482907952129768636e-25
2026-09-05T14:36:34.9684456Z OBS field=round_1.anchor_769_error value=2.331471242601758648268249371678524561334652350e-26
2026-09-05T14:36:34.9684980Z OBS field=round_1.anchor_1023_error value=3.023578740559584595115765021758664690015676869e-26
2026-09-05T14:36:34.9685520Z OBS field=round_1.anchor_16383_error value=5.043644743390569323757686230250459248653175188e-26
2026-09-05T14:36:34.9686091Z OBS field=round_1.anchor_max_component_error value=2.148498437837611997103189667813446415046284698e-25
2026-09-05T14:36:34.9687427Z RECEIPT operation=2 family=2 local_level=1 towers=8 recorded_exp2=100 degree=2 exact_n=2582249878086908589655919172003011874329705792829223512830659356540647622016841194629645353280137831435903171972747493376 exact_d=2037027234257312007903557606461480942635074243116407736702571816675864834607840820771422209 terminal=0
2026-09-05T14:36:34.9688705Z OBS field=round_2.anchor_0_error value=1.470687770270262372149426811002680768038155032e-25
2026-09-05T14:36:34.9689223Z OBS field=round_2.anchor_1_error value=5.890410072001230235027324881661244411490105806e-26
2026-09-05T14:36:34.9689733Z OBS field=round_2.anchor_256_error value=6.896170488073467292762534032504043457737409107e-26
2026-09-05T14:36:34.9690246Z OBS field=round_2.anchor_257_error value=3.181171412273481975239017388736900803578215011e-25
2026-09-05T14:36:34.9690910Z OBS field=round_2.anchor_512_error value=4.217839811308896046540254884767216034003689298e-25
2026-09-05T14:36:34.9691420Z OBS field=round_2.anchor_513_error value=8.947016493878310985779334592319721592215510391e-26
2026-09-05T14:36:34.9692304Z OBS field=round_2.anchor_768_error value=3.362888908424207331983629357020161983265001200e-25
2026-09-05T14:36:34.9693113Z OBS field=round_2.anchor_769_error value=4.594774864825556346317391148906333456896976137e-26
2026-09-05T14:36:34.9693747Z OBS field=round_2.anchor_1023_error value=5.988156321632544917815582878568706318636913174e-26
2026-09-05T14:36:34.9694287Z OBS field=round_2.anchor_16383_error value=1.000218033257250401508293655158584577844473169e-25
2026-09-05T14:36:34.9694856Z OBS field=round_2.anchor_max_component_error value=4.217839811308896046540254884767216034003689298e-25
2026-09-05T14:36:34.9696952Z RECEIPT operation=3 family=3 local_level=1 towers=7 recorded_exp2=100 degree=2 exact_n=6668014432879854274079851790721257797144758322315908160396257811764037237817632071521432200871554290742929910593433240445888801654119365080363356052330830046095157579514014558463078285911814024728965016135886601981690748037476461291163877376 exact_d=5260083228510436212510018228832420428357506810840385840379616428207293586414122495359086034189393011429992447818130555991019823528219893795187185672192802869003306040970956488728188491476612194049954436398317569 terminal=0
2026-09-05T14:36:34.9698977Z OBS field=round_3.anchor_0_error value=2.833962683398297225333103388247386124610360400e-25
2026-09-05T14:36:34.9699486Z OBS field=round_3.anchor_1_error value=1.132605331235296371955504277582749508872443969e-25
2026-09-05T14:36:34.9699995Z OBS field=round_3.anchor_256_error value=1.332862045453118130130101144606372166216564178e-25
2026-09-05T14:36:34.9700507Z OBS field=round_3.anchor_257_error value=6.135099866842596242118276688870396622313900339e-25
2026-09-05T14:36:34.9701027Z OBS field=round_3.anchor_512_error value=8.144972185928475769270431936848113164028308842e-25
2026-09-05T14:36:34.9701534Z OBS field=round_3.anchor_513_error value=1.725616382649293540718876343159865272893355123e-25
2026-09-05T14:36:34.9702045Z OBS field=round_3.anchor_768_error value=6.501124713216793331062139033153578310838556598e-25
2026-09-05T14:36:34.9702557Z OBS field=round_3.anchor_769_error value=8.904703333085027334932375365564430882133027439e-26
2026-09-05T14:36:34.9703074Z OBS field=round_3.anchor_1023_error value=1.149034981828137386778243953367627491557305557e-25
2026-09-05T14:36:34.9703608Z OBS field=round_3.anchor_16383_error value=1.961839797863893854371381965955577684841389386e-25
2026-09-05T14:36:34.9704174Z OBS field=round_3.anchor_max_component_error value=8.144972185928475769270431936848113164028308842e-25
2026-09-05T14:36:34.9707852Z RECEIPT operation=4 family=4 local_level=1 towers=6 recorded_exp2=100 degree=2 exact_n=44462416477094044620016814065517364315819234512137839319418223093753683069769152238984782576173969417485953521141049383745107056455283979316385016701612810119562585078620415976730705698345087039035930761275083827265405596065418173652685035788898113991627042329246850314029877161622487411877779578892097029690461532001915311366862468942148892205997883828265721290296220249202674740669814705818564765009960300389641843321936008416473775144511929246788246559538970957296160626364645376 exact_d=35073909490718117917198445982942215903451426754939517057912570880852326080233149623218291552274436908561354547053640690775541236096158806596315704083821667705368424576995724573549419672486311170056286151388462883262861488794963439206925857410615666447733739244516071792551684090711112704582516736111961377411289076728258479063201987792677002315445384958361169245845302601662310888804830549043745941499747630736279679063916944175913866333499817465937921 terminal=0
2026-09-05T14:36:34.9712230Z OBS field=round_4.anchor_0_error value=5.260064603930917857066964947658126368378260426e-25
2026-09-05T14:36:34.9713020Z OBS field=round_4.anchor_1_error value=2.095987596497907927637521460980438693586591120e-25
2026-09-05T14:36:34.9713552Z OBS field=round_4.anchor_256_error value=2.492885527406127516062557210515138895847682529e-25
2026-09-05T14:36:34.9714407Z OBS field=round_4.anchor_257_error value=1.142170280496632008599576688979386875030880238e-24
2026-09-05T14:36:34.9715253Z OBS field=round_4.anchor_512_error value=1.519830543686982243577737227091582941391260472e-24
2026-09-05T14:36:34.9715803Z OBS field=round_4.anchor_513_error value=3.208984252402101133256568989459956731044215513e-25
2026-09-05T14:36:34.9716648Z OBS field=round_4.anchor_768_error value=1.214424390898591942905150790287712338091263505e-24
2026-09-05T14:36:34.9717613Z OBS field=round_4.anchor_769_error value=1.672127731040675539108115600558200399787860876e-25
2026-09-05T14:36:34.9718154Z OBS field=round_4.anchor_1023_error value=2.123365170197995505199223884155923317083658058e-25
2026-09-05T14:36:34.9719094Z OBS field=round_4.anchor_16383_error value=3.759795573391525485641881742262143918673303909e-25
2026-09-05T14:36:34.9720584Z OBS field=round_4.anchor_max_component_error value=1.519830543686982243577737227091582941391260472e-24
2026-09-05T14:36:34.9722552Z COMPLETE test=paper_full_eight_square_contract result=FAIL source=b1b024e3134fbb4e8cac7c0d59cf790a37e4ed89 openfhe_pin=df495ba2e91739a6dc8f1de254fc5a41155ce504 reason=paper contract: round_4 independent anchor 2^-80 gate
2026-09-05T14:36:34.9724081Z 
2026-09-05T14:36:34.9724238Z Errors while running CTest
2026-09-05T14:36:34.9724470Z 
2026-09-05T14:36:34.9724628Z 0% tests passed, 1 tests failed out of 1
2026-09-05T14:36:34.9724931Z 
2026-09-05T14:36:34.9725069Z Total Test time (real) =  15.51 sec
2026-09-05T14:36:34.9725336Z 
2026-09-05T14:36:34.9725471Z The following tests FAILED:
2026-09-05T14:36:34.9725905Z 	 61 - paper_full_eight_square_contract (Failed)
2026-09-05T14:36:34.9761770Z ##[error]Process completed with exit code 8.
2026-09-05T14:36:34.9860402Z Cleaning up orphan processes
