2026-09-02T03:19:33.0102746Z Current runner version: '2.337.0'
2026-09-02T03:19:33.0137563Z ##[group]Runner Image Provisioner
2026-09-02T03:19:33.0139256Z Hosted Compute Agent
2026-09-02T03:19:33.0140094Z Version: 20260819.586
2026-09-02T03:19:33.0141094Z Commit: 3cc4a88dfa507ef76119ad1bb3eccc6378bb2b76
2026-09-02T03:19:33.0142210Z Build Date: 2026-08-18T23:20:18Z
2026-09-02T03:19:33.0143221Z Worker ID: {6794d00e-45bc-48b6-bd2a-35ea714c49e8}
2026-09-02T03:19:33.0144299Z Azure Region: westcentralus
2026-09-02T03:19:33.0145167Z ##[endgroup]
2026-09-02T03:19:33.0147086Z ##[group]Operating System
2026-09-02T03:19:33.0148091Z Microsoft Windows Server 2022
2026-09-02T03:19:33.0148959Z 10.0.20348
2026-09-02T03:19:33.0149657Z Datacenter
2026-09-02T03:19:33.0150408Z ##[endgroup]
2026-09-02T03:19:33.0151129Z ##[group]Runner Image
2026-09-02T03:19:33.0151961Z Image: windows-2022
2026-09-02T03:19:33.0152720Z Version: 20260824.284.2
2026-09-02T03:19:33.0154931Z Included Software: https://github.com/actions/runner-images/blob/win22/20260824.284/images/windows/Windows2022-Readme.md
2026-09-02T03:19:33.0157382Z Image Release: https://github.com/actions/runner-images/releases/tag/win22%2F20260824.284
2026-09-02T03:19:33.0158925Z ##[endgroup]
2026-09-02T03:19:33.0160806Z ##[group]GITHUB_TOKEN Permissions
2026-09-02T03:19:33.0164568Z Contents: read
2026-09-02T03:19:33.0165380Z Metadata: read
2026-09-02T03:19:33.0166181Z ##[endgroup]
2026-09-02T03:19:33.0169081Z Secret source: Actions
2026-09-02T03:19:33.0170556Z Prepare workflow directory
2026-09-02T03:19:33.0898301Z Prepare all required actions
2026-09-02T03:19:33.0971384Z Getting action download info
2026-09-02T03:19:33.4136574Z Download action repository 'msys2/setup-msys2@v2' (SHA:66cd2cce69caa17b53920067426061ca1de3a884)
2026-09-02T03:19:33.9603472Z Complete job name: windows-mingw64
2026-09-02T03:19:34.1077723Z ##[group]Run git config --global core.autocrlf false
2026-09-02T03:19:34.1078734Z [36;1mgit config --global core.autocrlf false[0m
2026-09-02T03:19:34.1079370Z [36;1mgit config --global core.eol lf[0m
2026-09-02T03:19:34.1080121Z [36;1mNew-Item -ItemType Directory -Path $env:WINDOWS_ROOT | Out-Null[0m
2026-09-02T03:19:34.1080831Z [36;1m[0m
2026-09-02T03:19:34.1081278Z [36;1mgit init $env:PROJECT_SOURCE[0m
2026-09-02T03:19:34.1082084Z [36;1mgit -C $env:PROJECT_SOURCE remote add origin https://github.com/leemaple/20231788..git[0m
2026-09-02T03:19:34.1083126Z [36;1mgit -C $env:PROJECT_SOURCE fetch --depth 1 origin $env:GITHUB_SHA[0m
2026-09-02T03:19:34.1083935Z [36;1mgit -C $env:PROJECT_SOURCE checkout --detach FETCH_HEAD[0m
2026-09-02T03:19:34.1084723Z [36;1m$projectActual = git -C $env:PROJECT_SOURCE rev-parse HEAD[0m
2026-09-02T03:19:34.1085446Z [36;1mif ($projectActual -ne $env:GITHUB_SHA) {[0m
2026-09-02T03:19:34.1086206Z [36;1m  throw "Project checkout mismatch: $projectActual"[0m
2026-09-02T03:19:34.1086811Z [36;1m}[0m
2026-09-02T03:19:34.1087224Z [36;1m[0m
2026-09-02T03:19:34.1087665Z [36;1mgit init $env:OPENFHE_SOURCE[0m
2026-09-02T03:19:34.1088542Z [36;1mgit -C $env:OPENFHE_SOURCE remote add origin https://github.com/openfheorg/openfhe-development.git[0m
2026-09-02T03:19:34.1089632Z [36;1mgit -C $env:OPENFHE_SOURCE fetch --depth 1 origin $env:OPENFHE_COMMIT[0m
2026-09-02T03:19:34.1090441Z [36;1mgit -C $env:OPENFHE_SOURCE checkout --detach FETCH_HEAD[0m
2026-09-02T03:19:34.1091299Z [36;1mgit -C $env:OPENFHE_SOURCE submodule update --init --recursive --depth 1[0m
2026-09-02T03:19:34.1092012Z [36;1m[0m
2026-09-02T03:19:34.1092566Z [36;1m$projectStatus = @(git -C $env:PROJECT_SOURCE status --porcelain)[0m
2026-09-02T03:19:34.1093330Z [36;1mif ($projectStatus.Count -ne 0) {[0m
2026-09-02T03:19:34.1094026Z [36;1m  throw "Project checkout is dirty: $($projectStatus -join '; ')"[0m
2026-09-02T03:19:34.1094722Z [36;1m}[0m
2026-09-02T03:19:34.1095289Z [36;1m$openfheStatus = @(git -C $env:OPENFHE_SOURCE status --porcelain)[0m
2026-09-02T03:19:34.1095994Z [36;1mif ($openfheStatus.Count -ne 0) {[0m
2026-09-02T03:19:34.1098272Z [36;1m  throw "OpenFHE checkout is dirty: $($openfheStatus -join '; ')"[0m
2026-09-02T03:19:34.1098950Z [36;1m}[0m
2026-09-02T03:19:34.3198800Z shell: C:\Program Files\PowerShell\7\pwsh.EXE -command ". '{0}'"
2026-09-02T03:19:34.3199967Z env:
2026-09-02T03:19:34.3200649Z   OPENFHE_COMMIT: df495ba2e91739a6dc8f1de254fc5a41155ce504
2026-09-02T03:19:34.3201557Z   OPENFHE_PREFIX: C:\openfhe-2023-1788\openfhe-install
2026-09-02T03:19:34.3202311Z   WINDOWS_ROOT: C:\openfhe-2023-1788
2026-09-02T03:19:34.3203030Z   PROJECT_SOURCE: C:\openfhe-2023-1788\cleanroom
2026-09-02T03:19:34.3203826Z   OPENFHE_SOURCE: C:\openfhe-2023-1788\openfhe-src
2026-09-02T03:19:34.3204706Z   OPENFHE_BUILD: C:\openfhe-2023-1788\openfhe-build-33586601051-1
2026-09-02T03:19:34.3205738Z   PROJECT_BUILD: C:\openfhe-2023-1788\project-build-33586601051-1
2026-09-02T03:19:34.3206524Z ##[endgroup]
2026-09-02T03:19:35.2359511Z Initialized empty Git repository in C:/openfhe-2023-1788/cleanroom/.git/
2026-09-02T03:19:37.1430236Z From https://github.com/leemaple/20231788.
2026-09-02T03:19:37.1432143Z  * branch            a3901a6703d463d4ac52b089a4da39995bbde422 -> FETCH_HEAD
2026-09-02T03:19:37.3588740Z HEAD is now at a3901a6 test: add Relin2 BV zero-digit A-length red
2026-09-02T03:19:37.4596266Z Initialized empty Git repository in C:/openfhe-2023-1788/openfhe-src/.git/
2026-09-02T03:19:39.0905812Z From https://github.com/openfheorg/openfhe-development
2026-09-02T03:19:39.0906553Z  * branch            df495ba2e91739a6dc8f1de254fc5a41155ce504 -> FETCH_HEAD
2026-09-02T03:19:39.7722879Z HEAD is now at df495ba Merge pull request #1130 from openfheorg/dev
2026-09-02T03:19:41.2042192Z Submodule 'third-party/cereal' (https://github.com/openfheorg/cereal.git) registered for path 'third-party/cereal'
2026-09-02T03:19:41.2070149Z Submodule 'third-party/google-benchmark' (https://github.com/google/benchmark.git) registered for path 'third-party/google-benchmark'
2026-09-02T03:19:41.2095260Z Submodule 'third-party/google-test' (https://github.com/google/googletest.git) registered for path 'third-party/google-test'
2026-09-02T03:19:41.2130520Z Submodule 'third-party/gperftools' (https://github.com/gperftools/gperftools.git) registered for path 'third-party/gperftools'
2026-09-02T03:19:41.2621887Z Cloning into 'C:/openfhe-2023-1788/openfhe-src/third-party/cereal'...
2026-09-02T03:19:42.0758761Z Cloning into 'C:/openfhe-2023-1788/openfhe-src/third-party/google-benchmark'...
2026-09-02T03:19:43.2490378Z Cloning into 'C:/openfhe-2023-1788/openfhe-src/third-party/google-test'...
2026-09-02T03:19:44.0927992Z Cloning into 'C:/openfhe-2023-1788/openfhe-src/third-party/gperftools'...
2026-09-02T03:19:45.4187069Z Submodule path 'third-party/cereal': checked out '984e3f194862b17916536b5fade40cba6e47a6fe'
2026-09-02T03:19:46.8191077Z From https://github.com/google/benchmark
2026-09-02T03:19:46.8191879Z  * branch            eddb0241389718a23a42db6af5f0164b6e0139af -> FETCH_HEAD
2026-09-02T03:19:47.2455319Z Submodule path 'third-party/google-benchmark': checked out 'eddb0241389718a23a42db6af5f0164b6e0139af'
2026-09-02T03:19:48.6702919Z From https://github.com/google/googletest
2026-09-02T03:19:48.6703540Z  * branch            52eb8108c5bdec04579160ae17225d66034bd723 -> FETCH_HEAD
2026-09-02T03:19:49.2814061Z Submodule path 'third-party/google-test': checked out '52eb8108c5bdec04579160ae17225d66034bd723'
2026-09-02T03:19:50.8981504Z From https://github.com/gperftools/gperftools
2026-09-02T03:19:50.8982504Z  * branch            83edb60836d87cf1b406e8846b9059c03031e8f5 -> FETCH_HEAD
2026-09-02T03:19:52.0380027Z Submodule path 'third-party/gperftools': checked out '83edb60836d87cf1b406e8846b9059c03031e8f5'
2026-09-02T03:19:52.3644381Z ##[group]Run msys2/setup-msys2@v2
2026-09-02T03:19:52.3644848Z with:
2026-09-02T03:19:52.3645125Z   msystem: MINGW64
2026-09-02T03:19:52.3645437Z   update: true
2026-09-02T03:19:52.3645760Z   cache: false
2026-09-02T03:19:52.3646140Z   install: git make mingw-w64-x86_64-boost mingw-w64-x86_64-cmake mingw-w64-x86_64-gcc
2026-09-02T03:19:52.3647340Z   path-type: minimal
2026-09-02T03:19:52.3647677Z   release: true
2026-09-02T03:19:52.3647953Z   platform-check-severity: fatal
2026-09-02T03:19:52.3648253Z env:
2026-09-02T03:19:52.3648547Z   OPENFHE_COMMIT: df495ba2e91739a6dc8f1de254fc5a41155ce504
2026-09-02T03:19:52.3648959Z   OPENFHE_PREFIX: C:\openfhe-2023-1788\openfhe-install
2026-09-02T03:19:52.3649347Z   WINDOWS_ROOT: C:\openfhe-2023-1788
2026-09-02T03:19:52.3649683Z   PROJECT_SOURCE: C:\openfhe-2023-1788\cleanroom
2026-09-02T03:19:52.3650356Z   OPENFHE_SOURCE: C:\openfhe-2023-1788\openfhe-src
2026-09-02T03:19:52.3753483Z   OPENFHE_BUILD: C:\openfhe-2023-1788\openfhe-build-33586601051-1
2026-09-02T03:19:52.3753969Z   PROJECT_BUILD: C:\openfhe-2023-1788\project-build-33586601051-1
2026-09-02T03:19:52.3754288Z ##[endgroup]
2026-09-02T03:19:52.5411328Z ##[group]Downloading MSYS2...
2026-09-02T03:19:53.3666440Z ##[endgroup]
2026-09-02T03:19:53.3667096Z ##[group]Extracting MSYS2...
2026-09-02T03:19:53.3681942Z [command]C:\hostedtoolcache\windows\msys2-installer\0.0.20260611\x64\base.exe -y
2026-09-02T03:19:53.6726013Z 
2026-09-02T03:19:53.6727058Z 7-Zip SFX 25.01 ZS v1.5.7 R4 (x64) : Copyright (c) 1999-2025 Igor Pavlov, 2016-2026 Tino Reichardt, 2022-2026 Sergey G. Brester : 2026-01-10
2026-09-02T03:19:53.6727792Z 
2026-09-02T03:19:53.6728179Z Extracting archive: C:\hostedtoolcache\windows\msys2-installer\0.0.20260611\x64\base.exe
2026-09-02T03:19:53.6728627Z --
2026-09-02T03:19:53.6728953Z Path = C:\hostedtoolcache\windows\msys2-installer\0.0.20260611\x64\base.exe
2026-09-02T03:19:53.6729299Z Type = 7z
2026-09-02T03:19:53.6729398Z 
2026-09-02T03:19:53.8646821Z   0%
2026-09-02T03:19:53.8647166Z     
2026-09-02T03:19:54.0677737Z   2% 1332 - msys64\usr\lib\perl5\core_perl\CORE\uudmap.h
2026-09-02T03:19:54.0678128Z                                                         
2026-09-02T03:19:54.2707464Z   4% 2609 - msys64\usr\lib\terminfo\69\ibm6153
2026-09-02T03:19:54.2707889Z                                               
2026-09-02T03:19:54.4745284Z   4% 3970 - msys64\usr\lib\terminfo\77\wy370-rv
2026-09-02T03:19:54.4745690Z                                                
2026-09-02T03:19:54.6778110Z   5% 5321 - msys64\usr\share\bash-completion\completions\_hugo
2026-09-02T03:19:54.6778800Z                                                               
2026-09-02T03:19:54.8807727Z  15% 6247 - msys64\usr\share\locale\fi\LC_MESSAGES\util-linux.mo
2026-09-02T03:19:54.8808146Z                                                                 
2026-09-02T03:19:55.0841755Z  32% 6908 - msys64\usr\share\makepkg\lint_config\ext.sh
2026-09-02T03:19:55.0842713Z                                                        
2026-09-02T03:19:55.2873616Z  33% 8226 - msys64\usr\share\man\man3\current_field.3x.gz
2026-09-02T03:19:55.2874124Z                                                          
2026-09-02T03:19:55.4905196Z  34% 9403 - msys64\usr\share\man\man8\dirmngr.8.gz
2026-09-02T03:19:55.4906006Z                                                   
2026-09-02T03:19:55.6935691Z  42% 10218 - msys64\usr\share\perl5\core_perl\Test2\Tools\Encoding.pm
2026-09-02T03:19:55.6936521Z                                                                      
2026-09-02T03:19:55.8965805Z  46% 11346 - msys64\usr\share\terminfo\61\att505-22
2026-09-02T03:19:56.0998853Z                                                    
2026-09-02T03:19:56.0999807Z  47% 12747 - msys64\usr\share\terminfo\70\pcvt43w
2026-09-02T03:19:56.1000405Z                                                  
2026-09-02T03:19:56.3029984Z  48% 14136 - msys64\usr\share\zoneinfo\America\Swift_Current
2026-09-02T03:19:56.5073271Z                                                             
2026-09-02T03:19:56.5074067Z  48% 15522 - msys64\usr\share\zoneinfo\right\Etc\GMT-7
2026-09-02T03:19:56.5074608Z                                                       
2026-09-02T03:19:56.7292777Z  56% 16246 - msys64\usr\bin\mkpasswd.exe
2026-09-02T03:19:56.7293834Z                                         
2026-09-02T03:19:56.8714591Z  85% 16360 - msys64\usr\bin\pactree.exe
2026-09-02T03:19:56.8740170Z                                        
2026-09-02T03:19:56.8740607Z Everything is Ok
2026-09-02T03:19:56.8741393Z ##[endgroup]
2026-09-02T03:19:56.8742093Z ##[group]Disable Key Refresh...
2026-09-02T03:19:56.8762082Z ##[endgroup]
2026-09-02T03:19:56.8780886Z ##[group]Starting MSYS2 for the first time...
2026-09-02T03:19:56.9535075Z [command]C:\Windows\system32\cmd.exe /D /S /C D:\a\_temp\setup-msys2\msys2.cmd -c "'uname' '-a'"
2026-09-02T03:19:57.0959043Z [1;32mMSYS2 is starting for the first time. Executing the initial setup.[1;0m
2026-09-02T03:19:57.0959851Z Copying skeleton files.
2026-09-02T03:19:57.0960287Z These files are for the users to personalise their msys2 experience.
2026-09-02T03:19:57.0960538Z 
2026-09-02T03:19:57.0960682Z They will never be overwritten nor automatically updated.
2026-09-02T03:19:57.0960897Z 
2026-09-02T03:19:57.1333687Z './.bashrc' -> '/home/runneradmin/.bashrc'
2026-09-02T03:19:57.1473673Z './.bash_profile' -> '/home/runneradmin/.bash_profile'
2026-09-02T03:19:57.1610906Z './.profile' -> '/home/runneradmin/.profile'
2026-09-02T03:19:57.2078886Z 'C:\Windows\system32\drivers\etc\hosts' -> '/etc/hosts'
2026-09-02T03:19:57.2543388Z 'C:\Windows\system32\drivers\etc\protocol' -> '/etc/protocols'
2026-09-02T03:19:57.2970474Z 'C:\Windows\system32\drivers\etc\services' -> '/etc/services'
2026-09-02T03:19:57.3382285Z 'C:\Windows\system32\drivers\etc\networks' -> '/etc/networks'
2026-09-02T03:19:57.5097918Z gpg: /etc/pacman.d/gnupg/trustdb.gpg: trustdb created
2026-09-02T03:19:57.5159135Z gpg: no ultimately trusted keys found
2026-09-02T03:19:57.7500009Z gpg: starting migration from earlier GnuPG versions
2026-09-02T03:19:57.8059643Z gpg: porting secret keys from '/etc/pacman.d/gnupg/secring.gpg' to gpg-agent
2026-09-02T03:19:57.8062440Z gpg: migration succeeded
2026-09-02T03:19:57.8246902Z ==> Generating pacman master key. This may take some time.
2026-09-02T03:19:57.8408534Z gpg: Generating pacman keyring master key...
2026-09-02T03:19:58.5266355Z gpg: directory '/etc/pacman.d/gnupg/openpgp-revocs.d' created
2026-09-02T03:19:58.5521821Z gpg: revocation certificate stored as '/etc/pacman.d/gnupg/openpgp-revocs.d/58E9982A36E70D325D9647A4A11B3D29B15924CC.rev'
2026-09-02T03:19:58.5523443Z gpg: Done
2026-09-02T03:19:58.5676275Z ==> Updating trust database...
2026-09-02T03:19:58.6002187Z gpg: marginals needed: 3  completes needed: 1  trust model: pgp
2026-09-02T03:19:58.6003307Z gpg: depth: 0  valid:   1  signed:   0  trust: 0-, 0q, 0n, 0m, 0f, 1u
2026-09-02T03:19:58.7079285Z ==> Appending keys from msys2.gpg...
2026-09-02T03:19:59.2067268Z ==> Locally signing trusted keys in keyring...
2026-09-02T03:19:59.7116895Z   -> Locally signed 5 keys.
2026-09-02T03:19:59.7247335Z ==> Importing owner trust values...
2026-09-02T03:19:59.7404958Z gpg: setting ownertrust to 4
2026-09-02T03:19:59.7405599Z gpg: setting ownertrust to 4
2026-09-02T03:19:59.7406059Z gpg: setting ownertrust to 4
2026-09-02T03:19:59.7406315Z gpg: setting ownertrust to 4
2026-09-02T03:19:59.7406526Z gpg: setting ownertrust to 4
2026-09-02T03:19:59.7643590Z ==> Disabling revoked keys in keyring...
2026-09-02T03:19:59.9745262Z   -> Disabled 4 keys.
2026-09-02T03:19:59.9874029Z ==> Updating trust database...
2026-09-02T03:20:00.0246065Z gpg: marginals needed: 3  completes needed: 1  trust model: pgp
2026-09-02T03:20:00.0269186Z gpg: depth: 0  valid:   1  signed:   5  trust: 0-, 0q, 0n, 0m, 0f, 1u
2026-09-02T03:20:00.0291885Z gpg: depth: 1  valid:   5  signed:   6  trust: 0-, 0q, 0n, 5m, 0f, 0u
2026-09-02T03:20:00.0304021Z gpg: depth: 2  valid:   3  signed:   2  trust: 3-, 0q, 0n, 0m, 0f, 0u
2026-09-02T03:20:00.0640507Z pacman-key (pacman) 6.1.0
2026-09-02T03:20:00.0642063Z Copyright (c) 2010-2024 Pacman Development Team <pacman-dev@lists.archlinux.org>.
2026-09-02T03:20:00.0642478Z 
2026-09-02T03:20:00.0777255Z This is free software; see the source for copying conditions.
2026-09-02T03:20:00.0778403Z There is NO WARRANTY, to the extent permitted by law.
2026-09-02T03:20:00.2660860Z [1;32mInitial setup complete. MSYS2 is now ready to use.[1;0m
2026-09-02T03:20:00.2798758Z MINGW64_NT-10.0-20348 runnervm0js1w 3.6.9-01d6c708.x86_64 2026-05-24 10:45 UTC x86_64 Msys
2026-09-02T03:20:00.2845808Z ##[endgroup]
2026-09-02T03:20:00.2846419Z ##[group]Disable CheckSpace...
2026-09-02T03:20:00.3548904Z [command]C:\Windows\system32\cmd.exe /D /S /C D:\a\_temp\setup-msys2\msys2.cmd -c "'sed' '-i' 's/^CheckSpace/#CheckSpace/g' '/etc/pacman.conf'"
2026-09-02T03:20:00.5291283Z ##[endgroup]
2026-09-02T03:20:00.5291757Z ##[group]Updating packages...
2026-09-02T03:20:00.5983092Z [command]C:\Windows\system32\cmd.exe /D /S /C D:\a\_temp\setup-msys2\msys2.cmd -c "'pacman' '--noconfirm' '-Syuu' '--overwrite' '*'"
2026-09-02T03:20:01.2243625Z :: Synchronizing package databases...
2026-09-02T03:20:02.7365046Z  clangarm64 downloading...
2026-09-02T03:20:02.7365574Z  mingw32 downloading...
2026-09-02T03:20:02.7365838Z  mingw64 downloading...
2026-09-02T03:20:02.7366080Z  ucrt64 downloading...
2026-09-02T03:20:02.7366318Z  clang64 downloading...
2026-09-02T03:20:02.7366552Z  msys downloading...
2026-09-02T03:20:03.1828573Z :: Starting core system upgrade...
2026-09-02T03:20:03.4116722Z warning: terminate other MSYS2 programs before proceeding
2026-09-02T03:20:03.4117323Z resolving dependencies...
2026-09-02T03:20:03.4117706Z looking for conflicting packages...
2026-09-02T03:20:03.4198121Z 
2026-09-02T03:20:03.4198676Z Packages (1) msys2-runtime-3.6.10-3
2026-09-02T03:20:03.4199076Z 
2026-09-02T03:20:03.4199282Z Total Download Size:    1.97 MiB
2026-09-02T03:20:03.4199772Z Total Installed Size:   6.33 MiB
2026-09-02T03:20:03.4200280Z Net Upgrade Size:      -0.20 MiB
2026-09-02T03:20:03.4200603Z 
2026-09-02T03:20:03.4200867Z :: Proceed with installation? [Y/n] 
2026-09-02T03:20:03.4201530Z :: Retrieving packages...
2026-09-02T03:20:04.6069759Z  msys2-runtime-3.6.10-3-x86_64 downloading...
2026-09-02T03:20:04.6070345Z checking keyring...
2026-09-02T03:20:04.6647453Z checking package integrity...
2026-09-02T03:20:04.8313302Z loading package files...
2026-09-02T03:20:04.8340244Z checking for file conflicts...
2026-09-02T03:20:04.8360243Z :: Processing package changes...
2026-09-02T03:20:04.8360755Z upgrading msys2-runtime...
2026-09-02T03:20:04.9852622Z :: To complete this update all MSYS2 processes including this terminal will be closed. Confirm to proceed [Y/n] 
2026-09-02T03:20:05.2574227Z ##[endgroup]
2026-09-02T03:20:05.2574811Z ##[group]Killing remaining tasks...
2026-09-02T03:20:05.3247689Z [command]C:\Windows\system32\taskkill.exe /F /FI "MODULES eq msys-2.0.dll"
2026-09-02T03:20:05.4509755Z 
2026-09-02T03:20:05.4510485Z INFO: No tasks running with the specified criteria.
2026-09-02T03:20:05.4545541Z ##[endgroup]
2026-09-02T03:20:05.4545949Z ##[group]Final system upgrade...
2026-09-02T03:20:05.5226917Z [command]C:\Windows\system32\cmd.exe /D /S /C D:\a\_temp\setup-msys2\msys2.cmd -c "'pacman' '--noconfirm' '-Syuu' '--overwrite' '*'"
2026-09-02T03:20:06.1229265Z :: Synchronizing package databases...
2026-09-02T03:20:07.1136270Z  clangarm64 downloading...
2026-09-02T03:20:07.1136797Z  mingw32 downloading...
2026-09-02T03:20:07.1137191Z  mingw64 downloading...
2026-09-02T03:20:07.1137552Z  ucrt64 downloading...
2026-09-02T03:20:07.1137925Z  clang64 downloading...
2026-09-02T03:20:07.1138262Z  msys downloading...
2026-09-02T03:20:07.5439373Z :: Starting core system upgrade...
2026-09-02T03:20:07.7717163Z  there is nothing to do
2026-09-02T03:20:07.7717545Z :: Starting full system upgrade...
2026-09-02T03:20:07.8185914Z resolving dependencies...
2026-09-02T03:20:07.8251783Z looking for conflicting packages...
2026-09-02T03:20:07.8391424Z 
2026-09-02T03:20:07.8395093Z Packages (31) bash-completion-2.18.0-1  bsdtar-3.8.9-1  ca-certificates-20260816-1  curl-8.21.0-1  findutils-4.11.0-2  gawk-5.4.1-1  gcc-libs-15.3.0-1  gnupg-2.4.9-3  libcurl-8.21.0-1  libexpat-2.8.3-1  libffi-3.8.0-1  libgnutls-3.8.13-2  libhogweed-4.0-1  libnettle-4.0-1  libnghttp2-1.70.0-1  libnghttp3-1.18.0-1  libngtcp2-1.25.0-1  libopenssl-3.6.4-1  libp11-kit-0.26.5-1  libpsl-0.23.2-1  libsqlite-3.53.4-1  msys2-keyring-1~20260814-1  nano-9.2-1  nettle-4.0-1  openssl-3.6.4-1  p11-kit-0.26.5-1  pacman-contrib-1.10.6-2  perl-5.42.3-1  pinentry-1.3.3-1  tzcode-2026c-1  wget-1.25.0-2
2026-09-02T03:20:07.8399984Z 
2026-09-02T03:20:07.8400161Z Total Download Size:    27.05 MiB
2026-09-02T03:20:07.8400596Z Total Installed Size:  108.42 MiB
2026-09-02T03:20:07.8401060Z Net Upgrade Size:       -1.02 MiB
2026-09-02T03:20:07.8401350Z 
2026-09-02T03:20:07.8401879Z :: Proceed with installation? [Y/n] 
2026-09-02T03:20:07.8402358Z :: Retrieving packages...
2026-09-02T03:20:10.7189977Z  perl-5.42.3-1-x86_64 downloading...
2026-09-02T03:20:10.7190583Z  pacman-contrib-1.10.6-2-x86_64 downloading...
2026-09-02T03:20:10.7191081Z  gnupg-2.4.9-3-x86_64 downloading...
2026-09-02T03:20:10.7191585Z  libopenssl-3.6.4-1-x86_64 downloading...
2026-09-02T03:20:10.7192060Z  gawk-5.4.1-1-x86_64 downloading...
2026-09-02T03:20:10.7192535Z  libgnutls-3.8.13-2-x86_64 downloading...
2026-09-02T03:20:10.7193016Z  gcc-libs-15.3.0-1-x86_64 downloading...
2026-09-02T03:20:10.7193512Z  curl-8.21.0-1-x86_64 downloading...
2026-09-02T03:20:10.7193965Z  wget-1.25.0-2-x86_64 downloading...
2026-09-02T03:20:10.7194446Z  libsqlite-3.53.4-1-x86_64 downloading...
2026-09-02T03:20:10.7194920Z  nano-9.2-1-x86_64 downloading...
2026-09-02T03:20:10.7195368Z  openssl-3.6.4-1-x86_64 downloading...
2026-09-02T03:20:10.7195853Z  findutils-4.11.0-2-x86_64 downloading...
2026-09-02T03:20:10.7196361Z  p11-kit-0.26.5-1-x86_64 downloading...
2026-09-02T03:20:10.7196895Z  ca-certificates-20260816-1-any downloading...
2026-09-02T03:20:10.7197478Z  libcurl-8.21.0-1-x86_64 downloading...
2026-09-02T03:20:10.7197941Z  bsdtar-3.8.9-1-x86_64 downloading...
2026-09-02T03:20:10.7198405Z  tzcode-2026c-1-x86_64 downloading...
2026-09-02T03:20:10.7198902Z  libp11-kit-0.26.5-1-x86_64 downloading...
2026-09-02T03:20:10.7199425Z  bash-completion-2.18.0-1-any downloading...
2026-09-02T03:20:10.7199941Z  libhogweed-4.0-1-x86_64 downloading...
2026-09-02T03:20:10.7200399Z  libngtcp2-1.25.0-1-x86_64 downloading...
2026-09-02T03:20:10.7200911Z  libnettle-4.0-1-x86_64 downloading...
2026-09-02T03:20:10.7201362Z  nettle-4.0-1-x86_64 downloading...
2026-09-02T03:20:10.7201830Z  libpsl-0.23.2-1-x86_64 downloading...
2026-09-02T03:20:10.7202315Z  libnghttp3-1.18.0-1-x86_64 downloading...
2026-09-02T03:20:10.7202833Z  libnghttp2-1.70.0-1-x86_64 downloading...
2026-09-02T03:20:10.7203361Z  libexpat-2.8.3-1-x86_64 downloading...
2026-09-02T03:20:10.7203826Z  pinentry-1.3.3-1-x86_64 downloading...
2026-09-02T03:20:10.7204340Z  msys2-keyring-1~20260814-1-any downloading...
2026-09-02T03:20:10.7204865Z  libffi-3.8.0-1-x86_64 downloading...
2026-09-02T03:20:10.7205319Z checking keyring...
2026-09-02T03:20:10.7804376Z checking package integrity...
2026-09-02T03:20:15.5979715Z loading package files...
2026-09-02T03:20:15.6829184Z checking for file conflicts...
2026-09-02T03:20:15.7342822Z :: Running pre-transaction hooks...
2026-09-02T03:20:15.7343199Z (1/1) Removing old entries from the info directory file...
2026-09-02T03:20:15.8681404Z :: Processing package changes...
2026-09-02T03:20:15.8681911Z upgrading bash-completion...
2026-09-02T03:20:16.6075219Z upgrading gcc-libs...
2026-09-02T03:20:16.6240274Z upgrading libexpat...
2026-09-02T03:20:16.6278816Z upgrading libopenssl...
2026-09-02T03:20:16.6557297Z upgrading bsdtar...
2026-09-02T03:20:16.6641695Z upgrading openssl...
2026-09-02T03:20:16.7567231Z upgrading findutils...
2026-09-02T03:20:16.8203951Z upgrading libffi...
2026-09-02T03:20:16.8288660Z upgrading libp11-kit...
2026-09-02T03:20:16.8354677Z upgrading p11-kit...
2026-09-02T03:20:16.9588265Z upgrading ca-certificates...
2026-09-02T03:20:17.5455300Z upgrading libnghttp3...
2026-09-02T03:20:17.5510054Z upgrading libngtcp2...
2026-09-02T03:20:17.5580909Z upgrading libnghttp2...
2026-09-02T03:20:17.5634317Z upgrading libpsl...
2026-09-02T03:20:17.5715148Z upgrading libcurl...
2026-09-02T03:20:17.5776506Z upgrading curl...
2026-09-02T03:20:17.9286041Z upgrading gawk...
2026-09-02T03:20:18.0111545Z upgrading libhogweed...
2026-09-02T03:20:18.0151578Z upgrading libnettle...
2026-09-02T03:20:18.0196146Z upgrading libgnutls...
2026-09-02T03:20:18.0633665Z upgrading libsqlite...
2026-09-02T03:20:18.0731312Z upgrading nettle...
2026-09-02T03:20:18.0797816Z upgrading pinentry...
2026-09-02T03:20:18.0850905Z upgrading gnupg...
2026-09-02T03:20:22.6327201Z ==> Appending keys from msys2.gpg...
2026-09-02T03:20:23.0729291Z ==> Updating trust database...
2026-09-02T03:20:23.0888832Z gpg: no need for a trustdb check
2026-09-02T03:20:23.1746308Z upgrading msys2-keyring...
2026-09-02T03:20:23.5258584Z ==> Appending keys from msys2.gpg...
2026-09-02T03:20:23.9953397Z ==> Updating trust database...
2026-09-02T03:20:24.0119531Z gpg: next trustdb check due at 2027-02-10
2026-09-02T03:20:24.0943110Z upgrading nano...
2026-09-02T03:20:24.1827666Z upgrading pacman-contrib...
2026-09-02T03:20:24.2465454Z New optional dependencies for pacman-contrib
2026-09-02T03:20:24.2466037Z     perl: for pacsearch [installed]
2026-09-02T03:20:24.2466488Z     vim: default diff program for pacdiff
2026-09-02T03:20:24.2466919Z upgrading perl...
2026-09-02T03:20:25.6901604Z upgrading tzcode...
2026-09-02T03:20:27.2081046Z upgrading wget...
2026-09-02T03:20:27.3142092Z :: Running post-transaction hooks...
2026-09-02T03:20:27.3142448Z (1/1) Updating the info directory file...
2026-09-02T03:20:28.9894317Z ##[endgroup]
2026-09-02T03:20:28.9895334Z ##[group]Installing additional packages through pacman...
2026-09-02T03:20:29.0643265Z [command]C:\Windows\system32\cmd.exe /D /S /C D:\a\_temp\setup-msys2\msys2.cmd -c "'pacman' '--noconfirm' '-S' '--needed' '--overwrite' '*' 'git' 'make' 'mingw-w64-x86_64-boost' 'mingw-w64-x86_64-cmake' 'mingw-w64-x86_64-gcc'"
2026-09-02T03:20:29.9189920Z resolving dependencies...
2026-09-02T03:20:29.9299484Z looking for conflicting packages...
2026-09-02T03:20:29.9431931Z 
2026-09-02T03:20:29.9444262Z Packages (89) heimdal-7.8.0-5  heimdal-libs-7.8.0-5  libcbor-0.14.0-2  libedit-20240808_3.1-1  libfido2-1.17.0-1  mingw-w64-x86_64-binutils-2.47-3  mingw-w64-x86_64-boost-libs-1.91.0-3  mingw-w64-x86_64-brotli-1.2.0-1  mingw-w64-x86_64-bzip2-1.0.8-4  mingw-w64-x86_64-c-ares-1.34.8-1  mingw-w64-x86_64-ca-certificates-20260816-1  mingw-w64-x86_64-cppdap-1.65.r11.g6464cd7-1  mingw-w64-x86_64-crt-14.0.0.r302.gd7f3c5201-1  mingw-w64-x86_64-curl-8.21.0-2  mingw-w64-x86_64-expat-2.8.3-1  mingw-w64-x86_64-gcc-libs-16.2.0-3  mingw-w64-x86_64-gettext-runtime-1.0-1  mingw-w64-x86_64-gmp-6.3.0-2  mingw-w64-x86_64-gnutls-3.8.13-3  mingw-w64-x86_64-headers-14.0.0.r302.gd7f3c5201-1  mingw-w64-x86_64-icu-78.3-4  mingw-w64-x86_64-isl-0.28-1  mingw-w64-x86_64-jsoncpp-1.9.8-1  mingw-w64-x86_64-libarchive-3.8.9-5  mingw-w64-x86_64-libb2-0.98.1-3  mingw-w64-x86_64-libffi-3.8.0-1  mingw-w64-x86_64-libiconv-1.19-1  mingw-w64-x86_64-libidn2-2.3.8-4  mingw-w64-x86_64-libpsl-0.21.5-3  mingw-w64-x86_64-libssh2-1.11.1-2  mingw-w64-x86_64-libtasn1-4.21.0-1  mingw-w64-x86_64-libunistring-1.4.2-1  mingw-w64-x86_64-libuv-1.52.1-1  mingw-w64-x86_64-libwinpthread-14.0.0.r302.gd7f3c5201-1  mingw-w64-x86_64-lz4-1.10.0-1  mingw-w64-x86_64-mpc-1.4.1-1  mingw-w64-x86_64-mpfr-4.2.2-3  mingw-w64-x86_64-nettle-4.0-1  mingw-w64-x86_64-nghttp2-1.70.0-1  mingw-w64-x86_64-nghttp3-1.18.0-1  mingw-w64-x86_64-ngtcp2-1.25.0-1  mingw-w64-x86_64-ninja-1.13.2-1  mingw-w64-x86_64-openssl-3.6.4-1  mingw-w64-x86_64-p11-kit-0.26.5-1  mingw-w64-x86_64-pcre2-10.47-1  mingw-w64-x86_64-pkgconf-1~3.0.5-1  mingw-w64-x86_64-rhash-1.4.6-1  mingw-w64-x86_64-tzdata-2026c-1  mingw-w64-x86_64-windows-default-manifest-20260815-1  mingw-w64-x86_64-wineditline-2.208-1  mingw-w64-x86_64-winpthreads-14.0.0.r302.gd7f3c5201-1  mingw-w64-x86_64-xz-5.8.3-1  mingw-w64-x86_64-zlib-1.3.2-2  mingw-w64-x86_64-zstd-1.5.7-2  openssh-10.5p1-2  perl-Authen-SASL-2.2000-1  perl-Clone-0.50-2  perl-Convert-BinHex-1.125-2  perl-Encode-Locale-1.05-2  perl-Error-0.17030-1  perl-File-Listing-6.16-1  perl-HTML-Parser-3.85-1  perl-HTML-Tagset-3.24-1  perl-HTTP-Cookies-6.12-1  perl-HTTP-Daemon-6.17-1  perl-HTTP-Date-6.08-1  perl-HTTP-Message-7.04-1  perl-HTTP-Negotiate-6.01-3  perl-IO-HTML-1.004-2  perl-IO-Socket-SSL-2.099-1  perl-IO-Stringy-2.113-3  perl-LWP-MediaTypes-6.04-2  perl-MIME-tools-5.517-1  perl-MailTools-2.22-1  perl-Net-HTTP-6.24-1  perl-Net-SMTP-SSL-1.04-2  perl-Net-SSLeay-1.96-1  perl-TermReadKey-2.38-8  perl-TimeDate-2.35-1  perl-Try-Tiny-0.32-1  perl-URI-5.36-1  perl-WWW-RobotRules-6.03-1  perl-http-cookiejar-0.014-1  perl-libwww-6.83-2  git-2.55.0-1  make-4.4.1-3  mingw-w64-x86_64-boost-1.91.0-3  mingw-w64-x86_64-cmake-4.4.2-2  mingw-w64-x86_64-gcc-16.2.0-3
2026-09-02T03:20:29.9457000Z 
2026-09-02T03:20:29.9457198Z Total Download Size:    154.18 MiB
2026-09-02T03:20:29.9457690Z Total Installed Size:  1023.08 MiB
2026-09-02T03:20:29.9458023Z 
2026-09-02T03:20:29.9460644Z :: Proceed with installation? [Y/n] 
2026-09-02T03:20:29.9461160Z :: Retrieving packages...
2026-09-02T03:20:41.0038771Z  mingw-w64-x86_64-gcc-16.2.0-3-any downloading...
2026-09-02T03:20:41.0039460Z  mingw-w64-x86_64-icu-78.3-4-any downloading...
2026-09-02T03:20:41.0040043Z  mingw-w64-x86_64-boost-1.91.0-3-any downloading...
2026-09-02T03:20:41.0040641Z  mingw-w64-x86_64-cmake-4.4.2-2-any downloading...
2026-09-02T03:20:41.0041258Z  mingw-w64-x86_64-openssl-3.6.4-1-any downloading...
2026-09-02T03:20:41.0041853Z  git-2.55.0-1-x86_64 downloading...
2026-09-02T03:20:41.0042512Z  mingw-w64-x86_64-headers-14.0.0.r302.gd7f3c5201-1-any downloading...
2026-09-02T03:20:41.0043225Z  mingw-w64-x86_64-binutils-2.47-3-any downloading...
2026-09-02T03:20:41.0044268Z  mingw-w64-x86_64-crt-14.0.0.r302.gd7f3c5201-1-any downloading...
2026-09-02T03:20:41.0045008Z  mingw-w64-x86_64-boost-libs-1.91.0-3-any downloading...
2026-09-02T03:20:41.0045634Z  mingw-w64-x86_64-gnutls-3.8.13-3-any downloading...
2026-09-02T03:20:41.0046225Z  mingw-w64-x86_64-libarchive-3.8.9-5-any downloading...
2026-09-02T03:20:41.0046799Z  mingw-w64-x86_64-curl-8.21.0-2-any downloading...
2026-09-02T03:20:41.0047306Z  mingw-w64-x86_64-isl-0.28-1-any downloading...
2026-09-02T03:20:41.0047666Z  mingw-w64-x86_64-pcre2-10.47-1-any downloading...
2026-09-02T03:20:41.0048007Z  openssh-10.5p1-2-x86_64 downloading...
2026-09-02T03:20:41.0048356Z  mingw-w64-x86_64-gcc-libs-16.2.0-3-any downloading...
2026-09-02T03:20:41.0048780Z  mingw-w64-x86_64-libunistring-1.4.2-1-any downloading...
2026-09-02T03:20:41.0049164Z  heimdal-libs-7.8.0-5-x86_64 downloading...
2026-09-02T03:20:41.0049508Z  mingw-w64-x86_64-libiconv-1.19-1-any downloading...
2026-09-02T03:20:41.0049867Z  mingw-w64-x86_64-zstd-1.5.7-2-any downloading...
2026-09-02T03:20:41.0050232Z  mingw-w64-x86_64-p11-kit-0.26.5-1-any downloading...
2026-09-02T03:20:41.0050747Z  mingw-w64-x86_64-gmp-6.3.0-2-any downloading...
2026-09-02T03:20:41.0051199Z  mingw-w64-x86_64-nettle-4.0-1-any downloading...
2026-09-02T03:20:41.0051537Z  heimdal-7.8.0-5-x86_64 downloading...
2026-09-02T03:20:41.0051860Z  mingw-w64-x86_64-mpfr-4.2.2-3-any downloading...
2026-09-02T03:20:41.0052263Z  mingw-w64-x86_64-cppdap-1.65.r11.g6464cd7-1-any downloading...
2026-09-02T03:20:41.0052672Z  make-4.4.1-3-x86_64 downloading...
2026-09-02T03:20:41.0052976Z  mingw-w64-x86_64-xz-5.8.3-1-any downloading...
2026-09-02T03:20:41.0053333Z  mingw-w64-x86_64-brotli-1.2.0-1-any downloading...
2026-09-02T03:20:41.0053733Z  mingw-w64-x86_64-gettext-runtime-1.0-1-any downloading...
2026-09-02T03:20:41.0054599Z  mingw-w64-x86_64-ca-certificates-20260816-1-any downloading...
2026-09-02T03:20:41.0055287Z  mingw-w64-x86_64-c-ares-1.34.8-1-any downloading...
2026-09-02T03:20:41.0055931Z  mingw-w64-x86_64-libssh2-1.11.1-2-any downloading...
2026-09-02T03:20:41.0056609Z  mingw-w64-x86_64-ngtcp2-1.25.0-1-any downloading...
2026-09-02T03:20:41.0057408Z  mingw-w64-x86_64-rhash-1.4.6-1-any downloading...
2026-09-02T03:20:41.0057988Z  perl-Net-SSLeay-1.96-1-x86_64 downloading...
2026-09-02T03:20:41.0058556Z  mingw-w64-x86_64-tzdata-2026c-1-any downloading...
2026-09-02T03:20:41.0059143Z  mingw-w64-x86_64-libuv-1.52.1-1-any downloading...
2026-09-02T03:20:41.0059738Z  mingw-w64-x86_64-jsoncpp-1.9.8-1-any downloading...
2026-09-02T03:20:41.0060340Z  mingw-w64-x86_64-nghttp2-1.70.0-1-any downloading...
2026-09-02T03:20:41.0060955Z  mingw-w64-x86_64-libtasn1-4.21.0-1-any downloading...
2026-09-02T03:20:41.0061583Z  mingw-w64-x86_64-expat-2.8.3-1-any downloading...
2026-09-02T03:20:41.0062207Z  mingw-w64-x86_64-ninja-1.13.2-1-any downloading...
2026-09-02T03:20:41.0062807Z  perl-MIME-tools-5.517-1-any downloading...
2026-09-02T03:20:41.0063462Z  mingw-w64-x86_64-libidn2-2.3.8-4-any downloading...
2026-09-02T03:20:41.0064112Z  mingw-w64-x86_64-lz4-1.10.0-1-any downloading...
2026-09-02T03:20:41.0064774Z  perl-IO-Socket-SSL-2.099-1-any downloading...
2026-09-02T03:20:41.0065528Z  mingw-w64-x86_64-pkgconf-1~3.0.5-1-any downloading...
2026-09-02T03:20:41.0066258Z  mingw-w64-x86_64-nghttp3-1.18.0-1-any downloading...
2026-09-02T03:20:41.0066957Z  mingw-w64-x86_64-mpc-1.4.1-1-any downloading...
2026-09-02T03:20:41.0067555Z  perl-libwww-6.83-2-any downloading...
2026-09-02T03:20:41.0068133Z  mingw-w64-x86_64-zlib-1.3.2-2-any downloading...
2026-09-02T03:20:41.0068658Z  perl-URI-5.36-1-any downloading...
2026-09-02T03:20:41.0069036Z  mingw-w64-x86_64-libpsl-0.21.5-3-any downloading...
2026-09-02T03:20:41.0069406Z  mingw-w64-x86_64-bzip2-1.0.8-4-any downloading...
2026-09-02T03:20:41.0069857Z  libedit-20240808_3.1-1-x86_64 downloading...
2026-09-02T03:20:41.0070354Z  libfido2-1.17.0-1-x86_64 downloading...
2026-09-02T03:20:41.0070892Z  perl-HTML-Parser-3.85-1-x86_64 downloading...
2026-09-02T03:20:41.0071422Z  perl-HTTP-Message-7.04-1-any downloading...
2026-09-02T03:20:41.0071963Z  perl-TimeDate-2.35-1-any downloading...
2026-09-02T03:20:41.0072545Z  mingw-w64-x86_64-wineditline-2.208-1-any downloading...
2026-09-02T03:20:41.0072930Z  perl-MailTools-2.22-1-any downloading...
2026-09-02T03:20:41.0073270Z  mingw-w64-x86_64-libffi-3.8.0-1-any downloading...
2026-09-02T03:20:41.0073623Z  perl-IO-Stringy-2.113-3-any downloading...
2026-09-02T03:20:41.0074070Z  mingw-w64-x86_64-winpthreads-14.0.0.r302.gd7f3c5201-1-any downloading...
2026-09-02T03:20:41.0074550Z  perl-Authen-SASL-2.2000-1-any downloading...
2026-09-02T03:20:41.0075006Z  mingw-w64-x86_64-libwinpthread-14.0.0.r302.gd7f3c5201-1-any downloading...
2026-09-02T03:20:41.0075497Z  perl-Convert-BinHex-1.125-2-any downloading...
2026-09-02T03:20:41.0075868Z  mingw-w64-x86_64-libb2-0.98.1-3-any downloading...
2026-09-02T03:20:41.0076212Z  libcbor-0.14.0-2-x86_64 downloading...
2026-09-02T03:20:41.0076546Z  perl-HTTP-Cookies-6.12-1-any downloading...
2026-09-02T03:20:41.0076878Z  perl-Net-HTTP-6.24-1-any downloading...
2026-09-02T03:20:41.0077190Z  perl-Error-0.17030-1-any downloading...
2026-09-02T03:20:41.0077527Z  perl-TermReadKey-2.38-8-x86_64 downloading...
2026-09-02T03:20:41.0077874Z  perl-HTTP-Daemon-6.17-1-any downloading...
2026-09-02T03:20:41.0078222Z  perl-LWP-MediaTypes-6.04-2-any downloading...
2026-09-02T03:20:41.0078569Z  perl-Try-Tiny-0.32-1-any downloading...
2026-09-02T03:20:41.0078879Z  perl-Clone-0.50-2-x86_64 downloading...
2026-09-02T03:20:41.0079188Z  perl-IO-HTML-1.004-2-any downloading...
2026-09-02T03:20:41.0079519Z  perl-WWW-RobotRules-6.03-1-any downloading...
2026-09-02T03:20:41.0079902Z  perl-http-cookiejar-0.014-1-any downloading...
2026-09-02T03:20:41.0080288Z  perl-HTTP-Negotiate-6.01-3-any downloading...
2026-09-02T03:20:41.0080909Z  perl-Encode-Locale-1.05-2-any downloading...
2026-09-02T03:20:41.0081487Z  perl-HTML-Tagset-3.24-1-any downloading...
2026-09-02T03:20:41.0082047Z  perl-File-Listing-6.16-1-any downloading...
2026-09-02T03:20:41.0082577Z  perl-HTTP-Date-6.08-1-any downloading...
2026-09-02T03:20:41.0082913Z  perl-Net-SMTP-SSL-1.04-2-any downloading...
2026-09-02T03:20:41.0084263Z  mingw-w64-x86_64-windows-default-manifest-20260815-1-any downloading...
2026-09-02T03:20:41.0084701Z checking keyring...
2026-09-02T03:20:41.0734061Z checking package integrity...
2026-09-02T03:20:56.0739020Z loading package files...
2026-09-02T03:20:56.4809616Z checking for file conflicts...
2026-09-02T03:20:58.6815133Z :: Processing package changes...
2026-09-02T03:20:58.6815601Z installing libedit...
2026-09-02T03:20:58.7096232Z installing heimdal-libs...
2026-09-02T03:20:58.7273860Z installing heimdal...
2026-09-02T03:20:59.2596476Z installing libcbor...
2026-09-02T03:20:59.2624806Z installing libfido2...
2026-09-02T03:20:59.2658336Z installing openssh...
2026-09-02T03:20:59.3014901Z installing perl-Error...
2026-09-02T03:20:59.3082840Z installing perl-Authen-SASL...
2026-09-02T03:20:59.3273823Z installing perl-Encode-Locale...
2026-09-02T03:20:59.3324857Z installing perl-HTTP-Date...
2026-09-02T03:20:59.3375771Z installing perl-File-Listing...
2026-09-02T03:20:59.3433178Z installing perl-HTML-Tagset...
2026-09-02T03:20:59.3487188Z installing perl-Clone...
2026-09-02T03:20:59.3532898Z installing perl-IO-HTML...
2026-09-02T03:20:59.3584986Z installing perl-LWP-MediaTypes...
2026-09-02T03:20:59.3646983Z installing perl-URI...
2026-09-02T03:20:59.4194741Z installing perl-HTTP-Message...
2026-09-02T03:20:59.4359758Z installing perl-HTML-Parser...
2026-09-02T03:20:59.4490227Z installing perl-HTTP-Cookies...
2026-09-02T03:20:59.4562859Z installing perl-HTTP-Daemon...
2026-09-02T03:20:59.4605075Z installing perl-http-cookiejar...
2026-09-02T03:20:59.4665046Z installing perl-HTTP-Negotiate...
2026-09-02T03:20:59.4706952Z installing perl-Net-HTTP...
2026-09-02T03:20:59.4798303Z installing perl-WWW-RobotRules...
2026-09-02T03:20:59.4879313Z installing perl-Try-Tiny...
2026-09-02T03:20:59.4951201Z installing perl-libwww...
2026-09-02T03:20:59.5249157Z Optional dependencies for perl-libwww
2026-09-02T03:20:59.5249773Z     perl-LWP-Protocol-https: for https:// url schemes
2026-09-02T03:20:59.5250338Z installing perl-TimeDate...
2026-09-02T03:20:59.5798628Z installing perl-MailTools...
2026-09-02T03:20:59.6036162Z installing perl-IO-Stringy...
2026-09-02T03:20:59.6155602Z installing perl-Convert-BinHex...
2026-09-02T03:20:59.7666791Z module test... pass.
2026-09-02T03:20:59.7681043Z installing perl-MIME-tools...
2026-09-02T03:20:59.8021758Z installing perl-Net-SSLeay...
2026-09-02T03:20:59.8654465Z installing perl-IO-Socket-SSL...
2026-09-02T03:20:59.8767123Z installing perl-Net-SMTP-SSL...
2026-09-02T03:20:59.8806931Z installing perl-TermReadKey...
2026-09-02T03:20:59.8875630Z installing git...
2026-09-02T03:21:00.3642533Z Optional dependencies for git
2026-09-02T03:21:00.3643035Z     python: various helper scripts
2026-09-02T03:21:00.3643460Z     subversion: git svn
2026-09-02T03:21:00.3643843Z     aspell: spell checking in git gui
2026-09-02T03:21:00.3644281Z installing make...
2026-09-02T03:21:00.3929446Z installing mingw-w64-x86_64-libwinpthread...
2026-09-02T03:21:00.3970649Z installing mingw-w64-x86_64-tzdata...
2026-09-02T03:21:01.7715807Z installing mingw-w64-x86_64-gcc-libs...
2026-09-02T03:21:01.7995360Z installing mingw-w64-x86_64-bzip2...
2026-09-02T03:21:01.8159306Z installing mingw-w64-x86_64-icu...
2026-09-02T03:21:02.1570968Z installing mingw-w64-x86_64-libiconv...
2026-09-02T03:21:02.1777732Z installing mingw-w64-x86_64-gettext-runtime...
2026-09-02T03:21:02.2857294Z installing mingw-w64-x86_64-xz...
2026-09-02T03:21:02.3808913Z installing mingw-w64-x86_64-zstd...
2026-09-02T03:21:02.3993588Z installing mingw-w64-x86_64-zlib...
2026-09-02T03:21:02.4066925Z installing mingw-w64-x86_64-boost-libs...
2026-09-02T03:21:02.4504810Z installing mingw-w64-x86_64-boost...
2026-09-02T03:21:14.2378198Z Optional dependencies for mingw-w64-x86_64-boost
2026-09-02T03:21:14.2378583Z     mingw-w64-x86_64-python: For Boost.Python
2026-09-02T03:21:14.2378942Z     mingw-w64-x86_64-python-numpy: For Boost.Python (NumPy)
2026-09-02T03:21:14.2379486Z installing mingw-w64-x86_64-cppdap...
2026-09-02T03:21:14.2604489Z installing mingw-w64-x86_64-c-ares...
2026-09-02T03:21:14.3574992Z installing mingw-w64-x86_64-brotli...
2026-09-02T03:21:14.3773239Z installing mingw-w64-x86_64-libunistring...
2026-09-02T03:21:14.4188507Z installing mingw-w64-x86_64-libidn2...
2026-09-02T03:21:14.4428532Z installing mingw-w64-x86_64-libpsl...
2026-09-02T03:21:14.4509047Z installing mingw-w64-x86_64-libtasn1...
2026-09-02T03:21:14.4850835Z installing mingw-w64-x86_64-libffi...
2026-09-02T03:21:14.4969823Z installing mingw-w64-x86_64-p11-kit...
2026-09-02T03:21:14.6927606Z installing mingw-w64-x86_64-ca-certificates...
2026-09-02T03:21:15.2793632Z installing mingw-w64-x86_64-openssl...
2026-09-02T03:21:19.9963931Z Optional dependencies for mingw-w64-x86_64-openssl
2026-09-02T03:21:19.9964618Z     mingw-w64-x86_64-ca-certificates [installed]
2026-09-02T03:21:19.9965026Z installing mingw-w64-x86_64-libssh2...
2026-09-02T03:21:20.1057044Z installing mingw-w64-x86_64-nghttp2...
2026-09-02T03:21:20.1200343Z installing mingw-w64-x86_64-gmp...
2026-09-02T03:21:20.1343821Z installing mingw-w64-x86_64-nettle...
2026-09-02T03:21:20.1813358Z installing mingw-w64-x86_64-gnutls...
2026-09-02T03:21:20.9478260Z installing mingw-w64-x86_64-ngtcp2...
2026-09-02T03:21:20.9660639Z installing mingw-w64-x86_64-nghttp3...
2026-09-02T03:21:20.9773702Z installing mingw-w64-x86_64-curl...
2026-09-02T03:21:21.3971968Z installing mingw-w64-x86_64-expat...
2026-09-02T03:21:21.4105293Z installing mingw-w64-x86_64-jsoncpp...
2026-09-02T03:21:21.4272754Z installing mingw-w64-x86_64-libb2...
2026-09-02T03:21:21.4331059Z installing mingw-w64-x86_64-lz4...
2026-09-02T03:21:21.4457121Z installing mingw-w64-x86_64-wineditline...
2026-09-02T03:21:21.4529293Z installing mingw-w64-x86_64-pcre2...
2026-09-02T03:21:21.6041144Z installing mingw-w64-x86_64-libarchive...
2026-09-02T03:21:21.6722272Z installing mingw-w64-x86_64-libuv...
2026-09-02T03:21:21.6922150Z installing mingw-w64-x86_64-ninja...
2026-09-02T03:21:21.6981357Z installing mingw-w64-x86_64-pkgconf...
2026-09-02T03:21:21.7170973Z installing mingw-w64-x86_64-rhash...
2026-09-02T03:21:21.7497441Z installing mingw-w64-x86_64-cmake...
2026-09-02T03:21:24.4252159Z Optional dependencies for mingw-w64-x86_64-cmake
2026-09-02T03:21:24.4252626Z     mingw-w64-x86_64-emacs: for cmake emacs mode
2026-09-02T03:21:24.4252987Z installing mingw-w64-x86_64-binutils...
2026-09-02T03:21:24.6297608Z installing mingw-w64-x86_64-headers...
2026-09-02T03:21:25.6844200Z installing mingw-w64-x86_64-crt...
2026-09-02T03:21:26.2386764Z installing mingw-w64-x86_64-isl...
2026-09-02T03:21:26.2989359Z installing mingw-w64-x86_64-mpfr...
2026-09-02T03:21:26.3187470Z installing mingw-w64-x86_64-mpc...
2026-09-02T03:21:26.3250975Z installing mingw-w64-x86_64-windows-default-manifest...
2026-09-02T03:21:26.3280141Z installing mingw-w64-x86_64-winpthreads...
2026-09-02T03:21:26.3364578Z installing mingw-w64-x86_64-gcc...
2026-09-02T03:21:27.8787737Z :: Running post-transaction hooks...
2026-09-02T03:21:27.8788096Z (1/1) Updating the info directory file...
2026-09-02T03:21:28.2406672Z ##[endgroup]
2026-09-02T03:21:28.2641477Z ##[group]Run cmake --version
2026-09-02T03:21:28.2641870Z [36;1mcmake --version[0m
2026-09-02T03:21:28.2642104Z [36;1mg++ --version[0m
2026-09-02T03:21:28.2646482Z shell: D:\a\_temp\setup-msys2\msys2.CMD {0}
2026-09-02T03:21:28.2646784Z env:
2026-09-02T03:21:28.2647054Z   OPENFHE_COMMIT: df495ba2e91739a6dc8f1de254fc5a41155ce504
2026-09-02T03:21:28.2647444Z   OPENFHE_PREFIX: C:\openfhe-2023-1788\openfhe-install
2026-09-02T03:21:28.2647779Z   WINDOWS_ROOT: C:\openfhe-2023-1788
2026-09-02T03:21:28.2648074Z   PROJECT_SOURCE: C:\openfhe-2023-1788\cleanroom
2026-09-02T03:21:28.2648398Z   OPENFHE_SOURCE: C:\openfhe-2023-1788\openfhe-src
2026-09-02T03:21:28.2648785Z   OPENFHE_BUILD: C:\openfhe-2023-1788\openfhe-build-33586601051-1
2026-09-02T03:21:28.2649222Z   PROJECT_BUILD: C:\openfhe-2023-1788\project-build-33586601051-1
2026-09-02T03:21:28.2649711Z   MSYSTEM: MINGW64
2026-09-02T03:21:28.2649920Z ##[endgroup]
2026-09-02T03:21:28.4700252Z cmake version 4.4.2
2026-09-02T03:21:28.4700611Z 
2026-09-02T03:21:28.4701183Z CMake suite maintained and supported by Kitware (kitware.com/cmake).
2026-09-02T03:21:28.4974844Z g++.exe (Rev3, Built by MSYS2 project) 16.2.0
2026-09-02T03:21:28.4975318Z Copyright (C) 2026 Free Software Foundation, Inc.
2026-09-02T03:21:28.4975717Z This is free software; see the source for copying conditions.  There is NO
2026-09-02T03:21:28.4976372Z warranty; not even for MERCHANTABILITY or FITNESS FOR A PARTICULAR PURPOSE.
2026-09-02T03:21:28.4976823Z 
2026-09-02T03:21:28.5164351Z ##[group]Run source="$(cygpath -u "$OPENFHE_SOURCE")"
2026-09-02T03:21:28.5164829Z [36;1msource="$(cygpath -u "$OPENFHE_SOURCE")"[0m
2026-09-02T03:21:28.5165162Z [36;1mactual="$(git -C "$source" rev-parse HEAD)"[0m
2026-09-02T03:21:28.5165463Z [36;1mtest "$actual" = "$OPENFHE_COMMIT"[0m
2026-09-02T03:21:28.5165799Z [36;1mtest -z "$(git -C "$source" status --porcelain)"[0m
2026-09-02T03:21:28.5166132Z [36;1mgit -C "$source" submodule status --recursive[0m
2026-09-02T03:21:28.5168188Z shell: D:\a\_temp\setup-msys2\msys2.CMD {0}
2026-09-02T03:21:28.5168449Z env:
2026-09-02T03:21:28.5168703Z   OPENFHE_COMMIT: df495ba2e91739a6dc8f1de254fc5a41155ce504
2026-09-02T03:21:28.5169055Z   OPENFHE_PREFIX: C:\openfhe-2023-1788\openfhe-install
2026-09-02T03:21:28.5169351Z   WINDOWS_ROOT: C:\openfhe-2023-1788
2026-09-02T03:21:28.5169636Z   PROJECT_SOURCE: C:\openfhe-2023-1788\cleanroom
2026-09-02T03:21:28.5169938Z   OPENFHE_SOURCE: C:\openfhe-2023-1788\openfhe-src
2026-09-02T03:21:28.5170343Z   OPENFHE_BUILD: C:\openfhe-2023-1788\openfhe-build-33586601051-1
2026-09-02T03:21:28.5170741Z   PROJECT_BUILD: C:\openfhe-2023-1788\project-build-33586601051-1
2026-09-02T03:21:28.5171056Z   MSYSTEM: MINGW64
2026-09-02T03:21:28.5171250Z ##[endgroup]
2026-09-02T03:21:29.7397557Z  984e3f194862b17916536b5fade40cba6e47a6fe third-party/cereal (heads/main)
2026-09-02T03:21:29.8304164Z  eddb0241389718a23a42db6af5f0164b6e0139af third-party/google-benchmark (eddb024)
2026-09-02T03:21:29.9232317Z  52eb8108c5bdec04579160ae17225d66034bd723 third-party/google-test (52eb810)
2026-09-02T03:21:30.0163386Z  83edb60836d87cf1b406e8846b9059c03031e8f5 third-party/gperftools (83edb60)
2026-09-02T03:21:30.0486743Z ##[group]Run prefix="$(cygpath -u "$OPENFHE_PREFIX")"
2026-09-02T03:21:30.0487213Z [36;1mprefix="$(cygpath -u "$OPENFHE_PREFIX")"[0m
2026-09-02T03:21:30.0487528Z [36;1msource="$(cygpath -u "$OPENFHE_SOURCE")"[0m
2026-09-02T03:21:30.0487828Z [36;1mbuild="$(cygpath -u "$OPENFHE_BUILD")"[0m
2026-09-02T03:21:30.0488116Z [36;1mcmake -S "$source" -B "$build" \[0m
2026-09-02T03:21:30.0488389Z [36;1m  -DCMAKE_BUILD_TYPE=Release \[0m
2026-09-02T03:21:30.0488687Z [36;1m  -DCMAKE_INSTALL_PREFIX="$prefix" \[0m
2026-09-02T03:21:30.0488953Z [36;1m  -DBUILD_UNITTESTS=OFF \[0m
2026-09-02T03:21:30.0489204Z [36;1m  -DBUILD_EXAMPLES=OFF \[0m
2026-09-02T03:21:30.0489441Z [36;1m  -DBUILD_BENCHMARKS=OFF \[0m
2026-09-02T03:21:30.0489684Z [36;1m  -DBUILD_EXTRAS=OFF \[0m
2026-09-02T03:21:30.0489921Z [36;1m  -DWITH_OPENMP=ON[0m
2026-09-02T03:21:30.0492153Z shell: D:\a\_temp\setup-msys2\msys2.CMD {0}
2026-09-02T03:21:30.0492417Z env:
2026-09-02T03:21:30.0492726Z   OPENFHE_COMMIT: df495ba2e91739a6dc8f1de254fc5a41155ce504
2026-09-02T03:21:30.0493082Z   OPENFHE_PREFIX: C:\openfhe-2023-1788\openfhe-install
2026-09-02T03:21:30.0493386Z   WINDOWS_ROOT: C:\openfhe-2023-1788
2026-09-02T03:21:30.0493664Z   PROJECT_SOURCE: C:\openfhe-2023-1788\cleanroom
2026-09-02T03:21:30.0493967Z   OPENFHE_SOURCE: C:\openfhe-2023-1788\openfhe-src
2026-09-02T03:21:30.0494328Z   OPENFHE_BUILD: C:\openfhe-2023-1788\openfhe-build-33586601051-1
2026-09-02T03:21:30.0494718Z   PROJECT_BUILD: C:\openfhe-2023-1788\project-build-33586601051-1
2026-09-02T03:21:30.0495034Z   MSYSTEM: MINGW64
2026-09-02T03:21:30.0495245Z ##[endgroup]
2026-09-02T03:21:30.4394329Z -- The C compiler identification is GNU 16.2.0
2026-09-02T03:21:30.6100360Z -- The CXX compiler identification is GNU 16.2.0
2026-09-02T03:21:30.6518516Z -- Detecting C compiler ABI info
2026-09-02T03:21:31.0172952Z -- Detecting C compiler ABI info - done
2026-09-02T03:21:31.0500354Z -- Check for working C compiler: D:/a/_temp/msys64/mingw64/bin/cc.exe - skipped
2026-09-02T03:21:31.0504086Z -- Detecting C compile features
2026-09-02T03:21:31.0509390Z -- Detecting C compile features - done
2026-09-02T03:21:31.0899326Z -- Detecting CXX compiler ABI info
2026-09-02T03:21:31.4708838Z -- Detecting CXX compiler ABI info - done
2026-09-02T03:21:31.5039689Z -- Check for working CXX compiler: D:/a/_temp/msys64/mingw64/bin/c++.exe - skipped
2026-09-02T03:21:31.5043639Z -- Detecting CXX compile features
2026-09-02T03:21:31.5051252Z -- Detecting CXX compile features - done
2026-09-02T03:21:31.5208663Z -- Building in Release mode
2026-09-02T03:21:31.5209304Z -- BUILD_UNITTESTS:    OFF
2026-09-02T03:21:31.5209714Z -- BUILD_EXAMPLES:     OFF
2026-09-02T03:21:31.5210063Z -- BUILD_BENCHMARKS:   OFF
2026-09-02T03:21:31.5210394Z -- BUILD_EXTRAS:       OFF
2026-09-02T03:21:31.5210671Z -- BUILD_STATIC:       OFF
2026-09-02T03:21:31.5210885Z -- BUILD_SHARED:       ON
2026-09-02T03:21:31.5211093Z -- GIT_SUBMOD_AUTO:    ON
2026-09-02T03:21:31.5211306Z -- WITH_BE2:           OFF
2026-09-02T03:21:31.5211616Z -- WITH_BE4:           OFF
2026-09-02T03:21:31.5211941Z -- WITH_NTL:           OFF
2026-09-02T03:21:31.5287940Z -- WITH_TCM:           OFF
2026-09-02T03:21:31.5288784Z -- WITH_OPENMP:        ON
2026-09-02T03:21:31.5289166Z -- NATIVE_SIZE:        64
2026-09-02T03:21:31.5289502Z -- CKKS_M_FACTOR:      1
2026-09-02T03:21:31.5289843Z -- WITH_NATIVEOPT:     OFF
2026-09-02T03:21:31.5290190Z -- WITH_COVTEST:       OFF
2026-09-02T03:21:31.5291900Z -- WITH_NOISE_DEBUG:   OFF
2026-09-02T03:21:31.5292342Z -- WITH_REDUCED_NOISE: OFF
2026-09-02T03:21:31.5292709Z -- USE_MACPORTS:       OFF
2026-09-02T03:21:31.5293101Z -- BUILTIN_INFO_AVAILABLE is defined
2026-09-02T03:21:31.5294675Z ***** INSTALL IS AT C:/openfhe-2023-1788/openfhe-install; to change, run cmake with -DCMAKE_INSTALL_PREFIX=/your/path
2026-09-02T03:21:31.5440452Z -- Architecture is x86_64
2026-09-02T03:21:31.5457456Z -- Looking for sys/types.h
2026-09-02T03:21:31.8920394Z -- Looking for sys/types.h - found
2026-09-02T03:21:31.8921045Z -- Looking for stdint.h
2026-09-02T03:21:32.2670574Z -- Looking for stdint.h - found
2026-09-02T03:21:32.2671819Z -- Looking for stddef.h
2026-09-02T03:21:32.6286416Z -- Looking for stddef.h - found
2026-09-02T03:21:32.6286736Z -- Check size of __int128
2026-09-02T03:21:32.9910688Z -- Check size of __int128 - done
2026-09-02T03:21:32.9913031Z -- Check size of uint64_t
2026-09-02T03:21:33.3501734Z -- Check size of uint64_t - done
2026-09-02T03:21:33.3502875Z -- NATIVEINT is set to 64
2026-09-02T03:21:33.3503243Z -- MATHBACKEND is set to 4
2026-09-02T03:21:33.3503581Z -- MATHBACKEND set to 4. Setting WITH_BE4 to ON
2026-09-02T03:21:34.5449383Z -- Found OpenMP_C: -fopenmp (found version "5.2")
2026-09-02T03:21:34.9349606Z -- Found OpenMP_CXX: -fopenmp (found version "5.2")
2026-09-02T03:21:34.9353920Z -- Found OpenMP: TRUE (found version "5.2")
2026-09-02T03:21:34.9516390Z -- Found Git: D:/a/_temp/msys64/usr/bin/git.exe (found version "2.55.0")
2026-09-02T03:21:34.9516822Z -- Submodule update
2026-09-02T03:21:35.3436881Z Synchronizing submodule url for 'third-party/cereal'
2026-09-02T03:21:35.3751305Z Synchronizing submodule url for 'third-party/google-benchmark'
2026-09-02T03:21:35.4050142Z Synchronizing submodule url for 'third-party/google-test'
2026-09-02T03:21:35.4335127Z Synchronizing submodule url for 'third-party/gperftools'
2026-09-02T03:21:35.9261732Z -- Configuring done (5.6s)
2026-09-02T03:21:36.1481797Z -- Generating done (0.2s)
2026-09-02T03:21:36.1493871Z -- Build files have been written to: C:/openfhe-2023-1788/openfhe-build-33586601051-1
2026-09-02T03:21:36.1759314Z ##[group]Run build="$(cygpath -u "$OPENFHE_BUILD")"
2026-09-02T03:21:36.1759829Z [36;1mbuild="$(cygpath -u "$OPENFHE_BUILD")"[0m
2026-09-02T03:21:36.1760154Z [36;1mcmake --build "$build" --parallel 2[0m
2026-09-02T03:21:36.1760439Z [36;1mcmake --install "$build"[0m
2026-09-02T03:21:36.1762408Z shell: D:\a\_temp\setup-msys2\msys2.CMD {0}
2026-09-02T03:21:36.1762664Z env:
2026-09-02T03:21:36.1762904Z   OPENFHE_COMMIT: df495ba2e91739a6dc8f1de254fc5a41155ce504
2026-09-02T03:21:36.1763246Z   OPENFHE_PREFIX: C:\openfhe-2023-1788\openfhe-install
2026-09-02T03:21:36.1763541Z   WINDOWS_ROOT: C:\openfhe-2023-1788
2026-09-02T03:21:36.1763810Z   PROJECT_SOURCE: C:\openfhe-2023-1788\cleanroom
2026-09-02T03:21:36.1764095Z   OPENFHE_SOURCE: C:\openfhe-2023-1788\openfhe-src
2026-09-02T03:21:36.1764439Z   OPENFHE_BUILD: C:\openfhe-2023-1788\openfhe-build-33586601051-1
2026-09-02T03:21:36.1764865Z   PROJECT_BUILD: C:\openfhe-2023-1788\project-build-33586601051-1
2026-09-02T03:21:36.1765225Z   MSYSTEM: MINGW64
2026-09-02T03:21:36.1765416Z ##[endgroup]
2026-09-02T03:21:36.6014671Z -- Copied demoData files
2026-09-02T03:21:36.6516924Z [  0%] Built target third-party
2026-09-02T03:21:36.7780594Z [  1%] Building CXX object src/core/CMakeFiles/coreobj.dir/lib/lattice/constants-lattice-impl.cpp.obj
2026-09-02T03:21:36.7839765Z [  2%] Building CXX object src/core/CMakeFiles/coreobj.dir/lib/lattice/lattice.cpp.obj
2026-09-02T03:21:37.5028927Z [  3%] Building CXX object src/core/CMakeFiles/coreobj.dir/lib/lattice/stdlatticeparms.cpp.obj
2026-09-02T03:21:38.7105695Z [  4%] Building CXX object src/core/CMakeFiles/coreobj.dir/lib/lattice/trapdoor-dcrtpoly.cpp.obj
2026-09-02T03:21:47.5244694Z [  5%] Building CXX object src/core/CMakeFiles/coreobj.dir/lib/lattice/trapdoor-poly.cpp.obj
2026-09-02T03:21:57.5965396Z [  6%] Building CXX object src/core/CMakeFiles/coreobj.dir/lib/math/chebyshev.cpp.obj
2026-09-02T03:21:58.4265088Z [  6%] Building CXX object src/core/CMakeFiles/coreobj.dir/lib/math/dftransform.cpp.obj
2026-09-02T03:21:59.8185314Z [  7%] Building CXX object src/core/CMakeFiles/coreobj.dir/lib/math/discretegaussiangeneratorgeneric.cpp.obj
2026-09-02T03:22:00.1223979Z [  8%] Building CXX object src/core/CMakeFiles/coreobj.dir/lib/math/distributiongenerator.cpp.obj
2026-09-02T03:22:00.8992967Z [  9%] Building CXX object src/core/CMakeFiles/coreobj.dir/lib/math/hal/bigintdyn/be4-math-impl.cpp.obj
2026-09-02T03:22:01.6002432Z [ 10%] Building CXX object src/core/CMakeFiles/coreobj.dir/lib/math/hal/bigintdyn/mubintvecdyn.cpp.obj
2026-09-02T03:22:04.6351157Z [ 11%] Building CXX object src/core/CMakeFiles/coreobj.dir/lib/math/hal/bigintdyn/ubintdyn.cpp.obj
2026-09-02T03:22:06.8524513Z [ 12%] Building CXX object src/core/CMakeFiles/coreobj.dir/lib/math/hal/bigintfxd/be2-math-impl.cpp.obj
2026-09-02T03:22:06.9680824Z [ 13%] Building CXX object src/core/CMakeFiles/coreobj.dir/lib/math/hal/bigintfxd/mubintvecfxd.cpp.obj
2026-09-02T03:22:07.0828923Z [ 14%] Building CXX object src/core/CMakeFiles/coreobj.dir/lib/math/hal/bigintfxd/ubintfxd.cpp.obj
2026-09-02T03:22:07.1929377Z [ 15%] Building CXX object src/core/CMakeFiles/coreobj.dir/lib/math/hal/bigintntl/be6-math-impl.cpp.obj
2026-09-02T03:22:07.2971463Z [ 15%] Building CXX object src/core/CMakeFiles/coreobj.dir/lib/math/hal/bigintntl/mubintvecntl.cpp.obj
2026-09-02T03:22:07.4097328Z [ 16%] Building CXX object src/core/CMakeFiles/coreobj.dir/lib/math/hal/bigintntl/ubintntl.cpp.obj
2026-09-02T03:22:07.5241357Z [ 17%] Building CXX object src/core/CMakeFiles/coreobj.dir/lib/math/hal/intnat/benative-math-impl.cpp.obj
2026-09-02T03:22:07.8633058Z [ 18%] Building CXX object src/core/CMakeFiles/coreobj.dir/lib/math/hal/intnat/mubintvecnat.cpp.obj
2026-09-02T03:22:10.5157694Z [ 19%] Building CXX object src/core/CMakeFiles/coreobj.dir/lib/math/hermite.cpp.obj
2026-09-02T03:22:11.7317157Z [ 20%] Building CXX object src/core/CMakeFiles/coreobj.dir/lib/math/matrix.cpp.obj
2026-09-02T03:22:13.3404805Z [ 21%] Building CXX object src/core/CMakeFiles/coreobj.dir/lib/math/nbtheory2.cpp.obj
2026-09-02T03:22:15.0815389Z [ 22%] Building CXX object src/core/CMakeFiles/coreobj.dir/lib/utils/blockAllocator/blockAllocator.cpp.obj
2026-09-02T03:22:15.7219589Z [ 23%] Building CXX object src/core/CMakeFiles/coreobj.dir/lib/utils/blockAllocator/xallocator.cpp.obj
2026-09-02T03:22:16.5828326Z [ 24%] Building CXX object src/core/CMakeFiles/coreobj.dir/lib/utils/debug.cpp.obj
2026-09-02T03:22:16.6331031Z [ 24%] Building CXX object src/core/CMakeFiles/coreobj.dir/lib/utils/demangle.cpp.obj
2026-09-02T03:22:17.0594434Z [ 25%] Building CXX object src/core/CMakeFiles/coreobj.dir/lib/utils/get-call-stack.cpp.obj
2026-09-02T03:22:17.1389258Z [ 26%] Building CXX object src/core/CMakeFiles/coreobj.dir/lib/utils/hashutil.cpp.obj
2026-09-02T03:22:17.4391818Z [ 27%] Building CXX object src/core/CMakeFiles/coreobj.dir/lib/utils/inttypes.cpp.obj
2026-09-02T03:22:17.9052070Z [ 28%] Building CXX object src/core/CMakeFiles/coreobj.dir/lib/utils/memory.cpp.obj
2026-09-02T03:22:18.0267302Z [ 29%] Building CXX object src/core/CMakeFiles/coreobj.dir/lib/utils/openfhebase64.cpp.obj
2026-09-02T03:22:18.3209987Z [ 30%] Building CXX object src/core/CMakeFiles/coreobj.dir/lib/utils/parallel.cpp.obj
2026-09-02T03:22:18.4435628Z [ 31%] Building C object src/core/CMakeFiles/coreobj.dir/lib/utils/prng/blake2b-ref.c.obj
2026-09-02T03:22:18.4567054Z [ 32%] Building CXX object src/core/CMakeFiles/coreobj.dir/lib/utils/prng/blake2engine.cpp.obj
2026-09-02T03:22:18.9042260Z [ 34%] Building C object src/core/CMakeFiles/coreobj.dir/lib/utils/prng/blake2xb-ref.c.obj
2026-09-02T03:22:19.0883363Z [ 34%] Building CXX object src/core/CMakeFiles/coreobj.dir/lib/utils/utilities.cpp.obj
2026-09-02T03:22:19.5437986Z [ 34%] Built target coreobj
2026-09-02T03:22:19.6633000Z [ 35%] Linking CXX shared library ../../lib/libOPENFHEcore.dll
2026-09-02T03:22:20.2286707Z [ 35%] Built target OPENFHEcore
2026-09-02T03:22:20.3547360Z [ 36%] Building CXX object src/binfhe/CMakeFiles/binfheobj.dir/lib/binfhe-base-scheme.cpp.obj
2026-09-02T03:22:20.3600847Z [ 37%] Building CXX object src/binfhe/CMakeFiles/binfheobj.dir/lib/binfhe-constants-impl.cpp.obj
2026-09-02T03:22:21.1206734Z [ 38%] Building CXX object src/binfhe/CMakeFiles/binfheobj.dir/lib/binfhecontext.cpp.obj
2026-09-02T03:22:25.2879075Z [ 39%] Building CXX object src/binfhe/CMakeFiles/binfheobj.dir/lib/lwe-pke.cpp.obj
2026-09-02T03:22:25.4549999Z [ 40%] Building CXX object src/binfhe/CMakeFiles/binfheobj.dir/lib/rgsw-acc-cggi.cpp.obj
2026-09-02T03:22:27.8060484Z [ 41%] Building CXX object src/binfhe/CMakeFiles/binfheobj.dir/lib/rgsw-acc-dm.cpp.obj
2026-09-02T03:22:28.3963059Z [ 41%] Building CXX object src/binfhe/CMakeFiles/binfheobj.dir/lib/rgsw-acc-lmkcdey.cpp.obj
2026-09-02T03:22:30.6941630Z [ 42%] Building CXX object src/binfhe/CMakeFiles/binfheobj.dir/lib/rgsw-acc.cpp.obj
2026-09-02T03:22:31.9603428Z [ 43%] Building CXX object src/binfhe/CMakeFiles/binfheobj.dir/lib/rgsw-cryptoparameters.cpp.obj
2026-09-02T03:22:34.2242510Z [ 43%] Built target binfheobj
2026-09-02T03:22:34.3450371Z [ 43%] Linking CXX shared library ../../lib/libOPENFHEbinfhe.dll
2026-09-02T03:22:34.6604363Z [ 43%] Built target OPENFHEbinfhe
2026-09-02T03:22:34.7886020Z [ 44%] Building CXX object src/pke/CMakeFiles/pkeobj.dir/lib/ciphertext-impl.cpp.obj
2026-09-02T03:22:34.7935539Z [ 45%] Building CXX object src/pke/CMakeFiles/pkeobj.dir/lib/constants-impl.cpp.obj
2026-09-02T03:22:36.4518284Z [ 46%] Building CXX object src/pke/CMakeFiles/pkeobj.dir/lib/cryptocontext.cpp.obj
2026-09-02T03:22:40.8112270Z [ 47%] Building CXX object src/pke/CMakeFiles/pkeobj.dir/lib/cryptocontextfactory.cpp.obj
2026-09-02T03:22:46.4363238Z [ 48%] Building CXX object src/pke/CMakeFiles/pkeobj.dir/lib/cryptoobject-impl.cpp.obj
2026-09-02T03:22:49.1353543Z [ 49%] Building CXX object src/pke/CMakeFiles/pkeobj.dir/lib/encoding/ckkspackedencoding.cpp.obj
2026-09-02T03:22:51.2309222Z [ 50%] Building CXX object src/pke/CMakeFiles/pkeobj.dir/lib/encoding/coefpackedencoding.cpp.obj
2026-09-02T03:22:53.7351438Z [ 51%] Building CXX object src/pke/CMakeFiles/pkeobj.dir/lib/encoding/encodingparams.cpp.obj
2026-09-02T03:22:55.0535666Z [ 51%] Building CXX object src/pke/CMakeFiles/pkeobj.dir/lib/encoding/packedencoding.cpp.obj
2026-09-02T03:22:55.4149100Z [ 52%] Building CXX object src/pke/CMakeFiles/pkeobj.dir/lib/encoding/stringencoding.cpp.obj
2026-09-02T03:22:59.2148152Z [ 53%] Building CXX object src/pke/CMakeFiles/pkeobj.dir/lib/globals-impl.cpp.obj
2026-09-02T03:22:59.3352641Z [ 54%] Building CXX object src/pke/CMakeFiles/pkeobj.dir/lib/key/evalkey.cpp.obj
2026-09-02T03:23:01.6369946Z [ 55%] Building CXX object src/pke/CMakeFiles/pkeobj.dir/lib/key/evalkeyrelin.cpp.obj
2026-09-02T03:23:02.0950119Z [ 56%] Building CXX object src/pke/CMakeFiles/pkeobj.dir/lib/key/privatekey.cpp.obj
2026-09-02T03:23:06.4675956Z [ 57%] Building CXX object src/pke/CMakeFiles/pkeobj.dir/lib/key/publickey.cpp.obj
2026-09-02T03:23:06.4779409Z [ 58%] Building CXX object src/pke/CMakeFiles/pkeobj.dir/lib/keyswitch/keyswitch-base.cpp.obj
2026-09-02T03:23:09.3578854Z [ 59%] Building CXX object src/pke/CMakeFiles/pkeobj.dir/lib/keyswitch/keyswitch-bv.cpp.obj
2026-09-02T03:23:11.3462859Z [ 60%] Building CXX object src/pke/CMakeFiles/pkeobj.dir/lib/keyswitch/keyswitch-hybrid.cpp.obj
2026-09-02T03:23:15.0354119Z [ 60%] Building CXX object src/pke/CMakeFiles/pkeobj.dir/lib/scheme/bfvrns/bfvrns-cryptoparameters.cpp.obj
2026-09-02T03:23:17.0707770Z [ 61%] Building CXX object src/pke/CMakeFiles/pkeobj.dir/lib/scheme/bfvrns/bfvrns-leveledshe.cpp.obj
2026-09-02T03:23:23.0084278Z [ 62%] Building CXX object src/pke/CMakeFiles/pkeobj.dir/lib/scheme/bfvrns/bfvrns-multiparty.cpp.obj
2026-09-02T03:23:24.1376555Z [ 63%] Building CXX object src/pke/CMakeFiles/pkeobj.dir/lib/scheme/bfvrns/bfvrns-parametergeneration.cpp.obj
2026-09-02T03:23:28.6106375Z [ 64%] Building CXX object src/pke/CMakeFiles/pkeobj.dir/lib/scheme/bfvrns/bfvrns-pke.cpp.obj
2026-09-02T03:23:28.6912686Z [ 65%] Building CXX object src/pke/CMakeFiles/pkeobj.dir/lib/scheme/bfvrns/bfvrns-scheme.cpp.obj
2026-09-02T03:23:34.3643196Z [ 67%] Building CXX object src/pke/CMakeFiles/pkeobj.dir/lib/scheme/bgvrns/bgvrns-cryptoparameters.cpp.obj
2026-09-02T03:23:35.1058907Z [ 68%] Building CXX object src/pke/CMakeFiles/pkeobj.dir/lib/scheme/bgvrns/bgvrns-leveledshe.cpp.obj
2026-09-02T03:23:37.4859698Z [ 69%] Building CXX object src/pke/CMakeFiles/pkeobj.dir/lib/scheme/bgvrns/bgvrns-multiparty.cpp.obj
2026-09-02T03:23:38.2343650Z [ 70%] Building CXX object src/pke/CMakeFiles/pkeobj.dir/lib/scheme/bgvrns/bgvrns-parametergeneration.cpp.obj
2026-09-02T03:23:42.3645440Z [ 70%] Building CXX object src/pke/CMakeFiles/pkeobj.dir/lib/scheme/bgvrns/bgvrns-pke.cpp.obj
2026-09-02T03:23:43.0913535Z [ 71%] Building CXX object src/pke/CMakeFiles/pkeobj.dir/lib/scheme/bgvrns/bgvrns-scheme.cpp.obj
2026-09-02T03:23:47.1255057Z [ 72%] Building CXX object src/pke/CMakeFiles/pkeobj.dir/lib/scheme/ckksrns/ckksrns-advancedshe.cpp.obj
2026-09-02T03:23:49.4833008Z [ 73%] Building CXX object src/pke/CMakeFiles/pkeobj.dir/lib/scheme/ckksrns/ckksrns-cryptoparameters.cpp.obj
2026-09-02T03:23:52.5683491Z [ 74%] Building CXX object src/pke/CMakeFiles/pkeobj.dir/lib/scheme/ckksrns/ckksrns-fhe.cpp.obj
2026-09-02T03:23:54.3620386Z [ 75%] Building CXX object src/pke/CMakeFiles/pkeobj.dir/lib/scheme/ckksrns/ckksrns-leveledshe.cpp.obj
2026-09-02T03:24:00.5071870Z [ 76%] Building CXX object src/pke/CMakeFiles/pkeobj.dir/lib/scheme/ckksrns/ckksrns-multiparty.cpp.obj
2026-09-02T03:24:06.9792731Z [ 77%] Building CXX object src/pke/CMakeFiles/pkeobj.dir/lib/scheme/ckksrns/ckksrns-parametergeneration.cpp.obj
2026-09-02T03:24:08.0897389Z [ 78%] Building CXX object src/pke/CMakeFiles/pkeobj.dir/lib/scheme/ckksrns/ckksrns-pke.cpp.obj
2026-09-02T03:24:10.8745870Z [ 79%] Building CXX object src/pke/CMakeFiles/pkeobj.dir/lib/scheme/ckksrns/ckksrns-scheme.cpp.obj
2026-09-02T03:24:12.8954363Z [ 79%] Building CXX object src/pke/CMakeFiles/pkeobj.dir/lib/scheme/ckksrns/ckksrns-schemeswitching.cpp.obj
2026-09-02T03:24:17.2949524Z [ 80%] Building CXX object src/pke/CMakeFiles/pkeobj.dir/lib/scheme/ckksrns/ckksrns-utils.cpp.obj
2026-09-02T03:24:21.5226763Z [ 81%] Building CXX object src/pke/CMakeFiles/pkeobj.dir/lib/scheme/gen-cryptocontext-params-impl.cpp.obj
2026-09-02T03:24:22.7404050Z [ 82%] Building CXX object src/pke/CMakeFiles/pkeobj.dir/lib/scheme/gen-cryptocontext-params-validation.cpp.obj
2026-09-02T03:24:23.8891518Z [ 83%] Building CXX object src/pke/CMakeFiles/pkeobj.dir/lib/scheme/scheme-id-impl.cpp.obj
2026-09-02T03:24:24.7476436Z [ 84%] Building CXX object src/pke/CMakeFiles/pkeobj.dir/lib/scheme/scheme-swch-params.cpp.obj
2026-09-02T03:24:25.9130720Z [ 85%] Building CXX object src/pke/CMakeFiles/pkeobj.dir/lib/schemebase/base-advancedshe.cpp.obj
2026-09-02T03:24:26.2326891Z [ 86%] Building CXX object src/pke/CMakeFiles/pkeobj.dir/lib/schemebase/base-cryptoparameters.cpp.obj
2026-09-02T03:24:28.2085288Z [ 87%] Building CXX object src/pke/CMakeFiles/pkeobj.dir/lib/schemebase/base-fhe.cpp.obj
2026-09-02T03:24:30.9367949Z [ 88%] Building CXX object src/pke/CMakeFiles/pkeobj.dir/lib/schemebase/base-leveledshe.cpp.obj
2026-09-02T03:24:33.6926146Z [ 88%] Building CXX object src/pke/CMakeFiles/pkeobj.dir/lib/schemebase/base-multiparty.cpp.obj
2026-09-02T03:24:38.1009756Z [ 89%] Building CXX object src/pke/CMakeFiles/pkeobj.dir/lib/schemebase/base-parametergeneration.cpp.obj
2026-09-02T03:24:39.9358676Z [ 90%] Building CXX object src/pke/CMakeFiles/pkeobj.dir/lib/schemebase/base-pke.cpp.obj
2026-09-02T03:24:40.1470818Z [ 91%] Building CXX object src/pke/CMakeFiles/pkeobj.dir/lib/schemebase/base-pre.cpp.obj
2026-09-02T03:24:45.4649616Z [ 92%] Building CXX object src/pke/CMakeFiles/pkeobj.dir/lib/schemebase/base-scheme.cpp.obj
2026-09-02T03:24:46.1381280Z [ 93%] Building CXX object src/pke/CMakeFiles/pkeobj.dir/lib/schemebase/rlwe-cryptoparameters-impl.cpp.obj
2026-09-02T03:24:48.2140885Z [ 94%] Building CXX object src/pke/CMakeFiles/pkeobj.dir/lib/schemelet/rlwe-mp.cpp.obj
2026-09-02T03:24:52.2351871Z [ 95%] Building CXX object src/pke/CMakeFiles/pkeobj.dir/lib/schemerns/rns-cryptoparameters.cpp.obj
2026-09-02T03:24:54.7094082Z [ 96%] Building CXX object src/pke/CMakeFiles/pkeobj.dir/lib/schemerns/rns-leveledshe.cpp.obj
2026-09-02T03:24:57.6595249Z [ 97%] Building CXX object src/pke/CMakeFiles/pkeobj.dir/lib/schemerns/rns-multiparty.cpp.obj
2026-09-02T03:25:00.7569982Z [ 98%] Building CXX object src/pke/CMakeFiles/pkeobj.dir/lib/schemerns/rns-pke.cpp.obj
2026-09-02T03:25:06.0646986Z [ 98%] Built target pkeobj
2026-09-02T03:25:06.1992411Z [100%] Linking CXX shared library ../../lib/libOPENFHEpke.dll
2026-09-02T03:25:07.0886762Z [100%] Built target OPENFHEpke
2026-09-02T03:25:07.1953964Z -- Install configuration: "Release"
2026-09-02T03:25:07.1964136Z -- Installing: C:/openfhe-2023-1788/openfhe-install/include/openfhe/core/config_core.h
2026-09-02T03:25:07.1974839Z -- Installing: C:/openfhe-2023-1788/openfhe-install/include/openfhe/cereal
2026-09-02T03:25:07.1981522Z -- Installing: C:/openfhe-2023-1788/openfhe-install/include/openfhe/cereal/access.hpp
2026-09-02T03:25:07.1988722Z -- Installing: C:/openfhe-2023-1788/openfhe-install/include/openfhe/cereal/archives
2026-09-02T03:25:07.1995106Z -- Installing: C:/openfhe-2023-1788/openfhe-install/include/openfhe/cereal/archives/adapters.hpp
2026-09-02T03:25:07.2002373Z -- Installing: C:/openfhe-2023-1788/openfhe-install/include/openfhe/cereal/archives/binary.hpp
2026-09-02T03:25:07.2009159Z -- Installing: C:/openfhe-2023-1788/openfhe-install/include/openfhe/cereal/archives/json.hpp
2026-09-02T03:25:07.2017279Z -- Installing: C:/openfhe-2023-1788/openfhe-install/include/openfhe/cereal/archives/portable_binary.hpp
2026-09-02T03:25:07.2024159Z -- Installing: C:/openfhe-2023-1788/openfhe-install/include/openfhe/cereal/archives/xml.hpp
2026-09-02T03:25:07.2031815Z -- Installing: C:/openfhe-2023-1788/openfhe-install/include/openfhe/cereal/cereal.hpp
2026-09-02T03:25:07.2039314Z -- Installing: C:/openfhe-2023-1788/openfhe-install/include/openfhe/cereal/details
2026-09-02T03:25:07.2046131Z -- Installing: C:/openfhe-2023-1788/openfhe-install/include/openfhe/cereal/details/helpers.hpp
2026-09-02T03:25:07.2052852Z -- Installing: C:/openfhe-2023-1788/openfhe-install/include/openfhe/cereal/details/polymorphic_impl.hpp
2026-09-02T03:25:07.2060609Z -- Installing: C:/openfhe-2023-1788/openfhe-install/include/openfhe/cereal/details/polymorphic_impl_fwd.hpp
2026-09-02T03:25:07.2067154Z -- Installing: C:/openfhe-2023-1788/openfhe-install/include/openfhe/cereal/details/static_object.hpp
2026-09-02T03:25:07.2090604Z -- Installing: C:/openfhe-2023-1788/openfhe-install/include/openfhe/cereal/details/traits.hpp
2026-09-02T03:25:07.2099047Z -- Installing: C:/openfhe-2023-1788/openfhe-install/include/openfhe/cereal/details/util.hpp
2026-09-02T03:25:07.2105480Z -- Installing: C:/openfhe-2023-1788/openfhe-install/include/openfhe/cereal/external
2026-09-02T03:25:07.2111889Z -- Installing: C:/openfhe-2023-1788/openfhe-install/include/openfhe/cereal/external/base64.hpp
2026-09-02T03:25:07.2119110Z -- Installing: C:/openfhe-2023-1788/openfhe-install/include/openfhe/cereal/external/LICENSE
2026-09-02T03:25:07.2125320Z -- Installing: C:/openfhe-2023-1788/openfhe-install/include/openfhe/cereal/external/rapidjson
2026-09-02T03:25:07.2132315Z -- Installing: C:/openfhe-2023-1788/openfhe-install/include/openfhe/cereal/external/rapidjson/allocators.h
2026-09-02T03:25:07.2139660Z -- Installing: C:/openfhe-2023-1788/openfhe-install/include/openfhe/cereal/external/rapidjson/cursorstreamwrapper.h
2026-09-02T03:25:07.2146120Z -- Installing: C:/openfhe-2023-1788/openfhe-install/include/openfhe/cereal/external/rapidjson/document.h
2026-09-02T03:25:07.2155076Z -- Installing: C:/openfhe-2023-1788/openfhe-install/include/openfhe/cereal/external/rapidjson/encodedstream.h
2026-09-02T03:25:07.2176070Z -- Installing: C:/openfhe-2023-1788/openfhe-install/include/openfhe/cereal/external/rapidjson/encodings.h
2026-09-02T03:25:07.2183126Z -- Installing: C:/openfhe-2023-1788/openfhe-install/include/openfhe/cereal/external/rapidjson/error
2026-09-02T03:25:07.2190650Z -- Installing: C:/openfhe-2023-1788/openfhe-install/include/openfhe/cereal/external/rapidjson/error/en.h
2026-09-02T03:25:07.2197421Z -- Installing: C:/openfhe-2023-1788/openfhe-install/include/openfhe/cereal/external/rapidjson/error/error.h
2026-09-02T03:25:07.2204753Z -- Installing: C:/openfhe-2023-1788/openfhe-install/include/openfhe/cereal/external/rapidjson/filereadstream.h
2026-09-02T03:25:07.2211600Z -- Installing: C:/openfhe-2023-1788/openfhe-install/include/openfhe/cereal/external/rapidjson/filewritestream.h
2026-09-02T03:25:07.2218240Z -- Installing: C:/openfhe-2023-1788/openfhe-install/include/openfhe/cereal/external/rapidjson/fwd.h
2026-09-02T03:25:07.2224724Z -- Installing: C:/openfhe-2023-1788/openfhe-install/include/openfhe/cereal/external/rapidjson/internal
2026-09-02T03:25:07.2232949Z -- Installing: C:/openfhe-2023-1788/openfhe-install/include/openfhe/cereal/external/rapidjson/internal/biginteger.h
2026-09-02T03:25:07.2240881Z -- Installing: C:/openfhe-2023-1788/openfhe-install/include/openfhe/cereal/external/rapidjson/internal/diyfp.h
2026-09-02T03:25:07.2247869Z -- Installing: C:/openfhe-2023-1788/openfhe-install/include/openfhe/cereal/external/rapidjson/internal/dtoa.h
2026-09-02T03:25:07.2255008Z -- Installing: C:/openfhe-2023-1788/openfhe-install/include/openfhe/cereal/external/rapidjson/internal/ieee754.h
2026-09-02T03:25:07.2262227Z -- Installing: C:/openfhe-2023-1788/openfhe-install/include/openfhe/cereal/external/rapidjson/internal/itoa.h
2026-09-02T03:25:07.2269024Z -- Installing: C:/openfhe-2023-1788/openfhe-install/include/openfhe/cereal/external/rapidjson/internal/meta.h
2026-09-02T03:25:07.2289198Z -- Installing: C:/openfhe-2023-1788/openfhe-install/include/openfhe/cereal/external/rapidjson/internal/pow10.h
2026-09-02T03:25:07.2295946Z -- Installing: C:/openfhe-2023-1788/openfhe-install/include/openfhe/cereal/external/rapidjson/internal/regex.h
2026-09-02T03:25:07.2304153Z -- Installing: C:/openfhe-2023-1788/openfhe-install/include/openfhe/cereal/external/rapidjson/internal/stack.h
2026-09-02T03:25:07.2310630Z -- Installing: C:/openfhe-2023-1788/openfhe-install/include/openfhe/cereal/external/rapidjson/internal/strfunc.h
2026-09-02T03:25:07.2317131Z -- Installing: C:/openfhe-2023-1788/openfhe-install/include/openfhe/cereal/external/rapidjson/internal/strtod.h
2026-09-02T03:25:07.2323994Z -- Installing: C:/openfhe-2023-1788/openfhe-install/include/openfhe/cereal/external/rapidjson/internal/swap.h
2026-09-02T03:25:07.2330620Z -- Installing: C:/openfhe-2023-1788/openfhe-install/include/openfhe/cereal/external/rapidjson/istreamwrapper.h
2026-09-02T03:25:07.2337624Z -- Installing: C:/openfhe-2023-1788/openfhe-install/include/openfhe/cereal/external/rapidjson/LICENSE
2026-09-02T03:25:07.2344430Z -- Installing: C:/openfhe-2023-1788/openfhe-install/include/openfhe/cereal/external/rapidjson/memorybuffer.h
2026-09-02T03:25:07.2351084Z -- Installing: C:/openfhe-2023-1788/openfhe-install/include/openfhe/cereal/external/rapidjson/memorystream.h
2026-09-02T03:25:07.2357543Z -- Installing: C:/openfhe-2023-1788/openfhe-install/include/openfhe/cereal/external/rapidjson/msinttypes
2026-09-02T03:25:07.2365084Z -- Installing: C:/openfhe-2023-1788/openfhe-install/include/openfhe/cereal/external/rapidjson/msinttypes/inttypes.h
2026-09-02T03:25:07.2372184Z -- Installing: C:/openfhe-2023-1788/openfhe-install/include/openfhe/cereal/external/rapidjson/msinttypes/LICENSE
2026-09-02T03:25:07.2378845Z -- Installing: C:/openfhe-2023-1788/openfhe-install/include/openfhe/cereal/external/rapidjson/msinttypes/stdint.h
2026-09-02T03:25:07.2385826Z -- Installing: C:/openfhe-2023-1788/openfhe-install/include/openfhe/cereal/external/rapidjson/ostreamwrapper.h
2026-09-02T03:25:07.2393238Z -- Installing: C:/openfhe-2023-1788/openfhe-install/include/openfhe/cereal/external/rapidjson/pointer.h
2026-09-02T03:25:07.2401478Z -- Installing: C:/openfhe-2023-1788/openfhe-install/include/openfhe/cereal/external/rapidjson/prettywriter.h
2026-09-02T03:25:07.2408321Z -- Installing: C:/openfhe-2023-1788/openfhe-install/include/openfhe/cereal/external/rapidjson/rapidjson.h
2026-09-02T03:25:07.2415769Z -- Installing: C:/openfhe-2023-1788/openfhe-install/include/openfhe/cereal/external/rapidjson/reader.h
2026-09-02T03:25:07.2424451Z -- Installing: C:/openfhe-2023-1788/openfhe-install/include/openfhe/cereal/external/rapidjson/schema.h
2026-09-02T03:25:07.2433150Z -- Installing: C:/openfhe-2023-1788/openfhe-install/include/openfhe/cereal/external/rapidjson/stream.h
2026-09-02T03:25:07.2440041Z -- Installing: C:/openfhe-2023-1788/openfhe-install/include/openfhe/cereal/external/rapidjson/stringbuffer.h
2026-09-02T03:25:07.2446610Z -- Installing: C:/openfhe-2023-1788/openfhe-install/include/openfhe/cereal/external/rapidjson/writer.h
2026-09-02T03:25:07.2468255Z -- Installing: C:/openfhe-2023-1788/openfhe-install/include/openfhe/cereal/external/rapidxml
2026-09-02T03:25:07.2475037Z -- Installing: C:/openfhe-2023-1788/openfhe-install/include/openfhe/cereal/external/rapidxml/license.txt
2026-09-02T03:25:07.2481629Z -- Installing: C:/openfhe-2023-1788/openfhe-install/include/openfhe/cereal/external/rapidxml/manual.html
2026-09-02T03:25:07.2490572Z -- Installing: C:/openfhe-2023-1788/openfhe-install/include/openfhe/cereal/external/rapidxml/rapidxml.hpp
2026-09-02T03:25:07.2499326Z -- Installing: C:/openfhe-2023-1788/openfhe-install/include/openfhe/cereal/external/rapidxml/rapidxml_iterators.hpp
2026-09-02T03:25:07.2507474Z -- Installing: C:/openfhe-2023-1788/openfhe-install/include/openfhe/cereal/external/rapidxml/rapidxml_print.hpp
2026-09-02T03:25:07.2529881Z -- Installing: C:/openfhe-2023-1788/openfhe-install/include/openfhe/cereal/external/rapidxml/rapidxml_utils.hpp
2026-09-02T03:25:07.2536348Z -- Installing: C:/openfhe-2023-1788/openfhe-install/include/openfhe/cereal/macros.hpp
2026-09-02T03:25:07.2543451Z -- Installing: C:/openfhe-2023-1788/openfhe-install/include/openfhe/cereal/specialize.hpp
2026-09-02T03:25:07.2569383Z -- Installing: C:/openfhe-2023-1788/openfhe-install/include/openfhe/cereal/types
2026-09-02T03:25:07.2575742Z -- Installing: C:/openfhe-2023-1788/openfhe-install/include/openfhe/cereal/types/array.hpp
2026-09-02T03:25:07.2582589Z -- Installing: C:/openfhe-2023-1788/openfhe-install/include/openfhe/cereal/types/atomic.hpp
2026-09-02T03:25:07.2589987Z -- Installing: C:/openfhe-2023-1788/openfhe-install/include/openfhe/cereal/types/base_class.hpp
2026-09-02T03:25:07.2596984Z -- Installing: C:/openfhe-2023-1788/openfhe-install/include/openfhe/cereal/types/bitset.hpp
2026-09-02T03:25:07.2604048Z -- Installing: C:/openfhe-2023-1788/openfhe-install/include/openfhe/cereal/types/boost_variant.hpp
2026-09-02T03:25:07.2628831Z -- Installing: C:/openfhe-2023-1788/openfhe-install/include/openfhe/cereal/types/chrono.hpp
2026-09-02T03:25:07.2635491Z -- Installing: C:/openfhe-2023-1788/openfhe-install/include/openfhe/cereal/types/common.hpp
2026-09-02T03:25:07.2642447Z -- Installing: C:/openfhe-2023-1788/openfhe-install/include/openfhe/cereal/types/complex.hpp
2026-09-02T03:25:07.2649171Z -- Installing: C:/openfhe-2023-1788/openfhe-install/include/openfhe/cereal/types/concepts
2026-09-02T03:25:07.2656409Z -- Installing: C:/openfhe-2023-1788/openfhe-install/include/openfhe/cereal/types/concepts/pair_associative_container.hpp
2026-09-02T03:25:07.2662877Z -- Installing: C:/openfhe-2023-1788/openfhe-install/include/openfhe/cereal/types/deque.hpp
2026-09-02T03:25:07.2669603Z -- Installing: C:/openfhe-2023-1788/openfhe-install/include/openfhe/cereal/types/forward_list.hpp
2026-09-02T03:25:07.2676151Z -- Installing: C:/openfhe-2023-1788/openfhe-install/include/openfhe/cereal/types/functional.hpp
2026-09-02T03:25:07.2682746Z -- Installing: C:/openfhe-2023-1788/openfhe-install/include/openfhe/cereal/types/list.hpp
2026-09-02T03:25:07.2689296Z -- Installing: C:/openfhe-2023-1788/openfhe-install/include/openfhe/cereal/types/map.hpp
2026-09-02T03:25:07.2696655Z -- Installing: C:/openfhe-2023-1788/openfhe-install/include/openfhe/cereal/types/memory.hpp
2026-09-02T03:25:07.2704750Z -- Installing: C:/openfhe-2023-1788/openfhe-install/include/openfhe/cereal/types/optional.hpp
2026-09-02T03:25:07.2711368Z -- Installing: C:/openfhe-2023-1788/openfhe-install/include/openfhe/cereal/types/polymorphic.hpp
2026-09-02T03:25:07.2718459Z -- Installing: C:/openfhe-2023-1788/openfhe-install/include/openfhe/cereal/types/queue.hpp
2026-09-02T03:25:07.2725454Z -- Installing: C:/openfhe-2023-1788/openfhe-install/include/openfhe/cereal/types/set.hpp
2026-09-02T03:25:07.2732136Z -- Installing: C:/openfhe-2023-1788/openfhe-install/include/openfhe/cereal/types/stack.hpp
2026-09-02T03:25:07.2738953Z -- Installing: C:/openfhe-2023-1788/openfhe-install/include/openfhe/cereal/types/string.hpp
2026-09-02T03:25:07.2745434Z -- Installing: C:/openfhe-2023-1788/openfhe-install/include/openfhe/cereal/types/tuple.hpp
2026-09-02T03:25:07.2752293Z -- Installing: C:/openfhe-2023-1788/openfhe-install/include/openfhe/cereal/types/unordered_map.hpp
2026-09-02T03:25:07.2759204Z -- Installing: C:/openfhe-2023-1788/openfhe-install/include/openfhe/cereal/types/unordered_set.hpp
2026-09-02T03:25:07.2769481Z -- Installing: C:/openfhe-2023-1788/openfhe-install/include/openfhe/cereal/types/utility.hpp
2026-09-02T03:25:07.2776052Z -- Installing: C:/openfhe-2023-1788/openfhe-install/include/openfhe/cereal/types/valarray.hpp
2026-09-02T03:25:07.2782635Z -- Installing: C:/openfhe-2023-1788/openfhe-install/include/openfhe/cereal/types/variant.hpp
2026-09-02T03:25:07.2792768Z -- Installing: C:/openfhe-2023-1788/openfhe-install/include/openfhe/cereal/types/vector.hpp
2026-09-02T03:25:07.2799773Z -- Installing: C:/openfhe-2023-1788/openfhe-install/include/openfhe/cereal/version.hpp
2026-09-02T03:25:07.2815836Z -- Installing: C:/openfhe-2023-1788/openfhe-install/lib/libOPENFHEcore.dll.a
2026-09-02T03:25:07.2863836Z -- Installing: C:/openfhe-2023-1788/openfhe-install/lib/libOPENFHEcore.dll
2026-09-02T03:25:07.2919912Z -- Installing: C:/openfhe-2023-1788/openfhe-install/include/openfhe/core/lattice
2026-09-02T03:25:07.2930276Z -- Installing: C:/openfhe-2023-1788/openfhe-install/include/openfhe/core/lattice/constants-lattice.h
2026-09-02T03:25:07.2937741Z -- Installing: C:/openfhe-2023-1788/openfhe-install/include/openfhe/core/lattice/dgsampling-impl.h
2026-09-02T03:25:07.2946112Z -- Installing: C:/openfhe-2023-1788/openfhe-install/include/openfhe/core/lattice/dgsampling.h
2026-09-02T03:25:07.2956563Z -- Installing: C:/openfhe-2023-1788/openfhe-install/include/openfhe/core/lattice/field2n-impl.h
2026-09-02T03:25:07.2977565Z -- Installing: C:/openfhe-2023-1788/openfhe-install/include/openfhe/core/lattice/field2n.h
2026-09-02T03:25:07.2984555Z -- Installing: C:/openfhe-2023-1788/openfhe-install/include/openfhe/core/lattice/hal
2026-09-02T03:25:07.2994156Z -- Installing: C:/openfhe-2023-1788/openfhe-install/include/openfhe/core/lattice/hal/dcrtpoly-interface.h
2026-09-02T03:25:07.3002460Z -- Installing: C:/openfhe-2023-1788/openfhe-install/include/openfhe/core/lattice/hal/default
2026-09-02T03:25:07.3009947Z -- Installing: C:/openfhe-2023-1788/openfhe-install/include/openfhe/core/lattice/hal/default/dcrtpoly-impl.h
2026-09-02T03:25:07.3022394Z -- Installing: C:/openfhe-2023-1788/openfhe-install/include/openfhe/core/lattice/hal/default/dcrtpoly.h
2026-09-02T03:25:07.3029911Z -- Installing: C:/openfhe-2023-1788/openfhe-install/include/openfhe/core/lattice/hal/default/ildcrtparams.h
2026-09-02T03:25:07.3036997Z -- Installing: C:/openfhe-2023-1788/openfhe-install/include/openfhe/core/lattice/hal/default/ilparams.h
2026-09-02T03:25:07.3047429Z -- Installing: C:/openfhe-2023-1788/openfhe-install/include/openfhe/core/lattice/hal/default/poly-impl.h
2026-09-02T03:25:07.3068380Z -- Installing: C:/openfhe-2023-1788/openfhe-install/include/openfhe/core/lattice/hal/default/poly.h
2026-09-02T03:25:07.3075081Z -- Installing: C:/openfhe-2023-1788/openfhe-install/include/openfhe/core/lattice/hal/elemparams.h
2026-09-02T03:25:07.3085481Z -- Installing: C:/openfhe-2023-1788/openfhe-install/include/openfhe/core/lattice/hal/lat-backend.h
2026-09-02T03:25:07.3104644Z -- Installing: C:/openfhe-2023-1788/openfhe-install/include/openfhe/core/lattice/hal/poly-interface.h
2026-09-02T03:25:07.3111835Z -- Installing: C:/openfhe-2023-1788/openfhe-install/include/openfhe/core/lattice/hal/README.md
2026-09-02T03:25:07.3120952Z -- Installing: C:/openfhe-2023-1788/openfhe-install/include/openfhe/core/lattice/ilelement.h
2026-09-02T03:25:07.3127694Z -- Installing: C:/openfhe-2023-1788/openfhe-install/include/openfhe/core/lattice/lat-hal.h
2026-09-02T03:25:07.3134979Z -- Installing: C:/openfhe-2023-1788/openfhe-install/include/openfhe/core/lattice/matrix-lattice-impl.h
2026-09-02T03:25:07.3145143Z -- Installing: C:/openfhe-2023-1788/openfhe-install/include/openfhe/core/lattice/README.md
2026-09-02T03:25:07.3151962Z -- Installing: C:/openfhe-2023-1788/openfhe-install/include/openfhe/core/lattice/stdlatticeparms.h
2026-09-02T03:25:07.3159041Z -- Installing: C:/openfhe-2023-1788/openfhe-install/include/openfhe/core/lattice/trapdoor-impl.h
2026-09-02T03:25:07.3169478Z -- Installing: C:/openfhe-2023-1788/openfhe-install/include/openfhe/core/lattice/trapdoor.h
2026-09-02T03:25:07.3177684Z -- Installing: C:/openfhe-2023-1788/openfhe-install/include/openfhe/core/lattice/trapdoorparameters.h
2026-09-02T03:25:07.3184691Z -- Installing: C:/openfhe-2023-1788/openfhe-install/include/openfhe/core/math
2026-09-02T03:25:07.3194628Z -- Installing: C:/openfhe-2023-1788/openfhe-install/include/openfhe/core/math/binaryuniformgenerator-impl.h
2026-09-02T03:25:07.3201124Z -- Installing: C:/openfhe-2023-1788/openfhe-install/include/openfhe/core/math/binaryuniformgenerator.h
2026-09-02T03:25:07.3207767Z -- Installing: C:/openfhe-2023-1788/openfhe-install/include/openfhe/core/math/chebyshev.h
2026-09-02T03:25:07.3229661Z -- Installing: C:/openfhe-2023-1788/openfhe-install/include/openfhe/core/math/dftransform.h
2026-09-02T03:25:07.3236655Z -- Installing: C:/openfhe-2023-1788/openfhe-install/include/openfhe/core/math/discretegaussiangenerator-impl.h
2026-09-02T03:25:07.3243855Z -- Installing: C:/openfhe-2023-1788/openfhe-install/include/openfhe/core/math/discretegaussiangenerator.h
2026-09-02T03:25:07.3253952Z -- Installing: C:/openfhe-2023-1788/openfhe-install/include/openfhe/core/math/discretegaussiangeneratorgeneric.h
2026-09-02T03:25:07.3260737Z -- Installing: C:/openfhe-2023-1788/openfhe-install/include/openfhe/core/math/discreteuniformgenerator-impl.h
2026-09-02T03:25:07.3267638Z -- Installing: C:/openfhe-2023-1788/openfhe-install/include/openfhe/core/math/discreteuniformgenerator.h
2026-09-02T03:25:07.3348488Z -- Installing: C:/openfhe-2023-1788/openfhe-install/include/openfhe/core/math/distrgen.h
2026-09-02T03:25:07.3356194Z -- Installing: C:/openfhe-2023-1788/openfhe-install/include/openfhe/core/math/distributiongenerator.h
2026-09-02T03:25:07.3363520Z -- Installing: C:/openfhe-2023-1788/openfhe-install/include/openfhe/core/math/hal
2026-09-02T03:25:07.3375144Z -- Installing: C:/openfhe-2023-1788/openfhe-install/include/openfhe/core/math/hal/basicint.h
2026-09-02T03:25:07.3381932Z -- Installing: C:/openfhe-2023-1788/openfhe-install/include/openfhe/core/math/hal/bigintbackend.h
2026-09-02T03:25:07.3388192Z -- Installing: C:/openfhe-2023-1788/openfhe-install/include/openfhe/core/math/hal/bigintdyn
2026-09-02T03:25:07.3398288Z -- Installing: C:/openfhe-2023-1788/openfhe-install/include/openfhe/core/math/hal/bigintdyn/backenddyn.h
2026-09-02T03:25:07.3404754Z -- Installing: C:/openfhe-2023-1788/openfhe-install/include/openfhe/core/math/hal/bigintdyn/mubintvecdyn.h
2026-09-02T03:25:07.3411903Z -- Installing: C:/openfhe-2023-1788/openfhe-install/include/openfhe/core/math/hal/bigintdyn/transformdyn-impl.h
2026-09-02T03:25:07.3446385Z -- Installing: C:/openfhe-2023-1788/openfhe-install/include/openfhe/core/math/hal/bigintdyn/transformdyn.h
2026-09-02T03:25:07.3453805Z -- Installing: C:/openfhe-2023-1788/openfhe-install/include/openfhe/core/math/hal/bigintdyn/ubintdyn.h
2026-09-02T03:25:07.3461248Z -- Installing: C:/openfhe-2023-1788/openfhe-install/include/openfhe/core/math/hal/bigintfxd
2026-09-02T03:25:07.3484886Z -- Installing: C:/openfhe-2023-1788/openfhe-install/include/openfhe/core/math/hal/bigintfxd/backendfxd.h
2026-09-02T03:25:07.3492502Z -- Installing: C:/openfhe-2023-1788/openfhe-install/include/openfhe/core/math/hal/bigintfxd/mubintvecfxd.h
2026-09-02T03:25:07.3500755Z -- Installing: C:/openfhe-2023-1788/openfhe-install/include/openfhe/core/math/hal/bigintfxd/transformfxd-impl.h
2026-09-02T03:25:07.3525620Z -- Installing: C:/openfhe-2023-1788/openfhe-install/include/openfhe/core/math/hal/bigintfxd/transformfxd.h
2026-09-02T03:25:07.3532853Z -- Installing: C:/openfhe-2023-1788/openfhe-install/include/openfhe/core/math/hal/bigintfxd/ubintfxd.h
2026-09-02T03:25:07.3540469Z -- Installing: C:/openfhe-2023-1788/openfhe-install/include/openfhe/core/math/hal/bigintntl
2026-09-02T03:25:07.3550893Z -- Installing: C:/openfhe-2023-1788/openfhe-install/include/openfhe/core/math/hal/bigintntl/backendntl.h
2026-09-02T03:25:07.3558219Z -- Installing: C:/openfhe-2023-1788/openfhe-install/include/openfhe/core/math/hal/bigintntl/mubintvecntl.h
2026-09-02T03:25:07.3565593Z -- Installing: C:/openfhe-2023-1788/openfhe-install/include/openfhe/core/math/hal/bigintntl/transformntl-impl.h
2026-09-02T03:25:07.3590756Z -- Installing: C:/openfhe-2023-1788/openfhe-install/include/openfhe/core/math/hal/bigintntl/transformntl.h
2026-09-02T03:25:07.3598140Z -- Installing: C:/openfhe-2023-1788/openfhe-install/include/openfhe/core/math/hal/bigintntl/ubintntl.h
2026-09-02T03:25:07.3605590Z -- Installing: C:/openfhe-2023-1788/openfhe-install/include/openfhe/core/math/hal/integer.h
2026-09-02T03:25:07.3614901Z -- Installing: C:/openfhe-2023-1788/openfhe-install/include/openfhe/core/math/hal/intnat
2026-09-02T03:25:07.3622047Z -- Installing: C:/openfhe-2023-1788/openfhe-install/include/openfhe/core/math/hal/intnat/mubintvecnat.h
2026-09-02T03:25:07.3629432Z -- Installing: C:/openfhe-2023-1788/openfhe-install/include/openfhe/core/math/hal/intnat/transformnat-impl.h
2026-09-02T03:25:07.3640543Z -- Installing: C:/openfhe-2023-1788/openfhe-install/include/openfhe/core/math/hal/intnat/transformnat.h
2026-09-02T03:25:07.3646989Z -- Installing: C:/openfhe-2023-1788/openfhe-install/include/openfhe/core/math/hal/intnat/ubintnat.h
2026-09-02T03:25:07.3668452Z -- Installing: C:/openfhe-2023-1788/openfhe-install/include/openfhe/core/math/hal/nativeintbackend.h
2026-09-02T03:25:07.3677739Z -- Installing: C:/openfhe-2023-1788/openfhe-install/include/openfhe/core/math/hal/transform.h
2026-09-02T03:25:07.3684614Z -- Installing: C:/openfhe-2023-1788/openfhe-install/include/openfhe/core/math/hal/vector.h
2026-09-02T03:25:07.3691439Z -- Installing: C:/openfhe-2023-1788/openfhe-install/include/openfhe/core/math/hermite.h
2026-09-02T03:25:07.3700785Z -- Installing: C:/openfhe-2023-1788/openfhe-install/include/openfhe/core/math/math-hal.h
2026-09-02T03:25:07.3707605Z -- Installing: C:/openfhe-2023-1788/openfhe-install/include/openfhe/core/math/math_backends.md
2026-09-02T03:25:07.3714048Z -- Installing: C:/openfhe-2023-1788/openfhe-install/include/openfhe/core/math/matrix-impl.h
2026-09-02T03:25:07.3723839Z -- Installing: C:/openfhe-2023-1788/openfhe-install/include/openfhe/core/math/matrix.h
2026-09-02T03:25:07.3731503Z -- Installing: C:/openfhe-2023-1788/openfhe-install/include/openfhe/core/math/matrixstrassen-impl.h
2026-09-02T03:25:07.3739368Z -- Installing: C:/openfhe-2023-1788/openfhe-install/include/openfhe/core/math/matrixstrassen.h
2026-09-02T03:25:07.3749682Z -- Installing: C:/openfhe-2023-1788/openfhe-install/include/openfhe/core/math/nbtheory-impl.h
2026-09-02T03:25:07.3756662Z -- Installing: C:/openfhe-2023-1788/openfhe-install/include/openfhe/core/math/nbtheory.h
2026-09-02T03:25:07.3778260Z -- Installing: C:/openfhe-2023-1788/openfhe-install/include/openfhe/core/math/README.md
2026-09-02T03:25:07.3787349Z -- Installing: C:/openfhe-2023-1788/openfhe-install/include/openfhe/core/math/SAMPLING_README.md
2026-09-02T03:25:07.3794121Z -- Installing: C:/openfhe-2023-1788/openfhe-install/include/openfhe/core/math/ternaryuniformgenerator-impl.h
2026-09-02T03:25:07.3801007Z -- Installing: C:/openfhe-2023-1788/openfhe-install/include/openfhe/core/math/ternaryuniformgenerator.h
2026-09-02T03:25:07.3811045Z -- Installing: C:/openfhe-2023-1788/openfhe-install/include/openfhe/core/openfhecore.h
2026-09-02T03:25:07.3817392Z -- Installing: C:/openfhe-2023-1788/openfhe-install/include/openfhe/core/README.md
2026-09-02T03:25:07.3839641Z -- Installing: C:/openfhe-2023-1788/openfhe-install/include/openfhe/core/testdefs.h
2026-09-02T03:25:07.3896922Z -- Installing: C:/openfhe-2023-1788/openfhe-install/include/openfhe/core/utils
2026-09-02T03:25:07.3903111Z -- Installing: C:/openfhe-2023-1788/openfhe-install/include/openfhe/core/utils/blockAllocator
2026-09-02T03:25:07.3910919Z -- Installing: C:/openfhe-2023-1788/openfhe-install/include/openfhe/core/utils/blockAllocator/blockAllocator.h
2026-09-02T03:25:07.3920650Z -- Installing: C:/openfhe-2023-1788/openfhe-install/include/openfhe/core/utils/blockAllocator/README.md
2026-09-02T03:25:07.3927287Z -- Installing: C:/openfhe-2023-1788/openfhe-install/include/openfhe/core/utils/blockAllocator/stl_allocator.h
2026-09-02T03:25:07.3934250Z -- Installing: C:/openfhe-2023-1788/openfhe-install/include/openfhe/core/utils/blockAllocator/xallocator.h
2026-09-02T03:25:07.3958258Z -- Installing: C:/openfhe-2023-1788/openfhe-install/include/openfhe/core/utils/blockAllocator/xlist.h
2026-09-02T03:25:07.3965164Z -- Installing: C:/openfhe-2023-1788/openfhe-install/include/openfhe/core/utils/blockAllocator/xmap.h
2026-09-02T03:25:07.3971560Z -- Installing: C:/openfhe-2023-1788/openfhe-install/include/openfhe/core/utils/blockAllocator/xqueue.h
2026-09-02T03:25:07.3980971Z -- Installing: C:/openfhe-2023-1788/openfhe-install/include/openfhe/core/utils/blockAllocator/xset.h
2026-09-02T03:25:07.3987546Z -- Installing: C:/openfhe-2023-1788/openfhe-install/include/openfhe/core/utils/blockAllocator/xsstream.h
2026-09-02T03:25:07.3993936Z -- Installing: C:/openfhe-2023-1788/openfhe-install/include/openfhe/core/utils/blockAllocator/xstring.h
2026-09-02T03:25:07.4003494Z -- Installing: C:/openfhe-2023-1788/openfhe-install/include/openfhe/core/utils/blockAllocator/xvector.h
2026-09-02T03:25:07.4009556Z -- Installing: C:/openfhe-2023-1788/openfhe-install/include/openfhe/core/utils/caller_info.h
2026-09-02T03:25:07.4016047Z -- Installing: C:/openfhe-2023-1788/openfhe-install/include/openfhe/core/utils/debug.h
2026-09-02T03:25:07.4048148Z -- Installing: C:/openfhe-2023-1788/openfhe-install/include/openfhe/core/utils/demangle.h
2026-09-02T03:25:07.4049233Z -- Installing: C:/openfhe-2023-1788/openfhe-install/include/openfhe/core/utils/exception.h
2026-09-02T03:25:07.4072763Z -- Installing: C:/openfhe-2023-1788/openfhe-install/include/openfhe/core/utils/get-call-stack.h
2026-09-02T03:25:07.4078733Z -- Installing: C:/openfhe-2023-1788/openfhe-install/include/openfhe/core/utils/hashutil.h
2026-09-02T03:25:07.4085055Z -- Installing: C:/openfhe-2023-1788/openfhe-install/include/openfhe/core/utils/inttypes.h
2026-09-02T03:25:07.4135293Z -- Installing: C:/openfhe-2023-1788/openfhe-install/include/openfhe/core/utils/memory.h
2026-09-02T03:25:07.4144702Z -- Installing: C:/openfhe-2023-1788/openfhe-install/include/openfhe/core/utils/openfhebase64.h
2026-09-02T03:25:07.4218592Z -- Installing: C:/openfhe-2023-1788/openfhe-install/include/openfhe/core/utils/parallel.h
2026-09-02T03:25:07.4225066Z -- Installing: C:/openfhe-2023-1788/openfhe-install/include/openfhe/core/utils/prng
2026-09-02T03:25:07.4235662Z -- Installing: C:/openfhe-2023-1788/openfhe-install/include/openfhe/core/utils/prng/blake2-impl.h
2026-09-02T03:25:07.4246438Z -- Installing: C:/openfhe-2023-1788/openfhe-install/include/openfhe/core/utils/prng/blake2.h
2026-09-02T03:25:07.4253848Z -- Installing: C:/openfhe-2023-1788/openfhe-install/include/openfhe/core/utils/prng/blake2engine.h
2026-09-02T03:25:07.4260717Z -- Installing: C:/openfhe-2023-1788/openfhe-install/include/openfhe/core/utils/prng/CPPLINT.cfg
2026-09-02T03:25:07.4322055Z -- Installing: C:/openfhe-2023-1788/openfhe-install/include/openfhe/core/utils/prng/prng.h
2026-09-02T03:25:07.4344625Z -- Installing: C:/openfhe-2023-1788/openfhe-install/include/openfhe/core/utils/prng/README.md
2026-09-02T03:25:07.4356046Z -- Installing: C:/openfhe-2023-1788/openfhe-install/include/openfhe/core/utils/README.md
2026-09-02T03:25:07.4365324Z -- Installing: C:/openfhe-2023-1788/openfhe-install/include/openfhe/core/utils/serial.h
2026-09-02T03:25:07.4375597Z -- Installing: C:/openfhe-2023-1788/openfhe-install/include/openfhe/core/utils/serializable.h
2026-09-02T03:25:07.4382027Z -- Installing: C:/openfhe-2023-1788/openfhe-install/include/openfhe/core/utils/sertype.h
2026-09-02T03:25:07.4388514Z -- Installing: C:/openfhe-2023-1788/openfhe-install/include/openfhe/core/utils/type_name.h
2026-09-02T03:25:07.4397777Z -- Installing: C:/openfhe-2023-1788/openfhe-install/include/openfhe/core/utils/utilities-int.h
2026-09-02T03:25:07.4473678Z -- Installing: C:/openfhe-2023-1788/openfhe-install/include/openfhe/core/utils/utilities.h
2026-09-02T03:25:07.4535530Z -- Installing: C:/openfhe-2023-1788/openfhe-install/include/openfhe/core/version.h
2026-09-02T03:25:07.4594072Z -- Installing: C:/openfhe-2023-1788/openfhe-install/lib/libOPENFHEpke.dll.a
2026-09-02T03:25:07.4647479Z -- Installing: C:/openfhe-2023-1788/openfhe-install/lib/libOPENFHEpke.dll
2026-09-02T03:25:07.4738529Z -- Installing: C:/openfhe-2023-1788/openfhe-install/include/openfhe/pke
2026-09-02T03:25:07.4748080Z -- Installing: C:/openfhe-2023-1788/openfhe-install/include/openfhe/pke/ciphertext-fwd.h
2026-09-02T03:25:07.4758479Z -- Installing: C:/openfhe-2023-1788/openfhe-install/include/openfhe/pke/ciphertext-ser.h
2026-09-02T03:25:07.4767953Z -- Installing: C:/openfhe-2023-1788/openfhe-install/include/openfhe/pke/ciphertext.h
2026-09-02T03:25:07.4776207Z -- Installing: C:/openfhe-2023-1788/openfhe-install/include/openfhe/pke/constants-defs.h
2026-09-02T03:25:07.4840897Z -- Installing: C:/openfhe-2023-1788/openfhe-install/include/openfhe/pke/constants.h
2026-09-02T03:25:07.4892765Z -- Installing: C:/openfhe-2023-1788/openfhe-install/include/openfhe/pke/cryptocontext-fwd.h
2026-09-02T03:25:07.4940407Z -- Installing: C:/openfhe-2023-1788/openfhe-install/include/openfhe/pke/cryptocontext-ser.h
2026-09-02T03:25:07.4950251Z -- Installing: C:/openfhe-2023-1788/openfhe-install/include/openfhe/pke/cryptocontext.h
2026-09-02T03:25:07.5013363Z -- Installing: C:/openfhe-2023-1788/openfhe-install/include/openfhe/pke/cryptocontextfactory.h
2026-09-02T03:25:07.5022344Z -- Installing: C:/openfhe-2023-1788/openfhe-install/include/openfhe/pke/cryptoobject.h
2026-09-02T03:25:07.5028827Z -- Installing: C:/openfhe-2023-1788/openfhe-install/include/openfhe/pke/encoding
2026-09-02T03:25:07.5087833Z -- Installing: C:/openfhe-2023-1788/openfhe-install/include/openfhe/pke/encoding/ckkspackedencoding.h
2026-09-02T03:25:07.5138760Z -- Installing: C:/openfhe-2023-1788/openfhe-install/include/openfhe/pke/encoding/coefpackedencoding.h
2026-09-02T03:25:07.5148494Z -- Installing: C:/openfhe-2023-1788/openfhe-install/include/openfhe/pke/encoding/encodingparams.h
2026-09-02T03:25:07.5211095Z -- Installing: C:/openfhe-2023-1788/openfhe-install/include/openfhe/pke/encoding/encodings.h
2026-09-02T03:25:07.5219904Z -- Installing: C:/openfhe-2023-1788/openfhe-install/include/openfhe/pke/encoding/packedencoding.h
2026-09-02T03:25:07.5227848Z -- Installing: C:/openfhe-2023-1788/openfhe-install/include/openfhe/pke/encoding/plaintext-fwd.h
2026-09-02T03:25:07.5292643Z -- Installing: C:/openfhe-2023-1788/openfhe-install/include/openfhe/pke/encoding/plaintext.h
2026-09-02T03:25:07.5302136Z -- Installing: C:/openfhe-2023-1788/openfhe-install/include/openfhe/pke/encoding/plaintextfactory.h
2026-09-02T03:25:07.5349767Z -- Installing: C:/openfhe-2023-1788/openfhe-install/include/openfhe/pke/encoding/README.md
2026-09-02T03:25:07.5358296Z -- Installing: C:/openfhe-2023-1788/openfhe-install/include/openfhe/pke/encoding/stringencoding.h
2026-09-02T03:25:07.5410560Z -- Installing: C:/openfhe-2023-1788/openfhe-install/include/openfhe/pke/gen-cryptocontext.h
2026-09-02T03:25:07.5420908Z -- Installing: C:/openfhe-2023-1788/openfhe-install/include/openfhe/pke/globals.h
2026-09-02T03:25:07.5429981Z -- Installing: C:/openfhe-2023-1788/openfhe-install/include/openfhe/pke/key
2026-09-02T03:25:07.5436792Z -- Installing: C:/openfhe-2023-1788/openfhe-install/include/openfhe/pke/key/evalkey-fwd.h
2026-09-02T03:25:07.5499917Z -- Installing: C:/openfhe-2023-1788/openfhe-install/include/openfhe/pke/key/evalkey.h
2026-09-02T03:25:07.5509020Z -- Installing: C:/openfhe-2023-1788/openfhe-install/include/openfhe/pke/key/evalkeyrelin-fwd.h
2026-09-02T03:25:07.5517523Z -- Installing: C:/openfhe-2023-1788/openfhe-install/include/openfhe/pke/key/evalkeyrelin.h
2026-09-02T03:25:07.5609352Z -- Installing: C:/openfhe-2023-1788/openfhe-install/include/openfhe/pke/key/key-ser.h
2026-09-02T03:25:07.5617778Z -- Installing: C:/openfhe-2023-1788/openfhe-install/include/openfhe/pke/key/key.h
2026-09-02T03:25:07.5626572Z -- Installing: C:/openfhe-2023-1788/openfhe-install/include/openfhe/pke/key/keypair.h
2026-09-02T03:25:07.5678837Z -- Installing: C:/openfhe-2023-1788/openfhe-install/include/openfhe/pke/key/privatekey-fwd.h
2026-09-02T03:25:07.5687526Z -- Installing: C:/openfhe-2023-1788/openfhe-install/include/openfhe/pke/key/privatekey.h
2026-09-02T03:25:07.5694209Z -- Installing: C:/openfhe-2023-1788/openfhe-install/include/openfhe/pke/key/publickey-fwd.h
2026-09-02T03:25:07.5743925Z -- Installing: C:/openfhe-2023-1788/openfhe-install/include/openfhe/pke/key/publickey.h
2026-09-02T03:25:07.5752972Z -- Installing: C:/openfhe-2023-1788/openfhe-install/include/openfhe/pke/key/README.md
2026-09-02T03:25:07.5759895Z -- Installing: C:/openfhe-2023-1788/openfhe-install/include/openfhe/pke/keyswitch
2026-09-02T03:25:07.5771255Z -- Installing: C:/openfhe-2023-1788/openfhe-install/include/openfhe/pke/keyswitch/keyswitch-base.h
2026-09-02T03:25:07.5780771Z -- Installing: C:/openfhe-2023-1788/openfhe-install/include/openfhe/pke/keyswitch/keyswitch-bv.h
2026-09-02T03:25:07.5789390Z -- Installing: C:/openfhe-2023-1788/openfhe-install/include/openfhe/pke/keyswitch/keyswitch-hybrid.h
2026-09-02T03:25:07.5814864Z -- Installing: C:/openfhe-2023-1788/openfhe-install/include/openfhe/pke/keyswitch/keyswitch-rns.h
2026-09-02T03:25:07.5823734Z -- Installing: C:/openfhe-2023-1788/openfhe-install/include/openfhe/pke/keyswitch/README.md
2026-09-02T03:25:07.5832294Z -- Installing: C:/openfhe-2023-1788/openfhe-install/include/openfhe/pke/metadata-ser.h
2026-09-02T03:25:07.5842754Z -- Installing: C:/openfhe-2023-1788/openfhe-install/include/openfhe/pke/metadata.h
2026-09-02T03:25:07.5851599Z -- Installing: C:/openfhe-2023-1788/openfhe-install/include/openfhe/pke/openfhe.h
2026-09-02T03:25:07.5861409Z -- Installing: C:/openfhe-2023-1788/openfhe-install/include/openfhe/pke/README.md
2026-09-02T03:25:07.5868780Z -- Installing: C:/openfhe-2023-1788/openfhe-install/include/openfhe/pke/scheme
2026-09-02T03:25:07.5875739Z -- Installing: C:/openfhe-2023-1788/openfhe-install/include/openfhe/pke/scheme/bfvrns
2026-09-02T03:25:07.5885857Z -- Installing: C:/openfhe-2023-1788/openfhe-install/include/openfhe/pke/scheme/bfvrns/bfvrns-advancedshe.h
2026-09-02T03:25:07.5893982Z -- Installing: C:/openfhe-2023-1788/openfhe-install/include/openfhe/pke/scheme/bfvrns/bfvrns-cryptoparameters.h
2026-09-02T03:25:07.5901672Z -- Installing: C:/openfhe-2023-1788/openfhe-install/include/openfhe/pke/scheme/bfvrns/bfvrns-fhe.h
2026-09-02T03:25:07.5926667Z -- Installing: C:/openfhe-2023-1788/openfhe-install/include/openfhe/pke/scheme/bfvrns/bfvrns-leveledshe.h
2026-09-02T03:25:07.5935560Z -- Installing: C:/openfhe-2023-1788/openfhe-install/include/openfhe/pke/scheme/bfvrns/bfvrns-multiparty.h
2026-09-02T03:25:07.5945133Z -- Installing: C:/openfhe-2023-1788/openfhe-install/include/openfhe/pke/scheme/bfvrns/bfvrns-parametergeneration.h
2026-09-02T03:25:07.5955439Z -- Installing: C:/openfhe-2023-1788/openfhe-install/include/openfhe/pke/scheme/bfvrns/bfvrns-pke.h
2026-09-02T03:25:07.5965277Z -- Installing: C:/openfhe-2023-1788/openfhe-install/include/openfhe/pke/scheme/bfvrns/bfvrns-pre.h
2026-09-02T03:25:07.5974196Z -- Installing: C:/openfhe-2023-1788/openfhe-install/include/openfhe/pke/scheme/bfvrns/bfvrns-scheme.h
2026-09-02T03:25:07.5985103Z -- Installing: C:/openfhe-2023-1788/openfhe-install/include/openfhe/pke/scheme/bfvrns/bfvrns-ser.h
2026-09-02T03:25:07.5992631Z -- Installing: C:/openfhe-2023-1788/openfhe-install/include/openfhe/pke/scheme/bfvrns/gen-cryptocontext-bfvrns-internal.h
2026-09-02T03:25:07.6000803Z -- Installing: C:/openfhe-2023-1788/openfhe-install/include/openfhe/pke/scheme/bfvrns/gen-cryptocontext-bfvrns-params.h
2026-09-02T03:25:07.6011082Z -- Installing: C:/openfhe-2023-1788/openfhe-install/include/openfhe/pke/scheme/bfvrns/gen-cryptocontext-bfvrns.h
2026-09-02T03:25:07.6018438Z -- Installing: C:/openfhe-2023-1788/openfhe-install/include/openfhe/pke/scheme/bgvrns
2026-09-02T03:25:07.6025787Z -- Installing: C:/openfhe-2023-1788/openfhe-install/include/openfhe/pke/scheme/bgvrns/bgvrns-advancedshe.h
2026-09-02T03:25:07.6036783Z -- Installing: C:/openfhe-2023-1788/openfhe-install/include/openfhe/pke/scheme/bgvrns/bgvrns-cryptoparameters.h
2026-09-02T03:25:07.6045694Z -- Installing: C:/openfhe-2023-1788/openfhe-install/include/openfhe/pke/scheme/bgvrns/bgvrns-fhe.h
2026-09-02T03:25:07.6067796Z -- Installing: C:/openfhe-2023-1788/openfhe-install/include/openfhe/pke/scheme/bgvrns/bgvrns-leveledshe.h
2026-09-02T03:25:07.6098686Z -- Installing: C:/openfhe-2023-1788/openfhe-install/include/openfhe/pke/scheme/bgvrns/bgvrns-multiparty.h
2026-09-02T03:25:07.6106490Z -- Installing: C:/openfhe-2023-1788/openfhe-install/include/openfhe/pke/scheme/bgvrns/bgvrns-parametergeneration.h
2026-09-02T03:25:07.6160331Z -- Installing: C:/openfhe-2023-1788/openfhe-install/include/openfhe/pke/scheme/bgvrns/bgvrns-pke.h
2026-09-02T03:25:07.6168682Z -- Installing: C:/openfhe-2023-1788/openfhe-install/include/openfhe/pke/scheme/bgvrns/bgvrns-pre.h
2026-09-02T03:25:07.6176143Z -- Installing: C:/openfhe-2023-1788/openfhe-install/include/openfhe/pke/scheme/bgvrns/bgvrns-scheme.h
2026-09-02T03:25:07.6185128Z -- Installing: C:/openfhe-2023-1788/openfhe-install/include/openfhe/pke/scheme/bgvrns/bgvrns-ser.h
2026-09-02T03:25:07.6240214Z -- Installing: C:/openfhe-2023-1788/openfhe-install/include/openfhe/pke/scheme/bgvrns/gen-cryptocontext-bgvrns-internal.h
2026-09-02T03:25:07.6248638Z -- Installing: C:/openfhe-2023-1788/openfhe-install/include/openfhe/pke/scheme/bgvrns/gen-cryptocontext-bgvrns-params.h
2026-09-02T03:25:07.6259171Z -- Installing: C:/openfhe-2023-1788/openfhe-install/include/openfhe/pke/scheme/bgvrns/gen-cryptocontext-bgvrns.h
2026-09-02T03:25:07.6266525Z -- Installing: C:/openfhe-2023-1788/openfhe-install/include/openfhe/pke/scheme/ckksrns
2026-09-02T03:25:07.6274441Z -- Installing: C:/openfhe-2023-1788/openfhe-install/include/openfhe/pke/scheme/ckksrns/ckksrns-advancedshe.h
2026-09-02T03:25:07.6282709Z -- Installing: C:/openfhe-2023-1788/openfhe-install/include/openfhe/pke/scheme/ckksrns/ckksrns-cryptoparameters.h
2026-09-02T03:25:07.6290773Z -- Installing: C:/openfhe-2023-1788/openfhe-install/include/openfhe/pke/scheme/ckksrns/ckksrns-fhe.h
2026-09-02T03:25:07.6313609Z -- Installing: C:/openfhe-2023-1788/openfhe-install/include/openfhe/pke/scheme/ckksrns/ckksrns-leveledshe.h
2026-09-02T03:25:07.6320293Z -- Installing: C:/openfhe-2023-1788/openfhe-install/include/openfhe/pke/scheme/ckksrns/ckksrns-multiparty.h
2026-09-02T03:25:07.6330601Z -- Installing: C:/openfhe-2023-1788/openfhe-install/include/openfhe/pke/scheme/ckksrns/ckksrns-parametergeneration.h
2026-09-02T03:25:07.6337372Z -- Installing: C:/openfhe-2023-1788/openfhe-install/include/openfhe/pke/scheme/ckksrns/ckksrns-pke.h
2026-09-02T03:25:07.6343888Z -- Installing: C:/openfhe-2023-1788/openfhe-install/include/openfhe/pke/scheme/ckksrns/ckksrns-pre.h
2026-09-02T03:25:07.6352530Z -- Installing: C:/openfhe-2023-1788/openfhe-install/include/openfhe/pke/scheme/ckksrns/ckksrns-scheme.h
2026-09-02T03:25:07.6359023Z -- Installing: C:/openfhe-2023-1788/openfhe-install/include/openfhe/pke/scheme/ckksrns/ckksrns-schemeswitching.h
2026-09-02T03:25:07.6367265Z -- Installing: C:/openfhe-2023-1788/openfhe-install/include/openfhe/pke/scheme/ckksrns/ckksrns-ser.h
2026-09-02T03:25:07.6377034Z -- Installing: C:/openfhe-2023-1788/openfhe-install/include/openfhe/pke/scheme/ckksrns/ckksrns-utils.h
2026-09-02T03:25:07.6384477Z -- Installing: C:/openfhe-2023-1788/openfhe-install/include/openfhe/pke/scheme/ckksrns/gen-cryptocontext-ckksrns-internal.h
2026-09-02T03:25:07.6391878Z -- Installing: C:/openfhe-2023-1788/openfhe-install/include/openfhe/pke/scheme/ckksrns/gen-cryptocontext-ckksrns-params.h
2026-09-02T03:25:07.6401456Z -- Installing: C:/openfhe-2023-1788/openfhe-install/include/openfhe/pke/scheme/ckksrns/gen-cryptocontext-ckksrns.h
2026-09-02T03:25:07.6407998Z -- Installing: C:/openfhe-2023-1788/openfhe-install/include/openfhe/pke/scheme/ckksrns/README.md
2026-09-02T03:25:07.6415189Z -- Installing: C:/openfhe-2023-1788/openfhe-install/include/openfhe/pke/scheme/gen-cryptocontext-params-defaults.h
2026-09-02T03:25:07.6425019Z -- Installing: C:/openfhe-2023-1788/openfhe-install/include/openfhe/pke/scheme/gen-cryptocontext-params-validation.h
2026-09-02T03:25:07.6445004Z -- Installing: C:/openfhe-2023-1788/openfhe-install/include/openfhe/pke/scheme/gen-cryptocontext-params.h
2026-09-02T03:25:07.6451632Z -- Installing: C:/openfhe-2023-1788/openfhe-install/include/openfhe/pke/scheme/README.md
2026-09-02T03:25:07.6459567Z -- Installing: C:/openfhe-2023-1788/openfhe-install/include/openfhe/pke/scheme/scheme-id.h
2026-09-02T03:25:07.6466258Z -- Installing: C:/openfhe-2023-1788/openfhe-install/include/openfhe/pke/scheme/scheme-swch-params.h
2026-09-02T03:25:07.6473102Z -- Installing: C:/openfhe-2023-1788/openfhe-install/include/openfhe/pke/scheme/scheme-utils.h
2026-09-02T03:25:07.6479511Z -- Installing: C:/openfhe-2023-1788/openfhe-install/include/openfhe/pke/schemebase
2026-09-02T03:25:07.6488196Z -- Installing: C:/openfhe-2023-1788/openfhe-install/include/openfhe/pke/schemebase/base-advancedshe.h
2026-09-02T03:25:07.6497295Z -- Installing: C:/openfhe-2023-1788/openfhe-install/include/openfhe/pke/schemebase/base-cryptoparameters.h
2026-09-02T03:25:07.6503804Z -- Installing: C:/openfhe-2023-1788/openfhe-install/include/openfhe/pke/schemebase/base-fhe.h
2026-09-02T03:25:07.6513174Z -- Installing: C:/openfhe-2023-1788/openfhe-install/include/openfhe/pke/schemebase/base-leveledshe.h
2026-09-02T03:25:07.6607043Z -- Installing: C:/openfhe-2023-1788/openfhe-install/include/openfhe/pke/schemebase/base-multiparty.h
2026-09-02T03:25:07.6618714Z -- Installing: C:/openfhe-2023-1788/openfhe-install/include/openfhe/pke/schemebase/base-parametergeneration.h
2026-09-02T03:25:07.6624878Z -- Installing: C:/openfhe-2023-1788/openfhe-install/include/openfhe/pke/schemebase/base-pke.h
2026-09-02T03:25:07.6632202Z -- Installing: C:/openfhe-2023-1788/openfhe-install/include/openfhe/pke/schemebase/base-pre.h
2026-09-02T03:25:07.6642304Z -- Installing: C:/openfhe-2023-1788/openfhe-install/include/openfhe/pke/schemebase/base-scheme.h
2026-09-02T03:25:07.6650538Z -- Installing: C:/openfhe-2023-1788/openfhe-install/include/openfhe/pke/schemebase/base-ser.h
2026-09-02T03:25:07.6660835Z -- Installing: C:/openfhe-2023-1788/openfhe-install/include/openfhe/pke/schemebase/decrypt-result.h
2026-09-02T03:25:07.6667280Z -- Installing: C:/openfhe-2023-1788/openfhe-install/include/openfhe/pke/schemebase/rlwe-cryptoparameters.h
2026-09-02T03:25:07.6674026Z -- Installing: C:/openfhe-2023-1788/openfhe-install/include/openfhe/pke/schemelet
2026-09-02T03:25:07.6683970Z -- Installing: C:/openfhe-2023-1788/openfhe-install/include/openfhe/pke/schemelet/rlwe-mp.h
2026-09-02T03:25:07.6690110Z -- Installing: C:/openfhe-2023-1788/openfhe-install/include/openfhe/pke/schemerns
2026-09-02T03:25:07.6752335Z -- Installing: C:/openfhe-2023-1788/openfhe-install/include/openfhe/pke/schemerns/rns-advancedshe.h
2026-09-02T03:25:07.6758737Z -- Installing: C:/openfhe-2023-1788/openfhe-install/include/openfhe/pke/schemerns/rns-cryptoparameters.h
2026-09-02T03:25:07.6768346Z -- Installing: C:/openfhe-2023-1788/openfhe-install/include/openfhe/pke/schemerns/rns-fhe.h
2026-09-02T03:25:07.6815374Z -- Installing: C:/openfhe-2023-1788/openfhe-install/include/openfhe/pke/schemerns/rns-leveledshe.h
2026-09-02T03:25:07.6840021Z -- Installing: C:/openfhe-2023-1788/openfhe-install/include/openfhe/pke/schemerns/rns-multiparty.h
2026-09-02T03:25:07.6850738Z -- Installing: C:/openfhe-2023-1788/openfhe-install/include/openfhe/pke/schemerns/rns-parametergeneration.h
2026-09-02T03:25:07.6900755Z -- Installing: C:/openfhe-2023-1788/openfhe-install/include/openfhe/pke/schemerns/rns-pke.h
2026-09-02T03:25:07.6907178Z -- Installing: C:/openfhe-2023-1788/openfhe-install/include/openfhe/pke/schemerns/rns-pre.h
2026-09-02T03:25:07.6916465Z -- Installing: C:/openfhe-2023-1788/openfhe-install/include/openfhe/pke/schemerns/rns-scheme.h
2026-09-02T03:25:07.6970137Z -- Installing: C:/openfhe-2023-1788/openfhe-install/include/openfhe/pke/schemerns/rns-ser.h
2026-09-02T03:25:07.6978648Z -- Installing: C:/openfhe-2023-1788/openfhe-install/include/openfhe/pke/unittest/utils
2026-09-02T03:25:07.6990261Z -- Installing: C:/openfhe-2023-1788/openfhe-install/include/openfhe/pke/unittest/utils/BaseTestCase.h
2026-09-02T03:25:07.6997617Z -- Installing: C:/openfhe-2023-1788/openfhe-install/include/openfhe/pke/unittest/utils/schemeswitching-data-serializer.h
2026-09-02T03:25:07.7008173Z -- Installing: C:/openfhe-2023-1788/openfhe-install/include/openfhe/pke/unittest/utils/UnitTestCCParams.h
2026-09-02T03:25:07.7029236Z -- Installing: C:/openfhe-2023-1788/openfhe-install/include/openfhe/pke/unittest/utils/UnitTestCryptoContext.h
2026-09-02T03:25:07.7037592Z -- Installing: C:/openfhe-2023-1788/openfhe-install/include/openfhe/pke/unittest/utils/UnitTestException.h
2026-09-02T03:25:07.7049218Z -- Installing: C:/openfhe-2023-1788/openfhe-install/include/openfhe/pke/unittest/utils/UnitTestMetadataTest.h
2026-09-02T03:25:07.7056200Z -- Installing: C:/openfhe-2023-1788/openfhe-install/include/openfhe/pke/unittest/utils/UnitTestMetadataTestSer.h
2026-09-02T03:25:07.7063330Z -- Installing: C:/openfhe-2023-1788/openfhe-install/include/openfhe/pke/unittest/utils/UnitTestReadCSVData.h
2026-09-02T03:25:07.7074284Z -- Installing: C:/openfhe-2023-1788/openfhe-install/include/openfhe/pke/unittest/utils/UnitTestSer.h
2026-09-02T03:25:07.7081108Z -- Installing: C:/openfhe-2023-1788/openfhe-install/include/openfhe/pke/unittest/utils/UnitTestUtils.h
2026-09-02T03:25:07.7093392Z -- Installing: C:/openfhe-2023-1788/openfhe-install/lib/libOPENFHEbinfhe.dll.a
2026-09-02T03:25:07.7111254Z -- Installing: C:/openfhe-2023-1788/openfhe-install/lib/libOPENFHEbinfhe.dll
2026-09-02T03:25:07.7127471Z -- Installing: C:/openfhe-2023-1788/openfhe-install/include/openfhe/binfhe
2026-09-02T03:25:07.7133595Z -- Installing: C:/openfhe-2023-1788/openfhe-install/include/openfhe/binfhe/binfhe-base-params.h
2026-09-02T03:25:07.7145379Z -- Installing: C:/openfhe-2023-1788/openfhe-install/include/openfhe/binfhe/binfhe-base-scheme.h
2026-09-02T03:25:07.7152342Z -- Installing: C:/openfhe-2023-1788/openfhe-install/include/openfhe/binfhe/binfhe-constants.h
2026-09-02T03:25:07.7177644Z -- Installing: C:/openfhe-2023-1788/openfhe-install/include/openfhe/binfhe/binfhecontext-ser.h
2026-09-02T03:25:07.7187443Z -- Installing: C:/openfhe-2023-1788/openfhe-install/include/openfhe/binfhe/binfhecontext.h
2026-09-02T03:25:07.7194461Z -- Installing: C:/openfhe-2023-1788/openfhe-install/include/openfhe/binfhe/lwe-ciphertext-fwd.h
2026-09-02T03:25:07.7200891Z -- Installing: C:/openfhe-2023-1788/openfhe-install/include/openfhe/binfhe/lwe-ciphertext.h
2026-09-02T03:25:07.7211555Z -- Installing: C:/openfhe-2023-1788/openfhe-install/include/openfhe/binfhe/lwe-cryptoparameters.h
2026-09-02T03:25:07.7218420Z -- Installing: C:/openfhe-2023-1788/openfhe-install/include/openfhe/binfhe/lwe-keypair-fwd.h
2026-09-02T03:25:07.7224987Z -- Installing: C:/openfhe-2023-1788/openfhe-install/include/openfhe/binfhe/lwe-keypair.h
2026-09-02T03:25:07.7235217Z -- Installing: C:/openfhe-2023-1788/openfhe-install/include/openfhe/binfhe/lwe-keyswitchkey-fwd.h
2026-09-02T03:25:07.7241609Z -- Installing: C:/openfhe-2023-1788/openfhe-install/include/openfhe/binfhe/lwe-keyswitchkey.h
2026-09-02T03:25:07.7248517Z -- Installing: C:/openfhe-2023-1788/openfhe-install/include/openfhe/binfhe/lwe-pke.h
2026-09-02T03:25:07.7258503Z -- Installing: C:/openfhe-2023-1788/openfhe-install/include/openfhe/binfhe/lwe-privatekey-fwd.h
2026-09-02T03:25:07.7265718Z -- Installing: C:/openfhe-2023-1788/openfhe-install/include/openfhe/binfhe/lwe-privatekey.h
2026-09-02T03:25:07.7272369Z -- Installing: C:/openfhe-2023-1788/openfhe-install/include/openfhe/binfhe/lwe-publickey-fwd.h
2026-09-02T03:25:07.7282454Z -- Installing: C:/openfhe-2023-1788/openfhe-install/include/openfhe/binfhe/lwe-publickey.h
2026-09-02T03:25:07.7289265Z -- Installing: C:/openfhe-2023-1788/openfhe-install/include/openfhe/binfhe/README.md
2026-09-02T03:25:07.7295643Z -- Installing: C:/openfhe-2023-1788/openfhe-install/include/openfhe/binfhe/rgsw-acc-cggi.h
2026-09-02T03:25:07.7318666Z -- Installing: C:/openfhe-2023-1788/openfhe-install/include/openfhe/binfhe/rgsw-acc-dm.h
2026-09-02T03:25:07.7328227Z -- Installing: C:/openfhe-2023-1788/openfhe-install/include/openfhe/binfhe/rgsw-acc-lmkcdey.h
2026-09-02T03:25:07.7335863Z -- Installing: C:/openfhe-2023-1788/openfhe-install/include/openfhe/binfhe/rgsw-acc.h
2026-09-02T03:25:07.7345885Z -- Installing: C:/openfhe-2023-1788/openfhe-install/include/openfhe/binfhe/rgsw-acckey.h
2026-09-02T03:25:07.7352594Z -- Installing: C:/openfhe-2023-1788/openfhe-install/include/openfhe/binfhe/rgsw-cryptoparameters.h
2026-09-02T03:25:07.7359714Z -- Installing: C:/openfhe-2023-1788/openfhe-install/include/openfhe/binfhe/rgsw-evalkey.h
2026-09-02T03:25:07.7369789Z -- Installing: C:/openfhe-2023-1788/openfhe-install/include/openfhe/binfhe/rlwe-ciphertext.h
2026-09-02T03:25:07.7383283Z -- Installing: C:/openfhe-2023-1788/openfhe-install/CMake/OpenFHEConfig.cmake
2026-09-02T03:25:07.7435070Z -- Installing: C:/openfhe-2023-1788/openfhe-install/CMake/OpenFHEConfigVersion.cmake
2026-09-02T03:25:07.7442791Z -- Installing: C:/openfhe-2023-1788/openfhe-install/CMake/OpenFHETargets.cmake
2026-09-02T03:25:07.7495629Z -- Installing: C:/openfhe-2023-1788/openfhe-install/CMake/OpenFHETargets-release.cmake
2026-09-02T03:25:07.7746949Z ##[group]Run prefix="$(cygpath -u "$OPENFHE_PREFIX")"
2026-09-02T03:25:07.7747491Z [36;1mprefix="$(cygpath -u "$OPENFHE_PREFIX")"[0m
2026-09-02T03:25:07.7747865Z [36;1mbuild="$(cygpath -u "$PROJECT_BUILD")"[0m
2026-09-02T03:25:07.7748207Z [36;1mcmake -S . -B "$build" \[0m
2026-09-02T03:25:07.7748531Z [36;1m  -DCMAKE_BUILD_TYPE=Debug \[0m
2026-09-02T03:25:07.7748900Z [36;1m  -DCMAKE_PREFIX_PATH="$prefix"[0m
2026-09-02T03:25:07.7751258Z shell: D:\a\_temp\setup-msys2\msys2.CMD {0}
2026-09-02T03:25:07.7751570Z env:
2026-09-02T03:25:07.7751878Z   OPENFHE_COMMIT: df495ba2e91739a6dc8f1de254fc5a41155ce504
2026-09-02T03:25:07.7752276Z   OPENFHE_PREFIX: C:\openfhe-2023-1788\openfhe-install
2026-09-02T03:25:07.7752618Z   WINDOWS_ROOT: C:\openfhe-2023-1788
2026-09-02T03:25:07.7752941Z   PROJECT_SOURCE: C:\openfhe-2023-1788\cleanroom
2026-09-02T03:25:07.7753287Z   OPENFHE_SOURCE: C:\openfhe-2023-1788\openfhe-src
2026-09-02T03:25:07.7753768Z   OPENFHE_BUILD: C:\openfhe-2023-1788\openfhe-build-33586601051-1
2026-09-02T03:25:07.7754208Z   PROJECT_BUILD: C:\openfhe-2023-1788\project-build-33586601051-1
2026-09-02T03:25:07.7754566Z   MSYSTEM: MINGW64
2026-09-02T03:25:07.7754799Z ##[endgroup]
2026-09-02T03:25:08.1542384Z -- Building for: Ninja
2026-09-02T03:25:08.1542771Z -- The CXX compiler identification is GNU 16.2.0
2026-09-02T03:25:08.1996783Z -- Detecting CXX compiler ABI info
2026-09-02T03:25:08.5964661Z -- Detecting CXX compiler ABI info - done
2026-09-02T03:25:08.6282392Z -- Check for working CXX compiler: D:/a/_temp/msys64/mingw64/bin/c++.exe - skipped
2026-09-02T03:25:08.6286320Z -- Detecting CXX compile features
2026-09-02T03:25:08.6295306Z -- Detecting CXX compile features - done
2026-09-02T03:25:08.6572622Z -- Configuring done (0.6s)
2026-09-02T03:25:08.6847000Z -- Generating done (0.0s)
2026-09-02T03:25:08.6865944Z -- Build files have been written to: C:/openfhe-2023-1788/project-build-33586601051-1
2026-09-02T03:25:08.7125325Z ##[group]Run build="$(cygpath -u "$PROJECT_BUILD")"
2026-09-02T03:25:08.7126138Z [36;1mbuild="$(cygpath -u "$PROJECT_BUILD")"[0m
2026-09-02T03:25:08.7126722Z [36;1mcmake --build "$build" --parallel 2[0m
2026-09-02T03:25:08.7129893Z shell: D:\a\_temp\setup-msys2\msys2.CMD {0}
2026-09-02T03:25:08.7130429Z env:
2026-09-02T03:25:08.7130925Z   OPENFHE_COMMIT: df495ba2e91739a6dc8f1de254fc5a41155ce504
2026-09-02T03:25:08.7131639Z   OPENFHE_PREFIX: C:\openfhe-2023-1788\openfhe-install
2026-09-02T03:25:08.7132242Z   WINDOWS_ROOT: C:\openfhe-2023-1788
2026-09-02T03:25:08.7132823Z   PROJECT_SOURCE: C:\openfhe-2023-1788\cleanroom
2026-09-02T03:25:08.7133469Z   OPENFHE_SOURCE: C:\openfhe-2023-1788\openfhe-src
2026-09-02T03:25:08.7134246Z   OPENFHE_BUILD: C:\openfhe-2023-1788\openfhe-build-33586601051-1
2026-09-02T03:25:08.7135067Z   PROJECT_BUILD: C:\openfhe-2023-1788\project-build-33586601051-1
2026-09-02T03:25:08.7135713Z   MSYSTEM: MINGW64
2026-09-02T03:25:08.7136194Z ##[endgroup]
2026-09-02T03:25:18.4879972Z [1/10] Building CXX object CMakeFiles/openfhe_2023_1788.dir/src/double_ckks.cpp.obj
2026-09-02T03:25:18.5989578Z [2/10] Linking CXX static library libopenfhe_2023_1788.a
2026-09-02T03:25:22.0396435Z [3/10] Building CXX object CMakeFiles/tensor2_api_contract_test.dir/tests/tensor2_api_contract_test.cpp.obj
2026-09-02T03:25:31.0884717Z [4/10] Building CXX object CMakeFiles/dcp_rcb_test.dir/tests/dcp_rcb_test.cpp.obj
2026-09-02T03:25:40.4181204Z [5/10] Building CXX object CMakeFiles/tensor2_test.dir/tests/tensor2_test.cpp.obj
2026-09-02T03:25:40.6829559Z [6/10] Linking CXX executable dcp_rcb_test.exe
2026-09-02T03:25:40.7867231Z [7/10] Linking CXX executable tensor2_api_contract_test.exe
2026-09-02T03:25:41.0136181Z [8/10] Linking CXX executable tensor2_test.exe
2026-09-02T03:25:50.2087826Z [9/10] Building CXX object CMakeFiles/relin2_test.dir/tests/relin2_test.cpp.obj
2026-09-02T03:25:50.4345675Z [10/10] Linking CXX executable relin2_test.exe
2026-09-02T03:25:50.4579858Z ##[group]Run build="$(cygpath -u "$PROJECT_BUILD")"
2026-09-02T03:25:50.4580337Z [36;1mbuild="$(cygpath -u "$PROJECT_BUILD")"[0m
2026-09-02T03:25:50.4580747Z [36;1mcmake --build "$build" --target relin2_api_contract_test --parallel 2[0m
2026-09-02T03:25:50.4582813Z shell: D:\a\_temp\setup-msys2\msys2.CMD {0}
2026-09-02T03:25:50.4583081Z env:
2026-09-02T03:25:50.4583329Z   OPENFHE_COMMIT: df495ba2e91739a6dc8f1de254fc5a41155ce504
2026-09-02T03:25:50.4583687Z   OPENFHE_PREFIX: C:\openfhe-2023-1788\openfhe-install
2026-09-02T03:25:50.4583984Z   WINDOWS_ROOT: C:\openfhe-2023-1788
2026-09-02T03:25:50.4584256Z   PROJECT_SOURCE: C:\openfhe-2023-1788\cleanroom
2026-09-02T03:25:50.4584581Z   OPENFHE_SOURCE: C:\openfhe-2023-1788\openfhe-src
2026-09-02T03:25:50.4584934Z   OPENFHE_BUILD: C:\openfhe-2023-1788\openfhe-build-33586601051-1
2026-09-02T03:25:50.4585338Z   PROJECT_BUILD: C:\openfhe-2023-1788\project-build-33586601051-1
2026-09-02T03:25:50.4585694Z   MSYSTEM: MINGW64
2026-09-02T03:25:50.4585934Z ##[endgroup]
2026-09-02T03:25:53.6952705Z [1/2] Building CXX object CMakeFiles/relin2_api_contract_test.dir/tests/relin2_api_contract_test.cpp.obj
2026-09-02T03:25:53.7825689Z [2/2] Linking CXX executable relin2_api_contract_test.exe
2026-09-02T03:25:53.8039756Z ##[group]Run prefix="$(cygpath -u "$OPENFHE_PREFIX")"
2026-09-02T03:25:53.8040278Z [36;1mprefix="$(cygpath -u "$OPENFHE_PREFIX")"[0m
2026-09-02T03:25:53.8040574Z [36;1mbuild="$(cygpath -u "$PROJECT_BUILD")"[0m
2026-09-02T03:25:53.8040874Z [36;1mexport PATH="$prefix/bin:$prefix/lib:$PATH"[0m
2026-09-02T03:25:53.8041197Z [36;1mctest --test-dir "$build" --output-on-failure[0m
2026-09-02T03:25:53.8043509Z shell: D:\a\_temp\setup-msys2\msys2.CMD {0}
2026-09-02T03:25:53.8043765Z env:
2026-09-02T03:25:53.8043989Z   OPENFHE_COMMIT: df495ba2e91739a6dc8f1de254fc5a41155ce504
2026-09-02T03:25:53.8044319Z   OPENFHE_PREFIX: C:\openfhe-2023-1788\openfhe-install
2026-09-02T03:25:53.8044598Z   WINDOWS_ROOT: C:\openfhe-2023-1788
2026-09-02T03:25:53.8044848Z   PROJECT_SOURCE: C:\openfhe-2023-1788\cleanroom
2026-09-02T03:25:53.8045131Z   OPENFHE_SOURCE: C:\openfhe-2023-1788\openfhe-src
2026-09-02T03:25:53.8045488Z   OPENFHE_BUILD: C:\openfhe-2023-1788\openfhe-build-33586601051-1
2026-09-02T03:25:53.8045890Z   PROJECT_BUILD: C:\openfhe-2023-1788\project-build-33586601051-1
2026-09-02T03:25:53.8046195Z   MSYSTEM: MINGW64
2026-09-02T03:25:53.8046370Z ##[endgroup]
2026-09-02T03:25:54.0175255Z Test project C:/openfhe-2023-1788/project-build-33586601051-1
2026-09-02T03:25:54.0208815Z       Start  1: dcp_rcb
2026-09-02T03:25:54.1164733Z  1/19 Test  #1: dcp_rcb ...................................   Passed    0.09 sec
2026-09-02T03:25:54.1188477Z       Start  2: tensor2_valid_arithmetic_immutability
2026-09-02T03:25:54.1396836Z  2/19 Test  #2: tensor2_valid_arithmetic_immutability .....   Passed    0.02 sec
2026-09-02T03:25:54.1400941Z       Start  3: tensor2_result_scale_contract
2026-09-02T03:25:54.1556565Z  3/19 Test  #3: tensor2_result_scale_contract .............   Passed    0.02 sec
2026-09-02T03:25:54.1560324Z       Start  4: tensor2_right_input_validation
2026-09-02T03:25:54.1697732Z  4/19 Test  #4: tensor2_right_input_validation ............   Passed    0.01 sec
2026-09-02T03:25:54.1701250Z       Start  5: tensor2_mutual_compatibility
2026-09-02T03:25:54.1832039Z  5/19 Test  #5: tensor2_mutual_compatibility ..............   Passed    0.01 sec
2026-09-02T03:25:54.1835304Z       Start  6: tensor2_prearithmetic_key_compatibility
2026-09-02T03:25:54.1983625Z  6/19 Test  #6: tensor2_prearithmetic_key_compatibility ...   Passed    0.01 sec
2026-09-02T03:25:54.1987104Z       Start  7: relin2_tensor_validation_order
2026-09-02T03:25:54.2324669Z  7/19 Test  #7: relin2_tensor_validation_order ............   Passed    0.03 sec
2026-09-02T03:25:54.2328937Z       Start  8: relin2_insufficient_active_basis
2026-09-02T03:25:54.2471208Z  8/19 Test  #8: relin2_insufficient_active_basis ..........   Passed    0.01 sec
2026-09-02T03:25:54.2475287Z       Start  9: relin2_missing_eval_key
2026-09-02T03:25:54.2620221Z  9/19 Test  #9: relin2_missing_eval_key ...................   Passed    0.01 sec
2026-09-02T03:25:54.2623724Z       Start 10: relin2_key_empty
2026-09-02T03:25:54.2771181Z 10/19 Test #10: relin2_key_empty ..........................   Passed    0.01 sec
2026-09-02T03:25:54.2774533Z       Start 11: relin2_key_null_first
2026-09-02T03:25:54.2927122Z 11/19 Test #11: relin2_key_null_first .....................   Passed    0.01 sec
2026-09-02T03:25:54.2930953Z       Start 12: relin2_key_wrong_context
2026-09-02T03:25:54.3107801Z 12/19 Test #12: relin2_key_wrong_context ..................   Passed    0.02 sec
2026-09-02T03:25:54.3111581Z       Start 13: relin2_key_wrong_tag
2026-09-02T03:25:54.3266122Z 13/19 Test #13: relin2_key_wrong_tag ......................   Passed    0.02 sec
2026-09-02T03:25:54.3269410Z       Start 14: relin2_key_wrong_subtype
2026-09-02T03:25:54.3428146Z 14/19 Test #14: relin2_key_wrong_subtype ..................   Passed    0.02 sec
2026-09-02T03:25:54.3431573Z       Start 15: relin2_key_hybrid_a_length
2026-09-02T03:25:54.3649584Z 15/19 Test #15: relin2_key_hybrid_a_length ................   Passed    0.02 sec
2026-09-02T03:25:54.3655000Z       Start 16: relin2_key_hybrid_b_length
2026-09-02T03:25:54.3808362Z 16/19 Test #16: relin2_key_hybrid_b_length ................   Passed    0.02 sec
2026-09-02T03:25:54.3812017Z       Start 17: relin2_key_hybrid_entry_basis
2026-09-02T03:25:54.3970954Z 17/19 Test #17: relin2_key_hybrid_entry_basis .............   Passed    0.02 sec
2026-09-02T03:25:54.3974473Z       Start 18: relin2_key_hybrid_entry_format
2026-09-02T03:25:54.4136536Z 18/19 Test #18: relin2_key_hybrid_entry_format ............   Passed    0.02 sec
2026-09-02T03:25:54.4140289Z       Start 19: relin2_key_bv_zero_digit_a_length
2026-09-02T03:25:54.4289664Z 19/19 Test #19: relin2_key_bv_zero_digit_a_length .........***Failed    0.01 sec
2026-09-02T03:25:54.4290357Z Relin2 test failure: Relin2 BV zero-digit A-vector length threw the wrong exception type: DoubleCKKS: Relin2 is not implemented
2026-09-02T03:25:54.4290803Z 
2026-09-02T03:25:54.4301770Z 
2026-09-02T03:25:54.4302024Z 95% tests passed, 1 tests failed out of 19
2026-09-02T03:25:54.4302362Z 
2026-09-02T03:25:54.4303168Z Total Test time (real) =   0.41 sec
2026-09-02T03:25:54.4303451Z 
2026-09-02T03:25:54.4303709Z The following tests FAILED:
2026-09-02T03:25:54.4320880Z 	 19 - relin2_key_bv_zero_digit_a_length (Failed)
2026-09-02T03:25:54.4329153Z Errors while running CTest
2026-09-02T03:25:54.4438960Z ##[error]Process completed with exit code 8.
2026-09-02T03:25:54.4547437Z Cleaning up orphan processes
