path	bytes	sha256	commit	git_path	git_blob_sha1	integrity_checked	coverage_status	requested_display_ranges	requested_range_count	cited_functions_and_ranges	requirements_or_purpose	lexical_setter_occurrences	constant_profile_index_occurrences	not_covered_or_limit
MANIFEST.json	238553	1dd20ae1b69b342f243ab57c9c7a8cadb9ca6002d5a95cc6d7746a787bdbc0ac				bytes+sha256	HASH_INDEX_ONLY		0			0	0	全文JSON解析与逐文件hash/Git blob核验，不属于算法语义阅读
OFFICIAL_SOURCE_RECEIPT.json	713	814f2fe2c3e5abc62058affe1ae5571c5632272cb9f59561b237ffd4095d3cfe				bytes+sha256	HASH_INDEX_ONLY		0			0	0	未作全文件语义阅读；按本轮当前参数/随机路径范围保留来源索引
TASK.md	12265	70ae31913b3f08de4098133df2d9d0736d43591ac942d695806affabe0d1015b	ddc7c1aee4920a49a4af07c08f693ad147cc590e	coordination/parameter-atlas-20260908/TASK.md	694f55498eab32a350ef22366c105c4b0dc9c719	bytes+sha256+supplied_git_blob_sha1	TARGETED_CONTEXT_DISPLAY	1-96	2		TASK; task-complete-current	0	0	实际请求显示的定点上下文；未将整个文件作为主结论的逐行语义审计；工具截断不能作阅读完成证明
context/coordination/CORRECTNESS_ACCEPTANCE_SCOPE_20260905.md	2268	7c252d3d8693ce98fa4af5f1fe11a00dc9952663262c3e43906710ab2ba273cd	a4b815a733efe81897325e2a8e4c826a4ebfa439	coordination/CORRECTNESS_ACCEPTANCE_SCOPE_20260905.md	d82108c1f130b43e62edcdcc4ba06054434adc8a	bytes+sha256+supplied_git_blob_sha1	HASH_INDEX_ONLY		0			0	0	历史材料仅保留身份；未以未读旧意见代替本轮源码判断
context/coordination/annulus-independent-pro-review-20260908/RETURN_DISPOSITION.md	10842	0cf357d4139719dfe151da237af588dd58f9e17b2e3626581033efe438a89e8a	a4b815a733efe81897325e2a8e4c826a4ebfa439	coordination/annulus-independent-pro-review-20260908/RETURN_DISPOSITION.md	2427cdc842f3b5adccd2cd3f701f0322ae853788	bytes+sha256+supplied_git_blob_sha1	TARGETED_SEMANTIC_SOURCES	1-66	1	H04:root historical review:L28-L58	D:historical independent observer qualifications; relative bits, prior paper findings, evidence limits	0	0	仅引用函数/行域参与定点语义研究；显示请求可能含工具输出截断，不能据此声称全部请求行或整文件逐行审完
context/coordination/annulus-independent-pro-review-20260908/ROOT_REPLAY_230.json	10680	21984b7c87ee1552d61fdc55cd256319312b65b5accc88c53f9f58f2d149244a	a4b815a733efe81897325e2a8e4c826a4ebfa439	coordination/annulus-independent-pro-review-20260908/ROOT_REPLAY_230.json	dffb7a247107d1516e8e3d779c172f80f24361eb	bytes+sha256+supplied_git_blob_sha1	HASH_INDEX_ONLY		0			0	0	历史材料仅保留身份；未以未读旧意见代替本轮源码判断
context/coordination/annulus-independent-pro-review-20260908/pro/REVIEW.md	24660	3da57153dab8501627dba90e3902bcbde20272706cbeb31291870dd53c5a7042	a4b815a733efe81897325e2a8e4c826a4ebfa439	coordination/annulus-independent-pro-review-20260908/pro/REVIEW.md	08aabbff09ed8852d61367f19162a60f8166ef31	bytes+sha256+supplied_git_blob_sha1	TARGETED_SEMANTIC_SOURCES	157-198	1	H06:prior paper discrepancies:L174-L190	D E:compare prior paper-formula findings after our independent algebra; not new production RED	0	0	仅引用函数/行域参与定点语义研究；显示请求可能含工具输出截断，不能据此声称全部请求行或整文件逐行审完
context/coordination/annulus-independent-pro-review-20260908/pro/results/old_s100_230.json	17275	b8b59070e806901102f51d11ef05e11dd271410d38de25a53a728d7a8a482519	a4b815a733efe81897325e2a8e4c826a4ebfa439	coordination/annulus-independent-pro-review-20260908/pro/results/old_s100_230.json	ede09e6701edd3f95faa804c7baaf92b82b224d1	bytes+sha256+supplied_git_blob_sha1	HASH_INDEX_ONLY		0			0	0	历史材料仅保留身份；未以未读旧意见代替本轮源码判断
context/coordination/fs-endpoint-live-run-01/ACCEPTANCE.md	6754	e99b26f5421be3fa205cbd688836ae3902ef5cf74dd8f46ceefa8f5c987ba655	a4b815a733efe81897325e2a8e4c826a4ebfa439	coordination/fs-endpoint-live-run-01/ACCEPTANCE.md	95dd308ee8b59c22f92f98b11d58a562b29e0008	bytes+sha256+supplied_git_blob_sha1	TARGETED_SEMANTIC_SOURCES	1-49	1	H01:original S100 retained acceptance:L1-L35	D:historical original S100 FAIL; historical two-platform E80 FAIL	0	0	仅引用函数/行域参与定点语义研究；显示请求可能含工具输出截断，不能据此声称全部请求行或整文件逐行审完
context/coordination/precision116-eight-square-return-01/ACCEPTANCE.md	4193	823e0994d406bbab8be803d477d5387abcd9cb468f9a940b3652e13b6a764b49	a4b815a733efe81897325e2a8e4c826a4ebfa439	coordination/precision116-eight-square-return-01/ACCEPTANCE.md	0b18f041a26be049e4578928707dd5a175a37fb7	bytes+sha256+supplied_git_blob_sha1	TARGETED_SEMANTIC_SOURCES	1-39	1	H02:candidate acceptance:L1-L35	D:historical S116 acceptance after source-first study; historical changed-parameter PASS	0	0	仅引用函数/行域参与定点语义研究；显示请求可能含工具输出截断，不能据此声称全部请求行或整文件逐行审完
context/coordination/s100-annulus125-20260908/RESULT.zh-CN.md	6673	871727b3c6b3de5017e29ea5df736ccd1b700996464fbd963ce4e7004f3d2c80	a4b815a733efe81897325e2a8e4c826a4ebfa439	coordination/s100-annulus125-20260908/RESULT.zh-CN.md	67a602e36db3dcb92a3975f8945feeecc440551f	bytes+sha256+supplied_git_blob_sha1	TARGETED_SEMANTIC_SOURCES	1-61	1	H03:annulus result:L5-L45	D:historical annulus record and limits; historical changed-input PASS and unresolved scope	0	0	仅引用函数/行域参与定点语义研究；显示请求可能含工具输出截断，不能据此声称全部请求行或整文件逐行审完
context/coordination/s100-fresh-error-repair-01/GREEN2_RESULT.md	6531	c69678643f2644ab5d20a236ec3255c3d261d148510f27db7b2b77179b3c471a	a4b815a733efe81897325e2a8e4c826a4ebfa439	coordination/s100-fresh-error-repair-01/GREEN2_RESULT.md	0f2335742343daf64c3b777327e927b990aa87a1	bytes+sha256+supplied_git_blob_sha1	TARGETED_SEMANTIC_SOURCES	1-38	1	H05:fresh attribution receipt:L11-L32	D:historical fresh error component attribution; encoding/PKE/codec decomposition is not sampler bug	0	0	仅引用函数/行域参与定点语义研究；显示请求可能含工具输出截断，不能据此声称全部请求行或整文件逐行审完
context/coordination/s100-fresh-error-repair-01/PAPER_EXPERIMENT_PROVENANCE.md	8754	7b47bd0cf1c7dc91f68cce4d86c3ce079ee2b6bffadbd21f571c2811b78daf0f	a4b815a733efe81897325e2a8e4c826a4ebfa439	coordination/s100-fresh-error-repair-01/PAPER_EXPERIMENT_PROVENANCE.md	3379323a21ababcc910e398bd6365eaad0948d73	bytes+sha256+supplied_git_blob_sha1	TARGETED_CONTEXT_DISPLAY	1-66	1		D:prior provenance boundary after source review	0	0	实际请求显示的定点上下文；未将整个文件作为主结论的逐行语义审计；工具截断不能作阅读完成证明
official/.gitmodules	473	8ad3c75bb9f9ecfdec82cb22a6b01b7dd4dc6cc3da7f2d44b58b469771d7f262	df495ba2e91739a6dc8f1de254fc5a41155ce504	.gitmodules	1d48fcc2af91614007bcb9e50e465c21bb8326c5	bytes+sha256+supplied_git_blob_sha1	HASH_INDEX_ONLY		0			0	0	随包依赖/通用接口/替代实现；未逐行语义研读；当前关键参数与随机消费者依据其他列明定点源
official/CMakeLists.User.txt	2415	039de856ad1f06505261b44e7f1e0cd8e461f6567af93aaa7565e702f49a6932	df495ba2e91739a6dc8f1de254fc5a41155ce504	CMakeLists.User.txt	10870a7c3a3d9d296634ca9aba28a9330adfd5c6	bytes+sha256+supplied_git_blob_sha1	HASH_INDEX_ONLY		0			0	0	随包依赖/通用接口/替代实现；未逐行语义研读；当前关键参数与随机消费者依据其他列明定点源
official/CMakeLists.txt	35736	b90266337b350d774f28ed0ad03263b5c776c5b288e97690edac4a0cedb97e5d	df495ba2e91739a6dc8f1de254fc5a41155ce504	CMakeLists.txt	88636500b0a7f59a7d9068ead65a1c506b2d6a81	bytes+sha256+supplied_git_blob_sha1	TARGETED_SEMANTIC_SOURCES	60-108;340-378;420-464	3	B02:build options:L67-L104; B03:MATHBACKEND:L354-L378; B04:OpenMP CMake:L427-L464	A:OpenMP native64 backend configuration defaults; OpenMP/native/reduced-noise/nativeopt defaults; compiler flags construction; native64/backend4 request	0	0	仅引用函数/行域参与定点语义研究；显示请求可能含工具输出截断，不能据此声称全部请求行或整文件逐行审完
official/LICENSE	1318	cbef3258df910ea995235c5284e5f8c434f3a3c67002876c61d8d57397bdf930	df495ba2e91739a6dc8f1de254fc5a41155ce504	LICENSE	d9c3a09aa13fb1d4b714621736a5b4703e435214	bytes+sha256+supplied_git_blob_sha1	HASH_INDEX_ONLY		0			0	0	随包依赖/通用接口/替代实现；未逐行语义研读；当前关键参数与随机消费者依据其他列明定点源
official/configure/config_core.in	686	5227ebf16c1b2c57ba162f7a6f7dd0446ac05a38b582fd0a7e40cf953e5394b0	df495ba2e91739a6dc8f1de254fc5a41155ce504	configure/config_core.in	21121c0e478e5d1d8b1db00c2229a49c9b5e4ecd	bytes+sha256+supplied_git_blob_sha1	HASH_INDEX_ONLY		0			0	0	随包依赖/通用接口/替代实现；未逐行语义研读；当前关键参数与随机消费者依据其他列明定点源
official/configure/setup-eclipse-cmake.sh	179	d89ffd6a2f2f36c37cbb21ccafa9bbb79c75e586bc57fe469a0d61e9795528f0	df495ba2e91739a6dc8f1de254fc5a41155ce504	configure/setup-eclipse-cmake.sh	cc35dfd47171d446b23dc8eb1c4ddf06ef5518f5	bytes+sha256+supplied_git_blob_sha1	HASH_INDEX_ONLY		0			0	0	随包依赖/通用接口/替代实现；未逐行语义研读；当前关键参数与随机消费者依据其他列明定点源
official/src/core/CMakeLists.txt	4985	2116e5746e1beacf2384d03a67ca3101c09b7fd4a4e9973171620478fefa4848	df495ba2e91739a6dc8f1de254fc5a41155ce504	src/core/CMakeLists.txt	86c299013eb97f5e737c8216ca361d97504f5e05	bytes+sha256+supplied_git_blob_sha1	HASH_INDEX_ONLY		0			0	0	随包依赖/通用接口/替代实现；未逐行语义研读；当前关键参数与随机消费者依据其他列明定点源
official/src/core/include/README.md	1246	aff1cf5034070d53f39e6c7517a9d639f942a5149f4e7f538e26dc9cb8464282	df495ba2e91739a6dc8f1de254fc5a41155ce504	src/core/include/README.md	d308600647efbf45c4c657915ef73bbb1a110519	bytes+sha256+supplied_git_blob_sha1	HASH_INDEX_ONLY		0			0	0	随包依赖/通用接口/替代实现；未逐行语义研读；当前关键参数与随机消费者依据其他列明定点源
official/src/core/include/lattice/README.md	5388	308f45e088a63e4c3befabb1bca42504a4538c27b3e5c8e0e9593bd99af705c5	df495ba2e91739a6dc8f1de254fc5a41155ce504	src/core/include/lattice/README.md	ea0976f0c8e022e9eea6a2765abeec0831021168	bytes+sha256+supplied_git_blob_sha1	HASH_INDEX_ONLY		0			0	0	随包依赖/通用接口/替代实现；未逐行语义研读；当前关键参数与随机消费者依据其他列明定点源
official/src/core/include/lattice/constants-lattice.h	2531	c28a0db5b7e8db578e0ffdc8042cbaadf4838d55e7bba29681f4353f7ee92b86	df495ba2e91739a6dc8f1de254fc5a41155ce504	src/core/include/lattice/constants-lattice.h	d20698dc3177cd500a7b01dbc6496a835b292981	bytes+sha256+supplied_git_blob_sha1	HASH_INDEX_ONLY		0			0	0	随包依赖/通用接口/替代实现；未逐行语义研读；当前关键参数与随机消费者依据其他列明定点源
official/src/core/include/lattice/dgsampling-impl.h	20273	f444002a9c1cf131581ddb7201ddec2210df4a97d2c9cf2c833ba1442b32a250	df495ba2e91739a6dc8f1de254fc5a41155ce504	src/core/include/lattice/dgsampling-impl.h	7a2a3cc9789e52a58b1a25b4dfb0cc7c601cccdb	bytes+sha256+supplied_git_blob_sha1	HASH_INDEX_ONLY		0			0	0	随包依赖/通用接口/替代实现；未逐行语义研读；当前关键参数与随机消费者依据其他列明定点源
official/src/core/include/lattice/dgsampling.h	8450	8b67a8239471452e2edbc9cb04c2881483b67529b85d6e8a0bd10f14341dfd96	df495ba2e91739a6dc8f1de254fc5a41155ce504	src/core/include/lattice/dgsampling.h	07c6a7f37ed7faadc0eb4159f2f0f29644a2b751	bytes+sha256+supplied_git_blob_sha1	HASH_INDEX_ONLY		0			0	0	随包依赖/通用接口/替代实现；未逐行语义研读；当前关键参数与随机消费者依据其他列明定点源
official/src/core/include/lattice/field2n-impl.h	12339	a97aa865adcd4a7f94ffc79ca1b5c78afc34ef561eb6933c8ff1280885752652	df495ba2e91739a6dc8f1de254fc5a41155ce504	src/core/include/lattice/field2n-impl.h	4212ffa4ef1a17d39a9c68ca699790eb2e75ae23	bytes+sha256+supplied_git_blob_sha1	HASH_INDEX_ONLY		0			0	0	随包依赖/通用接口/替代实现；未逐行语义研读；当前关键参数与随机消费者依据其他列明定点源
official/src/core/include/lattice/field2n.h	10740	d7f7bfcff8165f36bb1b966a4d5e036140f11920f4193295507f1e438833439c	df495ba2e91739a6dc8f1de254fc5a41155ce504	src/core/include/lattice/field2n.h	8d567616c824ecfa16259b98f5ab20760ebf1c8e	bytes+sha256+supplied_git_blob_sha1	HASH_INDEX_ONLY		0			0	0	随包依赖/通用接口/替代实现；未逐行语义研读；当前关键参数与随机消费者依据其他列明定点源
official/src/core/include/lattice/hal/README.md	478	53a1c6f8b9e7a70d672ab0c143e4209fbd57a8c39db911a208f9a74bf0dc88de	df495ba2e91739a6dc8f1de254fc5a41155ce504	src/core/include/lattice/hal/README.md	c5a0322f93e331e831663caa3dbb9f5c1280bc22	bytes+sha256+supplied_git_blob_sha1	HASH_INDEX_ONLY		0			0	0	随包依赖/通用接口/替代实现；未逐行语义研读；当前关键参数与随机消费者依据其他列明定点源
official/src/core/include/lattice/hal/dcrtpoly-interface.h	62733	281a0d11ef4f92306547bc4f88c8ace17b3393fdb72aa949713d332103efa0a2	df495ba2e91739a6dc8f1de254fc5a41155ce504	src/core/include/lattice/hal/dcrtpoly-interface.h	5991119adf4bf5496e9954fca922d88342b69f91	bytes+sha256+supplied_git_blob_sha1	HASH_INDEX_ONLY		0			0	0	随包依赖/通用接口/替代实现；未逐行语义研读；当前关键参数与随机消费者依据其他列明定点源
official/src/core/include/lattice/hal/default/dcrtpoly-impl.h	90376	31a9cab8e31d5ad46921ec422ec3b4cfa1b013a5d64da1cae9e53cafe884ec41	df495ba2e91739a6dc8f1de254fc5a41155ce504	src/core/include/lattice/hal/default/dcrtpoly-impl.h	7180e8d24fa7d604495adbe1ffaa45955498fb3a	bytes+sha256+supplied_git_blob_sha1	TARGETED_SEMANTIC_SOURCES	40-230;680-742;888-1042	5	R12:DCRTPoly sampler constructors:L126-L193; N01:DropLastElements / DropLastElementAndScale:L680-L711; N02:ApproxSwitchCRTBasis / ApproxModDown:L888-L1004	A-B-hybrid-basis-complete; B-C; C:rounded division and HYBRID deterministic basis arithmetic; HYBRID integer basis operations and reduced-noise branch; small polynomial shared across towers; uniform independent; true last-tower centered divide	0	0	仅引用函数/行域参与定点语义研究；显示请求可能含工具输出截断，不能据此声称全部请求行或整文件逐行审完
official/src/core/include/lattice/hal/default/dcrtpoly.h	20712	41ac8f33d8f777f7db093c045aecc7c40432a89ace8df62963944cfd04432c97	df495ba2e91739a6dc8f1de254fc5a41155ce504	src/core/include/lattice/hal/default/dcrtpoly.h	2c5229fc66a21b8c91a8323e4947b23077bcb626	bytes+sha256+supplied_git_blob_sha1	HASH_INDEX_ONLY		0			0	0	随包依赖/通用接口/替代实现；未逐行语义研读；当前关键参数与随机消费者依据其他列明定点源
official/src/core/include/lattice/hal/default/ildcrtparams.h	14962	e530217069706ad970c53caad4edbcaeb8ea8ef38fbd613c1062fbebcbba35eb	df495ba2e91739a6dc8f1de254fc5a41155ce504	src/core/include/lattice/hal/default/ildcrtparams.h	cc15bc08468a6981f74d053f8e66d58ce12df253	bytes+sha256+supplied_git_blob_sha1	HASH_INDEX_ONLY		0			0	0	随包依赖/通用接口/替代实现；未逐行语义研读；当前关键参数与随机消费者依据其他列明定点源
official/src/core/include/lattice/hal/default/ilparams.h	6072	40b7f34ef5186b013df015884f646bc9931f9797726c614cfda05d30556365c1	df495ba2e91739a6dc8f1de254fc5a41155ce504	src/core/include/lattice/hal/default/ilparams.h	b3ad215cde6f21f60b02d56ce98994ccae6d4c97	bytes+sha256+supplied_git_blob_sha1	HASH_INDEX_ONLY		0			0	0	随包依赖/通用接口/替代实现；未逐行语义研读；当前关键参数与随机消费者依据其他列明定点源
official/src/core/include/lattice/hal/default/poly-impl.h	21824	04cd20f4e186c0c313f422f2d70c408f4e213989a45ed56645f887583a12567d	df495ba2e91739a6dc8f1de254fc5a41155ce504	src/core/include/lattice/hal/default/poly-impl.h	909c252b541a2e35e5933817d0e7f3c493ebe1e8	bytes+sha256+supplied_git_blob_sha1	TARGETED_SEMANTIC_SOURCES	395-440	1	N03:SwitchModulus / SwitchFormat:L399-L440	C:coefficient lift and native NTT dispatch; centered lift and native bit-reversed NTT	0	0	仅引用函数/行域参与定点语义研究；显示请求可能含工具输出截断，不能据此声称全部请求行或整文件逐行审完
official/src/core/include/lattice/hal/default/poly.h	14599	a8e2f1dea066166e41ed8db12ee703dcc97e8377d8ac329769e61c43dfe193d4	df495ba2e91739a6dc8f1de254fc5a41155ce504	src/core/include/lattice/hal/default/poly.h	4a62ebc7ad6017b6594589e75863e549ea0a16a2	bytes+sha256+supplied_git_blob_sha1	HASH_INDEX_ONLY		0			0	0	随包依赖/通用接口/替代实现；未逐行语义研读；当前关键参数与随机消费者依据其他列明定点源
official/src/core/include/lattice/hal/elemparams.h	10664	5ee08b4c8bc622050f28666af323617179608ca1fbbe924d10172613545d893d	df495ba2e91739a6dc8f1de254fc5a41155ce504	src/core/include/lattice/hal/elemparams.h	7521b3428e7eea563af7753ce5bd8bb7d10426c9	bytes+sha256+supplied_git_blob_sha1	HASH_INDEX_ONLY		0			0	0	随包依赖/通用接口/替代实现；未逐行语义研读；当前关键参数与随机消费者依据其他列明定点源
official/src/core/include/lattice/hal/lat-backend.h	3766	ab188dcbeedce4a8373365df78421a14ce0e6b2fc461c71e41d2aff6a5e61f51	df495ba2e91739a6dc8f1de254fc5a41155ce504	src/core/include/lattice/hal/lat-backend.h	b09d3d5eccf49663aaee8582db2f4a605de2584a	bytes+sha256+supplied_git_blob_sha1	HASH_INDEX_ONLY		0			0	0	随包依赖/通用接口/替代实现；未逐行语义研读；当前关键参数与随机消费者依据其他列明定点源
official/src/core/include/lattice/hal/poly-interface.h	25148	5773c7c631f3b5dd8e0a4b55939f1b2e5180bbd76b9bb2266de0921544006bae	df495ba2e91739a6dc8f1de254fc5a41155ce504	src/core/include/lattice/hal/poly-interface.h	c96215a7119552de2ba7c813e5a5678dd194bee6	bytes+sha256+supplied_git_blob_sha1	HASH_INDEX_ONLY		0			0	0	随包依赖/通用接口/替代实现；未逐行语义研读；当前关键参数与随机消费者依据其他列明定点源
official/src/core/include/lattice/ilelement.h	14529	8a0c259a025dad15d75ec6ba0054f4af6dacc496cd504591e43b7af4ed6f32ca	df495ba2e91739a6dc8f1de254fc5a41155ce504	src/core/include/lattice/ilelement.h	7d436768130e505b2cedc96b6611672fccac9d4a	bytes+sha256+supplied_git_blob_sha1	HASH_INDEX_ONLY		0			0	0	随包依赖/通用接口/替代实现；未逐行语义研读；当前关键参数与随机消费者依据其他列明定点源
official/src/core/include/lattice/lat-hal.h	1794	cdf2063d7858b5ecadee05cd479dd9e1857d24a6d95ea09e0d05e982dd4a5eee	df495ba2e91739a6dc8f1de254fc5a41155ce504	src/core/include/lattice/lat-hal.h	72274300af1195c3c6bc21c473a36b4c87c40223	bytes+sha256+supplied_git_blob_sha1	HASH_INDEX_ONLY		0			0	0	随包依赖/通用接口/替代实现；未逐行语义研读；当前关键参数与随机消费者依据其他列明定点源
official/src/core/include/lattice/matrix-lattice-impl.h	7127	a1b12d3ada5945a0685988ce6abb51ab852672b354f8721a31f3ef1c767d7c52	df495ba2e91739a6dc8f1de254fc5a41155ce504	src/core/include/lattice/matrix-lattice-impl.h	5e63a04c49426191137ae54af31229f47ac72364	bytes+sha256+supplied_git_blob_sha1	HASH_INDEX_ONLY		0			0	0	随包依赖/通用接口/替代实现；未逐行语义研读；当前关键参数与随机消费者依据其他列明定点源
official/src/core/include/lattice/stdlatticeparms.h	6145	fb1a3595658d2ff3968ac34ba22f1c4449ca65aa6adf5e77b1988848dd628aa1	df495ba2e91739a6dc8f1de254fc5a41155ce504	src/core/include/lattice/stdlatticeparms.h	7d54c5e61aefd8514b0ce297ae4fc307f7779106	bytes+sha256+supplied_git_blob_sha1	HASH_INDEX_ONLY		0			0	0	随包依赖/通用接口/替代实现；未逐行语义研读；当前关键参数与随机消费者依据其他列明定点源
official/src/core/include/lattice/trapdoor-impl.h	10174	581ab868f2011a3d556912ee30e0c7559302f8464155239e29b0fee92a048ef4	df495ba2e91739a6dc8f1de254fc5a41155ce504	src/core/include/lattice/trapdoor-impl.h	b333178545c9b4fe0825520986b5086d467c8468	bytes+sha256+supplied_git_blob_sha1	HASH_INDEX_ONLY		0			0	0	随包依赖/通用接口/替代实现；未逐行语义研读；当前关键参数与随机消费者依据其他列明定点源
official/src/core/include/lattice/trapdoor.h	19346	1415baeb978cc72a3d67eba6d7ba8ee1da4692840cb68ea5fb18c4d7298ebbf3	df495ba2e91739a6dc8f1de254fc5a41155ce504	src/core/include/lattice/trapdoor.h	d32b036fab56729d314791a0f1e9432e0fcddffe	bytes+sha256+supplied_git_blob_sha1	HASH_INDEX_ONLY		0			0	0	随包依赖/通用接口/替代实现；未逐行语义研读；当前关键参数与随机消费者依据其他列明定点源
official/src/core/include/lattice/trapdoorparameters.h	8450	58a4b50cf19fe2ebddcbda43897cebace8a4966149f47ab9c1a8ce7d5302a146	df495ba2e91739a6dc8f1de254fc5a41155ce504	src/core/include/lattice/trapdoorparameters.h	1de71af8f50d4b8d0ebd8e15498118558555cff1	bytes+sha256+supplied_git_blob_sha1	HASH_INDEX_ONLY		0			0	0	随包依赖/通用接口/替代实现；未逐行语义研读；当前关键参数与随机消费者依据其他列明定点源
official/src/core/include/math/README.md	2494	959db1fe7dd9a0372f5f82c4e2e65a7a0204426e992179b6a5271d5862c252ff	df495ba2e91739a6dc8f1de254fc5a41155ce504	src/core/include/math/README.md	f715910b696b6c3272c62fcb0dec68d673cbc062	bytes+sha256+supplied_git_blob_sha1	HASH_INDEX_ONLY		0			0	0	随包依赖/通用接口/替代实现；未逐行语义研读；当前关键参数与随机消费者依据其他列明定点源
official/src/core/include/math/SAMPLING_README.md	7994	a5e38b2767b6d1376d9acc5b34181125327a37deacd40f389f62bf7e1d1ee8b5	df495ba2e91739a6dc8f1de254fc5a41155ce504	src/core/include/math/SAMPLING_README.md	2b848026f6daf00305e4d7eb88b6838971374da3	bytes+sha256+supplied_git_blob_sha1	HASH_INDEX_ONLY		0			0	0	随包依赖/通用接口/替代实现；未逐行语义研读；当前关键参数与随机消费者依据其他列明定点源
official/src/core/include/math/binaryuniformgenerator-impl.h	2795	acad598ade7a15600437cf0a7d8b17a2c9033dc4b7ce32645c7b4fe3832ac604	df495ba2e91739a6dc8f1de254fc5a41155ce504	src/core/include/math/binaryuniformgenerator-impl.h	d9080b9152182396157eccb7602a03373a608237	bytes+sha256+supplied_git_blob_sha1	TARGETED_SEMANTIC_SOURCES	40-67	1	R08:GenerateVector:L40-L67	B; binary Bernoulli alternative	0	0	仅引用函数/行域参与定点语义研究；显示请求可能含工具输出截断，不能据此声称全部请求行或整文件逐行审完
official/src/core/include/math/binaryuniformgenerator.h	3057	2eebfc2db60f412e4814d6dba53b75ee155dae1d5e66636707624aa24f732d6d	df495ba2e91739a6dc8f1de254fc5a41155ce504	src/core/include/math/binaryuniformgenerator.h	e254cab1b911d19350c64b5baa316674a66bc152	bytes+sha256+supplied_git_blob_sha1	HASH_INDEX_ONLY		0			0	0	随包依赖/通用接口/替代实现；未逐行语义研读；当前关键参数与随机消费者依据其他列明定点源
official/src/core/include/math/chebyshev.h	3540	37f32ec928c7166a5938eae3691fc4fc46ca70ecc54b9a22a5516de8850c0ced	df495ba2e91739a6dc8f1de254fc5a41155ce504	src/core/include/math/chebyshev.h	9df88e129eeabbe34bd020d40c481518e2f83345	bytes+sha256+supplied_git_blob_sha1	HASH_INDEX_ONLY		0			0	0	随包依赖/通用接口/替代实现；未逐行语义研读；当前关键参数与随机消费者依据其他列明定点源
official/src/core/include/math/dftransform.h	4719	7492b8d882a421aa3fa28c2dc2d24548bc914d83e04a719e89c0ff7176dde900	df495ba2e91739a6dc8f1de254fc5a41155ce504	src/core/include/math/dftransform.h	d4ed3000c11618102aa5415c8561809d3aad0273	bytes+sha256+supplied_git_blob_sha1	HASH_INDEX_ONLY		0			0	0	随包依赖/通用接口/替代实现；未逐行语义研读；当前关键参数与随机消费者依据其他列明定点源
official/src/core/include/math/discretegaussiangenerator-impl.h	11741	57e5d0f640f40c4266e2fa1c9795ab874e941725b4cf3bd8129c878e8781b71d	df495ba2e91739a6dc8f1de254fc5a41155ce504	src/core/include/math/discretegaussiangenerator-impl.h	1e6918a571cfe0c79122f9f461f065b43ed30f33	bytes+sha256+supplied_git_blob_sha1	TARGETED_SEMANTIC_SOURCES	40-210	3	R11:SetStd / Initialize / GenerateIntVector:L40-L184	B; B-gaussian-actual; B:actual Peikert support, CDF and scalar/vector branches; Peikert truncated inverse CDF / Karney threshold	0	0	仅引用函数/行域参与定点语义研究；显示请求可能含工具输出截断，不能据此声称全部请求行或整文件逐行审完
official/src/core/include/math/discretegaussiangenerator.h	10445	52d1168f6427a153c32424579b9a0964ef17500be19ffb98e8febf5d0f1e86fd	df495ba2e91739a6dc8f1de254fc5a41155ce504	src/core/include/math/discretegaussiangenerator.h	0ea5a453b757087265a4cb609b232a2abc6350df	bytes+sha256+supplied_git_blob_sha1	TARGETED_SEMANTIC_SOURCES	65-185	1	R10:DiscreteGaussianGeneratorImpl:L83-L104	A-B; default sigma1.0	0	0	仅引用函数/行域参与定点语义研究；显示请求可能含工具输出截断，不能据此声称全部请求行或整文件逐行审完
official/src/core/include/math/discretegaussiangeneratorgeneric.h	13233	db9eda24fc1e3e632cddcf8f5ce4bacc2efb7dfe0e5613dbcbfb13aecc881586	df495ba2e91739a6dc8f1de254fc5a41155ce504	src/core/include/math/discretegaussiangeneratorgeneric.h	a07f2a9b706fbd6120e3e96ba7494d20ee2b4d1b	bytes+sha256+supplied_git_blob_sha1	HASH_INDEX_ONLY		0			0	0	随包依赖/通用接口/替代实现；未逐行语义研读；当前关键参数与随机消费者依据其他列明定点源
official/src/core/include/math/discreteuniformgenerator-impl.h	4210	6d0e5a6420864d4821b43c8047f50d39e44ba12cf97a63ce3a7847b8b26ba9fe	df495ba2e91739a6dc8f1de254fc5a41155ce504	src/core/include/math/discreteuniformgenerator-impl.h	410845c9778901bac9dd16a1aa48b23e51263ce1	bytes+sha256+supplied_git_blob_sha1	TARGETED_SEMANTIC_SOURCES	40-102	1	R09:GenerateInteger / GenerateVector:L40-L102	B; uniform q rejection sampling	0	0	仅引用函数/行域参与定点语义研究；显示请求可能含工具输出截断，不能据此声称全部请求行或整文件逐行审完
official/src/core/include/math/discreteuniformgenerator.h	3507	e14ab69c22c4a92cdbd3f7002091c285095fe4053a83c04ef99dc59fa6bd7677	df495ba2e91739a6dc8f1de254fc5a41155ce504	src/core/include/math/discreteuniformgenerator.h	61c1a6503b468c3760eee3207fb281e089c0a747	bytes+sha256+supplied_git_blob_sha1	HASH_INDEX_ONLY		0			0	0	随包依赖/通用接口/替代实现；未逐行语义研读；当前关键参数与随机消费者依据其他列明定点源
official/src/core/include/math/distrgen.h	2207	5110cb06e6ab547dc4604e9fe3d35ab8c5ecd404413d710ab9cc39a8095acf10	df495ba2e91739a6dc8f1de254fc5a41155ce504	src/core/include/math/distrgen.h	5bb56349844f08cb99848d792179ef2b86cb9540	bytes+sha256+supplied_git_blob_sha1	HASH_INDEX_ONLY		0			0	0	随包依赖/通用接口/替代实现；未逐行语义研读；当前关键参数与随机消费者依据其他列明定点源
official/src/core/include/math/distributiongenerator.h	3528	807d4cb7134fa31ca20dfe7932622d6afb558ec6ed1f0389545fec8eb81bdfd3	df495ba2e91739a6dc8f1de254fc5a41155ce504	src/core/include/math/distributiongenerator.h	2c90884fc977931b00073801806ec1b7aa534634	bytes+sha256+supplied_git_blob_sha1	TARGETED_SEMANTIC_SOURCES	35-87	1	R02:PseudoRandomNumberGenerator:L35-L87	B; OpenMP threadprivate versus thread_local	0	0	仅引用函数/行域参与定点语义研究；显示请求可能含工具输出截断，不能据此声称全部请求行或整文件逐行审完
official/src/core/include/math/hal/basicint.h	2849	c3c7282f4a77e986e4a36f9daa3d73695ad6381c3e6328116b829b44a4906ef0	df495ba2e91739a6dc8f1de254fc5a41155ce504	src/core/include/math/hal/basicint.h	0332e35452c237309c5294eeb283565c9e41e347	bytes+sha256+supplied_git_blob_sha1	HASH_INDEX_ONLY		0			0	0	随包依赖/通用接口/替代实现；未逐行语义研读；当前关键参数与随机消费者依据其他列明定点源
official/src/core/include/math/hal/bigintbackend.h	3181	514b155c7ac8fdc61be55dc14d059f3871fc9b529d177ac1cca49d58a22bea15	df495ba2e91739a6dc8f1de254fc5a41155ce504	src/core/include/math/hal/bigintbackend.h	f153eae5c9cd27d636762f2b84359a32f6908921	bytes+sha256+supplied_git_blob_sha1	HASH_INDEX_ONLY		0			0	0	随包依赖/通用接口/替代实现；未逐行语义研读；当前关键参数与随机消费者依据其他列明定点源
official/src/core/include/math/hal/bigintdyn/backenddyn.h	2631	74d0265fb2b8e89525fdce927cf0461819930ab56cf2a515ab78c3adce9f6659	df495ba2e91739a6dc8f1de254fc5a41155ce504	src/core/include/math/hal/bigintdyn/backenddyn.h	35c4da3f346e609b2312a15706333932b8210352	bytes+sha256+supplied_git_blob_sha1	HASH_INDEX_ONLY		0			0	0	随包依赖/通用接口/替代实现；未逐行语义研读；当前关键参数与随机消费者依据其他列明定点源
official/src/core/include/math/hal/bigintdyn/mubintvecdyn.h	20744	fc55f85e867fc89ec83911f213f99cd3d8ce76122500fae437a3b7f60d6b3df0	df495ba2e91739a6dc8f1de254fc5a41155ce504	src/core/include/math/hal/bigintdyn/mubintvecdyn.h	554f2bbccfdc6cc247e04f0fec8fdae732fca4aa	bytes+sha256+supplied_git_blob_sha1	HASH_INDEX_ONLY		0			0	0	随包依赖/通用接口/替代实现；未逐行语义研读；当前关键参数与随机消费者依据其他列明定点源
official/src/core/include/math/hal/bigintdyn/transformdyn-impl.h	51529	db77d8e9c6df757950f54a899a351828109366b4bbcec121b6edd9e22fba4fd3	df495ba2e91739a6dc8f1de254fc5a41155ce504	src/core/include/math/hal/bigintdyn/transformdyn-impl.h	55cc6917c244238289f9465884c29fcb7fb8380f	bytes+sha256+supplied_git_blob_sha1	HASH_INDEX_ONLY		0			0	0	随包依赖/通用接口/替代实现；未逐行语义研读；当前关键参数与随机消费者依据其他列明定点源
official/src/core/include/math/hal/bigintdyn/transformdyn.h	27611	7ce324c11371047710efd1dd130ea7056d95795e10aca8d35f777f291f6c4c9b	df495ba2e91739a6dc8f1de254fc5a41155ce504	src/core/include/math/hal/bigintdyn/transformdyn.h	2167a3c6402240fd58c79747dbfea92cb65719ab	bytes+sha256+supplied_git_blob_sha1	HASH_INDEX_ONLY		0			0	0	随包依赖/通用接口/替代实现；未逐行语义研读；当前关键参数与随机消费者依据其他列明定点源
official/src/core/include/math/hal/bigintdyn/ubintdyn.h	31281	08c6a8e7b18d3198d361ac3ad7535bc38e4dfdda4993d1e1a89145b07dcef018	df495ba2e91739a6dc8f1de254fc5a41155ce504	src/core/include/math/hal/bigintdyn/ubintdyn.h	d6c96a9d3c3fe9568ca39de1a725c3cd6582ebaa	bytes+sha256+supplied_git_blob_sha1	HASH_INDEX_ONLY		0			0	0	随包依赖/通用接口/替代实现；未逐行语义研读；当前关键参数与随机消费者依据其他列明定点源
official/src/core/include/math/hal/bigintfxd/backendfxd.h	2665	1e6931744daf6901939a94059f6941d56d332e337d4df9be1a3b34a1cc23c26d	df495ba2e91739a6dc8f1de254fc5a41155ce504	src/core/include/math/hal/bigintfxd/backendfxd.h	a2e877b3cd27898e5637c64bfad5321f1449e810	bytes+sha256+supplied_git_blob_sha1	HASH_INDEX_ONLY		0			0	0	随包依赖/通用接口/替代实现；未逐行语义研读；当前关键参数与随机消费者依据其他列明定点源
official/src/core/include/math/hal/bigintfxd/mubintvecfxd.h	19768	e7c36dbe0a95c03f36be120f0cd1b4b388c24001d8320e21cdde11e982513e1f	df495ba2e91739a6dc8f1de254fc5a41155ce504	src/core/include/math/hal/bigintfxd/mubintvecfxd.h	968c80b5f5fe86cb00f4108192c5fff5d0aa2121	bytes+sha256+supplied_git_blob_sha1	HASH_INDEX_ONLY		0			0	0	随包依赖/通用接口/替代实现；未逐行语义研读；当前关键参数与随机消费者依据其他列明定点源
official/src/core/include/math/hal/bigintfxd/transformfxd-impl.h	51570	4afe2404506cf70ecf6a379decfeb6f0e1864ad081cd5696bca14e8fa5c27788	df495ba2e91739a6dc8f1de254fc5a41155ce504	src/core/include/math/hal/bigintfxd/transformfxd-impl.h	1b1e725c8105dc93bca29146122c2ce2eb49fd42	bytes+sha256+supplied_git_blob_sha1	HASH_INDEX_ONLY		0			0	0	随包依赖/通用接口/替代实现；未逐行语义研读；当前关键参数与随机消费者依据其他列明定点源
official/src/core/include/math/hal/bigintfxd/transformfxd.h	27600	c4d04f18558acb426b09394dfeadcabfaf651bfd6df740a353dcda216fa1d69c	df495ba2e91739a6dc8f1de254fc5a41155ce504	src/core/include/math/hal/bigintfxd/transformfxd.h	69b028015155d8850550e3da55ecb03bf0a13748	bytes+sha256+supplied_git_blob_sha1	HASH_INDEX_ONLY		0			0	0	随包依赖/通用接口/替代实现；未逐行语义研读；当前关键参数与随机消费者依据其他列明定点源
official/src/core/include/math/hal/bigintfxd/ubintfxd.h	40154	65d58af85fdd7f5d6aa80a240fa9f539bc857dccd33d54235c98ced16551c964	df495ba2e91739a6dc8f1de254fc5a41155ce504	src/core/include/math/hal/bigintfxd/ubintfxd.h	d4927253211321cc4714380b2ceb572f5e77cde3	bytes+sha256+supplied_git_blob_sha1	HASH_INDEX_ONLY		0			0	0	随包依赖/通用接口/替代实现；未逐行语义研读；当前关键参数与随机消费者依据其他列明定点源
official/src/core/include/math/hal/bigintntl/backendntl.h	2781	87297fb8d0d157eda5f22d1971de9d176043cb981a1f3fb05684d3a40faa8b5d	df495ba2e91739a6dc8f1de254fc5a41155ce504	src/core/include/math/hal/bigintntl/backendntl.h	000b1f2ee806709f23b8b5d79c0470fec2b57ef5	bytes+sha256+supplied_git_blob_sha1	HASH_INDEX_ONLY		0			0	0	随包依赖/通用接口/替代实现；未逐行语义研读；当前关键参数与随机消费者依据其他列明定点源
official/src/core/include/math/hal/bigintntl/mubintvecntl.h	24409	1e2871d2cac6df2a35bfcb996960c5dbd1a3702d1f88b573e14ef7636069ebd6	df495ba2e91739a6dc8f1de254fc5a41155ce504	src/core/include/math/hal/bigintntl/mubintvecntl.h	e067ce2140e22c1258c7d1ec4bf5e8ef4a4bfc15	bytes+sha256+supplied_git_blob_sha1	HASH_INDEX_ONLY		0			0	0	随包依赖/通用接口/替代实现；未逐行语义研读；当前关键参数与随机消费者依据其他列明定点源
official/src/core/include/math/hal/bigintntl/transformntl-impl.h	51299	83125ff33fea06cb6221763fd2165d621c3de1af3ead4051d19cc29a1ba5baeb	df495ba2e91739a6dc8f1de254fc5a41155ce504	src/core/include/math/hal/bigintntl/transformntl-impl.h	0afa9bc7e516689697443b47525b5b86ef43d8e8	bytes+sha256+supplied_git_blob_sha1	HASH_INDEX_ONLY		0			0	0	随包依赖/通用接口/替代实现；未逐行语义研读；当前关键参数与随机消费者依据其他列明定点源
official/src/core/include/math/hal/bigintntl/transformntl.h	27875	352ac9c45673ef6d8cb836b74544b3bdf67692d201d0e71b6740c49cdfab4529	df495ba2e91739a6dc8f1de254fc5a41155ce504	src/core/include/math/hal/bigintntl/transformntl.h	c551efe1f9f48fc377db53b9c916da57572fb440	bytes+sha256+supplied_git_blob_sha1	HASH_INDEX_ONLY		0			0	0	随包依赖/通用接口/替代实现；未逐行语义研读；当前关键参数与随机消费者依据其他列明定点源
official/src/core/include/math/hal/bigintntl/ubintntl.h	33775	2991c77e3829eb9e3d316988bbc26cfafba80620281f6c60c6956054d9c4ed21	df495ba2e91739a6dc8f1de254fc5a41155ce504	src/core/include/math/hal/bigintntl/ubintntl.h	e98f1e447ffb7d274c6031ff10f79a9afa2e2247	bytes+sha256+supplied_git_blob_sha1	HASH_INDEX_ONLY		0			0	0	随包依赖/通用接口/替代实现；未逐行语义研读；当前关键参数与随机消费者依据其他列明定点源
official/src/core/include/math/hal/integer.h	14247	854485a7de8de25db390641ec63758a405d4e1633e67a9a26c4ba62d0e7795c3	df495ba2e91739a6dc8f1de254fc5a41155ce504	src/core/include/math/hal/integer.h	e92ba9623eab7274d3564437e985013f9f946f52	bytes+sha256+supplied_git_blob_sha1	HASH_INDEX_ONLY		0			0	0	随包依赖/通用接口/替代实现；未逐行语义研读；当前关键参数与随机消费者依据其他列明定点源
official/src/core/include/math/hal/intnat/mubintvecnat.h	25562	3ac888c8165194a627822101d2a9f10ec8d3135e7e2eae8a91c92cb808793889	df495ba2e91739a6dc8f1de254fc5a41155ce504	src/core/include/math/hal/intnat/mubintvecnat.h	173023302861cb6808c024242ec575e190dcca83	bytes+sha256+supplied_git_blob_sha1	HASH_INDEX_ONLY		0			0	0	随包依赖/通用接口/替代实现；未逐行语义研读；当前关键参数与随机消费者依据其他列明定点源
official/src/core/include/math/hal/intnat/transformnat-impl.h	53560	c706a544fa3feb45114c09c1fc6314631db52464cf660541755510c456cb7fae	df495ba2e91739a6dc8f1de254fc5a41155ce504	src/core/include/math/hal/intnat/transformnat-impl.h	b52d59d52340b802d7fd267dc46aecf9526270c6	bytes+sha256+supplied_git_blob_sha1	TARGETED_SEMANTIC_SOURCES	645-775	7	N04:ChineseRemainderTransformFTTNat:L648-L775	A D E:NTT primitive and cache key identity; C:NTT route locations; primitive root tables indexed only by modulus and size	0	0	仅引用函数/行域参与定点语义研究；显示请求可能含工具输出截断，不能据此声称全部请求行或整文件逐行审完
official/src/core/include/math/hal/intnat/transformnat.h	27831	ab6a1b4b18b98f42e3a9ecb754cda0848c202e0949eb5ca5d0573846d290617a	df495ba2e91739a6dc8f1de254fc5a41155ce504	src/core/include/math/hal/intnat/transformnat.h	4370165d629dd0cfee80307eddcbb28222dc8972	bytes+sha256+supplied_git_blob_sha1	HASH_INDEX_ONLY		0			0	0	随包依赖/通用接口/替代实现；未逐行语义研读；当前关键参数与随机消费者依据其他列明定点源
official/src/core/include/math/hal/intnat/ubintnat.h	71551	22d49038f1b63a88a2da0fd13941b11bd2a255c1dd3e65304600992324b9080a	df495ba2e91739a6dc8f1de254fc5a41155ce504	src/core/include/math/hal/intnat/ubintnat.h	31a55412a1b2a2eb6470ff0faad39b546cdaefc2	bytes+sha256+supplied_git_blob_sha1	HASH_INDEX_ONLY		0			0	0	随包依赖/通用接口/替代实现；未逐行语义研读；当前关键参数与随机消费者依据其他列明定点源
official/src/core/include/math/hal/nativeintbackend.h	2108	e6f2e3a67f9c16915dc86543346a92c6ac83671a83dcce26637dbd016a130441	df495ba2e91739a6dc8f1de254fc5a41155ce504	src/core/include/math/hal/nativeintbackend.h	da197ce31823fd1e13c75c9bf3cd0fbe9cee5286	bytes+sha256+supplied_git_blob_sha1	HASH_INDEX_ONLY		0			0	0	随包依赖/通用接口/替代实现；未逐行语义研读；当前关键参数与随机消费者依据其他列明定点源
official/src/core/include/math/hal/transform.h	12197	9ec21bcaa2f612da6654620c1214f1a86d7bfa19a688951dab6936d29b1e4bb0	df495ba2e91739a6dc8f1de254fc5a41155ce504	src/core/include/math/hal/transform.h	41b4e7d83fcffe0ff45c6957aef76134d419b038	bytes+sha256+supplied_git_blob_sha1	HASH_INDEX_ONLY		0			0	0	随包依赖/通用接口/替代实现；未逐行语义研读；当前关键参数与随机消费者依据其他列明定点源
official/src/core/include/math/hal/vector.h	14056	65ef9363dd69a1d9e116eaa0f2438e10cf323dda6a1db2d9b3f69b188ddcdf78	df495ba2e91739a6dc8f1de254fc5a41155ce504	src/core/include/math/hal/vector.h	2d816184bea467c3d12ef44b6537cfa84c973883	bytes+sha256+supplied_git_blob_sha1	HASH_INDEX_ONLY		0			0	0	随包依赖/通用接口/替代实现；未逐行语义研读；当前关键参数与随机消费者依据其他列明定点源
official/src/core/include/math/hermite.h	2719	13f0b0e829693e3d2afc6b7b147a31d0f9f0c72f5d299b8691e340e1ab122d7e	df495ba2e91739a6dc8f1de254fc5a41155ce504	src/core/include/math/hermite.h	118ae3e6a5dfd15fa3d06ac113ccf494905bfa66	bytes+sha256+supplied_git_blob_sha1	HASH_INDEX_ONLY		0			0	0	随包依赖/通用接口/替代实现；未逐行语义研读；当前关键参数与随机消费者依据其他列明定点源
official/src/core/include/math/math-hal.h	4399	8d3fff9fa13264b2e1c835232ea7365cd9c42ad65aad00e21245d17b505a2467	df495ba2e91739a6dc8f1de254fc5a41155ce504	src/core/include/math/math-hal.h	0a1d08191b0d9c9fe6e2d85ad3f79173d99e54db	bytes+sha256+supplied_git_blob_sha1	HASH_INDEX_ONLY		0			0	0	随包依赖/通用接口/替代实现；未逐行语义研读；当前关键参数与随机消费者依据其他列明定点源
official/src/core/include/math/math_backends.md	3494	7474323d18b3dc5e2a3610f2f520cfa1b89ec62f427c3857283aa70cad3df80f	df495ba2e91739a6dc8f1de254fc5a41155ce504	src/core/include/math/math_backends.md	30e01a1d265ec5d1766b266991049f937fa69c13	bytes+sha256+supplied_git_blob_sha1	HASH_INDEX_ONLY		0			0	0	随包依赖/通用接口/替代实现；未逐行语义研读；当前关键参数与随机消费者依据其他列明定点源
official/src/core/include/math/matrix-impl.h	11317	bd8b264c786232a7739441e30bd705e217039f1fb2acc1333f10da63d362ad69	df495ba2e91739a6dc8f1de254fc5a41155ce504	src/core/include/math/matrix-impl.h	75f50fabcd0d463e5aaf2ed1fb97c792f8b43c17	bytes+sha256+supplied_git_blob_sha1	HASH_INDEX_ONLY		0			0	0	随包依赖/通用接口/替代实现；未逐行语义研读；当前关键参数与随机消费者依据其他列明定点源
official/src/core/include/math/matrix.h	28967	e7d28e1b08290a7e52281fcb75f68ce137f7e77f9faed692dceb832277885574	df495ba2e91739a6dc8f1de254fc5a41155ce504	src/core/include/math/matrix.h	1aa666a4030939c2b588a02c7925506f23389472	bytes+sha256+supplied_git_blob_sha1	HASH_INDEX_ONLY		0			0	0	随包依赖/通用接口/替代实现；未逐行语义研读；当前关键参数与随机消费者依据其他列明定点源
official/src/core/include/math/matrixstrassen-impl.h	44877	5332cb23656321e80fd40fcb477829bd08f1d0ac3534876c98ab95a1893ffb19	df495ba2e91739a6dc8f1de254fc5a41155ce504	src/core/include/math/matrixstrassen-impl.h	ea21221e1986323bc93d02437e21850b6596b3a5	bytes+sha256+supplied_git_blob_sha1	HASH_INDEX_ONLY		0			0	0	随包依赖/通用接口/替代实现；未逐行语义研读；当前关键参数与随机消费者依据其他列明定点源
official/src/core/include/math/matrixstrassen.h	21116	fecf5d4f37d6066f8aef12e6e75112ba0768ae0e34e195da413e6a13e485dd26	df495ba2e91739a6dc8f1de254fc5a41155ce504	src/core/include/math/matrixstrassen.h	8840b4084d277bcb4b0ba8a40c5153e84495c8a7	bytes+sha256+supplied_git_blob_sha1	HASH_INDEX_ONLY		0			0	0	随包依赖/通用接口/替代实现；未逐行语义研读；当前关键参数与随机消费者依据其他列明定点源
official/src/core/include/math/nbtheory-impl.h	17663	a83c35425d95dc42aa8c5043d54c4324dedc9bc8e588f70d384b74a91aa9b0b4	df495ba2e91739a6dc8f1de254fc5a41155ce504	src/core/include/math/nbtheory-impl.h	42f25b30d42718344e7ec304935ea22dca405ebf	bytes+sha256+supplied_git_blob_sha1	TARGETED_SEMANTIC_SOURCES	45-130;183-230;261-288;329-398	4	U19:RNG / FindGenerator:L63-L123; U20:RootOfUnity:L183-L230; U21:MillerRabinPrimalityTest:L261-L288; U22:FirstPrime / LastPrime / NextPrime / PreviousPrime:L329-L398	B-A; canonical minimum primitive root; exact step and nominal bit ambiguity; public-parameter randomness; random witnesses	0	0	仅引用函数/行域参与定点语义研究；显示请求可能含工具输出截断，不能据此声称全部请求行或整文件逐行审完
official/src/core/include/math/nbtheory.h	17537	a406e76bc53bb327b92bd33c3b79e1d493c4e0e7d37853a564fd9d7e227a7463	df495ba2e91739a6dc8f1de254fc5a41155ce504	src/core/include/math/nbtheory.h	32cefa21aa52cacf0cfb034f9d85069eb98374ad	bytes+sha256+supplied_git_blob_sha1	TARGETED_SEMANTIC_SOURCES	243-259	2	U23:MillerRabin default:L243-L252	100 iterations; B-MR-default; B:primality sampler iteration default	0	0	仅引用函数/行域参与定点语义研究；显示请求可能含工具输出截断，不能据此声称全部请求行或整文件逐行审完
official/src/core/include/math/ternaryuniformgenerator-impl.h	5325	dfc13aaa9ac2d8f34c99fa9483e6cdcf7284ca4eb983237bc369e65a02fbebbf	df495ba2e91739a6dc8f1de254fc5a41155ce504	src/core/include/math/ternaryuniformgenerator-impl.h	42b4aedf8d60ed3d5d9d509d99a49a070d421de4	bytes+sha256+supplied_git_blob_sha1	TARGETED_SEMANTIC_SOURCES	40-148	2	R07:GenerateIntVector:L40-L148	B; B-hwt-exact; dense ternary / HWT sign conditioning	0	0	仅引用函数/行域参与定点语义研究；显示请求可能含工具输出截断，不能据此声称全部请求行或整文件逐行审完
official/src/core/include/math/ternaryuniformgenerator.h	3510	483a1373b3c1371381db47dc7fc28ed9143e247a9be673c1185a7902ba741a2c	df495ba2e91739a6dc8f1de254fc5a41155ce504	src/core/include/math/ternaryuniformgenerator.h	d01b05a8585f07281ba3aef96a66da42d9ad08af	bytes+sha256+supplied_git_blob_sha1	HASH_INDEX_ONLY		0			0	0	随包依赖/通用接口/替代实现；未逐行语义研读；当前关键参数与随机消费者依据其他列明定点源
official/src/core/include/openfhecore.h	2009	e0f5548dcccd62b5a76379e9eaef5009aa235ade724fe986b102ebaff399fc6e	df495ba2e91739a6dc8f1de254fc5a41155ce504	src/core/include/openfhecore.h	3ff6c6c3c448a074f50d40689b03f7e2147d331b	bytes+sha256+supplied_git_blob_sha1	HASH_INDEX_ONLY		0			0	0	随包依赖/通用接口/替代实现；未逐行语义研读；当前关键参数与随机消费者依据其他列明定点源
official/src/core/include/testdefs.h	6588	0c2e411fc32d030229f6a2b115244ace413cc7da06789937b2da222bbabf36a0	df495ba2e91739a6dc8f1de254fc5a41155ce504	src/core/include/testdefs.h	558e1c580a1458aaf99a20a7e29e2edf54da4329	bytes+sha256+supplied_git_blob_sha1	HASH_INDEX_ONLY		0			0	0	随包依赖/通用接口/替代实现；未逐行语义研读；当前关键参数与随机消费者依据其他列明定点源
official/src/core/include/utils/README.md	635	f63874ce966689204e51478460a02e20133e09c318e556dc6769dcd5f644925c	df495ba2e91739a6dc8f1de254fc5a41155ce504	src/core/include/utils/README.md	bfd237ea460bb4e6b849f72d802b3eb869bd144f	bytes+sha256+supplied_git_blob_sha1	HASH_INDEX_ONLY		0			0	0	随包依赖/通用接口/替代实现；未逐行语义研读；当前关键参数与随机消费者依据其他列明定点源
official/src/core/include/utils/blockAllocator/README.md	1179	5a65683a1bd5d13c62bcd6fb0e465c2fa30abd22f25dc78f2e775d16e8e92170	df495ba2e91739a6dc8f1de254fc5a41155ce504	src/core/include/utils/blockAllocator/README.md	3b9e13ef7367b955645842b9206409f6a4e9959c	bytes+sha256+supplied_git_blob_sha1	HASH_INDEX_ONLY		0			0	0	随包依赖/通用接口/替代实现；未逐行语义研读；当前关键参数与随机消费者依据其他列明定点源
official/src/core/include/utils/blockAllocator/blockAllocator.h	6221	8dab41815d6969a4572a727edd48678b2e1904c849f48de67c07e8e4ec830186	df495ba2e91739a6dc8f1de254fc5a41155ce504	src/core/include/utils/blockAllocator/blockAllocator.h	71e1240d97249b2b71eb79238247a3c2dacca1be	bytes+sha256+supplied_git_blob_sha1	HASH_INDEX_ONLY		0			0	0	随包依赖/通用接口/替代实现；未逐行语义研读；当前关键参数与随机消费者依据其他列明定点源
official/src/core/include/utils/blockAllocator/stl_allocator.h	5751	c21472be4d03f63d77c8e7fd921adf3ba214b61606cfa44a06f8029e79ff90dd	df495ba2e91739a6dc8f1de254fc5a41155ce504	src/core/include/utils/blockAllocator/stl_allocator.h	e0da3a76d92005edf2a2e317b2944e6b16e027ce	bytes+sha256+supplied_git_blob_sha1	HASH_INDEX_ONLY		0			0	0	随包依赖/通用接口/替代实现；未逐行语义研读；当前关键参数与随机消费者依据其他列明定点源
official/src/core/include/utils/blockAllocator/xallocator.h	4543	ec2e0e50f8cc3194b3da6423d98f2f10f94a3914aba20956721687f513546fc2	df495ba2e91739a6dc8f1de254fc5a41155ce504	src/core/include/utils/blockAllocator/xallocator.h	8dc493a39febdf8d8d419f1bf9a61eecd8e860bb	bytes+sha256+supplied_git_blob_sha1	HASH_INDEX_ONLY		0			0	0	随包依赖/通用接口/替代实现；未逐行语义研读；当前关键参数与随机消费者依据其他列明定点源
official/src/core/include/utils/blockAllocator/xlist.h	1838	d49ce627e6f6badb1a37da164880862b0ee55c0c43a45e6f90d7de2e653b6bab	df495ba2e91739a6dc8f1de254fc5a41155ce504	src/core/include/utils/blockAllocator/xlist.h	2e0d41af9ea82f2544d741bc4746a37eb350fdab	bytes+sha256+supplied_git_blob_sha1	HASH_INDEX_ONLY		0			0	0	随包依赖/通用接口/替代实现；未逐行语义研读；当前关键参数与随机消费者依据其他列明定点源
official/src/core/include/utils/blockAllocator/xmap.h	2167	d4a6cbfcb6fbe16f88a1d7fcc672165e5cc41b037807b70bc08c36fa4e397a93	df495ba2e91739a6dc8f1de254fc5a41155ce504	src/core/include/utils/blockAllocator/xmap.h	3ab679567ee1b78fa12ce8c7a9225dcd1ad67f54	bytes+sha256+supplied_git_blob_sha1	HASH_INDEX_ONLY		0			0	0	随包依赖/通用接口/替代实现；未逐行语义研读；当前关键参数与随机消费者依据其他列明定点源
official/src/core/include/utils/blockAllocator/xqueue.h	1888	425412457beecb14f002cd21955dd6e2773ee4019412d56db29b2300f6cf966a	df495ba2e91739a6dc8f1de254fc5a41155ce504	src/core/include/utils/blockAllocator/xqueue.h	25d4a0413d0d60f0181d3035a144b5ea35ad5d79	bytes+sha256+supplied_git_blob_sha1	HASH_INDEX_ONLY		0			0	0	随包依赖/通用接口/替代实现；未逐行语义研读；当前关键参数与随机消费者依据其他列明定点源
official/src/core/include/utils/blockAllocator/xset.h	2063	d60e332464e7a5d47912d5b36609557d71304795d2e0567f307150928fd08289	df495ba2e91739a6dc8f1de254fc5a41155ce504	src/core/include/utils/blockAllocator/xset.h	cd53d953ef0a6439df459d632504db9bd2eff4a9	bytes+sha256+supplied_git_blob_sha1	HASH_INDEX_ONLY		0			0	0	随包依赖/通用接口/替代实现；未逐行语义研读；当前关键参数与随机消费者依据其他列明定点源
official/src/core/include/utils/blockAllocator/xsstream.h	2184	0fc0c61ca5c9b5d444c3d777bc3f10715272c48277517a2a7831e2b0ebe72444	df495ba2e91739a6dc8f1de254fc5a41155ce504	src/core/include/utils/blockAllocator/xsstream.h	6c8fe77d2da32ac1f442dd0506db56a86738bd38	bytes+sha256+supplied_git_blob_sha1	HASH_INDEX_ONLY		0			0	0	随包依赖/通用接口/替代实现；未逐行语义研读；当前关键参数与随机消费者依据其他列明定点源
official/src/core/include/utils/blockAllocator/xstring.h	1927	73eecec29661aca2dce2a035e7175b4f29840c1374b1b59fba29ccd74ebf69fe	df495ba2e91739a6dc8f1de254fc5a41155ce504	src/core/include/utils/blockAllocator/xstring.h	4989fb8a333d5e86cbd1d9ad35b21ff0347e4bef	bytes+sha256+supplied_git_blob_sha1	HASH_INDEX_ONLY		0			0	0	随包依赖/通用接口/替代实现；未逐行语义研读；当前关键参数与随机消费者依据其他列明定点源
official/src/core/include/utils/blockAllocator/xvector.h	2239	cb67e27ef5522774bad763cbe4d0f09d152acd5272d9a33284fddf58ccf058a0	df495ba2e91739a6dc8f1de254fc5a41155ce504	src/core/include/utils/blockAllocator/xvector.h	e41e2ac4367a3230291de882bf0e2f200aa9f9b6	bytes+sha256+supplied_git_blob_sha1	HASH_INDEX_ONLY		0			0	0	随包依赖/通用接口/替代实现；未逐行语义研读；当前关键参数与随机消费者依据其他列明定点源
official/src/core/include/utils/caller_info.h	3699	5b63e166a8d729a49431fdab5606cadbe6cd032140552b807e9064e291424c16	df495ba2e91739a6dc8f1de254fc5a41155ce504	src/core/include/utils/caller_info.h	0289e4744e5c8ce603eb89727c89af222245b584	bytes+sha256+supplied_git_blob_sha1	HASH_INDEX_ONLY		0			0	0	随包依赖/通用接口/替代实现；未逐行语义研读；当前关键参数与随机消费者依据其他列明定点源
official/src/core/include/utils/debug.h	9515	df52af1695047a7eb8da8092898ff806a49bff52e9c9d6c9c62c8a47fcaa66dc	df495ba2e91739a6dc8f1de254fc5a41155ce504	src/core/include/utils/debug.h	d1e8979cca032e4d5fb8827e3454e97f1d9ff6c7	bytes+sha256+supplied_git_blob_sha1	HASH_INDEX_ONLY		0			0	0	随包依赖/通用接口/替代实现；未逐行语义研读；当前关键参数与随机消费者依据其他列明定点源
official/src/core/include/utils/demangle.h	1793	7bdae35a4370a6e2829a84af77a7107f8eb4d0ffc5192ef177b728a163138a05	df495ba2e91739a6dc8f1de254fc5a41155ce504	src/core/include/utils/demangle.h	751b56bd454146794e00ae668cbb5b6908e3cd25	bytes+sha256+supplied_git_blob_sha1	HASH_INDEX_ONLY		0			0	0	随包依赖/通用接口/替代实现；未逐行语义研读；当前关键参数与随机消费者依据其他列明定点源
official/src/core/include/utils/exception.h	5617	4afb964284629af3811c1ba32f57ca940ba385855d326f307bfe132992b13f2b	df495ba2e91739a6dc8f1de254fc5a41155ce504	src/core/include/utils/exception.h	17f5994f5c9fb6e22a68284edb50dcdbaecf0fdf	bytes+sha256+supplied_git_blob_sha1	HASH_INDEX_ONLY		0			0	0	随包依赖/通用接口/替代实现；未逐行语义研读；当前关键参数与随机消费者依据其他列明定点源
official/src/core/include/utils/get-call-stack.h	2050	5849638681b433f8cf82b11c0029773d3cec245eb68b1417cedc48dad878005c	df495ba2e91739a6dc8f1de254fc5a41155ce504	src/core/include/utils/get-call-stack.h	b54ca1d3d968ff3230ba5e731a257f6b01cf3aa0	bytes+sha256+supplied_git_blob_sha1	HASH_INDEX_ONLY		0			0	0	随包依赖/通用接口/替代实现；未逐行语义研读；当前关键参数与随机消费者依据其他列明定点源
official/src/core/include/utils/hashutil.h	2706	aaa2e8fec1d21bc5885c3d74718af53aeded91c985838e5e2ab5ce5992b3f5d1	df495ba2e91739a6dc8f1de254fc5a41155ce504	src/core/include/utils/hashutil.h	84407e079ed1560eabc56be5cdc8524a7ef8704b	bytes+sha256+supplied_git_blob_sha1	HASH_INDEX_ONLY		0			0	0	随包依赖/通用接口/替代实现；未逐行语义研读；当前关键参数与随机消费者依据其他列明定点源
official/src/core/include/utils/inttypes.h	2398	60a73670e836ffcd317fdf19a8d8dcbd0ce802da1e008da8171630b75aaba639	df495ba2e91739a6dc8f1de254fc5a41155ce504	src/core/include/utils/inttypes.h	ca390d00fb0c777436d6693639f1d1635dc2f698	bytes+sha256+supplied_git_blob_sha1	HASH_INDEX_ONLY		0			0	0	随包依赖/通用接口/替代实现；未逐行语义研读；当前关键参数与随机消费者依据其他列明定点源
official/src/core/include/utils/memory.h	2623	8d88ebe435011203294353566aeff6bb801cb69079e8e8f4160335c11474c7d1	df495ba2e91739a6dc8f1de254fc5a41155ce504	src/core/include/utils/memory.h	a4d637c8ef2a64ad95d478e9f3bcf22c849bc2b2	bytes+sha256+supplied_git_blob_sha1	HASH_INDEX_ONLY		0			0	0	随包依赖/通用接口/替代实现；未逐行语义研读；当前关键参数与随机消费者依据其他列明定点源
official/src/core/include/utils/openfhebase64.h	2671	cc8446fa2ef3b3de0ef41665c707090a31e8b1d0e7a27468281df5263e1411db	df495ba2e91739a6dc8f1de254fc5a41155ce504	src/core/include/utils/openfhebase64.h	e4f83bc39dd20f6da650124b1f041136a17705f0	bytes+sha256+supplied_git_blob_sha1	HASH_INDEX_ONLY		0			0	0	随包依赖/通用接口/替代实现；未逐行语义研读；当前关键参数与随机消费者依据其他列明定点源
official/src/core/include/utils/parallel.h	4185	d24e43cfd9093218e82976416738e49aae0d5cffaa330ab7ac09e753db1aa266	df495ba2e91739a6dc8f1de254fc5a41155ce504	src/core/include/utils/parallel.h	a489b7c082a9793fb425c0af8d866494fce7dc6f	bytes+sha256+supplied_git_blob_sha1	TARGETED_SEMANTIC_SOURCES	35-136	1	R23:ParallelControls:L35-L136	A-B; thread limits and machine thread cache	0	0	仅引用函数/行域参与定点语义研究；显示请求可能含工具输出截断，不能据此声称全部请求行或整文件逐行审完
official/src/core/include/utils/prng/CPPLINT.cfg	58	2783e002451ed9072292837459e97e5e948b8ce63a1bdb6dcfc51f250a93ccca	df495ba2e91739a6dc8f1de254fc5a41155ce504	src/core/include/utils/prng/CPPLINT.cfg	bce99d3c8e1913afb234c253def65d29501ae4da	bytes+sha256+supplied_git_blob_sha1	HASH_INDEX_ONLY		0			0	0	随包依赖/通用接口/替代实现；未逐行语义研读；当前关键参数与随机消费者依据其他列明定点源
official/src/core/include/utils/prng/README.md	646	cb0db121d55e7914fc4b84fe615e25aa8ebe54e5e468bffe16e44c2fd55083d5	df495ba2e91739a6dc8f1de254fc5a41155ce504	src/core/include/utils/prng/README.md	046f76fb893fd18616caca6e30ba5eef1c3c993b	bytes+sha256+supplied_git_blob_sha1	HASH_INDEX_ONLY		0			0	0	随包依赖/通用接口/替代实现；未逐行语义研读；当前关键参数与随机消费者依据其他列明定点源
official/src/core/include/utils/prng/blake2-impl.h	3970	467a0546b36cfc1976e1fefa8a956eed7ef99620090314261aa62403f0cd7ef2	df495ba2e91739a6dc8f1de254fc5a41155ce504	src/core/include/utils/prng/blake2-impl.h	42c90da1a47c460bc28a6cff3f81a8132f23e33d	bytes+sha256+supplied_git_blob_sha1	HASH_INDEX_ONLY		0			0	0	随包依赖/通用接口/替代实现；未逐行语义研读；当前关键参数与随机消费者依据其他列明定点源
official/src/core/include/utils/prng/blake2.h	6490	5e5f4a28289cf70e7136a284bb24323c00e3df0eefcd76d379fa77942d016de9	df495ba2e91739a6dc8f1de254fc5a41155ce504	src/core/include/utils/prng/blake2.h	7fddb22edcf0ad66322f3c01dab79f37e5fdb229	bytes+sha256+supplied_git_blob_sha1	HASH_INDEX_ONLY		0			0	0	随包依赖/通用接口/替代实现；未逐行语义研读；当前关键参数与随机消费者依据其他列明定点源
official/src/core/include/utils/prng/blake2engine.h	4022	4b9504d8dee8daee6c0cf76fbcad9b88f96467b56978a542df7c77f17f5ca3f5	df495ba2e91739a6dc8f1de254fc5a41155ce504	src/core/include/utils/prng/blake2engine.h	25dcf8a76d241958d16623735887a46e55b0fe47	bytes+sha256+supplied_git_blob_sha1	TARGETED_SEMANTIC_SOURCES	35-115	1	R04:Blake2Engine state:L35-L115	B; seed/buffer/counter sizes	0	0	仅引用函数/行域参与定点语义研究；显示请求可能含工具输出截断，不能据此声称全部请求行或整文件逐行审完
official/src/core/include/utils/prng/prng.h	3375	7770d9587f53384f05b1baa63fb5b4a8185f208a251a6c82d04ad1896009cb96	df495ba2e91739a6dc8f1de254fc5a41155ce504	src/core/include/utils/prng/prng.h	8860e3631d2b0342298fb894a34b6578bc34250f	bytes+sha256+supplied_git_blob_sha1	TARGETED_CONTEXT_DISPLAY	35-85	1		B	0	0	实际请求显示的定点上下文；未将整个文件作为主结论的逐行语义审计；工具截断不能作阅读完成证明
official/src/core/include/utils/serial.h	9345	3675e1927e69ccb773e2cabd4952df2eece8bebb99107ccd114ecb1b0ba6b5ac	df495ba2e91739a6dc8f1de254fc5a41155ce504	src/core/include/utils/serial.h	6b6417e662ad447c83b300d55ce7a1486f61bc67	bytes+sha256+supplied_git_blob_sha1	HASH_INDEX_ONLY		0			0	0	随包依赖/通用接口/替代实现；未逐行语义研读；当前关键参数与随机消费者依据其他列明定点源
official/src/core/include/utils/serializable.h	3835	e96f155df79f6cb64f67804b49bc7768d1aeb7c0fe91b2cfc271ce922c4eac78	df495ba2e91739a6dc8f1de254fc5a41155ce504	src/core/include/utils/serializable.h	c877962326a617b9bb113a559edb4ccf9d817089	bytes+sha256+supplied_git_blob_sha1	HASH_INDEX_ONLY		0			0	0	随包依赖/通用接口/替代实现；未逐行语义研读；当前关键参数与随机消费者依据其他列明定点源
official/src/core/include/utils/sertype.h	2061	8b0f3d5da113d2d495d61faa68bce53a0e030945d398f605d46987a6c81c4341	df495ba2e91739a6dc8f1de254fc5a41155ce504	src/core/include/utils/sertype.h	4c843ecc6b5c078158efd71d9753af51ad433753	bytes+sha256+supplied_git_blob_sha1	HASH_INDEX_ONLY		0			0	0	随包依赖/通用接口/替代实现；未逐行语义研读；当前关键参数与随机消费者依据其他列明定点源
official/src/core/include/utils/type_name.h	3662	224308aa7e681de463db28bf87cf89fea7fd683134070d1ed9239b47578cf296	df495ba2e91739a6dc8f1de254fc5a41155ce504	src/core/include/utils/type_name.h	ab20da07eab69f25c76d6564d93b80df62e20189	bytes+sha256+supplied_git_blob_sha1	HASH_INDEX_ONLY		0			0	0	随包依赖/通用接口/替代实现；未逐行语义研读；当前关键参数与随机消费者依据其他列明定点源
official/src/core/include/utils/utilities-int.h	3811	cb8a3592f7894aecab32e5a01e87399a8062d70c5a73fbeb9d36b3644c5e9446	df495ba2e91739a6dc8f1de254fc5a41155ce504	src/core/include/utils/utilities-int.h	ce6d661eddbe823dc87ea2a4e8372e9e99b48ec0	bytes+sha256+supplied_git_blob_sha1	HASH_INDEX_ONLY		0			0	0	随包依赖/通用接口/替代实现；未逐行语义研读；当前关键参数与随机消费者依据其他列明定点源
official/src/core/include/utils/utilities.h	4899	c4a4996bd1b491229a0637345c56a2c6c633cd31dd98b5e3a60713c19ecd1b9d	df495ba2e91739a6dc8f1de254fc5a41155ce504	src/core/include/utils/utilities.h	87d9489d996490449e01d276cc9d14369abb48e5	bytes+sha256+supplied_git_blob_sha1	HASH_INDEX_ONLY		0			0	0	随包依赖/通用接口/替代实现；未逐行语义研读；当前关键参数与随机消费者依据其他列明定点源
official/src/core/include/version.h	2173	54e7743f848aca9e0aba925a2a8c1b7a95ba6ec6e4ff9174397aaed8642eb5ea	df495ba2e91739a6dc8f1de254fc5a41155ce504	src/core/include/version.h	bfbac06a87772511a5fdc9bc9569d31b3870935a	bytes+sha256+supplied_git_blob_sha1	HASH_INDEX_ONLY		0			0	0	随包依赖/通用接口/替代实现；未逐行语义研读；当前关键参数与随机消费者依据其他列明定点源
official/src/core/lib/lattice/constants-lattice-impl.cpp	3237	56b0f0110b4974ac838b538e50c5550b696a99a56cae68bd6392e4fc0c32f1fa	df495ba2e91739a6dc8f1de254fc5a41155ce504	src/core/lib/lattice/constants-lattice-impl.cpp	c6f4550366093f01ff889aaba9d5adee4b038b2f	bytes+sha256+supplied_git_blob_sha1	HASH_INDEX_ONLY		0			0	0	随包依赖/通用接口/替代实现；未逐行语义研读；当前关键参数与随机消费者依据其他列明定点源
official/src/core/lib/lattice/lattice.cpp	7054	38bbea6d72e8ce4898adcaf7bea62de1e7e4402c77516d613b4f152c20d684fa	df495ba2e91739a6dc8f1de254fc5a41155ce504	src/core/lib/lattice/lattice.cpp	34b256ee10ed7edc3f8be1e31d630afcbe4dc128	bytes+sha256+supplied_git_blob_sha1	HASH_INDEX_ONLY		0			0	0	随包依赖/通用接口/替代实现；未逐行语义研读；当前关键参数与随机消费者依据其他列明定点源
official/src/core/lib/lattice/stdlatticeparms.cpp	12945	b10938e1eabe1f471a50fa3730b58e66da6c86f931513edfc915b8e8db279ae8	df495ba2e91739a6dc8f1de254fc5a41155ce504	src/core/lib/lattice/stdlatticeparms.cpp	948b5ff217cfab5bd9faed91f4b09d1163dd6bde	bytes+sha256+supplied_git_blob_sha1	HASH_INDEX_ONLY		0			0	0	随包依赖/通用接口/替代实现；未逐行语义研读；当前关键参数与随机消费者依据其他列明定点源
official/src/core/lib/lattice/trapdoor-dcrtpoly.cpp	12249	c2d415c3e4f9df10954b658b3efa28987d5df4437f754d10be9a3a23a7e435b8	df495ba2e91739a6dc8f1de254fc5a41155ce504	src/core/lib/lattice/trapdoor-dcrtpoly.cpp	bd973c89dc7fbe75e7ce7107b6205e9c9764ce82	bytes+sha256+supplied_git_blob_sha1	HASH_INDEX_ONLY		0			0	0	随包依赖/通用接口/替代实现；未逐行语义研读；当前关键参数与随机消费者依据其他列明定点源
official/src/core/lib/lattice/trapdoor-poly.cpp	20084	5e0e65a2312a17efd2f48cf9e5e07fd0870984ae5d980703b5e94ddaeed6e09e	df495ba2e91739a6dc8f1de254fc5a41155ce504	src/core/lib/lattice/trapdoor-poly.cpp	5eb2bc2602068b6b04963445636d94b77c200525	bytes+sha256+supplied_git_blob_sha1	HASH_INDEX_ONLY		0			0	0	随包依赖/通用接口/替代实现；未逐行语义研读；当前关键参数与随机消费者依据其他列明定点源
official/src/core/lib/math/chebyshev.cpp	4740	c021c72d1e9fb55e89890c570f1f9f693afd25b68ecc928158ec51c4eb5277a1	df495ba2e91739a6dc8f1de254fc5a41155ce504	src/core/lib/math/chebyshev.cpp	daa175fd0436597dffbff7741794989d939a4908	bytes+sha256+supplied_git_blob_sha1	HASH_INDEX_ONLY		0			0	0	随包依赖/通用接口/替代实现；未逐行语义研读；当前关键参数与随机消费者依据其他列明定点源
official/src/core/lib/math/dftransform.cpp	10368	091220ee6b29ca1b0efbe8afa41a90098507720f59abcd0db1ed0a6e70fc26f3	df495ba2e91739a6dc8f1de254fc5a41155ce504	src/core/lib/math/dftransform.cpp	ea5b3b2dcc2b9024da0487d3de285c241a8ec8a4	bytes+sha256+supplied_git_blob_sha1	HASH_INDEX_ONLY		0			0	0	随包依赖/通用接口/替代实现；未逐行语义研读；当前关键参数与随机消费者依据其他列明定点源
official/src/core/lib/math/discretegaussiangeneratorgeneric.cpp	11929	ffe5d78473c982e8fe6b2feb94ab7a0324b274adb95844d3215c0ec2270835d0	df495ba2e91739a6dc8f1de254fc5a41155ce504	src/core/lib/math/discretegaussiangeneratorgeneric.cpp	eef38c88615739a5bbd01f5236a6ab4f871b0354	bytes+sha256+supplied_git_blob_sha1	HASH_INDEX_ONLY		0			0	0	随包依赖/通用接口/替代实现；未逐行语义研读；当前关键参数与随机消费者依据其他列明定点源
official/src/core/lib/math/distributiongenerator.cpp	4678	fa275d4e51d0b4a37b255dea20ebbfb0562327639ff6df958db6c0ed7e729b27	df495ba2e91739a6dc8f1de254fc5a41155ce504	src/core/lib/math/distributiongenerator.cpp	f0b4a29321f72534b6f5b26580bd2629170d4939	bytes+sha256+supplied_git_blob_sha1	TARGETED_SEMANTIC_SOURCES	35-110	2	R01:InitPRNGEngine / GetPRNG:L35-L110	B; B-reset-thread; engine selection and per-thread lazy state	0	0	仅引用函数/行域参与定点语义研究；显示请求可能含工具输出截断，不能据此声称全部请求行或整文件逐行审完
official/src/core/lib/math/hal/bigintdyn/be4-math-impl.cpp	4301	03bba32720c60ed84faf48639b16d25f9b56d0a0203f3e1e57cc1b98c24d7441	df495ba2e91739a6dc8f1de254fc5a41155ce504	src/core/lib/math/hal/bigintdyn/be4-math-impl.cpp	cc08e718e9e4d6c63de3a5e77986157e27a7159f	bytes+sha256+supplied_git_blob_sha1	HASH_INDEX_ONLY		0			0	0	随包依赖/通用接口/替代实现；未逐行语义研读；当前关键参数与随机消费者依据其他列明定点源
official/src/core/lib/math/hal/bigintdyn/mubintvecdyn.cpp	18539	dc39ebf3d3cd230880c69e7175841c17df2628ca47cada2b075b0bde0e7b382f	df495ba2e91739a6dc8f1de254fc5a41155ce504	src/core/lib/math/hal/bigintdyn/mubintvecdyn.cpp	7d101ff9910283b1db8959cca424aee8e2d775af	bytes+sha256+supplied_git_blob_sha1	HASH_INDEX_ONLY		0			0	0	随包依赖/通用接口/替代实现；未逐行语义研读；当前关键参数与随机消费者依据其他列明定点源
official/src/core/lib/math/hal/bigintdyn/ubintdyn.cpp	33303	446bd558744679578e2ef92480dd0dee9ebcd206795375ea5e5d96e61a22ab3c	df495ba2e91739a6dc8f1de254fc5a41155ce504	src/core/lib/math/hal/bigintdyn/ubintdyn.cpp	51fa77392e76d97c67ebadbab32c01243a5410b0	bytes+sha256+supplied_git_blob_sha1	HASH_INDEX_ONLY		0			0	0	随包依赖/通用接口/替代实现；未逐行语义研读；当前关键参数与随机消费者依据其他列明定点源
official/src/core/lib/math/hal/bigintfxd/be2-math-impl.cpp	4301	71c4219e74fff93e2383eabf9aae24a1dd213557e875f2993213bf3d428cf84c	df495ba2e91739a6dc8f1de254fc5a41155ce504	src/core/lib/math/hal/bigintfxd/be2-math-impl.cpp	7c92fbceabdc57d3676655224707461a2bb904ad	bytes+sha256+supplied_git_blob_sha1	HASH_INDEX_ONLY		0			0	0	随包依赖/通用接口/替代实现；未逐行语义研读；当前关键参数与随机消费者依据其他列明定点源
official/src/core/lib/math/hal/bigintfxd/mubintvecfxd.cpp	20691	61448a0d3161ccfb33f973a56956acbc1313cfa242f28e39cc088f6e6e54626c	df495ba2e91739a6dc8f1de254fc5a41155ce504	src/core/lib/math/hal/bigintfxd/mubintvecfxd.cpp	2bdebd775f6e4dfd37e208b51456e98d58198851	bytes+sha256+supplied_git_blob_sha1	HASH_INDEX_ONLY		0			0	0	随包依赖/通用接口/替代实现；未逐行语义研读；当前关键参数与随机消费者依据其他列明定点源
official/src/core/lib/math/hal/bigintfxd/ubintfxd.cpp	67949	d548f1fa2959406c51451a1ac86a501ff27c5c34cdb67d5d37a45886bf923c1f	df495ba2e91739a6dc8f1de254fc5a41155ce504	src/core/lib/math/hal/bigintfxd/ubintfxd.cpp	39d435b07e3d6084b860091fd84ce67867380036	bytes+sha256+supplied_git_blob_sha1	HASH_INDEX_ONLY		0			0	0	随包依赖/通用接口/替代实现；未逐行语义研读；当前关键参数与随机消费者依据其他列明定点源
official/src/core/lib/math/hal/bigintntl/be6-math-impl.cpp	4558	75f9036465cedc8b85e093fdff8bac31df752e7787333259f296454c7b01b36b	df495ba2e91739a6dc8f1de254fc5a41155ce504	src/core/lib/math/hal/bigintntl/be6-math-impl.cpp	20d2869120617772e36689f499a9dc150a27a610	bytes+sha256+supplied_git_blob_sha1	HASH_INDEX_ONLY		0			0	0	随包依赖/通用接口/替代实现；未逐行语义研读；当前关键参数与随机消费者依据其他列明定点源
official/src/core/lib/math/hal/bigintntl/mubintvecntl.cpp	19566	cc8021ddfe3846cdffc189a2aab54a88940ab00ec30e8e6cb5f92f255ee51967	df495ba2e91739a6dc8f1de254fc5a41155ce504	src/core/lib/math/hal/bigintntl/mubintvecntl.cpp	4f0789df939d3fc7407b4776209c30778a3a61c1	bytes+sha256+supplied_git_blob_sha1	HASH_INDEX_ONLY		0			0	0	随包依赖/通用接口/替代实现；未逐行语义研读；当前关键参数与随机消费者依据其他列明定点源
official/src/core/lib/math/hal/bigintntl/ubintntl.cpp	10036	2ac23395ed9cc25ce977299c879073ff9fc7d03b337048a1ad6be802f99c1924	df495ba2e91739a6dc8f1de254fc5a41155ce504	src/core/lib/math/hal/bigintntl/ubintntl.cpp	683d5def54dcad21235508d7ddd75d64a9d7c939	bytes+sha256+supplied_git_blob_sha1	HASH_INDEX_ONLY		0			0	0	随包依赖/通用接口/替代实现；未逐行语义研读；当前关键参数与随机消费者依据其他列明定点源
official/src/core/lib/math/hal/intnat/benative-math-impl.cpp	4698	8e9b472d225c7a9922f0dcfcb267750f97bf1ecb6ba1f4ffcdff848ddb26d1bc	df495ba2e91739a6dc8f1de254fc5a41155ce504	src/core/lib/math/hal/intnat/benative-math-impl.cpp	8ca835d39aa92145b5d67e7409bdbd02747211a8	bytes+sha256+supplied_git_blob_sha1	HASH_INDEX_ONLY		0			0	0	随包依赖/通用接口/替代实现；未逐行语义研读；当前关键参数与随机消费者依据其他列明定点源
official/src/core/lib/math/hal/intnat/mubintvecnat.cpp	16222	61bf8fddca55c6ea0b13fb22fc7761d44980221a7e909513509292568045d594	df495ba2e91739a6dc8f1de254fc5a41155ce504	src/core/lib/math/hal/intnat/mubintvecnat.cpp	d6e0b4acb635e453aa5f32775223787989ac5da1	bytes+sha256+supplied_git_blob_sha1	HASH_INDEX_ONLY		0			0	0	随包依赖/通用接口/替代实现；未逐行语义研读；当前关键参数与随机消费者依据其他列明定点源
official/src/core/lib/math/hermite.cpp	8256	0ffb831e31f8320848617ccd8cb1ecb9f1da075b0e745b194ae2e9e1b445e865	df495ba2e91739a6dc8f1de254fc5a41155ce504	src/core/lib/math/hermite.cpp	a6de002fcd0f46ed13a7e6806225fd6797a72b1b	bytes+sha256+supplied_git_blob_sha1	HASH_INDEX_ONLY		0			0	0	随包依赖/通用接口/替代实现；未逐行语义研读；当前关键参数与随机消费者依据其他列明定点源
official/src/core/lib/math/matrix.cpp	7622	9ca4a311d81abdb2fb32153a22a7a75ecf255aa1667b88aa337be0ac0227db38	df495ba2e91739a6dc8f1de254fc5a41155ce504	src/core/lib/math/matrix.cpp	3ffbfe0e50d1aa08c80f16c1ca10419b05cc07dd	bytes+sha256+supplied_git_blob_sha1	HASH_INDEX_ONLY		0			0	0	随包依赖/通用接口/替代实现；未逐行语义研读；当前关键参数与随机消费者依据其他列明定点源
official/src/core/lib/math/nbtheory2.cpp	8624	b214a03316913c906f883e867a564663cbabe1c6b6a0a941b3243bcfaeab3a0f	df495ba2e91739a6dc8f1de254fc5a41155ce504	src/core/lib/math/nbtheory2.cpp	5b330f45a39c2a938452d656bff0dcce32759b88	bytes+sha256+supplied_git_blob_sha1	HASH_INDEX_ONLY		0			0	0	随包依赖/通用接口/替代实现；未逐行语义研读；当前关键参数与随机消费者依据其他列明定点源
official/src/core/lib/utils/blockAllocator/blockAllocator.cpp	5072	9773933b8928a76b4efe1a48b62771d3db5a4949f7a86d47b6fbc7f8e3661d75	df495ba2e91739a6dc8f1de254fc5a41155ce504	src/core/lib/utils/blockAllocator/blockAllocator.cpp	aa890f5eee1ce903e2258be886a81408276c0ae6	bytes+sha256+supplied_git_blob_sha1	HASH_INDEX_ONLY		0			0	0	随包依赖/通用接口/替代实现；未逐行语义研读；当前关键参数与随机消费者依据其他列明定点源
official/src/core/lib/utils/blockAllocator/xallocator.cpp	17061	61fc0e0d00e513f1270d6529f726e6935c80dff5219ce85eabaa25c4367f7e22	df495ba2e91739a6dc8f1de254fc5a41155ce504	src/core/lib/utils/blockAllocator/xallocator.cpp	d9579836824195baa3a084654900cff49bacb369	bytes+sha256+supplied_git_blob_sha1	HASH_INDEX_ONLY		0			0	0	随包依赖/通用接口/替代实现；未逐行语义研读；当前关键参数与随机消费者依据其他列明定点源
official/src/core/lib/utils/debug.cpp	2438	d4df29a4dc479d44cbc3398bf96446c456800d02730687a74329de90680b9a98	df495ba2e91739a6dc8f1de254fc5a41155ce504	src/core/lib/utils/debug.cpp	1fd15f16eeb2d2385842b50419c6b95037d624c8	bytes+sha256+supplied_git_blob_sha1	HASH_INDEX_ONLY		0			0	0	随包依赖/通用接口/替代实现；未逐行语义研读；当前关键参数与随机消费者依据其他列明定点源
official/src/core/lib/utils/demangle.cpp	2679	c616409450f9b2e7830ab49a3f210bc02af85ae3aa0bed8d5aecfe4c86baaa8a	df495ba2e91739a6dc8f1de254fc5a41155ce504	src/core/lib/utils/demangle.cpp	013d921d46b73a12e3943eb7c522a322c5c391c4	bytes+sha256+supplied_git_blob_sha1	HASH_INDEX_ONLY		0			0	0	随包依赖/通用接口/替代实现；未逐行语义研读；当前关键参数与随机消费者依据其他列明定点源
official/src/core/lib/utils/get-call-stack.cpp	4077	a28b0fa0ee3081d76aaa86a55bbc4641e149f6579366d95c8a1924578b0ebae4	df495ba2e91739a6dc8f1de254fc5a41155ce504	src/core/lib/utils/get-call-stack.cpp	b6ed3375ac07545afdff8cfbbac8e4309b34eadb	bytes+sha256+supplied_git_blob_sha1	HASH_INDEX_ONLY		0			0	0	随包依赖/通用接口/替代实现；未逐行语义研读；当前关键参数与随机消费者依据其他列明定点源
official/src/core/lib/utils/hashutil.cpp	15491	78a3b10dc89115c94a00f2bbfb2b64b3b50dafef034c080c60f5eab1814b2f3a	df495ba2e91739a6dc8f1de254fc5a41155ce504	src/core/lib/utils/hashutil.cpp	a81d0e370b4463b357b35430b5e6671fb3491573	bytes+sha256+supplied_git_blob_sha1	HASH_INDEX_ONLY		0			0	0	随包依赖/通用接口/替代实现；未逐行语义研读；当前关键参数与随机消费者依据其他列明定点源
official/src/core/lib/utils/inttypes.cpp	2068	bb0e0f25a5c03582b048fa74258e8460a338b2453b6cb17f9608c6deeccabcdd	df495ba2e91739a6dc8f1de254fc5a41155ce504	src/core/lib/utils/inttypes.cpp	07fe7e9c8491794aecdbcdeb1e0c21ad18083a74	bytes+sha256+supplied_git_blob_sha1	HASH_INDEX_ONLY		0			0	0	随包依赖/通用接口/替代实现；未逐行语义研读；当前关键参数与随机消费者依据其他列明定点源
official/src/core/lib/utils/memory.cpp	1905	371e5bbb4ed41945bbcf4f1c1ae733612c91bc457d567a5f9c3bc51b3969991a	df495ba2e91739a6dc8f1de254fc5a41155ce504	src/core/lib/utils/memory.cpp	89b0083fd5f00e6e4d3f3e674bf2a5024627c2da	bytes+sha256+supplied_git_blob_sha1	HASH_INDEX_ONLY		0			0	0	随包依赖/通用接口/替代实现；未逐行语义研读；当前关键参数与随机消费者依据其他列明定点源
official/src/core/lib/utils/openfhebase64.cpp	1876	5002842d88344bdf44d8d60936359634aaeecb4f25da54d77f1692580d34132d	df495ba2e91739a6dc8f1de254fc5a41155ce504	src/core/lib/utils/openfhebase64.cpp	956c1d18d11a8fff6897a9f23131e127e9af7cbd	bytes+sha256+supplied_git_blob_sha1	HASH_INDEX_ONLY		0			0	0	随包依赖/通用接口/替代实现；未逐行语义研读；当前关键参数与随机消费者依据其他列明定点源
official/src/core/lib/utils/parallel.cpp	1818	20f77108972a0b089f8741225e5b9c4acbb899da9757ab9fcff3212be7107f80	df495ba2e91739a6dc8f1de254fc5a41155ce504	src/core/lib/utils/parallel.cpp	d63f2b33dc64224053fb66aefbb62834b09ec466	bytes+sha256+supplied_git_blob_sha1	HASH_INDEX_ONLY		0			0	0	随包依赖/通用接口/替代实现；未逐行语义研读；当前关键参数与随机消费者依据其他列明定点源
official/src/core/lib/utils/prng/CPPLINT.cfg	59	7c6f9ddf6a7e2c913686113834b4708b3d1ddb788d60dc8564cfe47bdb34e75c	df495ba2e91739a6dc8f1de254fc5a41155ce504	src/core/lib/utils/prng/CPPLINT.cfg	7fb8d2ceada6709759ff71c91712aef0178686a5	bytes+sha256+supplied_git_blob_sha1	HASH_INDEX_ONLY		0			0	0	随包依赖/通用接口/替代实现；未逐行语义研读；当前关键参数与随机消费者依据其他列明定点源
official/src/core/lib/utils/prng/blake2b-ref.c	9873	6377b776a4001215dcd8d1139a733b021283d9a69081b91fe1272a69c525bdf8	df495ba2e91739a6dc8f1de254fc5a41155ce504	src/core/lib/utils/prng/blake2b-ref.c	0e802c1bdacd29aa2ab62d799ef58b9f227d55d4	bytes+sha256+supplied_git_blob_sha1	TARGETED_SEMANTIC_SOURCES	23-80;125-226	4	R06:blake2b_compress:L133-L195	12 rounds add/rotate/xor; B:compression primitive IV, rotations, rounds; B:primitive rotations and little-endian input	0	0	仅引用函数/行域参与定点语义研究；显示请求可能含工具输出截断，不能据此声称全部请求行或整文件逐行审完
official/src/core/lib/utils/prng/blake2engine.cpp	6930	35ff2af105cae7eac64c4433b7d61af6ad14e8df6ffb75c22726cd597657603a	df495ba2e91739a6dc8f1de254fc5a41155ce504	src/core/lib/utils/prng/blake2engine.cpp	9a073944582dbbc837b114764f5e4f8ebe719dc6	bytes+sha256+supplied_git_blob_sha1	TARGETED_SEMANTIC_SOURCES	1-159	2	R03:Blake2Engine / create default engine:L35-L159	B; B-source-bottom; seed construction and refill	0	0	仅引用函数/行域参与定点语义研究；显示请求可能含工具输出截断，不能据此声称全部请求行或整文件逐行审完
official/src/core/lib/utils/prng/blake2xb-ref.c	6164	2183b3f98ce5f6c1116853da354a9e5e0a6b24fd79e111265251337a55164547	df495ba2e91739a6dc8f1de254fc5a41155ce504	src/core/lib/utils/prng/blake2xb-ref.c	16d476a28cef30ae1b72632e16fa6cdfebab511c	bytes+sha256+supplied_git_blob_sha1	TARGETED_SEMANTIC_SOURCES	19-164	2	R05:blake2xb key-init/update/final:L27-L164	B-bottom-return; B:bottom PRNG extendable-output implementation; real XOF implementation	0	0	仅引用函数/行域参与定点语义研究；显示请求可能含工具输出截断，不能据此声称全部请求行或整文件逐行审完
official/src/core/lib/utils/utilities.cpp	2115	0c41bb98c79581170c1ae3e7f25f58092e57cf8170317ed227b20a500901f400	df495ba2e91739a6dc8f1de254fc5a41155ce504	src/core/lib/utils/utilities.cpp	b7066a6d982f2354d1a832f59398eb24be52cba6	bytes+sha256+supplied_git_blob_sha1	HASH_INDEX_ONLY		0			0	0	随包依赖/通用接口/替代实现；未逐行语义研读；当前关键参数与随机消费者依据其他列明定点源
official/src/pke/CMakeLists.txt	5583	e2f118cef330921a97ac3569cd8043f5e9660ecc61a8f989c6807cd161b386eb	df495ba2e91739a6dc8f1de254fc5a41155ce504	src/pke/CMakeLists.txt	827743b7837a83275a0e8b3fc679a855a4b5246d	bytes+sha256+supplied_git_blob_sha1	HASH_INDEX_ONLY		0			0	0	随包依赖/通用接口/替代实现；未逐行语义研读；当前关键参数与随机消费者依据其他列明定点源
official/src/pke/include/README.md	3038	c090ae761eb949ca6f8348ccdfb3634d2331f1b27b8599b02e28a38f3c6b6bc4	df495ba2e91739a6dc8f1de254fc5a41155ce504	src/pke/include/README.md	6ee05f665ec11508a97b700c532121a1b9fe3017	bytes+sha256+supplied_git_blob_sha1	HASH_INDEX_ONLY		0			0	0	随包依赖/通用接口/替代实现；未逐行语义研读；当前关键参数与随机消费者依据其他列明定点源
official/src/pke/include/ciphertext-fwd.h	3890	deb7550169a8b673105609313562e036bd48827a065eec41a27c414ebe710a10	df495ba2e91739a6dc8f1de254fc5a41155ce504	src/pke/include/ciphertext-fwd.h	35dcbcd41327e6966c2d0c0ac7518db3cabee508	bytes+sha256+supplied_git_blob_sha1	HASH_INDEX_ONLY		0			0	0	随包依赖/通用接口/替代实现；未逐行语义研读；当前关键参数与随机消费者依据其他列明定点源
official/src/pke/include/ciphertext-ser.h	2548	6109f68fb80ef2a65770bca3271d84c6bd8c228c9de18f32990c778e95c6afd1	df495ba2e91739a6dc8f1de254fc5a41155ce504	src/pke/include/ciphertext-ser.h	38e8f82f02a458a8785d7ab228e60d8f17cb46de	bytes+sha256+supplied_git_blob_sha1	HASH_INDEX_ONLY		0			0	0	随包依赖/通用接口/替代实现；未逐行语义研读；当前关键参数与随机消费者依据其他列明定点源
official/src/pke/include/ciphertext.h	19392	57787d5bbb7ce43c4c3db004e4ea1be08aa7324cf9ea18d4f350c30aae5be55c	df495ba2e91739a6dc8f1de254fc5a41155ce504	src/pke/include/ciphertext.h	4fb195bc516d04abce0ec22057b5997c913e332a	bytes+sha256+supplied_git_blob_sha1	HASH_INDEX_ONLY		0			0	0	随包依赖/通用接口/替代实现；未逐行语义研读；当前关键参数与随机消费者依据其他列明定点源
official/src/pke/include/constants-defs.h	4488	7ac4f3872587c6e7725efeb64532fdd3f98f64d372c95d484ef326e72db276e2	df495ba2e91739a6dc8f1de254fc5a41155ce504	src/pke/include/constants-defs.h	41d368763e52bcb081a16aae922f0f75c8e85435	bytes+sha256+supplied_git_blob_sha1	HASH_INDEX_ONLY		0			0	0	随包依赖/通用接口/替代实现；未逐行语义研读；当前关键参数与随机消费者依据其他列明定点源
official/src/pke/include/constants.h	5715	780ea95b55c0c593de522008fecc0d46a2a36406ed2825a624253e87f0898680	df495ba2e91739a6dc8f1de254fc5a41155ce504	src/pke/include/constants.h	2d72dd0d0a876e256eab548c95417f3b0e409406	bytes+sha256+supplied_git_blob_sha1	HASH_INDEX_ONLY		0			0	0	随包依赖/通用接口/替代实现；未逐行语义研读；当前关键参数与随机消费者依据其他列明定点源
official/src/pke/include/cryptocontext-fwd.h	2073	90ad2c5fb42fdd834b7b3f4631ae67fb6039addcab041a509444e4d4b7a7f5d4	df495ba2e91739a6dc8f1de254fc5a41155ce504	src/pke/include/cryptocontext-fwd.h	43cda1af19ae414d5e4f74e2840cfa0c2222f620	bytes+sha256+supplied_git_blob_sha1	HASH_INDEX_ONLY		0			0	0	随包依赖/通用接口/替代实现；未逐行语义研读；当前关键参数与随机消费者依据其他列明定点源
official/src/pke/include/cryptocontext-ser.h	11357	2ad4defdc37381b495be6a78d790d278ccaedb7b41d90bdb9e14d289bf0a8fd0	df495ba2e91739a6dc8f1de254fc5a41155ce504	src/pke/include/cryptocontext-ser.h	ec9e6ac62b8f4e85be672c597d32b07ce6f5103e	bytes+sha256+supplied_git_blob_sha1	HASH_INDEX_ONLY		0			0	0	随包依赖/通用接口/替代实现；未逐行语义研读；当前关键参数与随机消费者依据其他列明定点源
official/src/pke/include/cryptocontext.h	176160	cb88d34595f87eb9c525279a2000b20d15b24c3d71f0d177bd10f1a933538cfb	df495ba2e91739a6dc8f1de254fc5a41155ce504	src/pke/include/cryptocontext.h	28dfd641c6add3fd8e4f91fe88b755e67f21b993	bytes+sha256+supplied_git_blob_sha1	TARGETED_SEMANTIC_SOURCES	67-125;236-260;455-496;940-1015;3603-3626;3758-3783;3935-3967	15	U16:Enable / SetKeyGenLevel:L949-L1000; U17:SetCKKSBootCorrectionFactor:L3609-L3623; U18:SetBinCCForSchemeSwitch / SetSwkFC:L3938-L3963; U27:CryptoContextImpl own storage:L242-L255; U28:DEBUG_KEY privateKey / SetPrivateKey:L462-L496; U29:SetParamsFromCKKSCryptocontext:L3761-L3776	A6-CryptoContext-state-and-mutators; A6-complete-context-own-state; A6-static-fields; A:context object settings and nonenabled modes; conditional secret access is prohibited by project; exports values into scheme-switch params; inactive; features and future-use level; not enabled bootstrap mode; not enabled scheme-switch mode; two static key maps; four per-context fields	0	0	仅引用函数/行域参与定点语义研究；显示请求可能含工具输出截断，不能据此声称全部请求行或整文件逐行审完
official/src/pke/include/cryptocontextfactory.h	3609	09b9a58957a62884e913c1be7a53249bd0c397a91060141255280d7c363880c6	df495ba2e91739a6dc8f1de254fc5a41155ce504	src/pke/include/cryptocontextfactory.h	3cca987e6e6080ff3a7d1f2db29ccdd0944dd6af	bytes+sha256+supplied_git_blob_sha1	HASH_INDEX_ONLY		0			0	0	随包依赖/通用接口/替代实现；未逐行语义研读；当前关键参数与随机消费者依据其他列明定点源
official/src/pke/include/cryptoobject.h	4349	57692296aff301cbacce1d3c8d82e3bae5b724c319f95d2c617e286644d85a7c	df495ba2e91739a6dc8f1de254fc5a41155ce504	src/pke/include/cryptoobject.h	e0e3d9b6dff8716191da6234d0caad8b8a3d61ce	bytes+sha256+supplied_git_blob_sha1	HASH_INDEX_ONLY		0			0	0	随包依赖/通用接口/替代实现；未逐行语义研读；当前关键参数与随机消费者依据其他列明定点源
official/src/pke/include/encoding/README.md	1760	3a410eca60b403fe628a4479432a348d2bb1114cbaab5179c0b026925ddab0cf	df495ba2e91739a6dc8f1de254fc5a41155ce504	src/pke/include/encoding/README.md	3d081c2d74be7e5585604186536ed2bafa0fb2b9	bytes+sha256+supplied_git_blob_sha1	HASH_INDEX_ONLY		0			0	0	随包依赖/通用接口/替代实现；未逐行语义研读；当前关键参数与随机消费者依据其他列明定点源
official/src/pke/include/encoding/ckkspackedencoding.h	11651	983981653104dc21680653f3b4e1108b51d0e8a39e40a0d8337f7d6502d0fe6a	df495ba2e91739a6dc8f1de254fc5a41155ce504	src/pke/include/encoding/ckkspackedencoding.h	956a97ff6f214abb2d690c77bceca0ec746f753a	bytes+sha256+supplied_git_blob_sha1	HASH_INDEX_ONLY		0			0	0	随包依赖/通用接口/替代实现；未逐行语义研读；当前关键参数与随机消费者依据其他列明定点源
official/src/pke/include/encoding/coefpackedencoding.h	5478	2fc2c122b643b0c4395d841301cde2b580aeb67ae6ac2f01d438aa851c942488	df495ba2e91739a6dc8f1de254fc5a41155ce504	src/pke/include/encoding/coefpackedencoding.h	79e6b343ae7f27df47af8b91cdfddf2fe71e1813	bytes+sha256+supplied_git_blob_sha1	HASH_INDEX_ONLY		0			0	0	随包依赖/通用接口/替代实现；未逐行语义研读；当前关键参数与随机消费者依据其他列明定点源
official/src/pke/include/encoding/encodingparams.h	11542	43188eae044e9be0ad4e7bbd1262a768e5679789882c7ffa7504749ed2d5f053	df495ba2e91739a6dc8f1de254fc5a41155ce504	src/pke/include/encoding/encodingparams.h	a1afb81d45eb782947df94fb2dce07d0e7aa2663	bytes+sha256+supplied_git_blob_sha1	HASH_INDEX_ONLY		0			0	0	随包依赖/通用接口/替代实现；未逐行语义研读；当前关键参数与随机消费者依据其他列明定点源
official/src/pke/include/encoding/encodings.h	2079	90e114856fc98c36db188e61abe1aa5a50d96c05fd4589e71c04809933c06c16	df495ba2e91739a6dc8f1de254fc5a41155ce504	src/pke/include/encoding/encodings.h	2dabc4033a65fd94a67c8782e64eda955ec7dca6	bytes+sha256+supplied_git_blob_sha1	HASH_INDEX_ONLY		0			0	0	随包依赖/通用接口/替代实现；未逐行语义研读；当前关键参数与随机消费者依据其他列明定点源
official/src/pke/include/encoding/packedencoding.h	9224	26d764b7e239d8bb553bda80de5fd5cb72f63b21a3e6ead4b64c8fac212f15fb	df495ba2e91739a6dc8f1de254fc5a41155ce504	src/pke/include/encoding/packedencoding.h	48dcb63046c7f5cd33feb15c75c94aaa3cb2c829	bytes+sha256+supplied_git_blob_sha1	HASH_INDEX_ONLY		0			0	0	随包依赖/通用接口/替代实现；未逐行语义研读；当前关键参数与随机消费者依据其他列明定点源
official/src/pke/include/encoding/plaintext-fwd.h	2117	61116e9012d0912fef08ea076441f7567262c7fba5e4c92d5f21a3c6a3095d6c	df495ba2e91739a6dc8f1de254fc5a41155ce504	src/pke/include/encoding/plaintext-fwd.h	80431e022ca5e108ca3f6d9eb8bedea25e424f83	bytes+sha256+supplied_git_blob_sha1	HASH_INDEX_ONLY		0			0	0	随包依赖/通用接口/替代实现；未逐行语义研读；当前关键参数与随机消费者依据其他列明定点源
official/src/pke/include/encoding/plaintext.h	13953	8736ff85fa9366cc06a30d43a40e8dcaa55a240c9f2c881c880eb79f3cc340cb	df495ba2e91739a6dc8f1de254fc5a41155ce504	src/pke/include/encoding/plaintext.h	19d32771478cd5365248d5a6630e28b7501b47fb	bytes+sha256+supplied_git_blob_sha1	HASH_INDEX_ONLY		0			0	0	随包依赖/通用接口/替代实现；未逐行语义研读；当前关键参数与随机消费者依据其他列明定点源
official/src/pke/include/encoding/plaintextfactory.h	6826	16f788d3e4cc32e8831bcbe7009f99a05e6ef6f0496c19e6e119e821f98b61a7	df495ba2e91739a6dc8f1de254fc5a41155ce504	src/pke/include/encoding/plaintextfactory.h	a28c475d70d786b0f63ced2bcbcd116642b9a703	bytes+sha256+supplied_git_blob_sha1	HASH_INDEX_ONLY		0			0	0	随包依赖/通用接口/替代实现；未逐行语义研读；当前关键参数与随机消费者依据其他列明定点源
official/src/pke/include/encoding/stringencoding.h	4747	c4884d0a19cc9f9181d749ff4d57e75e2b9e2e078dad2e89c0e0780c7783f089	df495ba2e91739a6dc8f1de254fc5a41155ce504	src/pke/include/encoding/stringencoding.h	34c9c2094ca7cd7b1ef74878001b657b7db89178	bytes+sha256+supplied_git_blob_sha1	HASH_INDEX_ONLY		0			0	0	随包依赖/通用接口/替代实现；未逐行语义研读；当前关键参数与随机消费者依据其他列明定点源
official/src/pke/include/gen-cryptocontext.h	4159	34696aeea6386766d0b53828480271ba0411c2c7d242e1b35d1299f6384fc2ca	df495ba2e91739a6dc8f1de254fc5a41155ce504	src/pke/include/gen-cryptocontext.h	1201b7a1e6600ca9d2f6c4be2049b25fdfb573a1	bytes+sha256+supplied_git_blob_sha1	HASH_INDEX_ONLY		0			0	0	随包依赖/通用接口/替代实现；未逐行语义研读；当前关键参数与随机消费者依据其他列明定点源
official/src/pke/include/globals.h	2737	8e2fbf6c42155aec213251417bb66d808fd6979e57b844c27750d43060d0771a	df495ba2e91739a6dc8f1de254fc5a41155ce504	src/pke/include/globals.h	3f125960cbfd597d205978378ad4f81e5265c814	bytes+sha256+supplied_git_blob_sha1	HASH_INDEX_ONLY		0			0	0	随包依赖/通用接口/替代实现；未逐行语义研读；当前关键参数与随机消费者依据其他列明定点源
official/src/pke/include/key/README.md	1144	8b047038f86e946e9552a677dac1c2730aff7e13f2b042d5c825bb578812084f	df495ba2e91739a6dc8f1de254fc5a41155ce504	src/pke/include/key/README.md	da8ffd3cbbbf113a82cc9efe612d1529f438aaff	bytes+sha256+supplied_git_blob_sha1	HASH_INDEX_ONLY		0			0	0	随包依赖/通用接口/替代实现；未逐行语义研读；当前关键参数与随机消费者依据其他列明定点源
official/src/pke/include/key/evalkey-fwd.h	2031	77bed1ee3213ac9a0f13820e96dec00b77eb7d08fd57d9c55a28b604eb694d63	df495ba2e91739a6dc8f1de254fc5a41155ce504	src/pke/include/key/evalkey-fwd.h	0f96190f621f6014d18f71c0e917343976fc5f08	bytes+sha256+supplied_git_blob_sha1	HASH_INDEX_ONLY		0			0	0	随包依赖/通用接口/替代实现；未逐行语义研读；当前关键参数与随机消费者依据其他列明定点源
official/src/pke/include/key/evalkey.h	5060	f01f5049cc9eeb1a9401f1d5e73951ee30e1367255206752b429ee6eec424aad	df495ba2e91739a6dc8f1de254fc5a41155ce504	src/pke/include/key/evalkey.h	c2ff1b17cb0752a5cb65a53b4e1c4cbfe39c32c9	bytes+sha256+supplied_git_blob_sha1	HASH_INDEX_ONLY		0			0	0	随包依赖/通用接口/替代实现；未逐行语义研读；当前关键参数与随机消费者依据其他列明定点源
official/src/pke/include/key/evalkeyrelin-fwd.h	2066	4d4d4b59d9f8bc07b15aa8e1a1a05d1c4a8879ecc27252c4a0b3d803d3522d8e	df495ba2e91739a6dc8f1de254fc5a41155ce504	src/pke/include/key/evalkeyrelin-fwd.h	23956dd37a75417219604ec7c58fcc4bfb931580	bytes+sha256+supplied_git_blob_sha1	HASH_INDEX_ONLY		0			0	0	随包依赖/通用接口/替代实现；未逐行语义研读；当前关键参数与随机消费者依据其他列明定点源
official/src/pke/include/key/evalkeyrelin.h	6595	8289c28cfdaec2de15c7eb1a15fdc33ffe19f7ba23f1f66d4c08d62b2bd01358	df495ba2e91739a6dc8f1de254fc5a41155ce504	src/pke/include/key/evalkeyrelin.h	8ea9462d3d575a7c02905d42202e98e7eee14d5b	bytes+sha256+supplied_git_blob_sha1	HASH_INDEX_ONLY		0			0	0	随包依赖/通用接口/替代实现；未逐行语义研读；当前关键参数与随机消费者依据其他列明定点源
official/src/pke/include/key/key-ser.h	2170	1eb52f323d7d697fb0d5161c33fc9d495f96abc905aa56fb38d08b2e06ccd80d	df495ba2e91739a6dc8f1de254fc5a41155ce504	src/pke/include/key/key-ser.h	8a221c532003f963d4a68fb1a7ff0cc4793a8bef	bytes+sha256+supplied_git_blob_sha1	HASH_INDEX_ONLY		0			0	0	随包依赖/通用接口/替代实现；未逐行语义研读；当前关键参数与随机消费者依据其他列明定点源
official/src/pke/include/key/key.h	2762	752d961d550a2dc3c9f666a7b32fd9696887b7c523b629390d85c2d44532329d	df495ba2e91739a6dc8f1de254fc5a41155ce504	src/pke/include/key/key.h	6337c5107b65633fdb47bcbdd26ebf3631bafc8f	bytes+sha256+supplied_git_blob_sha1	HASH_INDEX_ONLY		0			0	0	随包依赖/通用接口/替代实现；未逐行语义研读；当前关键参数与随机消费者依据其他列明定点源
official/src/pke/include/key/keypair.h	2395	09eebe073719e67d6b0be4d890380e3dfa05d696a27191bf05b15a5b615c9b41	df495ba2e91739a6dc8f1de254fc5a41155ce504	src/pke/include/key/keypair.h	4099cb6ee1e6acb5f2516c243a2271cffb3d0ae4	bytes+sha256+supplied_git_blob_sha1	HASH_INDEX_ONLY		0			0	0	随包依赖/通用接口/替代实现；未逐行语义研读；当前关键参数与随机消费者依据其他列明定点源
official/src/pke/include/key/privatekey-fwd.h	2052	cb95e01b17c0b895cffb9ca19d848189e3209511d8981292de406567c0ba89bf	df495ba2e91739a6dc8f1de254fc5a41155ce504	src/pke/include/key/privatekey-fwd.h	b0b44c1f16992f56c579c46aae822cd4bbcfcf95	bytes+sha256+supplied_git_blob_sha1	HASH_INDEX_ONLY		0			0	0	随包依赖/通用接口/替代实现；未逐行语义研读；当前关键参数与随机消费者依据其他列明定点源
official/src/pke/include/key/privatekey.h	5593	45a9c659544bec8e81620703800c2a46ecb65e00ab71c29da8d9afb16abbdf58	df495ba2e91739a6dc8f1de254fc5a41155ce504	src/pke/include/key/privatekey.h	776357003963ef925910a2848fe3e4c19da92826	bytes+sha256+supplied_git_blob_sha1	TARGETED_SEMANTIC_SOURCES	50-118	1	R22:GenerateUniqueKeyID / PrivateKeyImpl:L50-L118	B; random tags consume stream	0	0	仅引用函数/行域参与定点语义研究；显示请求可能含工具输出截断，不能据此声称全部请求行或整文件逐行审完
official/src/pke/include/key/publickey-fwd.h	2045	e06a1cd29b408f3fe01b9f61875c3ef61d5fed6e5d0766e62ebbc382cd35c70f	df495ba2e91739a6dc8f1de254fc5a41155ce504	src/pke/include/key/publickey-fwd.h	2ad0b96499dcf01414f0016e9708987bda306b70	bytes+sha256+supplied_git_blob_sha1	HASH_INDEX_ONLY		0			0	0	随包依赖/通用接口/替代实现；未逐行语义研读；当前关键参数与随机消费者依据其他列明定点源
official/src/pke/include/key/publickey.h	5256	fab81bb019d71a95ae3bfd6f465637d29b86e6705c5bff3645708c819fa698c3	df495ba2e91739a6dc8f1de254fc5a41155ce504	src/pke/include/key/publickey.h	58a7551a7113eb728139d88124fb34e9fe1048dd	bytes+sha256+supplied_git_blob_sha1	HASH_INDEX_ONLY		0			0	0	随包依赖/通用接口/替代实现；未逐行语义研读；当前关键参数与随机消费者依据其他列明定点源
official/src/pke/include/keyswitch/README.md	1873	ff663056a31e0e07f588846663db3bcb2be6b33da04fd553ed6c24a2c640df3e	df495ba2e91739a6dc8f1de254fc5a41155ce504	src/pke/include/keyswitch/README.md	a674d4f366b18a5b8e385e79cec246926660b126	bytes+sha256+supplied_git_blob_sha1	HASH_INDEX_ONLY		0			0	0	随包依赖/通用接口/替代实现；未逐行语义研读；当前关键参数与随机消费者依据其他列明定点源
official/src/pke/include/keyswitch/keyswitch-base.h	5464	be660e645f7519647a591b3fedbe8cc88dfa31ad502078e65f14bda601b6fa24	df495ba2e91739a6dc8f1de254fc5a41155ce504	src/pke/include/keyswitch/keyswitch-base.h	9196a198b69113ecda18d0620bf245c65b29f3a8	bytes+sha256+supplied_git_blob_sha1	HASH_INDEX_ONLY		0			0	0	随包依赖/通用接口/替代实现；未逐行语义研读；当前关键参数与随机消费者依据其他列明定点源
official/src/pke/include/keyswitch/keyswitch-bv.h	4585	263b870e80e8ac5d89f85b62e77f3621d3a2c3030f2010731af824a81afb676e	df495ba2e91739a6dc8f1de254fc5a41155ce504	src/pke/include/keyswitch/keyswitch-bv.h	df62cd4f81759fd1b382b12c5b8004d1fb530a02	bytes+sha256+supplied_git_blob_sha1	HASH_INDEX_ONLY		0			0	0	随包依赖/通用接口/替代实现；未逐行语义研读；当前关键参数与随机消费者依据其他列明定点源
official/src/pke/include/keyswitch/keyswitch-hybrid.h	5480	863d23b8e941fc41734bcc0001f095bc1be645f1e8dcdb11dcdd7603efc5d4e7	df495ba2e91739a6dc8f1de254fc5a41155ce504	src/pke/include/keyswitch/keyswitch-hybrid.h	df17a4dccd580322e8216f0e80852dbe233a8b61	bytes+sha256+supplied_git_blob_sha1	HASH_INDEX_ONLY		0			0	0	随包依赖/通用接口/替代实现；未逐行语义研读；当前关键参数与随机消费者依据其他列明定点源
official/src/pke/include/keyswitch/keyswitch-rns.h	2673	34d0ae632e264f66901b7ca921880a5ab9a3ef9319c7f5dd929477120a457ccf	df495ba2e91739a6dc8f1de254fc5a41155ce504	src/pke/include/keyswitch/keyswitch-rns.h	d4984a4826e23b9417f571a02199af01087cc80a	bytes+sha256+supplied_git_blob_sha1	HASH_INDEX_ONLY		0			0	0	随包依赖/通用接口/替代实现；未逐行语义研读；当前关键参数与随机消费者依据其他列明定点源
official/src/pke/include/metadata-ser.h	1912	009d9ea283e2ae0813f9e11332f10b1855fc09b10eee56a44ce20c46f3ff3a09	df495ba2e91739a6dc8f1de254fc5a41155ce504	src/pke/include/metadata-ser.h	46d2580413078adca52157c79d581fd4fda0636e	bytes+sha256+supplied_git_blob_sha1	HASH_INDEX_ONLY		0			0	0	随包依赖/通用接口/替代实现；未逐行语义研读；当前关键参数与随机消费者依据其他列明定点源
official/src/pke/include/metadata.h	4247	d4fad5cb8560247436ea2c31cc97d933c0f81ea00a33115beb6c8652afd199da	df495ba2e91739a6dc8f1de254fc5a41155ce504	src/pke/include/metadata.h	8a08c6fea14f09b6dcae8d3f97cbebdce036078a	bytes+sha256+supplied_git_blob_sha1	HASH_INDEX_ONLY		0			0	0	随包依赖/通用接口/替代实现；未逐行语义研读；当前关键参数与随机消费者依据其他列明定点源
official/src/pke/include/openfhe.h	2878	7d6a5a10e6f7c3d4cfa533f3b4876948c1295c65894962eecaf13a90b4dfafde	df495ba2e91739a6dc8f1de254fc5a41155ce504	src/pke/include/openfhe.h	a1ea17f58295977dd5018daefc340afa27cce755	bytes+sha256+supplied_git_blob_sha1	HASH_INDEX_ONLY		0			0	0	随包依赖/通用接口/替代实现；未逐行语义研读；当前关键参数与随机消费者依据其他列明定点源
official/src/pke/include/scheme/README.md	0	e3b0c44298fc1c149afbf4c8996fb92427ae41e4649b934ca495991b7852b855	df495ba2e91739a6dc8f1de254fc5a41155ce504	src/pke/include/scheme/README.md	e69de29bb2d1d6434b8b29ae775ad8c2e48c5391	bytes+sha256+supplied_git_blob_sha1	HASH_INDEX_ONLY		0			0	0	随包依赖/通用接口/替代实现；未逐行语义研读；当前关键参数与随机消费者依据其他列明定点源
official/src/pke/include/scheme/bfvrns/bfvrns-advancedshe.h	2454	5b6437f5c6b5a3162205d10ec5e2571dac5da1dfad3927b02cd36c6fe47ea513	df495ba2e91739a6dc8f1de254fc5a41155ce504	src/pke/include/scheme/bfvrns/bfvrns-advancedshe.h	1d24c94601ff4d2876dfe837ed93c1b6797b1142	bytes+sha256+supplied_git_blob_sha1	HASH_INDEX_ONLY		0			0	0	未启用算法/模式；只登记依赖文件身份，不枚举该算法全部实现
official/src/pke/include/scheme/bfvrns/bfvrns-cryptoparameters.h	6257	bf11b6178ff4735714e54dd30428ace80acf322f3defa72c07940ed04c369c74	df495ba2e91739a6dc8f1de254fc5a41155ce504	src/pke/include/scheme/bfvrns/bfvrns-cryptoparameters.h	ed074d2ec9c31e5f14a56a9331e13ca37c22c2ea	bytes+sha256+supplied_git_blob_sha1	HASH_INDEX_ONLY		0			0	0	未启用算法/模式；只登记依赖文件身份，不枚举该算法全部实现
official/src/pke/include/scheme/bfvrns/bfvrns-fhe.h	2382	d05c7550bacde6c8353d98c1bdfd2c03302b9cefddd423ca3be071b86a88b3b7	df495ba2e91739a6dc8f1de254fc5a41155ce504	src/pke/include/scheme/bfvrns/bfvrns-fhe.h	6297ede91b7445f9e56529fcbe5e635a5d16c693	bytes+sha256+supplied_git_blob_sha1	HASH_INDEX_ONLY		0			0	0	未启用算法/模式；只登记依赖文件身份，不枚举该算法全部实现
official/src/pke/include/scheme/bfvrns/bfvrns-leveledshe.h	7659	7d1d0c18201473351688cacbc57c7814b9f341dde4b490f4e8063c5503a89811	df495ba2e91739a6dc8f1de254fc5a41155ce504	src/pke/include/scheme/bfvrns/bfvrns-leveledshe.h	ed585bc5aebdd3cf0cab696ae995e75ba7319e9e	bytes+sha256+supplied_git_blob_sha1	HASH_INDEX_ONLY		0			0	0	未启用算法/模式；只登记依赖文件身份，不枚举该算法全部实现
official/src/pke/include/scheme/bfvrns/bfvrns-multiparty.h	3241	c151d97ab0550378599e5f53e647a2e0be98e4a047a68d0b52ef5992e3931803	df495ba2e91739a6dc8f1de254fc5a41155ce504	src/pke/include/scheme/bfvrns/bfvrns-multiparty.h	a522a6ca70f03134b336b20cdaabe411540014ca	bytes+sha256+supplied_git_blob_sha1	HASH_INDEX_ONLY		0			0	0	未启用算法/模式；只登记依赖文件身份，不枚举该算法全部实现
official/src/pke/include/scheme/bfvrns/bfvrns-parametergeneration.h	2772	470b9dede4e037f06aef163b44606eef157477512964968419078b050dfda0f9	df495ba2e91739a6dc8f1de254fc5a41155ce504	src/pke/include/scheme/bfvrns/bfvrns-parametergeneration.h	8047f54e6f59fb4d6b18e73127c4cb4acb5a9a60	bytes+sha256+supplied_git_blob_sha1	HASH_INDEX_ONLY		0			0	0	未启用算法/模式；只登记依赖文件身份，不枚举该算法全部实现
official/src/pke/include/scheme/bfvrns/bfvrns-pke.h	4777	9cfd0c392c4bff32a9d0984ee570418ae3d3e53b7033af049919522173b7596a	df495ba2e91739a6dc8f1de254fc5a41155ce504	src/pke/include/scheme/bfvrns/bfvrns-pke.h	f72f76f77c0db4e05849ae5af9248823fb2a9bd4	bytes+sha256+supplied_git_blob_sha1	HASH_INDEX_ONLY		0			0	0	未启用算法/模式；只登记依赖文件身份，不枚举该算法全部实现
official/src/pke/include/scheme/bfvrns/bfvrns-pre.h	2382	2384159172d05423f983f3ec0cff70a75ec8917a7c62cd39ad9c401a575c735d	df495ba2e91739a6dc8f1de254fc5a41155ce504	src/pke/include/scheme/bfvrns/bfvrns-pre.h	735f61f00912a25068be2187927942fc885994a1	bytes+sha256+supplied_git_blob_sha1	HASH_INDEX_ONLY		0			0	0	未启用算法/模式；只登记依赖文件身份，不枚举该算法全部实现
official/src/pke/include/scheme/bfvrns/bfvrns-scheme.h	3137	08eb047346533bcbe73e5180c5ee2005f1de9813ea65aec6bb20a07054d0bfc6	df495ba2e91739a6dc8f1de254fc5a41155ce504	src/pke/include/scheme/bfvrns/bfvrns-scheme.h	49f69b279e0f7b18cc08d37a35b3b504fbb3d4eb	bytes+sha256+supplied_git_blob_sha1	HASH_INDEX_ONLY		0			0	0	未启用算法/模式；只登记依赖文件身份，不枚举该算法全部实现
official/src/pke/include/scheme/bfvrns/bfvrns-ser.h	2214	81fe1298a5f3015e09feab4b4ae66ff4b04b2aca27b92de91dd420d3393c8dc1	df495ba2e91739a6dc8f1de254fc5a41155ce504	src/pke/include/scheme/bfvrns/bfvrns-ser.h	c3969cfcde2d80cd5417f316ebc87c499185bb9e	bytes+sha256+supplied_git_blob_sha1	HASH_INDEX_ONLY		0			0	0	未启用算法/模式；只登记依赖文件身份，不枚举该算法全部实现
official/src/pke/include/scheme/bfvrns/gen-cryptocontext-bfvrns-internal.h	4465	9c26fa31f983fb082245b5488500ea3a1a5454d9e2192131af9d0b7b3cf9aa3b	df495ba2e91739a6dc8f1de254fc5a41155ce504	src/pke/include/scheme/bfvrns/gen-cryptocontext-bfvrns-internal.h	abd12b64db58d4987fbfb30ad52d4c11e7187eee	bytes+sha256+supplied_git_blob_sha1	HASH_INDEX_ONLY		0			0	0	未启用算法/模式；只登记依赖文件身份，不枚举该算法全部实现
official/src/pke/include/scheme/bfvrns/gen-cryptocontext-bfvrns-params.h	4643	31e77a3dca8d24187031a5738e233bdd60bcb02706bd451d8e1f710496e13e47	df495ba2e91739a6dc8f1de254fc5a41155ce504	src/pke/include/scheme/bfvrns/gen-cryptocontext-bfvrns-params.h	f16e49ff715c2bc6f1ede15a4421392541ec3126	bytes+sha256+supplied_git_blob_sha1	HASH_INDEX_ONLY		0			0	0	未启用算法/模式；只登记依赖文件身份，不枚举该算法全部实现
official/src/pke/include/scheme/bfvrns/gen-cryptocontext-bfvrns.h	2884	d61db368d19e61dea3f600b0b0552663308286931def5464685dae337ee92df7	df495ba2e91739a6dc8f1de254fc5a41155ce504	src/pke/include/scheme/bfvrns/gen-cryptocontext-bfvrns.h	7e10107ca575dd732f07135874e2f0bac2a36d58	bytes+sha256+supplied_git_blob_sha1	HASH_INDEX_ONLY		0			0	0	未启用算法/模式；只登记依赖文件身份，不枚举该算法全部实现
official/src/pke/include/scheme/bgvrns/bgvrns-advancedshe.h	2455	5d71a5720536808c2fe98ce55810fb544c80fa0312e32fa8381a538ba82e3698	df495ba2e91739a6dc8f1de254fc5a41155ce504	src/pke/include/scheme/bgvrns/bgvrns-advancedshe.h	063b16e912a44acc23341b38fb45dea4bbec2406	bytes+sha256+supplied_git_blob_sha1	HASH_INDEX_ONLY		0			0	0	未启用算法/模式；只登记依赖文件身份，不枚举该算法全部实现
official/src/pke/include/scheme/bgvrns/bgvrns-cryptoparameters.h	6167	4065582df6b6ae980e3ff7cd24308d3722d7731a55d08c19dc44f3a66fba8a08	df495ba2e91739a6dc8f1de254fc5a41155ce504	src/pke/include/scheme/bgvrns/bgvrns-cryptoparameters.h	d4f87b8b95b7db9b498b8b943a12bdc147eafa9f	bytes+sha256+supplied_git_blob_sha1	HASH_INDEX_ONLY		0			0	0	未启用算法/模式；只登记依赖文件身份，不枚举该算法全部实现
official/src/pke/include/scheme/bgvrns/bgvrns-fhe.h	2382	72dc29d0fde0838a4ecbccccfa2e798108b86454c0e34c4982e0b955b90e99d8	df495ba2e91739a6dc8f1de254fc5a41155ce504	src/pke/include/scheme/bgvrns/bgvrns-fhe.h	18fab04a66aaad9a2377bb607f6926113811a8d4	bytes+sha256+supplied_git_blob_sha1	HASH_INDEX_ONLY		0			0	0	未启用算法/模式；只登记依赖文件身份，不枚举该算法全部实现
official/src/pke/include/scheme/bgvrns/bgvrns-leveledshe.h	3718	8dc6671afe2c7a56c7ae55bfa989d65a5809ea79e984ee1fc612a92029c603d9	df495ba2e91739a6dc8f1de254fc5a41155ce504	src/pke/include/scheme/bgvrns/bgvrns-leveledshe.h	184d6aa2e1266285d0d4c79a444713da02f48c3b	bytes+sha256+supplied_git_blob_sha1	HASH_INDEX_ONLY		0			0	0	未启用算法/模式；只登记依赖文件身份，不枚举该算法全部实现
official/src/pke/include/scheme/bgvrns/bgvrns-multiparty.h	2758	573b999ad4b27895f9e26fa6822ccc82270de4ce6fbab4c3a57db36feac6b71a	df495ba2e91739a6dc8f1de254fc5a41155ce504	src/pke/include/scheme/bgvrns/bgvrns-multiparty.h	8c2ff4525a4919c2c08a5657d5ac0817590073e9	bytes+sha256+supplied_git_blob_sha1	HASH_INDEX_ONLY		0			0	0	未启用算法/模式；只登记依赖文件身份，不枚举该算法全部实现
official/src/pke/include/scheme/bgvrns/bgvrns-parametergeneration.h	7139	1eaa524e1451768262c84d33933e48a3aa0a60cbae142bbddf727d8f08d188e7	df495ba2e91739a6dc8f1de254fc5a41155ce504	src/pke/include/scheme/bgvrns/bgvrns-parametergeneration.h	42cd496b270aaceb670cc27b1d0827a7e271bf7d	bytes+sha256+supplied_git_blob_sha1	HASH_INDEX_ONLY		0			0	0	未启用算法/模式；只登记依赖文件身份，不枚举该算法全部实现
official/src/pke/include/scheme/bgvrns/bgvrns-pke.h	3671	ff9c1a4e55975a0c74d0e3c52af896b7ee42c1d75756b9c1a69a6fc8d08e67bb	df495ba2e91739a6dc8f1de254fc5a41155ce504	src/pke/include/scheme/bgvrns/bgvrns-pke.h	6a1a8674893e373656e553c86af93a78a7cfff96	bytes+sha256+supplied_git_blob_sha1	HASH_INDEX_ONLY		0			0	0	未启用算法/模式；只登记依赖文件身份，不枚举该算法全部实现
official/src/pke/include/scheme/bgvrns/bgvrns-pre.h	2382	2e843b02178906e8c4ca04f330e3da1d361239af982ca72ea1c424c7d9124092	df495ba2e91739a6dc8f1de254fc5a41155ce504	src/pke/include/scheme/bgvrns/bgvrns-pre.h	15ca4410f5900cbb6b2268797e40a973bc05b9ec	bytes+sha256+supplied_git_blob_sha1	HASH_INDEX_ONLY		0			0	0	未启用算法/模式；只登记依赖文件身份，不枚举该算法全部实现
official/src/pke/include/scheme/bgvrns/bgvrns-scheme.h	2868	dfa4f7a02306ab1b8a56fb150cbbe22c2e96197c1e5506311e038f139fa7aa7c	df495ba2e91739a6dc8f1de254fc5a41155ce504	src/pke/include/scheme/bgvrns/bgvrns-scheme.h	31f53df98931dbb068a8a5c0a0b40e96b332ec41	bytes+sha256+supplied_git_blob_sha1	HASH_INDEX_ONLY		0			0	0	未启用算法/模式；只登记依赖文件身份，不枚举该算法全部实现
official/src/pke/include/scheme/bgvrns/bgvrns-ser.h	2303	72df8a32ea9ed41867d55abdcca48e7771c099226e98ffbada812ffaaf5c222f	df495ba2e91739a6dc8f1de254fc5a41155ce504	src/pke/include/scheme/bgvrns/bgvrns-ser.h	5535e7d1cb9f19f346da29d8683a71ed44287f43	bytes+sha256+supplied_git_blob_sha1	HASH_INDEX_ONLY		0			0	0	未启用算法/模式；只登记依赖文件身份，不枚举该算法全部实现
official/src/pke/include/scheme/bgvrns/gen-cryptocontext-bgvrns-internal.h	4926	e4c629ec0a3b0ee60b3b28058f6170e7402d93dd339b671b605cc1c74516f75a	df495ba2e91739a6dc8f1de254fc5a41155ce504	src/pke/include/scheme/bgvrns/gen-cryptocontext-bgvrns-internal.h	4e05af317fb7db64444350f952ac605a8349b1fd	bytes+sha256+supplied_git_blob_sha1	HASH_INDEX_ONLY		0			0	0	未启用算法/模式；只登记依赖文件身份，不枚举该算法全部实现
official/src/pke/include/scheme/bgvrns/gen-cryptocontext-bgvrns-params.h	4265	26ffe6d563d91edbac8fc694a622336ea44ae1e3008a0f0c82be918b450cb6f3	df495ba2e91739a6dc8f1de254fc5a41155ce504	src/pke/include/scheme/bgvrns/gen-cryptocontext-bgvrns-params.h	9523091f21412fd44aa3934d896fe5691c2ac963	bytes+sha256+supplied_git_blob_sha1	HASH_INDEX_ONLY		0			0	0	未启用算法/模式；只登记依赖文件身份，不枚举该算法全部实现
official/src/pke/include/scheme/bgvrns/gen-cryptocontext-bgvrns.h	2880	ad04da7cc0b64fc289ec290e13cc747b9e0688dd21ea9ed1fbe70a0cf8b5712f	df495ba2e91739a6dc8f1de254fc5a41155ce504	src/pke/include/scheme/bgvrns/gen-cryptocontext-bgvrns.h	7277b97be90518d7af098bcd437ffbae776da3b5	bytes+sha256+supplied_git_blob_sha1	HASH_INDEX_ONLY		0			0	0	未启用算法/模式；只登记依赖文件身份，不枚举该算法全部实现
official/src/pke/include/scheme/ckksrns/README.md	205	22f8c9a80318137236428cb4446b1d1d175fd4de1139d156bd5bb7394e5708df	df495ba2e91739a6dc8f1de254fc5a41155ce504	src/pke/include/scheme/ckksrns/README.md	f573b5d17ceac7975f4ce2eb0b9c47d4df1a76a4	bytes+sha256+supplied_git_blob_sha1	HASH_INDEX_ONLY		0			0	0	随包依赖/通用接口/替代实现；未逐行语义研读；当前关键参数与随机消费者依据其他列明定点源
official/src/pke/include/scheme/ckksrns/ckksrns-advancedshe.h	11347	9d0ea836b2873887eb744c2a8bf091102e0a3c2ae44547524f07f2144c7b89ae	df495ba2e91739a6dc8f1de254fc5a41155ce504	src/pke/include/scheme/ckksrns/ckksrns-advancedshe.h	f3e569f7d15164acab8b63b780f058c14a4cf7d1	bytes+sha256+supplied_git_blob_sha1	HASH_INDEX_ONLY		0			0	0	随包依赖/通用接口/替代实现；未逐行语义研读；当前关键参数与随机消费者依据其他列明定点源
official/src/pke/include/scheme/ckksrns/ckksrns-cryptoparameters.h	7505	b10acefbde0e36e7eb1c15e73d117a15e913221bbc5d19ce80768cc546192d54	df495ba2e91739a6dc8f1de254fc5a41155ce504	src/pke/include/scheme/ckksrns/ckksrns-cryptoparameters.h	d78ed2c37f65d86adcf8e9005e108361cd711c57	bytes+sha256+supplied_git_blob_sha1	HASH_INDEX_ONLY		0			0	0	随包依赖/通用接口/替代实现；未逐行语义研读；当前关键参数与随机消费者依据其他列明定点源
official/src/pke/include/scheme/ckksrns/ckksrns-fhe.h	44695	8a97fceefe5cf5ebd3308cd11945dfb0ac2dc94d66ec1b89db3205ce7aefe4b1	df495ba2e91739a6dc8f1de254fc5a41155ce504	src/pke/include/scheme/ckksrns/ckksrns-fhe.h	63c036db04d9687d27d69944cbfdfdf6d938684f	bytes+sha256+supplied_git_blob_sha1	HASH_INDEX_ONLY		0			0	0	随包依赖/通用接口/替代实现；未逐行语义研读；当前关键参数与随机消费者依据其他列明定点源
official/src/pke/include/scheme/ckksrns/ckksrns-leveledshe.h	7729	f76b151d2eea047dcf6a19a2a61cb2530357bef5d7af09215792af6a07b44c0d	df495ba2e91739a6dc8f1de254fc5a41155ce504	src/pke/include/scheme/ckksrns/ckksrns-leveledshe.h	52bf074b2ee43ea1a300c715f108fd775edf32e4	bytes+sha256+supplied_git_blob_sha1	HASH_INDEX_ONLY		0			0	0	随包依赖/通用接口/替代实现；未逐行语义研读；当前关键参数与随机消费者依据其他列明定点源
official/src/pke/include/scheme/ckksrns/ckksrns-multiparty.h	4210	7453ac089951214109a73bbb155115a3018c79dba369fe239a3af65f94239a2e	df495ba2e91739a6dc8f1de254fc5a41155ce504	src/pke/include/scheme/ckksrns/ckksrns-multiparty.h	3533911e92555e3675703e15b045117c2148836c	bytes+sha256+supplied_git_blob_sha1	HASH_INDEX_ONLY		0			0	0	未启用算法/模式；只登记依赖文件身份，不枚举该算法全部实现
official/src/pke/include/scheme/ckksrns/ckksrns-parametergeneration.h	3471	69ad1c9b815e1b850d613cb547217487b9ed74f4adf228155a65ca9c3d56b215	df495ba2e91739a6dc8f1de254fc5a41155ce504	src/pke/include/scheme/ckksrns/ckksrns-parametergeneration.h	7fe0c54a3a7a7d787e4ff4545ebb95e1e20964b6	bytes+sha256+supplied_git_blob_sha1	HASH_INDEX_ONLY		0			0	0	随包依赖/通用接口/替代实现；未逐行语义研读；当前关键参数与随机消费者依据其他列明定点源
official/src/pke/include/scheme/ckksrns/ckksrns-pke.h	3495	7b5c02defc5887e9b7c6ada890768523387cb254af12f4e7a83705f7701fd449	df495ba2e91739a6dc8f1de254fc5a41155ce504	src/pke/include/scheme/ckksrns/ckksrns-pke.h	203cbd0742e5fc75997c08af7a24c643a2187ca2	bytes+sha256+supplied_git_blob_sha1	HASH_INDEX_ONLY		0			0	0	随包依赖/通用接口/替代实现；未逐行语义研读；当前关键参数与随机消费者依据其他列明定点源
official/src/pke/include/scheme/ckksrns/ckksrns-pre.h	2396	c45981245936574f3840a9b0719e8daa1a544bcfa5a2d0ecbfdb0990cb8214b1	df495ba2e91739a6dc8f1de254fc5a41155ce504	src/pke/include/scheme/ckksrns/ckksrns-pre.h	767e18317e35b08485c6f9cd953da02e428561f7	bytes+sha256+supplied_git_blob_sha1	HASH_INDEX_ONLY		0			0	0	随包依赖/通用接口/替代实现；未逐行语义研读；当前关键参数与随机消费者依据其他列明定点源
official/src/pke/include/scheme/ckksrns/ckksrns-scheme.h	3222	b7c4802ca935ac6671a3a64bf25209f71d69becb715686d3f23d34533c08dc53	df495ba2e91739a6dc8f1de254fc5a41155ce504	src/pke/include/scheme/ckksrns/ckksrns-scheme.h	ef1e881fbd7cc5f9d9b1e65aa06fa6666c4b96d8	bytes+sha256+supplied_git_blob_sha1	HASH_INDEX_ONLY		0			0	0	随包依赖/通用接口/替代实现；未逐行语义研读；当前关键参数与随机消费者依据其他列明定点源
official/src/pke/include/scheme/ckksrns/ckksrns-schemeswitching.h	14834	ea9c253ccd76cda6e15d15e5a668a7f5067b0e11bb8085f951b85db4545e67c9	df495ba2e91739a6dc8f1de254fc5a41155ce504	src/pke/include/scheme/ckksrns/ckksrns-schemeswitching.h	46db09a18e5dfff86736b32b68248e59ad55668d	bytes+sha256+supplied_git_blob_sha1	HASH_INDEX_ONLY		0			0	0	随包依赖/通用接口/替代实现；未逐行语义研读；当前关键参数与随机消费者依据其他列明定点源
official/src/pke/include/scheme/ckksrns/ckksrns-ser.h	2403	18520c7df5f64844b5625e6f492d8a022d6c9fe5f99c9f580f1ea58e3a024bb9	df495ba2e91739a6dc8f1de254fc5a41155ce504	src/pke/include/scheme/ckksrns/ckksrns-ser.h	8ea4f888731d81b0b24abfb1ccba844b5b509ce8	bytes+sha256+supplied_git_blob_sha1	HASH_INDEX_ONLY		0			0	0	随包依赖/通用接口/替代实现；未逐行语义研读；当前关键参数与随机消费者依据其他列明定点源
official/src/pke/include/scheme/ckksrns/ckksrns-utils.h	12656	bc7019118fc8984d78d95db6c2ffc0da13f4b29f0922ed2ef0f6a3ad573ff4e1	df495ba2e91739a6dc8f1de254fc5a41155ce504	src/pke/include/scheme/ckksrns/ckksrns-utils.h	bdbd92a291a6051834628761ced20472ffcda5bb	bytes+sha256+supplied_git_blob_sha1	HASH_INDEX_ONLY		0			0	0	随包依赖/通用接口/替代实现；未逐行语义研读；当前关键参数与随机消费者依据其他列明定点源
official/src/pke/include/scheme/ckksrns/gen-cryptocontext-ckksrns-internal.h	6677	803303b2c09df0c41ef143602a06065d9f3fa8fc1d7415f2bd8859755e2ff9cc	df495ba2e91739a6dc8f1de254fc5a41155ce504	src/pke/include/scheme/ckksrns/gen-cryptocontext-ckksrns-internal.h	38a995298e2ed1d8f62b43d86236528f605efbdd	bytes+sha256+supplied_git_blob_sha1	TARGETED_SEMANTIC_SOURCES	35-151	1	U05:genCryptoContextCKKSRNSInternal:L35-L151	A-C; ordinary context path and flooding defaults	0	0	仅引用函数/行域参与定点语义研究；显示请求可能含工具输出截断，不能据此声称全部请求行或整文件逐行审完
official/src/pke/include/scheme/ckksrns/gen-cryptocontext-ckksrns-params.h	4045	aecf373f3cb4c488f19cc1630dcf183172c2116eece4159b1ff4ad8b0bd9d79a	df495ba2e91739a6dc8f1de254fc5a41155ce504	src/pke/include/scheme/ckksrns/gen-cryptocontext-ckksrns-params.h	d26ea577d1f5c1e4566f6f760d128dcc781c8442	bytes+sha256+supplied_git_blob_sha1	TARGETED_SEMANTIC_SOURCES	35-102	2	U04:CCParams<CryptoContextCKKSRNS>:L55-L96	A; A:all disabled CKKS inherited setters; eight disabled setters	0	0	仅引用函数/行域参与定点语义研究；显示请求可能含工具输出截断，不能据此声称全部请求行或整文件逐行审完
official/src/pke/include/scheme/ckksrns/gen-cryptocontext-ckksrns.h	2847	d4edc44d6daacc319c10835f3138b9513f8b8e5762ac39e15299cd89bb33d801	df495ba2e91739a6dc8f1de254fc5a41155ce504	src/pke/include/scheme/ckksrns/gen-cryptocontext-ckksrns.h	80ac5436c6c3f9e8bba4d1ab3cc4b22e32256f68	bytes+sha256+supplied_git_blob_sha1	HASH_INDEX_ONLY		0			0	0	随包依赖/通用接口/替代实现；未逐行语义研读；当前关键参数与随机消费者依据其他列明定点源
official/src/pke/include/scheme/gen-cryptocontext-params-defaults.h	9047	63f6dcf827b3bb31912539a1aef74eb9d6bb4be2648f59f778f866edbe09c17f	df495ba2e91739a6dc8f1de254fc5a41155ce504	src/pke/include/scheme/gen-cryptocontext-params-defaults.h	4fd6c520bd9413bb37c091437fdd869fe052e17f	bytes+sha256+supplied_git_blob_sha1	TARGETED_SEMANTIC_SOURCES	35-105	2	U01:CKKSRNS_SCHEME_DEFAULTS:L46-L87	A; A:pin-specific native64 defaults; all 33 pin-specific defaults	0	0	仅引用函数/行域参与定点语义研究；显示请求可能含工具输出截断，不能据此声称全部请求行或整文件逐行审完
official/src/pke/include/scheme/gen-cryptocontext-params-validation.h	2214	06db33232e94f91c17ecb2d9c58b74e2e981115876b83fdfdecfaab25f503f08	df495ba2e91739a6dc8f1de254fc5a41155ce504	src/pke/include/scheme/gen-cryptocontext-params-validation.h	ddb6cc64f31d1ccce961502a4330a320c5cf2eaf	bytes+sha256+supplied_git_blob_sha1	HASH_INDEX_ONLY		0			0	0	随包依赖/通用接口/替代实现；未逐行语义研读；当前关键参数与随机消费者依据其他列明定点源
official/src/pke/include/scheme/gen-cryptocontext-params.h	17933	ebbd6f4b1664d047d565ca99b776a487717172432126f036e9cb8f486416fec0	df495ba2e91739a6dc8f1de254fc5a41155ce504	src/pke/include/scheme/gen-cryptocontext-params.h	1c53cf5816e9f5d796c82b26adebf7115a86c006	bytes+sha256+supplied_git_blob_sha1	TARGETED_SEMANTIC_SOURCES	45-471	4	U02:getAllParamsDataMembers:L229-L262; U03:Params Set*:L368-L463	32 generic setters; A; A:complete field and setter registry; authoritative 33-field universe	0	0	仅引用函数/行域参与定点语义研究；显示请求可能含工具输出截断，不能据此声称全部请求行或整文件逐行审完
official/src/pke/include/scheme/scheme-id.h	2945	98139eed774b4e834203a70149061f98f318e0fde70c33bf769e777a94341b78	df495ba2e91739a6dc8f1de254fc5a41155ce504	src/pke/include/scheme/scheme-id.h	e4cb4fef2b33d3ea3092c018afbff3f60a05ef2d	bytes+sha256+supplied_git_blob_sha1	HASH_INDEX_ONLY		0			0	0	随包依赖/通用接口/替代实现；未逐行语义研读；当前关键参数与随机消费者依据其他列明定点源
official/src/pke/include/scheme/scheme-swch-params.h	8552	4e91581c521914d8af2fae44953e91c8b70b20e329a8b149fe38914cdbdcf069	df495ba2e91739a6dc8f1de254fc5a41155ce504	src/pke/include/scheme/scheme-swch-params.h	6aa87327d3ea0f01a9f6dd32dc0b68df41d6b33c	bytes+sha256+supplied_git_blob_sha1	HASH_INDEX_ONLY		0			0	0	随包依赖/通用接口/替代实现；未逐行语义研读；当前关键参数与随机消费者依据其他列明定点源
official/src/pke/include/scheme/scheme-utils.h	2301	625760e8d8a64b928533fa5dbced46a98cd79a42e4accd40bc16070b64509fca	df495ba2e91739a6dc8f1de254fc5a41155ce504	src/pke/include/scheme/scheme-utils.h	3cde1f7d5c14646172caa021506816a7ebc6ac89	bytes+sha256+supplied_git_blob_sha1	TARGETED_CONTEXT_DISPLAY	1-55	1		A	0	0	实际请求显示的定点上下文；未将整个文件作为主结论的逐行语义审计；工具截断不能作阅读完成证明
official/src/pke/include/schemebase/base-advancedshe.h	25856	e3fa59fe2cd5a82de54754dc2ee7cc797441962fa551c43cd7d659ff2160a67d	df495ba2e91739a6dc8f1de254fc5a41155ce504	src/pke/include/schemebase/base-advancedshe.h	6d94b5772e159b5edf17279433e2680bdc44a008	bytes+sha256+supplied_git_blob_sha1	HASH_INDEX_ONLY		0			0	0	随包依赖/通用接口/替代实现；未逐行语义研读；当前关键参数与随机消费者依据其他列明定点源
official/src/pke/include/schemebase/base-cryptoparameters.h	7770	b7f5e30106cc5898b495a195f835b304aaabb01e30b5599144637657d159ebfa	df495ba2e91739a6dc8f1de254fc5a41155ce504	src/pke/include/schemebase/base-cryptoparameters.h	23db5705d25fc4a52400fbe330cafe1e45a090b1	bytes+sha256+supplied_git_blob_sha1	TARGETED_SEMANTIC_SOURCES	91-165	1	U15:base Set*:L100-L162	A:base encoding/element params setters; encoding and element params	0	0	仅引用函数/行域参与定点语义研究；显示请求可能含工具输出截断，不能据此声称全部请求行或整文件逐行审完
official/src/pke/include/schemebase/base-fhe.h	27115	7b6f692ab17314b8182764a2854f60abf6e1330067dc825563737fb67bd372dc	df495ba2e91739a6dc8f1de254fc5a41155ce504	src/pke/include/schemebase/base-fhe.h	0ac85dd8c890a13fd0aa0575b7150dcf1670c408	bytes+sha256+supplied_git_blob_sha1	HASH_INDEX_ONLY		0			0	0	随包依赖/通用接口/替代实现；未逐行语义研读；当前关键参数与随机消费者依据其他列明定点源
official/src/pke/include/schemebase/base-leveledshe.h	35349	7c913413da675af7310fbeadf69270086e348fa569bd8bf1987d80a7c9ea1b56	df495ba2e91739a6dc8f1de254fc5a41155ce504	src/pke/include/schemebase/base-leveledshe.h	d2d70a0605c284afafdaae524fa75f47ff72365e	bytes+sha256+supplied_git_blob_sha1	HASH_INDEX_ONLY		0			0	0	随包依赖/通用接口/替代实现；未逐行语义研读；当前关键参数与随机消费者依据其他列明定点源
official/src/pke/include/schemebase/base-multiparty.h	18654	b472199498ee82283ff6707ae076897aeb2973771f92e4b8711d13fe6771bd23	df495ba2e91739a6dc8f1de254fc5a41155ce504	src/pke/include/schemebase/base-multiparty.h	4f373d8635d65cd02e1835319708f6be4f06bd3d	bytes+sha256+supplied_git_blob_sha1	HASH_INDEX_ONLY		0			0	0	未启用算法/模式；只登记依赖文件身份，不枚举该算法全部实现
official/src/pke/include/schemebase/base-parametergeneration.h	6022	f4d073ac5433e136ab04879889f993a888036e32e6aa709cb6b9d49c227bb3d4	df495ba2e91739a6dc8f1de254fc5a41155ce504	src/pke/include/schemebase/base-parametergeneration.h	87f6a3e0984833f87b32bdd648e08d8e45436fce	bytes+sha256+supplied_git_blob_sha1	HASH_INDEX_ONLY		0			0	0	随包依赖/通用接口/替代实现；未逐行语义研读；当前关键参数与随机消费者依据其他列明定点源
official/src/pke/include/schemebase/base-pke.h	5637	c34bc5b4d615076f3f17bc3d7222be810a067d1a2863e1c30f171bc5dcd54a3d	df495ba2e91739a6dc8f1de254fc5a41155ce504	src/pke/include/schemebase/base-pke.h	8b8391c6242665fba1b001e34c422d4aac3f1bc0	bytes+sha256+supplied_git_blob_sha1	HASH_INDEX_ONLY		0			0	0	随包依赖/通用接口/替代实现；未逐行语义研读；当前关键参数与随机消费者依据其他列明定点源
official/src/pke/include/schemebase/base-pre.h	3507	ef765c379bec6b5371d22b9bd6e589484268036fc59c4431d3b16ed7ddb94d73	df495ba2e91739a6dc8f1de254fc5a41155ce504	src/pke/include/schemebase/base-pre.h	fe3646053f09655d40d0fd9354ce78917b4a35a8	bytes+sha256+supplied_git_blob_sha1	HASH_INDEX_ONLY		0			0	0	随包依赖/通用接口/替代实现；未逐行语义研读；当前关键参数与随机消费者依据其他列明定点源
official/src/pke/include/schemebase/base-scheme.h	74489	9140faee557d3aa71f1e9301ea850ebb97f4a0cdd571206b2f6f37ceffff40d0	df495ba2e91739a6dc8f1de254fc5a41155ce504	src/pke/include/schemebase/base-scheme.h	c5725dc95868676c3eddbd785712965f55d2fd60	bytes+sha256+supplied_git_blob_sha1	HASH_INDEX_ONLY		0			0	0	随包依赖/通用接口/替代实现；未逐行语义研读；当前关键参数与随机消费者依据其他列明定点源
official/src/pke/include/schemebase/base-ser.h	2781	f659adb8928a199bcb4ec3c75b004962662e62b8e58a54be9ebd911515392ec2	df495ba2e91739a6dc8f1de254fc5a41155ce504	src/pke/include/schemebase/base-ser.h	d493b61cc939a16da527cd35d12a897eeff54b8a	bytes+sha256+supplied_git_blob_sha1	HASH_INDEX_ONLY		0			0	0	随包依赖/通用接口/替代实现；未逐行语义研读；当前关键参数与随机消费者依据其他列明定点源
official/src/pke/include/schemebase/decrypt-result.h	3761	58d410fddbeccc629fe10bba472ff10a92aaa393578847806bfe88e450f2b34d	df495ba2e91739a6dc8f1de254fc5a41155ce504	src/pke/include/schemebase/decrypt-result.h	fcb4e5b24f185d55dc7ddc4c9cc8aa82d66a9517	bytes+sha256+supplied_git_blob_sha1	HASH_INDEX_ONLY		0			0	0	随包依赖/通用接口/替代实现；未逐行语义研读；当前关键参数与随机消费者依据其他列明定点源
official/src/pke/include/schemebase/rlwe-cryptoparameters.h	21793	36a3231c6df0ddaafb066757c06b70f933136013d5421370257477b832b5245b	df495ba2e91739a6dc8f1de254fc5a41155ce504	src/pke/include/schemebase/rlwe-cryptoparameters.h	a24912a14736c1e417015698e67c535911ac66ef	bytes+sha256+supplied_git_blob_sha1	TARGETED_SEMANTIC_SOURCES	65-210;308-458	2	U13:CryptoParametersRLWE constructors:L65-L125; U14:manual Set*:L319-L451	A-B; A:manual inherited parameter mutations; mutations do not rebuild keys or tables; sigma/noiseScale base values	0	0	仅引用函数/行域参与定点语义研究；显示请求可能含工具输出截断，不能据此声称全部请求行或整文件逐行审完
official/src/pke/include/schemelet/rlwe-mp.h	3709	4239846600752aaca5fff95adecf0a78ff82f08a0d2d89860319373861004d32	df495ba2e91739a6dc8f1de254fc5a41155ce504	src/pke/include/schemelet/rlwe-mp.h	c0aa135dfa50f5ade597db67b4237e9f3ae9794f	bytes+sha256+supplied_git_blob_sha1	HASH_INDEX_ONLY		0			0	0	随包依赖/通用接口/替代实现；未逐行语义研读；当前关键参数与随机消费者依据其他列明定点源
official/src/pke/include/schemerns/rns-advancedshe.h	2612	96d99b2fa5e02cceab9c8d91b9dfb8e2ad3fd794467d9040653958817c79e50c	df495ba2e91739a6dc8f1de254fc5a41155ce504	src/pke/include/schemerns/rns-advancedshe.h	4e9327123e27e9ecc8ed398afe6b58e800678a2d	bytes+sha256+supplied_git_blob_sha1	HASH_INDEX_ONLY		0			0	0	随包依赖/通用接口/替代实现；未逐行语义研读；当前关键参数与随机消费者依据其他列明定点源
official/src/pke/include/schemerns/rns-cryptoparameters.h	61640	29e3d0666c41a36a4a7627fc4dd26487999ed2d81f6e0dd68046624275cb2340	df495ba2e91739a6dc8f1de254fc5a41155ce504	src/pke/include/schemerns/rns-cryptoparameters.h	818b25a8eae100ee422f14b6765b2806cdc5bc5b	bytes+sha256+supplied_git_blob_sha1	TARGETED_SEMANTIC_SOURCES	260-270;605-655	4	U12:GetScalingFactorReal / GetModReduceFactor:L607-L648	A; A:FIXEDMANUAL metadata getters exact branch; FIXEDMANUAL compatibility values	0	0	仅引用函数/行域参与定点语义研究；显示请求可能含工具输出截断，不能据此声称全部请求行或整文件逐行审完
official/src/pke/include/schemerns/rns-fhe.h	2540	b4a74e536977b8baee428d6b543eba56852a25dadb8f8b51e8b07610c4ea3a83	df495ba2e91739a6dc8f1de254fc5a41155ce504	src/pke/include/schemerns/rns-fhe.h	7a71d8584e166fac61b177c2b62cfc087cc2ff9e	bytes+sha256+supplied_git_blob_sha1	HASH_INDEX_ONLY		0			0	0	随包依赖/通用接口/替代实现；未逐行语义研读；当前关键参数与随机消费者依据其他列明定点源
official/src/pke/include/schemerns/rns-leveledshe.h	14839	e11102dd9c25e32c6c644c2e84e86fd752ba372aff028c5f50dade4c769bfd17	df495ba2e91739a6dc8f1de254fc5a41155ce504	src/pke/include/schemerns/rns-leveledshe.h	82a21f63d21e63c37bef260b215f25df04282293	bytes+sha256+supplied_git_blob_sha1	HASH_INDEX_ONLY		0			0	0	随包依赖/通用接口/替代实现；未逐行语义研读；当前关键参数与随机消费者依据其他列明定点源
official/src/pke/include/schemerns/rns-multiparty.h	5223	23e7fe0057fd10741e006d8e7e3b06d2b1583d17f0e97747107ac5dd086d6d55	df495ba2e91739a6dc8f1de254fc5a41155ce504	src/pke/include/schemerns/rns-multiparty.h	7d9f754baca90587384969c728f126dcf266e8d0	bytes+sha256+supplied_git_blob_sha1	HASH_INDEX_ONLY		0			0	0	未启用算法/模式；只登记依赖文件身份，不枚举该算法全部实现
official/src/pke/include/schemerns/rns-parametergeneration.h	2766	3675514b872b5e5ad48b625f93a7fc88c1daad793197a2fcedc2329b50759a86	df495ba2e91739a6dc8f1de254fc5a41155ce504	src/pke/include/schemerns/rns-parametergeneration.h	e767691555a63e3b553fc47ce9439202b597c672	bytes+sha256+supplied_git_blob_sha1	HASH_INDEX_ONLY		0			0	0	随包依赖/通用接口/替代实现；未逐行语义研读；当前关键参数与随机消费者依据其他列明定点源
official/src/pke/include/schemerns/rns-pke.h	5308	1ed5ceb82280ef49fc532635ea85cd49bc7316ade517bdaa09915feaf7b05132	df495ba2e91739a6dc8f1de254fc5a41155ce504	src/pke/include/schemerns/rns-pke.h	cda6ea87811c2f8c3f528ce89ea934a37c6dcaad	bytes+sha256+supplied_git_blob_sha1	HASH_INDEX_ONLY		0			0	0	随包依赖/通用接口/替代实现；未逐行语义研读；当前关键参数与随机消费者依据其他列明定点源
official/src/pke/include/schemerns/rns-pre.h	2787	4cc4550fd6ad5f99fc92a48620851d0d4a2db5e92586de2b4cb22b2a68a262df	df495ba2e91739a6dc8f1de254fc5a41155ce504	src/pke/include/schemerns/rns-pre.h	644bea1bb2d87be1ebc2bf109b5d3ef1185d4cc5	bytes+sha256+supplied_git_blob_sha1	HASH_INDEX_ONLY		0			0	0	随包依赖/通用接口/替代实现；未逐行语义研读；当前关键参数与随机消费者依据其他列明定点源
official/src/pke/include/schemerns/rns-scheme.h	3415	d6a74e2a3b6b8f010a11be32fc7030a030c5044d99f769cd49bc629b035bc6e7	df495ba2e91739a6dc8f1de254fc5a41155ce504	src/pke/include/schemerns/rns-scheme.h	feeacf8bd7b0cb36d0023972d2e611c88c771b88	bytes+sha256+supplied_git_blob_sha1	HASH_INDEX_ONLY		0			0	0	随包依赖/通用接口/替代实现；未逐行语义研读；当前关键参数与随机消费者依据其他列明定点源
official/src/pke/include/schemerns/rns-ser.h	2203	a0e835d09e5f5468c5e44c72b462bad8d1a6e1c020e28d1637d535749018f504	df495ba2e91739a6dc8f1de254fc5a41155ce504	src/pke/include/schemerns/rns-ser.h	7f24cc8018e856d4b1e26e3c7485b53a0c34de3b	bytes+sha256+supplied_git_blob_sha1	HASH_INDEX_ONLY		0			0	0	随包依赖/通用接口/替代实现；未逐行语义研读；当前关键参数与随机消费者依据其他列明定点源
official/src/pke/lib/ciphertext-impl.cpp	2753	719758fa691c83f5375be67ab3bf7f38f907b9709a8a60a7be8208bc51218d2e	df495ba2e91739a6dc8f1de254fc5a41155ce504	src/pke/lib/ciphertext-impl.cpp	20e3be2c6697386e5e92848c7589551dd015ac85	bytes+sha256+supplied_git_blob_sha1	HASH_INDEX_ONLY		0			0	0	随包依赖/通用接口/替代实现；未逐行语义研读；当前关键参数与随机消费者依据其他列明定点源
official/src/pke/lib/constants-impl.cpp	15289	9110433dd013ebb71666fe413fd10a2ff060de61668b4e86495fdede25859fee	df495ba2e91739a6dc8f1de254fc5a41155ce504	src/pke/lib/constants-impl.cpp	011af33c26d9e683a3176dcf92d78103c0854c6c	bytes+sha256+supplied_git_blob_sha1	HASH_INDEX_ONLY		0			0	0	随包依赖/通用接口/替代实现；未逐行语义研读；当前关键参数与随机消费者依据其他列明定点源
official/src/pke/lib/cryptocontext.cpp	42570	de14bbf46686facd807485e3471f6293271cc0d2f03ae300d64f14f71aa217db	df495ba2e91739a6dc8f1de254fc5a41155ce504	src/pke/lib/cryptocontext.cpp	c78d910ff8b1ab4bb912da010e6cc69511feb695	bytes+sha256+supplied_git_blob_sha1	TARGETED_SEMANTIC_SOURCES	45-144	2	U26:static maps / EvalMultKeyGen / clear:L45-L139	A6-key-map-lifecycle; C D:context key map and cache ownership; key-tag cache lifetime; NTT reset distinction	0	0	仅引用函数/行域参与定点语义研究；显示请求可能含工具输出截断，不能据此声称全部请求行或整文件逐行审完
official/src/pke/lib/cryptocontextfactory.cpp	4060	b7b8da50247a2267e0d05bb1a211a69336a49b0eb0b18238a901d4a3fdd5cbdb	df495ba2e91739a6dc8f1de254fc5a41155ce504	src/pke/lib/cryptocontextfactory.cpp	5e1cdb59acc87669c5fb3cea6de5507c7b7c1770	bytes+sha256+supplied_git_blob_sha1	HASH_INDEX_ONLY		0			0	0	随包依赖/通用接口/替代实现；未逐行语义研读；当前关键参数与随机消费者依据其他列明定点源
official/src/pke/lib/cryptoobject-impl.cpp	2144	cfd181292cf5b35a2d896a57e5a27239cbee80c79a0cb59940cc201f8c6a9696	df495ba2e91739a6dc8f1de254fc5a41155ce504	src/pke/lib/cryptoobject-impl.cpp	e6ff57d4b810ad829cb74ffa179eb473bae25de8	bytes+sha256+supplied_git_blob_sha1	HASH_INDEX_ONLY		0			0	0	随包依赖/通用接口/替代实现；未逐行语义研读；当前关键参数与随机消费者依据其他列明定点源
official/src/pke/lib/encoding/ckkspackedencoding.cpp	22759	ce967bf68d80a63101984e8927298923c6c3c6754dc522e63355e7ec40655401	df495ba2e91739a6dc8f1de254fc5a41155ce504	src/pke/lib/encoding/ckkspackedencoding.cpp	93021ca3b2a4b0473dd2d2cb21504cc740db5a8b	bytes+sha256+supplied_git_blob_sha1	TARGETED_SEMANTIC_SOURCES	115-140;190-294;336-365;440-501	4	N06:CKKSPackedEncoding::Encode:L115-L132; N07:native64 Encode:L190-L294; N08:Decode:L336-L365; N09:Decode real-only additional noise:L450-L501	A C:ordinary double codec contrasted with custom client; binary64 llround and magnitude handling; binary64 scaling and centered decode; double complex FFT entry; ordinary REAL decode normal sampler; bypassed	0	0	仅引用函数/行域参与定点语义研究；显示请求可能含工具输出截断，不能据此声称全部请求行或整文件逐行审完
official/src/pke/lib/encoding/coefpackedencoding.cpp	5489	ae0306d352d30b02a90154a3a9b566c805710d9c81b274c3803b86a6d94443a8	df495ba2e91739a6dc8f1de254fc5a41155ce504	src/pke/lib/encoding/coefpackedencoding.cpp	2ec3d80149daf8fb0e3364911787a97ee7afc2aa	bytes+sha256+supplied_git_blob_sha1	HASH_INDEX_ONLY		0			0	0	随包依赖/通用接口/替代实现；未逐行语义研读；当前关键参数与随机消费者依据其他列明定点源
official/src/pke/lib/encoding/encodingparams.cpp	1860	c3676093aeecad839a5994b43e7336200b081f8f742470e0a7b6a69262986928	df495ba2e91739a6dc8f1de254fc5a41155ce504	src/pke/lib/encoding/encodingparams.cpp	9bab6038432fa91acd3801714ffbca9e1c997cb1	bytes+sha256+supplied_git_blob_sha1	HASH_INDEX_ONLY		0			0	0	随包依赖/通用接口/替代实现；未逐行语义研读；当前关键参数与随机消费者依据其他列明定点源
official/src/pke/lib/encoding/packedencoding.cpp	23242	29dca945f4144488808aaf105fd938d365f9d226591ff8b3588a27803951aa3b	df495ba2e91739a6dc8f1de254fc5a41155ce504	src/pke/lib/encoding/packedencoding.cpp	3f70f5b6e59e62c77dc598c34bc63c072c037dcd	bytes+sha256+supplied_git_blob_sha1	HASH_INDEX_ONLY		0			0	0	随包依赖/通用接口/替代实现；未逐行语义研读；当前关键参数与随机消费者依据其他列明定点源
official/src/pke/lib/encoding/stringencoding.cpp	4051	83020f471d196946c58e9e8161913c0d3070dd3bbf1334e356138e4a52c532ac	df495ba2e91739a6dc8f1de254fc5a41155ce504	src/pke/lib/encoding/stringencoding.cpp	e622356f412c9dd19259d7fced7645e2966d4e08	bytes+sha256+supplied_git_blob_sha1	HASH_INDEX_ONLY		0			0	0	随包依赖/通用接口/替代实现；未逐行语义研读；当前关键参数与随机消费者依据其他列明定点源
official/src/pke/lib/globals-impl.cpp	2428	031eddc357a4823f20ced345eab92e442c3f27370c230917e48b04a208c187ff	df495ba2e91739a6dc8f1de254fc5a41155ce504	src/pke/lib/globals-impl.cpp	99a7e81728ce0363792bc9352deb2ad91d699f68	bytes+sha256+supplied_git_blob_sha1	HASH_INDEX_ONLY		0			0	0	随包依赖/通用接口/替代实现；未逐行语义研读；当前关键参数与随机消费者依据其他列明定点源
official/src/pke/lib/key/evalkey.cpp	1804	e4e190849e593a2f9fdaf070ce2c92c5490fbb2714c99fcb775da71aa52db28a	df495ba2e91739a6dc8f1de254fc5a41155ce504	src/pke/lib/key/evalkey.cpp	5c3aae5ba2c3770b90277991afe148a0ded59e10	bytes+sha256+supplied_git_blob_sha1	HASH_INDEX_ONLY		0			0	0	随包依赖/通用接口/替代实现；未逐行语义研读；当前关键参数与随机消费者依据其他列明定点源
official/src/pke/lib/key/evalkeyrelin.cpp	1819	b905fb9981ecd3ff794fc59d6642a1dcf961485be8afb8e65d166e3b66c2653a	df495ba2e91739a6dc8f1de254fc5a41155ce504	src/pke/lib/key/evalkeyrelin.cpp	9cf265c15b6a463524517f6cc8d9bfda90918956	bytes+sha256+supplied_git_blob_sha1	HASH_INDEX_ONLY		0			0	0	随包依赖/通用接口/替代实现；未逐行语义研读；当前关键参数与随机消费者依据其他列明定点源
official/src/pke/lib/key/privatekey.cpp	1813	171f6f8d0d18362ebf4f39b21b8a2de706a93a58a6c223850748fe4a81e5ca46	df495ba2e91739a6dc8f1de254fc5a41155ce504	src/pke/lib/key/privatekey.cpp	cf668476e5dd5175342c47f5a08b95690672b33f	bytes+sha256+supplied_git_blob_sha1	HASH_INDEX_ONLY		0			0	0	随包依赖/通用接口/替代实现；未逐行语义研读；当前关键参数与随机消费者依据其他列明定点源
official/src/pke/lib/key/publickey.cpp	1810	9a062a55adeac3f83d862bb649696050aafb830942b61d760cb823fba1ea8096	df495ba2e91739a6dc8f1de254fc5a41155ce504	src/pke/lib/key/publickey.cpp	4d6b753fd78917f8b3dbc66d3d13e657b1c01e8b	bytes+sha256+supplied_git_blob_sha1	HASH_INDEX_ONLY		0			0	0	随包依赖/通用接口/替代实现；未逐行语义研读；当前关键参数与随机消费者依据其他列明定点源
official/src/pke/lib/keyswitch/keyswitch-base.cpp	2291	f0582573d4c4067dfeeee792b248d3a440647f87997a138a4714785974f2f0ea	df495ba2e91739a6dc8f1de254fc5a41155ce504	src/pke/lib/keyswitch/keyswitch-base.cpp	1dc0b348e117c48dd88958a8dfbd58598c8900ae	bytes+sha256+supplied_git_blob_sha1	HASH_INDEX_ONLY		0			0	0	随包依赖/通用接口/替代实现；未逐行语义研读；当前关键参数与随机消费者依据其他列明定点源
official/src/pke/lib/keyswitch/keyswitch-bv.cpp	12814	a8d0425d6c3a47384feb6948d79fee06ba990954e99641f10309eb1fae2fb315	df495ba2e91739a6dc8f1de254fc5a41155ce504	src/pke/lib/keyswitch/keyswitch-bv.cpp	46aafdf187c5fcc12a12d15056ccad7ebac31e97	bytes+sha256+supplied_git_blob_sha1	TARGETED_SEMANTIC_SOURCES	35-159	1	R19:KeySwitchGenInternal BV:L40-L159	B-C; base2 digit keys; same private(dgg) clause	0	0	仅引用函数/行域参与定点语义研究；显示请求可能含工具输出截断，不能据此声称全部请求行或整文件逐行审完
official/src/pke/lib/keyswitch/keyswitch-hybrid.cpp	21228	872d5e594ac2343f9d055a4e628871987113f67f2142d3a664b2015f17e1d345	df495ba2e91739a6dc8f1de254fc5a41155ce504	src/pke/lib/keyswitch/keyswitch-hybrid.cpp	a33e422984fdadd54746f3e8d9514830c1f204ee	bytes+sha256+supplied_git_blob_sha1	TARGETED_SEMANTIC_SOURCES	40-437	4	R17:KeySwitchGenInternal secret-to-secret:L51-L129; R18:KeySwitchCore / precompute / fast core:L308-L437	A-B-C; B C:previously truncated raised digit switching; B-C; B-hybrid-sigma-branch; partition evalkey formula and private(dgg); raised digits and ModDown P	0	0	仅引用函数/行域参与定点语义研究；显示请求可能含工具输出截断，不能据此声称全部请求行或整文件逐行审完
official/src/pke/lib/scheme/bfvrns/bfvrns-cryptoparameters.cpp	41594	d29c1ccd82ae0ec9389c478d09f5724a6bf0646f98efc695579caf7bdc9d7ded	df495ba2e91739a6dc8f1de254fc5a41155ce504	src/pke/lib/scheme/bfvrns/bfvrns-cryptoparameters.cpp	52624216a53e587504cd48dee93037c0a68a78d6	bytes+sha256+supplied_git_blob_sha1	HASH_INDEX_ONLY		0			0	0	未启用算法/模式；只登记依赖文件身份，不枚举该算法全部实现
official/src/pke/lib/scheme/bfvrns/bfvrns-leveledshe.cpp	50513	df80fe476c72a044cce851c5b23d7e03e480d89252a76860b578127574493fd5	df495ba2e91739a6dc8f1de254fc5a41155ce504	src/pke/lib/scheme/bfvrns/bfvrns-leveledshe.cpp	4915647eeb62e0fac979d6e1699c8b2e3ba814dc	bytes+sha256+supplied_git_blob_sha1	HASH_INDEX_ONLY		0			0	0	未启用算法/模式；只登记依赖文件身份，不枚举该算法全部实现
official/src/pke/lib/scheme/bfvrns/bfvrns-multiparty.cpp	8303	e946c9167e101d4d55ff799dfb25c0b3f15661d854e756c79502bd561c5af818	df495ba2e91739a6dc8f1de254fc5a41155ce504	src/pke/lib/scheme/bfvrns/bfvrns-multiparty.cpp	3a94dd551604cae327d27efc1ab4280073339a43	bytes+sha256+supplied_git_blob_sha1	HASH_INDEX_ONLY		0			0	0	未启用算法/模式；只登记依赖文件身份，不枚举该算法全部实现
official/src/pke/lib/scheme/bfvrns/bfvrns-parametergeneration.cpp	17273	3f7274f8d633dacb8e090afca225e1a5c3aff4a50931cfaebabd5c936ef9ace1	df495ba2e91739a6dc8f1de254fc5a41155ce504	src/pke/lib/scheme/bfvrns/bfvrns-parametergeneration.cpp	2998d2f3cde1e05713749c9b01608a830583e01d	bytes+sha256+supplied_git_blob_sha1	HASH_INDEX_ONLY		0			0	0	未启用算法/模式；只登记依赖文件身份，不枚举该算法全部实现
official/src/pke/lib/scheme/bfvrns/bfvrns-pke.cpp	11178	52e063a0c860e26b3d20a89f28e26a6da70da42e5b33288d653c40f4114fecc6	df495ba2e91739a6dc8f1de254fc5a41155ce504	src/pke/lib/scheme/bfvrns/bfvrns-pke.cpp	e57b69dd80f23a0bacbfa04e9af45ad806758941	bytes+sha256+supplied_git_blob_sha1	HASH_INDEX_ONLY		0			0	0	未启用算法/模式；只登记依赖文件身份，不枚举该算法全部实现
official/src/pke/lib/scheme/bfvrns/bfvrns-scheme.cpp	3148	137c8efa6414f6df03d28b4bfac8ac649e96ba62acd8dd1ef91878536fca2ffe	df495ba2e91739a6dc8f1de254fc5a41155ce504	src/pke/lib/scheme/bfvrns/bfvrns-scheme.cpp	23f0c448dd63e0e2bfbc7056c87ba6c77fc61147	bytes+sha256+supplied_git_blob_sha1	HASH_INDEX_ONLY		0			0	0	未启用算法/模式；只登记依赖文件身份，不枚举该算法全部实现
official/src/pke/lib/scheme/bgvrns/bgvrns-cryptoparameters.cpp	6822	c46d883169c817708dd2ec64c90c19d235f4367ce6388c7c78633231afce3999	df495ba2e91739a6dc8f1de254fc5a41155ce504	src/pke/lib/scheme/bgvrns/bgvrns-cryptoparameters.cpp	b78e3cea420a55c292b02693dcbc66dbab05e249	bytes+sha256+supplied_git_blob_sha1	HASH_INDEX_ONLY		0			0	0	未启用算法/模式；只登记依赖文件身份，不枚举该算法全部实现
official/src/pke/lib/scheme/bgvrns/bgvrns-leveledshe.cpp	12822	fb1d0d72c10e805d810575001d832e6330b369cace7dc33f8966db7fd1da96f6	df495ba2e91739a6dc8f1de254fc5a41155ce504	src/pke/lib/scheme/bgvrns/bgvrns-leveledshe.cpp	28a1b2aa2356d028c4240b1f4af4474e220cf7b2	bytes+sha256+supplied_git_blob_sha1	HASH_INDEX_ONLY		0			0	0	未启用算法/模式；只登记依赖文件身份，不枚举该算法全部实现
official/src/pke/lib/scheme/bgvrns/bgvrns-multiparty.cpp	5331	a0d146cfe1b56c223593b245fd15dd749ebe3799db83633e4d315d9f34a7d06e	df495ba2e91739a6dc8f1de254fc5a41155ce504	src/pke/lib/scheme/bgvrns/bgvrns-multiparty.cpp	90968e5614d5b2d21f02bb4ecf16fba32d1bbaa1	bytes+sha256+supplied_git_blob_sha1	HASH_INDEX_ONLY		0			0	0	未启用算法/模式；只登记依赖文件身份，不枚举该算法全部实现
official/src/pke/lib/scheme/bgvrns/bgvrns-parametergeneration.cpp	31751	d790d7385d1b71ca88faacf8e51b0c6e6797d7b1040e33e9317a948a56fed66a	df495ba2e91739a6dc8f1de254fc5a41155ce504	src/pke/lib/scheme/bgvrns/bgvrns-parametergeneration.cpp	08757bfb20c4ea875b159758cffbc7e96f37916e	bytes+sha256+supplied_git_blob_sha1	HASH_INDEX_ONLY		0			0	0	未启用算法/模式；只登记依赖文件身份，不枚举该算法全部实现
official/src/pke/lib/scheme/bgvrns/bgvrns-pke.cpp	5027	aa9c223be157be2ce2bc7c3a81c1660ab18da1432f0da11bd6b70e9906ee00c9	df495ba2e91739a6dc8f1de254fc5a41155ce504	src/pke/lib/scheme/bgvrns/bgvrns-pke.cpp	82c954838fb18638543dc0418c0ac1ee7441add8	bytes+sha256+supplied_git_blob_sha1	HASH_INDEX_ONLY		0			0	0	未启用算法/模式；只登记依赖文件身份，不枚举该算法全部实现
official/src/pke/lib/scheme/bgvrns/bgvrns-scheme.cpp	3418	8c3364ff32194c07f1f68712409b1572410eb16b8441f634e4ff35ad6167f255	df495ba2e91739a6dc8f1de254fc5a41155ce504	src/pke/lib/scheme/bgvrns/bgvrns-scheme.cpp	ee7aae07d47bb1e7964b3a4a2a43920aadbf3372	bytes+sha256+supplied_git_blob_sha1	HASH_INDEX_ONLY		0			0	0	未启用算法/模式；只登记依赖文件身份，不枚举该算法全部实现
official/src/pke/lib/scheme/ckksrns/ckksrns-advancedshe.cpp	42549	2a8969fd26ecb5c79db2d41739c42c8b5b1af65e135f5e4f8c35396e29d12afa	df495ba2e91739a6dc8f1de254fc5a41155ce504	src/pke/lib/scheme/ckksrns/ckksrns-advancedshe.cpp	068930f790eec5b22929a9a3641164de80f9d307	bytes+sha256+supplied_git_blob_sha1	HASH_INDEX_ONLY		0			0	0	随包依赖/通用接口/替代实现；未逐行语义研读；当前关键参数与随机消费者依据其他列明定点源
official/src/pke/lib/scheme/ckksrns/ckksrns-cryptoparameters.cpp	10675	038a8c285011a4626678022cb5f4e75217e0c2d931a261314afc4370448668fe	df495ba2e91739a6dc8f1de254fc5a41155ce504	src/pke/lib/scheme/ckksrns/ckksrns-cryptoparameters.cpp	244308667fd98930a6c0b43e517cb229f5d25dac	bytes+sha256+supplied_git_blob_sha1	TARGETED_SEMANTIC_SOURCES	35-189	1	U11:CKKS PrecomputeCRTTables / FindAuxPrimeStep:L44-L189	A; rescale inverses, actual versus nominal scale	0	0	仅引用函数/行域参与定点语义研究；显示请求可能含工具输出截断，不能据此声称全部请求行或整文件逐行审完
official/src/pke/lib/scheme/ckksrns/ckksrns-fhe.cpp	171868	fcac1f16e4c85c7cf76cf519dca6a7b4118e3ef55927ca01a4bdf2cc6f69ac55	df495ba2e91739a6dc8f1de254fc5a41155ce504	src/pke/lib/scheme/ckksrns/ckksrns-fhe.cpp	175c64983a601e1046960779a043913a11d349d6	bytes+sha256+supplied_git_blob_sha1	HASH_INDEX_ONLY		0			0	0	随包依赖/通用接口/替代实现；未逐行语义研读；当前关键参数与随机消费者依据其他列明定点源
official/src/pke/lib/scheme/ckksrns/ckksrns-leveledshe.cpp	36039	68fd392d9aaabe27e7ebf1e1cf354dd4c856da7bfac2d98afd5b6d796214f282	df495ba2e91739a6dc8f1de254fc5a41155ce504	src/pke/lib/scheme/ckksrns/ckksrns-leveledshe.cpp	f4e666685afa124d1515dbcfad23138307f964aa	bytes+sha256+supplied_git_blob_sha1	TARGETED_SEMANTIC_SOURCES	165-216	1	N05:ModReduceInternalInPlace / LevelReduceInternalInPlace:L172-L201	C:actual last tower and metadata rescale; arithmetic versus metadata drop	0	0	仅引用函数/行域参与定点语义研究；显示请求可能含工具输出截断，不能据此声称全部请求行或整文件逐行审完
official/src/pke/lib/scheme/ckksrns/ckksrns-multiparty.cpp	23056	e26c77f6bf357205821647a4c52eda70fb85df4a90fc96ffc025b8f454d4518e	df495ba2e91739a6dc8f1de254fc5a41155ce504	src/pke/lib/scheme/ckksrns/ckksrns-multiparty.cpp	ba49444e01dbcd69dfd73a4375b9937624762f33	bytes+sha256+supplied_git_blob_sha1	HASH_INDEX_ONLY		0			0	0	未启用算法/模式；只登记依赖文件身份，不枚举该算法全部实现
official/src/pke/lib/scheme/ckksrns/ckksrns-parametergeneration.cpp	25684	7476e1be5f7f1e3dc3d5d91af282340bc0e7d218323b6b13509bfa4bda096d8e	df495ba2e91739a6dc8f1de254fc5a41155ce504	src/pke/lib/scheme/ckksrns/ckksrns-parametergeneration.cpp	cf7a2896e3bda3c5a11f6dd34ed834cc22a04a2a	bytes+sha256+supplied_git_blob_sha1	TARGETED_SEMANTIC_SOURCES	35-244;335-533	2	U07:ParamsGenCKKSRNS:L57-L208; U08:single-prime chain generation:L415-L533	A; N/security/QP bound and table generation; nominal size versus exact primes	0	0	仅引用函数/行域参与定点语义研究；显示请求可能含工具输出截断，不能据此声称全部请求行或整文件逐行审完
official/src/pke/lib/scheme/ckksrns/ckksrns-pke.cpp	4239	42b1168b6fbf19b0e6b0bdc743378f4165190a4c03fa3906d566eaa8665ad9cf	df495ba2e91739a6dc8f1de254fc5a41155ce504	src/pke/lib/scheme/ckksrns/ckksrns-pke.cpp	6ad45a6b1689367767285e533353e3b1b305d30d	bytes+sha256+supplied_git_blob_sha1	TARGETED_SEMANTIC_SOURCES	38-98	1	R16:Decrypt to Poly / NativePoly:L38-L98	B-C; conditional flooding, retained full integer	0	0	仅引用函数/行域参与定点语义研究；显示请求可能含工具输出截断，不能据此声称全部请求行或整文件逐行审完
official/src/pke/lib/scheme/ckksrns/ckksrns-scheme.cpp	3317	1ee7cc32dc116c67254a27f554eb380537a033f679b8a160b8342819f6dc2c23	df495ba2e91739a6dc8f1de254fc5a41155ce504	src/pke/lib/scheme/ckksrns/ckksrns-scheme.cpp	a4ba1c9d3cdec5fb06404b868fa98e3752fdd23c	bytes+sha256+supplied_git_blob_sha1	HASH_INDEX_ONLY		0			0	0	随包依赖/通用接口/替代实现；未逐行语义研读；当前关键参数与随机消费者依据其他列明定点源
official/src/pke/lib/scheme/ckksrns/ckksrns-schemeswitching.cpp	84172	3af6b8b86ebf4c8962dffdd54d8257071ef02ccad9ed0544045b4df8ceb4748a	df495ba2e91739a6dc8f1de254fc5a41155ce504	src/pke/lib/scheme/ckksrns/ckksrns-schemeswitching.cpp	c9f3ea821c7a612315e32c3eb7036b093d60f6a2	bytes+sha256+supplied_git_blob_sha1	HASH_INDEX_ONLY		0			0	0	随包依赖/通用接口/替代实现；未逐行语义研读；当前关键参数与随机消费者依据其他列明定点源
official/src/pke/lib/scheme/ckksrns/ckksrns-utils.cpp	36633	436619eb01dec48f4d8da700958c7cf7566063815303a2d7e8790933160bd205	df495ba2e91739a6dc8f1de254fc5a41155ce504	src/pke/lib/scheme/ckksrns/ckksrns-utils.cpp	2696618c16da2b7286a5d6b05b78bc929ffbb403	bytes+sha256+supplied_git_blob_sha1	HASH_INDEX_ONLY		0			0	0	随包依赖/通用接口/替代实现；未逐行语义研读；当前关键参数与随机消费者依据其他列明定点源
official/src/pke/lib/scheme/gen-cryptocontext-params-impl.cpp	10747	083bc47fd7240e95e3db3243711919813e219b2136b44c5521e019e1ab5df5c9	df495ba2e91739a6dc8f1de254fc5a41155ce504	src/pke/lib/scheme/gen-cryptocontext-params-impl.cpp	a68c3923eda6ce3256036ea9ff78a75af114af9b	bytes+sha256+supplied_git_blob_sha1	HASH_INDEX_ONLY		0			0	0	随包依赖/通用接口/替代实现；未逐行语义研读；当前关键参数与随机消费者依据其他列明定点源
official/src/pke/lib/scheme/gen-cryptocontext-params-validation.cpp	9877	a71a9f5af2f2530589c8422462d857bc3b6c35d1d894ac46eca4a5a398909a3c	df495ba2e91739a6dc8f1de254fc5a41155ce504	src/pke/lib/scheme/gen-cryptocontext-params-validation.cpp	13f929b8192fe77c296eb5384b9b551931bd84b5	bytes+sha256+supplied_git_blob_sha1	TARGETED_SEMANTIC_SOURCES	35-191	1	U06:validate parameters:L35-L191	A; ordinary CCParams rejection predicates	0	0	仅引用函数/行域参与定点语义研究；显示请求可能含工具输出截断，不能据此声称全部请求行或整文件逐行审完
official/src/pke/lib/scheme/scheme-id-impl.cpp	3032	7aa36f93f52a00d500fbd0efc961b4a69c6d7784e27760e99b8eb9569ef86fbb	df495ba2e91739a6dc8f1de254fc5a41155ce504	src/pke/lib/scheme/scheme-id-impl.cpp	12d10aba18a5a091f2e57170bdc483bbd52fb195	bytes+sha256+supplied_git_blob_sha1	HASH_INDEX_ONLY		0			0	0	随包依赖/通用接口/替代实现；未逐行语义研读；当前关键参数与随机消费者依据其他列明定点源
official/src/pke/lib/scheme/scheme-swch-params.cpp	3072	a59cd8abc652c391e6c0cfcf17090980e4502629eb3ce57aeebf87bd0adc1326	df495ba2e91739a6dc8f1de254fc5a41155ce504	src/pke/lib/scheme/scheme-swch-params.cpp	26d9d107339a74a9a37e0b4ba5b831d05ba172ff	bytes+sha256+supplied_git_blob_sha1	HASH_INDEX_ONLY		0			0	0	随包依赖/通用接口/替代实现；未逐行语义研读；当前关键参数与随机消费者依据其他列明定点源
official/src/pke/lib/schemebase/base-advancedshe.cpp	24111	d14fc4b6e8333eb519adf1462e6ff3777944a92b13daeff8e7a09564318fc856	df495ba2e91739a6dc8f1de254fc5a41155ce504	src/pke/lib/schemebase/base-advancedshe.cpp	b390cf8dd9fa317909ccc3b8109768b653aca311	bytes+sha256+supplied_git_blob_sha1	HASH_INDEX_ONLY		0			0	0	随包依赖/通用接口/替代实现；未逐行语义研读；当前关键参数与随机消费者依据其他列明定点源
official/src/pke/lib/schemebase/base-cryptoparameters.cpp	1948	e488cb4c7c48380c68aae8198ec9bb1a5d4909c643555844aeddbb649158e05c	df495ba2e91739a6dc8f1de254fc5a41155ce504	src/pke/lib/schemebase/base-cryptoparameters.cpp	e84d7c9851a5029a318c7f37ef9a1eaceb3e029a	bytes+sha256+supplied_git_blob_sha1	HASH_INDEX_ONLY		0			0	0	随包依赖/通用接口/替代实现；未逐行语义研读；当前关键参数与随机消费者依据其他列明定点源
official/src/pke/lib/schemebase/base-fhe.cpp	1768	c5bbcff96e252c1134788a901d2c73448e7461cd9b9f19d063e8a8fb7e916f27	df495ba2e91739a6dc8f1de254fc5a41155ce504	src/pke/lib/schemebase/base-fhe.cpp	6c4aff647412424fda6a95fd29ca1fde27de1aac	bytes+sha256+supplied_git_blob_sha1	HASH_INDEX_ONLY		0			0	0	随包依赖/通用接口/替代实现；未逐行语义研读；当前关键参数与随机消费者依据其他列明定点源
official/src/pke/lib/schemebase/base-leveledshe.cpp	29321	a15b0d8dec4bd27d4d2cb86f1d659bf58e97ba913b935af3d8db65285fa6b9f9	df495ba2e91739a6dc8f1de254fc5a41155ce504	src/pke/lib/schemebase/base-leveledshe.cpp	875934c0d327c36077019831716551e923c57b36	bytes+sha256+supplied_git_blob_sha1	TARGETED_SEMANTIC_SOURCES	132-164;300-353	2	R20:EvalMultKeyGen / EvalMultKeysGen:L132-L164; R21:Relinearize:L300-L353	B-C; evaluation consumes keys; no new sampling; secret squared and key generator	0	0	仅引用函数/行域参与定点语义研究；显示请求可能含工具输出截断，不能据此声称全部请求行或整文件逐行审完
official/src/pke/lib/schemebase/base-multiparty.cpp	16923	c3e000481480b7d7a255b14e665e4fbe2004dd110639f53b90a3a576f46ef66c	df495ba2e91739a6dc8f1de254fc5a41155ce504	src/pke/lib/schemebase/base-multiparty.cpp	6b4e08bdaecf58e24dcad7cead008164889e7b8a	bytes+sha256+supplied_git_blob_sha1	HASH_INDEX_ONLY		0			0	0	未启用算法/模式；只登记依赖文件身份，不枚举该算法全部实现
official/src/pke/lib/schemebase/base-parametergeneration.cpp	1857	c9854405bf622a58baa2c3181a2d12d9e60b2b19db5c9a8dbbd0e9e42428db21	df495ba2e91739a6dc8f1de254fc5a41155ce504	src/pke/lib/schemebase/base-parametergeneration.cpp	e9e8bb63f2d2619364d479d98f5c722f56236769	bytes+sha256+supplied_git_blob_sha1	HASH_INDEX_ONLY		0			0	0	随包依赖/通用接口/替代实现；未逐行语义研读；当前关键参数与随机消费者依据其他列明定点源
official/src/pke/lib/schemebase/base-pke.cpp	7991	371a22ceaea7ed39a2ae164a1456966b130afbbcc5eafc9f323feda98a5d8e84	df495ba2e91739a6dc8f1de254fc5a41155ce504	src/pke/lib/schemebase/base-pke.cpp	8efa42fd5d1eaf5385b00bc20da32eb294fff7d3	bytes+sha256+supplied_git_blob_sha1	TARGETED_SEMANTIC_SOURCES	45-100	1	R13:PKEBase::KeyGenInternal:L45-L100	B; ordinary secret h192 and pk signs	0	0	仅引用函数/行域参与定点语义研究；显示请求可能含工具输出截断，不能据此声称全部请求行或整文件逐行审完
official/src/pke/lib/schemebase/base-pre.cpp	3507	f1283c578a50e98de0e38e4aafe539eb506cf42f4835ae49be4b22982f7f7c90	df495ba2e91739a6dc8f1de254fc5a41155ce504	src/pke/lib/schemebase/base-pre.cpp	12d04198f278fbd8bf4dd4725531c6fa902ae8b2	bytes+sha256+supplied_git_blob_sha1	HASH_INDEX_ONLY		0			0	0	随包依赖/通用接口/替代实现；未逐行语义研读；当前关键参数与随机消费者依据其他列明定点源
official/src/pke/lib/schemebase/base-scheme.cpp	14355	db7cf2642c2139e0126cf88d2f7237c0351b5c3f74a95d901d0455d99c3cbd6a	df495ba2e91739a6dc8f1de254fc5a41155ce504	src/pke/lib/schemebase/base-scheme.cpp	8e380bebd9dcab6d60ff70e49ccedc834f6f5c85	bytes+sha256+supplied_git_blob_sha1	HASH_INDEX_ONLY		0			0	0	随包依赖/通用接口/替代实现；未逐行语义研读；当前关键参数与随机消费者依据其他列明定点源
official/src/pke/lib/schemebase/rlwe-cryptoparameters-impl.cpp	1892	8baa4d8cd29ff89997b432e37a5bf8aca2739269574b4c122f8476b89756163e	df495ba2e91739a6dc8f1de254fc5a41155ce504	src/pke/lib/schemebase/rlwe-cryptoparameters-impl.cpp	59baa7da4774eea3a7568882d7eb7660fa04f3b4	bytes+sha256+supplied_git_blob_sha1	HASH_INDEX_ONLY		0			0	0	随包依赖/通用接口/替代实现；未逐行语义研读；当前关键参数与随机消费者依据其他列明定点源
official/src/pke/lib/schemelet/rlwe-mp.cpp	11210	cfa35015ac81047bec2b15b6922e297cb33d4f2fa7269fe24988a91de0c1157e	df495ba2e91739a6dc8f1de254fc5a41155ce504	src/pke/lib/schemelet/rlwe-mp.cpp	d19c3c6d7fe45ac25eeb3db7804c96bc023bd899	bytes+sha256+supplied_git_blob_sha1	HASH_INDEX_ONLY		0			0	0	随包依赖/通用接口/替代实现；未逐行语义研读；当前关键参数与随机消费者依据其他列明定点源
official/src/pke/lib/schemerns/rns-cryptoparameters.cpp	21187	4dbf003cce3cc02d92ebeb62398c2350c0f9e31d171b19a592e1e0fa6b9c9907	df495ba2e91739a6dc8f1de254fc5a41155ce504	src/pke/lib/schemerns/rns-cryptoparameters.cpp	bc9e6ec195825f35351fb3066eec7923f250bbcb	bytes+sha256+supplied_git_blob_sha1	TARGETED_SEMANTIC_SOURCES	35-447	2	U09:PrecomputeCRTTables:L44-L183; U10:complementary basis tables:L238-L335	A; HYBRID partitions and P derivation; HYBRID per-level basis and Barrett tables	0	0	仅引用函数/行域参与定点语义研究；显示请求可能含工具输出截断，不能据此声称全部请求行或整文件逐行审完
official/src/pke/lib/schemerns/rns-leveledshe.cpp	22192	26e2e0dcd990381fd825cd5e288b5c13488aa343609afa7fd414bfe4e2649155	df495ba2e91739a6dc8f1de254fc5a41155ce504	src/pke/lib/schemerns/rns-leveledshe.cpp	51d13290be8ae845915bb1d30326b06f8fcb7723	bytes+sha256+supplied_git_blob_sha1	TARGETED_SEMANTIC_SOURCES	182-225;311-338	2	U24:EvalMult / EvalSquare:L182-L225; U25:ModReduce / LevelReduce:L311-L338	C:standard EvalMult branch and manual rescale forwarding; FIXEDMANUAL dispatch; ordinary auto/manual path	0	0	仅引用函数/行域参与定点语义研究；显示请求可能含工具输出截断，不能据此声称全部请求行或整文件逐行审完
official/src/pke/lib/schemerns/rns-multiparty.cpp	21766	e491beb7477f832df893b4cc8c06401487c52754e8c899e78587542a6f0a0426	df495ba2e91739a6dc8f1de254fc5a41155ce504	src/pke/lib/schemerns/rns-multiparty.cpp	3472181fd537de93849885e1866b1b5249a79938	bytes+sha256+supplied_git_blob_sha1	HASH_INDEX_ONLY		0			0	0	未启用算法/模式；只登记依赖文件身份，不枚举该算法全部实现
official/src/pke/lib/schemerns/rns-pke.cpp	8654	e1103468a406d16202fc66d918b28fdf93d436aeadb86efda4a01032fac3bf19	df495ba2e91739a6dc8f1de254fc5a41155ce504	src/pke/lib/schemerns/rns-pke.cpp	7cd123c36ae892727626c5c9d7f373207350b8b9	bytes+sha256+supplied_git_blob_sha1	TARGETED_SEMANTIC_SOURCES	40-226	1	R14:Encrypt / EncryptZeroCore overloads:L40-L197; R15:DecryptCore:L199-L224	B-C; prefix secret and component powers; public payload v/e0/e1 and private zero encryption	0	0	仅引用函数/行域参与定点语义研究；显示请求可能含工具输出截断，不能据此声称全部请求行或整文件逐行审完
project/.github/workflows/dcp-rcb.yml	36552	ad57fc6adbc3a56bad3681e3f35054ba5b657937b58aa6365f4af45a8f73c96b	a4b815a733efe81897325e2a8e4c826a4ebfa439	.github/workflows/dcp-rcb.yml	73a42952df1bce01e781c05e0e4dd7dde0b88a9e	bytes+sha256+supplied_git_blob_sha1	TARGETED_CONTEXT_DISPLAY	1-185	1		A-D	0	2	实际请求显示的定点上下文；未将整个文件作为主结论的逐行语义审计；工具截断不能作阅读完成证明
project/.github/workflows/endpoint-cpp-interop-gate.yml	16443	1278d209429e36974028023aab627e518181f33b97341a2b5fd09f0fa29901d8	a4b815a733efe81897325e2a8e4c826a4ebfa439	.github/workflows/endpoint-cpp-interop-gate.yml	340de1911baaf177e300fa2b369efee701360869	bytes+sha256+supplied_git_blob_sha1	LEXICAL_INVENTORY_ONLY		0			0	2	只对Set/Enable或宽松profile/constant词法索引做逐出现位置检查；未声称AST可达性或测试逻辑全读
project/.github/workflows/endpoint-ctest-protocol-gate.yml	17099	470ed005db497c0b3f864944ffb810fe7530b4f9195574cf3134d85b6b2d055e	a4b815a733efe81897325e2a8e4c826a4ebfa439	.github/workflows/endpoint-ctest-protocol-gate.yml	bd80694780c35c8c684d987944333f0cd6426237	bytes+sha256+supplied_git_blob_sha1	LEXICAL_INVENTORY_ONLY		0			0	1	只对Set/Enable或宽松profile/constant词法索引做逐出现位置检查；未声称AST可达性或测试逻辑全读
project/.github/workflows/endpoint-finalizer-complete-gate.yml	4656	92aa191455e1954e64a3b18d4160380ca77a2a50327d7c4c11aaea641e5b47e8	a4b815a733efe81897325e2a8e4c826a4ebfa439	.github/workflows/endpoint-finalizer-complete-gate.yml	6f6f3b9d56d0a185263e50616999699f9d93ea2b	bytes+sha256+supplied_git_blob_sha1	LEXICAL_INVENTORY_ONLY		0			0	1	只对Set/Enable或宽松profile/constant词法索引做逐出现位置检查；未声称AST可达性或测试逻辑全读
project/.github/workflows/endpoint-finalizer-negative-gate.yml	4664	6dc266a91d51ac3ea176a19308b02e58df2ebbe92b630920f2a380b5f613d01a	a4b815a733efe81897325e2a8e4c826a4ebfa439	.github/workflows/endpoint-finalizer-negative-gate.yml	9cca7d9744ec14268c714287e77a4b23d9e9a80d	bytes+sha256+supplied_git_blob_sha1	LEXICAL_INVENTORY_ONLY		0			0	1	只对Set/Enable或宽松profile/constant词法索引做逐出现位置检查；未声称AST可达性或测试逻辑全读
project/.github/workflows/fb862a3-review-evidence.yml	8225	e9b411504a197e758d695c125e6baa68e24862a38de81dbe5692bdbaa604e3d5	a4b815a733efe81897325e2a8e4c826a4ebfa439	.github/workflows/fb862a3-review-evidence.yml	d6665ca1df363f84d13884ded94b42d7c5e260d2	bytes+sha256+supplied_git_blob_sha1	LEXICAL_INVENTORY_ONLY		0			0	2	只对Set/Enable或宽松profile/constant词法索引做逐出现位置检查；未声称AST可达性或测试逻辑全读
project/.github/workflows/s100-annulus125-once.yml	8727	0b4cfb50e299986fdec8681eba3eff075ef050b8495d8d4937081f0026b95fdf	a4b815a733efe81897325e2a8e4c826a4ebfa439	.github/workflows/s100-annulus125-once.yml	83c94563c8651a766b9b0667a3ff56eb0068dd1e	bytes+sha256+supplied_git_blob_sha1	TARGETED_SEMANTIC_SOURCES	1-212	1	B05:historical workflow build / run:L119-L187	A-D; OpenMP ON request, cache and thread environment	0	2	仅引用函数/行域参与定点语义研究；显示请求可能含工具输出截断，不能据此声称全部请求行或整文件逐行审完
project/.github/workflows/s100-annulus125.yml	9170	bd294ed4e62a5db02d2f824609fac873889eb899c092f12cc9e8f661a0533012	a4b815a733efe81897325e2a8e4c826a4ebfa439	.github/workflows/s100-annulus125.yml	d14b0470280ef835eb8e6219e7ad28f962b4aea6	bytes+sha256+supplied_git_blob_sha1	LEXICAL_INVENTORY_ONLY		0			0	2	只对Set/Enable或宽松profile/constant词法索引做逐出现位置检查；未声称AST可达性或测试逻辑全读
project/CMakeLists.txt	20856	cc02142812c03d4aec445fae214fa78a742795b7a29190dd4aa9ba438ac5b9d0	a4b815a733efe81897325e2a8e4c826a4ebfa439	CMakeLists.txt	097b9113eef427de483cce1fa27ccd12653cb10e	bytes+sha256+supplied_git_blob_sha1	TARGETED_SEMANTIC_SOURCES	1-100	1	B01:build target / dependency imports:L1-L38	A:project numeric build options and dependency linkage; C++17 OpenFHE1.5.0 exact version and inherited flags	0	0	仅引用函数/行域参与定点语义研究；显示请求可能含工具输出截断，不能据此声称全部请求行或整文件逐行审完
project/coordination/comprehensive-reassessment-20260908/check_receiver_agreement.py	2054	cd00b3b46e3f9846304125af51bbf5f9a933c2cc93df363637b37a062687b791	a4b815a733efe81897325e2a8e4c826a4ebfa439	coordination/comprehensive-reassessment-20260908/check_receiver_agreement.py	0dbbe8402bfd1356bbe5afa692aaa5cb6d1e1ae3	bytes+sha256+supplied_git_blob_sha1	HASH_INDEX_ONLY		0			0	0	未作全文件语义阅读；按本轮当前参数/随机路径范围保留来源索引
project/coordination/s100-annulus125-20260908/check_execution_guards.py	8800	b583854a969c22ad81ddb4467544e80f29280a30bcf254ba332b508e0c8af0f1	a4b815a733efe81897325e2a8e4c826a4ebfa439	coordination/s100-annulus125-20260908/check_execution_guards.py	ffc0062d6123cb1109935b1c80fe9352101f6e28	bytes+sha256+supplied_git_blob_sha1	HASH_INDEX_ONLY		0			0	0	未作全文件语义阅读；按本轮当前参数/随机路径范围保留来源索引
project/coordination/s100-annulus125-20260908/check_finalizer.py	3708	01c159bec3893a8fcc87260e1bcf4b41121049cd0b3e701da219137b0d369c28	a4b815a733efe81897325e2a8e4c826a4ebfa439	coordination/s100-annulus125-20260908/check_finalizer.py	4a610f79de22c10214eee11deba310acfbf49dce	bytes+sha256+supplied_git_blob_sha1	HASH_INDEX_ONLY		0			0	0	未作全文件语义阅读；按本轮当前参数/随机路径范围保留来源索引
project/coordination/s100-annulus125-20260908/check_one_shot_gate.py	9355	033fe971c5c80f91b5ea8934b2408be8027645bd4aad128f5cabaf0c8c891633	a4b815a733efe81897325e2a8e4c826a4ebfa439	coordination/s100-annulus125-20260908/check_one_shot_gate.py	12813ef472d5abbde5eb7f92faed7003b68c2bdc	bytes+sha256+supplied_git_blob_sha1	HASH_INDEX_ONLY		0			0	0	未作全文件语义阅读；按本轮当前参数/随机路径范围保留来源索引
project/coordination/s100-annulus125-20260908/check_receiver_framing.py	1117	1ef791ef010c5ed1536928cac7eb250e054003cc6ecb09932c0b3ecc396edc42	a4b815a733efe81897325e2a8e4c826a4ebfa439	coordination/s100-annulus125-20260908/check_receiver_framing.py	f0ed3f9fd433b836768741c247770481040ec443	bytes+sha256+supplied_git_blob_sha1	HASH_INDEX_ONLY		0			0	0	未作全文件语义阅读；按本轮当前参数/随机路径范围保留来源索引
project/coordination/s100-annulus125-20260908/finalize_once.py	5113	6da8b1b30600e5c63b40b6ead7b5b081e04a546c68adf48a3a793a894e1d0285	a4b815a733efe81897325e2a8e4c826a4ebfa439	coordination/s100-annulus125-20260908/finalize_once.py	e6b8dea8c29ae1f4b2554233496ba7245a3f8419	bytes+sha256+supplied_git_blob_sha1	HASH_INDEX_ONLY		0			0	0	未作全文件语义阅读；按本轮当前参数/随机路径范围保留来源索引
project/coordination/s100-annulus125-20260908/replay_annulus125.py	10534	6ede0720a8677a51a7715c025e51d0ea18441b6d17e593dded035996965d3a9b	a4b815a733efe81897325e2a8e4c826a4ebfa439	coordination/s100-annulus125-20260908/replay_annulus125.py	7fda1fa081ee7706c8f521cf151b9af46bc98c32	bytes+sha256+supplied_git_blob_sha1	HASH_INDEX_ONLY		0			0	0	未作全文件语义阅读；按本轮当前参数/随机路径范围保留来源索引
project/coordination/s100-annulus125-20260908/run_once.py	3879	9da41ec13ebbb0d300a2ac1b58435221c74b927275ec4c33638f104a85540232	a4b815a733efe81897325e2a8e4c826a4ebfa439	coordination/s100-annulus125-20260908/run_once.py	4e3da038fbd53b78cb6d164560b9618334c68f50	bytes+sha256+supplied_git_blob_sha1	HASH_INDEX_ONLY		0			0	0	未作全文件语义阅读；按本轮当前参数/随机路径范围保留来源索引
project/coordination/s100-annulus125-20260908/scalar_reassessment.py	8710	bf556bee7860d1d9bc7075aa11c03cb1e80e643ebe445cefd9cf155bc4b3d391	a4b815a733efe81897325e2a8e4c826a4ebfa439	coordination/s100-annulus125-20260908/scalar_reassessment.py	f2a517e31bcb78d41aee8625c823c63cc06b5d63	bytes+sha256+supplied_git_blob_sha1	HASH_INDEX_ONLY		0			0	0	未作全文件语义阅读；按本轮当前参数/随机路径范围保留来源索引
project/include/openfhe_2023_1788/double_ckks.h	8927	5b4f0889d642d38c79a9f4570c9b6a1583bc6bb2804325271beca05bd4a5ee7a	a4b815a733efe81897325e2a8e4c826a4ebfa439	include/openfhe_2023_1788/double_ckks.h	dcc47e0e6a6b3fe0f58ca5c58b52714e69fcbd69	bytes+sha256+supplied_git_blob_sha1	LEXICAL_INVENTORY_ONLY		0			0	7	只对Set/Enable或宽松profile/constant词法索引做逐出现位置检查；未声称AST可达性或测试逻辑全读
project/include/openfhe_2023_1788/high_precision_client_io.h	6465	1fda66deb55db1743b32f28f8c9325090aa86b2ee1eb5b7f782ce3fccaf48289	a4b815a733efe81897325e2a8e4c826a4ebfa439	include/openfhe_2023_1788/high_precision_client_io.h	f23b90430831b4078dfd750171dc78a21f8888b8	bytes+sha256+supplied_git_blob_sha1	TARGETED_SEMANTIC_SOURCES	1-177	3	P29:ClientReal / PositiveRationalScale:L21-L44	100 decimal digits, exact numerator/denominator; A-C; A7-client-precision	0	3	仅引用函数/行域参与定点语义研究；显示请求可能含工具输出截断，不能据此声称全部请求行或整文件逐行审完
project/include/openfhe_2023_1788/paper_h128_client_keypair.h	989	23499bfa938fde88584fb6f44996e65f59f250bb056625bacdc08ebd96ae5a94	a4b815a733efe81897325e2a8e4c826a4ebfa439	include/openfhe_2023_1788/paper_h128_client_keypair.h	ab2f143f70a90053a6a7bfa9b740c2d8a2bcf8a3	bytes+sha256+supplied_git_blob_sha1	LEXICAL_INVENTORY_ONLY		0			0	1	只对Set/Enable或宽松profile/constant词法索引做逐出现位置检查；未声称AST可达性或测试逻辑全读
project/include/openfhe_2023_1788/repeated_mult2.h	5715	f95acc03b0feecd78a4763c9f776cbb3e0f6429860d71e81cc6ceb75e47f7cf3	a4b815a733efe81897325e2a8e4c826a4ebfa439	include/openfhe_2023_1788/repeated_mult2.h	0cca6d1eed8b88c61506229678a1452d70c788eb	bytes+sha256+supplied_git_blob_sha1	TARGETED_SEMANTIC_SOURCES	1-126	2	P30:DEBUG_KEY rejection / receipt semantics:L1-L39	A-C-D; C-security-boundary; no context secret debug storage; receipt is not cryptographic lineage proof	0	0	仅引用函数/行域参与定点语义研究；显示请求可能含工具输出截断，不能据此声称全部请求行或整文件逐行审完
project/src/double_ckks.cpp	58704	c530b53d600aeb0c295477aebb84bddff2c25b4a139004cdc888edd5dba425eb	a4b815a733efe81897325e2a8e4c826a4ebfa439	src/double_ckks.cpp	53889f54db46a02b147dc9d417a129830d689199	bytes+sha256+supplied_git_blob_sha1	TARGETED_SEMANTIC_SOURCES	1-1285	6	P13:DoubleCKKS constructor:L241-L279; P14:ValidateCiphertext:L281-L368; P15:DCP / DCP component split:L370-L462; P16:Add / Sub:L699-L824; P17:Tensor2:L826-L892; P18:Relin2 validation:L894-L1009; P19:Relin2 raised high and recomposition:L1011-L1078; P20:RS2:L1080-L1211; P21:Mult2 / RCB / RCBWithReceipt:L1213-L1285	BV/HYBRID key shape validation; C; centered quotient and remainder; d last and nominal scale; loop reentry and final wrap; manual pair arithmetic; representation and metadata guards; three products, low-low omission and compatibility rescale; two true divisions; last Mult tower; zero d tower lift and two relinearizations	17	13	仅引用函数/行域参与定点语义研究；显示请求可能含工具输出截断，不能据此声称全部请求行或整文件逐行审完
project/src/high_precision_client_io.cpp	43927	41b4966f3fdcc251e7d25c82fb20f5daf35551a3df1f44c6b0cc24875e8ff368	a4b815a733efe81897325e2a8e4c826a4ebfa439	src/high_precision_client_io.cpp	9a7cce8aac546701dcbac0668e39226f6eb51a26	bytes+sha256+supplied_git_blob_sha1	TARGETED_SEMANTIC_SOURCES	1-758	3	P22:WorkReal aliases:L54-L64; P23:BindContext / live state:L176-L312; P24:Roots / special FFT:L333-L404; P25:StableRound / ComputeEncoding:L407-L495; P26:bound state construction:L500-L544; P27:HighPrecisionClientIO::Encrypt:L606-L635; P28:BindRepeatedRcb / Decrypt:L638-L755	A-C; C; Poly* decrypt, exact normalization and cross precision; decimal160 and220; direct DCRT public PKE bypassing ordinary codec; fresh / terminal exact scale; independent high-precision complex roots; integer lift, margin, rounding; manual supported profiles and metadata	7	28	仅引用函数/行域参与定点语义研究；显示请求可能含工具输出截断，不能据此声称全部请求行或整文件逐行审完
project/src/paper_h128_client_keypair.cpp	11625	679d4fa226b95770282fd5c877bf47044a290949bbaed501bd8f662744a6f22e	a4b815a733efe81897325e2a8e4c826a4ebfa439	src/paper_h128_client_keypair.cpp	46b79b4ed8ebe0ff42ed733bcad956d6385116fc	bytes+sha256+supplied_git_blob_sha1	TARGETED_SEMANTIC_SOURCES	1-219	2	P10:ValidateBasis / ValidateScheme:L68-L103; P11:HYBRID / context checks:L105-L184; P12:CreateFixedQH128ClientKeyPair:L193-L217	A-B-C; MR, root, scheme guards; full Q public key basis and installed scheme; h128 sample and EncryptZeroCore private overload	2	9	仅引用函数/行域参与定点语义研究；显示请求可能含工具输出截断，不能据此声称全部请求行或整文件逐行审完
project/src/repeated_mult2.cpp	39523	6781d01ff9b4012e7c6d14d16f482def0821c54f4e81e2de80bd8db9d1aea41b	a4b815a733efe81897325e2a8e4c826a4ebfa439	src/repeated_mult2.cpp	ef49bb319bee71dad12266cf26178f336fffe3f1	bytes+sha256+supplied_git_blob_sha1	TARGETED_SEMANTIC_SOURCES	1-571	6	P01:PaperGeometryProfile / kPaperQ / kExperimentalPrecision116Profile:L21-L51; P02:ValidateProfile:L111-L159; P03:MakeFamily:L176-L225; P04:ExactScale / plan construction:L235-L277; P05:receipt construction:L279-L311; P06:InstallFamilyKeys / h128 validation:L351-L398; P07:CreateRepeatedMult2DiagnosticSetup:L400-L441; P08:CreatePaperRepeatedMult2Setup / candidate factory:L443-L469; P09:planned validation / reentry / terminal RCB validation:L473-L568	A-C-D; B-C-D; C; D:exact literal extraction; N64 diagnostic auto-generation seed context; direct CryptoParameters construction; P precompute; eight exact scale and metadata recurrences; frozen exact primes and metadata; manual effective configuration invariants; one h128 root setup; rational scale; eight non-prefix families; receipt ancestry and context wrapping; same-root projection and fresh evalkeys	46	15	仅引用函数/行域参与定点语义研究；显示请求可能含工具输出截断，不能据此声称全部请求行或整文件逐行审完
project/tests/add_api_contract_test.cpp	494	2255026a51b8adb21f12292d81ccb91a90769d7ca02710f8a9ee82e345a5f11d	a4b815a733efe81897325e2a8e4c826a4ebfa439	tests/add_api_contract_test.cpp	52496977cf5e63db9402ab790a02b94605136080	bytes+sha256+supplied_git_blob_sha1	HASH_INDEX_ONLY		0			0	0	未作全文件语义阅读；按本轮当前参数/随机路径范围保留来源索引
project/tests/data/paper_h128_profile.json	4080	2f1c5c8975eb53652c0e1c9ed97c6e44700eba7c61e800a424223b16937b2013	a4b815a733efe81897325e2a8e4c826a4ebfa439	tests/data/paper_h128_profile.json	94a9fc53e2c35b212d79a9a85895427f01a740d5	bytes+sha256+supplied_git_blob_sha1	TARGETED_SEMANTIC_SOURCES	1-208	1	T20:frozen profile receipt:L1-L208	D; diagnostic sigma float and Q/P values	0	0	仅引用函数/行域参与定点语义研究；显示请求可能含工具输出截断，不能据此声称全部请求行或整文件逐行审完
project/tests/dcp_rcb_test.cpp	36797	e1c4f7a0f9100bbc3b14d14f7f02c7e63ce639dca157839867c6e5f015accd81	a4b815a733efe81897325e2a8e4c826a4ebfa439	tests/dcp_rcb_test.cpp	05bf3b88753be517a27705b32780f46b8b008065	bytes+sha256+supplied_git_blob_sha1	LEXICAL_INVENTORY_ONLY		0			36	21	只对Set/Enable或宽松profile/constant词法索引做逐出现位置检查；未声称AST可达性或测试逻辑全读
project/tests/experimental_precision116_eight_square_test.cpp	41367	478954a08580d3d342a47ad1e54900f4dce455af1964a3d3e2d231cf61b748d2	a4b815a733efe81897325e2a8e4c826a4ebfa439	tests/experimental_precision116_eight_square_test.cpp	a0bdbdbb21af6070e91f727e08909044fc5b6b98	bytes+sha256+supplied_git_blob_sha1	TARGETED_SEMANTIC_SOURCES	1-198;321-389;469-652	18	T06:ScaleOracle / Proth / sparse decryption:L71-L192; T07:ObserveFull / ObserveAnchors:L321-L389; T08:RunCandidate / Run / main:L469-L652	C E:S116 numerical path and gates; C-D-S116-complete-assertions; D-E; S116 complete gate versus abort; original FAIL retained; S116 component E80 and codec gates; candidate independent exact identities	31	14	仅引用函数/行域参与定点语义研究；显示请求可能含工具输出截断，不能据此声称全部请求行或整文件逐行审完
project/tests/experimental_precision116_profile_seam.h	28508	a9e1ab95b5d0e85b8ca635ec0aae7fe5b927a9972046f2fc1f995067f1f86fa5	a4b815a733efe81897325e2a8e4c826a4ebfa439	tests/experimental_precision116_profile_seam.h	b9f1452cfbd20ef0601c07e6ea56aaf07504a912	bytes+sha256+supplied_git_blob_sha1	TARGETED_SEMANTIC_SOURCES	1-230;265-359	3	T05:kQ / witness constants:L30-L78	A-D; D; independent candidate prime fixtures	1	15	仅引用函数/行域参与定点语义研究；显示请求可能含工具输出截断，不能据此声称全部请求行或整文件逐行审完
project/tests/fixtures/endpoint_ctest_timeout_linux.log	1515	85f8286ef172a81e22c3cdacfe50dfed37692b686c0f1faffe0f548bbbe0f6e0	a4b815a733efe81897325e2a8e4c826a4ebfa439	tests/fixtures/endpoint_ctest_timeout_linux.log	9b0e97964b9d0829e4d6ed32438f8ff1826fd5cb	bytes+sha256+supplied_git_blob_sha1	HASH_INDEX_ONLY		0			0	0	未作全文件语义阅读；按本轮当前参数/随机路径范围保留来源索引
project/tests/fixtures/endpoint_ctest_timeout_windows.log	1240	40d229aa770ca4fe7d0372f9b5e80ee6b57946bfb4c0f3fb26b24931ac22df81	a4b815a733efe81897325e2a8e4c826a4ebfa439	tests/fixtures/endpoint_ctest_timeout_windows.log	c5f860c0320b23f2b49cda24fae6ebb794336599	bytes+sha256+supplied_git_blob_sha1	HASH_INDEX_ONLY		0			0	0	未作全文件语义阅读；按本轮当前参数/随机路径范围保留来源索引
project/tests/hosted_paper_endpoint_cpp_interop.py	13686	0a8fd9182610ea96c2df3a50ae85e9fcf352e1c646561968d41b711837ce5f79	a4b815a733efe81897325e2a8e4c826a4ebfa439	tests/hosted_paper_endpoint_cpp_interop.py	7e7e0802a2f2ed53cf113f630d19ca3e02831e7b	bytes+sha256+supplied_git_blob_sha1	HASH_INDEX_ONLY		0			0	0	未作全文件语义阅读；按本轮当前参数/随机路径范围保留来源索引
project/tests/hosted_paper_endpoint_finalizer_complete.py	9244	25fbb40cc22cf912757b00a497602ce887ce83a71fdf728b8bf428f0d7920f67	a4b815a733efe81897325e2a8e4c826a4ebfa439	tests/hosted_paper_endpoint_finalizer_complete.py	797ae7ae741e9f74c62205d59b963fa15616cbc7	bytes+sha256+supplied_git_blob_sha1	HASH_INDEX_ONLY		0			0	0	未作全文件语义阅读；按本轮当前参数/随机路径范围保留来源索引
project/tests/hosted_paper_endpoint_finalizer_negative.py	9664	39d8bea4ef9a28327ba1c4ae3f30ebab5555644d8b45381d7652b10126fae6a6	a4b815a733efe81897325e2a8e4c826a4ebfa439	tests/hosted_paper_endpoint_finalizer_negative.py	31161b51b4974dbc52613bac9185fa1dbd5f7d50	bytes+sha256+supplied_git_blob_sha1	HASH_INDEX_ONLY		0			0	0	未作全文件语义阅读；按本轮当前参数/随机路径范围保留来源索引
project/tests/mult2_api_contract_test.cpp	504	d08a4d1805a6e0d3a34201ca979b8ea8feff828daa22547adbf311cbd4511211	a4b815a733efe81897325e2a8e4c826a4ebfa439	tests/mult2_api_contract_test.cpp	8e97bc9372a08ac7b556ee2dff4b559e0afcfe2a	bytes+sha256+supplied_git_blob_sha1	HASH_INDEX_ONLY		0			0	0	未作全文件语义阅读；按本轮当前参数/随机路径范围保留来源索引
project/tests/mult2_e2e_oracle_test.cpp	92802	80720277596d294e392ec4099f44acf162bee712aeb1c85ff837a2f780e3b310	a4b815a733efe81897325e2a8e4c826a4ebfa439	tests/mult2_e2e_oracle_test.cpp	7f64b9593a771c34589b6258663263e7e6094b0f	bytes+sha256+supplied_git_blob_sha1	LEXICAL_INVENTORY_ONLY		0			22	68	只对Set/Enable或宽松profile/constant词法索引做逐出现位置检查；未声称AST可达性或测试逻辑全读
project/tests/mult2_test.cpp	8086	78c61ec9c6d0eb0e7f1015109a4a06f071f1948352a6afdaa4986b9d806f09f8	a4b815a733efe81897325e2a8e4c826a4ebfa439	tests/mult2_test.cpp	f4e2e9f7596896d5a08ba984ae92300ab825143d	bytes+sha256+supplied_git_blob_sha1	LEXICAL_INVENTORY_ONLY		0			14	12	只对Set/Enable或宽松profile/constant词法索引做逐出现位置检查；未声称AST可达性或测试逻辑全读
project/tests/pair_add_test.cpp	4819	73a01ecb6211fa4ce58606d72d03301f7a3cf5f2a8cefd7e04ca628603cc9d1e	a4b815a733efe81897325e2a8e4c826a4ebfa439	tests/pair_add_test.cpp	2b574ff9d4bc909e513632ac1f8bbdae0f6f5c64	bytes+sha256+supplied_git_blob_sha1	LEXICAL_INVENTORY_ONLY		0			11	5	只对Set/Enable或宽松profile/constant词法索引做逐出现位置检查；未声称AST可达性或测试逻辑全读
project/tests/pair_arithmetic_test.cpp	67775	7dccc4b1ee8de2a48501d913623282fd42457bcdf72357fc7f10392a9a15f864	a4b815a733efe81897325e2a8e4c826a4ebfa439	tests/pair_arithmetic_test.cpp	11eef31b685305926f3d7186313ae265b648e8e8	bytes+sha256+supplied_git_blob_sha1	LEXICAL_INVENTORY_ONLY		0			28	30	只对Set/Enable或宽松profile/constant词法索引做逐出现位置检查；未声称AST可达性或测试逻辑全读
project/tests/pair_sub_test.cpp	4367	3b3c434d1e39f489ca6f044e90513f4c764fc7b8b2001d1c2dacaabe4592864f	a4b815a733efe81897325e2a8e4c826a4ebfa439	tests/pair_sub_test.cpp	08ed91f78bbbdec6cef79512b56a342515a1af8e	bytes+sha256+supplied_git_blob_sha1	LEXICAL_INVENTORY_ONLY		0			11	5	只对Set/Enable或宽松profile/constant词法索引做逐出现位置检查；未声称AST可达性或测试逻辑全读
project/tests/paper_endpoint_checked_arithmetic.h	4328	2551fafd1ffb25761f882bc926a8db7bb4edc71235131364cfad3b056a97eada	a4b815a733efe81897325e2a8e4c826a4ebfa439	tests/paper_endpoint_checked_arithmetic.h	40c0247702a38e01c33501a0e0df3864a363a1c6	bytes+sha256+supplied_git_blob_sha1	LEXICAL_INVENTORY_ONLY		0			0	1	只对Set/Enable或宽松profile/constant词法索引做逐出现位置检查；未声称AST可达性或测试逻辑全读
project/tests/paper_endpoint_ctest_protocol_gate.py	15814	56416df5ae6a459451cb8f00fac295ea4323795538f1b2866679778584ec7baa	a4b815a733efe81897325e2a8e4c826a4ebfa439	tests/paper_endpoint_ctest_protocol_gate.py	07ad1ce813fb3df21f5fdcf993601141d640912b	bytes+sha256+supplied_git_blob_sha1	HASH_INDEX_ONLY		0			0	0	未作全文件语义阅读；按本轮当前参数/随机路径范围保留来源索引
project/tests/paper_endpoint_diagnostics.cpp	27460	2a05653222d00dbe7a4c62a393256a20e13435e1585d2318e1d3c4060b36f669	a4b815a733efe81897325e2a8e4c826a4ebfa439	tests/paper_endpoint_diagnostics.cpp	c9f2721aa6f5103b300f5d8b019476dbb35b7399	bytes+sha256+supplied_git_blob_sha1	LEXICAL_INVENTORY_ONLY		0			0	9	只对Set/Enable或宽松profile/constant词法索引做逐出现位置检查；未声称AST可达性或测试逻辑全读
project/tests/paper_endpoint_diagnostics.h	2800	a1e580cc86ad4e6d4778e5c015a95f8d76f7da18b0b6872cc7802f9cb64a7ebd	a4b815a733efe81897325e2a8e4c826a4ebfa439	tests/paper_endpoint_diagnostics.h	6b35770792ebee109f8cb02440f835dfc4eb6412	bytes+sha256+supplied_git_blob_sha1	HASH_INDEX_ONLY		0			0	0	未作全文件语义阅读；按本轮当前参数/随机路径范围保留来源索引
project/tests/paper_endpoint_diagnostics_test.h	6487	9a1f3aac18f006a748145ccc9694c8a4a856de90a611a31a93522aeff4fd050b	a4b815a733efe81897325e2a8e4c826a4ebfa439	tests/paper_endpoint_diagnostics_test.h	b89e83b6e4eab276a5af65b88d8faaea024a1d4c	bytes+sha256+supplied_git_blob_sha1	LEXICAL_INVENTORY_ONLY		0			0	1	只对Set/Enable或宽松profile/constant词法索引做逐出现位置检查；未声称AST可达性或测试逻辑全读
project/tests/paper_endpoint_evidence_writer.cpp	41762	3fc99b052868b252aa925cb7c350e24036eaf4f54be8e9340c3bdd9a502e1ac9	a4b815a733efe81897325e2a8e4c826a4ebfa439	tests/paper_endpoint_evidence_writer.cpp	23c9b75fa64194a95c88b9a51819178c49183149	bytes+sha256+supplied_git_blob_sha1	LEXICAL_INVENTORY_ONLY		0			0	16	只对Set/Enable或宽松profile/constant词法索引做逐出现位置检查；未声称AST可达性或测试逻辑全读
project/tests/paper_endpoint_evidence_writer.h	2846	c251fab8d526b6734036f97e47d67f36fcaecfd692f9cc9f22dcf0e32efc42b9	a4b815a733efe81897325e2a8e4c826a4ebfa439	tests/paper_endpoint_evidence_writer.h	a736dea590d790e35522eb8b07d4d558f3ecc22e	bytes+sha256+supplied_git_blob_sha1	HASH_INDEX_ONLY		0			0	0	未作全文件语义阅读；按本轮当前参数/随机路径范围保留来源索引
project/tests/paper_endpoint_evidence_writer_test.h	24241	0621395297f16bc6fbfb85e17724741158563d0978baa7f65d8f743317adb1b0	a4b815a733efe81897325e2a8e4c826a4ebfa439	tests/paper_endpoint_evidence_writer_test.h	66cd1d35665a54385bb42f6f5aa218b5533a6c46	bytes+sha256+supplied_git_blob_sha1	LEXICAL_INVENTORY_ONLY		0			0	1	只对Set/Enable或宽松profile/constant词法索引做逐出现位置检查；未声称AST可达性或测试逻辑全读
project/tests/paper_endpoint_exact_scalars.cpp	11241	ceb11bfce7d8d3b85a86018230a6da5e13e5ef13a234b6d39b66261ea107f19a	a4b815a733efe81897325e2a8e4c826a4ebfa439	tests/paper_endpoint_exact_scalars.cpp	50efc77092d500b4cd334eee7517a312afae7dfe	bytes+sha256+supplied_git_blob_sha1	TARGETED_SEMANTIC_SOURCES	90-277	8	T17:AssessDifference:L153-L173; T18:CanonicalDecimal / IsCanonicalDecimal:L175-L274	110 significant decimal digits wire grammar; A E:observer rational decisions and decimal wire; A7-wire-decisions; E document consistency: observer scalar exponent and decision; E:exact three-state decisions and canonical rounding; fail / unresolved / pass decision	0	10	仅引用函数/行域参与定点语义研究；显示请求可能含工具输出截断，不能据此声称全部请求行或整文件逐行审完
project/tests/paper_endpoint_exact_scalars_internal.h	524	1bc5eac72ef5ce9dc573396eb40f3beebd264e472b96047dd19f5e998096889b	a4b815a733efe81897325e2a8e4c826a4ebfa439	tests/paper_endpoint_exact_scalars_internal.h	57233511b4d29b9a8f6586ab86fe53404d77c9f5	bytes+sha256+supplied_git_blob_sha1	HASH_INDEX_ONLY		0			0	0	未作全文件语义阅读；按本轮当前参数/随机路径范围保留来源索引
project/tests/paper_endpoint_exact_scalars_test.h	5043	1905a060c568651d9fb4bd5ce9a9030fdfc251f38368bc193a115232ac789359	a4b815a733efe81897325e2a8e4c826a4ebfa439	tests/paper_endpoint_exact_scalars_test.h	7650f343a20594b61cd8588b66857e627accf968	bytes+sha256+supplied_git_blob_sha1	HASH_INDEX_ONLY		0			0	0	未作全文件语义阅读；按本轮当前参数/随机路径范围保留来源索引
project/tests/paper_endpoint_failure.h	830	e3ae015ac5f8e516d96373243e8c43a78cea5af3b800170bc4b67174ed845388	a4b815a733efe81897325e2a8e4c826a4ebfa439	tests/paper_endpoint_failure.h	8a99a36fc2d42e6d9b06f278dfb285dcd22f2ca1	bytes+sha256+supplied_git_blob_sha1	HASH_INDEX_ONLY		0			0	0	未作全文件语义阅读；按本轮当前参数/随机路径范围保留来源索引
project/tests/paper_endpoint_finalizer.py	15507	4e1dd74504065b41cbfb28b09d06903834d6fc556cf5ffe116db1673b2235325	a4b815a733efe81897325e2a8e4c826a4ebfa439	tests/paper_endpoint_finalizer.py	3d82b875ad13ec4349b3a49b090962581b07b02c	bytes+sha256+supplied_git_blob_sha1	HASH_INDEX_ONLY		0			0	0	未作全文件语义阅读；按本轮当前参数/随机路径范围保留来源索引
project/tests/paper_endpoint_gzip.py	2878	d5a6825f5a1092b52f07da70f2a09d45065c283b1fe6e6c6d3d6dcf4f199839e	a4b815a733efe81897325e2a8e4c826a4ebfa439	tests/paper_endpoint_gzip.py	14eb73d4d901e67e86ed4fa24e5defa5ee8cd11a	bytes+sha256+supplied_git_blob_sha1	HASH_INDEX_ONLY		0			0	0	未作全文件语义阅读；按本轮当前参数/随机路径范围保留来源索引
project/tests/paper_endpoint_interop_test.h	7108	729d754997bf5544fc89550eb1a9b0cd3be41e0df689d1ca6281b4092806fc01	a4b815a733efe81897325e2a8e4c826a4ebfa439	tests/paper_endpoint_interop_test.h	66b665836c762927e05e4e7de38ed6509b9d6a7d	bytes+sha256+supplied_git_blob_sha1	HASH_INDEX_ONLY		0			0	0	未作全文件语义阅读；按本轮当前参数/随机路径范围保留来源索引
project/tests/paper_endpoint_observer_contract.h	10324	c8fce07e3a9969d5109f85856b46ce5bc16657447e9d62726cb11b6e294c1d23	a4b815a733efe81897325e2a8e4c826a4ebfa439	tests/paper_endpoint_observer_contract.h	ca864595a083f6d7cac20250242cabd5a911983a	bytes+sha256+supplied_git_blob_sha1	TARGETED_SEMANTIC_SOURCES	1-173	1	T12:Binary aliases / Decision:L17-L55	512/768 binary precision; A E:diagnostic precision and non-PASS unresolved semantics	0	2	仅引用函数/行域参与定点语义研究；显示请求可能含工具输出截断，不能据此声称全部请求行或整文件逐行审完
project/tests/paper_endpoint_primary_reader.py	38307	9b040555ad39afa6ee99eb5e78a249fcaa865da010ec7118f03bded37e92af78	a4b815a733efe81897325e2a8e4c826a4ebfa439	tests/paper_endpoint_primary_reader.py	2fb8d84b64c787d833b394b92ae0a4294c705c72	bytes+sha256+supplied_git_blob_sha1	HASH_INDEX_ONLY		0			0	0	未作全文件语义阅读；按本轮当前参数/随机路径范围保留来源索引
project/tests/paper_endpoint_publication.py	18459	7fbfb9329817a370db37ac6483f6320ac985a2caaf7286a0cec9085954d4ed3d	a4b815a733efe81897325e2a8e4c826a4ebfa439	tests/paper_endpoint_publication.py	946a7447025a25c7c5fdccb498664fefeb9e4799	bytes+sha256+supplied_git_blob_sha1	HASH_INDEX_ONLY		0			0	0	未作全文件语义阅读；按本轮当前参数/随机路径范围保留来源索引
project/tests/paper_endpoint_reconcile.py	11929	3e7a119a9d438f6041ffacc7cb870b1d31f2e88e2bc0ec28617f4eb7d494165d	a4b815a733efe81897325e2a8e4c826a4ebfa439	tests/paper_endpoint_reconcile.py	cc8766fbb75909f4c122d6f8c27fc21be5c7ffc3	bytes+sha256+supplied_git_blob_sha1	HASH_INDEX_ONLY		0			0	0	未作全文件语义阅读；按本轮当前参数/随机路径范围保留来源索引
project/tests/paper_endpoint_scaled_norm.cpp	1569	5d29807bef410022f75bea12bdd75efd509bdd559f901431ecf043ac851b12b8	a4b815a733efe81897325e2a8e4c826a4ebfa439	tests/paper_endpoint_scaled_norm.cpp	a23454ba913488adf4c11863a2d8282d71fba39d	bytes+sha256+supplied_git_blob_sha1	TARGETED_SEMANTIC_SOURCES	1-33	2	T16:ScaledOneNormExponent:L7-L31	A E:exact scaled one norm integer bound; E document consistency: exponent versus power bound; ceil log2 exact coefficient one norm over scale	0	0	仅引用函数/行域参与定点语义研究；显示请求可能含工具输出截断，不能据此声称全部请求行或整文件逐行审完
project/tests/paper_endpoint_scaled_norm_test.h	1921	8ca8683d0f8b2f3db8ddbbeee278cdba5991e00280ee44d0693922d671b9d84d	a4b815a733efe81897325e2a8e4c826a4ebfa439	tests/paper_endpoint_scaled_norm_test.h	ec05bfab6dc5157748144755792874222c8ffab0	bytes+sha256+supplied_git_blob_sha1	HASH_INDEX_ONLY		0			0	0	未作全文件语义阅读；按本轮当前参数/随机路径范围保留来源索引
project/tests/paper_endpoint_sidecar_reader.py	15896	40d00c340f40504722e000d450a6883c01fadf99ebb05678018c01b7267008a0	a4b815a733efe81897325e2a8e4c826a4ebfa439	tests/paper_endpoint_sidecar_reader.py	009eb7f42b3939784ed2a4097e46d4ca298dd959	bytes+sha256+supplied_git_blob_sha1	HASH_INDEX_ONLY		0			0	0	未作全文件语义阅读；按本轮当前参数/随机路径范围保留来源索引
project/tests/paper_endpoint_sidecar_replay.py	17155	4f44b8012171fc79d5edcae8455f270b161dd354997be0b7bcc96d15b9574d46	a4b815a733efe81897325e2a8e4c826a4ebfa439	tests/paper_endpoint_sidecar_replay.py	0f99154d94f594d657cf7144838113169af592da	bytes+sha256+supplied_git_blob_sha1	HASH_INDEX_ONLY		0			0	0	未作全文件语义阅读；按本轮当前参数/随机路径范围保留来源索引
project/tests/paper_endpoint_status.py	7928	f443ff51dbe4aa24b21bfd5d1eff5986a7bcfd064ee1d7bae55ffa6cce283c34	a4b815a733efe81897325e2a8e4c826a4ebfa439	tests/paper_endpoint_status.py	531889d7d4b2f5779e7bdeb8a36687dc9c78a351	bytes+sha256+supplied_git_blob_sha1	HASH_INDEX_ONLY		0			0	0	未作全文件语义阅读；按本轮当前参数/随机路径范围保留来源索引
project/tests/paper_endpoint_transform.cpp	16734	f0a2fd4ffd6d877684a39e753b2419ac23c59a5e59fd9af982c69f27dc081dea	a4b815a733efe81897325e2a8e4c826a4ebfa439	tests/paper_endpoint_transform.cpp	6d96326cf165e7f586eebf78fc3362c331684221	bytes+sha256+supplied_git_blob_sha1	TARGETED_SEMANTIC_SOURCES	1-108;177-292;341-401	3	T13:RoundedInteger:L72-L108; T14:DftTables / Transform:L177-L287; T15:DirectSparseReference768:L342-L398	A C:independent observer transform precision and sign; C:independent twist FFT and full-slot output; exact ties-to-even binary conversion; independent per-slot sparse direct evaluation; positive twisted unnormalized DFT; powers5 slot order	0	3	仅引用函数/行域参与定点语义研究；显示请求可能含工具输出截断，不能据此声称全部请求行或整文件逐行审完
project/tests/paper_endpoint_transform_negative_contract.h	4125	038b48cca0f59e912f669b909dede52eacd01b95da5ca2235a21f863179fa2fa	a4b815a733efe81897325e2a8e4c826a4ebfa439	tests/paper_endpoint_transform_negative_contract.h	48c3d9779fc0d3efd4062dba3e4d3f7d145bca7d	bytes+sha256+supplied_git_blob_sha1	HASH_INDEX_ONLY		0			0	0	未作全文件语义阅读；按本轮当前参数/随机路径范围保留来源索引
project/tests/paper_full_eight_square_contract_test.cpp	31502	d3a852d1c2a2ef7db38b2303f52afffd0527ff886ed4655efbbb3ad5c0f4bd90	a4b815a733efe81897325e2a8e4c826a4ebfa439	tests/paper_full_eight_square_contract_test.cpp	fee9294e11f0424e8514501e1b4118aa210ca1a3	bytes+sha256+supplied_git_blob_sha1	TARGETED_SEMANTIC_SOURCES	258-400	1	T04:RunPaper:L258-L372	C E:original full eight-square gates and execution ordering; original one-chain endpoint and ancestry validation	28	3	仅引用函数/行域参与定点语义研究；显示请求可能含工具输出截断，不能据此声称全部请求行或整文件逐行审完
project/tests/paper_full_eight_square_oracle.h	16392	08d6c4dfe6761b84d893d90c120418a29d8a2b96aa05304e95728d72e4c3e203	a4b815a733efe81897325e2a8e4c826a4ebfa439	tests/paper_full_eight_square_oracle.h	c4490e4ba90b57dad0f6427c9b5f760170013bd9	bytes+sha256+supplied_git_blob_sha1	TARGETED_SEMANTIC_SOURCES	1-336	3	T01:Real / frozen moduli / Inputs / Scales:L25-L107; T02:Error / residuals / CheckFull / ReadSecret:L125-L223; T03:SparseDecrypt / Horner:L225-L336	C E:independent sparse decrypt and Horner anchors; D-E; D-input-exact; binary512 original exact dyadic input; component norm and original gates; orthogonal CRT and ten anchors	3	18	仅引用函数/行域参与定点语义研究；显示请求可能含工具输出截断，不能据此声称全部请求行或整文件逐行审完
project/tests/paper_h128_client_keypair_contract_test.cpp	30390	c2698109d0a45621f6c705bcdfd2d0da3ae748db9802db1287de8517077fb81f	a4b815a733efe81897325e2a8e4c826a4ebfa439	tests/paper_h128_client_keypair_contract_test.cpp	01d4248e26205e613db98fc5325e176959011afc	bytes+sha256+supplied_git_blob_sha1	TARGETED_SEMANTIC_SOURCES	53-106	1	T19:diagnostic context factory:L53-L106	A-diagnostic-profile-values; N256 h128 smoke distinct from paper profile	37	23	仅引用函数/行域参与定点语义研究；显示请求可能含工具输出截断，不能据此声称全部请求行或整文件逐行审完
project/tests/precision_client_io_first_mult2_contract_test.cpp	56986	93640b6c7ba49b4594ad2f84309cbaf48e31974039d403f6941e375558f7d950	a4b815a733efe81897325e2a8e4c826a4ebfa439	tests/precision_client_io_first_mult2_contract_test.cpp	2f0bc6d5d40dda115f33daad59ce42ff7a4f34f5	bytes+sha256+supplied_git_blob_sha1	LEXICAL_INVENTORY_ONLY		0			42	38	只对Set/Enable或宽松profile/constant词法索引做逐出现位置检查；未声称AST可达性或测试逻辑全读
project/tests/precision_client_io_oracle.h	21211	9f7d8222ef6520bc845ab1b81fe735f5f7a46a48d5de2c2b984c63148e2c42af	a4b815a733efe81897325e2a8e4c826a4ebfa439	tests/precision_client_io_oracle.h	28ffb635375f306dd285cb4049151d5d9179c6ca	bytes+sha256+supplied_git_blob_sha1	LEXICAL_INVENTORY_ONLY		0			1	8	只对Set/Enable或宽松profile/constant词法索引做逐出现位置检查；未声称AST可达性或测试逻辑全读
project/tests/precision_dcp_rcb_contract_test.cpp	32555	ad677414499c3e98e7f798ed940d587cb35c6cc791c7b0f81166ca1e6917f854	a4b815a733efe81897325e2a8e4c826a4ebfa439	tests/precision_dcp_rcb_contract_test.cpp	7cd1eb345be23ab2bdb4445a66a515b1791f3e3f	bytes+sha256+supplied_git_blob_sha1	LEXICAL_INVENTORY_ONLY		0			16	30	只对Set/Enable或宽松profile/constant词法索引做逐出现位置检查；未声称AST可达性或测试逻辑全读
project/tests/precision_dcp_rcb_fixture.cpp	10117	4bcd633c3fb4b6ad4fa5d2088908e7992ccd50dec0d3b826fe976e590a3aa596	a4b815a733efe81897325e2a8e4c826a4ebfa439	tests/precision_dcp_rcb_fixture.cpp	f815a417587cad60dd08a17f4a2106c2dbfd9a31	bytes+sha256+supplied_git_blob_sha1	LEXICAL_INVENTORY_ONLY		0			2	8	只对Set/Enable或宽松profile/constant词法索引做逐出现位置检查；未声称AST可达性或测试逻辑全读
project/tests/precision_dcp_rcb_fixture.h	1007	4b7b1c4f2670f5dc93e8d28f1ad585a47bb9cf4b81130bb45200a3af82e6b554	a4b815a733efe81897325e2a8e4c826a4ebfa439	tests/precision_dcp_rcb_fixture.h	f974d6c681e3e76ae64c20b36192736405ecf1ee	bytes+sha256+supplied_git_blob_sha1	LEXICAL_INVENTORY_ONLY		0			0	1	只对Set/Enable或宽松profile/constant词法索引做逐出现位置检查；未声称AST可达性或测试逻辑全读
project/tests/precision_first_mult2_contract_test.cpp	58273	60a7c27c7f88420b1c55899bbe4d4b3ad54cbbf6a06da90d2fdfb0a0646770db	a4b815a733efe81897325e2a8e4c826a4ebfa439	tests/precision_first_mult2_contract_test.cpp	44f8a2170c8e6ad1b99f40b2b62fd170708ffe07	bytes+sha256+supplied_git_blob_sha1	LEXICAL_INVENTORY_ONLY		0			16	42	只对Set/Enable或宽松profile/constant词法索引做逐出现位置检查；未声称AST可达性或测试逻辑全读
project/tests/relin2_api_contract_test.cpp	912	6728b6cfaa51c84465ff4ca1814310814b0db626dbdaef73ac26e53888dc0cdf	a4b815a733efe81897325e2a8e4c826a4ebfa439	tests/relin2_api_contract_test.cpp	cba962431fe3da4426feb552c260c6b68aec587d	bytes+sha256+supplied_git_blob_sha1	HASH_INDEX_ONLY		0			0	0	未作全文件语义阅读；按本轮当前参数/随机路径范围保留来源索引
project/tests/relin2_test.cpp	273742	8755f906eae1d18cedcca2d8e35879a2f716d46886934ca45d95611692c4bcf0	a4b815a733efe81897325e2a8e4c826a4ebfa439	tests/relin2_test.cpp	266c676bcf5f3e2b34fca9ca95857d42e6979689	bytes+sha256+supplied_git_blob_sha1	LEXICAL_INVENTORY_ONLY		0			74	107	只对Set/Enable或宽松profile/constant词法索引做逐出现位置检查；未声称AST可达性或测试逻辑全读
project/tests/repeated_mult2_exact_vectors.h	3966	e065a934ff9104d1deaa19874b0fa86f3e9ee573693b6fb96a747dde1aad3d43	a4b815a733efe81897325e2a8e4c826a4ebfa439	tests/repeated_mult2_exact_vectors.h	c762205e386f031c56331878e9270653ae1b5e52	bytes+sha256+supplied_git_blob_sha1	LEXICAL_INVENTORY_ONLY		0			0	6	只对Set/Enable或宽松profile/constant词法索引做逐出现位置检查；未声称AST可达性或测试逻辑全读
project/tests/repeated_mult2_semantic_oracle.h	20768	204d1704ad2b164691acc98bc354a80b8ff3278ade53907c1d2bec5a9126d17d	a4b815a733efe81897325e2a8e4c826a4ebfa439	tests/repeated_mult2_semantic_oracle.h	453562d2847fb3a37033921fe67b6df7968eb397	bytes+sha256+supplied_git_blob_sha1	LEXICAL_INVENTORY_ONLY		0			3	9	只对Set/Enable或宽松profile/constant词法索引做逐出现位置检查；未声称AST可达性或测试逻辑全读
project/tests/repeated_mult2_semantic_two_square_test.cpp	21851	b3eb681401bade58cb1a81091c33c4307a4595e226531d5a79580f9a5a7d86a3	a4b815a733efe81897325e2a8e4c826a4ebfa439	tests/repeated_mult2_semantic_two_square_test.cpp	984c5be823a7351e1cc5d18d170e461c3830beb2	bytes+sha256+supplied_git_blob_sha1	LEXICAL_INVENTORY_ONLY		0			12	11	只对Set/Enable或宽松profile/constant词法索引做逐出现位置检查；未声称AST可达性或测试逻辑全读
project/tests/rs2_api_contract_test.cpp	609	5dd7a04e87144888d5cee1edd73691cdb2e88995d559f56f4ef111a7042e6515	a4b815a733efe81897325e2a8e4c826a4ebfa439	tests/rs2_api_contract_test.cpp	d54b8ffe12e95d93f2fdf7baeeed9d3a96de9473	bytes+sha256+supplied_git_blob_sha1	HASH_INDEX_ONLY		0			0	0	未作全文件语义阅读；按本轮当前参数/随机路径范围保留来源索引
project/tests/rs2_test.cpp	50770	b728c7a75f60472902f23e1d094208a69309b54672eb8392c8553afd88e71c93	a4b815a733efe81897325e2a8e4c826a4ebfa439	tests/rs2_test.cpp	d530901f804450b4062468d0a02bad6d307f9f59	bytes+sha256+supplied_git_blob_sha1	LEXICAL_INVENTORY_ONLY		0			21	33	只对Set/Enable或宽松profile/constant词法索引做逐出现位置检查；未声称AST可达性或测试逻辑全读
project/tests/run_paper_endpoint_once.sh	3400	148c8400a8e520b2161f1e837eb12484520d0d53daf58be75b2986e37b08d286	a4b815a733efe81897325e2a8e4c826a4ebfa439	tests/run_paper_endpoint_once.sh	301bad40f68c76ded5dd03f772d0c62bbe340598	bytes+sha256+supplied_git_blob_sha1	HASH_INDEX_ONLY		0			0	0	未作全文件语义阅读；按本轮当前参数/随机路径范围保留来源索引
project/tests/s100_annulus125_eight_square_test.cpp	17241	1e39fd2416126650909e5d8ea43373cc135757fe6d3a292e300d53eab384add7	a4b815a733efe81897325e2a8e4c826a4ebfa439	tests/s100_annulus125_eight_square_test.cpp	6541c551ad4210af3bc7871573c9ee004bb5f74b	bytes+sha256+supplied_git_blob_sha1	TARGETED_SEMANTIC_SOURCES	1-324	3	T09:Input / ObserverControl:L45-L89; T10:Evaluate / CheckObserver:L161-L210; T11:Run / annulus gates:L226-L324	D-E; D-input-difference; base999; full-slot monomial order control; no interim decryption; conditional observer; one sample complex norm E80 and A80/4	0	7	仅引用函数/行域参与定点语义研究；显示请求可能含工具输出截断，不能据此声称全部请求行或整文件逐行审完
project/tests/s100_fresh_error_diagnostic_test.cpp	39031	d506a692ccc74d229119d9eabcd57d55068938d4a9caccd3a82f08c96ede48eb	a4b815a733efe81897325e2a8e4c826a4ebfa439	tests/s100_fresh_error_diagnostic_test.cpp	217b2375f17d257dec12a35ec24f7052a7405443	bytes+sha256+supplied_git_blob_sha1	LEXICAL_INVENTORY_ONLY		0			27	11	只对Set/Enable或宽松profile/constant词法索引做逐出现位置检查；未声称AST可达性或测试逻辑全读
project/tests/sub_api_contract_test.cpp	444	fd4c8e824ffd7fc1ddc52ac68300ef9959253a850c05f7ae261bff438bc36658	a4b815a733efe81897325e2a8e4c826a4ebfa439	tests/sub_api_contract_test.cpp	a28f0cb6a1de539d1d0d988855e9f60b381d2640	bytes+sha256+supplied_git_blob_sha1	HASH_INDEX_ONLY		0			0	0	未作全文件语义阅读；按本轮当前参数/随机路径范围保留来源索引
project/tests/tensor2_api_contract_test.cpp	1156	128959b73a90217076f170a2de11665b75f6e8d906c22d35d9b137d1fe8e4dc8	a4b815a733efe81897325e2a8e4c826a4ebfa439	tests/tensor2_api_contract_test.cpp	5e0aecb5df97a32974e8ee16314108e16fb7ab54	bytes+sha256+supplied_git_blob_sha1	HASH_INDEX_ONLY		0			0	0	未作全文件语义阅读；按本轮当前参数/随机路径范围保留来源索引
project/tests/tensor2_test.cpp	32523	17c3b761ab24e670157aa412630099612b254692e4c3036ad0208072611e7a69	a4b815a733efe81897325e2a8e4c826a4ebfa439	tests/tensor2_test.cpp	647094f675d9266255d6e457f2d47377ed1a5061	bytes+sha256+supplied_git_blob_sha1	LEXICAL_INVENTORY_ONLY		0			19	11	只对Set/Enable或宽松profile/constant词法索引做逐出现位置检查；未声称AST可达性或测试逻辑全读
project/tests/test_paper_endpoint_canonical_scope_cli.py	4310	3992e078074400a3155dd4e7f7bf52e6c2cdfef6d22e869f007a856050946611	a4b815a733efe81897325e2a8e4c826a4ebfa439	tests/test_paper_endpoint_canonical_scope_cli.py	dd3240b5b3743a41d05ee55852528a6a613819fe	bytes+sha256+supplied_git_blob_sha1	HASH_INDEX_ONLY		0			0	0	未作全文件语义阅读；按本轮当前参数/随机路径范围保留来源索引
project/tests/test_paper_endpoint_error_reasons.py	10805	0e071d53dc55a6456f115634b636e09be716ba92449cbf3830c7c523c8d5c902	a4b815a733efe81897325e2a8e4c826a4ebfa439	tests/test_paper_endpoint_error_reasons.py	7752199ee2d8160477afbd240252b15d2969fa6a	bytes+sha256+supplied_git_blob_sha1	HASH_INDEX_ONLY		0			0	0	未作全文件语义阅读；按本轮当前参数/随机路径范围保留来源索引
project/tests/test_paper_endpoint_finalizer.py	17478	1ed0fa8c7b0046129d2f8a36f7806b7c1dfafea59d219f5c1827ecf2248459e2	a4b815a733efe81897325e2a8e4c826a4ebfa439	tests/test_paper_endpoint_finalizer.py	31a952c93bb4087f1405bed1bcf5af0839b58a84	bytes+sha256+supplied_git_blob_sha1	HASH_INDEX_ONLY		0			0	0	未作全文件语义阅读；按本轮当前参数/随机路径范围保留来源索引
project/tests/test_paper_endpoint_gzip.py	5737	29e7a184e77b86110be75bab1b09bf5ed356b47b3e68f946ad99438b5b1fb32c	a4b815a733efe81897325e2a8e4c826a4ebfa439	tests/test_paper_endpoint_gzip.py	cfe2a0cc82f5dc02253275fbd7df604023fa31cd	bytes+sha256+supplied_git_blob_sha1	HASH_INDEX_ONLY		0			0	0	未作全文件语义阅读；按本轮当前参数/随机路径范围保留来源索引
project/tests/test_paper_endpoint_primary_partial_facts.py	1902	85973db58b6bc3fb8dbe75402baa53a57625c099fae7df6c2e76eba56fd4aa46	a4b815a733efe81897325e2a8e4c826a4ebfa439	tests/test_paper_endpoint_primary_partial_facts.py	5bb42592eb7876785be98392dcbb1c711db3e57d	bytes+sha256+supplied_git_blob_sha1	HASH_INDEX_ONLY		0			0	0	未作全文件语义阅读；按本轮当前参数/随机路径范围保留来源索引
project/tests/test_paper_endpoint_primary_reader.py	33526	2ed57cb2ee061716b8bf6a3058af07be99083c8b09580ee7aae1f74ea5bd7522	a4b815a733efe81897325e2a8e4c826a4ebfa439	tests/test_paper_endpoint_primary_reader.py	1d5f2a235e9d5185d77d9f53e6fecee2d3fda299	bytes+sha256+supplied_git_blob_sha1	HASH_INDEX_ONLY		0			0	0	未作全文件语义阅读；按本轮当前参数/随机路径范围保留来源索引
project/tests/test_paper_endpoint_publication.py	33524	831b70ef949bd9652b18a75b1953d3c5ed1dd78d9d888207dd66c6a9ba50a709	a4b815a733efe81897325e2a8e4c826a4ebfa439	tests/test_paper_endpoint_publication.py	28412e06102e631e80a52e9009248eacedb784d0	bytes+sha256+supplied_git_blob_sha1	HASH_INDEX_ONLY		0			0	0	未作全文件语义阅读；按本轮当前参数/随机路径范围保留来源索引
project/tests/test_paper_endpoint_reconcile.py	10800	eeef1a4819506ee0fe91324f3cabdfcd501fe120330a50b6bccc81fccb53b4d9	a4b815a733efe81897325e2a8e4c826a4ebfa439	tests/test_paper_endpoint_reconcile.py	2db028b41d5cfda863d834b3179ee322ca561fac	bytes+sha256+supplied_git_blob_sha1	HASH_INDEX_ONLY		0			0	0	未作全文件语义阅读；按本轮当前参数/随机路径范围保留来源索引
project/tests/test_paper_endpoint_replay_reconcile.py	16928	8e05821c2e87e6828e6bee0635bd4925901bb5a6ad38c7db7496f09049263d82	a4b815a733efe81897325e2a8e4c826a4ebfa439	tests/test_paper_endpoint_replay_reconcile.py	22b988b3df514ad150d78181527602620af4eac5	bytes+sha256+supplied_git_blob_sha1	HASH_INDEX_ONLY		0			0	0	未作全文件语义阅读；按本轮当前参数/随机路径范围保留来源索引
project/tests/test_paper_endpoint_sidecar_reader.py	13731	84fe5759a2d4ae6cc9dd393ffab105ac44083c0d0ba2e01922d1954245187791	a4b815a733efe81897325e2a8e4c826a4ebfa439	tests/test_paper_endpoint_sidecar_reader.py	5262ef60c2608c1c0dcb1bf67d6ec5bff2c77233	bytes+sha256+supplied_git_blob_sha1	HASH_INDEX_ONLY		0			0	0	未作全文件语义阅读；按本轮当前参数/随机路径范围保留来源索引
project/tests/test_paper_endpoint_sidecar_replay.py	9297	c7e2ff12299e8955808a34a133b1ea9015699f3a1cb9efe5caa27b2ce9af0196	a4b815a733efe81897325e2a8e4c826a4ebfa439	tests/test_paper_endpoint_sidecar_replay.py	c65537cfed3558f603723e52375397fb7648082d	bytes+sha256+supplied_git_blob_sha1	HASH_INDEX_ONLY		0			0	0	未作全文件语义阅读；按本轮当前参数/随机路径范围保留来源索引
project/tests/test_paper_endpoint_status.py	11821	fce18d0a851acfd61191dcc53c7f12125eb570a4a9d268ccc7976e93c626bce3	a4b815a733efe81897325e2a8e4c826a4ebfa439	tests/test_paper_endpoint_status.py	af4490f6a4852cd292b5d2d3657f6ef8402b1fd6	bytes+sha256+supplied_git_blob_sha1	HASH_INDEX_ONLY		0			0	0	未作全文件语义阅读；按本轮当前参数/随机路径范围保留来源索引
project/tests/test_paper_endpoint_timeout_cli.py	7957	328ac6c8fb75668db30c6ae39686dd8c2d0d66507e1315101798295caad726d4	a4b815a733efe81897325e2a8e4c826a4ebfa439	tests/test_paper_endpoint_timeout_cli.py	2ced3858b9b89fb5b1abcbaaf45829f562d99f15	bytes+sha256+supplied_git_blob_sha1	HASH_INDEX_ONLY		0			0	0	未作全文件语义阅读；按本轮当前参数/随机路径范围保留来源索引
project/tests/test_paper_endpoint_wrapper.py	8579	b7de85e757b003796ea07ed319b57ecb7c277e3404263929f6e30c6e8dd836bd	a4b815a733efe81897325e2a8e4c826a4ebfa439	tests/test_paper_endpoint_wrapper.py	49ea46471a7c879898410705329e63b04508e8c9	bytes+sha256+supplied_git_blob_sha1	HASH_INDEX_ONLY		0			0	0	未作全文件语义阅读；按本轮当前参数/随机路径范围保留来源索引
references/boost-1.83.0/include/boost/multiprecision/cpp_bin_float.hpp	105093	bcd782b34bd90d894c416fa595cd31c9e7114f343eb4dd1aad24bb722ab3dfc5				bytes+sha256	HASH_INDEX_ONLY		0			0	0	未作全文件语义阅读；按本轮当前参数/随机路径范围保留来源索引
references/boost-1.83.0/include/boost/multiprecision/cpp_int/bitwise.hpp	42474	3e6b6fbf1720d1b51248297c6ed92df9dafd45ae224757cd775323cf7df4b11c				bytes+sha256	HASH_INDEX_ONLY		0			0	0	未作全文件语义阅读；按本轮当前参数/随机路径范围保留来源索引
references/boost-1.83.0/include/boost/multiprecision/detail/functions/trig.hpp	32274	e802b586c80227149d36621e2752ea15f90d7b22bef92f5d17426ff521fc8845				bytes+sha256	HASH_INDEX_ONLY		0			0	0	未作全文件语义阅读；按本轮当前参数/随机路径范围保留来源索引
references/boost-1.83.0/include/boost/multiprecision/fwd.hpp	12594	da8f2d642828572587cf5dbac7552ba85a8a266734398bf71c596f339eadbc5e				bytes+sha256	HASH_INDEX_ONLY		0			0	0	未作全文件语义阅读；按本轮当前参数/随机路径范围保留来源索引
references/paper/PAPER-2023-1788.pdf	759375	61d9b948b17b6a624d3bf3372462555288308011226d2893e9e6bc3d6d197eac				bytes+sha256	PDF_PAGE_VISUAL		0			0	0	目视实际页4,5,6,7,8,9,11,12,13；其余页未逐页审读；Web PDF截图403后用本地PyMuPDF渲染，未OCR
references/paper/PAPER-2023-1788.txt	90235	60dd871a2769fddfe7ce7b2562d031d7c8d819a679eff3c2b6ebf3d7ea5769ae				bytes+sha256	TARGETED_SEMANTIC_SOURCES	254-297;329-478;666-749;898-963;1562-1607	5	A01:PDF page8 Theorem4.8 / modulus consumption:L898-L951; A02:PDF page13 Section6.3 Table3:L1562-L1604; A03:PDF pages5-6 Definition3.1/Theorem3.2/DCP:L329-L478; A04:PDF page5 ordinary Tensor sign:L258-L278; A05:PDF pages7-8 Definition4.3/Lemma4.4 proof:L666-L743	A-DCP-carry; D:paper theorem and Table3 semantics; E-paper-display-equations; Relin2 lift and overstrong vector carry identity; centered quotient/carry and DCP/RCB; nominal parameters and statistical protocol; printed negative cross term versus (1,s) convention; printed normalization inconsistency; visually checked	0	0	仅引用函数/行域参与定点语义研究；显示请求可能含工具输出截断，不能据此声称全部请求行或整文件逐行审完
