2026-09-06T18:07:51.7836332Z Current runner version: '2.337.0'
2026-09-06T18:07:51.7864657Z ##[group]Runner Image Provisioner
2026-09-06T18:07:51.7865749Z Hosted Compute Agent
2026-09-06T18:07:51.7866504Z Version: 20260828.587
2026-09-06T18:07:51.7867444Z Commit: abac92662cab4cc7352de4f9f9d2e2419aad9c29
2026-09-06T18:07:51.7868377Z Build Date: 2026-08-28T16:44:25Z
2026-09-06T18:07:51.7869387Z Worker ID: {c89d7af6-4d08-46c8-99f7-55ffa8f0014a}
2026-09-06T18:07:51.7870412Z Azure Region: northcentralus
2026-09-06T18:07:51.7871173Z ##[endgroup]
2026-09-06T18:07:51.7872534Z ##[group]Operating System
2026-09-06T18:07:51.7873070Z Ubuntu
2026-09-06T18:07:51.7873506Z 24.04.4
2026-09-06T18:07:51.7873979Z LTS
2026-09-06T18:07:51.7874444Z ##[endgroup]
2026-09-06T18:07:51.7874949Z ##[group]Runner Image
2026-09-06T18:07:51.7875461Z Image: ubuntu-24.04
2026-09-06T18:07:51.7875936Z Version: 20260831.293.1
2026-09-06T18:07:51.7877070Z Included Software: https://github.com/actions/runner-images/blob/ubuntu24/20260831.293/images/ubuntu/Ubuntu2404-Readme.md
2026-09-06T18:07:51.7878352Z Image Release: https://github.com/actions/runner-images/releases/tag/ubuntu24%2F20260831.293
2026-09-06T18:07:51.7879415Z ##[endgroup]
2026-09-06T18:07:51.7880360Z ##[group]GITHUB_TOKEN Permissions
2026-09-06T18:07:51.7882132Z Contents: read
2026-09-06T18:07:51.7882654Z Metadata: read
2026-09-06T18:07:51.7883174Z ##[endgroup]
2026-09-06T18:07:51.7884824Z Secret source: Actions
2026-09-06T18:07:51.7885801Z Prepare workflow directory
2026-09-06T18:07:51.8401974Z Prepare all required actions
2026-09-06T18:07:51.8457039Z Getting action download info
2026-09-06T18:07:52.0453974Z Download action repository 'actions/checkout@v4' (SHA:11d5960a326750d5838078e36cf38b85af677262)
2026-09-06T18:07:52.1642692Z Download action repository 'actions/setup-python@a26af69be951a213d495a4c3e4e4022e16d87065' (SHA:a26af69be951a213d495a4c3e4e4022e16d87065)
2026-09-06T18:07:52.2695594Z Download action repository 'actions/cache@v4' (SHA:0057852bfaa89a56745cba8c7296529d2fc39830)
2026-09-06T18:07:52.4169986Z Download action repository 'actions/upload-artifact@ea165f8d65b6e75b540449e92b4886f43607fa02' (SHA:ea165f8d65b6e75b540449e92b4886f43607fa02)
2026-09-06T18:07:52.6456514Z Complete job name: linux-gcc
2026-09-06T18:07:52.7174467Z Node 20 is being deprecated. This workflow is running with Node 24 by default. If you need to temporarily use Node 20, you can set the ACTIONS_ALLOW_USE_UNSECURE_NODE_VERSION=true environment variable. For more information see: https://github.blog/changelog/2025-09-19-deprecation-of-node-20-on-github-actions-runners/
2026-09-06T18:07:52.7181416Z ##[group]Run actions/checkout@v4
2026-09-06T18:07:52.7181998Z with:
2026-09-06T18:07:52.7182379Z   repository: leemaple/20231788.
2026-09-06T18:07:52.7185724Z   token: ***
2026-09-06T18:07:52.7186099Z   ssh-strict: true
2026-09-06T18:07:52.7186482Z   ssh-user: git
2026-09-06T18:07:52.7186863Z   persist-credentials: true
2026-09-06T18:07:52.7187284Z   clean: true
2026-09-06T18:07:52.7187669Z   sparse-checkout-cone-mode: true
2026-09-06T18:07:52.7188140Z   fetch-depth: 1
2026-09-06T18:07:52.7188720Z   fetch-tags: false
2026-09-06T18:07:52.7189101Z   show-progress: true
2026-09-06T18:07:52.7189505Z   lfs: false
2026-09-06T18:07:52.7189909Z   submodules: false
2026-09-06T18:07:52.7190299Z   set-safe-directory: true
2026-09-06T18:07:52.7190728Z   allow-unsafe-pr-checkout: false
2026-09-06T18:07:52.7191663Z env:
2026-09-06T18:07:52.7192118Z   OPENFHE_COMMIT: df495ba2e91739a6dc8f1de254fc5a41155ce504
2026-09-06T18:07:52.7192821Z   OPENFHE_PREFIX: /home/runner/work/20231788./20231788./.ci/openfhe-install
2026-09-06T18:07:52.7193422Z ##[endgroup]
2026-09-06T18:07:52.8054764Z Syncing repository: leemaple/20231788.
2026-09-06T18:07:52.8057087Z ##[group]Getting Git version info
2026-09-06T18:07:52.8058094Z Working directory is '/home/runner/work/20231788./20231788.'
2026-09-06T18:07:52.8059900Z [command]/usr/bin/git version
2026-09-06T18:07:52.8075692Z git version 2.55.0
2026-09-06T18:07:52.8097946Z ##[endgroup]
2026-09-06T18:07:52.8112024Z Temporarily overriding HOME='/home/runner/work/_temp/5e939724-7af2-417a-b646-e2a635614d87' before making global git config changes
2026-09-06T18:07:52.8114476Z Adding repository directory to the temporary git global config as a safe directory
2026-09-06T18:07:52.8118305Z [command]/usr/bin/git config --global --add safe.directory /home/runner/work/20231788./20231788.
2026-09-06T18:07:52.8170084Z Deleting the contents of '/home/runner/work/20231788./20231788.'
2026-09-06T18:07:52.8175718Z ##[group]Initializing the repository
2026-09-06T18:07:52.8182142Z [command]/usr/bin/git init /home/runner/work/20231788./20231788.
2026-09-06T18:07:52.8264488Z hint: Using 'master' as the name for the initial branch. This default branch name
2026-09-06T18:07:52.8266132Z hint: will change to "main" in Git 3.0. To configure the initial branch name
2026-09-06T18:07:52.8267669Z hint: to use in all of your new repositories, which will suppress this warning,
2026-09-06T18:07:52.8268943Z hint: call:
2026-09-06T18:07:52.8269653Z hint:
2026-09-06T18:07:52.8270662Z hint: 	git config --global init.defaultBranch <name>
2026-09-06T18:07:52.8271938Z hint:
2026-09-06T18:07:52.8273006Z hint: Names commonly chosen instead of 'master' are 'main', 'trunk' and
2026-09-06T18:07:52.8274479Z hint: 'development'. The just-created branch can be renamed via this command:
2026-09-06T18:07:52.8275661Z hint:
2026-09-06T18:07:52.8276371Z hint: 	git branch -m <name>
2026-09-06T18:07:52.8277166Z hint:
2026-09-06T18:07:52.8278181Z hint: Disable this message with "git config set advice.defaultBranchName false"
2026-09-06T18:07:52.8279800Z Initialized empty Git repository in /home/runner/work/20231788./20231788./.git/
2026-09-06T18:07:52.8329257Z [command]/usr/bin/git remote add origin https://github.com/leemaple/20231788.
2026-09-06T18:07:52.8369865Z ##[endgroup]
2026-09-06T18:07:52.8371119Z ##[group]Disabling automatic garbage collection
2026-09-06T18:07:52.8372111Z [command]/usr/bin/git config --local gc.auto 0
2026-09-06T18:07:52.8374014Z ##[endgroup]
2026-09-06T18:07:52.8374969Z ##[group]Setting up auth
2026-09-06T18:07:52.8376020Z [command]/usr/bin/git config --local --name-only --get-regexp core\.sshCommand
2026-09-06T18:07:52.8411005Z [command]/usr/bin/git submodule foreach --recursive sh -c "git config --local --name-only --get-regexp 'core\.sshCommand' && git config --local --unset-all 'core.sshCommand' || :"
2026-09-06T18:07:52.9459326Z [command]/usr/bin/git config --local --name-only --get-regexp http\.https\:\/\/github\.com\/\.extraheader
2026-09-06T18:07:52.9490313Z [command]/usr/bin/git submodule foreach --recursive sh -c "git config --local --name-only --get-regexp 'http\.https\:\/\/github\.com\/\.extraheader' && git config --local --unset-all 'http.https://github.com/.extraheader' || :"
2026-09-06T18:07:52.9683915Z [command]/usr/bin/git config --local --name-only --get-regexp ^includeIf\.gitdir:
2026-09-06T18:07:52.9718197Z [command]/usr/bin/git submodule foreach --recursive git config --local --show-origin --name-only --get-regexp remote.origin.url
2026-09-06T18:07:52.9905214Z [command]/usr/bin/git config --local http.https://github.com/.extraheader AUTHORIZATION: basic ***
2026-09-06T18:07:52.9936803Z ##[endgroup]
2026-09-06T18:07:52.9937566Z ##[group]Fetching the repository
2026-09-06T18:07:52.9944568Z [command]/usr/bin/git -c protocol.version=2 fetch --no-tags --prune --no-recurse-submodules --depth=1 origin +70c37679f4760c6dc2bebc35bdfd741c238f315b:refs/remotes/origin/codex/precision116-profile-seam-red-20260907
2026-09-06T18:07:54.6996121Z From https://github.com/leemaple/20231788.
2026-09-06T18:07:54.6996830Z  * [new ref]         70c37679f4760c6dc2bebc35bdfd741c238f315b -> origin/codex/precision116-profile-seam-red-20260907
2026-09-06T18:07:54.6999075Z ##[endgroup]
2026-09-06T18:07:54.6999684Z ##[group]Determining the checkout info
2026-09-06T18:07:54.7001045Z ##[endgroup]
2026-09-06T18:07:54.7006487Z [command]/usr/bin/git sparse-checkout disable
2026-09-06T18:07:54.7048363Z [command]/usr/bin/git config --local --unset-all extensions.worktreeConfig
2026-09-06T18:07:54.7079025Z ##[group]Checking out the ref
2026-09-06T18:07:54.7080030Z [command]/usr/bin/git checkout --progress --force -B codex/precision116-profile-seam-red-20260907 refs/remotes/origin/codex/precision116-profile-seam-red-20260907
2026-09-06T18:07:54.9210589Z Switched to a new branch 'codex/precision116-profile-seam-red-20260907'
2026-09-06T18:07:54.9219773Z branch 'codex/precision116-profile-seam-red-20260907' set up to track 'origin/codex/precision116-profile-seam-red-20260907'.
2026-09-06T18:07:54.9238950Z ##[endgroup]
2026-09-06T18:07:54.9279267Z [command]/usr/bin/git log -1 --format=%H
2026-09-06T18:07:54.9302795Z 70c37679f4760c6dc2bebc35bdfd741c238f315b
2026-09-06T18:07:54.9511682Z Node 20 is being deprecated. This workflow is running with Node 24 by default. If you need to temporarily use Node 20, you can set the ACTIONS_ALLOW_USE_UNSECURE_NODE_VERSION=true environment variable. For more information see: https://github.blog/changelog/2025-09-19-deprecation-of-node-20-on-github-actions-runners/
2026-09-06T18:07:54.9513115Z ##[group]Run actions/setup-python@a26af69be951a213d495a4c3e4e4022e16d87065
2026-09-06T18:07:54.9513419Z with:
2026-09-06T18:07:54.9513592Z   python-version: 3.12
2026-09-06T18:07:54.9513775Z   check-latest: false
2026-09-06T18:07:54.9515748Z   token: ***
2026-09-06T18:07:54.9515958Z   update-environment: true
2026-09-06T18:07:54.9516164Z   allow-prereleases: false
2026-09-06T18:07:54.9516356Z   freethreaded: false
2026-09-06T18:07:54.9516533Z env:
2026-09-06T18:07:54.9516733Z   OPENFHE_COMMIT: df495ba2e91739a6dc8f1de254fc5a41155ce504
2026-09-06T18:07:54.9517088Z   OPENFHE_PREFIX: /home/runner/work/20231788./20231788./.ci/openfhe-install
2026-09-06T18:07:54.9517419Z ##[endgroup]
2026-09-06T18:07:55.0555481Z ##[group]Installed versions
2026-09-06T18:07:55.0794831Z (node:2055) [DEP0040] DeprecationWarning: The `punycode` module is deprecated. Please use a userland alternative instead.
2026-09-06T18:07:55.0795678Z (Use `node --trace-deprecation ...` to show where the warning was created)
2026-09-06T18:07:55.0796325Z Successfully set up CPython (3.12.14)
2026-09-06T18:07:55.0796734Z ##[endgroup]
2026-09-06T18:07:55.1012554Z Node 20 is being deprecated. This workflow is running with Node 24 by default. If you need to temporarily use Node 20, you can set the ACTIONS_ALLOW_USE_UNSECURE_NODE_VERSION=true environment variable. For more information see: https://github.blog/changelog/2025-09-19-deprecation-of-node-20-on-github-actions-runners/
2026-09-06T18:07:55.1014194Z ##[group]Run actions/checkout@v4
2026-09-06T18:07:55.1014510Z with:
2026-09-06T18:07:55.1014805Z   repository: openfheorg/openfhe-development
2026-09-06T18:07:55.1015217Z   ref: df495ba2e91739a6dc8f1de254fc5a41155ce504
2026-09-06T18:07:55.1015600Z   path: .ci/openfhe-src
2026-09-06T18:07:55.1015889Z   submodules: recursive
2026-09-06T18:07:55.1019619Z   token: ***
2026-09-06T18:07:55.1019888Z   ssh-strict: true
2026-09-06T18:07:55.1020149Z   ssh-user: git
2026-09-06T18:07:55.1020426Z   persist-credentials: true
2026-09-06T18:07:55.1020747Z   clean: true
2026-09-06T18:07:55.1021020Z   sparse-checkout-cone-mode: true
2026-09-06T18:07:55.1021389Z   fetch-depth: 1
2026-09-06T18:07:55.1021649Z   fetch-tags: false
2026-09-06T18:07:55.1021913Z   show-progress: true
2026-09-06T18:07:55.1022179Z   lfs: false
2026-09-06T18:07:55.1022432Z   set-safe-directory: true
2026-09-06T18:07:55.1022748Z   allow-unsafe-pr-checkout: false
2026-09-06T18:07:55.1023067Z env:
2026-09-06T18:07:55.1023386Z   OPENFHE_COMMIT: df495ba2e91739a6dc8f1de254fc5a41155ce504
2026-09-06T18:07:55.1023960Z   OPENFHE_PREFIX: /home/runner/work/20231788./20231788./.ci/openfhe-install
2026-09-06T18:07:55.1024544Z   pythonLocation: /opt/hostedtoolcache/Python/3.12.14/x64
2026-09-06T18:07:55.1025116Z   PKG_CONFIG_PATH: /opt/hostedtoolcache/Python/3.12.14/x64/lib/pkgconfig
2026-09-06T18:07:55.1025676Z   Python_ROOT_DIR: /opt/hostedtoolcache/Python/3.12.14/x64
2026-09-06T18:07:55.1026169Z   Python2_ROOT_DIR: /opt/hostedtoolcache/Python/3.12.14/x64
2026-09-06T18:07:55.1026660Z   Python3_ROOT_DIR: /opt/hostedtoolcache/Python/3.12.14/x64
2026-09-06T18:07:55.1027378Z   LD_LIBRARY_PATH: /opt/hostedtoolcache/Python/3.12.14/x64/lib
2026-09-06T18:07:55.1027794Z ##[endgroup]
2026-09-06T18:07:55.1715768Z Syncing repository: openfheorg/openfhe-development
2026-09-06T18:07:55.1719670Z ##[group]Getting Git version info
2026-09-06T18:07:55.1720485Z Working directory is '/home/runner/work/20231788./20231788./.ci/openfhe-src'
2026-09-06T18:07:55.1751064Z [command]/usr/bin/git version
2026-09-06T18:07:55.1785590Z git version 2.55.0
2026-09-06T18:07:55.1800779Z ##[endgroup]
2026-09-06T18:07:55.1812475Z Temporarily overriding HOME='/home/runner/work/_temp/a074ff84-1750-42ac-adcd-a2840bc26cec' before making global git config changes
2026-09-06T18:07:55.1813737Z Adding repository directory to the temporary git global config as a safe directory
2026-09-06T18:07:55.1819484Z [command]/usr/bin/git config --global --add safe.directory /home/runner/work/20231788./20231788./.ci/openfhe-src
2026-09-06T18:07:55.1849803Z ##[group]Initializing the repository
2026-09-06T18:07:55.1854310Z [command]/usr/bin/git init /home/runner/work/20231788./20231788./.ci/openfhe-src
2026-09-06T18:07:55.1891720Z hint: Using 'master' as the name for the initial branch. This default branch name
2026-09-06T18:07:55.1900966Z hint: will change to "main" in Git 3.0. To configure the initial branch name
2026-09-06T18:07:55.1902581Z hint: to use in all of your new repositories, which will suppress this warning,
2026-09-06T18:07:55.1903372Z hint: call:
2026-09-06T18:07:55.1903726Z hint:
2026-09-06T18:07:55.1904340Z hint: 	git config --global init.defaultBranch <name>
2026-09-06T18:07:55.1904938Z hint:
2026-09-06T18:07:55.1905446Z hint: Names commonly chosen instead of 'master' are 'main', 'trunk' and
2026-09-06T18:07:55.1906566Z hint: 'development'. The just-created branch can be renamed via this command:
2026-09-06T18:07:55.1907335Z hint:
2026-09-06T18:07:55.1907619Z hint: 	git branch -m <name>
2026-09-06T18:07:55.1907905Z hint:
2026-09-06T18:07:55.1908327Z hint: Disable this message with "git config set advice.defaultBranchName false"
2026-09-06T18:07:55.1909277Z Initialized empty Git repository in /home/runner/work/20231788./20231788./.ci/openfhe-src/.git/
2026-09-06T18:07:55.1936744Z [command]/usr/bin/git remote add origin https://github.com/openfheorg/openfhe-development
2026-09-06T18:07:55.1938319Z ##[endgroup]
2026-09-06T18:07:55.1939244Z ##[group]Disabling automatic garbage collection
2026-09-06T18:07:55.1939676Z [command]/usr/bin/git config --local gc.auto 0
2026-09-06T18:07:55.1980450Z ##[endgroup]
2026-09-06T18:07:55.1981128Z ##[group]Setting up auth
2026-09-06T18:07:55.1987114Z [command]/usr/bin/git config --local --name-only --get-regexp core\.sshCommand
2026-09-06T18:07:55.2016078Z [command]/usr/bin/git submodule foreach --recursive sh -c "git config --local --name-only --get-regexp 'core\.sshCommand' && git config --local --unset-all 'core.sshCommand' || :"
2026-09-06T18:07:55.2230836Z [command]/usr/bin/git config --local --name-only --get-regexp http\.https\:\/\/github\.com\/\.extraheader
2026-09-06T18:07:55.2262632Z [command]/usr/bin/git submodule foreach --recursive sh -c "git config --local --name-only --get-regexp 'http\.https\:\/\/github\.com\/\.extraheader' && git config --local --unset-all 'http.https://github.com/.extraheader' || :"
2026-09-06T18:07:55.2475363Z [command]/usr/bin/git config --local --name-only --get-regexp ^includeIf\.gitdir:
2026-09-06T18:07:55.2509499Z [command]/usr/bin/git submodule foreach --recursive git config --local --show-origin --name-only --get-regexp remote.origin.url
2026-09-06T18:07:55.2705992Z [command]/usr/bin/git config --local http.https://github.com/.extraheader AUTHORIZATION: basic ***
2026-09-06T18:07:55.2739153Z ##[endgroup]
2026-09-06T18:07:55.2739701Z ##[group]Fetching the repository
2026-09-06T18:07:55.2746552Z [command]/usr/bin/git -c protocol.version=2 fetch --no-tags --prune --no-recurse-submodules --depth=1 origin df495ba2e91739a6dc8f1de254fc5a41155ce504
2026-09-06T18:07:56.0125301Z From https://github.com/openfheorg/openfhe-development
2026-09-06T18:07:56.0126259Z  * branch            df495ba2e91739a6dc8f1de254fc5a41155ce504 -> FETCH_HEAD
2026-09-06T18:07:56.0129362Z ##[endgroup]
2026-09-06T18:07:56.0130196Z ##[group]Determining the checkout info
2026-09-06T18:07:56.0132099Z ##[endgroup]
2026-09-06T18:07:56.0137472Z [command]/usr/bin/git sparse-checkout disable
2026-09-06T18:07:56.0192230Z [command]/usr/bin/git config --local --unset-all extensions.worktreeConfig
2026-09-06T18:07:56.0220802Z ##[group]Checking out the ref
2026-09-06T18:07:56.0224751Z [command]/usr/bin/git checkout --progress --force df495ba2e91739a6dc8f1de254fc5a41155ce504
2026-09-06T18:07:56.0681324Z Note: switching to 'df495ba2e91739a6dc8f1de254fc5a41155ce504'.
2026-09-06T18:07:56.0681697Z 
2026-09-06T18:07:56.0681954Z You are in 'detached HEAD' state. You can look around, make experimental
2026-09-06T18:07:56.0682562Z changes and commit them, and you can discard any commits you make in this
2026-09-06T18:07:56.0683150Z state without impacting any branches by switching back to a branch.
2026-09-06T18:07:56.0683522Z 
2026-09-06T18:07:56.0683777Z If you want to create a new branch to retain commits you create, you may
2026-09-06T18:07:56.0684327Z do so (now or later) by using -c with the switch command. Example:
2026-09-06T18:07:56.0684628Z 
2026-09-06T18:07:56.0684826Z   git switch -c <new-branch-name>
2026-09-06T18:07:56.0685058Z 
2026-09-06T18:07:56.0685185Z Or undo this operation with:
2026-09-06T18:07:56.0685393Z 
2026-09-06T18:07:56.0685497Z   git switch -
2026-09-06T18:07:56.0685669Z 
2026-09-06T18:07:56.0685954Z Turn off this advice by setting config variable advice.detachedHead to false
2026-09-06T18:07:56.0686323Z 
2026-09-06T18:07:56.0686548Z HEAD is now at df495ba Merge pull request #1130 from openfheorg/dev
2026-09-06T18:07:56.0691181Z ##[endgroup]
2026-09-06T18:07:56.0691644Z ##[group]Setting up auth for fetching submodules
2026-09-06T18:07:56.0697291Z [command]/usr/bin/git config --global http.https://github.com/.extraheader AUTHORIZATION: basic ***
2026-09-06T18:07:56.0736220Z [command]/usr/bin/git config --global --unset-all url.https://github.com/.insteadOf
2026-09-06T18:07:56.0765703Z [command]/usr/bin/git config --global --add url.https://github.com/.insteadOf git@github.com:
2026-09-06T18:07:56.0792732Z [command]/usr/bin/git config --global --add url.https://github.com/.insteadOf org-26023695@github.com:
2026-09-06T18:07:56.0818461Z ##[endgroup]
2026-09-06T18:07:56.0819065Z ##[group]Fetching submodules
2026-09-06T18:07:56.0821650Z [command]/usr/bin/git submodule sync --recursive
2026-09-06T18:07:56.1016785Z [command]/usr/bin/git -c protocol.version=2 submodule update --init --force --depth=1 --recursive
2026-09-06T18:07:56.1214643Z Submodule 'third-party/cereal' (https://github.com/openfheorg/cereal.git) registered for path 'third-party/cereal'
2026-09-06T18:07:56.1222044Z Submodule 'third-party/google-benchmark' (https://github.com/google/benchmark.git) registered for path 'third-party/google-benchmark'
2026-09-06T18:07:56.1223386Z Submodule 'third-party/google-test' (https://github.com/google/googletest.git) registered for path 'third-party/google-test'
2026-09-06T18:07:56.1224480Z Submodule 'third-party/gperftools' (https://github.com/gperftools/gperftools.git) registered for path 'third-party/gperftools'
2026-09-06T18:07:56.1244018Z Cloning into '/home/runner/work/20231788./20231788./.ci/openfhe-src/third-party/cereal'...
2026-09-06T18:07:56.6206947Z Cloning into '/home/runner/work/20231788./20231788./.ci/openfhe-src/third-party/google-benchmark'...
2026-09-06T18:07:57.2047376Z Cloning into '/home/runner/work/20231788./20231788./.ci/openfhe-src/third-party/google-test'...
2026-09-06T18:07:57.7765593Z Cloning into '/home/runner/work/20231788./20231788./.ci/openfhe-src/third-party/gperftools'...
2026-09-06T18:07:58.6263980Z Submodule path 'third-party/cereal': checked out '984e3f194862b17916536b5fade40cba6e47a6fe'
2026-09-06T18:08:00.0014824Z From https://github.com/google/benchmark
2026-09-06T18:08:00.0015273Z  * branch            eddb0241389718a23a42db6af5f0164b6e0139af -> FETCH_HEAD
2026-09-06T18:08:00.0185236Z Submodule path 'third-party/google-benchmark': checked out 'eddb0241389718a23a42db6af5f0164b6e0139af'
2026-09-06T18:08:01.0339651Z From https://github.com/google/googletest
2026-09-06T18:08:01.0340130Z  * branch            52eb8108c5bdec04579160ae17225d66034bd723 -> FETCH_HEAD
2026-09-06T18:08:01.0669821Z Submodule path 'third-party/google-test': checked out '52eb8108c5bdec04579160ae17225d66034bd723'
2026-09-06T18:08:02.2082510Z From https://github.com/gperftools/gperftools
2026-09-06T18:08:02.2083043Z  * branch            83edb60836d87cf1b406e8846b9059c03031e8f5 -> FETCH_HEAD
2026-09-06T18:08:02.2653804Z Submodule path 'third-party/gperftools': checked out '83edb60836d87cf1b406e8846b9059c03031e8f5'
2026-09-06T18:08:02.2683136Z [command]/usr/bin/git submodule foreach --recursive git config --local gc.auto 0
2026-09-06T18:08:02.2870619Z Entering 'third-party/cereal'
2026-09-06T18:08:02.2957810Z Entering 'third-party/google-benchmark'
2026-09-06T18:08:02.2990580Z Entering 'third-party/google-test'
2026-09-06T18:08:02.3023454Z Entering 'third-party/gperftools'
2026-09-06T18:08:02.3062924Z ##[endgroup]
2026-09-06T18:08:02.3063570Z ##[group]Persisting credentials for submodules
2026-09-06T18:08:02.3068110Z [command]/usr/bin/git submodule foreach --recursive sh -c "git config --local --name-only --get-regexp 'url\.https\:\/\/github\.com\/\.insteadOf' && git config --local --unset-all 'url.https://github.com/.insteadOf' || :"
2026-09-06T18:08:02.3262414Z Entering 'third-party/cereal'
2026-09-06T18:08:02.3300828Z Entering 'third-party/google-benchmark'
2026-09-06T18:08:02.3338074Z Entering 'third-party/google-test'
2026-09-06T18:08:02.3375829Z Entering 'third-party/gperftools'
2026-09-06T18:08:02.3424944Z [command]/usr/bin/git submodule foreach --recursive sh -c "git config --local 'http.https://github.com/.extraheader' 'AUTHORIZATION: basic ***' && git config --local --show-origin --name-only --get-regexp remote.origin.url"
2026-09-06T18:08:02.3608118Z Entering 'third-party/cereal'
2026-09-06T18:08:02.3643977Z file:/home/runner/work/20231788./20231788./.ci/openfhe-src/.git/modules/third-party/cereal/config	remote.origin.url
2026-09-06T18:08:02.3660413Z Entering 'third-party/google-benchmark'
2026-09-06T18:08:02.3693537Z file:/home/runner/work/20231788./20231788./.ci/openfhe-src/.git/modules/third-party/google-benchmark/config	remote.origin.url
2026-09-06T18:08:02.3709931Z Entering 'third-party/google-test'
2026-09-06T18:08:02.3741887Z file:/home/runner/work/20231788./20231788./.ci/openfhe-src/.git/modules/third-party/google-test/config	remote.origin.url
2026-09-06T18:08:02.3758994Z Entering 'third-party/gperftools'
2026-09-06T18:08:02.3791848Z file:/home/runner/work/20231788./20231788./.ci/openfhe-src/.git/modules/third-party/gperftools/config	remote.origin.url
2026-09-06T18:08:02.3834012Z [command]/usr/bin/git submodule foreach --recursive git config --local --add 'url.https://github.com/.insteadOf' 'git@github.com:'
2026-09-06T18:08:02.4015571Z Entering 'third-party/cereal'
2026-09-06T18:08:02.4048138Z Entering 'third-party/google-benchmark'
2026-09-06T18:08:02.4080912Z Entering 'third-party/google-test'
2026-09-06T18:08:02.4113552Z Entering 'third-party/gperftools'
2026-09-06T18:08:02.4157162Z [command]/usr/bin/git submodule foreach --recursive git config --local --add 'url.https://github.com/.insteadOf' 'org-26023695@github.com:'
2026-09-06T18:08:02.4341549Z Entering 'third-party/cereal'
2026-09-06T18:08:02.4374004Z Entering 'third-party/google-benchmark'
2026-09-06T18:08:02.4406675Z Entering 'third-party/google-test'
2026-09-06T18:08:02.5985148Z Entering 'third-party/gperftools'
2026-09-06T18:08:02.6026637Z ##[endgroup]
2026-09-06T18:08:02.6065780Z [command]/usr/bin/git log -1 --format=%H
2026-09-06T18:08:02.6090059Z df495ba2e91739a6dc8f1de254fc5a41155ce504
2026-09-06T18:08:02.6202223Z ##[group]Run actual="$(git -C .ci/openfhe-src rev-parse HEAD)"
2026-09-06T18:08:02.6202650Z [36;1mactual="$(git -C .ci/openfhe-src rev-parse HEAD)"[0m
2026-09-06T18:08:02.6203101Z [36;1mtest "$actual" = "$OPENFHE_COMMIT"[0m
2026-09-06T18:08:02.6203376Z [36;1mgit -C .ci/openfhe-src status --short[0m
2026-09-06T18:08:02.6243442Z shell: /usr/bin/bash --noprofile --norc -e -o pipefail {0}
2026-09-06T18:08:02.6243722Z env:
2026-09-06T18:08:02.6243940Z   OPENFHE_COMMIT: df495ba2e91739a6dc8f1de254fc5a41155ce504
2026-09-06T18:08:02.6244292Z   OPENFHE_PREFIX: /home/runner/work/20231788./20231788./.ci/openfhe-install
2026-09-06T18:08:02.6244648Z   pythonLocation: /opt/hostedtoolcache/Python/3.12.14/x64
2026-09-06T18:08:02.6244977Z   PKG_CONFIG_PATH: /opt/hostedtoolcache/Python/3.12.14/x64/lib/pkgconfig
2026-09-06T18:08:02.6245299Z   Python_ROOT_DIR: /opt/hostedtoolcache/Python/3.12.14/x64
2026-09-06T18:08:02.6245592Z   Python2_ROOT_DIR: /opt/hostedtoolcache/Python/3.12.14/x64
2026-09-06T18:08:02.6245932Z   Python3_ROOT_DIR: /opt/hostedtoolcache/Python/3.12.14/x64
2026-09-06T18:08:02.6246231Z   LD_LIBRARY_PATH: /opt/hostedtoolcache/Python/3.12.14/x64/lib
2026-09-06T18:08:02.6246493Z ##[endgroup]
2026-09-06T18:08:02.7308504Z ##[group]Run sudo apt-get update
2026-09-06T18:08:02.7308973Z [36;1msudo apt-get update[0m
2026-09-06T18:08:02.7309261Z [36;1msudo apt-get install --yes --no-install-recommends libboost-dev[0m
2026-09-06T18:08:02.7341695Z shell: /usr/bin/bash -e {0}
2026-09-06T18:08:02.7341904Z env:
2026-09-06T18:08:02.7342121Z   OPENFHE_COMMIT: df495ba2e91739a6dc8f1de254fc5a41155ce504
2026-09-06T18:08:02.7342469Z   OPENFHE_PREFIX: /home/runner/work/20231788./20231788./.ci/openfhe-install
2026-09-06T18:08:02.7342808Z   pythonLocation: /opt/hostedtoolcache/Python/3.12.14/x64
2026-09-06T18:08:02.7343139Z   PKG_CONFIG_PATH: /opt/hostedtoolcache/Python/3.12.14/x64/lib/pkgconfig
2026-09-06T18:08:02.7343461Z   Python_ROOT_DIR: /opt/hostedtoolcache/Python/3.12.14/x64
2026-09-06T18:08:02.7343753Z   Python2_ROOT_DIR: /opt/hostedtoolcache/Python/3.12.14/x64
2026-09-06T18:08:02.7344047Z   Python3_ROOT_DIR: /opt/hostedtoolcache/Python/3.12.14/x64
2026-09-06T18:08:02.7344383Z   LD_LIBRARY_PATH: /opt/hostedtoolcache/Python/3.12.14/x64/lib
2026-09-06T18:08:02.7344641Z ##[endgroup]
2026-09-06T18:08:02.8025024Z Get:1 file:/etc/apt/apt-mirrors.txt Mirrorlist [144 B]
2026-09-06T18:08:02.8460956Z Hit:2 http://azure.archive.ubuntu.com/ubuntu noble InRelease
2026-09-06T18:08:02.8464484Z Get:6 https://packages.microsoft.com/ubuntu/24.04/prod noble InRelease [3600 B]
2026-09-06T18:08:02.8478305Z Get:3 http://azure.archive.ubuntu.com/ubuntu noble-updates InRelease [126 kB]
2026-09-06T18:08:02.8550104Z Get:4 http://azure.archive.ubuntu.com/ubuntu noble-backports InRelease [126 kB]
2026-09-06T18:08:02.8574746Z Get:5 http://azure.archive.ubuntu.com/ubuntu noble-security InRelease [126 kB]
2026-09-06T18:08:02.8616094Z Get:7 https://dl.google.com/linux/chrome-stable/deb stable InRelease [2548 B]
2026-09-06T18:08:03.0642741Z Get:8 https://packages.microsoft.com/ubuntu/24.04/prod noble/main arm64 Packages [394 kB]
2026-09-06T18:08:03.0781157Z Get:9 https://packages.microsoft.com/ubuntu/24.04/prod noble/main amd64 Packages [441 kB]
2026-09-06T18:08:03.1099222Z Get:10 http://azure.archive.ubuntu.com/ubuntu noble-updates/main amd64 Packages [1260 kB]
2026-09-06T18:08:03.1184605Z Get:11 http://azure.archive.ubuntu.com/ubuntu noble-updates/main Translation-en [292 kB]
2026-09-06T18:08:03.1218405Z Get:12 http://azure.archive.ubuntu.com/ubuntu noble-updates/main amd64 Components [181 kB]
2026-09-06T18:08:03.1230640Z Get:13 http://azure.archive.ubuntu.com/ubuntu noble-updates/universe amd64 Packages [1690 kB]
2026-09-06T18:08:03.1311520Z Get:14 http://azure.archive.ubuntu.com/ubuntu noble-updates/universe Translation-en [339 kB]
2026-09-06T18:08:03.1349405Z Get:15 http://azure.archive.ubuntu.com/ubuntu noble-updates/universe amd64 Components [388 kB]
2026-09-06T18:08:03.1364801Z Get:16 http://azure.archive.ubuntu.com/ubuntu noble-updates/restricted amd64 Packages [1536 kB]
2026-09-06T18:08:03.1442441Z Get:17 http://azure.archive.ubuntu.com/ubuntu noble-updates/restricted Translation-en [352 kB]
2026-09-06T18:08:03.1471120Z Get:18 http://azure.archive.ubuntu.com/ubuntu noble-updates/multiverse amd64 Components [940 B]
2026-09-06T18:08:03.1576004Z Get:19 http://azure.archive.ubuntu.com/ubuntu noble-backports/main amd64 Components [5744 B]
2026-09-06T18:08:03.2009004Z Get:20 http://azure.archive.ubuntu.com/ubuntu noble-backports/universe amd64 Components [12.7 kB]
2026-09-06T18:08:03.2026883Z Get:21 http://azure.archive.ubuntu.com/ubuntu noble-security/main amd64 Packages [1002 kB]
2026-09-06T18:08:03.2078179Z Get:22 http://azure.archive.ubuntu.com/ubuntu noble-security/main Translation-en [212 kB]
2026-09-06T18:08:03.2119578Z Get:23 http://azure.archive.ubuntu.com/ubuntu noble-security/main amd64 Components [46.3 kB]
2026-09-06T18:08:03.2132661Z Get:24 http://azure.archive.ubuntu.com/ubuntu noble-security/universe amd64 Packages [1206 kB]
2026-09-06T18:08:03.2192369Z Get:25 http://azure.archive.ubuntu.com/ubuntu noble-security/universe Translation-en [241 kB]
2026-09-06T18:08:03.2224725Z Get:26 http://azure.archive.ubuntu.com/ubuntu noble-security/universe amd64 Components [76.4 kB]
2026-09-06T18:08:03.2236138Z Get:27 http://azure.archive.ubuntu.com/ubuntu noble-security/restricted amd64 Packages [1437 kB]
2026-09-06T18:08:03.2307780Z Get:28 http://azure.archive.ubuntu.com/ubuntu noble-security/restricted Translation-en [334 kB]
2026-09-06T18:08:03.2619838Z Get:29 https://dl.google.com/linux/chrome-stable/deb stable/main amd64 Packages [1401 B]
2026-09-06T18:08:07.7131624Z Fetched 11.8 MB in 1s (9766 kB/s)
2026-09-06T18:08:08.3065680Z Reading package lists...
2026-09-06T18:08:08.3326597Z Reading package lists...
2026-09-06T18:08:08.4738829Z Building dependency tree...
2026-09-06T18:08:08.4744651Z Reading state information...
2026-09-06T18:08:08.5975523Z The following additional packages will be installed:
2026-09-06T18:08:08.5979093Z   libboost1.83-dev
2026-09-06T18:08:08.5983408Z Suggested packages:
2026-09-06T18:08:08.5983745Z   libboost-doc libboost1.83-doc libboost-atomic1.83-dev
2026-09-06T18:08:08.5984283Z   libboost-chrono1.83-dev libboost-container1.83-dev libboost-context1.83-dev
2026-09-06T18:08:08.5984646Z   libboost-contract1.83-dev libboost-coroutine1.83-dev
2026-09-06T18:08:08.5985000Z   libboost-date-time1.83-dev libboost-exception1.83-dev libboost-fiber1.83-dev
2026-09-06T18:08:08.5985379Z   libboost-filesystem1.83-dev libboost-graph-parallel1.83-dev
2026-09-06T18:08:08.5985909Z   libboost-graph1.83-dev libboost-iostreams1.83-dev libboost-json1.83-dev
2026-09-06T18:08:08.5986487Z   libboost-locale1.83-dev libboost-log1.83-dev libboost-math1.83-dev
2026-09-06T18:08:08.5987116Z   libboost-mpi-python1.83-dev libboost-mpi1.83-dev libboost-nowide1.83-dev
2026-09-06T18:08:08.5987474Z   libboost-numpy1.83-dev libboost-program-options1.83-dev
2026-09-06T18:08:08.5987808Z   libboost-python1.83-dev libboost-random1.83-dev libboost-regex1.83-dev
2026-09-06T18:08:08.5988163Z   libboost-serialization1.83-dev libboost-stacktrace1.83-dev
2026-09-06T18:08:08.5988669Z   libboost-system1.83-dev libboost-test1.83-dev libboost-thread1.83-dev
2026-09-06T18:08:08.5989085Z   libboost-timer1.83-dev libboost-type-erasure1.83-dev libboost-url1.83-dev
2026-09-06T18:08:08.5989464Z   libboost-wave1.83-dev libboost1.83-tools-dev libmpfrc++-dev libntl-dev
2026-09-06T18:08:08.6109374Z The following NEW packages will be installed:
2026-09-06T18:08:08.6112725Z   libboost-dev libboost1.83-dev
2026-09-06T18:08:08.6250667Z 0 upgraded, 2 newly installed, 0 to remove and 38 not upgraded.
2026-09-06T18:08:08.6251138Z Need to get 10.7 MB of archives.
2026-09-06T18:08:08.6251567Z After this operation, 161 MB of additional disk space will be used.
2026-09-06T18:08:08.6251904Z Get:1 file:/etc/apt/apt-mirrors.txt Mirrorlist [144 B]
2026-09-06T18:08:08.6662277Z Get:2 http://azure.archive.ubuntu.com/ubuntu noble-updates/main amd64 libboost1.83-dev amd64 1.83.0-2.1ubuntu3.2 [10.7 MB]
2026-09-06T18:08:09.1588245Z Get:3 http://azure.archive.ubuntu.com/ubuntu noble/main amd64 libboost-dev amd64 1.83.0.1ubuntu2 [4308 B]
2026-09-06T18:08:09.3640680Z Fetched 10.7 MB in 1s (19.8 MB/s)
2026-09-06T18:08:09.3914698Z Selecting previously unselected package libboost1.83-dev:amd64.
2026-09-06T18:08:09.4108455Z (Reading database ... 
2026-09-06T18:08:09.4108864Z (Reading database ... 5%
2026-09-06T18:08:09.4109164Z (Reading database ... 10%
2026-09-06T18:08:09.4109448Z (Reading database ... 15%
2026-09-06T18:08:09.4109739Z (Reading database ... 20%
2026-09-06T18:08:09.4110013Z (Reading database ... 25%
2026-09-06T18:08:09.4110288Z (Reading database ... 30%
2026-09-06T18:08:09.4110465Z (Reading database ... 35%
2026-09-06T18:08:09.4110641Z (Reading database ... 40%
2026-09-06T18:08:09.4110824Z (Reading database ... 45%
2026-09-06T18:08:09.4111000Z (Reading database ... 50%
2026-09-06T18:08:09.4111172Z (Reading database ... 55%
2026-09-06T18:08:09.4996077Z (Reading database ... 60%
2026-09-06T18:08:09.6544435Z (Reading database ... 65%
2026-09-06T18:08:09.8460777Z (Reading database ... 70%
2026-09-06T18:08:09.9560871Z (Reading database ... 75%
2026-09-06T18:08:10.1009425Z (Reading database ... 80%
2026-09-06T18:08:10.2612179Z (Reading database ... 85%
2026-09-06T18:08:10.4021139Z (Reading database ... 90%
2026-09-06T18:08:10.5237879Z (Reading database ... 95%
2026-09-06T18:08:10.5238152Z (Reading database ... 100%
2026-09-06T18:08:10.5238439Z (Reading database ... 201676 files and directories currently installed.)
2026-09-06T18:08:10.5277554Z Preparing to unpack .../libboost1.83-dev_1.83.0-2.1ubuntu3.2_amd64.deb ...
2026-09-06T18:08:10.5362411Z Unpacking libboost1.83-dev:amd64 (1.83.0-2.1ubuntu3.2) ...
2026-09-06T18:08:14.7829872Z Selecting previously unselected package libboost-dev:amd64.
2026-09-06T18:08:14.7999726Z Preparing to unpack .../libboost-dev_1.83.0.1ubuntu2_amd64.deb ...
2026-09-06T18:08:14.9381675Z Unpacking libboost-dev:amd64 (1.83.0.1ubuntu2) ...
2026-09-06T18:08:14.9747158Z Setting up libboost1.83-dev:amd64 (1.83.0-2.1ubuntu3.2) ...
2026-09-06T18:08:14.9768380Z Setting up libboost-dev:amd64 (1.83.0.1ubuntu2) ...
2026-09-06T18:08:16.3880408Z 
2026-09-06T18:08:16.3880984Z Running kernel seems to be up-to-date.
2026-09-06T18:08:16.3881190Z 
2026-09-06T18:08:16.3881296Z No services need to be restarted.
2026-09-06T18:08:16.3881475Z 
2026-09-06T18:08:16.3881560Z No containers need to be restarted.
2026-09-06T18:08:16.3881706Z 
2026-09-06T18:08:16.3881806Z No user sessions are running outdated binaries.
2026-09-06T18:08:16.3881977Z 
2026-09-06T18:08:16.3882135Z No VM guests are running outdated hypervisor (qemu) binaries on this host.
2026-09-06T18:08:17.0978414Z ##[group]Run set -euo pipefail
2026-09-06T18:08:17.0978927Z [36;1mset -euo pipefail[0m
2026-09-06T18:08:17.0979148Z [36;1mpython_shell="$(command -v python)"[0m
2026-09-06T18:08:17.0979424Z [36;1mtest "$python_shell" = "$ENDPOINT_PYTHON_NATIVE"[0m
2026-09-06T18:08:17.0980209Z [36;1m"$python_shell" -c 'import json, os, sys; sys.exit("native Python 3.12 required") if sys.version_info[:2] != (3, 12) or os.name != "posix" else None; print(json.dumps({"executable": sys.executable, "python": sys.version, "platform": sys.platform}, sort_keys=True))'[0m
2026-09-06T18:08:17.0980991Z [36;1mcmake --version[0m
2026-09-06T18:08:17.0981183Z [36;1mc++ --version[0m
2026-09-06T18:08:17.1013429Z shell: /usr/bin/bash -e {0}
2026-09-06T18:08:17.1013635Z env:
2026-09-06T18:08:17.1013845Z   OPENFHE_COMMIT: df495ba2e91739a6dc8f1de254fc5a41155ce504
2026-09-06T18:08:17.1014192Z   OPENFHE_PREFIX: /home/runner/work/20231788./20231788./.ci/openfhe-install
2026-09-06T18:08:17.1014556Z   pythonLocation: /opt/hostedtoolcache/Python/3.12.14/x64
2026-09-06T18:08:17.1014886Z   PKG_CONFIG_PATH: /opt/hostedtoolcache/Python/3.12.14/x64/lib/pkgconfig
2026-09-06T18:08:17.1015210Z   Python_ROOT_DIR: /opt/hostedtoolcache/Python/3.12.14/x64
2026-09-06T18:08:17.1015495Z   Python2_ROOT_DIR: /opt/hostedtoolcache/Python/3.12.14/x64
2026-09-06T18:08:17.1015789Z   Python3_ROOT_DIR: /opt/hostedtoolcache/Python/3.12.14/x64
2026-09-06T18:08:17.1016081Z   LD_LIBRARY_PATH: /opt/hostedtoolcache/Python/3.12.14/x64/lib
2026-09-06T18:08:17.1016428Z   ENDPOINT_PYTHON_NATIVE: /opt/hostedtoolcache/Python/3.12.14/x64/bin/python
2026-09-06T18:08:17.1016882Z ##[endgroup]
2026-09-06T18:08:17.1399437Z {"executable": "/opt/hostedtoolcache/Python/3.12.14/x64/bin/python", "platform": "linux", "python": "3.12.14 (main, Aug 13 2026, 02:47:42) [GCC 13.3.0]"}
2026-09-06T18:08:17.1645192Z cmake version 3.31.6
2026-09-06T18:08:17.1645411Z 
2026-09-06T18:08:17.1645658Z CMake suite maintained and supported by Kitware (kitware.com/cmake).
2026-09-06T18:08:17.1684711Z c++ (Ubuntu 13.3.0-6ubuntu2~24.04.1) 13.3.0
2026-09-06T18:08:17.1685148Z Copyright (C) 2023 Free Software Foundation, Inc.
2026-09-06T18:08:17.1685598Z This is free software; see the source for copying conditions.  There is NO
2026-09-06T18:08:17.1686002Z warranty; not even for MERCHANTABILITY or FITNESS FOR A PARTICULAR PURPOSE.
2026-09-06T18:08:17.1686240Z 
2026-09-06T18:08:17.1741958Z Node 20 is being deprecated. This workflow is running with Node 24 by default. If you need to temporarily use Node 20, you can set the ACTIONS_ALLOW_USE_UNSECURE_NODE_VERSION=true environment variable. For more information see: https://github.blog/changelog/2025-09-19-deprecation-of-node-20-on-github-actions-runners/
2026-09-06T18:08:17.1742882Z ##[group]Run actions/cache@v4
2026-09-06T18:08:17.1743086Z with:
2026-09-06T18:08:17.1743251Z   path: .ci/openfhe-install
2026-09-06T18:08:17.1743597Z   key: openfhe-1.5.0-Linux-gcc-df495ba2e91739a6dc8f1de254fc5a41155ce504-native64-backend4
2026-09-06T18:08:17.1743972Z   enableCrossOsArchive: false
2026-09-06T18:08:17.1744174Z   fail-on-cache-miss: false
2026-09-06T18:08:17.1744356Z   lookup-only: false
2026-09-06T18:08:17.1744520Z   save-always: false
2026-09-06T18:08:17.1744681Z env:
2026-09-06T18:08:17.1744877Z   OPENFHE_COMMIT: df495ba2e91739a6dc8f1de254fc5a41155ce504
2026-09-06T18:08:17.1745240Z   OPENFHE_PREFIX: /home/runner/work/20231788./20231788./.ci/openfhe-install
2026-09-06T18:08:17.1745579Z   pythonLocation: /opt/hostedtoolcache/Python/3.12.14/x64
2026-09-06T18:08:17.1745901Z   PKG_CONFIG_PATH: /opt/hostedtoolcache/Python/3.12.14/x64/lib/pkgconfig
2026-09-06T18:08:17.1746409Z   Python_ROOT_DIR: /opt/hostedtoolcache/Python/3.12.14/x64
2026-09-06T18:08:17.1746828Z   Python2_ROOT_DIR: /opt/hostedtoolcache/Python/3.12.14/x64
2026-09-06T18:08:17.1747220Z   Python3_ROOT_DIR: /opt/hostedtoolcache/Python/3.12.14/x64
2026-09-06T18:08:17.1747651Z   LD_LIBRARY_PATH: /opt/hostedtoolcache/Python/3.12.14/x64/lib
2026-09-06T18:08:17.1748003Z ##[endgroup]
2026-09-06T18:08:17.2608300Z (node:3076) [DEP0040] DeprecationWarning: The `punycode` module is deprecated. Please use a userland alternative instead.
2026-09-06T18:08:17.2608963Z (Use `node --trace-deprecation ...` to show where the warning was created)
2026-09-06T18:08:17.4526272Z Cache not found for input keys: openfhe-1.5.0-Linux-gcc-df495ba2e91739a6dc8f1de254fc5a41155ce504-native64-backend4
2026-09-06T18:08:17.4610324Z ##[group]Run cmake -S .ci/openfhe-src -B .ci/openfhe-build -DCMAKE_BUILD_TYPE=Release -DCMAKE_INSTALL_PREFIX=${OPENFHE_PREFIX} -DBUILD_UNITTESTS=OFF -DBUILD_EXAMPLES=OFF -DBUILD_BENCHMARKS=OFF -DBUILD_EXTRAS=OFF -DWITH_OPENMP=ON -DNATIVE_SIZE=64 -DMATHBACKEND=4
2026-09-06T18:08:17.4611663Z [36;1mcmake -S .ci/openfhe-src -B .ci/openfhe-build -DCMAKE_BUILD_TYPE=Release -DCMAKE_INSTALL_PREFIX=${OPENFHE_PREFIX} -DBUILD_UNITTESTS=OFF -DBUILD_EXAMPLES=OFF -DBUILD_BENCHMARKS=OFF -DBUILD_EXTRAS=OFF -DWITH_OPENMP=ON -DNATIVE_SIZE=64 -DMATHBACKEND=4[0m
2026-09-06T18:08:17.4644557Z shell: /usr/bin/bash -e {0}
2026-09-06T18:08:17.4644799Z env:
2026-09-06T18:08:17.4645018Z   OPENFHE_COMMIT: df495ba2e91739a6dc8f1de254fc5a41155ce504
2026-09-06T18:08:17.4645362Z   OPENFHE_PREFIX: /home/runner/work/20231788./20231788./.ci/openfhe-install
2026-09-06T18:08:17.4645701Z   pythonLocation: /opt/hostedtoolcache/Python/3.12.14/x64
2026-09-06T18:08:17.4646065Z   PKG_CONFIG_PATH: /opt/hostedtoolcache/Python/3.12.14/x64/lib/pkgconfig
2026-09-06T18:08:17.4646389Z   Python_ROOT_DIR: /opt/hostedtoolcache/Python/3.12.14/x64
2026-09-06T18:08:17.4646675Z   Python2_ROOT_DIR: /opt/hostedtoolcache/Python/3.12.14/x64
2026-09-06T18:08:17.4647112Z   Python3_ROOT_DIR: /opt/hostedtoolcache/Python/3.12.14/x64
2026-09-06T18:08:17.4647407Z   LD_LIBRARY_PATH: /opt/hostedtoolcache/Python/3.12.14/x64/lib
2026-09-06T18:08:17.4647661Z ##[endgroup]
2026-09-06T18:08:17.6930370Z -- The C compiler identification is GNU 13.3.0
2026-09-06T18:08:18.1657294Z -- The CXX compiler identification is GNU 13.3.0
2026-09-06T18:08:18.3356534Z -- Detecting C compiler ABI info
2026-09-06T18:08:18.4190073Z -- Detecting C compiler ABI info - done
2026-09-06T18:08:18.4321324Z -- Check for working C compiler: /usr/bin/cc - skipped
2026-09-06T18:08:18.4326371Z -- Detecting C compile features
2026-09-06T18:08:18.4332206Z -- Detecting C compile features - done
2026-09-06T18:08:18.4432077Z -- Detecting CXX compiler ABI info
2026-09-06T18:08:18.6259441Z -- Detecting CXX compiler ABI info - done
2026-09-06T18:08:18.6393660Z -- Check for working CXX compiler: /usr/bin/c++ - skipped
2026-09-06T18:08:18.6396737Z -- Detecting CXX compile features
2026-09-06T18:08:18.6402068Z -- Detecting CXX compile features - done
2026-09-06T18:08:18.6450937Z -- Building in Release mode
2026-09-06T18:08:18.6451446Z -- BUILD_UNITTESTS:    OFF
2026-09-06T18:08:18.6451743Z -- BUILD_EXAMPLES:     OFF
2026-09-06T18:08:18.6452037Z -- BUILD_BENCHMARKS:   OFF
2026-09-06T18:08:18.6452312Z -- BUILD_EXTRAS:       OFF
2026-09-06T18:08:18.6452574Z -- BUILD_STATIC:       OFF
2026-09-06T18:08:18.6452845Z -- BUILD_SHARED:       ON
2026-09-06T18:08:18.6453112Z -- GIT_SUBMOD_AUTO:    ON
2026-09-06T18:08:18.6453309Z -- WITH_BE2:           OFF
2026-09-06T18:08:18.6453480Z -- WITH_BE4:           OFF
2026-09-06T18:08:18.6453650Z -- WITH_NTL:           OFF
2026-09-06T18:08:18.6453837Z -- WITH_TCM:           OFF
2026-09-06T18:08:18.6454124Z -- WITH_OPENMP:        ON
2026-09-06T18:08:18.6454406Z -- NATIVE_SIZE:        64
2026-09-06T18:08:18.6454673Z -- CKKS_M_FACTOR:      1
2026-09-06T18:08:18.6454954Z -- WITH_NATIVEOPT:     OFF
2026-09-06T18:08:18.6455154Z -- WITH_COVTEST:       OFF
2026-09-06T18:08:18.6455645Z ***** INSTALL IS AT /home/runner/work/20231788./20231788./.ci/openfhe-install; to change, run cmake with -DCMAKE_INSTALL_PREFIX=/your/path
2026-09-06T18:08:18.6456165Z -- WITH_NOISE_DEBUG:   OFF
2026-09-06T18:08:18.6456450Z -- WITH_REDUCED_NOISE: OFF
2026-09-06T18:08:18.6456720Z -- USE_MACPORTS:       OFF
2026-09-06T18:08:18.6457015Z -- BUILTIN_INFO_AVAILABLE is defined
2026-09-06T18:08:18.6471920Z -- Architecture is x86_64
2026-09-06T18:08:18.6764484Z -- Looking for sys/types.h
2026-09-06T18:08:18.7343225Z -- Looking for sys/types.h - found
2026-09-06T18:08:18.7343924Z -- Looking for stdint.h
2026-09-06T18:08:18.7799394Z -- Looking for stdint.h - found
2026-09-06T18:08:18.7799869Z -- Looking for stddef.h
2026-09-06T18:08:18.8230477Z -- Looking for stddef.h - found
2026-09-06T18:08:18.8231430Z -- Check size of __int128
2026-09-06T18:08:18.8708742Z -- Check size of __int128 - done
2026-09-06T18:08:18.8710990Z -- Check size of uint64_t
2026-09-06T18:08:18.9180218Z -- Check size of uint64_t - done
2026-09-06T18:08:18.9180604Z -- NATIVEINT is set to 64
2026-09-06T18:08:18.9180895Z -- MATHBACKEND is set to 4
2026-09-06T18:08:18.9181114Z -- MATHBACKEND set to 4. Setting WITH_BE4 to ON
2026-09-06T18:08:19.5787642Z -- Found OpenMP_C: -fopenmp (found version "4.5")
2026-09-06T18:08:19.6414612Z -- Found OpenMP_CXX: -fopenmp (found version "4.5")
2026-09-06T18:08:19.6417147Z -- Found OpenMP: TRUE (found version "4.5")
2026-09-06T18:08:19.6451089Z -- Found Git: /usr/bin/git (found version "2.55.0")
2026-09-06T18:08:19.6451464Z -- Submodule update
2026-09-06T18:08:19.6631471Z Synchronizing submodule url for 'third-party/cereal'
2026-09-06T18:08:19.6649098Z Synchronizing submodule url for 'third-party/google-benchmark'
2026-09-06T18:08:19.6667814Z Synchronizing submodule url for 'third-party/google-test'
2026-09-06T18:08:19.6686474Z Synchronizing submodule url for 'third-party/gperftools'
2026-09-06T18:08:19.7070987Z -- Configuring done (2.1s)
2026-09-06T18:08:19.7377148Z -- Generating done (0.0s)
2026-09-06T18:08:19.7380738Z -- Build files have been written to: /home/runner/work/20231788./20231788./.ci/openfhe-build
2026-09-06T18:08:19.7446539Z ##[group]Run cmake --build .ci/openfhe-build --parallel 2
2026-09-06T18:08:19.7446884Z [36;1mcmake --build .ci/openfhe-build --parallel 2[0m
2026-09-06T18:08:19.7447147Z [36;1mcmake --install .ci/openfhe-build[0m
2026-09-06T18:08:19.7479834Z shell: /usr/bin/bash -e {0}
2026-09-06T18:08:19.7480042Z env:
2026-09-06T18:08:19.7480256Z   OPENFHE_COMMIT: df495ba2e91739a6dc8f1de254fc5a41155ce504
2026-09-06T18:08:19.7480606Z   OPENFHE_PREFIX: /home/runner/work/20231788./20231788./.ci/openfhe-install
2026-09-06T18:08:19.7480954Z   pythonLocation: /opt/hostedtoolcache/Python/3.12.14/x64
2026-09-06T18:08:19.7481311Z   PKG_CONFIG_PATH: /opt/hostedtoolcache/Python/3.12.14/x64/lib/pkgconfig
2026-09-06T18:08:19.7481633Z   Python_ROOT_DIR: /opt/hostedtoolcache/Python/3.12.14/x64
2026-09-06T18:08:19.7481927Z   Python2_ROOT_DIR: /opt/hostedtoolcache/Python/3.12.14/x64
2026-09-06T18:08:19.7482249Z   Python3_ROOT_DIR: /opt/hostedtoolcache/Python/3.12.14/x64
2026-09-06T18:08:19.7482590Z   LD_LIBRARY_PATH: /opt/hostedtoolcache/Python/3.12.14/x64/lib
2026-09-06T18:08:19.7482850Z ##[endgroup]
2026-09-06T18:08:19.7699529Z -- Copied demoData files
2026-09-06T18:08:19.7716733Z [  0%] Built target third-party
2026-09-06T18:08:19.7787896Z [  1%] Building CXX object src/core/CMakeFiles/coreobj.dir/lib/lattice/constants-lattice-impl.cpp.o
2026-09-06T18:08:19.7789466Z [  2%] Building CXX object src/core/CMakeFiles/coreobj.dir/lib/lattice/lattice.cpp.o
2026-09-06T18:08:20.4797970Z [  3%] Building CXX object src/core/CMakeFiles/coreobj.dir/lib/lattice/stdlatticeparms.cpp.o
2026-09-06T18:08:21.0192064Z [  4%] Building CXX object src/core/CMakeFiles/coreobj.dir/lib/lattice/trapdoor-dcrtpoly.cpp.o
2026-09-06T18:08:26.1083432Z [  5%] Building CXX object src/core/CMakeFiles/coreobj.dir/lib/lattice/trapdoor-poly.cpp.o
2026-09-06T18:08:31.6785764Z [  6%] Building CXX object src/core/CMakeFiles/coreobj.dir/lib/math/chebyshev.cpp.o
2026-09-06T18:08:31.7826638Z [  6%] Building CXX object src/core/CMakeFiles/coreobj.dir/lib/math/dftransform.cpp.o
2026-09-06T18:08:32.1019951Z [  7%] Building CXX object src/core/CMakeFiles/coreobj.dir/lib/math/discretegaussiangeneratorgeneric.cpp.o
2026-09-06T18:08:32.5814584Z [  8%] Building CXX object src/core/CMakeFiles/coreobj.dir/lib/math/distributiongenerator.cpp.o
2026-09-06T18:08:32.8104343Z [  9%] Building CXX object src/core/CMakeFiles/coreobj.dir/lib/math/hal/bigintdyn/be4-math-impl.cpp.o
2026-09-06T18:08:32.9753219Z [ 10%] Building CXX object src/core/CMakeFiles/coreobj.dir/lib/math/hal/bigintdyn/mubintvecdyn.cpp.o
2026-09-06T18:08:34.5713292Z [ 11%] Building CXX object src/core/CMakeFiles/coreobj.dir/lib/math/hal/bigintdyn/ubintdyn.cpp.o
2026-09-06T18:08:35.6716202Z [ 12%] Building CXX object src/core/CMakeFiles/coreobj.dir/lib/math/hal/bigintfxd/be2-math-impl.cpp.o
2026-09-06T18:08:35.6818830Z [ 13%] Building CXX object src/core/CMakeFiles/coreobj.dir/lib/math/hal/bigintfxd/mubintvecfxd.cpp.o
2026-09-06T18:08:35.6919404Z [ 14%] Building CXX object src/core/CMakeFiles/coreobj.dir/lib/math/hal/bigintfxd/ubintfxd.cpp.o
2026-09-06T18:08:35.7022183Z [ 15%] Building CXX object src/core/CMakeFiles/coreobj.dir/lib/math/hal/bigintntl/be6-math-impl.cpp.o
2026-09-06T18:08:35.7117649Z [ 15%] Building CXX object src/core/CMakeFiles/coreobj.dir/lib/math/hal/bigintntl/mubintvecntl.cpp.o
2026-09-06T18:08:35.7214268Z [ 16%] Building CXX object src/core/CMakeFiles/coreobj.dir/lib/math/hal/bigintntl/ubintntl.cpp.o
2026-09-06T18:08:35.7309223Z [ 17%] Building CXX object src/core/CMakeFiles/coreobj.dir/lib/math/hal/intnat/benative-math-impl.cpp.o
2026-09-06T18:08:36.2844103Z [ 18%] Building CXX object src/core/CMakeFiles/coreobj.dir/lib/math/hal/intnat/mubintvecnat.cpp.o
2026-09-06T18:08:37.5567575Z [ 19%] Building CXX object src/core/CMakeFiles/coreobj.dir/lib/math/hermite.cpp.o
2026-09-06T18:08:38.1728205Z [ 20%] Building CXX object src/core/CMakeFiles/coreobj.dir/lib/math/matrix.cpp.o
2026-09-06T18:08:38.6373994Z [ 21%] Building CXX object src/core/CMakeFiles/coreobj.dir/lib/math/nbtheory2.cpp.o
2026-09-06T18:08:39.4884967Z [ 22%] Building CXX object src/core/CMakeFiles/coreobj.dir/lib/utils/blockAllocator/blockAllocator.cpp.o
2026-09-06T18:08:39.7759722Z [ 23%] Building CXX object src/core/CMakeFiles/coreobj.dir/lib/utils/blockAllocator/xallocator.cpp.o
2026-09-06T18:08:40.2029632Z [ 24%] Building CXX object src/core/CMakeFiles/coreobj.dir/lib/utils/debug.cpp.o
2026-09-06T18:08:40.4202133Z [ 24%] Building CXX object src/core/CMakeFiles/coreobj.dir/lib/utils/demangle.cpp.o
2026-09-06T18:08:40.5740274Z [ 25%] Building CXX object src/core/CMakeFiles/coreobj.dir/lib/utils/get-call-stack.cpp.o
2026-09-06T18:08:40.7178178Z [ 26%] Building CXX object src/core/CMakeFiles/coreobj.dir/lib/utils/hashutil.cpp.o
2026-09-06T18:08:40.8013479Z [ 27%] Building CXX object src/core/CMakeFiles/coreobj.dir/lib/utils/inttypes.cpp.o
2026-09-06T18:08:40.9701287Z [ 28%] Building CXX object src/core/CMakeFiles/coreobj.dir/lib/utils/memory.cpp.o
2026-09-06T18:08:41.1187460Z [ 29%] Building CXX object src/core/CMakeFiles/coreobj.dir/lib/utils/openfhebase64.cpp.o
2026-09-06T18:08:41.1333265Z [ 30%] Building CXX object src/core/CMakeFiles/coreobj.dir/lib/utils/parallel.cpp.o
2026-09-06T18:08:41.1493571Z [ 31%] Building C object src/core/CMakeFiles/coreobj.dir/lib/utils/prng/blake2b-ref.c.o
2026-09-06T18:08:41.2926885Z [ 32%] Building CXX object src/core/CMakeFiles/coreobj.dir/lib/utils/prng/blake2engine.cpp.o
2026-09-06T18:08:41.4526711Z [ 34%] Building C object src/core/CMakeFiles/coreobj.dir/lib/utils/prng/blake2xb-ref.c.o
2026-09-06T18:08:41.4945934Z [ 34%] Building CXX object src/core/CMakeFiles/coreobj.dir/lib/utils/utilities.cpp.o
2026-09-06T18:08:41.7227892Z [ 34%] Built target coreobj
2026-09-06T18:08:41.7292083Z [ 35%] Linking CXX shared library ../../lib/libOPENFHEcore.so
2026-09-06T18:08:41.8300130Z [ 35%] Built target OPENFHEcore
2026-09-06T18:08:41.8363539Z [ 36%] Building CXX object src/binfhe/CMakeFiles/binfheobj.dir/lib/binfhe-base-scheme.cpp.o
2026-09-06T18:08:41.8364707Z [ 37%] Building CXX object src/binfhe/CMakeFiles/binfheobj.dir/lib/binfhe-constants-impl.cpp.o
2026-09-06T18:08:42.1703486Z [ 38%] Building CXX object src/binfhe/CMakeFiles/binfheobj.dir/lib/binfhecontext.cpp.o
2026-09-06T18:08:44.4706232Z [ 39%] Building CXX object src/binfhe/CMakeFiles/binfheobj.dir/lib/lwe-pke.cpp.o
2026-09-06T18:08:44.6646159Z [ 40%] Building CXX object src/binfhe/CMakeFiles/binfheobj.dir/lib/rgsw-acc-cggi.cpp.o
2026-09-06T18:08:45.8020020Z [ 41%] Building CXX object src/binfhe/CMakeFiles/binfheobj.dir/lib/rgsw-acc-dm.cpp.o
2026-09-06T18:08:46.3003240Z [ 41%] Building CXX object src/binfhe/CMakeFiles/binfheobj.dir/lib/rgsw-acc-lmkcdey.cpp.o
2026-09-06T18:08:47.3948498Z [ 42%] Building CXX object src/binfhe/CMakeFiles/binfheobj.dir/lib/rgsw-acc.cpp.o
2026-09-06T18:08:48.1922179Z [ 43%] Building CXX object src/binfhe/CMakeFiles/binfheobj.dir/lib/rgsw-cryptoparameters.cpp.o
2026-09-06T18:08:49.5294210Z [ 43%] Built target binfheobj
2026-09-06T18:08:49.5354311Z [ 43%] Linking CXX shared library ../../lib/libOPENFHEbinfhe.so
2026-09-06T18:08:49.5976228Z [ 43%] Built target OPENFHEbinfhe
2026-09-06T18:08:49.6055957Z [ 44%] Building CXX object src/pke/CMakeFiles/pkeobj.dir/lib/ciphertext-impl.cpp.o
2026-09-06T18:08:49.6057239Z [ 45%] Building CXX object src/pke/CMakeFiles/pkeobj.dir/lib/constants-impl.cpp.o
2026-09-06T18:08:50.0932531Z [ 46%] Building CXX object src/pke/CMakeFiles/pkeobj.dir/lib/cryptocontext.cpp.o
2026-09-06T18:08:53.1306297Z [ 47%] Building CXX object src/pke/CMakeFiles/pkeobj.dir/lib/cryptocontextfactory.cpp.o
2026-09-06T18:08:56.3137831Z [ 48%] Building CXX object src/pke/CMakeFiles/pkeobj.dir/lib/cryptoobject-impl.cpp.o
2026-09-06T18:08:57.7451470Z [ 49%] Building CXX object src/pke/CMakeFiles/pkeobj.dir/lib/encoding/ckkspackedencoding.cpp.o
2026-09-06T18:08:58.6993376Z [ 50%] Building CXX object src/pke/CMakeFiles/pkeobj.dir/lib/encoding/coefpackedencoding.cpp.o
2026-09-06T18:09:00.1924035Z [ 51%] Building CXX object src/pke/CMakeFiles/pkeobj.dir/lib/encoding/encodingparams.cpp.o
2026-09-06T18:09:00.8368347Z [ 51%] Building CXX object src/pke/CMakeFiles/pkeobj.dir/lib/encoding/packedencoding.cpp.o
2026-09-06T18:09:00.9802441Z [ 52%] Building CXX object src/pke/CMakeFiles/pkeobj.dir/lib/encoding/stringencoding.cpp.o
2026-09-06T18:09:03.2600489Z [ 53%] Building CXX object src/pke/CMakeFiles/pkeobj.dir/lib/globals-impl.cpp.o
2026-09-06T18:09:03.2750313Z [ 54%] Building CXX object src/pke/CMakeFiles/pkeobj.dir/lib/key/evalkey.cpp.o
2026-09-06T18:09:04.4817803Z [ 55%] Building CXX object src/pke/CMakeFiles/pkeobj.dir/lib/key/evalkeyrelin.cpp.o
2026-09-06T18:09:04.5610894Z [ 56%] Building CXX object src/pke/CMakeFiles/pkeobj.dir/lib/key/privatekey.cpp.o
2026-09-06T18:09:07.0754255Z [ 57%] Building CXX object src/pke/CMakeFiles/pkeobj.dir/lib/key/publickey.cpp.o
2026-09-06T18:09:07.1495841Z [ 58%] Building CXX object src/pke/CMakeFiles/pkeobj.dir/lib/keyswitch/keyswitch-base.cpp.o
2026-09-06T18:09:08.7204923Z [ 59%] Building CXX object src/pke/CMakeFiles/pkeobj.dir/lib/keyswitch/keyswitch-bv.cpp.o
2026-09-06T18:09:09.7292328Z [ 60%] Building CXX object src/pke/CMakeFiles/pkeobj.dir/lib/keyswitch/keyswitch-hybrid.cpp.o
2026-09-06T18:09:11.8266795Z [ 60%] Building CXX object src/pke/CMakeFiles/pkeobj.dir/lib/scheme/bfvrns/bfvrns-cryptoparameters.cpp.o
2026-09-06T18:09:12.9501172Z [ 61%] Building CXX object src/pke/CMakeFiles/pkeobj.dir/lib/scheme/bfvrns/bfvrns-leveledshe.cpp.o
2026-09-06T18:09:15.1507242Z [ 62%] Building CXX object src/pke/CMakeFiles/pkeobj.dir/lib/scheme/bfvrns/bfvrns-multiparty.cpp.o
2026-09-06T18:09:17.0650246Z [ 63%] Building CXX object src/pke/CMakeFiles/pkeobj.dir/lib/scheme/bfvrns/bfvrns-parametergeneration.cpp.o
2026-09-06T18:09:18.3036848Z [ 64%] Building CXX object src/pke/CMakeFiles/pkeobj.dir/lib/scheme/bfvrns/bfvrns-pke.cpp.o
2026-09-06T18:09:19.4526703Z [ 65%] Building CXX object src/pke/CMakeFiles/pkeobj.dir/lib/scheme/bfvrns/bfvrns-scheme.cpp.o
2026-09-06T18:09:21.6020839Z [ 67%] Building CXX object src/pke/CMakeFiles/pkeobj.dir/lib/scheme/bgvrns/bgvrns-cryptoparameters.cpp.o
2026-09-06T18:09:23.2530589Z [ 68%] Building CXX object src/pke/CMakeFiles/pkeobj.dir/lib/scheme/bgvrns/bgvrns-leveledshe.cpp.o
2026-09-06T18:09:23.3320908Z [ 69%] Building CXX object src/pke/CMakeFiles/pkeobj.dir/lib/scheme/bgvrns/bgvrns-multiparty.cpp.o
2026-09-06T18:09:24.8501205Z [ 70%] Building CXX object src/pke/CMakeFiles/pkeobj.dir/lib/scheme/bgvrns/bgvrns-parametergeneration.cpp.o
2026-09-06T18:09:26.1101389Z [ 70%] Building CXX object src/pke/CMakeFiles/pkeobj.dir/lib/scheme/bgvrns/bgvrns-pke.cpp.o
2026-09-06T18:09:27.3139892Z [ 71%] Building CXX object src/pke/CMakeFiles/pkeobj.dir/lib/scheme/bgvrns/bgvrns-scheme.cpp.o
2026-09-06T18:09:28.8727372Z [ 72%] Building CXX object src/pke/CMakeFiles/pkeobj.dir/lib/scheme/ckksrns/ckksrns-advancedshe.cpp.o
2026-09-06T18:09:31.2154024Z [ 73%] Building CXX object src/pke/CMakeFiles/pkeobj.dir/lib/scheme/ckksrns/ckksrns-cryptoparameters.cpp.o
2026-09-06T18:09:32.8482080Z [ 74%] Building CXX object src/pke/CMakeFiles/pkeobj.dir/lib/scheme/ckksrns/ckksrns-fhe.cpp.o
2026-09-06T18:09:32.8755841Z [ 75%] Building CXX object src/pke/CMakeFiles/pkeobj.dir/lib/scheme/ckksrns/ckksrns-leveledshe.cpp.o
2026-09-06T18:09:36.3242670Z [ 76%] Building CXX object src/pke/CMakeFiles/pkeobj.dir/lib/scheme/ckksrns/ckksrns-multiparty.cpp.o
2026-09-06T18:09:40.0805237Z [ 77%] Building CXX object src/pke/CMakeFiles/pkeobj.dir/lib/scheme/ckksrns/ckksrns-parametergeneration.cpp.o
2026-09-06T18:09:41.1903275Z [ 78%] Building CXX object src/pke/CMakeFiles/pkeobj.dir/lib/scheme/ckksrns/ckksrns-pke.cpp.o
2026-09-06T18:09:42.0858786Z [ 79%] Building CXX object src/pke/CMakeFiles/pkeobj.dir/lib/scheme/ckksrns/ckksrns-scheme.cpp.o
2026-09-06T18:09:43.9374536Z [ 79%] Building CXX object src/pke/CMakeFiles/pkeobj.dir/lib/scheme/ckksrns/ckksrns-schemeswitching.cpp.o
2026-09-06T18:09:45.9371674Z [ 80%] Building CXX object src/pke/CMakeFiles/pkeobj.dir/lib/scheme/ckksrns/ckksrns-utils.cpp.o
2026-09-06T18:09:47.9823364Z [ 81%] Building CXX object src/pke/CMakeFiles/pkeobj.dir/lib/scheme/gen-cryptocontext-params-impl.cpp.o
2026-09-06T18:09:48.4740507Z [ 82%] Building CXX object src/pke/CMakeFiles/pkeobj.dir/lib/scheme/gen-cryptocontext-params-validation.cpp.o
2026-09-06T18:09:49.0002221Z [ 83%] Building CXX object src/pke/CMakeFiles/pkeobj.dir/lib/scheme/scheme-id-impl.cpp.o
2026-09-06T18:09:49.3524752Z [ 84%] Building CXX object src/pke/CMakeFiles/pkeobj.dir/lib/scheme/scheme-swch-params.cpp.o
2026-09-06T18:09:49.9276073Z [ 85%] Building CXX object src/pke/CMakeFiles/pkeobj.dir/lib/schemebase/base-advancedshe.cpp.o
2026-09-06T18:09:51.2872989Z [ 86%] Building CXX object src/pke/CMakeFiles/pkeobj.dir/lib/schemebase/base-cryptoparameters.cpp.o
2026-09-06T18:09:52.2650040Z [ 87%] Building CXX object src/pke/CMakeFiles/pkeobj.dir/lib/schemebase/base-fhe.cpp.o
2026-09-06T18:09:53.7015668Z [ 88%] Building CXX object src/pke/CMakeFiles/pkeobj.dir/lib/schemebase/base-leveledshe.cpp.o
2026-09-06T18:09:54.4250296Z [ 88%] Building CXX object src/pke/CMakeFiles/pkeobj.dir/lib/schemebase/base-multiparty.cpp.o
2026-09-06T18:09:57.6710775Z [ 89%] Building CXX object src/pke/CMakeFiles/pkeobj.dir/lib/schemebase/base-parametergeneration.cpp.o
2026-09-06T18:09:58.1013005Z [ 90%] Building CXX object src/pke/CMakeFiles/pkeobj.dir/lib/schemebase/base-pke.cpp.o
2026-09-06T18:09:58.5449218Z [ 91%] Building CXX object src/pke/CMakeFiles/pkeobj.dir/lib/schemebase/base-pre.cpp.o
2026-09-06T18:10:01.3733142Z [ 92%] Building CXX object src/pke/CMakeFiles/pkeobj.dir/lib/schemebase/base-scheme.cpp.o
2026-09-06T18:10:01.4963986Z [ 93%] Building CXX object src/pke/CMakeFiles/pkeobj.dir/lib/schemebase/rlwe-cryptoparameters-impl.cpp.o
2026-09-06T18:10:02.5462686Z [ 94%] Building CXX object src/pke/CMakeFiles/pkeobj.dir/lib/schemelet/rlwe-mp.cpp.o
2026-09-06T18:10:05.4324569Z [ 95%] Building CXX object src/pke/CMakeFiles/pkeobj.dir/lib/schemerns/rns-cryptoparameters.cpp.o
2026-09-06T18:10:05.8879067Z [ 96%] Building CXX object src/pke/CMakeFiles/pkeobj.dir/lib/schemerns/rns-leveledshe.cpp.o
2026-09-06T18:10:08.0815678Z [ 97%] Building CXX object src/pke/CMakeFiles/pkeobj.dir/lib/schemerns/rns-multiparty.cpp.o
2026-09-06T18:10:09.3797960Z [ 98%] Building CXX object src/pke/CMakeFiles/pkeobj.dir/lib/schemerns/rns-pke.cpp.o
2026-09-06T18:10:12.3122630Z [ 98%] Built target pkeobj
2026-09-06T18:10:12.3187569Z [100%] Linking CXX shared library ../../lib/libOPENFHEpke.so
2026-09-06T18:10:12.4958783Z [100%] Built target OPENFHEpke
2026-09-06T18:10:12.5021129Z -- Install configuration: "Release"
2026-09-06T18:10:12.5150285Z -- Installing: /home/runner/work/20231788./20231788./.ci/openfhe-install/include/openfhe/core/config_core.h
2026-09-06T18:10:12.5152733Z -- Installing: /home/runner/work/20231788./20231788./.ci/openfhe-install/include/openfhe/cereal
2026-09-06T18:10:12.5153590Z -- Installing: /home/runner/work/20231788./20231788./.ci/openfhe-install/include/openfhe/cereal/external
2026-09-06T18:10:12.5154509Z -- Installing: /home/runner/work/20231788./20231788./.ci/openfhe-install/include/openfhe/cereal/external/rapidjson
2026-09-06T18:10:12.5155568Z -- Installing: /home/runner/work/20231788./20231788./.ci/openfhe-install/include/openfhe/cereal/external/rapidjson/memorybuffer.h
2026-09-06T18:10:12.5156903Z -- Installing: /home/runner/work/20231788./20231788./.ci/openfhe-install/include/openfhe/cereal/external/rapidjson/writer.h
2026-09-06T18:10:12.5158780Z -- Installing: /home/runner/work/20231788./20231788./.ci/openfhe-install/include/openfhe/cereal/external/rapidjson/reader.h
2026-09-06T18:10:12.5161417Z -- Installing: /home/runner/work/20231788./20231788./.ci/openfhe-install/include/openfhe/cereal/external/rapidjson/istreamwrapper.h
2026-09-06T18:10:12.5162769Z -- Installing: /home/runner/work/20231788./20231788./.ci/openfhe-install/include/openfhe/cereal/external/rapidjson/cursorstreamwrapper.h
2026-09-06T18:10:12.5164109Z -- Installing: /home/runner/work/20231788./20231788./.ci/openfhe-install/include/openfhe/cereal/external/rapidjson/schema.h
2026-09-06T18:10:12.5166986Z -- Installing: /home/runner/work/20231788./20231788./.ci/openfhe-install/include/openfhe/cereal/external/rapidjson/fwd.h
2026-09-06T18:10:12.5168002Z -- Installing: /home/runner/work/20231788./20231788./.ci/openfhe-install/include/openfhe/cereal/external/rapidjson/internal
2026-09-06T18:10:12.5169336Z -- Installing: /home/runner/work/20231788./20231788./.ci/openfhe-install/include/openfhe/cereal/external/rapidjson/internal/stack.h
2026-09-06T18:10:12.5170916Z -- Installing: /home/runner/work/20231788./20231788./.ci/openfhe-install/include/openfhe/cereal/external/rapidjson/internal/strfunc.h
2026-09-06T18:10:12.5172311Z -- Installing: /home/runner/work/20231788./20231788./.ci/openfhe-install/include/openfhe/cereal/external/rapidjson/internal/diyfp.h
2026-09-06T18:10:12.5173845Z -- Installing: /home/runner/work/20231788./20231788./.ci/openfhe-install/include/openfhe/cereal/external/rapidjson/internal/ieee754.h
2026-09-06T18:10:12.5175241Z -- Installing: /home/runner/work/20231788./20231788./.ci/openfhe-install/include/openfhe/cereal/external/rapidjson/internal/itoa.h
2026-09-06T18:10:12.5176735Z -- Installing: /home/runner/work/20231788./20231788./.ci/openfhe-install/include/openfhe/cereal/external/rapidjson/internal/strtod.h
2026-09-06T18:10:12.5178256Z -- Installing: /home/runner/work/20231788./20231788./.ci/openfhe-install/include/openfhe/cereal/external/rapidjson/internal/swap.h
2026-09-06T18:10:12.5179844Z -- Installing: /home/runner/work/20231788./20231788./.ci/openfhe-install/include/openfhe/cereal/external/rapidjson/internal/biginteger.h
2026-09-06T18:10:12.5181330Z -- Installing: /home/runner/work/20231788./20231788./.ci/openfhe-install/include/openfhe/cereal/external/rapidjson/internal/dtoa.h
2026-09-06T18:10:12.5182819Z -- Installing: /home/runner/work/20231788./20231788./.ci/openfhe-install/include/openfhe/cereal/external/rapidjson/internal/meta.h
2026-09-06T18:10:12.5184264Z -- Installing: /home/runner/work/20231788./20231788./.ci/openfhe-install/include/openfhe/cereal/external/rapidjson/internal/pow10.h
2026-09-06T18:10:12.5185664Z -- Installing: /home/runner/work/20231788./20231788./.ci/openfhe-install/include/openfhe/cereal/external/rapidjson/internal/regex.h
2026-09-06T18:10:12.5187386Z -- Installing: /home/runner/work/20231788./20231788./.ci/openfhe-install/include/openfhe/cereal/external/rapidjson/ostreamwrapper.h
2026-09-06T18:10:12.5188896Z -- Installing: /home/runner/work/20231788./20231788./.ci/openfhe-install/include/openfhe/cereal/external/rapidjson/memorystream.h
2026-09-06T18:10:12.5190302Z -- Installing: /home/runner/work/20231788./20231788./.ci/openfhe-install/include/openfhe/cereal/external/rapidjson/stringbuffer.h
2026-09-06T18:10:12.5191639Z -- Installing: /home/runner/work/20231788./20231788./.ci/openfhe-install/include/openfhe/cereal/external/rapidjson/document.h
2026-09-06T18:10:12.5194460Z -- Installing: /home/runner/work/20231788./20231788./.ci/openfhe-install/include/openfhe/cereal/external/rapidjson/prettywriter.h
2026-09-06T18:10:12.5195858Z -- Installing: /home/runner/work/20231788./20231788./.ci/openfhe-install/include/openfhe/cereal/external/rapidjson/filereadstream.h
2026-09-06T18:10:12.5197242Z -- Installing: /home/runner/work/20231788./20231788./.ci/openfhe-install/include/openfhe/cereal/external/rapidjson/rapidjson.h
2026-09-06T18:10:12.5199062Z -- Installing: /home/runner/work/20231788./20231788./.ci/openfhe-install/include/openfhe/cereal/external/rapidjson/pointer.h
2026-09-06T18:10:12.5201263Z -- Installing: /home/runner/work/20231788./20231788./.ci/openfhe-install/include/openfhe/cereal/external/rapidjson/stream.h
2026-09-06T18:10:12.5202635Z -- Installing: /home/runner/work/20231788./20231788./.ci/openfhe-install/include/openfhe/cereal/external/rapidjson/msinttypes
2026-09-06T18:10:12.5203742Z -- Installing: /home/runner/work/20231788./20231788./.ci/openfhe-install/include/openfhe/cereal/external/rapidjson/msinttypes/inttypes.h
2026-09-06T18:10:12.5205291Z -- Installing: /home/runner/work/20231788./20231788./.ci/openfhe-install/include/openfhe/cereal/external/rapidjson/msinttypes/stdint.h
2026-09-06T18:10:12.5206896Z -- Installing: /home/runner/work/20231788./20231788./.ci/openfhe-install/include/openfhe/cereal/external/rapidjson/msinttypes/LICENSE
2026-09-06T18:10:12.5208151Z -- Installing: /home/runner/work/20231788./20231788./.ci/openfhe-install/include/openfhe/cereal/external/rapidjson/allocators.h
2026-09-06T18:10:12.5209813Z -- Installing: /home/runner/work/20231788./20231788./.ci/openfhe-install/include/openfhe/cereal/external/rapidjson/filewritestream.h
2026-09-06T18:10:12.5211277Z -- Installing: /home/runner/work/20231788./20231788./.ci/openfhe-install/include/openfhe/cereal/external/rapidjson/LICENSE
2026-09-06T18:10:12.5212596Z -- Installing: /home/runner/work/20231788./20231788./.ci/openfhe-install/include/openfhe/cereal/external/rapidjson/error
2026-09-06T18:10:12.5213660Z -- Installing: /home/runner/work/20231788./20231788./.ci/openfhe-install/include/openfhe/cereal/external/rapidjson/error/error.h
2026-09-06T18:10:12.5215114Z -- Installing: /home/runner/work/20231788./20231788./.ci/openfhe-install/include/openfhe/cereal/external/rapidjson/error/en.h
2026-09-06T18:10:12.5216521Z -- Installing: /home/runner/work/20231788./20231788./.ci/openfhe-install/include/openfhe/cereal/external/rapidjson/encodings.h
2026-09-06T18:10:12.5218290Z -- Installing: /home/runner/work/20231788./20231788./.ci/openfhe-install/include/openfhe/cereal/external/rapidjson/encodedstream.h
2026-09-06T18:10:12.5219869Z -- Installing: /home/runner/work/20231788./20231788./.ci/openfhe-install/include/openfhe/cereal/external/base64.hpp
2026-09-06T18:10:12.5221283Z -- Installing: /home/runner/work/20231788./20231788./.ci/openfhe-install/include/openfhe/cereal/external/LICENSE
2026-09-06T18:10:12.5222537Z -- Installing: /home/runner/work/20231788./20231788./.ci/openfhe-install/include/openfhe/cereal/external/rapidxml
2026-09-06T18:10:12.5223601Z -- Installing: /home/runner/work/20231788./20231788./.ci/openfhe-install/include/openfhe/cereal/external/rapidxml/license.txt
2026-09-06T18:10:12.5224999Z -- Installing: /home/runner/work/20231788./20231788./.ci/openfhe-install/include/openfhe/cereal/external/rapidxml/rapidxml.hpp
2026-09-06T18:10:12.5227880Z -- Installing: /home/runner/work/20231788./20231788./.ci/openfhe-install/include/openfhe/cereal/external/rapidxml/rapidxml_iterators.hpp
2026-09-06T18:10:12.5229262Z -- Installing: /home/runner/work/20231788./20231788./.ci/openfhe-install/include/openfhe/cereal/external/rapidxml/rapidxml_utils.hpp
2026-09-06T18:10:12.5230644Z -- Installing: /home/runner/work/20231788./20231788./.ci/openfhe-install/include/openfhe/cereal/external/rapidxml/rapidxml_print.hpp
2026-09-06T18:10:12.5232104Z -- Installing: /home/runner/work/20231788./20231788./.ci/openfhe-install/include/openfhe/cereal/external/rapidxml/manual.html
2026-09-06T18:10:12.5234795Z -- Installing: /home/runner/work/20231788./20231788./.ci/openfhe-install/include/openfhe/cereal/access.hpp
2026-09-06T18:10:12.5236204Z -- Installing: /home/runner/work/20231788./20231788./.ci/openfhe-install/include/openfhe/cereal/version.hpp
2026-09-06T18:10:12.5237499Z -- Installing: /home/runner/work/20231788./20231788./.ci/openfhe-install/include/openfhe/cereal/macros.hpp
2026-09-06T18:10:12.5238959Z -- Installing: /home/runner/work/20231788./20231788./.ci/openfhe-install/include/openfhe/cereal/cereal.hpp
2026-09-06T18:10:12.5241148Z -- Installing: /home/runner/work/20231788./20231788./.ci/openfhe-install/include/openfhe/cereal/specialize.hpp
2026-09-06T18:10:12.5242218Z -- Installing: /home/runner/work/20231788./20231788./.ci/openfhe-install/include/openfhe/cereal/types
2026-09-06T18:10:12.5243272Z -- Installing: /home/runner/work/20231788./20231788./.ci/openfhe-install/include/openfhe/cereal/types/memory.hpp
2026-09-06T18:10:12.5245027Z -- Installing: /home/runner/work/20231788./20231788./.ci/openfhe-install/include/openfhe/cereal/types/optional.hpp
2026-09-06T18:10:12.5246298Z -- Installing: /home/runner/work/20231788./20231788./.ci/openfhe-install/include/openfhe/cereal/types/stack.hpp
2026-09-06T18:10:12.5247619Z -- Installing: /home/runner/work/20231788./20231788./.ci/openfhe-install/include/openfhe/cereal/types/set.hpp
2026-09-06T18:10:12.5249261Z -- Installing: /home/runner/work/20231788./20231788./.ci/openfhe-install/include/openfhe/cereal/types/array.hpp
2026-09-06T18:10:12.5250513Z -- Installing: /home/runner/work/20231788./20231788./.ci/openfhe-install/include/openfhe/cereal/types/unordered_set.hpp
2026-09-06T18:10:12.5251833Z -- Installing: /home/runner/work/20231788./20231788./.ci/openfhe-install/include/openfhe/cereal/types/chrono.hpp
2026-09-06T18:10:12.5253165Z -- Installing: /home/runner/work/20231788./20231788./.ci/openfhe-install/include/openfhe/cereal/types/functional.hpp
2026-09-06T18:10:12.5254552Z -- Installing: /home/runner/work/20231788./20231788./.ci/openfhe-install/include/openfhe/cereal/types/unordered_map.hpp
2026-09-06T18:10:12.5255849Z -- Installing: /home/runner/work/20231788./20231788./.ci/openfhe-install/include/openfhe/cereal/types/map.hpp
2026-09-06T18:10:12.5257193Z -- Installing: /home/runner/work/20231788./20231788./.ci/openfhe-install/include/openfhe/cereal/types/concepts
2026-09-06T18:10:12.5258334Z -- Installing: /home/runner/work/20231788./20231788./.ci/openfhe-install/include/openfhe/cereal/types/concepts/pair_associative_container.hpp
2026-09-06T18:10:12.5259715Z -- Installing: /home/runner/work/20231788./20231788./.ci/openfhe-install/include/openfhe/cereal/types/deque.hpp
2026-09-06T18:10:12.5261110Z -- Installing: /home/runner/work/20231788./20231788./.ci/openfhe-install/include/openfhe/cereal/types/polymorphic.hpp
2026-09-06T18:10:12.5262753Z -- Installing: /home/runner/work/20231788./20231788./.ci/openfhe-install/include/openfhe/cereal/types/variant.hpp
2026-09-06T18:10:12.5264139Z -- Installing: /home/runner/work/20231788./20231788./.ci/openfhe-install/include/openfhe/cereal/types/tuple.hpp
2026-09-06T18:10:12.5265527Z -- Installing: /home/runner/work/20231788./20231788./.ci/openfhe-install/include/openfhe/cereal/types/atomic.hpp
2026-09-06T18:10:12.5266889Z -- Installing: /home/runner/work/20231788./20231788./.ci/openfhe-install/include/openfhe/cereal/types/base_class.hpp
2026-09-06T18:10:12.5268279Z -- Installing: /home/runner/work/20231788./20231788./.ci/openfhe-install/include/openfhe/cereal/types/string.hpp
2026-09-06T18:10:12.5269801Z -- Installing: /home/runner/work/20231788./20231788./.ci/openfhe-install/include/openfhe/cereal/types/list.hpp
2026-09-06T18:10:12.5271278Z -- Installing: /home/runner/work/20231788./20231788./.ci/openfhe-install/include/openfhe/cereal/types/queue.hpp
2026-09-06T18:10:12.5272680Z -- Installing: /home/runner/work/20231788./20231788./.ci/openfhe-install/include/openfhe/cereal/types/valarray.hpp
2026-09-06T18:10:12.5274022Z -- Installing: /home/runner/work/20231788./20231788./.ci/openfhe-install/include/openfhe/cereal/types/vector.hpp
2026-09-06T18:10:12.5275415Z -- Installing: /home/runner/work/20231788./20231788./.ci/openfhe-install/include/openfhe/cereal/types/bitset.hpp
2026-09-06T18:10:12.5276855Z -- Installing: /home/runner/work/20231788./20231788./.ci/openfhe-install/include/openfhe/cereal/types/boost_variant.hpp
2026-09-06T18:10:12.5278413Z -- Installing: /home/runner/work/20231788./20231788./.ci/openfhe-install/include/openfhe/cereal/types/utility.hpp
2026-09-06T18:10:12.5279943Z -- Installing: /home/runner/work/20231788./20231788./.ci/openfhe-install/include/openfhe/cereal/types/forward_list.hpp
2026-09-06T18:10:12.5281278Z -- Installing: /home/runner/work/20231788./20231788./.ci/openfhe-install/include/openfhe/cereal/types/common.hpp
2026-09-06T18:10:12.5282716Z -- Installing: /home/runner/work/20231788./20231788./.ci/openfhe-install/include/openfhe/cereal/types/complex.hpp
2026-09-06T18:10:12.5283992Z -- Installing: /home/runner/work/20231788./20231788./.ci/openfhe-install/include/openfhe/cereal/details
2026-09-06T18:10:12.5285032Z -- Installing: /home/runner/work/20231788./20231788./.ci/openfhe-install/include/openfhe/cereal/details/traits.hpp
2026-09-06T18:10:12.5287776Z -- Installing: /home/runner/work/20231788./20231788./.ci/openfhe-install/include/openfhe/cereal/details/polymorphic_impl.hpp
2026-09-06T18:10:12.5289641Z -- Installing: /home/runner/work/20231788./20231788./.ci/openfhe-install/include/openfhe/cereal/details/polymorphic_impl_fwd.hpp
2026-09-06T18:10:12.5290816Z -- Installing: /home/runner/work/20231788./20231788./.ci/openfhe-install/include/openfhe/cereal/details/helpers.hpp
2026-09-06T18:10:12.5292328Z -- Installing: /home/runner/work/20231788./20231788./.ci/openfhe-install/include/openfhe/cereal/details/static_object.hpp
2026-09-06T18:10:12.5293667Z -- Installing: /home/runner/work/20231788./20231788./.ci/openfhe-install/include/openfhe/cereal/details/util.hpp
2026-09-06T18:10:12.5294943Z -- Installing: /home/runner/work/20231788./20231788./.ci/openfhe-install/include/openfhe/cereal/archives
2026-09-06T18:10:12.5295977Z -- Installing: /home/runner/work/20231788./20231788./.ci/openfhe-install/include/openfhe/cereal/archives/adapters.hpp
2026-09-06T18:10:12.5297358Z -- Installing: /home/runner/work/20231788./20231788./.ci/openfhe-install/include/openfhe/cereal/archives/binary.hpp
2026-09-06T18:10:12.5298882Z -- Installing: /home/runner/work/20231788./20231788./.ci/openfhe-install/include/openfhe/cereal/archives/json.hpp
2026-09-06T18:10:12.5301097Z -- Installing: /home/runner/work/20231788./20231788./.ci/openfhe-install/include/openfhe/cereal/archives/xml.hpp
2026-09-06T18:10:12.5302743Z -- Installing: /home/runner/work/20231788./20231788./.ci/openfhe-install/include/openfhe/cereal/archives/portable_binary.hpp
2026-09-06T18:10:12.5307091Z -- Installing: /home/runner/work/20231788./20231788./.ci/openfhe-install/lib/libOPENFHEcore.so.1.5.0
2026-09-06T18:10:12.5329807Z -- Installing: /home/runner/work/20231788./20231788./.ci/openfhe-install/lib/libOPENFHEcore.so.1
2026-09-06T18:10:12.5330622Z -- Installing: /home/runner/work/20231788./20231788./.ci/openfhe-install/lib/libOPENFHEcore.so
2026-09-06T18:10:12.5331942Z -- Installing: /home/runner/work/20231788./20231788./.ci/openfhe-install/include/openfhe/core/math
2026-09-06T18:10:12.5333195Z -- Installing: /home/runner/work/20231788./20231788./.ci/openfhe-install/include/openfhe/core/math/ternaryuniformgenerator-impl.h
2026-09-06T18:10:12.5334480Z -- Installing: /home/runner/work/20231788./20231788./.ci/openfhe-install/include/openfhe/core/math/hal
2026-09-06T18:10:12.5335539Z -- Installing: /home/runner/work/20231788./20231788./.ci/openfhe-install/include/openfhe/core/math/hal/transform.h
2026-09-06T18:10:12.5336950Z -- Installing: /home/runner/work/20231788./20231788./.ci/openfhe-install/include/openfhe/core/math/hal/bigintdyn
2026-09-06T18:10:12.5338027Z -- Installing: /home/runner/work/20231788./20231788./.ci/openfhe-install/include/openfhe/core/math/hal/bigintdyn/backenddyn.h
2026-09-06T18:10:12.5339606Z -- Installing: /home/runner/work/20231788./20231788./.ci/openfhe-install/include/openfhe/core/math/hal/bigintdyn/ubintdyn.h
2026-09-06T18:10:12.5341318Z -- Installing: /home/runner/work/20231788./20231788./.ci/openfhe-install/include/openfhe/core/math/hal/bigintdyn/mubintvecdyn.h
2026-09-06T18:10:12.5342962Z -- Installing: /home/runner/work/20231788./20231788./.ci/openfhe-install/include/openfhe/core/math/hal/bigintdyn/transformdyn.h
2026-09-06T18:10:12.5344630Z -- Installing: /home/runner/work/20231788./20231788./.ci/openfhe-install/include/openfhe/core/math/hal/bigintdyn/transformdyn-impl.h
2026-09-06T18:10:12.5346446Z -- Installing: /home/runner/work/20231788./20231788./.ci/openfhe-install/include/openfhe/core/math/hal/vector.h
2026-09-06T18:10:12.5347979Z -- Installing: /home/runner/work/20231788./20231788./.ci/openfhe-install/include/openfhe/core/math/hal/basicint.h
2026-09-06T18:10:12.5349465Z -- Installing: /home/runner/work/20231788./20231788./.ci/openfhe-install/include/openfhe/core/math/hal/bigintntl
2026-09-06T18:10:12.5350541Z -- Installing: /home/runner/work/20231788./20231788./.ci/openfhe-install/include/openfhe/core/math/hal/bigintntl/backendntl.h
2026-09-06T18:10:12.5351968Z -- Installing: /home/runner/work/20231788./20231788./.ci/openfhe-install/include/openfhe/core/math/hal/bigintntl/mubintvecntl.h
2026-09-06T18:10:12.5354764Z -- Installing: /home/runner/work/20231788./20231788./.ci/openfhe-install/include/openfhe/core/math/hal/bigintntl/transformntl-impl.h
2026-09-06T18:10:12.5355848Z -- Installing: /home/runner/work/20231788./20231788./.ci/openfhe-install/include/openfhe/core/math/hal/bigintntl/transformntl.h
2026-09-06T18:10:12.5357346Z -- Installing: /home/runner/work/20231788./20231788./.ci/openfhe-install/include/openfhe/core/math/hal/bigintntl/ubintntl.h
2026-09-06T18:10:12.5359206Z -- Installing: /home/runner/work/20231788./20231788./.ci/openfhe-install/include/openfhe/core/math/hal/nativeintbackend.h
2026-09-06T18:10:12.5360553Z -- Installing: /home/runner/work/20231788./20231788./.ci/openfhe-install/include/openfhe/core/math/hal/bigintfxd
2026-09-06T18:10:12.5361622Z -- Installing: /home/runner/work/20231788./20231788./.ci/openfhe-install/include/openfhe/core/math/hal/bigintfxd/ubintfxd.h
2026-09-06T18:10:12.5363632Z -- Installing: /home/runner/work/20231788./20231788./.ci/openfhe-install/include/openfhe/core/math/hal/bigintfxd/mubintvecfxd.h
2026-09-06T18:10:12.5365762Z -- Installing: /home/runner/work/20231788./20231788./.ci/openfhe-install/include/openfhe/core/math/hal/bigintfxd/transformfxd.h
2026-09-06T18:10:12.5367171Z -- Installing: /home/runner/work/20231788./20231788./.ci/openfhe-install/include/openfhe/core/math/hal/bigintfxd/transformfxd-impl.h
2026-09-06T18:10:12.5369591Z -- Installing: /home/runner/work/20231788./20231788./.ci/openfhe-install/include/openfhe/core/math/hal/bigintfxd/backendfxd.h
2026-09-06T18:10:12.5370669Z -- Installing: /home/runner/work/20231788./20231788./.ci/openfhe-install/include/openfhe/core/math/hal/intnat
2026-09-06T18:10:12.5372043Z -- Installing: /home/runner/work/20231788./20231788./.ci/openfhe-install/include/openfhe/core/math/hal/intnat/transformnat.h
2026-09-06T18:10:12.5388270Z -- Installing: /home/runner/work/20231788./20231788./.ci/openfhe-install/include/openfhe/core/math/hal/intnat/transformnat-impl.h
2026-09-06T18:10:12.5390914Z -- Installing: /home/runner/work/20231788./20231788./.ci/openfhe-install/include/openfhe/core/math/hal/intnat/ubintnat.h
2026-09-06T18:10:12.5391769Z -- Installing: /home/runner/work/20231788./20231788./.ci/openfhe-install/include/openfhe/core/math/hal/intnat/mubintvecnat.h
2026-09-06T18:10:12.5392576Z -- Installing: /home/runner/work/20231788./20231788./.ci/openfhe-install/include/openfhe/core/math/hal/bigintbackend.h
2026-09-06T18:10:12.5393370Z -- Installing: /home/runner/work/20231788./20231788./.ci/openfhe-install/include/openfhe/core/math/hal/integer.h
2026-09-06T18:10:12.5394099Z -- Installing: /home/runner/work/20231788./20231788./.ci/openfhe-install/include/openfhe/core/math/matrix-impl.h
2026-09-06T18:10:12.5394827Z -- Installing: /home/runner/work/20231788./20231788./.ci/openfhe-install/include/openfhe/core/math/nbtheory.h
2026-09-06T18:10:12.5395646Z -- Installing: /home/runner/work/20231788./20231788./.ci/openfhe-install/include/openfhe/core/math/SAMPLING_README.md
2026-09-06T18:10:12.5396441Z -- Installing: /home/runner/work/20231788./20231788./.ci/openfhe-install/include/openfhe/core/math/discretegaussiangenerator.h
2026-09-06T18:10:12.5397204Z -- Installing: /home/runner/work/20231788./20231788./.ci/openfhe-install/include/openfhe/core/math/hermite.h
2026-09-06T18:10:12.5397910Z -- Installing: /home/runner/work/20231788./20231788./.ci/openfhe-install/include/openfhe/core/math/matrix.h
2026-09-06T18:10:12.5398802Z -- Installing: /home/runner/work/20231788./20231788./.ci/openfhe-install/include/openfhe/core/math/dftransform.h
2026-09-06T18:10:12.5399592Z -- Installing: /home/runner/work/20231788./20231788./.ci/openfhe-install/include/openfhe/core/math/distributiongenerator.h
2026-09-06T18:10:12.5400350Z -- Installing: /home/runner/work/20231788./20231788./.ci/openfhe-install/include/openfhe/core/math/matrixstrassen.h
2026-09-06T18:10:12.5401178Z -- Installing: /home/runner/work/20231788./20231788./.ci/openfhe-install/include/openfhe/core/math/discretegaussiangenerator-impl.h
2026-09-06T18:10:12.5402301Z -- Installing: /home/runner/work/20231788./20231788./.ci/openfhe-install/include/openfhe/core/math/matrixstrassen-impl.h
2026-09-06T18:10:12.5403077Z -- Installing: /home/runner/work/20231788./20231788./.ci/openfhe-install/include/openfhe/core/math/nbtheory-impl.h
2026-09-06T18:10:12.5403863Z -- Installing: /home/runner/work/20231788./20231788./.ci/openfhe-install/include/openfhe/core/math/binaryuniformgenerator.h
2026-09-06T18:10:12.5404691Z -- Installing: /home/runner/work/20231788./20231788./.ci/openfhe-install/include/openfhe/core/math/discretegaussiangeneratorgeneric.h
2026-09-06T18:10:12.5405491Z -- Installing: /home/runner/work/20231788./20231788./.ci/openfhe-install/include/openfhe/core/math/math_backends.md
2026-09-06T18:10:12.5406217Z -- Installing: /home/runner/work/20231788./20231788./.ci/openfhe-install/include/openfhe/core/math/chebyshev.h
2026-09-06T18:10:12.5406993Z -- Installing: /home/runner/work/20231788./20231788./.ci/openfhe-install/include/openfhe/core/math/discreteuniformgenerator-impl.h
2026-09-06T18:10:12.5407781Z -- Installing: /home/runner/work/20231788./20231788./.ci/openfhe-install/include/openfhe/core/math/math-hal.h
2026-09-06T18:10:12.5408700Z -- Installing: /home/runner/work/20231788./20231788./.ci/openfhe-install/include/openfhe/core/math/binaryuniformgenerator-impl.h
2026-09-06T18:10:12.5409528Z -- Installing: /home/runner/work/20231788./20231788./.ci/openfhe-install/include/openfhe/core/math/README.md
2026-09-06T18:10:12.5410489Z -- Installing: /home/runner/work/20231788./20231788./.ci/openfhe-install/include/openfhe/core/math/ternaryuniformgenerator.h
2026-09-06T18:10:12.5411420Z -- Installing: /home/runner/work/20231788./20231788./.ci/openfhe-install/include/openfhe/core/math/distrgen.h
2026-09-06T18:10:12.5412367Z -- Installing: /home/runner/work/20231788./20231788./.ci/openfhe-install/include/openfhe/core/math/discreteuniformgenerator.h
2026-09-06T18:10:12.5413302Z -- Installing: /home/runner/work/20231788./20231788./.ci/openfhe-install/include/openfhe/core/openfhecore.h
2026-09-06T18:10:12.5414154Z -- Installing: /home/runner/work/20231788./20231788./.ci/openfhe-install/include/openfhe/core/testdefs.h
2026-09-06T18:10:12.5414968Z -- Installing: /home/runner/work/20231788./20231788./.ci/openfhe-install/include/openfhe/core/version.h
2026-09-06T18:10:12.5415638Z -- Installing: /home/runner/work/20231788./20231788./.ci/openfhe-install/include/openfhe/core/utils
2026-09-06T18:10:12.5416159Z -- Installing: /home/runner/work/20231788./20231788./.ci/openfhe-install/include/openfhe/core/utils/get-call-stack.h
2026-09-06T18:10:12.5416788Z -- Installing: /home/runner/work/20231788./20231788./.ci/openfhe-install/include/openfhe/core/utils/parallel.h
2026-09-06T18:10:12.5417324Z -- Installing: /home/runner/work/20231788./20231788./.ci/openfhe-install/include/openfhe/core/utils/utilities.h
2026-09-06T18:10:12.5418310Z -- Installing: /home/runner/work/20231788./20231788./.ci/openfhe-install/include/openfhe/core/utils/debug.h
2026-09-06T18:10:12.5420093Z -- Installing: /home/runner/work/20231788./20231788./.ci/openfhe-install/include/openfhe/core/utils/serializable.h
2026-09-06T18:10:12.5421345Z -- Installing: /home/runner/work/20231788./20231788./.ci/openfhe-install/include/openfhe/core/utils/sertype.h
2026-09-06T18:10:12.5422651Z -- Installing: /home/runner/work/20231788./20231788./.ci/openfhe-install/include/openfhe/core/utils/inttypes.h
2026-09-06T18:10:12.5423986Z -- Installing: /home/runner/work/20231788./20231788./.ci/openfhe-install/include/openfhe/core/utils/caller_info.h
2026-09-06T18:10:12.5425286Z -- Installing: /home/runner/work/20231788./20231788./.ci/openfhe-install/include/openfhe/core/utils/type_name.h
2026-09-06T18:10:12.5426536Z -- Installing: /home/runner/work/20231788./20231788./.ci/openfhe-install/include/openfhe/core/utils/prng
2026-09-06T18:10:12.5427616Z -- Installing: /home/runner/work/20231788./20231788./.ci/openfhe-install/include/openfhe/core/utils/prng/blake2-impl.h
2026-09-06T18:10:12.5429129Z -- Installing: /home/runner/work/20231788./20231788./.ci/openfhe-install/include/openfhe/core/utils/prng/blake2.h
2026-09-06T18:10:12.5430790Z -- Installing: /home/runner/work/20231788./20231788./.ci/openfhe-install/include/openfhe/core/utils/prng/CPPLINT.cfg
2026-09-06T18:10:12.5432033Z -- Installing: /home/runner/work/20231788./20231788./.ci/openfhe-install/include/openfhe/core/utils/prng/README.md
2026-09-06T18:10:12.5433356Z -- Installing: /home/runner/work/20231788./20231788./.ci/openfhe-install/include/openfhe/core/utils/prng/prng.h
2026-09-06T18:10:12.5434741Z -- Installing: /home/runner/work/20231788./20231788./.ci/openfhe-install/include/openfhe/core/utils/prng/blake2engine.h
2026-09-06T18:10:12.5436074Z -- Installing: /home/runner/work/20231788./20231788./.ci/openfhe-install/include/openfhe/core/utils/demangle.h
2026-09-06T18:10:12.5437442Z -- Installing: /home/runner/work/20231788./20231788./.ci/openfhe-install/include/openfhe/core/utils/serial.h
2026-09-06T18:10:12.5439065Z -- Installing: /home/runner/work/20231788./20231788./.ci/openfhe-install/include/openfhe/core/utils/exception.h
2026-09-06T18:10:12.5440522Z -- Installing: /home/runner/work/20231788./20231788./.ci/openfhe-install/include/openfhe/core/utils/utilities-int.h
2026-09-06T18:10:12.5441795Z -- Installing: /home/runner/work/20231788./20231788./.ci/openfhe-install/include/openfhe/core/utils/blockAllocator
2026-09-06T18:10:12.5442853Z -- Installing: /home/runner/work/20231788./20231788./.ci/openfhe-install/include/openfhe/core/utils/blockAllocator/xqueue.h
2026-09-06T18:10:12.5444314Z -- Installing: /home/runner/work/20231788./20231788./.ci/openfhe-install/include/openfhe/core/utils/blockAllocator/xstring.h
2026-09-06T18:10:12.5445667Z -- Installing: /home/runner/work/20231788./20231788./.ci/openfhe-install/include/openfhe/core/utils/blockAllocator/xset.h
2026-09-06T18:10:12.5447012Z -- Installing: /home/runner/work/20231788./20231788./.ci/openfhe-install/include/openfhe/core/utils/blockAllocator/xmap.h
2026-09-06T18:10:12.5448430Z -- Installing: /home/runner/work/20231788./20231788./.ci/openfhe-install/include/openfhe/core/utils/blockAllocator/stl_allocator.h
2026-09-06T18:10:12.5450015Z -- Installing: /home/runner/work/20231788./20231788./.ci/openfhe-install/include/openfhe/core/utils/blockAllocator/xvector.h
2026-09-06T18:10:12.5451397Z -- Installing: /home/runner/work/20231788./20231788./.ci/openfhe-install/include/openfhe/core/utils/blockAllocator/xsstream.h
2026-09-06T18:10:12.5452807Z -- Installing: /home/runner/work/20231788./20231788./.ci/openfhe-install/include/openfhe/core/utils/blockAllocator/xlist.h
2026-09-06T18:10:12.5454168Z -- Installing: /home/runner/work/20231788./20231788./.ci/openfhe-install/include/openfhe/core/utils/blockAllocator/README.md
2026-09-06T18:10:12.5455543Z -- Installing: /home/runner/work/20231788./20231788./.ci/openfhe-install/include/openfhe/core/utils/blockAllocator/xallocator.h
2026-09-06T18:10:12.5456958Z -- Installing: /home/runner/work/20231788./20231788./.ci/openfhe-install/include/openfhe/core/utils/blockAllocator/blockAllocator.h
2026-09-06T18:10:12.5458274Z -- Installing: /home/runner/work/20231788./20231788./.ci/openfhe-install/include/openfhe/core/utils/README.md
2026-09-06T18:10:12.5459771Z -- Installing: /home/runner/work/20231788./20231788./.ci/openfhe-install/include/openfhe/core/utils/memory.h
2026-09-06T18:10:12.5461137Z -- Installing: /home/runner/work/20231788./20231788./.ci/openfhe-install/include/openfhe/core/utils/hashutil.h
2026-09-06T18:10:12.5462496Z -- Installing: /home/runner/work/20231788./20231788./.ci/openfhe-install/include/openfhe/core/utils/openfhebase64.h
2026-09-06T18:10:12.5463831Z -- Installing: /home/runner/work/20231788./20231788./.ci/openfhe-install/include/openfhe/core/README.md
2026-09-06T18:10:12.5465126Z -- Installing: /home/runner/work/20231788./20231788./.ci/openfhe-install/include/openfhe/core/lattice
2026-09-06T18:10:12.5466053Z -- Installing: /home/runner/work/20231788./20231788./.ci/openfhe-install/include/openfhe/core/lattice/hal
2026-09-06T18:10:12.5467147Z -- Installing: /home/runner/work/20231788./20231788./.ci/openfhe-install/include/openfhe/core/lattice/hal/dcrtpoly-interface.h
2026-09-06T18:10:12.5469495Z -- Installing: /home/runner/work/20231788./20231788./.ci/openfhe-install/include/openfhe/core/lattice/hal/poly-interface.h
2026-09-06T18:10:12.5471020Z -- Installing: /home/runner/work/20231788./20231788./.ci/openfhe-install/include/openfhe/core/lattice/hal/lat-backend.h
2026-09-06T18:10:12.5472461Z -- Installing: /home/runner/work/20231788./20231788./.ci/openfhe-install/include/openfhe/core/lattice/hal/elemparams.h
2026-09-06T18:10:12.5473953Z -- Installing: /home/runner/work/20231788./20231788./.ci/openfhe-install/include/openfhe/core/lattice/hal/README.md
2026-09-06T18:10:12.5475310Z -- Installing: /home/runner/work/20231788./20231788./.ci/openfhe-install/include/openfhe/core/lattice/hal/default
2026-09-06T18:10:12.5476542Z -- Installing: /home/runner/work/20231788./20231788./.ci/openfhe-install/include/openfhe/core/lattice/hal/default/dcrtpoly.h
2026-09-06T18:10:12.5478250Z -- Installing: /home/runner/work/20231788./20231788./.ci/openfhe-install/include/openfhe/core/lattice/hal/default/dcrtpoly-impl.h
2026-09-06T18:10:12.5481687Z -- Installing: /home/runner/work/20231788./20231788./.ci/openfhe-install/include/openfhe/core/lattice/hal/default/poly.h
2026-09-06T18:10:12.5483317Z -- Installing: /home/runner/work/20231788./20231788./.ci/openfhe-install/include/openfhe/core/lattice/hal/default/poly-impl.h
2026-09-06T18:10:12.5484944Z -- Installing: /home/runner/work/20231788./20231788./.ci/openfhe-install/include/openfhe/core/lattice/hal/default/ildcrtparams.h
2026-09-06T18:10:12.5486512Z -- Installing: /home/runner/work/20231788./20231788./.ci/openfhe-install/include/openfhe/core/lattice/hal/default/ilparams.h
2026-09-06T18:10:12.5487946Z -- Installing: /home/runner/work/20231788./20231788./.ci/openfhe-install/include/openfhe/core/lattice/dgsampling-impl.h
2026-09-06T18:10:12.5489763Z -- Installing: /home/runner/work/20231788./20231788./.ci/openfhe-install/include/openfhe/core/lattice/trapdoorparameters.h
2026-09-06T18:10:12.5491298Z -- Installing: /home/runner/work/20231788./20231788./.ci/openfhe-install/include/openfhe/core/lattice/trapdoor-impl.h
2026-09-06T18:10:12.5492736Z -- Installing: /home/runner/work/20231788./20231788./.ci/openfhe-install/include/openfhe/core/lattice/field2n-impl.h
2026-09-06T18:10:12.5494213Z -- Installing: /home/runner/work/20231788./20231788./.ci/openfhe-install/include/openfhe/core/lattice/lat-hal.h
2026-09-06T18:10:12.5495563Z -- Installing: /home/runner/work/20231788./20231788./.ci/openfhe-install/include/openfhe/core/lattice/dgsampling.h
2026-09-06T18:10:12.5497063Z -- Installing: /home/runner/work/20231788./20231788./.ci/openfhe-install/include/openfhe/core/lattice/stdlatticeparms.h
2026-09-06T18:10:12.5498692Z -- Installing: /home/runner/work/20231788./20231788./.ci/openfhe-install/include/openfhe/core/lattice/matrix-lattice-impl.h
2026-09-06T18:10:12.5500137Z -- Installing: /home/runner/work/20231788./20231788./.ci/openfhe-install/include/openfhe/core/lattice/ilelement.h
2026-09-06T18:10:12.5501641Z -- Installing: /home/runner/work/20231788./20231788./.ci/openfhe-install/include/openfhe/core/lattice/README.md
2026-09-06T18:10:12.5503035Z -- Installing: /home/runner/work/20231788./20231788./.ci/openfhe-install/include/openfhe/core/lattice/field2n.h
2026-09-06T18:10:12.5504490Z -- Installing: /home/runner/work/20231788./20231788./.ci/openfhe-install/include/openfhe/core/lattice/trapdoor.h
2026-09-06T18:10:12.5506060Z -- Installing: /home/runner/work/20231788./20231788./.ci/openfhe-install/include/openfhe/core/lattice/constants-lattice.h
2026-09-06T18:10:12.5510603Z -- Installing: /home/runner/work/20231788./20231788./.ci/openfhe-install/lib/libOPENFHEpke.so.1.5.0
2026-09-06T18:10:12.5544764Z -- Installing: /home/runner/work/20231788./20231788./.ci/openfhe-install/lib/libOPENFHEpke.so.1
2026-09-06T18:10:12.5548138Z -- Set non-toolchain portion of runtime path of "/home/runner/work/20231788./20231788./.ci/openfhe-install/lib/libOPENFHEpke.so.1.5.0" to ""
2026-09-06T18:10:12.5549266Z -- Installing: /home/runner/work/20231788./20231788./.ci/openfhe-install/lib/libOPENFHEpke.so
2026-09-06T18:10:12.5550022Z -- Installing: /home/runner/work/20231788./20231788./.ci/openfhe-install/include/openfhe/pke
2026-09-06T18:10:12.5550951Z -- Installing: /home/runner/work/20231788./20231788./.ci/openfhe-install/include/openfhe/pke/encoding
2026-09-06T18:10:12.5551904Z -- Installing: /home/runner/work/20231788./20231788./.ci/openfhe-install/include/openfhe/pke/encoding/plaintext.h
2026-09-06T18:10:12.5553485Z -- Installing: /home/runner/work/20231788./20231788./.ci/openfhe-install/include/openfhe/pke/encoding/stringencoding.h
2026-09-06T18:10:12.5554990Z -- Installing: /home/runner/work/20231788./20231788./.ci/openfhe-install/include/openfhe/pke/encoding/coefpackedencoding.h
2026-09-06T18:10:12.5556368Z -- Installing: /home/runner/work/20231788./20231788./.ci/openfhe-install/include/openfhe/pke/encoding/ckkspackedencoding.h
2026-09-06T18:10:12.5557814Z -- Installing: /home/runner/work/20231788./20231788./.ci/openfhe-install/include/openfhe/pke/encoding/plaintextfactory.h
2026-09-06T18:10:12.5559482Z -- Installing: /home/runner/work/20231788./20231788./.ci/openfhe-install/include/openfhe/pke/encoding/plaintext-fwd.h
2026-09-06T18:10:12.5560862Z -- Installing: /home/runner/work/20231788./20231788./.ci/openfhe-install/include/openfhe/pke/encoding/packedencoding.h
2026-09-06T18:10:12.5562298Z -- Installing: /home/runner/work/20231788./20231788./.ci/openfhe-install/include/openfhe/pke/encoding/encodingparams.h
2026-09-06T18:10:12.5563730Z -- Installing: /home/runner/work/20231788./20231788./.ci/openfhe-install/include/openfhe/pke/encoding/README.md
2026-09-06T18:10:12.5565108Z -- Installing: /home/runner/work/20231788./20231788./.ci/openfhe-install/include/openfhe/pke/encoding/encodings.h
2026-09-06T18:10:12.5566423Z -- Installing: /home/runner/work/20231788./20231788./.ci/openfhe-install/include/openfhe/pke/ciphertext.h
2026-09-06T18:10:12.5567892Z -- Installing: /home/runner/work/20231788./20231788./.ci/openfhe-install/include/openfhe/pke/openfhe.h
2026-09-06T18:10:12.5569288Z -- Installing: /home/runner/work/20231788./20231788./.ci/openfhe-install/include/openfhe/pke/key
2026-09-06T18:10:12.5570645Z -- Installing: /home/runner/work/20231788./20231788./.ci/openfhe-install/include/openfhe/pke/key/evalkeyrelin-fwd.h
2026-09-06T18:10:12.5572085Z -- Installing: /home/runner/work/20231788./20231788./.ci/openfhe-install/include/openfhe/pke/key/privatekey-fwd.h
2026-09-06T18:10:12.5573452Z -- Installing: /home/runner/work/20231788./20231788./.ci/openfhe-install/include/openfhe/pke/key/publickey-fwd.h
2026-09-06T18:10:12.5574776Z -- Installing: /home/runner/work/20231788./20231788./.ci/openfhe-install/include/openfhe/pke/key/evalkey.h
2026-09-06T18:10:12.5576236Z -- Installing: /home/runner/work/20231788./20231788./.ci/openfhe-install/include/openfhe/pke/key/privatekey.h
2026-09-06T18:10:12.5577654Z -- Installing: /home/runner/work/20231788./20231788./.ci/openfhe-install/include/openfhe/pke/key/evalkey-fwd.h
2026-09-06T18:10:12.5579030Z -- Installing: /home/runner/work/20231788./20231788./.ci/openfhe-install/include/openfhe/pke/key/key.h
2026-09-06T18:10:12.5580480Z -- Installing: /home/runner/work/20231788./20231788./.ci/openfhe-install/include/openfhe/pke/key/evalkeyrelin.h
2026-09-06T18:10:12.5581882Z -- Installing: /home/runner/work/20231788./20231788./.ci/openfhe-install/include/openfhe/pke/key/key-ser.h
2026-09-06T18:10:12.5583226Z -- Installing: /home/runner/work/20231788./20231788./.ci/openfhe-install/include/openfhe/pke/key/publickey.h
2026-09-06T18:10:12.5584586Z -- Installing: /home/runner/work/20231788./20231788./.ci/openfhe-install/include/openfhe/pke/key/README.md
2026-09-06T18:10:12.5585961Z -- Installing: /home/runner/work/20231788./20231788./.ci/openfhe-install/include/openfhe/pke/key/keypair.h
2026-09-06T18:10:12.5587320Z -- Installing: /home/runner/work/20231788./20231788./.ci/openfhe-install/include/openfhe/pke/cryptocontext.h
2026-09-06T18:10:12.5590755Z -- Installing: /home/runner/work/20231788./20231788./.ci/openfhe-install/include/openfhe/pke/cryptocontext-ser.h
2026-09-06T18:10:12.5592201Z -- Installing: /home/runner/work/20231788./20231788./.ci/openfhe-install/include/openfhe/pke/scheme
2026-09-06T18:10:12.5593196Z -- Installing: /home/runner/work/20231788./20231788./.ci/openfhe-install/include/openfhe/pke/scheme/scheme-swch-params.h
2026-09-06T18:10:12.5594800Z -- Installing: /home/runner/work/20231788./20231788./.ci/openfhe-install/include/openfhe/pke/scheme/gen-cryptocontext-params-validation.h
2026-09-06T18:10:12.5595991Z -- Installing: /home/runner/work/20231788./20231788./.ci/openfhe-install/include/openfhe/pke/scheme/scheme-id.h
2026-09-06T18:10:12.5597435Z -- Installing: /home/runner/work/20231788./20231788./.ci/openfhe-install/include/openfhe/pke/scheme/gen-cryptocontext-params-defaults.h
2026-09-06T18:10:12.5598815Z -- Installing: /home/runner/work/20231788./20231788./.ci/openfhe-install/include/openfhe/pke/scheme/ckksrns
2026-09-06T18:10:12.5599917Z -- Installing: /home/runner/work/20231788./20231788./.ci/openfhe-install/include/openfhe/pke/scheme/ckksrns/ckksrns-utils.h
2026-09-06T18:10:12.5601550Z -- Installing: /home/runner/work/20231788./20231788./.ci/openfhe-install/include/openfhe/pke/scheme/ckksrns/ckksrns-parametergeneration.h
2026-09-06T18:10:12.5602839Z -- Installing: /home/runner/work/20231788./20231788./.ci/openfhe-install/include/openfhe/pke/scheme/ckksrns/ckksrns-leveledshe.h
2026-09-06T18:10:12.5604241Z -- Installing: /home/runner/work/20231788./20231788./.ci/openfhe-install/include/openfhe/pke/scheme/ckksrns/ckksrns-scheme.h
2026-09-06T18:10:12.5605628Z -- Installing: /home/runner/work/20231788./20231788./.ci/openfhe-install/include/openfhe/pke/scheme/ckksrns/ckksrns-pre.h
2026-09-06T18:10:12.5607054Z -- Installing: /home/runner/work/20231788./20231788./.ci/openfhe-install/include/openfhe/pke/scheme/ckksrns/ckksrns-advancedshe.h
2026-09-06T18:10:12.5608689Z -- Installing: /home/runner/work/20231788./20231788./.ci/openfhe-install/include/openfhe/pke/scheme/ckksrns/gen-cryptocontext-ckksrns.h
2026-09-06T18:10:12.5610133Z -- Installing: /home/runner/work/20231788./20231788./.ci/openfhe-install/include/openfhe/pke/scheme/ckksrns/gen-cryptocontext-ckksrns-internal.h
2026-09-06T18:10:12.5611469Z -- Installing: /home/runner/work/20231788./20231788./.ci/openfhe-install/include/openfhe/pke/scheme/ckksrns/ckksrns-multiparty.h
2026-09-06T18:10:12.5612945Z -- Installing: /home/runner/work/20231788./20231788./.ci/openfhe-install/include/openfhe/pke/scheme/ckksrns/ckksrns-cryptoparameters.h
2026-09-06T18:10:12.5614292Z -- Installing: /home/runner/work/20231788./20231788./.ci/openfhe-install/include/openfhe/pke/scheme/ckksrns/ckksrns-pke.h
2026-09-06T18:10:12.5615732Z -- Installing: /home/runner/work/20231788./20231788./.ci/openfhe-install/include/openfhe/pke/scheme/ckksrns/ckksrns-schemeswitching.h
2026-09-06T18:10:12.5617327Z -- Installing: /home/runner/work/20231788./20231788./.ci/openfhe-install/include/openfhe/pke/scheme/ckksrns/gen-cryptocontext-ckksrns-params.h
2026-09-06T18:10:12.5618721Z -- Installing: /home/runner/work/20231788./20231788./.ci/openfhe-install/include/openfhe/pke/scheme/ckksrns/ckksrns-fhe.h
2026-09-06T18:10:12.5620574Z -- Installing: /home/runner/work/20231788./20231788./.ci/openfhe-install/include/openfhe/pke/scheme/ckksrns/ckksrns-ser.h
2026-09-06T18:10:12.5621938Z -- Installing: /home/runner/work/20231788./20231788./.ci/openfhe-install/include/openfhe/pke/scheme/ckksrns/README.md
2026-09-06T18:10:12.5623293Z -- Installing: /home/runner/work/20231788./20231788./.ci/openfhe-install/include/openfhe/pke/scheme/scheme-utils.h
2026-09-06T18:10:12.5624550Z -- Installing: /home/runner/work/20231788./20231788./.ci/openfhe-install/include/openfhe/pke/scheme/bfvrns
2026-09-06T18:10:12.5625637Z -- Installing: /home/runner/work/20231788./20231788./.ci/openfhe-install/include/openfhe/pke/scheme/bfvrns/bfvrns-fhe.h
2026-09-06T18:10:12.5627142Z -- Installing: /home/runner/work/20231788./20231788./.ci/openfhe-install/include/openfhe/pke/scheme/bfvrns/gen-cryptocontext-bfvrns-internal.h
2026-09-06T18:10:12.5628714Z -- Installing: /home/runner/work/20231788./20231788./.ci/openfhe-install/include/openfhe/pke/scheme/bfvrns/bfvrns-ser.h
2026-09-06T18:10:12.5630087Z -- Installing: /home/runner/work/20231788./20231788./.ci/openfhe-install/include/openfhe/pke/scheme/bfvrns/gen-cryptocontext-bfvrns.h
2026-09-06T18:10:12.5631384Z -- Installing: /home/runner/work/20231788./20231788./.ci/openfhe-install/include/openfhe/pke/scheme/bfvrns/bfvrns-pre.h
2026-09-06T18:10:12.5632836Z -- Installing: /home/runner/work/20231788./20231788./.ci/openfhe-install/include/openfhe/pke/scheme/bfvrns/bfvrns-cryptoparameters.h
2026-09-06T18:10:12.5634216Z -- Installing: /home/runner/work/20231788./20231788./.ci/openfhe-install/include/openfhe/pke/scheme/bfvrns/bfvrns-multiparty.h
2026-09-06T18:10:12.5635640Z -- Installing: /home/runner/work/20231788./20231788./.ci/openfhe-install/include/openfhe/pke/scheme/bfvrns/bfvrns-parametergeneration.h
2026-09-06T18:10:12.5636951Z -- Installing: /home/runner/work/20231788./20231788./.ci/openfhe-install/include/openfhe/pke/scheme/bfvrns/bfvrns-advancedshe.h
2026-09-06T18:10:12.5638286Z -- Installing: /home/runner/work/20231788./20231788./.ci/openfhe-install/include/openfhe/pke/scheme/bfvrns/bfvrns-scheme.h
2026-09-06T18:10:12.5639915Z -- Installing: /home/runner/work/20231788./20231788./.ci/openfhe-install/include/openfhe/pke/scheme/bfvrns/gen-cryptocontext-bfvrns-params.h
2026-09-06T18:10:12.5641237Z -- Installing: /home/runner/work/20231788./20231788./.ci/openfhe-install/include/openfhe/pke/scheme/bfvrns/bfvrns-pke.h
2026-09-06T18:10:12.5642703Z -- Installing: /home/runner/work/20231788./20231788./.ci/openfhe-install/include/openfhe/pke/scheme/bfvrns/bfvrns-leveledshe.h
2026-09-06T18:10:12.5644042Z -- Installing: /home/runner/work/20231788./20231788./.ci/openfhe-install/include/openfhe/pke/scheme/README.md
2026-09-06T18:10:12.5645260Z -- Installing: /home/runner/work/20231788./20231788./.ci/openfhe-install/include/openfhe/pke/scheme/bgvrns
2026-09-06T18:10:12.5646427Z -- Installing: /home/runner/work/20231788./20231788./.ci/openfhe-install/include/openfhe/pke/scheme/bgvrns/gen-cryptocontext-bgvrns-params.h
2026-09-06T18:10:12.5647786Z -- Installing: /home/runner/work/20231788./20231788./.ci/openfhe-install/include/openfhe/pke/scheme/bgvrns/bgvrns-scheme.h
2026-09-06T18:10:12.5649190Z -- Installing: /home/runner/work/20231788./20231788./.ci/openfhe-install/include/openfhe/pke/scheme/bgvrns/bgvrns-ser.h
2026-09-06T18:10:12.5650548Z -- Installing: /home/runner/work/20231788./20231788./.ci/openfhe-install/include/openfhe/pke/scheme/bgvrns/bgvrns-fhe.h
2026-09-06T18:10:12.5651884Z -- Installing: /home/runner/work/20231788./20231788./.ci/openfhe-install/include/openfhe/pke/scheme/bgvrns/bgvrns-advancedshe.h
2026-09-06T18:10:12.5653152Z -- Installing: /home/runner/work/20231788./20231788./.ci/openfhe-install/include/openfhe/pke/scheme/bgvrns/bgvrns-pke.h
2026-09-06T18:10:12.5654514Z -- Installing: /home/runner/work/20231788./20231788./.ci/openfhe-install/include/openfhe/pke/scheme/bgvrns/gen-cryptocontext-bgvrns.h
2026-09-06T18:10:12.5655816Z -- Installing: /home/runner/work/20231788./20231788./.ci/openfhe-install/include/openfhe/pke/scheme/bgvrns/bgvrns-parametergeneration.h
2026-09-06T18:10:12.5657131Z -- Installing: /home/runner/work/20231788./20231788./.ci/openfhe-install/include/openfhe/pke/scheme/bgvrns/bgvrns-multiparty.h
2026-09-06T18:10:12.5658418Z -- Installing: /home/runner/work/20231788./20231788./.ci/openfhe-install/include/openfhe/pke/scheme/bgvrns/bgvrns-pre.h
2026-09-06T18:10:12.5660056Z -- Installing: /home/runner/work/20231788./20231788./.ci/openfhe-install/include/openfhe/pke/scheme/bgvrns/bgvrns-cryptoparameters.h
2026-09-06T18:10:12.5661338Z -- Installing: /home/runner/work/20231788./20231788./.ci/openfhe-install/include/openfhe/pke/scheme/bgvrns/bgvrns-leveledshe.h
2026-09-06T18:10:12.5662715Z -- Installing: /home/runner/work/20231788./20231788./.ci/openfhe-install/include/openfhe/pke/scheme/bgvrns/gen-cryptocontext-bgvrns-internal.h
2026-09-06T18:10:12.5664017Z -- Installing: /home/runner/work/20231788./20231788./.ci/openfhe-install/include/openfhe/pke/scheme/gen-cryptocontext-params.h
2026-09-06T18:10:12.5665588Z -- Installing: /home/runner/work/20231788./20231788./.ci/openfhe-install/include/openfhe/pke/cryptocontext-fwd.h
2026-09-06T18:10:12.5666756Z -- Installing: /home/runner/work/20231788./20231788./.ci/openfhe-install/include/openfhe/pke/constants.h
2026-09-06T18:10:12.5668239Z -- Installing: /home/runner/work/20231788./20231788./.ci/openfhe-install/include/openfhe/pke/ciphertext-ser.h
2026-09-06T18:10:12.5669417Z -- Installing: /home/runner/work/20231788./20231788./.ci/openfhe-install/include/openfhe/pke/schemerns
2026-09-06T18:10:12.5670495Z -- Installing: /home/runner/work/20231788./20231788./.ci/openfhe-install/include/openfhe/pke/schemerns/rns-pre.h
2026-09-06T18:10:12.5672001Z -- Installing: /home/runner/work/20231788./20231788./.ci/openfhe-install/include/openfhe/pke/schemerns/rns-pke.h
2026-09-06T18:10:12.5673236Z -- Installing: /home/runner/work/20231788./20231788./.ci/openfhe-install/include/openfhe/pke/schemerns/rns-cryptoparameters.h
2026-09-06T18:10:12.5675154Z -- Installing: /home/runner/work/20231788./20231788./.ci/openfhe-install/include/openfhe/pke/schemerns/rns-fhe.h
2026-09-06T18:10:12.5676380Z -- Installing: /home/runner/work/20231788./20231788./.ci/openfhe-install/include/openfhe/pke/schemerns/rns-parametergeneration.h
2026-09-06T18:10:12.5677621Z -- Installing: /home/runner/work/20231788./20231788./.ci/openfhe-install/include/openfhe/pke/schemerns/rns-ser.h
2026-09-06T18:10:12.5678956Z -- Installing: /home/runner/work/20231788./20231788./.ci/openfhe-install/include/openfhe/pke/schemerns/rns-multiparty.h
2026-09-06T18:10:12.5680471Z -- Installing: /home/runner/work/20231788./20231788./.ci/openfhe-install/include/openfhe/pke/schemerns/rns-scheme.h
2026-09-06T18:10:12.5681662Z -- Installing: /home/runner/work/20231788./20231788./.ci/openfhe-install/include/openfhe/pke/schemerns/rns-advancedshe.h
2026-09-06T18:10:12.5682919Z -- Installing: /home/runner/work/20231788./20231788./.ci/openfhe-install/include/openfhe/pke/schemerns/rns-leveledshe.h
2026-09-06T18:10:12.5684445Z -- Installing: /home/runner/work/20231788./20231788./.ci/openfhe-install/include/openfhe/pke/constants-defs.h
2026-09-06T18:10:12.5685636Z -- Installing: /home/runner/work/20231788./20231788./.ci/openfhe-install/include/openfhe/pke/metadata-ser.h
2026-09-06T18:10:12.5686860Z -- Installing: /home/runner/work/20231788./20231788./.ci/openfhe-install/include/openfhe/pke/keyswitch
2026-09-06T18:10:12.5687809Z -- Installing: /home/runner/work/20231788./20231788./.ci/openfhe-install/include/openfhe/pke/keyswitch/keyswitch-hybrid.h
2026-09-06T18:10:12.5689299Z -- Installing: /home/runner/work/20231788./20231788./.ci/openfhe-install/include/openfhe/pke/keyswitch/keyswitch-rns.h
2026-09-06T18:10:12.5690582Z -- Installing: /home/runner/work/20231788./20231788./.ci/openfhe-install/include/openfhe/pke/keyswitch/README.md
2026-09-06T18:10:12.5692072Z -- Installing: /home/runner/work/20231788./20231788./.ci/openfhe-install/include/openfhe/pke/keyswitch/keyswitch-bv.h
2026-09-06T18:10:12.5693307Z -- Installing: /home/runner/work/20231788./20231788./.ci/openfhe-install/include/openfhe/pke/keyswitch/keyswitch-base.h
2026-09-06T18:10:12.5694589Z -- Installing: /home/runner/work/20231788./20231788./.ci/openfhe-install/include/openfhe/pke/ciphertext-fwd.h
2026-09-06T18:10:12.5695873Z -- Installing: /home/runner/work/20231788./20231788./.ci/openfhe-install/include/openfhe/pke/README.md
2026-09-06T18:10:12.5697166Z -- Installing: /home/runner/work/20231788./20231788./.ci/openfhe-install/include/openfhe/pke/cryptoobject.h
2026-09-06T18:10:12.5698727Z -- Installing: /home/runner/work/20231788./20231788./.ci/openfhe-install/include/openfhe/pke/gen-cryptocontext.h
2026-09-06T18:10:12.5699937Z -- Installing: /home/runner/work/20231788./20231788./.ci/openfhe-install/include/openfhe/pke/globals.h
2026-09-06T18:10:12.5701215Z -- Installing: /home/runner/work/20231788./20231788./.ci/openfhe-install/include/openfhe/pke/metadata.h
2026-09-06T18:10:12.5702685Z -- Installing: /home/runner/work/20231788./20231788./.ci/openfhe-install/include/openfhe/pke/cryptocontextfactory.h
2026-09-06T18:10:12.5703820Z -- Installing: /home/runner/work/20231788./20231788./.ci/openfhe-install/include/openfhe/pke/schemelet
2026-09-06T18:10:12.5704713Z -- Installing: /home/runner/work/20231788./20231788./.ci/openfhe-install/include/openfhe/pke/schemelet/rlwe-mp.h
2026-09-06T18:10:12.5705968Z -- Installing: /home/runner/work/20231788./20231788./.ci/openfhe-install/include/openfhe/pke/schemebase
2026-09-06T18:10:12.5706886Z -- Installing: /home/runner/work/20231788./20231788./.ci/openfhe-install/include/openfhe/pke/schemebase/base-fhe.h
2026-09-06T18:10:12.5708696Z -- Installing: /home/runner/work/20231788./20231788./.ci/openfhe-install/include/openfhe/pke/schemebase/decrypt-result.h
2026-09-06T18:10:12.5709860Z -- Installing: /home/runner/work/20231788./20231788./.ci/openfhe-install/include/openfhe/pke/schemebase/base-advancedshe.h
2026-09-06T18:10:12.5711567Z -- Installing: /home/runner/work/20231788./20231788./.ci/openfhe-install/include/openfhe/pke/schemebase/base-parametergeneration.h
2026-09-06T18:10:12.5712783Z -- Installing: /home/runner/work/20231788./20231788./.ci/openfhe-install/include/openfhe/pke/schemebase/rlwe-cryptoparameters.h
2026-09-06T18:10:12.5714396Z -- Installing: /home/runner/work/20231788./20231788./.ci/openfhe-install/include/openfhe/pke/schemebase/base-multiparty.h
2026-09-06T18:10:12.5715696Z -- Installing: /home/runner/work/20231788./20231788./.ci/openfhe-install/include/openfhe/pke/schemebase/base-ser.h
2026-09-06T18:10:12.5716997Z -- Installing: /home/runner/work/20231788./20231788./.ci/openfhe-install/include/openfhe/pke/schemebase/base-pke.h
2026-09-06T18:10:12.5718338Z -- Installing: /home/runner/work/20231788./20231788./.ci/openfhe-install/include/openfhe/pke/schemebase/base-leveledshe.h
2026-09-06T18:10:12.5720183Z -- Installing: /home/runner/work/20231788./20231788./.ci/openfhe-install/include/openfhe/pke/schemebase/base-pre.h
2026-09-06T18:10:12.5721415Z -- Installing: /home/runner/work/20231788./20231788./.ci/openfhe-install/include/openfhe/pke/schemebase/base-scheme.h
2026-09-06T18:10:12.5723478Z -- Installing: /home/runner/work/20231788./20231788./.ci/openfhe-install/include/openfhe/pke/schemebase/base-cryptoparameters.h
2026-09-06T18:10:12.5725430Z -- Installing: /home/runner/work/20231788./20231788./.ci/openfhe-install/include/openfhe/pke/unittest/utils
2026-09-06T18:10:12.5726727Z -- Installing: /home/runner/work/20231788./20231788./.ci/openfhe-install/include/openfhe/pke/unittest/utils/UnitTestReadCSVData.h
2026-09-06T18:10:12.5728383Z -- Installing: /home/runner/work/20231788./20231788./.ci/openfhe-install/include/openfhe/pke/unittest/utils/UnitTestUtils.h
2026-09-06T18:10:12.5729863Z -- Installing: /home/runner/work/20231788./20231788./.ci/openfhe-install/include/openfhe/pke/unittest/utils/UnitTestCCParams.h
2026-09-06T18:10:12.5731223Z -- Installing: /home/runner/work/20231788./20231788./.ci/openfhe-install/include/openfhe/pke/unittest/utils/UnitTestCryptoContext.h
2026-09-06T18:10:12.5732565Z -- Installing: /home/runner/work/20231788./20231788./.ci/openfhe-install/include/openfhe/pke/unittest/utils/UnitTestMetadataTestSer.h
2026-09-06T18:10:12.5734154Z -- Installing: /home/runner/work/20231788./20231788./.ci/openfhe-install/include/openfhe/pke/unittest/utils/UnitTestException.h
2026-09-06T18:10:12.5735327Z -- Installing: /home/runner/work/20231788./20231788./.ci/openfhe-install/include/openfhe/pke/unittest/utils/BaseTestCase.h
2026-09-06T18:10:12.5736859Z -- Installing: /home/runner/work/20231788./20231788./.ci/openfhe-install/include/openfhe/pke/unittest/utils/schemeswitching-data-serializer.h
2026-09-06T18:10:12.5738080Z -- Installing: /home/runner/work/20231788./20231788./.ci/openfhe-install/include/openfhe/pke/unittest/utils/UnitTestSer.h
2026-09-06T18:10:12.5739973Z -- Installing: /home/runner/work/20231788./20231788./.ci/openfhe-install/include/openfhe/pke/unittest/utils/UnitTestMetadataTest.h
2026-09-06T18:10:12.5743719Z -- Installing: /home/runner/work/20231788./20231788./.ci/openfhe-install/lib/libOPENFHEbinfhe.so.1.5.0
2026-09-06T18:10:12.5749515Z -- Installing: /home/runner/work/20231788./20231788./.ci/openfhe-install/lib/libOPENFHEbinfhe.so.1
2026-09-06T18:10:12.5752544Z -- Set non-toolchain portion of runtime path of "/home/runner/work/20231788./20231788./.ci/openfhe-install/lib/libOPENFHEbinfhe.so.1.5.0" to ""
2026-09-06T18:10:12.5753271Z -- Installing: /home/runner/work/20231788./20231788./.ci/openfhe-install/lib/libOPENFHEbinfhe.so
2026-09-06T18:10:12.5753832Z -- Installing: /home/runner/work/20231788./20231788./.ci/openfhe-install/include/openfhe/binfhe
2026-09-06T18:10:12.5754965Z -- Installing: /home/runner/work/20231788./20231788./.ci/openfhe-install/include/openfhe/binfhe/lwe-publickey-fwd.h
2026-09-06T18:10:12.5756235Z -- Installing: /home/runner/work/20231788./20231788./.ci/openfhe-install/include/openfhe/binfhe/rgsw-acc.h
2026-09-06T18:10:12.5757666Z -- Installing: /home/runner/work/20231788./20231788./.ci/openfhe-install/include/openfhe/binfhe/rgsw-acc-lmkcdey.h
2026-09-06T18:10:12.5758930Z -- Installing: /home/runner/work/20231788./20231788./.ci/openfhe-install/include/openfhe/binfhe/lwe-keypair.h
2026-09-06T18:10:12.5760408Z -- Installing: /home/runner/work/20231788./20231788./.ci/openfhe-install/include/openfhe/binfhe/lwe-privatekey-fwd.h
2026-09-06T18:10:12.5761507Z -- Installing: /home/runner/work/20231788./20231788./.ci/openfhe-install/include/openfhe/binfhe/binfhecontext.h
2026-09-06T18:10:12.5763021Z -- Installing: /home/runner/work/20231788./20231788./.ci/openfhe-install/include/openfhe/binfhe/lwe-keyswitchkey.h
2026-09-06T18:10:12.5764196Z -- Installing: /home/runner/work/20231788./20231788./.ci/openfhe-install/include/openfhe/binfhe/lwe-pke.h
2026-09-06T18:10:12.5765655Z -- Installing: /home/runner/work/20231788./20231788./.ci/openfhe-install/include/openfhe/binfhe/lwe-privatekey.h
2026-09-06T18:10:12.5766884Z -- Installing: /home/runner/work/20231788./20231788./.ci/openfhe-install/include/openfhe/binfhe/rlwe-ciphertext.h
2026-09-06T18:10:12.5768196Z -- Installing: /home/runner/work/20231788./20231788./.ci/openfhe-install/include/openfhe/binfhe/rgsw-acckey.h
2026-09-06T18:10:12.5769831Z -- Installing: /home/runner/work/20231788./20231788./.ci/openfhe-install/include/openfhe/binfhe/lwe-cryptoparameters.h
2026-09-06T18:10:12.5771076Z -- Installing: /home/runner/work/20231788./20231788./.ci/openfhe-install/include/openfhe/binfhe/lwe-ciphertext.h
2026-09-06T18:10:12.5772554Z -- Installing: /home/runner/work/20231788./20231788./.ci/openfhe-install/include/openfhe/binfhe/lwe-keyswitchkey-fwd.h
2026-09-06T18:10:12.5773695Z -- Installing: /home/runner/work/20231788./20231788./.ci/openfhe-install/include/openfhe/binfhe/lwe-keypair-fwd.h
2026-09-06T18:10:12.5775012Z -- Installing: /home/runner/work/20231788./20231788./.ci/openfhe-install/include/openfhe/binfhe/binfhe-constants.h
2026-09-06T18:10:12.5776341Z -- Installing: /home/runner/work/20231788./20231788./.ci/openfhe-install/include/openfhe/binfhe/binfhe-base-params.h
2026-09-06T18:10:12.5777652Z -- Installing: /home/runner/work/20231788./20231788./.ci/openfhe-install/include/openfhe/binfhe/lwe-ciphertext-fwd.h
2026-09-06T18:10:12.5779369Z -- Installing: /home/runner/work/20231788./20231788./.ci/openfhe-install/include/openfhe/binfhe/rgsw-acc-dm.h
2026-09-06T18:10:12.5780610Z -- Installing: /home/runner/work/20231788./20231788./.ci/openfhe-install/include/openfhe/binfhe/rgsw-cryptoparameters.h
2026-09-06T18:10:12.5781955Z -- Installing: /home/runner/work/20231788./20231788./.ci/openfhe-install/include/openfhe/binfhe/lwe-publickey.h
2026-09-06T18:10:12.5783405Z -- Installing: /home/runner/work/20231788./20231788./.ci/openfhe-install/include/openfhe/binfhe/README.md
2026-09-06T18:10:12.5784578Z -- Installing: /home/runner/work/20231788./20231788./.ci/openfhe-install/include/openfhe/binfhe/binfhe-base-scheme.h
2026-09-06T18:10:12.5786005Z -- Installing: /home/runner/work/20231788./20231788./.ci/openfhe-install/include/openfhe/binfhe/rgsw-evalkey.h
2026-09-06T18:10:12.5787281Z -- Installing: /home/runner/work/20231788./20231788./.ci/openfhe-install/include/openfhe/binfhe/rgsw-acc-cggi.h
2026-09-06T18:10:12.5789012Z -- Installing: /home/runner/work/20231788./20231788./.ci/openfhe-install/include/openfhe/binfhe/binfhecontext-ser.h
2026-09-06T18:10:12.5791531Z -- Installing: /home/runner/work/20231788./20231788./.ci/openfhe-install/lib/OpenFHE/OpenFHEConfig.cmake
2026-09-06T18:10:12.5792943Z -- Installing: /home/runner/work/20231788./20231788./.ci/openfhe-install/lib/OpenFHE/OpenFHEConfigVersion.cmake
2026-09-06T18:10:12.5794868Z -- Installing: /home/runner/work/20231788./20231788./.ci/openfhe-install/lib/OpenFHE/OpenFHETargets.cmake
2026-09-06T18:10:12.5796770Z -- Installing: /home/runner/work/20231788./20231788./.ci/openfhe-install/lib/OpenFHE/OpenFHETargets-release.cmake
2026-09-06T18:10:12.5833720Z ##[group]Run test "$(git rev-parse HEAD)" = "$GITHUB_SHA"
2026-09-06T18:10:12.5834041Z [36;1mtest "$(git rev-parse HEAD)" = "$GITHUB_SHA"[0m
2026-09-06T18:10:12.5834306Z [36;1mtest -z "$(git status --porcelain)"[0m
2026-09-06T18:10:12.5834750Z [36;1mprintf 'PROJECT_SOURCE_COMMIT=%s GITHUB_RUN_ID=%s GITHUB_RUN_ATTEMPT=%s\n' "$GITHUB_SHA" "$GITHUB_RUN_ID" "$GITHUB_RUN_ATTEMPT"[0m
2026-09-06T18:10:12.5867086Z shell: /usr/bin/bash -e {0}
2026-09-06T18:10:12.5867291Z env:
2026-09-06T18:10:12.5867501Z   OPENFHE_COMMIT: df495ba2e91739a6dc8f1de254fc5a41155ce504
2026-09-06T18:10:12.5867840Z   OPENFHE_PREFIX: /home/runner/work/20231788./20231788./.ci/openfhe-install
2026-09-06T18:10:12.5868174Z   pythonLocation: /opt/hostedtoolcache/Python/3.12.14/x64
2026-09-06T18:10:12.5868496Z   PKG_CONFIG_PATH: /opt/hostedtoolcache/Python/3.12.14/x64/lib/pkgconfig
2026-09-06T18:10:12.5868952Z   Python_ROOT_DIR: /opt/hostedtoolcache/Python/3.12.14/x64
2026-09-06T18:10:12.5869269Z   Python2_ROOT_DIR: /opt/hostedtoolcache/Python/3.12.14/x64
2026-09-06T18:10:12.5869558Z   Python3_ROOT_DIR: /opt/hostedtoolcache/Python/3.12.14/x64
2026-09-06T18:10:12.5869844Z   LD_LIBRARY_PATH: /opt/hostedtoolcache/Python/3.12.14/x64/lib
2026-09-06T18:10:12.5870097Z ##[endgroup]
2026-09-06T18:10:12.7676097Z PROJECT_SOURCE_COMMIT=70c37679f4760c6dc2bebc35bdfd741c238f315b GITHUB_RUN_ID=34050734415 GITHUB_RUN_ATTEMPT=1
2026-09-06T18:10:12.7700418Z ##[group]Run cmake -S . -B build -DCMAKE_BUILD_TYPE=Debug -DCMAKE_PREFIX_PATH=${OPENFHE_PREFIX}
2026-09-06T18:10:12.7700921Z [36;1mcmake -S . -B build -DCMAKE_BUILD_TYPE=Debug -DCMAKE_PREFIX_PATH=${OPENFHE_PREFIX}[0m
2026-09-06T18:10:12.7733119Z shell: /usr/bin/bash -e {0}
2026-09-06T18:10:12.7733315Z env:
2026-09-06T18:10:12.7733517Z   OPENFHE_COMMIT: df495ba2e91739a6dc8f1de254fc5a41155ce504
2026-09-06T18:10:12.7733851Z   OPENFHE_PREFIX: /home/runner/work/20231788./20231788./.ci/openfhe-install
2026-09-06T18:10:12.7734183Z   pythonLocation: /opt/hostedtoolcache/Python/3.12.14/x64
2026-09-06T18:10:12.7734504Z   PKG_CONFIG_PATH: /opt/hostedtoolcache/Python/3.12.14/x64/lib/pkgconfig
2026-09-06T18:10:12.7734818Z   Python_ROOT_DIR: /opt/hostedtoolcache/Python/3.12.14/x64
2026-09-06T18:10:12.7735111Z   Python2_ROOT_DIR: /opt/hostedtoolcache/Python/3.12.14/x64
2026-09-06T18:10:12.7735396Z   Python3_ROOT_DIR: /opt/hostedtoolcache/Python/3.12.14/x64
2026-09-06T18:10:12.7735703Z   LD_LIBRARY_PATH: /opt/hostedtoolcache/Python/3.12.14/x64/lib
2026-09-06T18:10:12.7735952Z ##[endgroup]
2026-09-06T18:10:12.8245385Z -- The CXX compiler identification is GNU 13.3.0
2026-09-06T18:10:12.8313115Z -- Detecting CXX compiler ABI info
2026-09-06T18:10:12.8829711Z -- Detecting CXX compiler ABI info - done
2026-09-06T18:10:12.8964737Z -- Check for working CXX compiler: /usr/bin/c++ - skipped
2026-09-06T18:10:12.8967742Z -- Detecting CXX compile features
2026-09-06T18:10:12.8973806Z -- Detecting CXX compile features - done
2026-09-06T18:10:12.9074860Z -- Configuring done (0.1s)
2026-09-06T18:10:12.9350920Z -- Generating done (0.0s)
2026-09-06T18:10:12.9353043Z -- Build files have been written to: /home/runner/work/20231788./20231788./build
2026-09-06T18:10:12.9396022Z ##[group]Run cmake --build build --parallel 2
2026-09-06T18:10:12.9396448Z [36;1mcmake --build build --parallel 2[0m
2026-09-06T18:10:12.9428877Z shell: /usr/bin/bash -e {0}
2026-09-06T18:10:12.9429170Z env:
2026-09-06T18:10:12.9429480Z   OPENFHE_COMMIT: df495ba2e91739a6dc8f1de254fc5a41155ce504
2026-09-06T18:10:12.9429970Z   OPENFHE_PREFIX: /home/runner/work/20231788./20231788./.ci/openfhe-install
2026-09-06T18:10:12.9430312Z   pythonLocation: /opt/hostedtoolcache/Python/3.12.14/x64
2026-09-06T18:10:12.9430630Z   PKG_CONFIG_PATH: /opt/hostedtoolcache/Python/3.12.14/x64/lib/pkgconfig
2026-09-06T18:10:12.9430961Z   Python_ROOT_DIR: /opt/hostedtoolcache/Python/3.12.14/x64
2026-09-06T18:10:12.9431257Z   Python2_ROOT_DIR: /opt/hostedtoolcache/Python/3.12.14/x64
2026-09-06T18:10:12.9431535Z   Python3_ROOT_DIR: /opt/hostedtoolcache/Python/3.12.14/x64
2026-09-06T18:10:12.9431828Z   LD_LIBRARY_PATH: /opt/hostedtoolcache/Python/3.12.14/x64/lib
2026-09-06T18:10:12.9432081Z ##[endgroup]
2026-09-06T18:10:12.9615438Z [  3%] Building CXX object CMakeFiles/openfhe_2023_1788.dir/src/double_ckks.cpp.o
2026-09-06T18:10:12.9616735Z [  6%] Building CXX object CMakeFiles/openfhe_2023_1788.dir/src/high_precision_client_io.cpp.o
2026-09-06T18:10:21.0615958Z [  9%] Building CXX object CMakeFiles/openfhe_2023_1788.dir/src/repeated_mult2.cpp.o
2026-09-06T18:10:28.4693354Z [ 12%] Building CXX object CMakeFiles/openfhe_2023_1788.dir/src/paper_h128_client_keypair.cpp.o
2026-09-06T18:10:33.4036906Z [ 16%] Linking CXX static library libopenfhe_2023_1788.a
2026-09-06T18:10:34.4482778Z [ 16%] Built target openfhe_2023_1788
2026-09-06T18:10:34.4543501Z [ 19%] Building CXX object CMakeFiles/dcp_rcb_test.dir/tests/dcp_rcb_test.cpp.o
2026-09-06T18:10:34.4545076Z [ 22%] Building CXX object CMakeFiles/tensor2_api_contract_test.dir/tests/tensor2_api_contract_test.cpp.o
2026-09-06T18:10:36.5349732Z [ 25%] Linking CXX executable tensor2_api_contract_test
2026-09-06T18:10:36.5912725Z [ 25%] Built target tensor2_api_contract_test
2026-09-06T18:10:36.5974115Z [ 29%] Building CXX object CMakeFiles/pair_add_test.dir/tests/pair_add_test.cpp.o
2026-09-06T18:10:42.9635989Z [ 32%] Linking CXX executable pair_add_test
2026-09-06T18:10:43.0928734Z [ 32%] Built target pair_add_test
2026-09-06T18:10:43.0990282Z [ 35%] Building CXX object CMakeFiles/pair_sub_test.dir/tests/pair_sub_test.cpp.o
2026-09-06T18:10:46.6974235Z [ 38%] Linking CXX executable dcp_rcb_test
2026-09-06T18:10:46.8356314Z [ 38%] Built target dcp_rcb_test
2026-09-06T18:10:46.8417848Z [ 41%] Building CXX object CMakeFiles/pair_arithmetic_test.dir/tests/pair_arithmetic_test.cpp.o
2026-09-06T18:10:49.4285548Z [ 45%] Linking CXX executable pair_sub_test
2026-09-06T18:10:49.5587506Z [ 45%] Built target pair_sub_test
2026-09-06T18:10:49.5647288Z [ 48%] Building CXX object CMakeFiles/tensor2_test.dir/tests/tensor2_test.cpp.o
2026-09-06T18:10:59.1357078Z [ 51%] Linking CXX executable pair_arithmetic_test
2026-09-06T18:10:59.2725947Z [ 51%] Built target pair_arithmetic_test
2026-09-06T18:10:59.2786767Z [ 54%] Building CXX object CMakeFiles/relin2_test.dir/tests/relin2_test.cpp.o
2026-09-06T18:10:59.7834441Z [ 58%] Linking CXX executable tensor2_test
2026-09-06T18:10:59.9180410Z [ 58%] Built target tensor2_test
2026-09-06T18:10:59.9241854Z [ 61%] Building CXX object CMakeFiles/rs2_test.dir/tests/rs2_test.cpp.o
2026-09-06T18:11:11.3939056Z [ 64%] Linking CXX executable rs2_test
2026-09-06T18:11:11.5261045Z [ 64%] Built target rs2_test
2026-09-06T18:11:11.5322010Z [ 67%] Building CXX object CMakeFiles/mult2_test.dir/tests/mult2_test.cpp.o
2026-09-06T18:11:17.8407560Z [ 70%] Linking CXX executable mult2_test
2026-09-06T18:11:17.9703066Z [ 70%] Built target mult2_test
2026-09-06T18:11:17.9764080Z [ 74%] Building CXX object CMakeFiles/mult2_e2e_oracle_test.dir/tests/mult2_e2e_oracle_test.cpp.o
2026-09-06T18:11:20.2049073Z [ 77%] Linking CXX executable relin2_test
2026-09-06T18:11:20.3564440Z [ 77%] Built target relin2_test
2026-09-06T18:11:20.3627616Z [ 80%] Building CXX object CMakeFiles/precision_dcp_rcb_contract_test.dir/tests/precision_dcp_rcb_contract_test.cpp.o
2026-09-06T18:11:30.4960222Z [ 83%] Linking CXX executable mult2_e2e_oracle_test
2026-09-06T18:11:30.6352985Z [ 83%] Built target mult2_e2e_oracle_test
2026-09-06T18:11:30.6414743Z [ 87%] Building CXX object CMakeFiles/precision_first_mult2_contract_test.dir/tests/precision_first_mult2_contract_test.cpp.o
2026-09-06T18:11:33.5701183Z [ 90%] Building CXX object CMakeFiles/precision_dcp_rcb_contract_test.dir/tests/precision_dcp_rcb_fixture.cpp.o
2026-09-06T18:11:43.4033389Z [ 93%] Linking CXX executable precision_dcp_rcb_contract_test
2026-09-06T18:11:43.5555747Z [ 93%] Built target precision_dcp_rcb_contract_test
2026-09-06T18:11:43.5575320Z [ 96%] Building CXX object CMakeFiles/precision_first_mult2_contract_test.dir/tests/precision_dcp_rcb_fixture.cpp.o
2026-09-06T18:11:53.2830175Z [100%] Linking CXX executable precision_first_mult2_contract_test
2026-09-06T18:11:53.4351229Z [100%] Built target precision_first_mult2_contract_test
2026-09-06T18:11:53.4415942Z ##[group]Run cmake --build build --target relin2_api_contract_test --parallel 2
2026-09-06T18:11:53.4416692Z [36;1mcmake --build build --target relin2_api_contract_test --parallel 2[0m
2026-09-06T18:11:53.4462240Z shell: /usr/bin/bash -e {0}
2026-09-06T18:11:53.4462550Z env:
2026-09-06T18:11:53.4462880Z   OPENFHE_COMMIT: df495ba2e91739a6dc8f1de254fc5a41155ce504
2026-09-06T18:11:53.4463465Z   OPENFHE_PREFIX: /home/runner/work/20231788./20231788./.ci/openfhe-install
2026-09-06T18:11:53.4464016Z   pythonLocation: /opt/hostedtoolcache/Python/3.12.14/x64
2026-09-06T18:11:53.4464553Z   PKG_CONFIG_PATH: /opt/hostedtoolcache/Python/3.12.14/x64/lib/pkgconfig
2026-09-06T18:11:53.4465091Z   Python_ROOT_DIR: /opt/hostedtoolcache/Python/3.12.14/x64
2026-09-06T18:11:53.4465575Z   Python2_ROOT_DIR: /opt/hostedtoolcache/Python/3.12.14/x64
2026-09-06T18:11:53.4466048Z   Python3_ROOT_DIR: /opt/hostedtoolcache/Python/3.12.14/x64
2026-09-06T18:11:53.4466571Z   LD_LIBRARY_PATH: /opt/hostedtoolcache/Python/3.12.14/x64/lib
2026-09-06T18:11:53.4466950Z ##[endgroup]
2026-09-06T18:11:53.4917961Z [ 71%] Built target openfhe_2023_1788
2026-09-06T18:11:53.4975993Z [ 85%] Building CXX object CMakeFiles/relin2_api_contract_test.dir/tests/relin2_api_contract_test.cpp.o
2026-09-06T18:11:55.4847395Z [100%] Linking CXX executable relin2_api_contract_test
2026-09-06T18:11:55.5385270Z [100%] Built target relin2_api_contract_test
2026-09-06T18:11:55.5442393Z ##[group]Run cmake --build build --target rs2_api_contract_test --parallel 2
2026-09-06T18:11:55.5442817Z [36;1mcmake --build build --target rs2_api_contract_test --parallel 2[0m
2026-09-06T18:11:55.5476345Z shell: /usr/bin/bash -e {0}
2026-09-06T18:11:55.5476553Z env:
2026-09-06T18:11:55.5476764Z   OPENFHE_COMMIT: df495ba2e91739a6dc8f1de254fc5a41155ce504
2026-09-06T18:11:55.5477119Z   OPENFHE_PREFIX: /home/runner/work/20231788./20231788./.ci/openfhe-install
2026-09-06T18:11:55.5477476Z   pythonLocation: /opt/hostedtoolcache/Python/3.12.14/x64
2026-09-06T18:11:55.5477809Z   PKG_CONFIG_PATH: /opt/hostedtoolcache/Python/3.12.14/x64/lib/pkgconfig
2026-09-06T18:11:55.5478147Z   Python_ROOT_DIR: /opt/hostedtoolcache/Python/3.12.14/x64
2026-09-06T18:11:55.5478437Z   Python2_ROOT_DIR: /opt/hostedtoolcache/Python/3.12.14/x64
2026-09-06T18:11:55.5479041Z   Python3_ROOT_DIR: /opt/hostedtoolcache/Python/3.12.14/x64
2026-09-06T18:11:55.5479382Z   LD_LIBRARY_PATH: /opt/hostedtoolcache/Python/3.12.14/x64/lib
2026-09-06T18:11:55.5479636Z ##[endgroup]
2026-09-06T18:11:55.5826521Z [ 71%] Built target openfhe_2023_1788
2026-09-06T18:11:55.5884516Z [ 85%] Building CXX object CMakeFiles/rs2_api_contract_test.dir/tests/rs2_api_contract_test.cpp.o
2026-09-06T18:11:57.5667700Z [100%] Linking CXX executable rs2_api_contract_test
2026-09-06T18:11:57.6219779Z [100%] Built target rs2_api_contract_test
2026-09-06T18:11:57.6271491Z ##[group]Run cmake --build build --target precision_first_mult2_contract_test --parallel 2
2026-09-06T18:11:57.6271981Z [36;1mcmake --build build --target precision_first_mult2_contract_test --parallel 2[0m
2026-09-06T18:11:57.6272483Z [36;1mctest --test-dir build --verbose --output-on-failure -R '^precision_first_mult2_high_precision_contract$'[0m
2026-09-06T18:11:57.6305064Z shell: /usr/bin/bash -e {0}
2026-09-06T18:11:57.6305266Z env:
2026-09-06T18:11:57.6305474Z   OPENFHE_COMMIT: df495ba2e91739a6dc8f1de254fc5a41155ce504
2026-09-06T18:11:57.6305810Z   OPENFHE_PREFIX: /home/runner/work/20231788./20231788./.ci/openfhe-install
2026-09-06T18:11:57.6306149Z   pythonLocation: /opt/hostedtoolcache/Python/3.12.14/x64
2026-09-06T18:11:57.6306464Z   PKG_CONFIG_PATH: /opt/hostedtoolcache/Python/3.12.14/x64/lib/pkgconfig
2026-09-06T18:11:57.6306781Z   Python_ROOT_DIR: /opt/hostedtoolcache/Python/3.12.14/x64
2026-09-06T18:11:57.6307097Z   Python2_ROOT_DIR: /opt/hostedtoolcache/Python/3.12.14/x64
2026-09-06T18:11:57.6307378Z   Python3_ROOT_DIR: /opt/hostedtoolcache/Python/3.12.14/x64
2026-09-06T18:11:57.6307661Z   LD_LIBRARY_PATH: /opt/hostedtoolcache/Python/3.12.14/x64/lib
2026-09-06T18:11:57.6307911Z ##[endgroup]
2026-09-06T18:11:57.6655414Z [ 62%] Built target openfhe_2023_1788
2026-09-06T18:11:57.6879233Z [100%] Built target precision_first_mult2_contract_test
2026-09-06T18:11:58.1458395Z Internal ctest changing into directory: /home/runner/work/20231788./20231788./build
2026-09-06T18:11:58.1459174Z UpdateCTestConfiguration  from :/home/runner/work/20231788./20231788./build/DartConfiguration.tcl
2026-09-06T18:11:58.2243671Z UpdateCTestConfiguration  from :/home/runner/work/20231788./20231788./build/DartConfiguration.tcl
2026-09-06T18:11:58.2309349Z Test project /home/runner/work/20231788./20231788./build
2026-09-06T18:11:58.2313292Z Constructing a list of tests
2026-09-06T18:11:58.2502864Z Done constructing a list of tests
2026-09-06T18:11:58.2503200Z Updating test list for fixtures
2026-09-06T18:11:58.2503464Z Added 0 tests to meet fixture requirements
2026-09-06T18:11:58.2704898Z Checking test dependency graph...
2026-09-06T18:11:58.2705218Z Checking test dependency graph end
2026-09-06T18:11:58.2887795Z test 3
2026-09-06T18:11:58.2888160Z     Start 3: precision_first_mult2_high_precision_contract
2026-09-06T18:11:58.2888495Z 
2026-09-06T18:11:58.2888979Z 3: Test command: /home/runner/work/20231788./20231788./build/precision_first_mult2_contract_test
2026-09-06T18:11:58.2889466Z 3: Working Directory: /home/runner/work/20231788./20231788./build
2026-09-06T18:11:58.2956021Z 3: Test timeout computed to be: 10000000
2026-09-06T18:11:58.4230330Z 3: test=precision_first_mult2_high_precision_contract trial=0 claim_scope=first-Mult2-diagnostic-only security_level=HEStd_NotSet(diagnostic-only) key_switch=HYBRID ckks_data_type=COMPLEX N=64 batch=16 depth=7 scaling_mod_size=50 first_mod_size=55 input_scale_numerator=2^100 final_logical_scale_numerator=2^200 final_logical_scale_denominator=1267650600226646386227681786497 q_div=1125899906843009 q_l=1125899906840833 input_product_centered_headroom_bits=160 output_centered_headroom_bits=210 coefficient_error_numerator=67690176344986271067308013507940 coefficient_error_denominator=1267650600226646386227681786497 frozen_abs_tolerance=2^-80 product_delta_error=5.0987400875949967236398420819258465955167e-29 max_slot_error=2.8930063924239626605513845424078574476620e-28
2026-09-06T18:11:58.4235191Z 3: test=precision_first_mult2_high_precision_contract trial=1 claim_scope=first-Mult2-diagnostic-only security_level=HEStd_NotSet(diagnostic-only) key_switch=HYBRID ckks_data_type=COMPLEX N=64 batch=16 depth=7 scaling_mod_size=50 first_mod_size=55 input_scale_numerator=2^100 final_logical_scale_numerator=2^200 final_logical_scale_denominator=1267650600226646386227681786497 q_div=1125899906843009 q_l=1125899906840833 input_product_centered_headroom_bits=160 output_centered_headroom_bits=210 coefficient_error_numerator=82981135755552283275193770402983 coefficient_error_denominator=1267650600226646386227681786497 frozen_abs_tolerance=2^-80 product_delta_error=2.3162060109030110793902000803754374529957e-28 max_slot_error=4.7903747166924097242967615899934387507248e-28
2026-09-06T18:11:58.4239111Z 3: test=precision_first_mult2_high_precision_contract trial=2 claim_scope=first-Mult2-diagnostic-only security_level=HEStd_NotSet(diagnostic-only) key_switch=HYBRID ckks_data_type=COMPLEX N=64 batch=16 depth=7 scaling_mod_size=50 first_mod_size=55 input_scale_numerator=2^100 final_logical_scale_numerator=2^200 final_logical_scale_denominator=1267650600226646386227681786497 q_div=1125899906843009 q_l=1125899906840833 input_product_centered_headroom_bits=160 output_centered_headroom_bits=210 coefficient_error_numerator=91316320650784913094737456950219 coefficient_error_denominator=1267650600226646386227681786497 frozen_abs_tolerance=2^-80 product_delta_error=1.2966557507429890031723176748251867884889e-28 max_slot_error=3.7424269201384748585671319657549028127545e-28
2026-09-06T18:11:58.4243039Z 3: test=precision_first_mult2_high_precision_contract trial=3 claim_scope=first-Mult2-diagnostic-only security_level=HEStd_NotSet(diagnostic-only) key_switch=HYBRID ckks_data_type=COMPLEX N=64 batch=16 depth=7 scaling_mod_size=50 first_mod_size=55 input_scale_numerator=2^100 final_logical_scale_numerator=2^200 final_logical_scale_denominator=1267650600226646386227681786497 q_div=1125899906843009 q_l=1125899906840833 input_product_centered_headroom_bits=160 output_centered_headroom_bits=210 coefficient_error_numerator=114420039156197115785311392924438 coefficient_error_denominator=1267650600226646386227681786497 frozen_abs_tolerance=2^-80 product_delta_error=1.0665409938982077142315902919515255421157e-28 max_slot_error=3.6261861221454576985393948557798693165022e-28
2026-09-06T18:11:58.4245034Z 3: precision_first_mult2_high_precision_contract=PASS
2026-09-06T18:11:58.4245394Z 1/1 Test #3: precision_first_mult2_high_precision_contract ...   Passed    0.13 sec
2026-09-06T18:11:58.4383352Z 
2026-09-06T18:11:58.4383512Z The following tests passed:
2026-09-06T18:11:58.4383924Z 	precision_first_mult2_high_precision_contract
2026-09-06T18:11:58.4384108Z 
2026-09-06T18:11:58.4384209Z 100% tests passed, 0 tests failed out of 1
2026-09-06T18:11:58.4384355Z 
2026-09-06T18:11:58.4384450Z Total Test time (real) =   0.21 sec
2026-09-06T18:11:58.5194139Z ##[group]Run ctest --test-dir build --verbose --output-on-failure -R '^mult2_pair_(add|sub)_input_hybrid_complex$'
2026-09-06T18:11:58.5195171Z [36;1mctest --test-dir build --verbose --output-on-failure -R '^mult2_pair_(add|sub)_input_hybrid_complex$'[0m
2026-09-06T18:11:58.5229522Z shell: /usr/bin/bash -e {0}
2026-09-06T18:11:58.5229729Z env:
2026-09-06T18:11:58.5229938Z   OPENFHE_COMMIT: df495ba2e91739a6dc8f1de254fc5a41155ce504
2026-09-06T18:11:58.5230284Z   OPENFHE_PREFIX: /home/runner/work/20231788./20231788./.ci/openfhe-install
2026-09-06T18:11:58.5230623Z   pythonLocation: /opt/hostedtoolcache/Python/3.12.14/x64
2026-09-06T18:11:58.5230955Z   PKG_CONFIG_PATH: /opt/hostedtoolcache/Python/3.12.14/x64/lib/pkgconfig
2026-09-06T18:11:58.5231282Z   Python_ROOT_DIR: /opt/hostedtoolcache/Python/3.12.14/x64
2026-09-06T18:11:58.5231572Z   Python2_ROOT_DIR: /opt/hostedtoolcache/Python/3.12.14/x64
2026-09-06T18:11:58.5231892Z   Python3_ROOT_DIR: /opt/hostedtoolcache/Python/3.12.14/x64
2026-09-06T18:11:58.5232194Z   LD_LIBRARY_PATH: /opt/hostedtoolcache/Python/3.12.14/x64/lib
2026-09-06T18:11:58.5232447Z ##[endgroup]
2026-09-06T18:11:58.5293710Z Internal ctest changing into directory: /home/runner/work/20231788./20231788./build
2026-09-06T18:11:58.5294455Z UpdateCTestConfiguration  from :/home/runner/work/20231788./20231788./build/DartConfiguration.tcl
2026-09-06T18:11:58.5295339Z UpdateCTestConfiguration  from :/home/runner/work/20231788./20231788./build/DartConfiguration.tcl
2026-09-06T18:11:58.5295965Z Test project /home/runner/work/20231788./20231788./build
2026-09-06T18:11:58.5296343Z Constructing a list of tests
2026-09-06T18:11:58.5304255Z Done constructing a list of tests
2026-09-06T18:11:58.5304572Z Updating test list for fixtures
2026-09-06T18:11:58.5304885Z Added 0 tests to meet fixture requirements
2026-09-06T18:11:58.5305490Z Checking test dependency graph...
2026-09-06T18:11:58.5305808Z Checking test dependency graph end
2026-09-06T18:11:58.5306318Z test 56
2026-09-06T18:11:58.5306583Z     Start 56: mult2_pair_add_input_hybrid_complex
2026-09-06T18:11:58.5306840Z 
2026-09-06T18:11:58.5307246Z 56: Test command: /home/runner/work/20231788./20231788./build/mult2_e2e_oracle_test "pair_add_input_hybrid_complex"
2026-09-06T18:11:58.5307762Z 56: Working Directory: /home/runner/work/20231788./20231788./build
2026-09-06T18:11:58.5308041Z 56: Test timeout computed to be: 10000000
2026-09-06T18:11:58.5940022Z 56: [RELIN2-EXECUTION] q_div=1073741953 q_l=1073741441 ordinary_combined_relin_execution_error=12 pair_relin_execution_error=28 high_path_relin_error=15 low_path_relin_error=15 execution_relin2_triangle_bound=30 paper_additivity_residual=19 paper_additivity_execution_observed=true secret_h=50 input_Q_l=52656049226897061758347970843194892279389197066160739197584863617 oracle_basis_agreement=true
2026-09-06T18:11:58.5945660Z 56: case=pair_add_input_hybrid_complex security_level=HEStd_NotSet(functional-only) key_switch=HYBRID secret_key_dist=UNIFORM_TERNARY ckks_data_type=COMPLEX selected_ring_dimension=64 actual_N=64 batch_size=16 host_vector_length=8 encoding_noise_scale_degree=2 encoding_level=0 scaling_technique=FIXEDMANUAL digit_size=0 max_relin_sk_deg=2 scaling_mod_size=30 first_mod_size=35 multiplicative_depth=7 active_Q_l_towers=7 Q_l_bits=215 preselection_required_bits=174 selection_reserve_bits=32 q_div=1073741953 q_l=1073741441 ratio_2^(2p)/(q_div*q_l)=1.00000023655603276 descriptor_ratio=1.00000023655603276 M_high=89261194 M_low=8100946221 secret_h=50 ordinary_combined_relin_execution_error=12 pair_relin_execution_error=28 high_path_relin_error=15 low_path_relin_error=15 execution_relin2_triangle_bound=30 paper_additivity_residual=19 paper_additivity_execution_observed=true execution_certificate=PER_PATH_CONDITIONAL conservative_E_Relin_available=false universal_theorem_gate=UNPROVED execution_nonwrap_left=587902457149647557377585016916391006 execution_nonwrap_right_Q_l_over_2=26328024613448530879173985421597446139694598533080369598792431808 coefficient_error=137587312747036693185/1152921231876374273 execution_bound=8458841181358494752751/2305842463752748546 fixed_key_bv_bound_available=false frozen_decoded_abs_tolerance=0.00100000000000000002 measured_recorded_bias_error=6.60321701601307696e-10 measured_logical_slot_error=6.60321545398264932e-10
2026-09-06T18:11:58.5950565Z 1/2 Test #56: mult2_pair_add_input_hybrid_complex ...   Passed    0.06 sec
2026-09-06T18:11:58.5950846Z test 57
2026-09-06T18:11:58.5951028Z     Start 57: mult2_pair_sub_input_hybrid_complex
2026-09-06T18:11:58.5951200Z 
2026-09-06T18:11:58.5951456Z 57: Test command: /home/runner/work/20231788./20231788./build/mult2_e2e_oracle_test "pair_sub_input_hybrid_complex"
2026-09-06T18:11:58.5951895Z 57: Working Directory: /home/runner/work/20231788./20231788./build
2026-09-06T18:11:58.5952172Z 57: Test timeout computed to be: 10000000
2026-09-06T18:11:58.6670438Z 57: [RELIN2-EXECUTION] q_div=1073741953 q_l=1073741441 ordinary_combined_relin_execution_error=16 pair_relin_execution_error=26 high_path_relin_error=16 low_path_relin_error=14 execution_relin2_triangle_bound=30 paper_additivity_residual=21 paper_additivity_execution_observed=true secret_h=40 input_Q_l=52656049226897061758347970843194892279389197066160739197584863617 oracle_basis_agreement=true
2026-09-06T18:11:58.6676253Z 57: case=pair_sub_input_hybrid_complex security_level=HEStd_NotSet(functional-only) key_switch=HYBRID secret_key_dist=UNIFORM_TERNARY ckks_data_type=COMPLEX selected_ring_dimension=64 actual_N=64 batch_size=16 host_vector_length=8 encoding_noise_scale_degree=2 encoding_level=0 scaling_technique=FIXEDMANUAL digit_size=0 max_relin_sk_deg=2 scaling_mod_size=30 first_mod_size=35 multiplicative_depth=7 active_Q_l_towers=7 Q_l_bits=215 preselection_required_bits=174 selection_reserve_bits=32 q_div=1073741953 q_l=1073741441 ratio_2^(2p)/(q_div*q_l)=1.00000023655603276 descriptor_ratio=1.00000023655603276 M_high=89261196 M_low=6467652645 secret_h=40 ordinary_combined_relin_execution_error=16 pair_relin_execution_error=26 high_path_relin_error=16 low_path_relin_error=14 execution_relin2_triangle_bound=30 paper_additivity_residual=21 paper_additivity_execution_observed=true execution_certificate=PER_PATH_CONDITIONAL conservative_E_Relin_available=false universal_theorem_gate=UNPROVED execution_nonwrap_left=587902463457717882881010093178591326 execution_nonwrap_right_Q_l_over_2=26328024613448530879173985421597446139694598533080369598792431808 coefficient_error=162907636999602987345/1152921231876374273 execution_bound=5401577704827419353573/2305842463752748546 fixed_key_bv_bound_available=false frozen_decoded_abs_tolerance=0.00100000000000000002 measured_recorded_bias_error=8.52649093646951047e-10 measured_logical_slot_error=8.52648890603116891e-10
2026-09-06T18:11:58.6680589Z 2/2 Test #57: mult2_pair_sub_input_hybrid_complex ...   Passed    0.07 sec
2026-09-06T18:11:58.6680814Z 
2026-09-06T18:11:58.6680900Z The following tests passed:
2026-09-06T18:11:58.6681113Z 	mult2_pair_add_input_hybrid_complex
2026-09-06T18:11:58.6681333Z 	mult2_pair_sub_input_hybrid_complex
2026-09-06T18:11:58.6681462Z 
2026-09-06T18:11:58.6681555Z 100% tests passed, 0 tests failed out of 2
2026-09-06T18:11:58.6681699Z 
2026-09-06T18:11:58.6681782Z Total Test time (real) =   0.14 sec
2026-09-06T18:11:58.6717355Z ##[group]Run ctest --test-dir build --show-only=json-v1 -E '^(precision_client_io_first_mult2_contract|repeated_mult2_semantic_two_square_contract|paper_h128_client_keypair_contract|paper_full_eight_square_contract|experimental_precision116_profile_seam)$'
2026-09-06T18:11:58.6719845Z [36;1mctest --test-dir build --show-only=json-v1 -E '^(precision_client_io_first_mult2_contract|repeated_mult2_semantic_two_square_contract|paper_h128_client_keypair_contract|paper_full_eight_square_contract|experimental_precision116_profile_seam)$'[0m
2026-09-06T18:11:58.6722008Z [36;1mctest --test-dir build --verbose --output-on-failure -E '^(precision_client_io_first_mult2_contract|repeated_mult2_semantic_two_square_contract|paper_h128_client_keypair_contract|paper_full_eight_square_contract|experimental_precision116_profile_seam)$'[0m
2026-09-06T18:11:58.6765437Z shell: /usr/bin/bash -e {0}
2026-09-06T18:11:58.6765648Z env:
2026-09-06T18:11:58.6765903Z   OPENFHE_COMMIT: df495ba2e91739a6dc8f1de254fc5a41155ce504
2026-09-06T18:11:58.6766257Z   OPENFHE_PREFIX: /home/runner/work/20231788./20231788./.ci/openfhe-install
2026-09-06T18:11:58.6766594Z   pythonLocation: /opt/hostedtoolcache/Python/3.12.14/x64
2026-09-06T18:11:58.6766911Z   PKG_CONFIG_PATH: /opt/hostedtoolcache/Python/3.12.14/x64/lib/pkgconfig
2026-09-06T18:11:58.6767231Z   Python_ROOT_DIR: /opt/hostedtoolcache/Python/3.12.14/x64
2026-09-06T18:11:58.6767520Z   Python2_ROOT_DIR: /opt/hostedtoolcache/Python/3.12.14/x64
2026-09-06T18:11:58.6767812Z   Python3_ROOT_DIR: /opt/hostedtoolcache/Python/3.12.14/x64
2026-09-06T18:11:58.6768097Z   LD_LIBRARY_PATH: /opt/hostedtoolcache/Python/3.12.14/x64/lib
2026-09-06T18:11:58.6768345Z ##[endgroup]
2026-09-06T18:11:58.6917794Z {
2026-09-06T18:11:58.6918357Z   "backtraceGraph" : 
2026-09-06T18:11:58.6918780Z   {
2026-09-06T18:11:58.6918999Z     "commands" : 
2026-09-06T18:11:58.6919240Z     [
2026-09-06T18:11:58.6919455Z       "add_test"
2026-09-06T18:11:58.6919686Z     ],
2026-09-06T18:11:58.6919907Z     "files" : 
2026-09-06T18:11:58.6920130Z     [
2026-09-06T18:11:58.6920428Z       "/home/runner/work/20231788./20231788./CMakeLists.txt"
2026-09-06T18:11:58.6920800Z     ],
2026-09-06T18:11:58.6921011Z     "nodes" : 
2026-09-06T18:11:58.6921231Z     [
2026-09-06T18:11:58.6921437Z       {
2026-09-06T18:11:58.6921647Z         "file" : 0
2026-09-06T18:11:58.6921865Z       },
2026-09-06T18:11:58.6922067Z       {
2026-09-06T18:11:58.6922272Z         "command" : 0,
2026-09-06T18:11:58.6922515Z         "file" : 0,
2026-09-06T18:11:58.6922755Z         "line" : 195,
2026-09-06T18:11:58.6922990Z         "parent" : 0
2026-09-06T18:11:58.6923222Z       },
2026-09-06T18:11:58.6923419Z       {
2026-09-06T18:11:58.6923621Z         "file" : 0
2026-09-06T18:11:58.6923853Z       },
2026-09-06T18:11:58.6924244Z       {
2026-09-06T18:11:58.6924448Z         "command" : 0,
2026-09-06T18:11:58.6924689Z         "file" : 0,
2026-09-06T18:11:58.6924920Z         "line" : 196,
2026-09-06T18:11:58.6925150Z         "parent" : 2
2026-09-06T18:11:58.6925398Z       },
2026-09-06T18:11:58.6925596Z       {
2026-09-06T18:11:58.6925792Z         "file" : 0
2026-09-06T18:11:58.6926019Z       },
2026-09-06T18:11:58.6926223Z       {
2026-09-06T18:11:58.6926431Z         "command" : 0,
2026-09-06T18:11:58.6926674Z         "file" : 0,
2026-09-06T18:11:58.6926901Z         "line" : 198,
2026-09-06T18:11:58.6927130Z         "parent" : 4
2026-09-06T18:11:58.6927356Z       },
2026-09-06T18:11:58.6927553Z       {
2026-09-06T18:11:58.6927754Z         "file" : 0
2026-09-06T18:11:58.6927970Z       },
2026-09-06T18:11:58.6928175Z       {
2026-09-06T18:11:58.6928379Z         "command" : 0,
2026-09-06T18:11:58.6928772Z         "file" : 0,
2026-09-06T18:11:58.6929005Z         "line" : 200,
2026-09-06T18:11:58.6929246Z         "parent" : 6
2026-09-06T18:11:58.6929494Z       },
2026-09-06T18:11:58.6929687Z       {
2026-09-06T18:11:58.6929882Z         "file" : 0
2026-09-06T18:11:58.6930092Z       },
2026-09-06T18:11:58.6930291Z       {
2026-09-06T18:11:58.6930710Z         "command" : 0,
2026-09-06T18:11:58.6930921Z         "file" : 0,
2026-09-06T18:11:58.6931151Z         "line" : 201,
2026-09-06T18:11:58.6931392Z         "parent" : 8
2026-09-06T18:11:58.6931621Z       },
2026-09-06T18:11:58.6931821Z       {
2026-09-06T18:11:58.6932023Z         "file" : 0
2026-09-06T18:11:58.6932248Z       },
2026-09-06T18:11:58.6932442Z       {
2026-09-06T18:11:58.6932690Z         "command" : 0,
2026-09-06T18:11:58.6932987Z         "file" : 0,
2026-09-06T18:11:58.6933220Z         "line" : 202,
2026-09-06T18:11:58.6933460Z         "parent" : 10
2026-09-06T18:11:58.6933690Z       },
2026-09-06T18:11:58.6933945Z       {
2026-09-06T18:11:58.6934149Z         "file" : 0
2026-09-06T18:11:58.6934374Z       },
2026-09-06T18:11:58.6934571Z       {
2026-09-06T18:11:58.6934785Z         "command" : 0,
2026-09-06T18:11:58.6935031Z         "file" : 0,
2026-09-06T18:11:58.6935258Z         "line" : 203,
2026-09-06T18:11:58.6935496Z         "parent" : 12
2026-09-06T18:11:58.6935726Z       },
2026-09-06T18:11:58.6935933Z       {
2026-09-06T18:11:58.6936138Z         "file" : 0
2026-09-06T18:11:58.6936355Z       },
2026-09-06T18:11:58.6936549Z       {
2026-09-06T18:11:58.6936755Z         "command" : 0,
2026-09-06T18:11:58.6936991Z         "file" : 0,
2026-09-06T18:11:58.6937213Z         "line" : 205,
2026-09-06T18:11:58.6937450Z         "parent" : 14
2026-09-06T18:11:58.6937685Z       },
2026-09-06T18:11:58.6937881Z       {
2026-09-06T18:11:58.6938079Z         "file" : 0
2026-09-06T18:11:58.6938294Z       },
2026-09-06T18:11:58.6938490Z       {
2026-09-06T18:11:58.6938990Z         "command" : 0,
2026-09-06T18:11:58.6939233Z         "file" : 0,
2026-09-06T18:11:58.6939467Z         "line" : 207,
2026-09-06T18:11:58.6939710Z         "parent" : 16
2026-09-06T18:11:58.6939944Z       },
2026-09-06T18:11:58.6940158Z       {
2026-09-06T18:11:58.6940364Z         "file" : 0
2026-09-06T18:11:58.6940592Z       },
2026-09-06T18:11:58.6940792Z       {
2026-09-06T18:11:58.6940998Z         "command" : 0,
2026-09-06T18:11:58.6941239Z         "file" : 0,
2026-09-06T18:11:58.6941467Z         "line" : 208,
2026-09-06T18:11:58.6941704Z         "parent" : 18
2026-09-06T18:11:58.6941935Z       },
2026-09-06T18:11:58.6942135Z       {
2026-09-06T18:11:58.6942342Z         "file" : 0
2026-09-06T18:11:58.6942567Z       },
2026-09-06T18:11:58.6942762Z       {
2026-09-06T18:11:58.6942992Z         "command" : 0,
2026-09-06T18:11:58.6943241Z         "file" : 0,
2026-09-06T18:11:58.6943480Z         "line" : 209,
2026-09-06T18:11:58.6943728Z         "parent" : 20
2026-09-06T18:11:58.6943974Z       },
2026-09-06T18:11:58.6944186Z       {
2026-09-06T18:11:58.6944390Z         "file" : 0
2026-09-06T18:11:58.6944626Z       },
2026-09-06T18:11:58.6944833Z       {
2026-09-06T18:11:58.6945052Z         "command" : 0,
2026-09-06T18:11:58.6945477Z         "file" : 0,
2026-09-06T18:11:58.6945721Z         "line" : 210,
2026-09-06T18:11:58.6945976Z         "parent" : 22
2026-09-06T18:11:58.6946216Z       },
2026-09-06T18:11:58.6946426Z       {
2026-09-06T18:11:58.6946643Z         "file" : 0
2026-09-06T18:11:58.6946873Z       },
2026-09-06T18:11:58.6947081Z       {
2026-09-06T18:11:58.6947293Z         "command" : 0,
2026-09-06T18:11:58.6947539Z         "file" : 0,
2026-09-06T18:11:58.6947767Z         "line" : 211,
2026-09-06T18:11:58.6948007Z         "parent" : 24
2026-09-06T18:11:58.6948239Z       },
2026-09-06T18:11:58.6948450Z       {
2026-09-06T18:11:58.6948812Z         "file" : 0
2026-09-06T18:11:58.6949030Z       },
2026-09-06T18:11:58.6949434Z       {
2026-09-06T18:11:58.6949777Z         "command" : 0,
2026-09-06T18:11:58.6950134Z         "file" : 0,
2026-09-06T18:11:58.6950527Z         "line" : 212,
2026-09-06T18:11:58.6950939Z         "parent" : 26
2026-09-06T18:11:58.6969200Z       },
2026-09-06T18:11:58.6969467Z       {
2026-09-06T18:11:58.6969696Z         "file" : 0
2026-09-06T18:11:58.6969929Z       },
2026-09-06T18:11:58.6970134Z       {
2026-09-06T18:11:58.6970348Z         "command" : 0,
2026-09-06T18:11:58.6970551Z         "file" : 0,
2026-09-06T18:11:58.6970881Z         "line" : 213,
2026-09-06T18:11:58.6971051Z         "parent" : 28
2026-09-06T18:11:58.6971199Z       },
2026-09-06T18:11:58.6971334Z       {
2026-09-06T18:11:58.6971469Z         "file" : 0
2026-09-06T18:11:58.6971626Z       },
2026-09-06T18:11:58.6971759Z       {
2026-09-06T18:11:58.6971894Z         "command" : 0,
2026-09-06T18:11:58.6972044Z         "file" : 0,
2026-09-06T18:11:58.6972192Z         "line" : 214,
2026-09-06T18:11:58.6972339Z         "parent" : 30
2026-09-06T18:11:58.6972481Z       },
2026-09-06T18:11:58.6972607Z       {
2026-09-06T18:11:58.6972737Z         "file" : 0
2026-09-06T18:11:58.6972875Z       },
2026-09-06T18:11:58.6973002Z       {
2026-09-06T18:11:58.6973133Z         "command" : 0,
2026-09-06T18:11:58.6973285Z         "file" : 0,
2026-09-06T18:11:58.6973432Z         "line" : 215,
2026-09-06T18:11:58.6973578Z         "parent" : 32
2026-09-06T18:11:58.6973724Z       },
2026-09-06T18:11:58.6973853Z       {
2026-09-06T18:11:58.6973982Z         "file" : 0
2026-09-06T18:11:58.6974125Z       },
2026-09-06T18:11:58.6974253Z       {
2026-09-06T18:11:58.6974388Z         "command" : 0,
2026-09-06T18:11:58.6974543Z         "file" : 0,
2026-09-06T18:11:58.6974689Z         "line" : 216,
2026-09-06T18:11:58.6974835Z         "parent" : 34
2026-09-06T18:11:58.6974988Z       },
2026-09-06T18:11:58.6975121Z       {
2026-09-06T18:11:58.6975260Z         "file" : 0
2026-09-06T18:11:58.6975404Z       },
2026-09-06T18:11:58.6975541Z       {
2026-09-06T18:11:58.6975681Z         "command" : 0,
2026-09-06T18:11:58.6975841Z         "file" : 0,
2026-09-06T18:11:58.6975988Z         "line" : 217,
2026-09-06T18:11:58.6976146Z         "parent" : 36
2026-09-06T18:11:58.6976288Z       },
2026-09-06T18:11:58.6976412Z       {
2026-09-06T18:11:58.6976542Z         "file" : 0
2026-09-06T18:11:58.6976690Z       },
2026-09-06T18:11:58.6976815Z       {
2026-09-06T18:11:58.6976945Z         "command" : 0,
2026-09-06T18:11:58.6977101Z         "file" : 0,
2026-09-06T18:11:58.6977245Z         "line" : 218,
2026-09-06T18:11:58.6977395Z         "parent" : 38
2026-09-06T18:11:58.6977540Z       },
2026-09-06T18:11:58.6977663Z       {
2026-09-06T18:11:58.6977794Z         "file" : 0
2026-09-06T18:11:58.6977929Z       },
2026-09-06T18:11:58.6978049Z       {
2026-09-06T18:11:58.6978179Z         "command" : 0,
2026-09-06T18:11:58.6978326Z         "file" : 0,
2026-09-06T18:11:58.6978466Z         "line" : 219,
2026-09-06T18:11:58.6978761Z         "parent" : 40
2026-09-06T18:11:58.6978902Z       },
2026-09-06T18:11:58.6979032Z       {
2026-09-06T18:11:58.6979160Z         "file" : 0
2026-09-06T18:11:58.6979301Z       },
2026-09-06T18:11:58.6979431Z       {
2026-09-06T18:11:58.6979571Z         "command" : 0,
2026-09-06T18:11:58.6979724Z         "file" : 0,
2026-09-06T18:11:58.6979863Z         "line" : 220,
2026-09-06T18:11:58.6980129Z         "parent" : 42
2026-09-06T18:11:58.6980272Z       },
2026-09-06T18:11:58.6980400Z       {
2026-09-06T18:11:58.6980531Z         "file" : 0
2026-09-06T18:11:58.6980669Z       },
2026-09-06T18:11:58.6980805Z       {
2026-09-06T18:11:58.6980940Z         "command" : 0,
2026-09-06T18:11:58.6981094Z         "file" : 0,
2026-09-06T18:11:58.6981238Z         "line" : 221,
2026-09-06T18:11:58.6981393Z         "parent" : 44
2026-09-06T18:11:58.6981536Z       },
2026-09-06T18:11:58.6981668Z       {
2026-09-06T18:11:58.6981806Z         "file" : 0
2026-09-06T18:11:58.6981952Z       },
2026-09-06T18:11:58.6982084Z       {
2026-09-06T18:11:58.6982226Z         "command" : 0,
2026-09-06T18:11:58.6982380Z         "file" : 0,
2026-09-06T18:11:58.6982526Z         "line" : 222,
2026-09-06T18:11:58.6982676Z         "parent" : 46
2026-09-06T18:11:58.6982821Z       },
2026-09-06T18:11:58.6982948Z       {
2026-09-06T18:11:58.6983076Z         "file" : 0
2026-09-06T18:11:58.6983214Z       },
2026-09-06T18:11:58.6983348Z       {
2026-09-06T18:11:58.6983479Z         "command" : 0,
2026-09-06T18:11:58.6983631Z         "file" : 0,
2026-09-06T18:11:58.6983775Z         "line" : 223,
2026-09-06T18:11:58.6983932Z         "parent" : 48
2026-09-06T18:11:58.6984184Z       },
2026-09-06T18:11:58.6984322Z       {
2026-09-06T18:11:58.6984458Z         "file" : 0
2026-09-06T18:11:58.6984602Z       },
2026-09-06T18:11:58.6984729Z       {
2026-09-06T18:11:58.6984862Z         "command" : 0,
2026-09-06T18:11:58.6985013Z         "file" : 0,
2026-09-06T18:11:58.6985159Z         "line" : 224,
2026-09-06T18:11:58.6985304Z         "parent" : 50
2026-09-06T18:11:58.6985449Z       },
2026-09-06T18:11:58.6985578Z       {
2026-09-06T18:11:58.6985708Z         "file" : 0
2026-09-06T18:11:58.6985849Z       },
2026-09-06T18:11:58.6985974Z       {
2026-09-06T18:11:58.6986106Z         "command" : 0,
2026-09-06T18:11:58.6986255Z         "file" : 0,
2026-09-06T18:11:58.6986400Z         "line" : 225,
2026-09-06T18:11:58.6986554Z         "parent" : 52
2026-09-06T18:11:58.6986705Z       },
2026-09-06T18:11:58.6986833Z       {
2026-09-06T18:11:58.6986962Z         "file" : 0
2026-09-06T18:11:58.6987100Z       },
2026-09-06T18:11:58.6987228Z       {
2026-09-06T18:11:58.6987364Z         "command" : 0,
2026-09-06T18:11:58.6987514Z         "file" : 0,
2026-09-06T18:11:58.6987660Z         "line" : 226,
2026-09-06T18:11:58.6987810Z         "parent" : 54
2026-09-06T18:11:58.6987958Z       },
2026-09-06T18:11:58.6988091Z       {
2026-09-06T18:11:58.6988221Z         "file" : 0
2026-09-06T18:11:58.6988357Z       },
2026-09-06T18:11:58.6988485Z       {
2026-09-06T18:11:58.6988792Z         "command" : 0,
2026-09-06T18:11:58.6988975Z         "file" : 0,
2026-09-06T18:11:58.6989122Z         "line" : 227,
2026-09-06T18:11:58.6989269Z         "parent" : 56
2026-09-06T18:11:58.6989413Z       },
2026-09-06T18:11:58.6989545Z       {
2026-09-06T18:11:58.6989674Z         "file" : 0
2026-09-06T18:11:58.6989814Z       },
2026-09-06T18:11:58.6989942Z       {
2026-09-06T18:11:58.6990085Z         "command" : 0,
2026-09-06T18:11:58.6990235Z         "file" : 0,
2026-09-06T18:11:58.6990381Z         "line" : 228,
2026-09-06T18:11:58.6990532Z         "parent" : 58
2026-09-06T18:11:58.6990679Z       },
2026-09-06T18:11:58.6990811Z       {
2026-09-06T18:11:58.6990939Z         "file" : 0
2026-09-06T18:11:58.6991077Z       },
2026-09-06T18:11:58.6991205Z       {
2026-09-06T18:11:58.6991337Z         "command" : 0,
2026-09-06T18:11:58.6991484Z         "file" : 0,
2026-09-06T18:11:58.6991631Z         "line" : 229,
2026-09-06T18:11:58.6991778Z         "parent" : 60
2026-09-06T18:11:58.6991923Z       },
2026-09-06T18:11:58.6992051Z       {
2026-09-06T18:11:58.6992179Z         "file" : 0
2026-09-06T18:11:58.6992316Z       },
2026-09-06T18:11:58.6992443Z       {
2026-09-06T18:11:58.6992579Z         "command" : 0,
2026-09-06T18:11:58.6992735Z         "file" : 0,
2026-09-06T18:11:58.6992886Z         "line" : 230,
2026-09-06T18:11:58.6993038Z         "parent" : 62
2026-09-06T18:11:58.6993307Z       },
2026-09-06T18:11:58.6993448Z       {
2026-09-06T18:11:58.6993593Z         "file" : 0
2026-09-06T18:11:58.6993738Z       },
2026-09-06T18:11:58.6993869Z       {
2026-09-06T18:11:58.6994010Z         "command" : 0,
2026-09-06T18:11:58.6994174Z         "file" : 0,
2026-09-06T18:11:58.6994327Z         "line" : 231,
2026-09-06T18:11:58.6994481Z         "parent" : 64
2026-09-06T18:11:58.6994629Z       },
2026-09-06T18:11:58.6994762Z       {
2026-09-06T18:11:58.6994897Z         "file" : 0
2026-09-06T18:11:58.6995039Z       },
2026-09-06T18:11:58.6995171Z       {
2026-09-06T18:11:58.6995304Z         "command" : 0,
2026-09-06T18:11:58.6995457Z         "file" : 0,
2026-09-06T18:11:58.6995601Z         "line" : 232,
2026-09-06T18:11:58.6995750Z         "parent" : 66
2026-09-06T18:11:58.6995896Z       },
2026-09-06T18:11:58.6996024Z       {
2026-09-06T18:11:58.6996156Z         "file" : 0
2026-09-06T18:11:58.6996294Z       },
2026-09-06T18:11:58.6996422Z       {
2026-09-06T18:11:58.6996554Z         "command" : 0,
2026-09-06T18:11:58.6996710Z         "file" : 0,
2026-09-06T18:11:58.6996857Z         "line" : 233,
2026-09-06T18:11:58.6997005Z         "parent" : 68
2026-09-06T18:11:58.6997148Z       },
2026-09-06T18:11:58.6997280Z       {
2026-09-06T18:11:58.6997517Z         "file" : 0
2026-09-06T18:11:58.6997662Z       },
2026-09-06T18:11:58.6997790Z       {
2026-09-06T18:11:58.6997957Z         "command" : 0,
2026-09-06T18:11:58.6998183Z         "file" : 0,
2026-09-06T18:11:58.6998393Z         "line" : 234,
2026-09-06T18:11:58.6998719Z         "parent" : 70
2026-09-06T18:11:58.6998937Z       },
2026-09-06T18:11:58.6999127Z       {
2026-09-06T18:11:58.6999313Z         "file" : 0
2026-09-06T18:11:58.6999514Z       },
2026-09-06T18:11:58.6999699Z       {
2026-09-06T18:11:58.6999988Z         "command" : 0,
2026-09-06T18:11:58.7000205Z         "file" : 0,
2026-09-06T18:11:58.7000412Z         "line" : 235,
2026-09-06T18:11:58.7000625Z         "parent" : 72
2026-09-06T18:11:58.7000838Z       },
2026-09-06T18:11:58.7001021Z       {
2026-09-06T18:11:58.7001232Z         "file" : 0
2026-09-06T18:11:58.7001432Z       },
2026-09-06T18:11:58.7001610Z       {
2026-09-06T18:11:58.7001792Z         "command" : 0,
2026-09-06T18:11:58.7002001Z         "file" : 0,
2026-09-06T18:11:58.7002229Z         "line" : 236,
2026-09-06T18:11:58.7002445Z         "parent" : 74
2026-09-06T18:11:58.7002652Z       },
2026-09-06T18:11:58.7002832Z       {
2026-09-06T18:11:58.7003013Z         "file" : 0
2026-09-06T18:11:58.7003210Z       },
2026-09-06T18:11:58.7003409Z       {
2026-09-06T18:11:58.7003598Z         "command" : 0,
2026-09-06T18:11:58.7003815Z         "file" : 0,
2026-09-06T18:11:58.7004019Z         "line" : 237,
2026-09-06T18:11:58.7004232Z         "parent" : 76
2026-09-06T18:11:58.7004461Z       },
2026-09-06T18:11:58.7004640Z       {
2026-09-06T18:11:58.7004820Z         "file" : 0
2026-09-06T18:11:58.7005015Z       },
2026-09-06T18:11:58.7005191Z       {
2026-09-06T18:11:58.7005375Z         "command" : 0,
2026-09-06T18:11:58.7005759Z         "file" : 0,
2026-09-06T18:11:58.7005969Z         "line" : 238,
2026-09-06T18:11:58.7006184Z         "parent" : 78
2026-09-06T18:11:58.7006388Z       },
2026-09-06T18:11:58.7006582Z       {
2026-09-06T18:11:58.7006762Z         "file" : 0
2026-09-06T18:11:58.7006965Z       },
2026-09-06T18:11:58.7007143Z       {
2026-09-06T18:11:58.7007327Z         "command" : 0,
2026-09-06T18:11:58.7007543Z         "file" : 0,
2026-09-06T18:11:58.7007766Z         "line" : 239,
2026-09-06T18:11:58.7007981Z         "parent" : 80
2026-09-06T18:11:58.7008188Z       },
2026-09-06T18:11:58.7008368Z       {
2026-09-06T18:11:58.7008804Z         "file" : 0
2026-09-06T18:11:58.7009013Z       },
2026-09-06T18:11:58.7009193Z       {
2026-09-06T18:11:58.7009379Z         "command" : 0,
2026-09-06T18:11:58.7009750Z         "file" : 0,
2026-09-06T18:11:58.7009957Z         "line" : 240,
2026-09-06T18:11:58.7010170Z         "parent" : 82
2026-09-06T18:11:58.7010494Z       },
2026-09-06T18:11:58.7010673Z       {
2026-09-06T18:11:58.7010876Z         "file" : 0
2026-09-06T18:11:58.7011315Z       },
2026-09-06T18:11:58.7011496Z       {
2026-09-06T18:11:58.7011684Z         "command" : 0,
2026-09-06T18:11:58.7012111Z         "file" : 0,
2026-09-06T18:11:58.7012316Z         "line" : 241,
2026-09-06T18:11:58.7012535Z         "parent" : 84
2026-09-06T18:11:58.7012856Z       },
2026-09-06T18:11:58.7013040Z       {
2026-09-06T18:11:58.7013240Z         "file" : 0
2026-09-06T18:11:58.7013551Z       },
2026-09-06T18:11:58.7013733Z       {
2026-09-06T18:11:58.7013921Z         "command" : 0,
2026-09-06T18:11:58.7014140Z         "file" : 0,
2026-09-06T18:11:58.7014472Z         "line" : 242,
2026-09-06T18:11:58.7014690Z         "parent" : 86
2026-09-06T18:11:58.7014898Z       },
2026-09-06T18:11:58.7015190Z       {
2026-09-06T18:11:58.7015390Z         "file" : 0
2026-09-06T18:11:58.7015589Z       },
2026-09-06T18:11:58.7015883Z       {
2026-09-06T18:11:58.7016070Z         "command" : 0,
2026-09-06T18:11:58.7016284Z         "file" : 0,
2026-09-06T18:11:58.7016619Z         "line" : 243,
2026-09-06T18:11:58.7016840Z         "parent" : 88
2026-09-06T18:11:58.7017050Z       },
2026-09-06T18:11:58.7017236Z       {
2026-09-06T18:11:58.7017552Z         "file" : 0
2026-09-06T18:11:58.7017749Z       },
2026-09-06T18:11:58.7018159Z       {
2026-09-06T18:11:58.7018348Z         "command" : 0,
2026-09-06T18:11:58.7018733Z         "file" : 0,
2026-09-06T18:11:58.7018940Z         "line" : 244,
2026-09-06T18:11:58.7019157Z         "parent" : 90
2026-09-06T18:11:58.7019490Z       },
2026-09-06T18:11:58.7019674Z       {
2026-09-06T18:11:58.7019874Z         "file" : 0
2026-09-06T18:11:58.7020074Z       },
2026-09-06T18:11:58.7020370Z       {
2026-09-06T18:11:58.7020558Z         "command" : 0,
2026-09-06T18:11:58.7020772Z         "file" : 0,
2026-09-06T18:11:58.7021105Z         "line" : 246,
2026-09-06T18:11:58.7021318Z         "parent" : 92
2026-09-06T18:11:58.7021524Z       },
2026-09-06T18:11:58.7021813Z       {
2026-09-06T18:11:58.7022012Z         "file" : 0
2026-09-06T18:11:58.7022211Z       },
2026-09-06T18:11:58.7022397Z       {
2026-09-06T18:11:58.7022696Z         "command" : 0,
2026-09-06T18:11:58.7022909Z         "file" : 0,
2026-09-06T18:11:58.7023138Z         "line" : 247,
2026-09-06T18:11:58.7023476Z         "parent" : 94
2026-09-06T18:11:58.7023687Z       },
2026-09-06T18:11:58.7023869Z       {
2026-09-06T18:11:58.7024184Z         "file" : 0
2026-09-06T18:11:58.7024381Z       },
2026-09-06T18:11:58.7024559Z       {
2026-09-06T18:11:58.7024744Z         "command" : 0,
2026-09-06T18:11:58.7025073Z         "file" : 0,
2026-09-06T18:11:58.7025330Z         "line" : 248,
2026-09-06T18:11:58.7025548Z         "parent" : 96
2026-09-06T18:11:58.7025873Z       },
2026-09-06T18:11:58.7026055Z       {
2026-09-06T18:11:58.7026242Z         "file" : 0
2026-09-06T18:11:58.7026571Z       },
2026-09-06T18:11:58.7026751Z       {
2026-09-06T18:11:58.7026938Z         "command" : 0,
2026-09-06T18:11:58.7027268Z         "file" : 0,
2026-09-06T18:11:58.7027494Z         "line" : 249,
2026-09-06T18:11:58.7027714Z         "parent" : 98
2026-09-06T18:11:58.7028023Z       },
2026-09-06T18:11:58.7028202Z       {
2026-09-06T18:11:58.7028388Z         "file" : 0
2026-09-06T18:11:58.7028760Z       },
2026-09-06T18:11:58.7028955Z       {
2026-09-06T18:11:58.7029153Z         "command" : 0,
2026-09-06T18:11:58.7029488Z         "file" : 0,
2026-09-06T18:11:58.7029701Z         "line" : 251,
2026-09-06T18:11:58.7029940Z         "parent" : 100
2026-09-06T18:11:58.7030274Z       },
2026-09-06T18:11:58.7030459Z       {
2026-09-06T18:11:58.7030642Z         "file" : 0
2026-09-06T18:11:58.7030860Z       },
2026-09-06T18:11:58.7031040Z       {
2026-09-06T18:11:58.7031227Z         "command" : 0,
2026-09-06T18:11:58.7031442Z         "file" : 0,
2026-09-06T18:11:58.7031650Z         "line" : 252,
2026-09-06T18:11:58.7031870Z         "parent" : 102
2026-09-06T18:11:58.7032102Z       },
2026-09-06T18:11:58.7032283Z       {
2026-09-06T18:11:58.7032464Z         "file" : 0
2026-09-06T18:11:58.7032667Z       },
2026-09-06T18:11:58.7032845Z       {
2026-09-06T18:11:58.7033190Z         "command" : 0,
2026-09-06T18:11:58.7033404Z         "file" : 0,
2026-09-06T18:11:58.7033610Z         "line" : 253,
2026-09-06T18:11:58.7033826Z         "parent" : 104
2026-09-06T18:11:58.7034038Z       },
2026-09-06T18:11:58.7034239Z       {
2026-09-06T18:11:58.7034423Z         "file" : 0
2026-09-06T18:11:58.7034621Z       },
2026-09-06T18:11:58.7034801Z       {
2026-09-06T18:11:58.7034987Z         "command" : 0,
2026-09-06T18:11:58.7035206Z         "file" : 0,
2026-09-06T18:11:58.7035430Z         "line" : 254,
2026-09-06T18:11:58.7035645Z         "parent" : 106
2026-09-06T18:11:58.7035857Z       },
2026-09-06T18:11:58.7036038Z       {
2026-09-06T18:11:58.7036220Z         "file" : 0
2026-09-06T18:11:58.7036436Z       },
2026-09-06T18:11:58.7036616Z       {
2026-09-06T18:11:58.7036803Z         "command" : 0,
2026-09-06T18:11:58.7037017Z         "file" : 0,
2026-09-06T18:11:58.7037221Z         "line" : 255,
2026-09-06T18:11:58.7037441Z         "parent" : 108
2026-09-06T18:11:58.7037680Z       },
2026-09-06T18:11:58.7037862Z       {
2026-09-06T18:11:58.7038044Z         "file" : 0
2026-09-06T18:11:58.7038244Z       },
2026-09-06T18:11:58.7038423Z       {
2026-09-06T18:11:58.7038720Z         "command" : 0,
2026-09-06T18:11:58.7039072Z         "file" : 0,
2026-09-06T18:11:58.7039283Z         "line" : 256,
2026-09-06T18:11:58.7039499Z         "parent" : 110
2026-09-06T18:11:58.7039712Z       },
2026-09-06T18:11:58.7039913Z       {
2026-09-06T18:11:58.7040101Z         "file" : 0
2026-09-06T18:11:58.7040301Z       },
2026-09-06T18:11:58.7040482Z       {
2026-09-06T18:11:58.7040670Z         "command" : 0,
2026-09-06T18:11:58.7040902Z         "file" : 0,
2026-09-06T18:11:58.7041111Z         "line" : 258,
2026-09-06T18:11:58.7041324Z         "parent" : 112
2026-09-06T18:11:58.7041545Z       }
2026-09-06T18:11:58.7041725Z     ]
2026-09-06T18:11:58.7041909Z   },
2026-09-06T18:11:58.7042123Z   "kind" : "ctestInfo",
2026-09-06T18:11:58.7042354Z   "tests" : 
2026-09-06T18:11:58.7042553Z   [
2026-09-06T18:11:58.7042740Z     {
2026-09-06T18:11:58.7042934Z       "backtrace" : 1,
2026-09-06T18:11:58.7043177Z       "command" : 
2026-09-06T18:11:58.7043379Z       [
2026-09-06T18:11:58.7043660Z         "/home/runner/work/20231788./20231788./build/dcp_rcb_test"
2026-09-06T18:11:58.7044014Z       ],
2026-09-06T18:11:58.7044232Z       "name" : "dcp_rcb",
2026-09-06T18:11:58.7044476Z       "properties" : 
2026-09-06T18:11:58.7044695Z       [
2026-09-06T18:11:58.7044877Z         {
2026-09-06T18:11:58.7045088Z           "name" : "WORKING_DIRECTORY",
2026-09-06T18:11:58.7045456Z           "value" : "/home/runner/work/20231788./20231788./build"
2026-09-06T18:11:58.7045784Z         }
2026-09-06T18:11:58.7045967Z       ]
2026-09-06T18:11:58.7046146Z     },
2026-09-06T18:11:58.7046331Z     {
2026-09-06T18:11:58.7046542Z       "backtrace" : 3,
2026-09-06T18:11:58.7046766Z       "command" : 
2026-09-06T18:11:58.7046971Z       [
2026-09-06T18:11:58.7047313Z         "/home/runner/work/20231788./20231788./build/precision_dcp_rcb_contract_test"
2026-09-06T18:11:58.7047767Z       ],
2026-09-06T18:11:58.7048026Z       "name" : "precision_dcp_rcb_high_precision_contract",
2026-09-06T18:11:58.7048373Z       "properties" : 
2026-09-06T18:11:58.7048696Z       [
2026-09-06T18:11:58.7048887Z         {
2026-09-06T18:11:58.7049097Z           "name" : "WORKING_DIRECTORY",
2026-09-06T18:11:58.7049438Z           "value" : "/home/runner/work/20231788./20231788./build"
2026-09-06T18:11:58.7049785Z         }
2026-09-06T18:11:58.7049967Z       ]
2026-09-06T18:11:58.7050148Z     },
2026-09-06T18:11:58.7050329Z     {
2026-09-06T18:11:58.7050517Z       "backtrace" : 5,
2026-09-06T18:11:58.7050738Z       "command" : 
2026-09-06T18:11:58.7050962Z       [
2026-09-06T18:11:58.7051314Z         "/home/runner/work/20231788./20231788./build/precision_first_mult2_contract_test"
2026-09-06T18:11:58.7051752Z       ],
2026-09-06T18:11:58.7052036Z       "name" : "precision_first_mult2_high_precision_contract",
2026-09-06T18:11:58.7052393Z       "properties" : 
2026-09-06T18:11:58.7052737Z       [
2026-09-06T18:11:58.7052919Z         {
2026-09-06T18:11:58.7053141Z           "name" : "WORKING_DIRECTORY",
2026-09-06T18:11:58.7053477Z           "value" : "/home/runner/work/20231788./20231788./build"
2026-09-06T18:11:58.7053815Z         }
2026-09-06T18:11:58.7053997Z       ]
2026-09-06T18:11:58.7054197Z     },
2026-09-06T18:11:58.7054378Z     {
2026-09-06T18:11:58.7054572Z       "backtrace" : 7,
2026-09-06T18:11:58.7054793Z       "command" : 
2026-09-06T18:11:58.7054994Z       [
2026-09-06T18:11:58.7055264Z         "/home/runner/work/20231788./20231788./build/pair_add_test"
2026-09-06T18:11:58.7055624Z       ],
2026-09-06T18:11:58.7055840Z       "name" : "pair_add_runtime_behavior",
2026-09-06T18:11:58.7056133Z       "properties" : 
2026-09-06T18:11:58.7056347Z       [
2026-09-06T18:11:58.7056544Z         {
2026-09-06T18:11:58.7056749Z           "name" : "WORKING_DIRECTORY",
2026-09-06T18:11:58.7057085Z           "value" : "/home/runner/work/20231788./20231788./build"
2026-09-06T18:11:58.7057412Z         }
2026-09-06T18:11:58.7057613Z       ]
2026-09-06T18:11:58.7057793Z     },
2026-09-06T18:11:58.7057973Z     {
2026-09-06T18:11:58.7058162Z       "backtrace" : 9,
2026-09-06T18:11:58.7058642Z       "command" : 
2026-09-06T18:11:58.7058847Z       [
2026-09-06T18:11:58.7059107Z         "/home/runner/work/20231788./20231788./build/pair_sub_test"
2026-09-06T18:11:58.7059445Z       ],
2026-09-06T18:11:58.7059659Z       "name" : "pair_sub_runtime_behavior",
2026-09-06T18:11:58.7059964Z       "properties" : 
2026-09-06T18:11:58.7060177Z       [
2026-09-06T18:11:58.7060355Z         {
2026-09-06T18:11:58.7060555Z           "name" : "WORKING_DIRECTORY",
2026-09-06T18:11:58.7060896Z           "value" : "/home/runner/work/20231788./20231788./build"
2026-09-06T18:11:58.7061215Z         }
2026-09-06T18:11:58.7061397Z       ]
2026-09-06T18:11:58.7061576Z     },
2026-09-06T18:11:58.7061755Z     {
2026-09-06T18:11:58.7061964Z       "backtrace" : 11,
2026-09-06T18:11:58.7062197Z       "command" : 
2026-09-06T18:11:58.7062404Z       [
2026-09-06T18:11:58.7062697Z         "/home/runner/work/20231788./20231788./build/pair_arithmetic_test",
2026-09-06T18:11:58.7063113Z         "controlled_oracle"
2026-09-06T18:11:58.7063355Z       ],
2026-09-06T18:11:58.7063587Z       "name" : "pair_arithmetic_controlled_oracle",
2026-09-06T18:11:58.7063905Z       "properties" : 
2026-09-06T18:11:58.7064134Z       [
2026-09-06T18:11:58.7064315Z         {
2026-09-06T18:11:58.7064517Z           "name" : "WORKING_DIRECTORY",
2026-09-06T18:11:58.7064840Z           "value" : "/home/runner/work/20231788./20231788./build"
2026-09-06T18:11:58.7065162Z         }
2026-09-06T18:11:58.7065361Z       ]
2026-09-06T18:11:58.7065541Z     },
2026-09-06T18:11:58.7065720Z     {
2026-09-06T18:11:58.7065910Z       "backtrace" : 13,
2026-09-06T18:11:58.7066133Z       "command" : 
2026-09-06T18:11:58.7066350Z       [
2026-09-06T18:11:58.7066646Z         "/home/runner/work/20231788./20231788./build/pair_arithmetic_test",
2026-09-06T18:11:58.7067053Z         "public_lifecycles_keyless"
2026-09-06T18:11:58.7067314Z       ],
2026-09-06T18:11:58.7067579Z       "name" : "pair_arithmetic_public_lifecycles_keyless",
2026-09-06T18:11:58.7067919Z       "properties" : 
2026-09-06T18:11:58.7068154Z       [
2026-09-06T18:11:58.7068333Z         {
2026-09-06T18:11:58.7068645Z           "name" : "WORKING_DIRECTORY",
2026-09-06T18:11:58.7068974Z           "value" : "/home/runner/work/20231788./20231788./build"
2026-09-06T18:11:58.7069294Z         }
2026-09-06T18:11:58.7069474Z       ]
2026-09-06T18:11:58.7069652Z     },
2026-09-06T18:11:58.7069849Z     {
2026-09-06T18:11:58.7070039Z       "backtrace" : 15,
2026-09-06T18:11:58.7070262Z       "command" : 
2026-09-06T18:11:58.7070463Z       [
2026-09-06T18:11:58.7070755Z         "/home/runner/work/20231788./20231788./build/pair_arithmetic_test",
2026-09-06T18:11:58.7071193Z         "compatibility_rejections"
2026-09-06T18:11:58.7071455Z       ],
2026-09-06T18:11:58.7071703Z       "name" : "pair_arithmetic_compatibility_rejections",
2026-09-06T18:11:58.7072255Z       "properties" : 
2026-09-06T18:11:58.7072467Z       [
2026-09-06T18:11:58.7072646Z         {
2026-09-06T18:11:58.7072848Z           "name" : "WORKING_DIRECTORY",
2026-09-06T18:11:58.7073194Z           "value" : "/home/runner/work/20231788./20231788./build"
2026-09-06T18:11:58.7073511Z         }
2026-09-06T18:11:58.7073698Z       ]
2026-09-06T18:11:58.7073878Z     },
2026-09-06T18:11:58.7074057Z     {
2026-09-06T18:11:58.7074265Z       "backtrace" : 17,
2026-09-06T18:11:58.7074488Z       "command" : 
2026-09-06T18:11:58.7074690Z       [
2026-09-06T18:11:58.7074950Z         "/home/runner/work/20231788./20231788./build/tensor2_test",
2026-09-06T18:11:58.7075338Z         "valid_arithmetic_immutability"
2026-09-06T18:11:58.7075607Z       ],
2026-09-06T18:11:58.7075842Z       "name" : "tensor2_valid_arithmetic_immutability",
2026-09-06T18:11:58.7076167Z       "properties" : 
2026-09-06T18:11:58.7076404Z       [
2026-09-06T18:11:58.7076583Z         {
2026-09-06T18:11:58.7076793Z           "name" : "WORKING_DIRECTORY",
2026-09-06T18:11:58.7077121Z           "value" : "/home/runner/work/20231788./20231788./build"
2026-09-06T18:11:58.7077460Z         }
2026-09-06T18:11:58.7077643Z       ]
2026-09-06T18:11:58.7077946Z     },
2026-09-06T18:11:58.7078127Z     {
2026-09-06T18:11:58.7078313Z       "backtrace" : 19,
2026-09-06T18:11:58.7078658Z       "command" : 
2026-09-06T18:11:58.7078867Z       [
2026-09-06T18:11:58.7079135Z         "/home/runner/work/20231788./20231788./build/tensor2_test",
2026-09-06T18:11:58.7079511Z         "result_scale_contract"
2026-09-06T18:11:58.7079764Z       ],
2026-09-06T18:11:58.7080004Z       "name" : "tensor2_result_scale_contract",
2026-09-06T18:11:58.7080312Z       "properties" : 
2026-09-06T18:11:58.7080524Z       [
2026-09-06T18:11:58.7080704Z         {
2026-09-06T18:11:58.7080922Z           "name" : "WORKING_DIRECTORY",
2026-09-06T18:11:58.7081250Z           "value" : "/home/runner/work/20231788./20231788./build"
2026-09-06T18:11:58.7081577Z         }
2026-09-06T18:11:58.7081760Z       ]
2026-09-06T18:11:58.7081942Z     },
2026-09-06T18:11:58.7082140Z     {
2026-09-06T18:11:58.7082330Z       "backtrace" : 21,
2026-09-06T18:11:58.7082553Z       "command" : 
2026-09-06T18:11:58.7082760Z       [
2026-09-06T18:11:58.7083018Z         "/home/runner/work/20231788./20231788./build/tensor2_test",
2026-09-06T18:11:58.7083398Z         "right_input_validation"
2026-09-06T18:11:58.7083650Z       ],
2026-09-06T18:11:58.7083876Z       "name" : "tensor2_right_input_validation",
2026-09-06T18:11:58.7084201Z       "properties" : 
2026-09-06T18:11:58.7084416Z       [
2026-09-06T18:11:58.7084596Z         {
2026-09-06T18:11:58.7084803Z           "name" : "WORKING_DIRECTORY",
2026-09-06T18:11:58.7085127Z           "value" : "/home/runner/work/20231788./20231788./build"
2026-09-06T18:11:58.7085464Z         }
2026-09-06T18:11:58.7085644Z       ]
2026-09-06T18:11:58.7085821Z     },
2026-09-06T18:11:58.7085999Z     {
2026-09-06T18:11:58.7086187Z       "backtrace" : 23,
2026-09-06T18:11:58.7086431Z       "command" : 
2026-09-06T18:11:58.7086633Z       [
2026-09-06T18:11:58.7086891Z         "/home/runner/work/20231788./20231788./build/tensor2_test",
2026-09-06T18:11:58.7087252Z         "mutual_compatibility"
2026-09-06T18:11:58.7087521Z       ],
2026-09-06T18:11:58.7087742Z       "name" : "tensor2_mutual_compatibility",
2026-09-06T18:11:58.7088044Z       "properties" : 
2026-09-06T18:11:58.7088256Z       [
2026-09-06T18:11:58.7088434Z         {
2026-09-06T18:11:58.7088739Z           "name" : "WORKING_DIRECTORY",
2026-09-06T18:11:58.7089066Z           "value" : "/home/runner/work/20231788./20231788./build"
2026-09-06T18:11:58.7089387Z         }
2026-09-06T18:11:58.7089570Z       ]
2026-09-06T18:11:58.7089768Z     },
2026-09-06T18:11:58.7089948Z     {
2026-09-06T18:11:58.7090144Z       "backtrace" : 25,
2026-09-06T18:11:58.7090366Z       "command" : 
2026-09-06T18:11:58.7090567Z       [
2026-09-06T18:11:58.7090842Z         "/home/runner/work/20231788./20231788./build/tensor2_test",
2026-09-06T18:11:58.7091343Z         "prearithmetic_key_compatibility"
2026-09-06T18:11:58.7091626Z       ],
2026-09-06T18:11:58.7091874Z       "name" : "tensor2_prearithmetic_key_compatibility",
2026-09-06T18:11:58.7092233Z       "properties" : 
2026-09-06T18:11:58.7092447Z       [
2026-09-06T18:11:58.7092626Z         {
2026-09-06T18:11:58.7092830Z           "name" : "WORKING_DIRECTORY",
2026-09-06T18:11:58.7093179Z           "value" : "/home/runner/work/20231788./20231788./build"
2026-09-06T18:11:58.7093499Z         }
2026-09-06T18:11:58.7093680Z       ]
2026-09-06T18:11:58.7093859Z     },
2026-09-06T18:11:58.7094040Z     {
2026-09-06T18:11:58.7094248Z       "backtrace" : 27,
2026-09-06T18:11:58.7094474Z       "command" : 
2026-09-06T18:11:58.7094678Z       [
2026-09-06T18:11:58.7094937Z         "/home/runner/work/20231788./20231788./build/relin2_test",
2026-09-06T18:11:58.7095318Z         "tensor_validation_order"
2026-09-06T18:11:58.7095574Z       ],
2026-09-06T18:11:58.7095802Z       "name" : "relin2_tensor_validation_order",
2026-09-06T18:11:58.7096112Z       "properties" : 
2026-09-06T18:11:58.7096325Z       [
2026-09-06T18:11:58.7096521Z         {
2026-09-06T18:11:58.7096726Z           "name" : "WORKING_DIRECTORY",
2026-09-06T18:11:58.7097171Z           "value" : "/home/runner/work/20231788./20231788./build"
2026-09-06T18:11:58.7097512Z         }
2026-09-06T18:11:58.7097692Z       ]
2026-09-06T18:11:58.7097873Z     },
2026-09-06T18:11:58.7098052Z     {
2026-09-06T18:11:58.7098244Z       "backtrace" : 29,
2026-09-06T18:11:58.7098471Z       "command" : 
2026-09-06T18:11:58.7098794Z       [
2026-09-06T18:11:58.7099073Z         "/home/runner/work/20231788./20231788./build/relin2_test",
2026-09-06T18:11:58.7099461Z         "insufficient_active_basis"
2026-09-06T18:11:58.7099731Z       ],
2026-09-06T18:11:58.7099958Z       "name" : "relin2_insufficient_active_basis",
2026-09-06T18:11:58.7100276Z       "properties" : 
2026-09-06T18:11:58.7100515Z       [
2026-09-06T18:11:58.7100693Z         {
2026-09-06T18:11:58.7100904Z           "name" : "WORKING_DIRECTORY",
2026-09-06T18:11:58.7101227Z           "value" : "/home/runner/work/20231788./20231788./build"
2026-09-06T18:11:58.7101566Z         }
2026-09-06T18:11:58.7101748Z       ]
2026-09-06T18:11:58.7101936Z     },
2026-09-06T18:11:58.7102116Z     {
2026-09-06T18:11:58.7102304Z       "backtrace" : 31,
2026-09-06T18:11:58.7102527Z       "command" : 
2026-09-06T18:11:58.7102744Z       [
2026-09-06T18:11:58.7102997Z         "/home/runner/work/20231788./20231788./build/relin2_test",
2026-09-06T18:11:58.7103343Z         "missing_eval_key"
2026-09-06T18:11:58.7103574Z       ],
2026-09-06T18:11:58.7103798Z       "name" : "relin2_missing_eval_key",
2026-09-06T18:11:58.7104089Z       "properties" : 
2026-09-06T18:11:58.7104302Z       [
2026-09-06T18:11:58.7104482Z         {
2026-09-06T18:11:58.7104682Z           "name" : "WORKING_DIRECTORY",
2026-09-06T18:11:58.7105023Z           "value" : "/home/runner/work/20231788./20231788./build"
2026-09-06T18:11:58.7105349Z         }
2026-09-06T18:11:58.7105529Z       ]
2026-09-06T18:11:58.7105710Z     },
2026-09-06T18:11:58.7105889Z     {
2026-09-06T18:11:58.7106100Z       "backtrace" : 33,
2026-09-06T18:11:58.7106320Z       "command" : 
2026-09-06T18:11:58.7106526Z       [
2026-09-06T18:11:58.7106785Z         "/home/runner/work/20231788./20231788./build/relin2_test",
2026-09-06T18:11:58.7107142Z         "key_empty"
2026-09-06T18:11:58.7107347Z       ],
2026-09-06T18:11:58.7107549Z       "name" : "relin2_key_empty",
2026-09-06T18:11:58.7107811Z       "properties" : 
2026-09-06T18:11:58.7108022Z       [
2026-09-06T18:11:58.7108219Z         {
2026-09-06T18:11:58.7108420Z           "name" : "WORKING_DIRECTORY",
2026-09-06T18:11:58.7108859Z           "value" : "/home/runner/work/20231788./20231788./build"
2026-09-06T18:11:58.7109187Z         }
2026-09-06T18:11:58.7109387Z       ]
2026-09-06T18:11:58.7117333Z     },
2026-09-06T18:11:58.7117526Z     {
2026-09-06T18:11:58.7117723Z       "backtrace" : 35,
2026-09-06T18:11:58.7118126Z       "command" : 
2026-09-06T18:11:58.7118352Z       [
2026-09-06T18:11:58.7118753Z         "/home/runner/work/20231788./20231788./build/relin2_test",
2026-09-06T18:11:58.7119120Z         "key_null_first"
2026-09-06T18:11:58.7119355Z       ],
2026-09-06T18:11:58.7119571Z       "name" : "relin2_key_null_first",
2026-09-06T18:11:58.7119876Z       "properties" : 
2026-09-06T18:11:58.7120093Z       [
2026-09-06T18:11:58.7120280Z         {
2026-09-06T18:11:58.7120486Z           "name" : "WORKING_DIRECTORY",
2026-09-06T18:11:58.7120820Z           "value" : "/home/runner/work/20231788./20231788./build"
2026-09-06T18:11:58.7121167Z         }
2026-09-06T18:11:58.7121351Z       ]
2026-09-06T18:11:58.7121531Z     },
2026-09-06T18:11:58.7121711Z     {
2026-09-06T18:11:58.7121900Z       "backtrace" : 37,
2026-09-06T18:11:58.7122143Z       "command" : 
2026-09-06T18:11:58.7122344Z       [
2026-09-06T18:11:58.7122605Z         "/home/runner/work/20231788./20231788./build/relin2_test",
2026-09-06T18:11:58.7122960Z         "key_wrong_context"
2026-09-06T18:11:58.7123225Z       ],
2026-09-06T18:11:58.7123439Z       "name" : "relin2_key_wrong_context",
2026-09-06T18:11:58.7123725Z       "properties" : 
2026-09-06T18:11:58.7123939Z       [
2026-09-06T18:11:58.7124263Z         {
2026-09-06T18:11:58.7124471Z           "name" : "WORKING_DIRECTORY",
2026-09-06T18:11:58.7124802Z           "value" : "/home/runner/work/20231788./20231788./build"
2026-09-06T18:11:58.7125124Z         }
2026-09-06T18:11:58.7125323Z       ]
2026-09-06T18:11:58.7125501Z     },
2026-09-06T18:11:58.7125680Z     {
2026-09-06T18:11:58.7125872Z       "backtrace" : 39,
2026-09-06T18:11:58.7126094Z       "command" : 
2026-09-06T18:11:58.7126293Z       [
2026-09-06T18:11:58.7126563Z         "/home/runner/work/20231788./20231788./build/relin2_test",
2026-09-06T18:11:58.7126905Z         "key_wrong_tag"
2026-09-06T18:11:58.7127120Z       ],
2026-09-06T18:11:58.7127321Z       "name" : "relin2_key_wrong_tag",
2026-09-06T18:11:58.7127615Z       "properties" : 
2026-09-06T18:11:58.7127832Z       [
2026-09-06T18:11:58.7128014Z         {
2026-09-06T18:11:58.7128210Z           "name" : "WORKING_DIRECTORY",
2026-09-06T18:11:58.7132085Z           "value" : "/home/runner/work/20231788./20231788./build"
2026-09-06T18:11:58.7132429Z         }
2026-09-06T18:11:58.7132605Z       ]
2026-09-06T18:11:58.7132778Z     },
2026-09-06T18:11:58.7132953Z     {
2026-09-06T18:11:58.7133158Z       "backtrace" : 41,
2026-09-06T18:11:58.7133377Z       "command" : 
2026-09-06T18:11:58.7133571Z       [
2026-09-06T18:11:58.7133822Z         "/home/runner/work/20231788./20231788./build/relin2_test",
2026-09-06T18:11:58.7134164Z         "key_wrong_subtype"
2026-09-06T18:11:58.7134408Z       ],
2026-09-06T18:11:58.7134612Z       "name" : "relin2_key_wrong_subtype",
2026-09-06T18:11:58.7134891Z       "properties" : 
2026-09-06T18:11:58.7135099Z       [
2026-09-06T18:11:58.7135271Z         {
2026-09-06T18:11:58.7135487Z           "name" : "WORKING_DIRECTORY",
2026-09-06T18:11:58.7135805Z           "value" : "/home/runner/work/20231788./20231788./build"
2026-09-06T18:11:58.7136124Z         }
2026-09-06T18:11:58.7136302Z       ]
2026-09-06T18:11:58.7136500Z     },
2026-09-06T18:11:58.7136678Z     {
2026-09-06T18:11:58.7136865Z       "backtrace" : 43,
2026-09-06T18:11:58.7137085Z       "command" : 
2026-09-06T18:11:58.7137282Z       [
2026-09-06T18:11:58.7137547Z         "/home/runner/work/20231788./20231788./build/relin2_test",
2026-09-06T18:11:58.7137895Z         "key_hybrid_a_length"
2026-09-06T18:11:58.7138135Z       ],
2026-09-06T18:11:58.7138345Z       "name" : "relin2_key_hybrid_a_length",
2026-09-06T18:11:58.7138828Z       "properties" : 
2026-09-06T18:11:58.7139049Z       [
2026-09-06T18:11:58.7139234Z         {
2026-09-06T18:11:58.7139440Z           "name" : "WORKING_DIRECTORY",
2026-09-06T18:11:58.7139769Z           "value" : "/home/runner/work/20231788./20231788./build"
2026-09-06T18:11:58.7140106Z         }
2026-09-06T18:11:58.7140284Z       ]
2026-09-06T18:11:58.7140458Z     },
2026-09-06T18:11:58.7140795Z     {
2026-09-06T18:11:58.7141002Z       "backtrace" : 45,
2026-09-06T18:11:58.7141223Z       "command" : 
2026-09-06T18:11:58.7141421Z       [
2026-09-06T18:11:58.7141671Z         "/home/runner/work/20231788./20231788./build/relin2_test",
2026-09-06T18:11:58.7142045Z         "key_hybrid_b_length"
2026-09-06T18:11:58.7142280Z       ],
2026-09-06T18:11:58.7142483Z       "name" : "relin2_key_hybrid_b_length",
2026-09-06T18:11:58.7142763Z       "properties" : 
2026-09-06T18:11:58.7142974Z       [
2026-09-06T18:11:58.7143170Z         {
2026-09-06T18:11:58.7143368Z           "name" : "WORKING_DIRECTORY",
2026-09-06T18:11:58.7143689Z           "value" : "/home/runner/work/20231788./20231788./build"
2026-09-06T18:11:58.7144007Z         }
2026-09-06T18:11:58.7144186Z       ]
2026-09-06T18:11:58.7144382Z     },
2026-09-06T18:11:58.7144564Z     {
2026-09-06T18:11:58.7144753Z       "backtrace" : 47,
2026-09-06T18:11:58.7144972Z       "command" : 
2026-09-06T18:11:58.7145168Z       [
2026-09-06T18:11:58.7145433Z         "/home/runner/work/20231788./20231788./build/relin2_test",
2026-09-06T18:11:58.7145791Z         "key_hybrid_entry_basis"
2026-09-06T18:11:58.7146038Z       ],
2026-09-06T18:11:58.7146254Z       "name" : "relin2_key_hybrid_entry_basis",
2026-09-06T18:11:58.7146686Z       "properties" : 
2026-09-06T18:11:58.7146899Z       [
2026-09-06T18:11:58.7147076Z         {
2026-09-06T18:11:58.7147279Z           "name" : "WORKING_DIRECTORY",
2026-09-06T18:11:58.7147624Z           "value" : "/home/runner/work/20231788./20231788./build"
2026-09-06T18:11:58.7147956Z         }
2026-09-06T18:11:58.7148136Z       ]
2026-09-06T18:11:58.7148312Z     },
2026-09-06T18:11:58.7148492Z     {
2026-09-06T18:11:58.7148784Z       "backtrace" : 49,
2026-09-06T18:11:58.7149006Z       "command" : 
2026-09-06T18:11:58.7149208Z       [
2026-09-06T18:11:58.7149464Z         "/home/runner/work/20231788./20231788./build/relin2_test",
2026-09-06T18:11:58.7149841Z         "key_hybrid_entry_format"
2026-09-06T18:11:58.7150094Z       ],
2026-09-06T18:11:58.7150322Z       "name" : "relin2_key_hybrid_entry_format",
2026-09-06T18:11:58.7150632Z       "properties" : 
2026-09-06T18:11:58.7150862Z       [
2026-09-06T18:11:58.7151042Z         {
2026-09-06T18:11:58.7151249Z           "name" : "WORKING_DIRECTORY",
2026-09-06T18:11:58.7151575Z           "value" : "/home/runner/work/20231788./20231788./build"
2026-09-06T18:11:58.7151895Z         }
2026-09-06T18:11:58.7152095Z       ]
2026-09-06T18:11:58.7152273Z     },
2026-09-06T18:11:58.7152453Z     {
2026-09-06T18:11:58.7152646Z       "backtrace" : 51,
2026-09-06T18:11:58.7152869Z       "command" : 
2026-09-06T18:11:58.7153090Z       [
2026-09-06T18:11:58.7153343Z         "/home/runner/work/20231788./20231788./build/relin2_test",
2026-09-06T18:11:58.7153694Z         "key_bv_zero_digit_a_length"
2026-09-06T18:11:58.7153961Z       ],
2026-09-06T18:11:58.7154207Z       "name" : "relin2_key_bv_zero_digit_a_length",
2026-09-06T18:11:58.7154521Z       "properties" : 
2026-09-06T18:11:58.7154733Z       [
2026-09-06T18:11:58.7154912Z         {
2026-09-06T18:11:58.7155115Z           "name" : "WORKING_DIRECTORY",
2026-09-06T18:11:58.7155465Z           "value" : "/home/runner/work/20231788./20231788./build"
2026-09-06T18:11:58.7155782Z         }
2026-09-06T18:11:58.7155967Z       ]
2026-09-06T18:11:58.7156143Z     },
2026-09-06T18:11:58.7156321Z     {
2026-09-06T18:11:58.7156528Z       "backtrace" : 53,
2026-09-06T18:11:58.7156747Z       "command" : 
2026-09-06T18:11:58.7156947Z       [
2026-09-06T18:11:58.7157200Z         "/home/runner/work/20231788./20231788./build/relin2_test",
2026-09-06T18:11:58.7157571Z         "key_bv_zero_digit_b_length"
2026-09-06T18:11:58.7157830Z       ],
2026-09-06T18:11:58.7158054Z       "name" : "relin2_key_bv_zero_digit_b_length",
2026-09-06T18:11:58.7158363Z       "properties" : 
2026-09-06T18:11:58.7158680Z       [
2026-09-06T18:11:58.7158859Z         {
2026-09-06T18:11:58.7159063Z           "name" : "WORKING_DIRECTORY",
2026-09-06T18:11:58.7159386Z           "value" : "/home/runner/work/20231788./20231788./build"
2026-09-06T18:11:58.7159851Z         }
2026-09-06T18:11:58.7160031Z       ]
2026-09-06T18:11:58.7160209Z     },
2026-09-06T18:11:58.7160389Z     {
2026-09-06T18:11:58.7160579Z       "backtrace" : 55,
2026-09-06T18:11:58.7160804Z       "command" : 
2026-09-06T18:11:58.7161020Z       [
2026-09-06T18:11:58.7161270Z         "/home/runner/work/20231788./20231788./build/relin2_test",
2026-09-06T18:11:58.7161368Z         "key_bv_nonzero_digit_a_length"
2026-09-06T18:11:58.7161450Z       ],
2026-09-06T18:11:58.7161579Z       "name" : "relin2_key_bv_nonzero_digit_a_length",
2026-09-06T18:11:58.7161670Z       "properties" : 
2026-09-06T18:11:58.7161746Z       [
2026-09-06T18:11:58.7161828Z         {
2026-09-06T18:11:58.7161945Z           "name" : "WORKING_DIRECTORY",
2026-09-06T18:11:58.7162081Z           "value" : "/home/runner/work/20231788./20231788./build"
2026-09-06T18:11:58.7162160Z         }
2026-09-06T18:11:58.7162236Z       ]
2026-09-06T18:11:58.7162315Z     },
2026-09-06T18:11:58.7162395Z     {
2026-09-06T18:11:58.7162490Z       "backtrace" : 57,
2026-09-06T18:11:58.7162576Z       "command" : 
2026-09-06T18:11:58.7162653Z       [
2026-09-06T18:11:58.7162805Z         "/home/runner/work/20231788./20231788./build/relin2_test",
2026-09-06T18:11:58.7163015Z         "key_bv_nonzero_digit_b_length"
2026-09-06T18:11:58.7163115Z       ],
2026-09-06T18:11:58.7163240Z       "name" : "relin2_key_bv_nonzero_digit_b_length",
2026-09-06T18:11:58.7163331Z       "properties" : 
2026-09-06T18:11:58.7163407Z       [
2026-09-06T18:11:58.7163488Z         {
2026-09-06T18:11:58.7163586Z           "name" : "WORKING_DIRECTORY",
2026-09-06T18:11:58.7163720Z           "value" : "/home/runner/work/20231788./20231788./build"
2026-09-06T18:11:58.7163800Z         }
2026-09-06T18:11:58.7163878Z       ]
2026-09-06T18:11:58.7163958Z     },
2026-09-06T18:11:58.7164034Z     {
2026-09-06T18:11:58.7164142Z       "backtrace" : 59,
2026-09-06T18:11:58.7164226Z       "command" : 
2026-09-06T18:11:58.7164308Z       [
2026-09-06T18:11:58.7164464Z         "/home/runner/work/20231788./20231788./build/relin2_test",
2026-09-06T18:11:58.7164561Z         "key_bv_zero_digit_entry_basis"
2026-09-06T18:11:58.7164643Z       ],
2026-09-06T18:11:58.7164768Z       "name" : "relin2_key_bv_zero_digit_entry_basis",
2026-09-06T18:11:58.7164861Z       "properties" : 
2026-09-06T18:11:58.7164937Z       [
2026-09-06T18:11:58.7165018Z         {
2026-09-06T18:11:58.7165117Z           "name" : "WORKING_DIRECTORY",
2026-09-06T18:11:58.7165267Z           "value" : "/home/runner/work/20231788./20231788./build"
2026-09-06T18:11:58.7165350Z         }
2026-09-06T18:11:58.7165426Z       ]
2026-09-06T18:11:58.7165507Z     },
2026-09-06T18:11:58.7165582Z     {
2026-09-06T18:11:58.7165676Z       "backtrace" : 61,
2026-09-06T18:11:58.7165759Z       "command" : 
2026-09-06T18:11:58.7165840Z       [
2026-09-06T18:11:58.7165995Z         "/home/runner/work/20231788./20231788./build/relin2_test",
2026-09-06T18:11:58.7166102Z         "key_bv_nonzero_digit_entry_basis"
2026-09-06T18:11:58.7166185Z       ],
2026-09-06T18:11:58.7166321Z       "name" : "relin2_key_bv_nonzero_digit_entry_basis",
2026-09-06T18:11:58.7166432Z       "properties" : 
2026-09-06T18:11:58.7166509Z       [
2026-09-06T18:11:58.7166588Z         {
2026-09-06T18:11:58.7166694Z           "name" : "WORKING_DIRECTORY",
2026-09-06T18:11:58.7166831Z           "value" : "/home/runner/work/20231788./20231788./build"
2026-09-06T18:11:58.7166913Z         }
2026-09-06T18:11:58.7166989Z       ]
2026-09-06T18:11:58.7167070Z     },
2026-09-06T18:11:58.7167145Z     {
2026-09-06T18:11:58.7167236Z       "backtrace" : 63,
2026-09-06T18:11:58.7167318Z       "command" : 
2026-09-06T18:11:58.7167399Z       [
2026-09-06T18:11:58.7167573Z         "/home/runner/work/20231788./20231788./build/relin2_test",
2026-09-06T18:11:58.7167675Z         "key_bv_zero_digit_entry_format"
2026-09-06T18:11:58.7167756Z       ],
2026-09-06T18:11:58.7167881Z       "name" : "relin2_key_bv_zero_digit_entry_format",
2026-09-06T18:11:58.7167973Z       "properties" : 
2026-09-06T18:11:58.7168141Z       [
2026-09-06T18:11:58.7168223Z         {
2026-09-06T18:11:58.7168323Z           "name" : "WORKING_DIRECTORY",
2026-09-06T18:11:58.7168461Z           "value" : "/home/runner/work/20231788./20231788./build"
2026-09-06T18:11:58.7168641Z         }
2026-09-06T18:11:58.7168720Z       ]
2026-09-06T18:11:58.7168804Z     },
2026-09-06T18:11:58.7168880Z     {
2026-09-06T18:11:58.7168978Z       "backtrace" : 65,
2026-09-06T18:11:58.7169061Z       "command" : 
2026-09-06T18:11:58.7169143Z       [
2026-09-06T18:11:58.7169304Z         "/home/runner/work/20231788./20231788./build/relin2_test",
2026-09-06T18:11:58.7169420Z         "key_bv_nonzero_digit_entry_format"
2026-09-06T18:11:58.7169496Z       ],
2026-09-06T18:11:58.7169643Z       "name" : "relin2_key_bv_nonzero_digit_entry_format",
2026-09-06T18:11:58.7169755Z       "properties" : 
2026-09-06T18:11:58.7169831Z       [
2026-09-06T18:11:58.7169913Z         {
2026-09-06T18:11:58.7170012Z           "name" : "WORKING_DIRECTORY",
2026-09-06T18:11:58.7170157Z           "value" : "/home/runner/work/20231788./20231788./build"
2026-09-06T18:11:58.7170231Z         }
2026-09-06T18:11:58.7170310Z       ]
2026-09-06T18:11:58.7170388Z     },
2026-09-06T18:11:58.7170463Z     {
2026-09-06T18:11:58.7170667Z       "backtrace" : 67,
2026-09-06T18:11:58.7170748Z       "command" : 
2026-09-06T18:11:58.7170848Z       [
2026-09-06T18:11:58.7170998Z         "/home/runner/work/20231788./20231788./build/relin2_test",
2026-09-06T18:11:58.7171119Z         "valid_arithmetic_state_immutability"
2026-09-06T18:11:58.7171196Z       ],
2026-09-06T18:11:58.7171352Z       "name" : "relin2_valid_arithmetic_state_immutability",
2026-09-06T18:11:58.7171443Z       "properties" : 
2026-09-06T18:11:58.7171519Z       [
2026-09-06T18:11:58.7171599Z         {
2026-09-06T18:11:58.7171695Z           "name" : "WORKING_DIRECTORY",
2026-09-06T18:11:58.7171836Z           "value" : "/home/runner/work/20231788./20231788./build"
2026-09-06T18:11:58.7171931Z         }
2026-09-06T18:11:58.7172017Z       ]
2026-09-06T18:11:58.7172095Z     },
2026-09-06T18:11:58.7172171Z     {
2026-09-06T18:11:58.7172263Z       "backtrace" : 69,
2026-09-06T18:11:58.7172349Z       "command" : 
2026-09-06T18:11:58.7172432Z       [
2026-09-06T18:11:58.7172587Z         "/home/runner/work/20231788./20231788./build/relin2_test",
2026-09-06T18:11:58.7172706Z         "controlled_witnesses_and_boundaries"
2026-09-06T18:11:58.7172781Z       ],
2026-09-06T18:11:58.7172935Z       "name" : "relin2_controlled_witnesses_and_boundaries",
2026-09-06T18:11:58.7173041Z       "properties" : 
2026-09-06T18:11:58.7173119Z       [
2026-09-06T18:11:58.7173199Z         {
2026-09-06T18:11:58.7173293Z           "name" : "WORKING_DIRECTORY",
2026-09-06T18:11:58.7173436Z           "value" : "/home/runner/work/20231788./20231788./build"
2026-09-06T18:11:58.7173512Z         }
2026-09-06T18:11:58.7173593Z       ]
2026-09-06T18:11:58.7173670Z     },
2026-09-06T18:11:58.7173744Z     {
2026-09-06T18:11:58.7173832Z       "backtrace" : 71,
2026-09-06T18:11:58.7173914Z       "command" : 
2026-09-06T18:11:58.7173994Z       [
2026-09-06T18:11:58.7174164Z         "/home/runner/work/20231788./20231788./build/relin2_test",
2026-09-06T18:11:58.7174281Z         "representative_public_input"
2026-09-06T18:11:58.7174356Z       ],
2026-09-06T18:11:58.7174489Z       "name" : "relin2_representative_public_input",
2026-09-06T18:11:58.7174578Z       "properties" : 
2026-09-06T18:11:58.7174654Z       [
2026-09-06T18:11:58.7174734Z         {
2026-09-06T18:11:58.7174829Z           "name" : "WORKING_DIRECTORY",
2026-09-06T18:11:58.7174967Z           "value" : "/home/runner/work/20231788./20231788./build"
2026-09-06T18:11:58.7175044Z         }
2026-09-06T18:11:58.7175125Z       ]
2026-09-06T18:11:58.7175200Z     },
2026-09-06T18:11:58.7175300Z     {
2026-09-06T18:11:58.7175390Z       "backtrace" : 73,
2026-09-06T18:11:58.7175470Z       "command" : 
2026-09-06T18:11:58.7175551Z       [
2026-09-06T18:11:58.7175699Z         "/home/runner/work/20231788./20231788./build/relin2_test",
2026-09-06T18:11:58.7175919Z         "key_extra_later_valid"
2026-09-06T18:11:58.7175995Z       ],
2026-09-06T18:11:58.7176112Z       "name" : "relin2_key_extra_later_valid",
2026-09-06T18:11:58.7176202Z       "properties" : 
2026-09-06T18:11:58.7176281Z       [
2026-09-06T18:11:58.7176377Z         {
2026-09-06T18:11:58.7176475Z           "name" : "WORKING_DIRECTORY",
2026-09-06T18:11:58.7176615Z           "value" : "/home/runner/work/20231788./20231788./build"
2026-09-06T18:11:58.7176692Z         }
2026-09-06T18:11:58.7176772Z       ]
2026-09-06T18:11:58.7176847Z     },
2026-09-06T18:11:58.7176928Z     {
2026-09-06T18:11:58.7177019Z       "backtrace" : 75,
2026-09-06T18:11:58.7177098Z       "command" : 
2026-09-06T18:11:58.7177178Z       [
2026-09-06T18:11:58.7177326Z         "/home/runner/work/20231788./20231788./build/relin2_test",
2026-09-06T18:11:58.7177450Z         "key_malformed_later_ignored"
2026-09-06T18:11:58.7177528Z       ],
2026-09-06T18:11:58.7177657Z       "name" : "relin2_key_malformed_later_ignored",
2026-09-06T18:11:58.7177754Z       "properties" : 
2026-09-06T18:11:58.7177830Z       [
2026-09-06T18:11:58.7177909Z         {
2026-09-06T18:11:58.7178004Z           "name" : "WORKING_DIRECTORY",
2026-09-06T18:11:58.7178221Z           "value" : "/home/runner/work/20231788./20231788./build"
2026-09-06T18:11:58.7178298Z         }
2026-09-06T18:11:58.7178378Z       ]
2026-09-06T18:11:58.7178454Z     },
2026-09-06T18:11:58.7178641Z     {
2026-09-06T18:11:58.7178734Z       "backtrace" : 77,
2026-09-06T18:11:58.7178816Z       "command" : 
2026-09-06T18:11:58.7178896Z       [
2026-09-06T18:11:58.7179050Z         "/home/runner/work/20231788./20231788./build/relin2_test",
2026-09-06T18:11:58.7179151Z         "hybrid_valid_shapes"
2026-09-06T18:11:58.7179228Z       ],
2026-09-06T18:11:58.7179342Z       "name" : "relin2_hybrid_valid_shapes",
2026-09-06T18:11:58.7179428Z       "properties" : 
2026-09-06T18:11:58.7179510Z       [
2026-09-06T18:11:58.7179589Z         {
2026-09-06T18:11:58.7179685Z           "name" : "WORKING_DIRECTORY",
2026-09-06T18:11:58.7179851Z           "value" : "/home/runner/work/20231788./20231788./build"
2026-09-06T18:11:58.7179928Z         }
2026-09-06T18:11:58.7180010Z       ]
2026-09-06T18:11:58.7180089Z     },
2026-09-06T18:11:58.7180169Z     {
2026-09-06T18:11:58.7180255Z       "backtrace" : 79,
2026-09-06T18:11:58.7180341Z       "command" : 
2026-09-06T18:11:58.7180422Z       [
2026-09-06T18:11:58.7180569Z         "/home/runner/work/20231788./20231788./build/relin2_test",
2026-09-06T18:11:58.7180673Z         "bv_zero_digit_valid_shapes"
2026-09-06T18:11:58.7180750Z       ],
2026-09-06T18:11:58.7180894Z       "name" : "relin2_bv_zero_digit_valid_shapes",
2026-09-06T18:11:58.7180980Z       "properties" : 
2026-09-06T18:11:58.7181062Z       [
2026-09-06T18:11:58.7181142Z         {
2026-09-06T18:11:58.7181238Z           "name" : "WORKING_DIRECTORY",
2026-09-06T18:11:58.7181378Z           "value" : "/home/runner/work/20231788./20231788./build"
2026-09-06T18:11:58.7181454Z         }
2026-09-06T18:11:58.7181537Z       ]
2026-09-06T18:11:58.7181612Z     },
2026-09-06T18:11:58.7181691Z     {
2026-09-06T18:11:58.7181776Z       "backtrace" : 81,
2026-09-06T18:11:58.7181862Z       "command" : 
2026-09-06T18:11:58.7181961Z       [
2026-09-06T18:11:58.7182110Z         "/home/runner/work/20231788./20231788./build/relin2_test",
2026-09-06T18:11:58.7182215Z         "bv_nonzero_digit_valid_shapes"
2026-09-06T18:11:58.7182292Z       ],
2026-09-06T18:11:58.7182425Z       "name" : "relin2_bv_nonzero_digit_valid_shapes",
2026-09-06T18:11:58.7182511Z       "properties" : 
2026-09-06T18:11:58.7182592Z       [
2026-09-06T18:11:58.7182672Z         {
2026-09-06T18:11:58.7182769Z           "name" : "WORKING_DIRECTORY",
2026-09-06T18:11:58.7182908Z           "value" : "/home/runner/work/20231788./20231788./build"
2026-09-06T18:11:58.7182984Z         }
2026-09-06T18:11:58.7183083Z       ]
2026-09-06T18:11:58.7183158Z     },
2026-09-06T18:11:58.7183240Z     {
2026-09-06T18:11:58.7183327Z       "backtrace" : 83,
2026-09-06T18:11:58.7183540Z       "command" : 
2026-09-06T18:11:58.7183620Z       [
2026-09-06T18:11:58.7183767Z         "/home/runner/work/20231788./20231788./build/relin2_test",
2026-09-06T18:11:58.7183883Z         "first_recombined_rcb_validation"
2026-09-06T18:11:58.7183959Z       ],
2026-09-06T18:11:58.7184098Z       "name" : "relin2_first_recombined_rcb_validation",
2026-09-06T18:11:58.7184202Z       "properties" : 
2026-09-06T18:11:58.7184285Z       [
2026-09-06T18:11:58.7184360Z         {
2026-09-06T18:11:58.7184463Z           "name" : "WORKING_DIRECTORY",
2026-09-06T18:11:58.7184604Z           "value" : "/home/runner/work/20231788./20231788./build"
2026-09-06T18:11:58.7184680Z         }
2026-09-06T18:11:58.7184760Z       ]
2026-09-06T18:11:58.7184835Z     },
2026-09-06T18:11:58.7184913Z     {
2026-09-06T18:11:58.7184999Z       "backtrace" : 85,
2026-09-06T18:11:58.7185083Z       "command" : 
2026-09-06T18:11:58.7185163Z       [
2026-09-06T18:11:58.7185330Z         "/home/runner/work/20231788./20231788./build/relin2_test",
2026-09-06T18:11:58.7185453Z         "first_recombined_tensor2_validation"
2026-09-06T18:11:58.7185530Z       ],
2026-09-06T18:11:58.7185682Z       "name" : "relin2_first_recombined_tensor2_validation",
2026-09-06T18:11:58.7185912Z       "properties" : 
2026-09-06T18:11:58.7185994Z       [
2026-09-06T18:11:58.7186071Z         {
2026-09-06T18:11:58.7186172Z           "name" : "WORKING_DIRECTORY",
2026-09-06T18:11:58.7186312Z           "value" : "/home/runner/work/20231788./20231788./build"
2026-09-06T18:11:58.7186409Z         }
2026-09-06T18:11:58.7186487Z       ]
2026-09-06T18:11:58.7186562Z     },
2026-09-06T18:11:58.7186643Z     {
2026-09-06T18:11:58.7186732Z       "backtrace" : 87,
2026-09-06T18:11:58.7186822Z       "command" : 
2026-09-06T18:11:58.7186902Z       [
2026-09-06T18:11:58.7187052Z         "/home/runner/work/20231788./20231788./build/relin2_test",
2026-09-06T18:11:58.7187162Z         "tensor2_requires_first_lifecycle"
2026-09-06T18:11:58.7187238Z       ],
2026-09-06T18:11:58.7187382Z       "name" : "relin2_tensor2_requires_first_lifecycle",
2026-09-06T18:11:58.7187486Z       "properties" : 
2026-09-06T18:11:58.7187567Z       [
2026-09-06T18:11:58.7187643Z         {
2026-09-06T18:11:58.7187751Z           "name" : "WORKING_DIRECTORY",
2026-09-06T18:11:58.7187893Z           "value" : "/home/runner/work/20231788./20231788./build"
2026-09-06T18:11:58.7187969Z         }
2026-09-06T18:11:58.7188048Z       ]
2026-09-06T18:11:58.7188123Z     },
2026-09-06T18:11:58.7188202Z     {
2026-09-06T18:11:58.7188287Z       "backtrace" : 89,
2026-09-06T18:11:58.7188373Z       "command" : 
2026-09-06T18:11:58.7188447Z       [
2026-09-06T18:11:58.7188707Z         "/home/runner/work/20231788./20231788./build/rs2_test",
2026-09-06T18:11:58.7188801Z         "wrong_lifecycle"
2026-09-06T18:11:58.7188878Z       ],
2026-09-06T18:11:58.7188982Z       "name" : "rs2_wrong_lifecycle",
2026-09-06T18:11:58.7189069Z       "properties" : 
2026-09-06T18:11:58.7189149Z       [
2026-09-06T18:11:58.7189226Z         {
2026-09-06T18:11:58.7189333Z           "name" : "WORKING_DIRECTORY",
2026-09-06T18:11:58.7189473Z           "value" : "/home/runner/work/20231788./20231788./build"
2026-09-06T18:11:58.7189549Z         }
2026-09-06T18:11:58.7189633Z       ]
2026-09-06T18:11:58.7189726Z     },
2026-09-06T18:11:58.7189806Z     {
2026-09-06T18:11:58.7189891Z       "backtrace" : 91,
2026-09-06T18:11:58.7189977Z       "command" : 
2026-09-06T18:11:58.7190054Z       [
2026-09-06T18:11:58.7190199Z         "/home/runner/work/20231788./20231788./build/rs2_test",
2026-09-06T18:11:58.7190312Z         "valid_arithmetic_state_immutability"
2026-09-06T18:11:58.7190389Z       ],
2026-09-06T18:11:58.7190526Z       "name" : "rs2_valid_arithmetic_state_immutability",
2026-09-06T18:11:58.7190612Z       "properties" : 
2026-09-06T18:11:58.7190692Z       [
2026-09-06T18:11:58.7190767Z         {
2026-09-06T18:11:58.7190884Z           "name" : "WORKING_DIRECTORY",
2026-09-06T18:11:58.7191022Z           "value" : "/home/runner/work/20231788./20231788./build"
2026-09-06T18:11:58.7191214Z         }
2026-09-06T18:11:58.7191294Z       ]
2026-09-06T18:11:58.7191369Z     },
2026-09-06T18:11:58.7191450Z     {
2026-09-06T18:11:58.7191538Z       "backtrace" : 93,
2026-09-06T18:11:58.7191627Z       "command" : 
2026-09-06T18:11:58.7191703Z       [
2026-09-06T18:11:58.7191849Z         "/home/runner/work/20231788./20231788./build/rs2_test",
2026-09-06T18:11:58.7191963Z         "mixed_tower_format"
2026-09-06T18:11:58.7192040Z       ],
2026-09-06T18:11:58.7192146Z       "name" : "rs2_mixed_tower_format",
2026-09-06T18:11:58.7192232Z       "properties" : 
2026-09-06T18:11:58.7192313Z       [
2026-09-06T18:11:58.7192389Z         {
2026-09-06T18:11:58.7192490Z           "name" : "WORKING_DIRECTORY",
2026-09-06T18:11:58.7192624Z           "value" : "/home/runner/work/20231788./20231788./build"
2026-09-06T18:11:58.7192704Z         }
2026-09-06T18:11:58.7192784Z       ]
2026-09-06T18:11:58.7192860Z     },
2026-09-06T18:11:58.7192939Z     {
2026-09-06T18:11:58.7193049Z       "backtrace" : 95,
2026-09-06T18:11:58.7193134Z       "command" : 
2026-09-06T18:11:58.7193221Z       [
2026-09-06T18:11:58.7193368Z         "/home/runner/work/20231788./20231788./build/rs2_test",
2026-09-06T18:11:58.7193575Z         "untouched_public_pipeline"
2026-09-06T18:11:58.7193658Z       ],
2026-09-06T18:11:58.7193776Z       "name" : "rs2_untouched_public_pipeline",
2026-09-06T18:11:58.7193870Z       "properties" : 
2026-09-06T18:11:58.7193946Z       [
2026-09-06T18:11:58.7194026Z         {
2026-09-06T18:11:58.7194144Z           "name" : "WORKING_DIRECTORY",
2026-09-06T18:11:58.7194279Z           "value" : "/home/runner/work/20231788./20231788./build"
2026-09-06T18:11:58.7194362Z         }
2026-09-06T18:11:58.7194437Z       ]
2026-09-06T18:11:58.7194519Z     },
2026-09-06T18:11:58.7194594Z     {
2026-09-06T18:11:58.7194687Z       "backtrace" : 97,
2026-09-06T18:11:58.7194767Z       "command" : 
2026-09-06T18:11:58.7194846Z       [
2026-09-06T18:11:58.7194987Z         "/home/runner/work/20231788./20231788./build/rs2_test",
2026-09-06T18:11:58.7195089Z         "declared_basis_mismatch"
2026-09-06T18:11:58.7195170Z       ],
2026-09-06T18:11:58.7195293Z       "name" : "rs2_declared_basis_mismatch",
2026-09-06T18:11:58.7195389Z       "properties" : 
2026-09-06T18:11:58.7195465Z       [
2026-09-06T18:11:58.7195547Z         {
2026-09-06T18:11:58.7195646Z           "name" : "WORKING_DIRECTORY",
2026-09-06T18:11:58.7195785Z           "value" : "/home/runner/work/20231788./20231788./build"
2026-09-06T18:11:58.7195867Z         }
2026-09-06T18:11:58.7195944Z       ]
2026-09-06T18:11:58.7196025Z     },
2026-09-06T18:11:58.7196100Z     {
2026-09-06T18:11:58.7196191Z       "backtrace" : 99,
2026-09-06T18:11:58.7196273Z       "command" : 
2026-09-06T18:11:58.7196376Z       [
2026-09-06T18:11:58.7196519Z         "/home/runner/work/20231788./20231788./build/rs2_test",
2026-09-06T18:11:58.7196614Z         "terminal_rejections"
2026-09-06T18:11:58.7196695Z       ],
2026-09-06T18:11:58.7196797Z       "name" : "rs2_terminal_rejections",
2026-09-06T18:11:58.7196893Z       "properties" : 
2026-09-06T18:11:58.7196968Z       [
2026-09-06T18:11:58.7197050Z         {
2026-09-06T18:11:58.7197148Z           "name" : "WORKING_DIRECTORY",
2026-09-06T18:11:58.7197291Z           "value" : "/home/runner/work/20231788./20231788./build"
2026-09-06T18:11:58.7197370Z         }
2026-09-06T18:11:58.7197464Z       ]
2026-09-06T18:11:58.7197546Z     },
2026-09-06T18:11:58.7197622Z     {
2026-09-06T18:11:58.7197717Z       "backtrace" : 101,
2026-09-06T18:11:58.7197797Z       "command" : 
2026-09-06T18:11:58.7197878Z       [
2026-09-06T18:11:58.7198028Z         "/home/runner/work/20231788./20231788./build/mult2_test",
2026-09-06T18:11:58.7198125Z         "composition_contract"
2026-09-06T18:11:58.7198207Z       ],
2026-09-06T18:11:58.7198317Z       "name" : "mult2_composition_contract",
2026-09-06T18:11:58.7198410Z       "properties" : 
2026-09-06T18:11:58.7198486Z       [
2026-09-06T18:11:58.7198673Z         {
2026-09-06T18:11:58.7198771Z           "name" : "WORKING_DIRECTORY",
2026-09-06T18:11:58.7199037Z           "value" : "/home/runner/work/20231788./20231788./build"
2026-09-06T18:11:58.7199120Z         }
2026-09-06T18:11:58.7199198Z       ]
2026-09-06T18:11:58.7199280Z     },
2026-09-06T18:11:58.7199361Z     {
2026-09-06T18:11:58.7199458Z       "backtrace" : 103,
2026-09-06T18:11:58.7199542Z       "command" : 
2026-09-06T18:11:58.7199625Z       [
2026-09-06T18:11:58.7199828Z         "/home/runner/work/20231788./20231788./build/mult2_e2e_oracle_test",
2026-09-06T18:11:58.7199921Z         "hybrid_real"
2026-09-06T18:11:58.7200020Z       ],
2026-09-06T18:11:58.7200120Z       "name" : "mult2_e2e_hybrid_real",
2026-09-06T18:11:58.7200211Z       "properties" : 
2026-09-06T18:11:58.7200288Z       [
2026-09-06T18:11:58.7200369Z         {
2026-09-06T18:11:58.7200464Z           "name" : "WORKING_DIRECTORY",
2026-09-06T18:11:58.7200604Z           "value" : "/home/runner/work/20231788./20231788./build"
2026-09-06T18:11:58.7200683Z         }
2026-09-06T18:11:58.7200761Z       ]
2026-09-06T18:11:58.7200841Z     },
2026-09-06T18:11:58.7200917Z     {
2026-09-06T18:11:58.7201009Z       "backtrace" : 105,
2026-09-06T18:11:58.7201107Z       "command" : 
2026-09-06T18:11:58.7201189Z       [
2026-09-06T18:11:58.7201511Z         "/home/runner/work/20231788./20231788./build/mult2_e2e_oracle_test",
2026-09-06T18:11:58.7201606Z         "hybrid_complex"
2026-09-06T18:11:58.7201687Z       ],
2026-09-06T18:11:58.7201791Z       "name" : "mult2_e2e_hybrid_complex",
2026-09-06T18:11:58.7201883Z       "properties" : 
2026-09-06T18:11:58.7201959Z       [
2026-09-06T18:11:58.7202039Z         {
2026-09-06T18:11:58.7202135Z           "name" : "WORKING_DIRECTORY",
2026-09-06T18:11:58.7202294Z           "value" : "/home/runner/work/20231788./20231788./build"
2026-09-06T18:11:58.7202376Z         }
2026-09-06T18:11:58.7202454Z       ]
2026-09-06T18:11:58.7202535Z     },
2026-09-06T18:11:58.7202611Z     {
2026-09-06T18:11:58.7202704Z       "backtrace" : 107,
2026-09-06T18:11:58.7202789Z       "command" : 
2026-09-06T18:11:58.7202869Z       [
2026-09-06T18:11:58.7203055Z         "/home/runner/work/20231788./20231788./build/mult2_e2e_oracle_test",
2026-09-06T18:11:58.7203142Z         "bv_real"
2026-09-06T18:11:58.7203225Z       ],
2026-09-06T18:11:58.7203341Z       "name" : "mult2_e2e_bv_real",
2026-09-06T18:11:58.7203433Z       "properties" : 
2026-09-06T18:11:58.7203508Z       [
2026-09-06T18:11:58.7203589Z         {
2026-09-06T18:11:58.7203685Z           "name" : "WORKING_DIRECTORY",
2026-09-06T18:11:58.7203825Z           "value" : "/home/runner/work/20231788./20231788./build"
2026-09-06T18:11:58.7203903Z         }
2026-09-06T18:11:58.7203984Z       ]
2026-09-06T18:11:58.7204064Z     },
2026-09-06T18:11:58.7204139Z     {
2026-09-06T18:11:58.7204230Z       "backtrace" : 109,
2026-09-06T18:11:58.7204310Z       "command" : 
2026-09-06T18:11:58.7204412Z       [
2026-09-06T18:11:58.7204599Z         "/home/runner/work/20231788./20231788./build/mult2_e2e_oracle_test",
2026-09-06T18:11:58.7204693Z         "bv_complex"
2026-09-06T18:11:58.7204771Z       ],
2026-09-06T18:11:58.7204876Z       "name" : "mult2_e2e_bv_complex",
2026-09-06T18:11:58.7204965Z       "properties" : 
2026-09-06T18:11:58.7205042Z       [
2026-09-06T18:11:58.7205127Z         {
2026-09-06T18:11:58.7205223Z           "name" : "WORKING_DIRECTORY",
2026-09-06T18:11:58.7205362Z           "value" : "/home/runner/work/20231788./20231788./build"
2026-09-06T18:11:58.7205439Z         }
2026-09-06T18:11:58.7205536Z       ]
2026-09-06T18:11:58.7205617Z     },
2026-09-06T18:11:58.7205695Z     {
2026-09-06T18:11:58.7205788Z       "backtrace" : 111,
2026-09-06T18:11:58.7205871Z       "command" : 
2026-09-06T18:11:58.7205955Z       [
2026-09-06T18:11:58.7206141Z         "/home/runner/work/20231788./20231788./build/mult2_e2e_oracle_test",
2026-09-06T18:11:58.7206249Z         "pair_add_input_hybrid_complex"
2026-09-06T18:11:58.7206325Z       ],
2026-09-06T18:11:58.7206459Z       "name" : "mult2_pair_add_input_hybrid_complex",
2026-09-06T18:11:58.7206655Z       "properties" : 
2026-09-06T18:11:58.7206731Z       [
2026-09-06T18:11:58.7206812Z         {
2026-09-06T18:11:58.7206910Z           "name" : "WORKING_DIRECTORY",
2026-09-06T18:11:58.7207053Z           "value" : "/home/runner/work/20231788./20231788./build"
2026-09-06T18:11:58.7207129Z         }
2026-09-06T18:11:58.7207211Z       ]
2026-09-06T18:11:58.7207290Z     },
2026-09-06T18:11:58.7207367Z     {
2026-09-06T18:11:58.7207460Z       "backtrace" : 113,
2026-09-06T18:11:58.7207542Z       "command" : 
2026-09-06T18:11:58.7207623Z       [
2026-09-06T18:11:58.7207827Z         "/home/runner/work/20231788./20231788./build/mult2_e2e_oracle_test",
2026-09-06T18:11:58.7207934Z         "pair_sub_input_hybrid_complex"
2026-09-06T18:11:58.7208010Z       ],
2026-09-06T18:11:58.7208140Z       "name" : "mult2_pair_sub_input_hybrid_complex",
2026-09-06T18:11:58.7208231Z       "properties" : 
2026-09-06T18:11:58.7208307Z       [
2026-09-06T18:11:58.7208390Z         {
2026-09-06T18:11:58.7208486Z           "name" : "WORKING_DIRECTORY",
2026-09-06T18:11:58.7208732Z           "value" : "/home/runner/work/20231788./20231788./build"
2026-09-06T18:11:58.7208810Z         }
2026-09-06T18:11:58.7208891Z       ]
2026-09-06T18:11:58.7208967Z     }
2026-09-06T18:11:58.7209159Z   ],
2026-09-06T18:11:58.7209249Z   "version" : 
2026-09-06T18:11:58.7209325Z   {
2026-09-06T18:11:58.7209412Z     "major" : 1,
2026-09-06T18:11:58.7209493Z     "minor" : 0
2026-09-06T18:11:58.7209572Z   }
2026-09-06T18:11:58.7209852Z }Internal ctest changing into directory: /home/runner/work/20231788./20231788./build
2026-09-06T18:11:58.7210188Z UpdateCTestConfiguration  from :/home/runner/work/20231788./20231788./build/DartConfiguration.tcl
2026-09-06T18:11:58.7210504Z UpdateCTestConfiguration  from :/home/runner/work/20231788./20231788./build/DartConfiguration.tcl
2026-09-06T18:11:58.7210649Z Test project /home/runner/work/20231788./20231788./build
2026-09-06T18:11:58.7210753Z Constructing a list of tests
2026-09-06T18:11:58.7210880Z Done constructing a list of tests
2026-09-06T18:11:58.7210995Z Updating test list for fixtures
2026-09-06T18:11:58.7211114Z Added 0 tests to meet fixture requirements
2026-09-06T18:11:58.7211226Z Checking test dependency graph...
2026-09-06T18:11:58.7211339Z Checking test dependency graph end
2026-09-06T18:11:58.7211417Z test 1
2026-09-06T18:11:58.7211513Z       Start  1: dcp_rcb
2026-09-06T18:11:58.7211520Z 
2026-09-06T18:11:58.7211723Z 1: Test command: /home/runner/work/20231788./20231788./build/dcp_rcb_test
2026-09-06T18:11:58.7211920Z 1: Working Directory: /home/runner/work/20231788./20231788./build
2026-09-06T18:11:58.7212032Z 1: Test timeout computed to be: 10000000
2026-09-06T18:11:58.7336655Z 1: DCP/RCB independent-oracle tests passed
2026-09-06T18:11:58.7340441Z  1/57 Test  #1: dcp_rcb .........................................   Passed    0.04 sec
2026-09-06T18:11:58.7342398Z test 2
2026-09-06T18:11:58.7342591Z       Start  2: precision_dcp_rcb_high_precision_contract
2026-09-06T18:11:58.7342600Z 
2026-09-06T18:11:58.7342932Z 2: Test command: /home/runner/work/20231788./20231788./build/precision_dcp_rcb_contract_test
2026-09-06T18:11:58.7343125Z 2: Working Directory: /home/runner/work/20231788./20231788./build
2026-09-06T18:11:58.7343258Z 2: Test timeout computed to be: 10000000
2026-09-06T18:11:58.7781462Z 2: test=precision_dcp_rcb_high_precision_contract trial=0 security_level=HEStd_NotSet(functional-diagnostic-only) key_switch=HYBRID ckks_data_type=COMPLEX N=64 batch=16 depth=7 scaling_mod_size=50 first_mod_size=55 scale_bits=100 q_div=1125899906843009 active_modulus_bits=356 maximum_coefficient_bits=98 approximate_headroom_bits=258 delta_error=2.0473050530952765841726648503367212120158e-28 max_slot_error=3.8678729773329042261241343386053904291322e-28
2026-09-06T18:11:58.7782730Z 2: test=precision_dcp_rcb_high_precision_contract trial=1 security_level=HEStd_NotSet(functional-diagnostic-only) key_switch=HYBRID ckks_data_type=COMPLEX N=64 batch=16 depth=7 scaling_mod_size=50 first_mod_size=55 scale_bits=100 q_div=1125899906843009 active_modulus_bits=356 maximum_coefficient_bits=98 approximate_headroom_bits=258 delta_error=3.6435198166844169104516212116887573695014e-28 max_slot_error=3.0075503997404941876596904558279577826344e-28
2026-09-06T18:11:58.7784274Z 2: test=precision_dcp_rcb_high_precision_contract trial=2 security_level=HEStd_NotSet(functional-diagnostic-only) key_switch=HYBRID ckks_data_type=COMPLEX N=64 batch=16 depth=7 scaling_mod_size=50 first_mod_size=55 scale_bits=100 q_div=1125899906843009 active_modulus_bits=356 maximum_coefficient_bits=98 approximate_headroom_bits=258 delta_error=1.4992539875287875511600652988440196026566e-28 max_slot_error=2.5807337834269699083746387382142100600104e-28
2026-09-06T18:11:58.7785362Z 2: test=precision_dcp_rcb_high_precision_contract trial=3 security_level=HEStd_NotSet(functional-diagnostic-only) key_switch=HYBRID ckks_data_type=COMPLEX N=64 batch=16 depth=7 scaling_mod_size=50 first_mod_size=55 scale_bits=100 q_div=1125899906843009 active_modulus_bits=356 maximum_coefficient_bits=98 approximate_headroom_bits=258 delta_error=2.5921972786533907907938096690132556624590e-28 max_slot_error=3.8715386767962846180914457251886126195210e-28
2026-09-06T18:11:58.7785477Z 2: precision_dcp_rcb_high_precision_contract=PASS
2026-09-06T18:11:58.7785782Z  2/57 Test  #2: precision_dcp_rcb_high_precision_contract .......   Passed    0.04 sec
2026-09-06T18:11:58.7785851Z test 3
2026-09-06T18:11:58.7785974Z       Start  3: precision_first_mult2_high_precision_contract
2026-09-06T18:11:58.7785980Z 
2026-09-06T18:11:58.7786196Z 3: Test command: /home/runner/work/20231788./20231788./build/precision_first_mult2_contract_test
2026-09-06T18:11:58.7786322Z 3: Working Directory: /home/runner/work/20231788./20231788./build
2026-09-06T18:11:58.7786412Z 3: Test timeout computed to be: 10000000
2026-09-06T18:11:58.9153764Z 3: test=precision_first_mult2_high_precision_contract trial=0 claim_scope=first-Mult2-diagnostic-only security_level=HEStd_NotSet(diagnostic-only) key_switch=HYBRID ckks_data_type=COMPLEX N=64 batch=16 depth=7 scaling_mod_size=50 first_mod_size=55 input_scale_numerator=2^100 final_logical_scale_numerator=2^200 final_logical_scale_denominator=1267650600226646386227681786497 q_div=1125899906843009 q_l=1125899906840833 input_product_centered_headroom_bits=160 output_centered_headroom_bits=210 coefficient_error_numerator=83295746463272168730167217665468 coefficient_error_denominator=1267650600226646386227681786497 frozen_abs_tolerance=2^-80 product_delta_error=1.1380332381721472070061994339004015898871e-28 max_slot_error=5.4260057742495726230817863218149343955979e-28
2026-09-06T18:11:58.9157667Z 3: test=precision_first_mult2_high_precision_contract trial=1 claim_scope=first-Mult2-diagnostic-only security_level=HEStd_NotSet(diagnostic-only) key_switch=HYBRID ckks_data_type=COMPLEX N=64 batch=16 depth=7 scaling_mod_size=50 first_mod_size=55 input_scale_numerator=2^100 final_logical_scale_numerator=2^200 final_logical_scale_denominator=1267650600226646386227681786497 q_div=1125899906843009 q_l=1125899906840833 input_product_centered_headroom_bits=160 output_centered_headroom_bits=210 coefficient_error_numerator=139427507845935367801343754227564 coefficient_error_denominator=1267650600226646386227681786497 frozen_abs_tolerance=2^-80 product_delta_error=1.0635634526151969542726984948085773798105e-27 max_slot_error=1.0611599212726395590018607765514069109403e-27
2026-09-06T18:11:58.9161502Z 3: test=precision_first_mult2_high_precision_contract trial=2 claim_scope=first-Mult2-diagnostic-only security_level=HEStd_NotSet(diagnostic-only) key_switch=HYBRID ckks_data_type=COMPLEX N=64 batch=16 depth=7 scaling_mod_size=50 first_mod_size=55 input_scale_numerator=2^100 final_logical_scale_numerator=2^200 final_logical_scale_denominator=1267650600226646386227681786497 q_div=1125899906843009 q_l=1125899906840833 input_product_centered_headroom_bits=160 output_centered_headroom_bits=210 coefficient_error_numerator=138338499915705724297410385045512 coefficient_error_denominator=1267650600226646386227681786497 frozen_abs_tolerance=2^-80 product_delta_error=3.8650124660536196508508114539686858354675e-28 max_slot_error=8.8243131601532445884024058618500413135105e-28
2026-09-06T18:11:58.9165367Z 3: test=precision_first_mult2_high_precision_contract trial=3 claim_scope=first-Mult2-diagnostic-only security_level=HEStd_NotSet(diagnostic-only) key_switch=HYBRID ckks_data_type=COMPLEX N=64 batch=16 depth=7 scaling_mod_size=50 first_mod_size=55 input_scale_numerator=2^100 final_logical_scale_numerator=2^200 final_logical_scale_denominator=1267650600226646386227681786497 q_div=1125899906843009 q_l=1125899906840833 input_product_centered_headroom_bits=160 output_centered_headroom_bits=210 coefficient_error_numerator=174181886248558960112881560599371 coefficient_error_denominator=1267650600226646386227681786497 frozen_abs_tolerance=2^-80 product_delta_error=4.8476103689807190303531776159509071577806e-28 max_slot_error=1.5841815603293444379495343353454662144125e-27
2026-09-06T18:11:58.9165823Z 3: precision_first_mult2_high_precision_contract=PASS
2026-09-06T18:11:58.9166312Z  3/57 Test  #3: precision_first_mult2_high_precision_contract ...   Passed    0.14 sec
2026-09-06T18:11:58.9166546Z test 4
2026-09-06T18:11:58.9166815Z       Start  4: pair_add_runtime_behavior
2026-09-06T18:11:58.9167153Z 
2026-09-06T18:11:58.9167550Z 4: Test command: /home/runner/work/20231788./20231788./build/pair_add_test
2026-09-06T18:11:58.9167905Z 4: Working Directory: /home/runner/work/20231788./20231788./build
2026-09-06T18:11:58.9168170Z 4: Test timeout computed to be: 10000000
2026-09-06T18:11:58.9223263Z 4: pair Add runtime behavior passed
2026-09-06T18:11:58.9227030Z  4/57 Test  #4: pair_add_runtime_behavior .......................   Passed    0.01 sec
2026-09-06T18:11:58.9228751Z test 5
2026-09-06T18:11:58.9228914Z       Start  5: pair_sub_runtime_behavior
2026-09-06T18:11:58.9228927Z 
2026-09-06T18:11:58.9229182Z 5: Test command: /home/runner/work/20231788./20231788./build/pair_sub_test
2026-09-06T18:11:58.9229394Z 5: Working Directory: /home/runner/work/20231788./20231788./build
2026-09-06T18:11:58.9229538Z 5: Test timeout computed to be: 10000000
2026-09-06T18:11:58.9325929Z 5: pair Sub runtime behavior passed
2026-09-06T18:11:58.9329547Z  5/57 Test  #5: pair_sub_runtime_behavior .......................   Passed    0.01 sec
2026-09-06T18:11:58.9331093Z test 6
2026-09-06T18:11:58.9331268Z       Start  6: pair_arithmetic_controlled_oracle
2026-09-06T18:11:58.9331280Z 
2026-09-06T18:11:58.9331638Z 6: Test command: /home/runner/work/20231788./20231788./build/pair_arithmetic_test "controlled_oracle"
2026-09-06T18:11:58.9331844Z 6: Working Directory: /home/runner/work/20231788./20231788./build
2026-09-06T18:11:58.9331976Z 6: Test timeout computed to be: 10000000
2026-09-06T18:11:58.9993281Z 6: pair-arithmetic case passed: controlled_oracle
2026-09-06T18:11:59.0000242Z  6/57 Test  #6: pair_arithmetic_controlled_oracle ...............   Passed    0.07 sec
2026-09-06T18:11:59.0004583Z test 7
2026-09-06T18:11:59.0004939Z       Start  7: pair_arithmetic_public_lifecycles_keyless
2026-09-06T18:11:59.0005280Z 
2026-09-06T18:11:59.0005689Z 7: Test command: /home/runner/work/20231788./20231788./build/pair_arithmetic_test "public_lifecycles_keyless"
2026-09-06T18:11:59.0006436Z 7: Working Directory: /home/runner/work/20231788./20231788./build
2026-09-06T18:11:59.0006883Z 7: Test timeout computed to be: 10000000
2026-09-06T18:11:59.0318815Z 7: pair-arithmetic case passed: public_lifecycles_keyless
2026-09-06T18:11:59.0322878Z  7/57 Test  #7: pair_arithmetic_public_lifecycles_keyless .......   Passed    0.03 sec
2026-09-06T18:11:59.0324498Z test 8
2026-09-06T18:11:59.0324817Z       Start  8: pair_arithmetic_compatibility_rejections
2026-09-06T18:11:59.0325094Z 
2026-09-06T18:11:59.0325476Z 8: Test command: /home/runner/work/20231788./20231788./build/pair_arithmetic_test "compatibility_rejections"
2026-09-06T18:11:59.0326237Z 8: Working Directory: /home/runner/work/20231788./20231788./build
2026-09-06T18:11:59.0326530Z 8: Test timeout computed to be: 10000000
2026-09-06T18:11:59.0411847Z 8: pair-arithmetic case passed: compatibility_rejections
2026-09-06T18:11:59.0414903Z  8/57 Test  #8: pair_arithmetic_compatibility_rejections ........   Passed    0.01 sec
2026-09-06T18:11:59.0416136Z test 9
2026-09-06T18:11:59.0416484Z       Start  9: tensor2_valid_arithmetic_immutability
2026-09-06T18:11:59.0416751Z 
2026-09-06T18:11:59.0417133Z 9: Test command: /home/runner/work/20231788./20231788./build/tensor2_test "valid_arithmetic_immutability"
2026-09-06T18:11:59.0417858Z 9: Working Directory: /home/runner/work/20231788./20231788./build
2026-09-06T18:11:59.0418152Z 9: Test timeout computed to be: 10000000
2026-09-06T18:11:59.0475695Z 9: Tensor2 case passed: valid_arithmetic_immutability
2026-09-06T18:11:59.0479877Z  9/57 Test  #9: tensor2_valid_arithmetic_immutability ...........   Passed    0.01 sec
2026-09-06T18:11:59.0481061Z test 10
2026-09-06T18:11:59.0481314Z       Start 10: tensor2_result_scale_contract
2026-09-06T18:11:59.0481553Z 
2026-09-06T18:11:59.0481890Z 10: Test command: /home/runner/work/20231788./20231788./build/tensor2_test "result_scale_contract"
2026-09-06T18:11:59.0482445Z 10: Working Directory: /home/runner/work/20231788./20231788./build
2026-09-06T18:11:59.0482736Z 10: Test timeout computed to be: 10000000
2026-09-06T18:11:59.0517194Z 10: Tensor2 case passed: result_scale_contract
2026-09-06T18:11:59.0520164Z 10/57 Test #10: tensor2_result_scale_contract ...................   Passed    0.00 sec
2026-09-06T18:11:59.0521679Z test 11
2026-09-06T18:11:59.0521913Z       Start 11: tensor2_right_input_validation
2026-09-06T18:11:59.0522080Z 
2026-09-06T18:11:59.0522305Z 11: Test command: /home/runner/work/20231788./20231788./build/tensor2_test "right_input_validation"
2026-09-06T18:11:59.0522733Z 11: Working Directory: /home/runner/work/20231788./20231788./build
2026-09-06T18:11:59.0523037Z 11: Test timeout computed to be: 10000000
2026-09-06T18:11:59.0556771Z 11: Tensor2 case passed: right_input_validation
2026-09-06T18:11:59.0560347Z 11/57 Test #11: tensor2_right_input_validation ..................   Passed    0.00 sec
2026-09-06T18:11:59.0561470Z test 12
2026-09-06T18:11:59.0561722Z       Start 12: tensor2_mutual_compatibility
2026-09-06T18:11:59.0561962Z 
2026-09-06T18:11:59.0562307Z 12: Test command: /home/runner/work/20231788./20231788./build/tensor2_test "mutual_compatibility"
2026-09-06T18:11:59.0562852Z 12: Working Directory: /home/runner/work/20231788./20231788./build
2026-09-06T18:11:59.0563129Z 12: Test timeout computed to be: 10000000
2026-09-06T18:11:59.0596609Z 12: Tensor2 case passed: mutual_compatibility
2026-09-06T18:11:59.0599859Z 12/57 Test #12: tensor2_mutual_compatibility ....................   Passed    0.00 sec
2026-09-06T18:11:59.0601107Z test 13
2026-09-06T18:11:59.0601387Z       Start 13: tensor2_prearithmetic_key_compatibility
2026-09-06T18:11:59.0601650Z 
2026-09-06T18:11:59.0602052Z 13: Test command: /home/runner/work/20231788./20231788./build/tensor2_test "prearithmetic_key_compatibility"
2026-09-06T18:11:59.0602518Z 13: Working Directory: /home/runner/work/20231788./20231788./build
2026-09-06T18:11:59.0602804Z 13: Test timeout computed to be: 10000000
2026-09-06T18:11:59.0636623Z 13: Tensor2 case passed: prearithmetic_key_compatibility
2026-09-06T18:11:59.0639800Z 13/57 Test #13: tensor2_prearithmetic_key_compatibility .........   Passed    0.00 sec
2026-09-06T18:11:59.0641240Z test 14
2026-09-06T18:11:59.0641515Z       Start 14: relin2_tensor_validation_order
2026-09-06T18:11:59.0641760Z 
2026-09-06T18:11:59.0642108Z 14: Test command: /home/runner/work/20231788./20231788./build/relin2_test "tensor_validation_order"
2026-09-06T18:11:59.0642831Z 14: Working Directory: /home/runner/work/20231788./20231788./build
2026-09-06T18:11:59.0643115Z 14: Test timeout computed to be: 10000000
2026-09-06T18:11:59.0676946Z 14: Relin2 case passed: tensor_validation_order
2026-09-06T18:11:59.0680509Z 14/57 Test #14: relin2_tensor_validation_order ..................   Passed    0.00 sec
2026-09-06T18:11:59.0681924Z test 15
2026-09-06T18:11:59.0682209Z       Start 15: relin2_insufficient_active_basis
2026-09-06T18:11:59.0682647Z 
2026-09-06T18:11:59.0682998Z 15: Test command: /home/runner/work/20231788./20231788./build/relin2_test "insufficient_active_basis"
2026-09-06T18:11:59.0683661Z 15: Working Directory: /home/runner/work/20231788./20231788./build
2026-09-06T18:11:59.0683948Z 15: Test timeout computed to be: 10000000
2026-09-06T18:11:59.0716063Z 15: Relin2 case passed: insufficient_active_basis
2026-09-06T18:11:59.0719391Z 15/57 Test #15: relin2_insufficient_active_basis ................   Passed    0.00 sec
2026-09-06T18:11:59.0720881Z test 16
2026-09-06T18:11:59.0721094Z       Start 16: relin2_missing_eval_key
2026-09-06T18:11:59.0721240Z 
2026-09-06T18:11:59.0721439Z 16: Test command: /home/runner/work/20231788./20231788./build/relin2_test "missing_eval_key"
2026-09-06T18:11:59.0721832Z 16: Working Directory: /home/runner/work/20231788./20231788./build
2026-09-06T18:11:59.0722162Z 16: Test timeout computed to be: 10000000
2026-09-06T18:11:59.0755990Z 16: Relin2 case passed: missing_eval_key
2026-09-06T18:11:59.0759471Z 16/57 Test #16: relin2_missing_eval_key .........................   Passed    0.00 sec
2026-09-06T18:11:59.0760681Z test 17
2026-09-06T18:11:59.0760913Z       Start 17: relin2_key_empty
2026-09-06T18:11:59.0761295Z 
2026-09-06T18:11:59.0761569Z 17: Test command: /home/runner/work/20231788./20231788./build/relin2_test "key_empty"
2026-09-06T18:11:59.0762063Z 17: Working Directory: /home/runner/work/20231788./20231788./build
2026-09-06T18:11:59.0762346Z 17: Test timeout computed to be: 10000000
2026-09-06T18:11:59.0796649Z 17: Relin2 case passed: key_empty
2026-09-06T18:11:59.0799920Z 17/57 Test #17: relin2_key_empty ................................   Passed    0.00 sec
2026-09-06T18:11:59.0801366Z test 18
2026-09-06T18:11:59.0801580Z       Start 18: relin2_key_null_first
2026-09-06T18:11:59.0801734Z 
2026-09-06T18:11:59.0801939Z 18: Test command: /home/runner/work/20231788./20231788./build/relin2_test "key_null_first"
2026-09-06T18:11:59.0802354Z 18: Working Directory: /home/runner/work/20231788./20231788./build
2026-09-06T18:11:59.0802680Z 18: Test timeout computed to be: 10000000
2026-09-06T18:11:59.0836321Z 18: Relin2 case passed: key_null_first
2026-09-06T18:11:59.0840075Z 18/57 Test #18: relin2_key_null_first ...........................   Passed    0.00 sec
2026-09-06T18:11:59.0841126Z test 19
2026-09-06T18:11:59.0841367Z       Start 19: relin2_key_wrong_context
2026-09-06T18:11:59.0841599Z 
2026-09-06T18:11:59.0841911Z 19: Test command: /home/runner/work/20231788./20231788./build/relin2_test "key_wrong_context"
2026-09-06T18:11:59.0842474Z 19: Working Directory: /home/runner/work/20231788./20231788./build
2026-09-06T18:11:59.0842762Z 19: Test timeout computed to be: 10000000
2026-09-06T18:11:59.0884849Z 19: Relin2 case passed: key_wrong_context
2026-09-06T18:11:59.0888272Z 19/57 Test #19: relin2_key_wrong_context ........................   Passed    0.00 sec
2026-09-06T18:11:59.0889813Z test 20
2026-09-06T18:11:59.0890058Z       Start 20: relin2_key_wrong_tag
2026-09-06T18:11:59.0890287Z 
2026-09-06T18:11:59.0890580Z 20: Test command: /home/runner/work/20231788./20231788./build/relin2_test "key_wrong_tag"
2026-09-06T18:11:59.0891085Z 20: Working Directory: /home/runner/work/20231788./20231788./build
2026-09-06T18:11:59.0891384Z 20: Test timeout computed to be: 10000000
2026-09-06T18:11:59.0932828Z 20: Relin2 case passed: key_wrong_tag
2026-09-06T18:11:59.0936258Z 20/57 Test #20: relin2_key_wrong_tag ............................   Passed    0.00 sec
2026-09-06T18:11:59.0937408Z test 21
2026-09-06T18:11:59.0937658Z       Start 21: relin2_key_wrong_subtype
2026-09-06T18:11:59.0937884Z 
2026-09-06T18:11:59.0938190Z 21: Test command: /home/runner/work/20231788./20231788./build/relin2_test "key_wrong_subtype"
2026-09-06T18:11:59.0938990Z 21: Working Directory: /home/runner/work/20231788./20231788./build
2026-09-06T18:11:59.0939428Z 21: Test timeout computed to be: 10000000
2026-09-06T18:11:59.0979640Z 21: Relin2 case passed: key_wrong_subtype
2026-09-06T18:11:59.0982697Z 21/57 Test #21: relin2_key_wrong_subtype ........................   Passed    0.00 sec
2026-09-06T18:11:59.0984033Z test 22
2026-09-06T18:11:59.0984293Z       Start 22: relin2_key_hybrid_a_length
2026-09-06T18:11:59.0984478Z 
2026-09-06T18:11:59.0984698Z 22: Test command: /home/runner/work/20231788./20231788./build/relin2_test "key_hybrid_a_length"
2026-09-06T18:11:59.0985101Z 22: Working Directory: /home/runner/work/20231788./20231788./build
2026-09-06T18:11:59.0985548Z 22: Test timeout computed to be: 10000000
2026-09-06T18:11:59.1021162Z 22: Relin2 case passed: key_hybrid_a_length
2026-09-06T18:11:59.1024250Z 22/57 Test #22: relin2_key_hybrid_a_length ......................   Passed    0.00 sec
2026-09-06T18:11:59.1025722Z test 23
2026-09-06T18:11:59.1025993Z       Start 23: relin2_key_hybrid_b_length
2026-09-06T18:11:59.1026177Z 
2026-09-06T18:11:59.1026386Z 23: Test command: /home/runner/work/20231788./20231788./build/relin2_test "key_hybrid_b_length"
2026-09-06T18:11:59.1026817Z 23: Working Directory: /home/runner/work/20231788./20231788./build
2026-09-06T18:11:59.1027342Z 23: Test timeout computed to be: 10000000
2026-09-06T18:11:59.1063870Z 23: Relin2 case passed: key_hybrid_b_length
2026-09-06T18:11:59.1067458Z 23/57 Test #23: relin2_key_hybrid_b_length ......................   Passed    0.00 sec
2026-09-06T18:11:59.1068496Z test 24
2026-09-06T18:11:59.1068979Z       Start 24: relin2_key_hybrid_entry_basis
2026-09-06T18:11:59.1069223Z 
2026-09-06T18:11:59.1069610Z 24: Test command: /home/runner/work/20231788./20231788./build/relin2_test "key_hybrid_entry_basis"
2026-09-06T18:11:59.1070097Z 24: Working Directory: /home/runner/work/20231788./20231788./build
2026-09-06T18:11:59.1070384Z 24: Test timeout computed to be: 10000000
2026-09-06T18:11:59.1111208Z 24: Relin2 case passed: key_hybrid_entry_basis
2026-09-06T18:11:59.1114564Z 24/57 Test #24: relin2_key_hybrid_entry_basis ...................   Passed    0.00 sec
2026-09-06T18:11:59.1115968Z test 25
2026-09-06T18:11:59.1116240Z       Start 25: relin2_key_hybrid_entry_format
2026-09-06T18:11:59.1116506Z 
2026-09-06T18:11:59.1116852Z 25: Test command: /home/runner/work/20231788./20231788./build/relin2_test "key_hybrid_entry_format"
2026-09-06T18:11:59.1117592Z 25: Working Directory: /home/runner/work/20231788./20231788./build
2026-09-06T18:11:59.1117881Z 25: Test timeout computed to be: 10000000
2026-09-06T18:11:59.1162912Z 25: Relin2 case passed: key_hybrid_entry_format
2026-09-06T18:11:59.1166258Z 25/57 Test #25: relin2_key_hybrid_entry_format ..................   Passed    0.00 sec
2026-09-06T18:11:59.1167428Z test 26
2026-09-06T18:11:59.1167702Z       Start 26: relin2_key_bv_zero_digit_a_length
2026-09-06T18:11:59.1167953Z 
2026-09-06T18:11:59.1168299Z 26: Test command: /home/runner/work/20231788./20231788./build/relin2_test "key_bv_zero_digit_a_length"
2026-09-06T18:11:59.1169162Z 26: Working Directory: /home/runner/work/20231788./20231788./build
2026-09-06T18:11:59.1169443Z 26: Test timeout computed to be: 10000000
2026-09-06T18:11:59.1203110Z 26: Relin2 case passed: key_bv_zero_digit_a_length
2026-09-06T18:11:59.1206310Z 26/57 Test #26: relin2_key_bv_zero_digit_a_length ...............   Passed    0.00 sec
2026-09-06T18:11:59.1207533Z test 27
2026-09-06T18:11:59.1207829Z       Start 27: relin2_key_bv_zero_digit_b_length
2026-09-06T18:11:59.1208085Z 
2026-09-06T18:11:59.1208441Z 27: Test command: /home/runner/work/20231788./20231788./build/relin2_test "key_bv_zero_digit_b_length"
2026-09-06T18:11:59.1209293Z 27: Working Directory: /home/runner/work/20231788./20231788./build
2026-09-06T18:11:59.1209579Z 27: Test timeout computed to be: 10000000
2026-09-06T18:11:59.1242514Z 27: Relin2 case passed: key_bv_zero_digit_b_length
2026-09-06T18:11:59.1245595Z 27/57 Test #27: relin2_key_bv_zero_digit_b_length ...............   Passed    0.00 sec
2026-09-06T18:11:59.1246950Z test 28
2026-09-06T18:11:59.1247246Z       Start 28: relin2_key_bv_nonzero_digit_a_length
2026-09-06T18:11:59.1247503Z 
2026-09-06T18:11:59.1247877Z 28: Test command: /home/runner/work/20231788./20231788./build/relin2_test "key_bv_nonzero_digit_a_length"
2026-09-06T18:11:59.1248947Z 28: Working Directory: /home/runner/work/20231788./20231788./build
2026-09-06T18:11:59.1249230Z 28: Test timeout computed to be: 10000000
2026-09-06T18:11:59.1287853Z 28: Relin2 case passed: key_bv_nonzero_digit_a_length
2026-09-06T18:11:59.1291198Z 28/57 Test #28: relin2_key_bv_nonzero_digit_a_length ............   Passed    0.00 sec
2026-09-06T18:11:59.1292523Z test 29
2026-09-06T18:11:59.1292821Z       Start 29: relin2_key_bv_nonzero_digit_b_length
2026-09-06T18:11:59.1293079Z 
2026-09-06T18:11:59.1293449Z 29: Test command: /home/runner/work/20231788./20231788./build/relin2_test "key_bv_nonzero_digit_b_length"
2026-09-06T18:11:59.1294186Z 29: Working Directory: /home/runner/work/20231788./20231788./build
2026-09-06T18:11:59.1294483Z 29: Test timeout computed to be: 10000000
2026-09-06T18:11:59.1334879Z 29: Relin2 case passed: key_bv_nonzero_digit_b_length
2026-09-06T18:11:59.1338192Z 29/57 Test #29: relin2_key_bv_nonzero_digit_b_length ............   Passed    0.00 sec
2026-09-06T18:11:59.1339814Z test 30
2026-09-06T18:11:59.1340107Z       Start 30: relin2_key_bv_zero_digit_entry_basis
2026-09-06T18:11:59.1340380Z 
2026-09-06T18:11:59.1340946Z 30: Test command: /home/runner/work/20231788./20231788./build/relin2_test "key_bv_zero_digit_entry_basis"
2026-09-06T18:11:59.1341667Z 30: Working Directory: /home/runner/work/20231788./20231788./build
2026-09-06T18:11:59.1342109Z 30: Test timeout computed to be: 10000000
2026-09-06T18:11:59.1375843Z 30: Relin2 case passed: key_bv_zero_digit_entry_basis
2026-09-06T18:11:59.1379033Z 30/57 Test #30: relin2_key_bv_zero_digit_entry_basis ............   Passed    0.00 sec
2026-09-06T18:11:59.1380865Z test 31
2026-09-06T18:11:59.1381174Z       Start 31: relin2_key_bv_nonzero_digit_entry_basis
2026-09-06T18:11:59.1381458Z 
2026-09-06T18:11:59.1381890Z 31: Test command: /home/runner/work/20231788./20231788./build/relin2_test "key_bv_nonzero_digit_entry_basis"
2026-09-06T18:11:59.1382426Z 31: Working Directory: /home/runner/work/20231788./20231788./build
2026-09-06T18:11:59.1382725Z 31: Test timeout computed to be: 10000000
2026-09-06T18:11:59.1422600Z 31: Relin2 case passed: key_bv_nonzero_digit_entry_basis
2026-09-06T18:11:59.1425920Z 31/57 Test #31: relin2_key_bv_nonzero_digit_entry_basis .........   Passed    0.00 sec
2026-09-06T18:11:59.1427307Z test 32
2026-09-06T18:11:59.1435575Z       Start 32: relin2_key_bv_zero_digit_entry_format
2026-09-06T18:11:59.1435864Z 
2026-09-06T18:11:59.1436119Z 32: Test command: /home/runner/work/20231788./20231788./build/relin2_test "key_bv_zero_digit_entry_format"
2026-09-06T18:11:59.1436561Z 32: Working Directory: /home/runner/work/20231788./20231788./build
2026-09-06T18:11:59.1436845Z 32: Test timeout computed to be: 10000000
2026-09-06T18:11:59.1464590Z 32: Relin2 case passed: key_bv_zero_digit_entry_format
2026-09-06T18:11:59.1467996Z 32/57 Test #32: relin2_key_bv_zero_digit_entry_format ...........   Passed    0.00 sec
2026-09-06T18:11:59.1469431Z test 33
2026-09-06T18:11:59.1469771Z       Start 33: relin2_key_bv_nonzero_digit_entry_format
2026-09-06T18:11:59.1470046Z 
2026-09-06T18:11:59.1470450Z 33: Test command: /home/runner/work/20231788./20231788./build/relin2_test "key_bv_nonzero_digit_entry_format"
2026-09-06T18:11:59.1471154Z 33: Working Directory: /home/runner/work/20231788./20231788./build
2026-09-06T18:11:59.1471441Z 33: Test timeout computed to be: 10000000
2026-09-06T18:11:59.1511447Z 33: Relin2 case passed: key_bv_nonzero_digit_entry_format
2026-09-06T18:11:59.1514854Z 33/57 Test #33: relin2_key_bv_nonzero_digit_entry_format ........   Passed    0.00 sec
2026-09-06T18:11:59.1516081Z test 34
2026-09-06T18:11:59.1516381Z       Start 34: relin2_valid_arithmetic_state_immutability
2026-09-06T18:11:59.1516670Z 
2026-09-06T18:11:59.1517065Z 34: Test command: /home/runner/work/20231788./20231788./build/relin2_test "valid_arithmetic_state_immutability"
2026-09-06T18:11:59.1517832Z 34: Working Directory: /home/runner/work/20231788./20231788./build
2026-09-06T18:11:59.1518465Z 34: Test timeout computed to be: 10000000
2026-09-06T18:11:59.1574392Z 34: Relin2 case passed: valid_arithmetic_state_immutability
2026-09-06T18:11:59.1577622Z 34/57 Test #34: relin2_valid_arithmetic_state_immutability ......   Passed    0.01 sec
2026-09-06T18:11:59.1579493Z test 35
2026-09-06T18:11:59.1579823Z       Start 35: relin2_controlled_witnesses_and_boundaries
2026-09-06T18:11:59.1580112Z 
2026-09-06T18:11:59.1580518Z 35: Test command: /home/runner/work/20231788./20231788./build/relin2_test "controlled_witnesses_and_boundaries"
2026-09-06T18:11:59.1581305Z 35: Working Directory: /home/runner/work/20231788./20231788./build
2026-09-06T18:11:59.1581744Z 35: Test timeout computed to be: 10000000
2026-09-06T18:11:59.1624823Z 35: Relin2 case passed: controlled_witnesses_and_boundaries
2026-09-06T18:11:59.1627934Z 35/57 Test #35: relin2_controlled_witnesses_and_boundaries ......   Passed    0.00 sec
2026-09-06T18:11:59.1629758Z test 36
2026-09-06T18:11:59.1630053Z       Start 36: relin2_representative_public_input
2026-09-06T18:11:59.1630247Z 
2026-09-06T18:11:59.1630491Z 36: Test command: /home/runner/work/20231788./20231788./build/relin2_test "representative_public_input"
2026-09-06T18:11:59.1631229Z 36: Working Directory: /home/runner/work/20231788./20231788./build
2026-09-06T18:11:59.1631526Z 36: Test timeout computed to be: 10000000
2026-09-06T18:11:59.1773747Z 36: Relin2 case passed: representative_public_input
2026-09-06T18:11:59.1777206Z 36/57 Test #36: relin2_representative_public_input ..............   Passed    0.01 sec
2026-09-06T18:11:59.1779107Z test 37
2026-09-06T18:11:59.1779388Z       Start 37: relin2_key_extra_later_valid
2026-09-06T18:11:59.1779546Z 
2026-09-06T18:11:59.1779763Z 37: Test command: /home/runner/work/20231788./20231788./build/relin2_test "key_extra_later_valid"
2026-09-06T18:11:59.1780165Z 37: Working Directory: /home/runner/work/20231788./20231788./build
2026-09-06T18:11:59.1780491Z 37: Test timeout computed to be: 10000000
2026-09-06T18:11:59.1972557Z 37: Relin2 case passed: key_extra_later_valid
2026-09-06T18:11:59.1976026Z 37/57 Test #37: relin2_key_extra_later_valid ....................   Passed    0.02 sec
2026-09-06T18:11:59.1977708Z test 38
2026-09-06T18:11:59.1977994Z       Start 38: relin2_key_malformed_later_ignored
2026-09-06T18:11:59.1978260Z 
2026-09-06T18:11:59.1978502Z 38: Test command: /home/runner/work/20231788./20231788./build/relin2_test "key_malformed_later_ignored"
2026-09-06T18:11:59.1979249Z 38: Working Directory: /home/runner/work/20231788./20231788./build
2026-09-06T18:11:59.1979697Z 38: Test timeout computed to be: 10000000
2026-09-06T18:11:59.2122215Z 38: Relin2 case passed: key_malformed_later_ignored
2026-09-06T18:11:59.2125244Z 38/57 Test #38: relin2_key_malformed_later_ignored ..............   Passed    0.01 sec
2026-09-06T18:11:59.2126878Z test 39
2026-09-06T18:11:59.2127156Z       Start 39: relin2_hybrid_valid_shapes
2026-09-06T18:11:59.2127395Z 
2026-09-06T18:11:59.2127727Z 39: Test command: /home/runner/work/20231788./20231788./build/relin2_test "hybrid_valid_shapes"
2026-09-06T18:11:59.2128455Z 39: Working Directory: /home/runner/work/20231788./20231788./build
2026-09-06T18:11:59.2129043Z 39: Test timeout computed to be: 10000000
2026-09-06T18:11:59.2572798Z 39: Relin2 case passed: hybrid_valid_shapes
2026-09-06T18:11:59.2576244Z 39/57 Test #39: relin2_hybrid_valid_shapes ......................   Passed    0.04 sec
2026-09-06T18:11:59.2578045Z test 40
2026-09-06T18:11:59.2578714Z       Start 40: relin2_bv_zero_digit_valid_shapes
2026-09-06T18:11:59.2579002Z 
2026-09-06T18:11:59.2579344Z 40: Test command: /home/runner/work/20231788./20231788./build/relin2_test "bv_zero_digit_valid_shapes"
2026-09-06T18:11:59.2580066Z 40: Working Directory: /home/runner/work/20231788./20231788./build
2026-09-06T18:11:59.2580551Z 40: Test timeout computed to be: 10000000
2026-09-06T18:11:59.2629975Z 40: Relin2 case passed: bv_zero_digit_valid_shapes
2026-09-06T18:11:59.2633269Z 40/57 Test #40: relin2_bv_zero_digit_valid_shapes ...............   Passed    0.01 sec
2026-09-06T18:11:59.2634708Z test 41
2026-09-06T18:11:59.2635183Z       Start 41: relin2_bv_nonzero_digit_valid_shapes
2026-09-06T18:11:59.2635381Z 
2026-09-06T18:11:59.2635636Z 41: Test command: /home/runner/work/20231788./20231788./build/relin2_test "bv_nonzero_digit_valid_shapes"
2026-09-06T18:11:59.2636214Z 41: Working Directory: /home/runner/work/20231788./20231788./build
2026-09-06T18:11:59.2636646Z 41: Test timeout computed to be: 10000000
2026-09-06T18:11:59.2690113Z 41: Relin2 case passed: bv_nonzero_digit_valid_shapes
2026-09-06T18:11:59.2693228Z 41/57 Test #41: relin2_bv_nonzero_digit_valid_shapes ............   Passed    0.01 sec
2026-09-06T18:11:59.2694764Z test 42
2026-09-06T18:11:59.2695066Z       Start 42: relin2_first_recombined_rcb_validation
2026-09-06T18:11:59.2695270Z 
2026-09-06T18:11:59.2695517Z 42: Test command: /home/runner/work/20231788./20231788./build/relin2_test "first_recombined_rcb_validation"
2026-09-06T18:11:59.2695962Z 42: Working Directory: /home/runner/work/20231788./20231788./build
2026-09-06T18:11:59.2696281Z 42: Test timeout computed to be: 10000000
2026-09-06T18:11:59.2730986Z 42: Relin2 case passed: first_recombined_rcb_validation
2026-09-06T18:11:59.2734196Z 42/57 Test #42: relin2_first_recombined_rcb_validation ..........   Passed    0.00 sec
2026-09-06T18:11:59.2735560Z test 43
2026-09-06T18:11:59.2735886Z       Start 43: relin2_first_recombined_tensor2_validation
2026-09-06T18:11:59.2736180Z 
2026-09-06T18:11:59.2736581Z 43: Test command: /home/runner/work/20231788./20231788./build/relin2_test "first_recombined_tensor2_validation"
2026-09-06T18:11:59.2737308Z 43: Working Directory: /home/runner/work/20231788./20231788./build
2026-09-06T18:11:59.2737594Z 43: Test timeout computed to be: 10000000
2026-09-06T18:11:59.2771302Z 43: Relin2 case passed: first_recombined_tensor2_validation
2026-09-06T18:11:59.2774369Z 43/57 Test #43: relin2_first_recombined_tensor2_validation ......   Passed    0.00 sec
2026-09-06T18:11:59.2775713Z test 44
2026-09-06T18:11:59.2776033Z       Start 44: relin2_tensor2_requires_first_lifecycle
2026-09-06T18:11:59.2776304Z 
2026-09-06T18:11:59.2776686Z 44: Test command: /home/runner/work/20231788./20231788./build/relin2_test "tensor2_requires_first_lifecycle"
2026-09-06T18:11:59.2777460Z 44: Working Directory: /home/runner/work/20231788./20231788./build
2026-09-06T18:11:59.2777777Z 44: Test timeout computed to be: 10000000
2026-09-06T18:11:59.2825195Z 44: Relin2 case passed: tensor2_requires_first_lifecycle
2026-09-06T18:11:59.2828249Z 44/57 Test #44: relin2_tensor2_requires_first_lifecycle .........   Passed    0.01 sec
2026-09-06T18:11:59.2829766Z test 45
2026-09-06T18:11:59.2830026Z       Start 45: rs2_wrong_lifecycle
2026-09-06T18:11:59.2830251Z 
2026-09-06T18:11:59.2830458Z 45: Test command: /home/runner/work/20231788./20231788./build/rs2_test "wrong_lifecycle"
2026-09-06T18:11:59.2830856Z 45: Working Directory: /home/runner/work/20231788./20231788./build
2026-09-06T18:11:59.2831298Z 45: Test timeout computed to be: 10000000
2026-09-06T18:11:59.2865007Z 45: RS2 case passed: wrong_lifecycle
2026-09-06T18:11:59.2867989Z 45/57 Test #45: rs2_wrong_lifecycle .............................   Passed    0.00 sec
2026-09-06T18:11:59.2869616Z test 46
2026-09-06T18:11:59.2869949Z       Start 46: rs2_valid_arithmetic_state_immutability
2026-09-06T18:11:59.2870222Z 
2026-09-06T18:11:59.2870614Z 46: Test command: /home/runner/work/20231788./20231788./build/rs2_test "valid_arithmetic_state_immutability"
2026-09-06T18:11:59.2871381Z 46: Working Directory: /home/runner/work/20231788./20231788./build
2026-09-06T18:11:59.2871672Z 46: Test timeout computed to be: 10000000
2026-09-06T18:11:59.2936173Z 46: RS2 case passed: valid_arithmetic_state_immutability
2026-09-06T18:11:59.2939860Z 46/57 Test #46: rs2_valid_arithmetic_state_immutability .........   Passed    0.01 sec
2026-09-06T18:11:59.2941359Z test 47
2026-09-06T18:11:59.2941634Z       Start 47: rs2_mixed_tower_format
2026-09-06T18:11:59.2941805Z 
2026-09-06T18:11:59.2942008Z 47: Test command: /home/runner/work/20231788./20231788./build/rs2_test "mixed_tower_format"
2026-09-06T18:11:59.2942729Z 47: Working Directory: /home/runner/work/20231788./20231788./build
2026-09-06T18:11:59.2943163Z 47: Test timeout computed to be: 10000000
2026-09-06T18:11:59.3102721Z 47: RS2 case passed: mixed_tower_format
2026-09-06T18:11:59.3105914Z 47/57 Test #47: rs2_mixed_tower_format ..........................   Passed    0.02 sec
2026-09-06T18:11:59.3107575Z test 48
2026-09-06T18:11:59.3107839Z       Start 48: rs2_untouched_public_pipeline
2026-09-06T18:11:59.3108085Z 
2026-09-06T18:11:59.3108351Z 48: Test command: /home/runner/work/20231788./20231788./build/rs2_test "untouched_public_pipeline"
2026-09-06T18:11:59.3109047Z 48: Working Directory: /home/runner/work/20231788./20231788./build
2026-09-06T18:11:59.3109481Z 48: Test timeout computed to be: 10000000
2026-09-06T18:11:59.3233201Z 48: RS2 case passed: untouched_public_pipeline
2026-09-06T18:11:59.3236178Z 48/57 Test #48: rs2_untouched_public_pipeline ...................   Passed    0.01 sec
2026-09-06T18:11:59.3237605Z test 49
2026-09-06T18:11:59.3237874Z       Start 49: rs2_declared_basis_mismatch
2026-09-06T18:11:59.3238116Z 
2026-09-06T18:11:59.3238820Z 49: Test command: /home/runner/work/20231788./20231788./build/rs2_test "declared_basis_mismatch"
2026-09-06T18:11:59.3239501Z 49: Working Directory: /home/runner/work/20231788./20231788./build
2026-09-06T18:11:59.3239939Z 49: Test timeout computed to be: 10000000
2026-09-06T18:11:59.3327143Z 49: RS2 case passed: declared_basis_mismatch
2026-09-06T18:11:59.3330711Z 49/57 Test #49: rs2_declared_basis_mismatch .....................   Passed    0.01 sec
2026-09-06T18:11:59.3332376Z test 50
2026-09-06T18:11:59.3332595Z       Start 50: rs2_terminal_rejections
2026-09-06T18:11:59.3332742Z 
2026-09-06T18:11:59.3332951Z 50: Test command: /home/runner/work/20231788./20231788./build/rs2_test "terminal_rejections"
2026-09-06T18:11:59.3333335Z 50: Working Directory: /home/runner/work/20231788./20231788./build
2026-09-06T18:11:59.3333676Z 50: Test timeout computed to be: 10000000
2026-09-06T18:11:59.3374365Z 50: RS2 case passed: terminal_rejections
2026-09-06T18:11:59.3377421Z 50/57 Test #50: rs2_terminal_rejections .........................   Passed    0.00 sec
2026-09-06T18:11:59.3379412Z test 51
2026-09-06T18:11:59.3379693Z       Start 51: mult2_composition_contract
2026-09-06T18:11:59.3379939Z 
2026-09-06T18:11:59.3380302Z 51: Test command: /home/runner/work/20231788./20231788./build/mult2_test "composition_contract"
2026-09-06T18:11:59.3380889Z 51: Working Directory: /home/runner/work/20231788./20231788./build
2026-09-06T18:11:59.3381167Z 51: Test timeout computed to be: 10000000
2026-09-06T18:11:59.3430798Z 51: security_level=HEStd_NotSet(functional-only) ring_dimension=64 batch_size=16 scaling_mod_size=30 first_mod_size=35 multiplicative_depth=7 key_switch=HYBRID secret_key_dist=UNIFORM_TERNARY ckks_data_type=REAL active_Q_l_towers=7 q_div=1073741953 q_l=1073741441 ratio_2^(2p)/(q_div*q_l)=1.00000023655603276 frozen_decoded_abs_tolerance=0.00100000000000000002 measured_max_logical_slot_error=6.95553525886793977e-09
2026-09-06T18:11:59.3433588Z 51/57 Test #51: mult2_composition_contract ......................   Passed    0.01 sec
2026-09-06T18:11:59.3435364Z test 52
2026-09-06T18:11:59.3435585Z       Start 52: mult2_e2e_hybrid_real
2026-09-06T18:11:59.3435729Z 
2026-09-06T18:11:59.3435945Z 52: Test command: /home/runner/work/20231788./20231788./build/mult2_e2e_oracle_test "hybrid_real"
2026-09-06T18:11:59.3436361Z 52: Working Directory: /home/runner/work/20231788./20231788./build
2026-09-06T18:11:59.3436667Z 52: Test timeout computed to be: 10000000
2026-09-06T18:11:59.3976725Z 52: [RELIN2-EXECUTION] q_div=1073741953 q_l=1073741441 ordinary_combined_relin_execution_error=13 pair_relin_execution_error=24 high_path_relin_error=13 low_path_relin_error=12 execution_relin2_triangle_bound=25 paper_additivity_residual=14 paper_additivity_execution_observed=true secret_h=42 input_Q_l=52656049226897061758347970843194892279389197066160739197584863617 oracle_basis_agreement=true
2026-09-06T18:11:59.3982250Z 52: case=hybrid_real security_level=HEStd_NotSet(functional-only) key_switch=HYBRID secret_key_dist=UNIFORM_TERNARY ckks_data_type=REAL selected_ring_dimension=64 actual_N=64 batch_size=16 host_vector_length=8 encoding_noise_scale_degree=2 encoding_level=0 scaling_technique=FIXEDMANUAL digit_size=0 max_relin_sk_deg=2 scaling_mod_size=30 first_mod_size=35 multiplicative_depth=7 active_Q_l_towers=7 Q_l_bits=215 preselection_required_bits=174 selection_reserve_bits=32 q_div=1073741953 q_l=1073741441 ratio_2^(2p)/(q_div*q_l)=1.00000023655603276 descriptor_ratio=1.00000023655603276 M_high=107367067 M_low=6442451735 secret_h=42 ordinary_combined_relin_execution_error=13 pair_relin_execution_error=24 high_path_relin_error=13 low_path_relin_error=12 execution_relin2_triangle_bound=25 paper_additivity_residual=14 paper_additivity_execution_observed=true execution_certificate=PER_PATH_CONDITIONAL conservative_E_Relin_available=false universal_theorem_gate=UNPROVED execution_nonwrap_left=850593472473691781692010012120281369 execution_nonwrap_right_Q_l_over_2=26328024613448530879173985421597446139694598533080369598792431808 coefficient_error=99251922198020862875/1152921231876374273 execution_bound=5362239210823348500189/2305842463752748546 fixed_key_bv_bound_available=false frozen_decoded_abs_tolerance=0.00100000000000000002 measured_recorded_bias_error=5.14099736813843417e-09 measured_logical_slot_error=5.14099615200473916e-09
2026-09-06T18:11:59.3986339Z 52/57 Test #52: mult2_e2e_hybrid_real ...........................   Passed    0.05 sec
2026-09-06T18:11:59.3986636Z test 53
2026-09-06T18:11:59.3986804Z       Start 53: mult2_e2e_hybrid_complex
2026-09-06T18:11:59.3986953Z 
2026-09-06T18:11:59.3987173Z 53: Test command: /home/runner/work/20231788./20231788./build/mult2_e2e_oracle_test "hybrid_complex"
2026-09-06T18:11:59.3987578Z 53: Working Directory: /home/runner/work/20231788./20231788./build
2026-09-06T18:11:59.3987857Z 53: Test timeout computed to be: 10000000
2026-09-06T18:11:59.4727023Z 53: [RELIN2-EXECUTION] q_div=1073741953 q_l=1073741441 ordinary_combined_relin_execution_error=17 pair_relin_execution_error=35 high_path_relin_error=17 low_path_relin_error=18 execution_relin2_triangle_bound=35 paper_additivity_residual=22 paper_additivity_execution_observed=true secret_h=40 input_Q_l=52656049226897061758347970843194892279389197066160739197584863617 oracle_basis_agreement=true
2026-09-06T18:11:59.4732100Z 53: case=hybrid_complex security_level=HEStd_NotSet(functional-only) key_switch=HYBRID secret_key_dist=UNIFORM_TERNARY ckks_data_type=COMPLEX selected_ring_dimension=64 actual_N=64 batch_size=16 host_vector_length=8 encoding_noise_scale_degree=2 encoding_level=0 scaling_technique=FIXEDMANUAL digit_size=0 max_relin_sk_deg=2 scaling_mod_size=30 first_mod_size=35 multiplicative_depth=7 active_Q_l_towers=7 Q_l_bits=215 preselection_required_bits=174 selection_reserve_bits=32 q_div=1073741953 q_l=1073741441 ratio_2^(2p)/(q_div*q_l)=1.00000023655603276 descriptor_ratio=1.00000023655603276 M_high=88152832 M_low=7305086724 secret_h=40 ordinary_combined_relin_execution_error=17 pair_relin_execution_error=35 high_path_relin_error=17 low_path_relin_error=18 execution_relin2_triangle_bound=35 paper_additivity_residual=22 paper_additivity_execution_observed=true execution_certificate=PER_PATH_CONDITIONAL conservative_E_Relin_available=false universal_theorem_gate=UNPROVED execution_nonwrap_left=573393048161050306423064196842521635 execution_nonwrap_right_Q_l_over_2=26328024613448530879173985421597446139694598533080369598792431808 coefficient_error=92808844677348175755/1152921231876374273 execution_bound=6877899152362707960431/2305842463752748546 fixed_key_bv_bound_available=false frozen_decoded_abs_tolerance=0.00100000000000000002 measured_recorded_bias_error=1.32248399439729664e-09 measured_logical_slot_error=1.32248368131110962e-09
2026-09-06T18:11:59.4736320Z 53/57 Test #53: mult2_e2e_hybrid_complex ........................   Passed    0.07 sec
2026-09-06T18:11:59.4736626Z test 54
2026-09-06T18:11:59.4736972Z       Start 54: mult2_e2e_bv_real
2026-09-06T18:11:59.4737098Z 
2026-09-06T18:11:59.4737303Z 54: Test command: /home/runner/work/20231788./20231788./build/mult2_e2e_oracle_test "bv_real"
2026-09-06T18:11:59.4737695Z 54: Working Directory: /home/runner/work/20231788./20231788./build
2026-09-06T18:11:59.4737969Z 54: Test timeout computed to be: 10000000
2026-09-06T18:11:59.5306336Z 54: [RELIN2-EXECUTION] q_div=1073741953 q_l=1073741441 ordinary_combined_relin_execution_error=187696135593 pair_relin_execution_error=239815915693 high_path_relin_error=219495121401 low_path_relin_error=176134107465 execution_relin2_triangle_bound=395629228866 paper_additivity_residual=297426460286 paper_additivity_execution_observed=false secret_h=47 input_Q_l=52656049226897061758347970843194892279389197066160739197584863617 oracle_basis_agreement=true
2026-09-06T18:11:59.5316823Z 54: case=bv_real security_level=HEStd_NotSet(functional-only) key_switch=BV secret_key_dist=UNIFORM_TERNARY ckks_data_type=REAL selected_ring_dimension=64 actual_N=64 batch_size=16 host_vector_length=8 encoding_noise_scale_degree=2 encoding_level=0 scaling_technique=FIXEDMANUAL digit_size=0 max_relin_sk_deg=2 scaling_mod_size=30 first_mod_size=35 multiplicative_depth=7 active_Q_l_towers=7 Q_l_bits=215 preselection_required_bits=174 selection_reserve_bits=32 q_div=1073741953 q_l=1073741441 ratio_2^(2p)/(q_div*q_l)=1.00000023655603276 descriptor_ratio=1.00000023655603276 M_high=107367066 M_low=4919549124 secret_h=47 ordinary_combined_relin_execution_error=187696135593 pair_relin_execution_error=239815915693 high_path_relin_error=219495121401 low_path_relin_error=176134107465 execution_relin2_triangle_bound=395629228866 paper_additivity_residual=297426460286 paper_additivity_execution_observed=false execution_certificate=PER_PATH_CONDITIONAL conservative_E_Relin_available=false universal_theorem_gate=UNPROVED execution_nonwrap_left=850593434156514635233815355554763842 execution_nonwrap_right_Q_l_over_2=26328024613448530879173985421597446139694598533080369598792431808 coefficient_error=306382359313288793466/1152921231876374273 execution_bound=4002798959544485019828/2305842463752748546 fixed_key_bv_bound_available=true fixed_key_bv_bound_status=CANDIDATE_FIXED_KEY_CIPHERTEXT_UNIFORM_CONDITIONAL_ON_CENTERED_DIGIT_LIFT fixed_key_bv_noise_scale=1 fixed_key_bv_active_rows=7 fixed_key_bv_raised_high_q_div_digit=ZERO fixed_key_bv_row_residual_norms=2,4,2,2,3,2,3 fixed_key_bv_per_path_raw_bound=2748778905600 fixed_key_bv_pair_raw_bound=5497557811200 fixed_key_bv_integer_lift_nonwrap=true fixed_key_bv_conservative_nonwrap_left=850593434156514635233820457483346176 fixed_key_bv_conservative_bound=14959108479668145936432/2305842463752748546 fixed_key_bv_final_integer_lift=1701186868313044229576109587997006384<56539009134152591222370164266759140395695978104921302317938424343356224001 fixed_key_bv_unconditional_gaussian_key_bound=false fixed_key_bv_universal_theorem_gate=UNPROVED centered_digit_boundary_probe=PASSED frozen_decoded_abs_tolerance=0.00100000000000000002 measured_recorded_bias_error=1.40159176155831809e-08 measured_logical_slot_error=1.40159143000341216e-08
2026-09-06T18:11:59.5323832Z 54/57 Test #54: mult2_e2e_bv_real ...............................   Passed    0.06 sec
2026-09-06T18:11:59.5324152Z test 55
2026-09-06T18:11:59.5324315Z       Start 55: mult2_e2e_bv_complex
2026-09-06T18:11:59.5324456Z 
2026-09-06T18:11:59.5324668Z 55: Test command: /home/runner/work/20231788./20231788./build/mult2_e2e_oracle_test "bv_complex"
2026-09-06T18:11:59.5325070Z 55: Working Directory: /home/runner/work/20231788./20231788./build
2026-09-06T18:11:59.5325345Z 55: Test timeout computed to be: 10000000
2026-09-06T18:11:59.5879575Z 55: [RELIN2-EXECUTION] q_div=1073741953 q_l=1073741441 ordinary_combined_relin_execution_error=228794152843 pair_relin_execution_error=346208028376 high_path_relin_error=184408616221 low_path_relin_error=214862406273 execution_relin2_triangle_bound=399271022494 paper_additivity_residual=432717918848 paper_additivity_execution_observed=false secret_h=43 input_Q_l=52656049226897061758347970843194892279389197066160739197584863617 oracle_basis_agreement=true
2026-09-06T18:11:59.5887389Z 55: case=bv_complex security_level=HEStd_NotSet(functional-only) key_switch=BV secret_key_dist=UNIFORM_TERNARY ckks_data_type=COMPLEX selected_ring_dimension=64 actual_N=64 batch_size=16 host_vector_length=8 encoding_noise_scale_degree=2 encoding_level=0 scaling_technique=FIXEDMANUAL digit_size=0 max_relin_sk_deg=2 scaling_mod_size=30 first_mod_size=35 multiplicative_depth=7 active_Q_l_towers=7 Q_l_bits=215 preselection_required_bits=174 selection_reserve_bits=32 q_div=1073741953 q_l=1073741441 ratio_2^(2p)/(q_div*q_l)=1.00000023655603276 descriptor_ratio=1.00000023655603276 M_high=88152831 M_low=5368709785 secret_h=43 ordinary_combined_relin_execution_error=228794152843 pair_relin_execution_error=346208028376 high_path_relin_error=184408616221 low_path_relin_error=214862406273 execution_relin2_triangle_bound=399271022494 paper_additivity_residual=432717918848 paper_additivity_execution_observed=false execution_certificate=PER_PATH_CONDITIONAL conservative_E_Relin_available=false universal_theorem_gate=UNPROVED execution_nonwrap_left=573393011691547981621178597984493470 execution_nonwrap_right_Q_l_over_2=26328024613448530879173985421597446139694598533080369598792431808 coefficient_error=426038283791914323368/1152921231876374273 execution_bound=4597506357851596966376/2305842463752748546 fixed_key_bv_bound_available=true fixed_key_bv_bound_status=CANDIDATE_FIXED_KEY_CIPHERTEXT_UNIFORM_CONDITIONAL_ON_CENTERED_DIGIT_LIFT fixed_key_bv_noise_scale=1 fixed_key_bv_active_rows=7 fixed_key_bv_raised_high_q_div_digit=ZERO fixed_key_bv_row_residual_norms=2,3,2,2,2,3,2 fixed_key_bv_per_path_raw_bound=2680059445248 fixed_key_bv_pair_raw_bound=5360118890496 fixed_key_bv_integer_lift_nonwrap=true fixed_key_bv_conservative_nonwrap_left=573393011691547981621183558832361472 fixed_key_bv_conservative_bound=15250847314500304342188/2305842463752748546 fixed_key_bv_final_integer_lift=1146786023383111214089670897731284140<56539009134152591222370164266759140395695978104921302317938424343356224001 fixed_key_bv_unconditional_gaussian_key_bound=false fixed_key_bv_universal_theorem_gate=UNPROVED centered_digit_boundary_probe=PASSED frozen_decoded_abs_tolerance=0.00100000000000000002 measured_recorded_bias_error=1.32248360303154692e-09 measured_logical_slot_error=1.322483289945375e-09
2026-09-06T18:11:59.5893511Z 55/57 Test #55: mult2_e2e_bv_complex ............................   Passed    0.06 sec
2026-09-06T18:11:59.5893812Z test 56
2026-09-06T18:11:59.5893997Z       Start 56: mult2_pair_add_input_hybrid_complex
2026-09-06T18:11:59.5894162Z 
2026-09-06T18:11:59.5894424Z 56: Test command: /home/runner/work/20231788./20231788./build/mult2_e2e_oracle_test "pair_add_input_hybrid_complex"
2026-09-06T18:11:59.5894863Z 56: Working Directory: /home/runner/work/20231788./20231788./build
2026-09-06T18:11:59.5895137Z 56: Test timeout computed to be: 10000000
2026-09-06T18:11:59.6567583Z 56: [RELIN2-EXECUTION] q_div=1073741953 q_l=1073741441 ordinary_combined_relin_execution_error=19 pair_relin_execution_error=36 high_path_relin_error=18 low_path_relin_error=20 execution_relin2_triangle_bound=38 paper_additivity_residual=26 paper_additivity_execution_observed=true secret_h=36 input_Q_l=52656049226897061758347970843194892279389197066160739197584863617 oracle_basis_agreement=true
2026-09-06T18:11:59.6572868Z 56: case=pair_add_input_hybrid_complex security_level=HEStd_NotSet(functional-only) key_switch=HYBRID secret_key_dist=UNIFORM_TERNARY ckks_data_type=COMPLEX selected_ring_dimension=64 actual_N=64 batch_size=16 host_vector_length=8 encoding_noise_scale_degree=2 encoding_level=0 scaling_technique=FIXEDMANUAL digit_size=0 max_relin_sk_deg=2 scaling_mod_size=30 first_mod_size=35 multiplicative_depth=7 active_Q_l_towers=7 Q_l_bits=215 preselection_required_bits=174 selection_reserve_bits=32 q_div=1073741953 q_l=1073741441 ratio_2^(2p)/(q_div*q_l)=1.00000023655603276 descriptor_ratio=1.00000023655603276 M_high=89261193 M_low=6442451747 secret_h=36 ordinary_combined_relin_execution_error=19 pair_relin_execution_error=36 high_path_relin_error=18 low_path_relin_error=20 execution_relin2_triangle_bound=38 paper_additivity_residual=26 paper_additivity_execution_observed=true execution_certificate=PER_PATH_CONDITIONAL conservative_E_Relin_available=false universal_theorem_gate=UNPROVED execution_nonwrap_left=587902423630660073652522643748414502 execution_nonwrap_right_Q_l_over_2=26328024613448530879173985421597446139694598533080369598792431808 coefficient_error=108006579024977449819/1152921231876374273 execution_bound=5355321703251219293681/2305842463752748546 fixed_key_bv_bound_available=false frozen_decoded_abs_tolerance=0.00100000000000000002 measured_recorded_bias_error=6.60321576490330313e-10 measured_logical_slot_error=6.60321420287309986e-10
2026-09-06T18:11:59.6577103Z 56/57 Test #56: mult2_pair_add_input_hybrid_complex .............   Passed    0.07 sec
2026-09-06T18:11:59.6577406Z test 57
2026-09-06T18:11:59.6577597Z       Start 57: mult2_pair_sub_input_hybrid_complex
2026-09-06T18:11:59.6577764Z 
2026-09-06T18:11:59.6578020Z 57: Test command: /home/runner/work/20231788./20231788./build/mult2_e2e_oracle_test "pair_sub_input_hybrid_complex"
2026-09-06T18:11:59.6578826Z 57: Working Directory: /home/runner/work/20231788./20231788./build
2026-09-06T18:11:59.6579118Z 57: Test timeout computed to be: 10000000
2026-09-06T18:11:59.7419156Z 57: [RELIN2-EXECUTION] q_div=1073741953 q_l=1073741441 ordinary_combined_relin_execution_error=17 pair_relin_execution_error=32 high_path_relin_error=18 low_path_relin_error=16 execution_relin2_triangle_bound=34 paper_additivity_residual=18 paper_additivity_execution_observed=true secret_h=39 input_Q_l=52656049226897061758347970843194892279389197066160739197584863617 oracle_basis_agreement=true
2026-09-06T18:11:59.7424186Z 57: case=pair_sub_input_hybrid_complex security_level=HEStd_NotSet(functional-only) key_switch=HYBRID secret_key_dist=UNIFORM_TERNARY ckks_data_type=COMPLEX selected_ring_dimension=64 actual_N=64 batch_size=16 host_vector_length=8 encoding_noise_scale_degree=2 encoding_level=0 scaling_technique=FIXEDMANUAL digit_size=0 max_relin_sk_deg=2 scaling_mod_size=30 first_mod_size=35 multiplicative_depth=7 active_Q_l_towers=7 Q_l_bits=215 preselection_required_bits=174 selection_reserve_bits=32 q_div=1073741953 q_l=1073741441 ratio_2^(2p)/(q_div*q_l)=1.00000023655603276 descriptor_ratio=1.00000023655603276 M_high=89261194 M_low=6577778536 secret_h=39 ordinary_combined_relin_execution_error=17 pair_relin_execution_error=32 high_path_relin_error=18 low_path_relin_error=16 execution_relin2_triangle_bound=34 paper_additivity_residual=18 paper_additivity_execution_observed=true execution_certificate=PER_PATH_CONDITIONAL conservative_E_Relin_available=false universal_theorem_gate=UNPROVED execution_nonwrap_left=587902438463475897182548190487982370 execution_nonwrap_right_Q_l_over_2=26328024613448530879173985421597446139694598533080369598792431808 coefficient_error=149957965004752963011/1152921231876374273 execution_bound=5584314669336844245612/2305842463752748546 fixed_key_bv_bound_available=false frozen_decoded_abs_tolerance=0.00100000000000000002 measured_recorded_bias_error=8.52649206748202924e-10 measured_logical_slot_error=8.52649003704368871e-10
2026-09-06T18:11:59.7428925Z 57/57 Test #57: mult2_pair_sub_input_hybrid_complex .............   Passed    0.08 sec
2026-09-06T18:11:59.7429169Z 
2026-09-06T18:11:59.7429258Z The following tests passed:
2026-09-06T18:11:59.7429452Z 	dcp_rcb
2026-09-06T18:11:59.7429720Z 	precision_dcp_rcb_high_precision_contract
2026-09-06T18:11:59.7430009Z 	precision_first_mult2_high_precision_contract
2026-09-06T18:11:59.7430241Z 	pair_add_runtime_behavior
2026-09-06T18:11:59.7430424Z 	pair_sub_runtime_behavior
2026-09-06T18:11:59.7430610Z 	pair_arithmetic_controlled_oracle
2026-09-06T18:11:59.7430826Z 	pair_arithmetic_public_lifecycles_keyless
2026-09-06T18:11:59.7431050Z 	pair_arithmetic_compatibility_rejections
2026-09-06T18:11:59.7431307Z 	tensor2_valid_arithmetic_immutability
2026-09-06T18:11:59.7431721Z 	tensor2_result_scale_contract
2026-09-06T18:11:59.7431916Z 	tensor2_right_input_validation
2026-09-06T18:11:59.7432115Z 	tensor2_mutual_compatibility
2026-09-06T18:11:59.7432320Z 	tensor2_prearithmetic_key_compatibility
2026-09-06T18:11:59.7432537Z 	relin2_tensor_validation_order
2026-09-06T18:11:59.7432734Z 	relin2_insufficient_active_basis
2026-09-06T18:11:59.7432931Z 	relin2_missing_eval_key
2026-09-06T18:11:59.7433106Z 	relin2_key_empty
2026-09-06T18:11:59.7433266Z 	relin2_key_null_first
2026-09-06T18:11:59.7433437Z 	relin2_key_wrong_context
2026-09-06T18:11:59.7433618Z 	relin2_key_wrong_tag
2026-09-06T18:11:59.7433786Z 	relin2_key_wrong_subtype
2026-09-06T18:11:59.7433959Z 	relin2_key_hybrid_a_length
2026-09-06T18:11:59.7434139Z 	relin2_key_hybrid_b_length
2026-09-06T18:11:59.7434316Z 	relin2_key_hybrid_entry_basis
2026-09-06T18:11:59.7434499Z 	relin2_key_hybrid_entry_format
2026-09-06T18:11:59.7434714Z 	relin2_key_bv_zero_digit_a_length
2026-09-06T18:11:59.7434927Z 	relin2_key_bv_zero_digit_b_length
2026-09-06T18:11:59.7435130Z 	relin2_key_bv_nonzero_digit_a_length
2026-09-06T18:11:59.7435339Z 	relin2_key_bv_nonzero_digit_b_length
2026-09-06T18:11:59.7435667Z 	relin2_key_bv_zero_digit_entry_basis
2026-09-06T18:11:59.7435879Z 	relin2_key_bv_nonzero_digit_entry_basis
2026-09-06T18:11:59.7436095Z 	relin2_key_bv_zero_digit_entry_format
2026-09-06T18:11:59.7436305Z 	relin2_key_bv_nonzero_digit_entry_format
2026-09-06T18:11:59.7436528Z 	relin2_valid_arithmetic_state_immutability
2026-09-06T18:11:59.7436753Z 	relin2_controlled_witnesses_and_boundaries
2026-09-06T18:11:59.7436979Z 	relin2_representative_public_input
2026-09-06T18:11:59.7437186Z 	relin2_key_extra_later_valid
2026-09-06T18:11:59.7437407Z 	relin2_key_malformed_later_ignored
2026-09-06T18:11:59.7437610Z 	relin2_hybrid_valid_shapes
2026-09-06T18:11:59.7437835Z 	relin2_bv_zero_digit_valid_shapes
2026-09-06T18:11:59.7438157Z 	relin2_bv_nonzero_digit_valid_shapes
2026-09-06T18:11:59.7438495Z 	relin2_first_recombined_rcb_validation
2026-09-06T18:11:59.7438969Z 	relin2_first_recombined_tensor2_validation
2026-09-06T18:11:59.7439324Z 	relin2_tensor2_requires_first_lifecycle
2026-09-06T18:11:59.7439648Z 	rs2_wrong_lifecycle
2026-09-06T18:11:59.7439924Z 	rs2_valid_arithmetic_state_immutability
2026-09-06T18:11:59.7440138Z 	rs2_mixed_tower_format
2026-09-06T18:11:59.7440322Z 	rs2_untouched_public_pipeline
2026-09-06T18:11:59.7440515Z 	rs2_declared_basis_mismatch
2026-09-06T18:11:59.7440705Z 	rs2_terminal_rejections
2026-09-06T18:11:59.7440890Z 	mult2_composition_contract
2026-09-06T18:11:59.7441073Z 	mult2_e2e_hybrid_real
2026-09-06T18:11:59.7441247Z 	mult2_e2e_hybrid_complex
2026-09-06T18:11:59.7441419Z 	mult2_e2e_bv_real
2026-09-06T18:11:59.7441578Z 	mult2_e2e_bv_complex
2026-09-06T18:11:59.7441758Z 	mult2_pair_add_input_hybrid_complex
2026-09-06T18:11:59.7441966Z 	mult2_pair_sub_input_hybrid_complex
2026-09-06T18:11:59.7442098Z 
2026-09-06T18:11:59.7442185Z 100% tests passed, 0 tests failed out of 57
2026-09-06T18:11:59.7442338Z 
2026-09-06T18:11:59.7442414Z Total Test time (real) =   1.05 sec
2026-09-06T18:11:59.7463976Z ##[group]Run cmake --build build --target mult2_api_contract_test --parallel 2
2026-09-06T18:11:59.7464397Z [36;1mcmake --build build --target mult2_api_contract_test --parallel 2[0m
2026-09-06T18:11:59.7496986Z shell: /usr/bin/bash -e {0}
2026-09-06T18:11:59.7497185Z env:
2026-09-06T18:11:59.7497391Z   OPENFHE_COMMIT: df495ba2e91739a6dc8f1de254fc5a41155ce504
2026-09-06T18:11:59.7497726Z   OPENFHE_PREFIX: /home/runner/work/20231788./20231788./.ci/openfhe-install
2026-09-06T18:11:59.7498055Z   pythonLocation: /opt/hostedtoolcache/Python/3.12.14/x64
2026-09-06T18:11:59.7498376Z   PKG_CONFIG_PATH: /opt/hostedtoolcache/Python/3.12.14/x64/lib/pkgconfig
2026-09-06T18:11:59.7498836Z   Python_ROOT_DIR: /opt/hostedtoolcache/Python/3.12.14/x64
2026-09-06T18:11:59.7499128Z   Python2_ROOT_DIR: /opt/hostedtoolcache/Python/3.12.14/x64
2026-09-06T18:11:59.7499407Z   Python3_ROOT_DIR: /opt/hostedtoolcache/Python/3.12.14/x64
2026-09-06T18:11:59.7499869Z   LD_LIBRARY_PATH: /opt/hostedtoolcache/Python/3.12.14/x64/lib
2026-09-06T18:11:59.7500122Z ##[endgroup]
2026-09-06T18:11:59.7849312Z [ 71%] Built target openfhe_2023_1788
2026-09-06T18:11:59.7907600Z [ 85%] Building CXX object CMakeFiles/mult2_api_contract_test.dir/tests/mult2_api_contract_test.cpp.o
2026-09-06T18:12:01.7693426Z [100%] Linking CXX executable mult2_api_contract_test
2026-09-06T18:12:01.8232632Z [100%] Built target mult2_api_contract_test
2026-09-06T18:12:01.8283528Z ##[group]Run cmake --build build --target add_api_contract_test --parallel 2
2026-09-06T18:12:01.8283941Z [36;1mcmake --build build --target add_api_contract_test --parallel 2[0m
2026-09-06T18:12:01.8316290Z shell: /usr/bin/bash -e {0}
2026-09-06T18:12:01.8316489Z env:
2026-09-06T18:12:01.8316699Z   OPENFHE_COMMIT: df495ba2e91739a6dc8f1de254fc5a41155ce504
2026-09-06T18:12:01.8317037Z   OPENFHE_PREFIX: /home/runner/work/20231788./20231788./.ci/openfhe-install
2026-09-06T18:12:01.8317387Z   pythonLocation: /opt/hostedtoolcache/Python/3.12.14/x64
2026-09-06T18:12:01.8317710Z   PKG_CONFIG_PATH: /opt/hostedtoolcache/Python/3.12.14/x64/lib/pkgconfig
2026-09-06T18:12:01.8318032Z   Python_ROOT_DIR: /opt/hostedtoolcache/Python/3.12.14/x64
2026-09-06T18:12:01.8318317Z   Python2_ROOT_DIR: /opt/hostedtoolcache/Python/3.12.14/x64
2026-09-06T18:12:01.8318739Z   Python3_ROOT_DIR: /opt/hostedtoolcache/Python/3.12.14/x64
2026-09-06T18:12:01.8319050Z   LD_LIBRARY_PATH: /opt/hostedtoolcache/Python/3.12.14/x64/lib
2026-09-06T18:12:01.8319307Z ##[endgroup]
2026-09-06T18:12:01.8662721Z [ 71%] Built target openfhe_2023_1788
2026-09-06T18:12:01.8721337Z [ 85%] Building CXX object CMakeFiles/add_api_contract_test.dir/tests/add_api_contract_test.cpp.o
2026-09-06T18:12:03.8509329Z [100%] Linking CXX executable add_api_contract_test
2026-09-06T18:12:03.9044317Z [100%] Built target add_api_contract_test
2026-09-06T18:12:03.9095399Z ##[group]Run cmake --build build --target sub_api_contract_test --parallel 2
2026-09-06T18:12:03.9095832Z [36;1mcmake --build build --target sub_api_contract_test --parallel 2[0m
2026-09-06T18:12:03.9128163Z shell: /usr/bin/bash -e {0}
2026-09-06T18:12:03.9128361Z env:
2026-09-06T18:12:03.9128712Z   OPENFHE_COMMIT: df495ba2e91739a6dc8f1de254fc5a41155ce504
2026-09-06T18:12:03.9129070Z   OPENFHE_PREFIX: /home/runner/work/20231788./20231788./.ci/openfhe-install
2026-09-06T18:12:03.9129406Z   pythonLocation: /opt/hostedtoolcache/Python/3.12.14/x64
2026-09-06T18:12:03.9129736Z   PKG_CONFIG_PATH: /opt/hostedtoolcache/Python/3.12.14/x64/lib/pkgconfig
2026-09-06T18:12:03.9130054Z   Python_ROOT_DIR: /opt/hostedtoolcache/Python/3.12.14/x64
2026-09-06T18:12:03.9130343Z   Python2_ROOT_DIR: /opt/hostedtoolcache/Python/3.12.14/x64
2026-09-06T18:12:03.9130627Z   Python3_ROOT_DIR: /opt/hostedtoolcache/Python/3.12.14/x64
2026-09-06T18:12:03.9130933Z   LD_LIBRARY_PATH: /opt/hostedtoolcache/Python/3.12.14/x64/lib
2026-09-06T18:12:03.9131184Z ##[endgroup]
2026-09-06T18:12:03.9473095Z [ 71%] Built target openfhe_2023_1788
2026-09-06T18:12:03.9532014Z [ 85%] Building CXX object CMakeFiles/sub_api_contract_test.dir/tests/sub_api_contract_test.cpp.o
2026-09-06T18:12:05.9275451Z [100%] Linking CXX executable sub_api_contract_test
2026-09-06T18:12:05.9840247Z [100%] Built target sub_api_contract_test
2026-09-06T18:12:05.9891901Z ##[group]Run cmake --build build --target precision_client_io_first_mult2_contract_test --parallel 2
2026-09-06T18:12:05.9892439Z [36;1mcmake --build build --target precision_client_io_first_mult2_contract_test --parallel 2[0m
2026-09-06T18:12:05.9925452Z shell: /usr/bin/bash -e {0}
2026-09-06T18:12:05.9925652Z env:
2026-09-06T18:12:05.9925863Z   OPENFHE_COMMIT: df495ba2e91739a6dc8f1de254fc5a41155ce504
2026-09-06T18:12:05.9926209Z   OPENFHE_PREFIX: /home/runner/work/20231788./20231788./.ci/openfhe-install
2026-09-06T18:12:05.9926545Z   pythonLocation: /opt/hostedtoolcache/Python/3.12.14/x64
2026-09-06T18:12:05.9926871Z   PKG_CONFIG_PATH: /opt/hostedtoolcache/Python/3.12.14/x64/lib/pkgconfig
2026-09-06T18:12:05.9927360Z   Python_ROOT_DIR: /opt/hostedtoolcache/Python/3.12.14/x64
2026-09-06T18:12:05.9927659Z   Python2_ROOT_DIR: /opt/hostedtoolcache/Python/3.12.14/x64
2026-09-06T18:12:05.9927947Z   Python3_ROOT_DIR: /opt/hostedtoolcache/Python/3.12.14/x64
2026-09-06T18:12:05.9928266Z   LD_LIBRARY_PATH: /opt/hostedtoolcache/Python/3.12.14/x64/lib
2026-09-06T18:12:05.9928664Z ##[endgroup]
2026-09-06T18:12:06.0275123Z [ 71%] Built target openfhe_2023_1788
2026-09-06T18:12:06.0333665Z [ 85%] Building CXX object CMakeFiles/precision_client_io_first_mult2_contract_test.dir/tests/precision_client_io_first_mult2_contract_test.cpp.o
2026-09-06T18:12:23.0546609Z [100%] Linking CXX executable precision_client_io_first_mult2_contract_test
2026-09-06T18:12:23.2301523Z [100%] Built target precision_client_io_first_mult2_contract_test
2026-09-06T18:12:23.2353909Z ##[group]Run cmake --build build --target repeated_mult2_semantic_two_square_test --parallel 2
2026-09-06T18:12:23.2354414Z [36;1mcmake --build build --target repeated_mult2_semantic_two_square_test --parallel 2[0m
2026-09-06T18:12:23.2386700Z shell: /usr/bin/bash -e {0}
2026-09-06T18:12:23.2386898Z env:
2026-09-06T18:12:23.2387108Z   OPENFHE_COMMIT: df495ba2e91739a6dc8f1de254fc5a41155ce504
2026-09-06T18:12:23.2387455Z   OPENFHE_PREFIX: /home/runner/work/20231788./20231788./.ci/openfhe-install
2026-09-06T18:12:23.2387792Z   pythonLocation: /opt/hostedtoolcache/Python/3.12.14/x64
2026-09-06T18:12:23.2388125Z   PKG_CONFIG_PATH: /opt/hostedtoolcache/Python/3.12.14/x64/lib/pkgconfig
2026-09-06T18:12:23.2388445Z   Python_ROOT_DIR: /opt/hostedtoolcache/Python/3.12.14/x64
2026-09-06T18:12:23.2388929Z   Python2_ROOT_DIR: /opt/hostedtoolcache/Python/3.12.14/x64
2026-09-06T18:12:23.2389222Z   Python3_ROOT_DIR: /opt/hostedtoolcache/Python/3.12.14/x64
2026-09-06T18:12:23.2389531Z   LD_LIBRARY_PATH: /opt/hostedtoolcache/Python/3.12.14/x64/lib
2026-09-06T18:12:23.2389797Z ##[endgroup]
2026-09-06T18:12:23.2736965Z [ 62%] Built target openfhe_2023_1788
2026-09-06T18:12:23.2797051Z [ 75%] Building CXX object CMakeFiles/repeated_mult2_semantic_two_square_test.dir/tests/repeated_mult2_semantic_two_square_test.cpp.o
2026-09-06T18:12:23.2798218Z [ 87%] Building CXX object CMakeFiles/repeated_mult2_semantic_two_square_test.dir/tests/precision_dcp_rcb_fixture.cpp.o
2026-09-06T18:12:36.9490191Z [100%] Linking CXX executable repeated_mult2_semantic_two_square_test
2026-09-06T18:12:37.0987839Z [100%] Built target repeated_mult2_semantic_two_square_test
2026-09-06T18:12:37.1040957Z ##[group]Run cmake --build build --target paper_h128_client_keypair_contract_test --parallel 2
2026-09-06T18:12:37.1041454Z [36;1mcmake --build build --target paper_h128_client_keypair_contract_test --parallel 2[0m
2026-09-06T18:12:37.1074058Z shell: /usr/bin/bash -e {0}
2026-09-06T18:12:37.1074255Z env:
2026-09-06T18:12:37.1074459Z   OPENFHE_COMMIT: df495ba2e91739a6dc8f1de254fc5a41155ce504
2026-09-06T18:12:37.1074794Z   OPENFHE_PREFIX: /home/runner/work/20231788./20231788./.ci/openfhe-install
2026-09-06T18:12:37.1075157Z   pythonLocation: /opt/hostedtoolcache/Python/3.12.14/x64
2026-09-06T18:12:37.1075477Z   PKG_CONFIG_PATH: /opt/hostedtoolcache/Python/3.12.14/x64/lib/pkgconfig
2026-09-06T18:12:37.1075796Z   Python_ROOT_DIR: /opt/hostedtoolcache/Python/3.12.14/x64
2026-09-06T18:12:37.1076093Z   Python2_ROOT_DIR: /opt/hostedtoolcache/Python/3.12.14/x64
2026-09-06T18:12:37.1076376Z   Python3_ROOT_DIR: /opt/hostedtoolcache/Python/3.12.14/x64
2026-09-06T18:12:37.1076685Z   LD_LIBRARY_PATH: /opt/hostedtoolcache/Python/3.12.14/x64/lib
2026-09-06T18:12:37.1076936Z ##[endgroup]
2026-09-06T18:12:37.1419255Z [ 71%] Built target openfhe_2023_1788
2026-09-06T18:12:37.1478939Z [ 85%] Building CXX object CMakeFiles/paper_h128_client_keypair_contract_test.dir/tests/paper_h128_client_keypair_contract_test.cpp.o
2026-09-06T18:12:45.1761400Z [100%] Linking CXX executable paper_h128_client_keypair_contract_test
2026-09-06T18:12:45.2711897Z [100%] Built target paper_h128_client_keypair_contract_test
2026-09-06T18:12:45.2771440Z ##[group]Run ctest --test-dir build --verbose --output-on-failure -R '^precision_client_io_first_mult2_contract$'
2026-09-06T18:12:45.2772666Z [36;1mctest --test-dir build --verbose --output-on-failure -R '^precision_client_io_first_mult2_contract$'[0m
2026-09-06T18:12:45.2816490Z shell: /usr/bin/bash -e {0}
2026-09-06T18:12:45.2816704Z env:
2026-09-06T18:12:45.2816923Z   OPENFHE_COMMIT: df495ba2e91739a6dc8f1de254fc5a41155ce504
2026-09-06T18:12:45.2817280Z   OPENFHE_PREFIX: /home/runner/work/20231788./20231788./.ci/openfhe-install
2026-09-06T18:12:45.2817629Z   pythonLocation: /opt/hostedtoolcache/Python/3.12.14/x64
2026-09-06T18:12:45.2817963Z   PKG_CONFIG_PATH: /opt/hostedtoolcache/Python/3.12.14/x64/lib/pkgconfig
2026-09-06T18:12:45.2818303Z   Python_ROOT_DIR: /opt/hostedtoolcache/Python/3.12.14/x64
2026-09-06T18:12:45.2818833Z   Python2_ROOT_DIR: /opt/hostedtoolcache/Python/3.12.14/x64
2026-09-06T18:12:45.2819143Z   Python3_ROOT_DIR: /opt/hostedtoolcache/Python/3.12.14/x64
2026-09-06T18:12:45.2819475Z   LD_LIBRARY_PATH: /opt/hostedtoolcache/Python/3.12.14/x64/lib
2026-09-06T18:12:45.2819745Z ##[endgroup]
2026-09-06T18:12:45.2884028Z Internal ctest changing into directory: /home/runner/work/20231788./20231788./build
2026-09-06T18:12:45.2884813Z UpdateCTestConfiguration  from :/home/runner/work/20231788./20231788./build/DartConfiguration.tcl
2026-09-06T18:12:45.2885812Z UpdateCTestConfiguration  from :/home/runner/work/20231788./20231788./build/DartConfiguration.tcl
2026-09-06T18:12:45.2886441Z Test project /home/runner/work/20231788./20231788./build
2026-09-06T18:12:45.2886818Z Constructing a list of tests
2026-09-06T18:12:45.2894730Z Done constructing a list of tests
2026-09-06T18:12:45.2895049Z Updating test list for fixtures
2026-09-06T18:12:45.2895367Z Added 0 tests to meet fixture requirements
2026-09-06T18:12:45.2896083Z Checking test dependency graph...
2026-09-06T18:12:45.2896400Z Checking test dependency graph end
2026-09-06T18:12:45.2896702Z test 58
2026-09-06T18:12:45.2896994Z     Start 58: precision_client_io_first_mult2_contract
2026-09-06T18:12:45.2897274Z 
2026-09-06T18:12:45.2897653Z 58: Test command: /home/runner/work/20231788./20231788./build/precision_client_io_first_mult2_contract_test
2026-09-06T18:12:45.2898214Z 58: Working Directory: /home/runner/work/20231788./20231788./build
2026-09-06T18:12:45.2898488Z 58: Test timeout computed to be: 10000000
2026-09-06T18:12:45.4166434Z 58: test=precision_client_io_first_mult2_contract result=PASS source=70c37679f4760c6dc2bebc35bdfd741c238f315b openfhe_pin=df495ba2e91739a6dc8f1de254fc5a41155ce504 claim_scope=low-N-first-operation-production-io-diagnostic N=64 S=16 gap=2 native=64 backend=4 depth=7 scaling_bits=50 first_bits=55 key_switch=HYBRID scaling=FIXEDMANUAL data=COMPLEX execution=EXEC_EVALUATION decrypt_noise=FIXED_NOISE_DECRYPT encryption=STANDARD multiplication=HPS PRE=NOT_SET noise_scale=1 secret=UNIFORM_TERNARY security=HEStd_NotSet fresh_keypairs=1 eval_keygen_calls=1 q_div=1125899906843009 q_l=1125899906840833 exact_scale_numerator=1606938044258990275541962092341162602522202993782792835301376 exact_scale_denominator=1267650600226646386227681786497 max_fresh_public_error=2.72016671197858556526943885001961456487347292e-28 max_fresh_oracle_error=2.72016671197858556526943885001961456487347292e-28 max_product_public_error=3.60377726091422586758317257782859295786613468e-28 max_product_oracle_error=3.60377726091422586758317257782859295786613468e-28 input_public_delta_error=1.92552916211557869033272785491306932443437912e-28 input_oracle_delta_error=1.92552916211557869033272785491306932443437912e-28 product_public_delta_error=2.98240976611892761157654939119527709402639763e-29 product_oracle_delta_error=2.98240976611892761157654939119527709402639763e-29 max_horner_component_disagreement=1.032506025503257810072e-107 cross_precision_error=1.25228787555953788108777547933653344914982686e-165 centered_headroom=32592575621437030210620824512759899172413712944662430971418726595098153787900901747269577016 malformed_key_rejections=32
2026-09-06T18:12:45.4174090Z 58: first_modulus_boundary_fixture ready=1 actual_first_bits=56 Q_towers=8 N=64 M=128 fixture_new_keypairs=0
2026-09-06T18:12:45.4195061Z 58: first_modulus_boundary_rejection passed
2026-09-06T18:12:45.4210171Z 58: clone_isolation_contract passed fresh_and_result=1 coefficients=1 scalars=1 present_empty_maps=1
2026-09-06T18:12:45.4220618Z 58: shared_params_fixture allocation_plan additional_matching_keypairs=1 additional_eval_keygen_calls=1 actual_first_bits=55 isolated_context_and_bases=1
2026-09-06T18:12:45.4679534Z 58: shared_params_fixture ready=1 valid_clone_bind_decrypt=1 actual_first_bits=55 Q_towers=8 fixture_new_keypairs=1 fixture_eval_keygen_calls=1 crypto_complete_before_drift=1
2026-09-06T18:12:45.4716129Z 58: shared_params_mutation ready=1 Q_towers_before=8 Q_towers_after=7 immutable_receipt_towers=8 next_boundary=CloneForEvaluation
2026-09-06T18:12:45.4716703Z 58: shared_params_boundary_rejection passed boundary=CloneForEvaluation
2026-09-06T18:12:45.4719367Z 58: shared_params_boundary_rejection passed boundary=BindFirstMult2Rcb
2026-09-06T18:12:45.4731618Z 58: shared_params_boundary_rejection passed boundary=Decrypt
2026-09-06T18:12:45.4742109Z 58: shared_params_drift_contract passed boundaries=3 owned_eval_tag_cleanup=1
2026-09-06T18:12:45.4751028Z 1/1 Test #58: precision_client_io_first_mult2_contract ...   Passed    0.19 sec
2026-09-06T18:12:45.4754971Z 
2026-09-06T18:12:45.4755086Z The following tests passed:
2026-09-06T18:12:45.4755422Z 	precision_client_io_first_mult2_contract
2026-09-06T18:12:45.4755653Z 
2026-09-06T18:12:45.4755781Z 100% tests passed, 0 tests failed out of 1
2026-09-06T18:12:45.4756004Z 
2026-09-06T18:12:45.4756101Z Total Test time (real) =   0.19 sec
2026-09-06T18:12:45.4785897Z ##[group]Run ctest --test-dir build --verbose --output-on-failure -R '^(repeated_mult2_semantic_two_square_contract|paper_h128_client_keypair_contract)$'
2026-09-06T18:12:45.4786663Z [36;1mctest --test-dir build --verbose --output-on-failure -R '^(repeated_mult2_semantic_two_square_contract|paper_h128_client_keypair_contract)$'[0m
2026-09-06T18:12:45.4819227Z shell: /usr/bin/bash -e {0}
2026-09-06T18:12:45.4819427Z env:
2026-09-06T18:12:45.4819635Z   OPENFHE_COMMIT: df495ba2e91739a6dc8f1de254fc5a41155ce504
2026-09-06T18:12:45.4819972Z   OPENFHE_PREFIX: /home/runner/work/20231788./20231788./.ci/openfhe-install
2026-09-06T18:12:45.4820304Z   pythonLocation: /opt/hostedtoolcache/Python/3.12.14/x64
2026-09-06T18:12:45.4820629Z   PKG_CONFIG_PATH: /opt/hostedtoolcache/Python/3.12.14/x64/lib/pkgconfig
2026-09-06T18:12:45.4820946Z   Python_ROOT_DIR: /opt/hostedtoolcache/Python/3.12.14/x64
2026-09-06T18:12:45.4821233Z   Python2_ROOT_DIR: /opt/hostedtoolcache/Python/3.12.14/x64
2026-09-06T18:12:45.4821536Z   Python3_ROOT_DIR: /opt/hostedtoolcache/Python/3.12.14/x64
2026-09-06T18:12:45.4821840Z   LD_LIBRARY_PATH: /opt/hostedtoolcache/Python/3.12.14/x64/lib
2026-09-06T18:12:45.4822086Z ##[endgroup]
2026-09-06T18:12:45.4882986Z Internal ctest changing into directory: /home/runner/work/20231788./20231788./build
2026-09-06T18:12:45.4883554Z UpdateCTestConfiguration  from :/home/runner/work/20231788./20231788./build/DartConfiguration.tcl
2026-09-06T18:12:45.4884839Z UpdateCTestConfiguration  from :/home/runner/work/20231788./20231788./build/DartConfiguration.tcl
2026-09-06T18:12:45.4885317Z Test project /home/runner/work/20231788./20231788./build
2026-09-06T18:12:45.4885570Z Constructing a list of tests
2026-09-06T18:12:45.4894379Z Done constructing a list of tests
2026-09-06T18:12:45.4894738Z Updating test list for fixtures
2026-09-06T18:12:45.4895081Z Added 0 tests to meet fixture requirements
2026-09-06T18:12:45.4895620Z Checking test dependency graph...
2026-09-06T18:12:45.4895953Z Checking test dependency graph end
2026-09-06T18:12:45.4896250Z test 59
2026-09-06T18:12:45.4896545Z     Start 59: repeated_mult2_semantic_two_square_contract
2026-09-06T18:12:45.4896829Z 
2026-09-06T18:12:45.4897181Z 59: Test command: /home/runner/work/20231788./20231788./build/repeated_mult2_semantic_two_square_test
2026-09-06T18:12:45.4898027Z 59: Working Directory: /home/runner/work/20231788./20231788./build
2026-09-06T18:12:45.4898399Z 59: Test timeout computed to be: 10000000
2026-09-06T18:12:45.6642934Z 59: {"test":"repeated_mult2_semantic_two_square_contract","scope":"low-N-two-operation-diagnostic","trial":0,"stage":1,"N":64,"batch":16,"depth":9,"scaling_bits":50,"first_bits":55,"input_scale_bits":100,"scaling":"FIXEDMANUAL","key_switch":"HYBRID","data_type":"COMPLEX","secret_distribution":"UNIFORM_TERNARY","security":"HEStd_NotSet","evaluation_family":0,"result_family":1,"tag":"ee703ebbe48318a11050089634deb01d-mult2-family-1","d":"1125899906843009","m":"1125899906840833","m1":"1125899906840833","m2":"1125899906844161","scale_numerator":"1606938044258990275541962092341162602522202993782792835301376","scale_denominator":"1267650600226646386227681786497","max_slot_error":"4.3359841157954785052312132023319792384175600284592e-28","delta_error":"1.8639844858172043974877182938220802404019790462094e-28","observed_product_headroom_bits":258}
2026-09-06T18:12:45.6670516Z 59: {"test":"repeated_mult2_semantic_two_square_contract","scope":"low-N-two-operation-diagnostic","trial":0,"stage":2,"N":64,"batch":16,"depth":9,"scaling_bits":50,"first_bits":55,"input_scale_bits":100,"scaling":"FIXEDMANUAL","key_switch":"HYBRID","data_type":"COMPLEX","secret_distribution":"UNIFORM_TERNARY","security":"HEStd_NotSet","evaluation_family":1,"result_family":1,"tag":"ee703ebbe48318a11050089634deb01d-mult2-family-1","d":"1125899906843009","m":"1125899906844161","m1":"1125899906840833","m2":"1125899906844161","scale_numerator":"2582249878086908589655919172003011874329705792829223512830659356540647622016841194629645353280137831435903171972747493376","scale_denominator":"2037035976332875852527482486577051056657800595085080553399799398642248571644790159515303041","max_slot_error":"1.8912555694006684468937218160314282752040831189219e-27","delta_error":"6.5786734627391641777407588596441162378603020185406e-29","observed_product_headroom_bits":211}
2026-09-06T18:12:45.8322707Z 59: {"test":"repeated_mult2_semantic_two_square_contract","scope":"low-N-two-operation-diagnostic","trial":1,"stage":1,"N":64,"batch":16,"depth":9,"scaling_bits":50,"first_bits":55,"input_scale_bits":100,"scaling":"FIXEDMANUAL","key_switch":"HYBRID","data_type":"COMPLEX","secret_distribution":"UNIFORM_TERNARY","security":"HEStd_NotSet","evaluation_family":0,"result_family":1,"tag":"e37aa5eb670630e39f193b90551338f2-mult2-family-1","d":"1125899906843009","m":"1125899906840833","m1":"1125899906840833","m2":"1125899906844161","scale_numerator":"1606938044258990275541962092341162602522202993782792835301376","scale_denominator":"1267650600226646386227681786497","max_slot_error":"1.5623579585743617313827780234415906824138831643554e-27","delta_error":"1.7456767185748851053993931104059783268106982599079e-28","observed_product_headroom_bits":258}
2026-09-06T18:12:45.8352802Z 59: {"test":"repeated_mult2_semantic_two_square_contract","scope":"low-N-two-operation-diagnostic","trial":1,"stage":2,"N":64,"batch":16,"depth":9,"scaling_bits":50,"first_bits":55,"input_scale_bits":100,"scaling":"FIXEDMANUAL","key_switch":"HYBRID","data_type":"COMPLEX","secret_distribution":"UNIFORM_TERNARY","security":"HEStd_NotSet","evaluation_family":1,"result_family":1,"tag":"e37aa5eb670630e39f193b90551338f2-mult2-family-1","d":"1125899906843009","m":"1125899906844161","m1":"1125899906840833","m2":"1125899906844161","scale_numerator":"2582249878086908589655919172003011874329705792829223512830659356540647622016841194629645353280137831435903171972747493376","scale_denominator":"2037035976332875852527482486577051056657800595085080553399799398642248571644790159515303041","max_slot_error":"2.5182418703159603746095491888890598938689128628075e-27","delta_error":"1.2481385672026428646645313790919422191412305262401e-28","observed_product_headroom_bits":211}
2026-09-06T18:12:46.0012373Z 59: {"test":"repeated_mult2_semantic_two_square_contract","scope":"low-N-two-operation-diagnostic","trial":2,"stage":1,"N":64,"batch":16,"depth":9,"scaling_bits":50,"first_bits":55,"input_scale_bits":100,"scaling":"FIXEDMANUAL","key_switch":"HYBRID","data_type":"COMPLEX","secret_distribution":"UNIFORM_TERNARY","security":"HEStd_NotSet","evaluation_family":0,"result_family":1,"tag":"01e31482dfb9e436615ce404a36856ab-mult2-family-1","d":"1125899906843009","m":"1125899906840833","m1":"1125899906840833","m2":"1125899906844161","scale_numerator":"1606938044258990275541962092341162602522202993782792835301376","scale_denominator":"1267650600226646386227681786497","max_slot_error":"7.4585433135942592718784672792771665316731428227156e-28","delta_error":"9.3479497900346100835605011101499961650567570892716e-29","observed_product_headroom_bits":258}
2026-09-06T18:12:46.0100189Z 59: {"test":"repeated_mult2_semantic_two_square_contract","scope":"low-N-two-operation-diagnostic","trial":2,"stage":2,"N":64,"batch":16,"depth":9,"scaling_bits":50,"first_bits":55,"input_scale_bits":100,"scaling":"FIXEDMANUAL","key_switch":"HYBRID","data_type":"COMPLEX","secret_distribution":"UNIFORM_TERNARY","security":"HEStd_NotSet","evaluation_family":1,"result_family":1,"tag":"01e31482dfb9e436615ce404a36856ab-mult2-family-1","d":"1125899906843009","m":"1125899906844161","m1":"1125899906840833","m2":"1125899906844161","scale_numerator":"2582249878086908589655919172003011874329705792829223512830659356540647622016841194629645353280137831435903171972747493376","scale_denominator":"2037035976332875852527482486577051056657800595085080553399799398642248571644790159515303041","max_slot_error":"1.354888391353143952070550064312458275249388490813e-27","delta_error":"7.1257880250803650902599473065422133887520631411367e-29","observed_product_headroom_bits":211}
2026-09-06T18:12:46.1752761Z 59: {"test":"repeated_mult2_semantic_two_square_contract","scope":"low-N-two-operation-diagnostic","trial":3,"stage":1,"N":64,"batch":16,"depth":9,"scaling_bits":50,"first_bits":55,"input_scale_bits":100,"scaling":"FIXEDMANUAL","key_switch":"HYBRID","data_type":"COMPLEX","secret_distribution":"UNIFORM_TERNARY","security":"HEStd_NotSet","evaluation_family":0,"result_family":1,"tag":"cb60e654c94380598528408b784a186e-mult2-family-1","d":"1125899906843009","m":"1125899906840833","m1":"1125899906840833","m2":"1125899906844161","scale_numerator":"1606938044258990275541962092341162602522202993782792835301376","scale_denominator":"1267650600226646386227681786497","max_slot_error":"1.3220950966339529610744856556946112429412973273518e-27","delta_error":"1.4661596889542388426020189436205624184006453179346e-27","observed_product_headroom_bits":258}
2026-09-06T18:12:46.1770469Z 59: {"test":"repeated_mult2_semantic_two_square_contract","scope":"low-N-two-operation-diagnostic","trial":3,"stage":2,"N":64,"batch":16,"depth":9,"scaling_bits":50,"first_bits":55,"input_scale_bits":100,"scaling":"FIXEDMANUAL","key_switch":"HYBRID","data_type":"COMPLEX","secret_distribution":"UNIFORM_TERNARY","security":"HEStd_NotSet","evaluation_family":1,"result_family":1,"tag":"cb60e654c94380598528408b784a186e-mult2-family-1","d":"1125899906843009","m":"1125899906844161","m1":"1125899906840833","m2":"1125899906844161","scale_numerator":"2582249878086908589655919172003011874329705792829223512830659356540647622016841194629645353280137831435903171972747493376","scale_denominator":"2037035976332875852527482486577051056657800595085080553399799398642248571644790159515303041","max_slot_error":"1.078978958649190230039841822960072938986575545427e-27","delta_error":"5.6830125162907029854469182674940360358822909888539e-28","observed_product_headroom_bits":211}
2026-09-06T18:12:46.1774827Z 1/2 Test #59: repeated_mult2_semantic_two_square_contract ...   Passed    0.69 sec
2026-09-06T18:12:46.1776990Z test 60
2026-09-06T18:12:46.1777269Z     Start 60: paper_h128_client_keypair_contract
2026-09-06T18:12:46.1777530Z 
2026-09-06T18:12:46.1777877Z 60: Test command: /home/runner/work/20231788./20231788./build/paper_h128_client_keypair_contract_test
2026-09-06T18:12:46.1778382Z 60: Working Directory: /home/runner/work/20231788./20231788./build
2026-09-06T18:12:46.1778868Z 60: Test timeout computed to be: 10000000
2026-09-06T18:12:46.2098927Z 60: valid-path assertions passed (diagnostic, not paper evidence)
2026-09-06T18:12:46.2099525Z 60: 50 named rejection assertions passed (no injected tag collisions)
2026-09-06T18:12:46.2100117Z 60: two-call uniqueness and owned-tag cache-isolation assertions passed
2026-09-06T18:12:46.2103641Z 2/2 Test #60: paper_h128_client_keypair_contract ............   Passed    0.03 sec
2026-09-06T18:12:46.2107056Z 
2026-09-06T18:12:46.2107244Z The following tests passed:
2026-09-06T18:12:46.2107577Z 	repeated_mult2_semantic_two_square_contract
2026-09-06T18:12:46.2107937Z 	paper_h128_client_keypair_contract
2026-09-06T18:12:46.2108162Z 
2026-09-06T18:12:46.2108302Z 100% tests passed, 0 tests failed out of 2
2026-09-06T18:12:46.2108674Z 
2026-09-06T18:12:46.2108793Z Total Test time (real) =   0.72 sec
2026-09-06T18:12:46.2137524Z ##[group]Run ctest --test-dir build --show-only=json-v1 -E '^(paper_full_eight_square_contract|experimental_precision116_profile_seam)$'
2026-09-06T18:12:46.2138250Z [36;1mctest --test-dir build --show-only=json-v1 -E '^(paper_full_eight_square_contract|experimental_precision116_profile_seam)$'[0m
2026-09-06T18:12:46.2139112Z [36;1mctest --test-dir build --verbose --output-on-failure -E '^(paper_full_eight_square_contract|experimental_precision116_profile_seam)$'[0m
2026-09-06T18:12:46.2171388Z shell: /usr/bin/bash -e {0}
2026-09-06T18:12:46.2171589Z env:
2026-09-06T18:12:46.2171805Z   OPENFHE_COMMIT: df495ba2e91739a6dc8f1de254fc5a41155ce504
2026-09-06T18:12:46.2172149Z   OPENFHE_PREFIX: /home/runner/work/20231788./20231788./.ci/openfhe-install
2026-09-06T18:12:46.2172506Z   pythonLocation: /opt/hostedtoolcache/Python/3.12.14/x64
2026-09-06T18:12:46.2172833Z   PKG_CONFIG_PATH: /opt/hostedtoolcache/Python/3.12.14/x64/lib/pkgconfig
2026-09-06T18:12:46.2173176Z   Python_ROOT_DIR: /opt/hostedtoolcache/Python/3.12.14/x64
2026-09-06T18:12:46.2173460Z   Python2_ROOT_DIR: /opt/hostedtoolcache/Python/3.12.14/x64
2026-09-06T18:12:46.2173747Z   Python3_ROOT_DIR: /opt/hostedtoolcache/Python/3.12.14/x64
2026-09-06T18:12:46.2174041Z   LD_LIBRARY_PATH: /opt/hostedtoolcache/Python/3.12.14/x64/lib
2026-09-06T18:12:46.2174288Z ##[endgroup]
2026-09-06T18:12:46.2255700Z {
2026-09-06T18:12:46.2255961Z   "backtraceGraph" : 
2026-09-06T18:12:46.2256242Z   {
2026-09-06T18:12:46.2256456Z     "commands" : 
2026-09-06T18:12:46.2256690Z     [
2026-09-06T18:12:46.2256908Z       "add_test"
2026-09-06T18:12:46.2257170Z     ],
2026-09-06T18:12:46.2257368Z     "files" : 
2026-09-06T18:12:46.2257590Z     [
2026-09-06T18:12:46.2257877Z       "/home/runner/work/20231788./20231788./CMakeLists.txt"
2026-09-06T18:12:46.2258266Z     ],
2026-09-06T18:12:46.2258469Z     "nodes" : 
2026-09-06T18:12:46.2258807Z     [
2026-09-06T18:12:46.2259000Z       {
2026-09-06T18:12:46.2259209Z         "file" : 0
2026-09-06T18:12:46.2259437Z       },
2026-09-06T18:12:46.2259639Z       {
2026-09-06T18:12:46.2259847Z         "command" : 0,
2026-09-06T18:12:46.2260096Z         "file" : 0,
2026-09-06T18:12:46.2260341Z         "line" : 195,
2026-09-06T18:12:46.2260588Z         "parent" : 0
2026-09-06T18:12:46.2260823Z       },
2026-09-06T18:12:46.2261027Z       {
2026-09-06T18:12:46.2261436Z         "file" : 0
2026-09-06T18:12:46.2261670Z       },
2026-09-06T18:12:46.2261865Z       {
2026-09-06T18:12:46.2262071Z         "command" : 0,
2026-09-06T18:12:46.2262312Z         "file" : 0,
2026-09-06T18:12:46.2262539Z         "line" : 196,
2026-09-06T18:12:46.2262773Z         "parent" : 2
2026-09-06T18:12:46.2263002Z       },
2026-09-06T18:12:46.2263202Z       {
2026-09-06T18:12:46.2263405Z         "file" : 0
2026-09-06T18:12:46.2263623Z       },
2026-09-06T18:12:46.2263825Z       {
2026-09-06T18:12:46.2264033Z         "command" : 0,
2026-09-06T18:12:46.2264268Z         "file" : 0,
2026-09-06T18:12:46.2264493Z         "line" : 198,
2026-09-06T18:12:46.2264733Z         "parent" : 4
2026-09-06T18:12:46.2264955Z       },
2026-09-06T18:12:46.2265152Z       {
2026-09-06T18:12:46.2265350Z         "file" : 0
2026-09-06T18:12:46.2265760Z       },
2026-09-06T18:12:46.2265955Z       {
2026-09-06T18:12:46.2266158Z         "command" : 0,
2026-09-06T18:12:46.2266408Z         "file" : 0,
2026-09-06T18:12:46.2266642Z         "line" : 200,
2026-09-06T18:12:46.2266879Z         "parent" : 6
2026-09-06T18:12:46.2267106Z       },
2026-09-06T18:12:46.2267317Z       {
2026-09-06T18:12:46.2267515Z         "file" : 0
2026-09-06T18:12:46.2267734Z       },
2026-09-06T18:12:46.2267932Z       {
2026-09-06T18:12:46.2268138Z         "command" : 0,
2026-09-06T18:12:46.2268375Z         "file" : 0,
2026-09-06T18:12:46.2268776Z         "line" : 201,
2026-09-06T18:12:46.2269012Z         "parent" : 8
2026-09-06T18:12:46.2269237Z       },
2026-09-06T18:12:46.2269437Z       {
2026-09-06T18:12:46.2269638Z         "file" : 0
2026-09-06T18:12:46.2269855Z       },
2026-09-06T18:12:46.2270253Z       {
2026-09-06T18:12:46.2270465Z         "command" : 0,
2026-09-06T18:12:46.2270624Z         "file" : 0,
2026-09-06T18:12:46.2270777Z         "line" : 202,
2026-09-06T18:12:46.2270941Z         "parent" : 10
2026-09-06T18:12:46.2271097Z       },
2026-09-06T18:12:46.2271233Z       {
2026-09-06T18:12:46.2271372Z         "file" : 0
2026-09-06T18:12:46.2271515Z       },
2026-09-06T18:12:46.2271652Z       {
2026-09-06T18:12:46.2271790Z         "command" : 0,
2026-09-06T18:12:46.2271944Z         "file" : 0,
2026-09-06T18:12:46.2272092Z         "line" : 203,
2026-09-06T18:12:46.2272247Z         "parent" : 12
2026-09-06T18:12:46.2272397Z       },
2026-09-06T18:12:46.2272528Z       {
2026-09-06T18:12:46.2272661Z         "file" : 0
2026-09-06T18:12:46.2272807Z       },
2026-09-06T18:12:46.2272942Z       {
2026-09-06T18:12:46.2273082Z         "command" : 0,
2026-09-06T18:12:46.2273248Z         "file" : 0,
2026-09-06T18:12:46.2273411Z         "line" : 205,
2026-09-06T18:12:46.2273570Z         "parent" : 14
2026-09-06T18:12:46.2273735Z       },
2026-09-06T18:12:46.2273877Z       {
2026-09-06T18:12:46.2274018Z         "file" : 0
2026-09-06T18:12:46.2274165Z       },
2026-09-06T18:12:46.2274299Z       {
2026-09-06T18:12:46.2274443Z         "command" : 0,
2026-09-06T18:12:46.2274602Z         "file" : 0,
2026-09-06T18:12:46.2274754Z         "line" : 207,
2026-09-06T18:12:46.2274906Z         "parent" : 16
2026-09-06T18:12:46.2275058Z       },
2026-09-06T18:12:46.2275195Z       {
2026-09-06T18:12:46.2275331Z         "file" : 0
2026-09-06T18:12:46.2275477Z       },
2026-09-06T18:12:46.2275608Z       {
2026-09-06T18:12:46.2275744Z         "command" : 0,
2026-09-06T18:12:46.2275898Z         "file" : 0,
2026-09-06T18:12:46.2276047Z         "line" : 208,
2026-09-06T18:12:46.2276199Z         "parent" : 18
2026-09-06T18:12:46.2276347Z       },
2026-09-06T18:12:46.2276479Z       {
2026-09-06T18:12:46.2276615Z         "file" : 0
2026-09-06T18:12:46.2276760Z       },
2026-09-06T18:12:46.2276896Z       {
2026-09-06T18:12:46.2277032Z         "command" : 0,
2026-09-06T18:12:46.2277187Z         "file" : 0,
2026-09-06T18:12:46.2277335Z         "line" : 209,
2026-09-06T18:12:46.2277488Z         "parent" : 20
2026-09-06T18:12:46.2277643Z       },
2026-09-06T18:12:46.2277773Z       {
2026-09-06T18:12:46.2277906Z         "file" : 0
2026-09-06T18:12:46.2278050Z       },
2026-09-06T18:12:46.2278182Z       {
2026-09-06T18:12:46.2278318Z         "command" : 0,
2026-09-06T18:12:46.2278472Z         "file" : 0,
2026-09-06T18:12:46.2278823Z         "line" : 210,
2026-09-06T18:12:46.2278979Z         "parent" : 22
2026-09-06T18:12:46.2279184Z       },
2026-09-06T18:12:46.2279374Z       {
2026-09-06T18:12:46.2279542Z         "file" : 0
2026-09-06T18:12:46.2279727Z       },
2026-09-06T18:12:46.2279859Z       {
2026-09-06T18:12:46.2280000Z         "command" : 0,
2026-09-06T18:12:46.2280168Z         "file" : 0,
2026-09-06T18:12:46.2291436Z         "line" : 211,
2026-09-06T18:12:46.2291655Z         "parent" : 24
2026-09-06T18:12:46.2291874Z       },
2026-09-06T18:12:46.2292070Z       {
2026-09-06T18:12:46.2292216Z         "file" : 0
2026-09-06T18:12:46.2292371Z       },
2026-09-06T18:12:46.2292508Z       {
2026-09-06T18:12:46.2292649Z         "command" : 0,
2026-09-06T18:12:46.2292982Z         "file" : 0,
2026-09-06T18:12:46.2293133Z         "line" : 212,
2026-09-06T18:12:46.2293284Z         "parent" : 26
2026-09-06T18:12:46.2293431Z       },
2026-09-06T18:12:46.2293564Z       {
2026-09-06T18:12:46.2293756Z         "file" : 0
2026-09-06T18:12:46.2294002Z       },
2026-09-06T18:12:46.2294193Z       {
2026-09-06T18:12:46.2294401Z         "command" : 0,
2026-09-06T18:12:46.2294641Z         "file" : 0,
2026-09-06T18:12:46.2294812Z         "line" : 213,
2026-09-06T18:12:46.2294968Z         "parent" : 28
2026-09-06T18:12:46.2295121Z       },
2026-09-06T18:12:46.2295254Z       {
2026-09-06T18:12:46.2295394Z         "file" : 0
2026-09-06T18:12:46.2295543Z       },
2026-09-06T18:12:46.2295687Z       {
2026-09-06T18:12:46.2295826Z         "command" : 0,
2026-09-06T18:12:46.2296111Z         "file" : 0,
2026-09-06T18:12:46.2296275Z         "line" : 214,
2026-09-06T18:12:46.2296442Z         "parent" : 30
2026-09-06T18:12:46.2296590Z       },
2026-09-06T18:12:46.2296729Z       {
2026-09-06T18:12:46.2296868Z         "file" : 0
2026-09-06T18:12:46.2297015Z       },
2026-09-06T18:12:46.2297151Z       {
2026-09-06T18:12:46.2297288Z         "command" : 0,
2026-09-06T18:12:46.2297442Z         "file" : 0,
2026-09-06T18:12:46.2297596Z         "line" : 215,
2026-09-06T18:12:46.2297752Z         "parent" : 32
2026-09-06T18:12:46.2297904Z       },
2026-09-06T18:12:46.2298036Z       {
2026-09-06T18:12:46.2298174Z         "file" : 0
2026-09-06T18:12:46.2298325Z       },
2026-09-06T18:12:46.2298454Z       {
2026-09-06T18:12:46.2298738Z         "command" : 0,
2026-09-06T18:12:46.2298901Z         "file" : 0,
2026-09-06T18:12:46.2299048Z         "line" : 216,
2026-09-06T18:12:46.2299206Z         "parent" : 34
2026-09-06T18:12:46.2299363Z       },
2026-09-06T18:12:46.2299499Z       {
2026-09-06T18:12:46.2299641Z         "file" : 0
2026-09-06T18:12:46.2299790Z       },
2026-09-06T18:12:46.2299922Z       {
2026-09-06T18:12:46.2300069Z         "command" : 0,
2026-09-06T18:12:46.2300228Z         "file" : 0,
2026-09-06T18:12:46.2300384Z         "line" : 217,
2026-09-06T18:12:46.2300539Z         "parent" : 36
2026-09-06T18:12:46.2300690Z       },
2026-09-06T18:12:46.2300823Z       {
2026-09-06T18:12:46.2300956Z         "file" : 0
2026-09-06T18:12:46.2301098Z       },
2026-09-06T18:12:46.2301227Z       {
2026-09-06T18:12:46.2301371Z         "command" : 0,
2026-09-06T18:12:46.2301530Z         "file" : 0,
2026-09-06T18:12:46.2301681Z         "line" : 218,
2026-09-06T18:12:46.2301846Z         "parent" : 38
2026-09-06T18:12:46.2301994Z       },
2026-09-06T18:12:46.2302124Z       {
2026-09-06T18:12:46.2302257Z         "file" : 0
2026-09-06T18:12:46.2302404Z       },
2026-09-06T18:12:46.2302541Z       {
2026-09-06T18:12:46.2302679Z         "command" : 0,
2026-09-06T18:12:46.2302831Z         "file" : 0,
2026-09-06T18:12:46.2302985Z         "line" : 219,
2026-09-06T18:12:46.2303144Z         "parent" : 40
2026-09-06T18:12:46.2303294Z       },
2026-09-06T18:12:46.2303429Z       {
2026-09-06T18:12:46.2303576Z         "file" : 0
2026-09-06T18:12:46.2303729Z       },
2026-09-06T18:12:46.2303876Z       {
2026-09-06T18:12:46.2304018Z         "command" : 0,
2026-09-06T18:12:46.2304178Z         "file" : 0,
2026-09-06T18:12:46.2304335Z         "line" : 220,
2026-09-06T18:12:46.2304493Z         "parent" : 42
2026-09-06T18:12:46.2304644Z       },
2026-09-06T18:12:46.2304780Z       {
2026-09-06T18:12:46.2304916Z         "file" : 0
2026-09-06T18:12:46.2305059Z       },
2026-09-06T18:12:46.2305194Z       {
2026-09-06T18:12:46.2305338Z         "command" : 0,
2026-09-06T18:12:46.2305492Z         "file" : 0,
2026-09-06T18:12:46.2305642Z         "line" : 221,
2026-09-06T18:12:46.2305796Z         "parent" : 44
2026-09-06T18:12:46.2305944Z       },
2026-09-06T18:12:46.2306076Z       {
2026-09-06T18:12:46.2306211Z         "file" : 0
2026-09-06T18:12:46.2306358Z       },
2026-09-06T18:12:46.2306490Z       {
2026-09-06T18:12:46.2306625Z         "command" : 0,
2026-09-06T18:12:46.2306785Z         "file" : 0,
2026-09-06T18:12:46.2307065Z         "line" : 222,
2026-09-06T18:12:46.2307233Z         "parent" : 46
2026-09-06T18:12:46.2307387Z       },
2026-09-06T18:12:46.2307527Z       {
2026-09-06T18:12:46.2307668Z         "file" : 0
2026-09-06T18:12:46.2307819Z       },
2026-09-06T18:12:46.2307957Z       {
2026-09-06T18:12:46.2308102Z         "command" : 0,
2026-09-06T18:12:46.2308263Z         "file" : 0,
2026-09-06T18:12:46.2308417Z         "line" : 223,
2026-09-06T18:12:46.2308702Z         "parent" : 48
2026-09-06T18:12:46.2308855Z       },
2026-09-06T18:12:46.2308991Z       {
2026-09-06T18:12:46.2309124Z         "file" : 0
2026-09-06T18:12:46.2309268Z       },
2026-09-06T18:12:46.2309402Z       {
2026-09-06T18:12:46.2309542Z         "command" : 0,
2026-09-06T18:12:46.2309705Z         "file" : 0,
2026-09-06T18:12:46.2309852Z         "line" : 224,
2026-09-06T18:12:46.2310117Z         "parent" : 50
2026-09-06T18:12:46.2310269Z       },
2026-09-06T18:12:46.2310408Z       {
2026-09-06T18:12:46.2310544Z         "file" : 0
2026-09-06T18:12:46.2310696Z       },
2026-09-06T18:12:46.2310834Z       {
2026-09-06T18:12:46.2310970Z         "command" : 0,
2026-09-06T18:12:46.2311126Z         "file" : 0,
2026-09-06T18:12:46.2311282Z         "line" : 225,
2026-09-06T18:12:46.2311442Z         "parent" : 52
2026-09-06T18:12:46.2311592Z       },
2026-09-06T18:12:46.2311730Z       {
2026-09-06T18:12:46.2311861Z         "file" : 0
2026-09-06T18:12:46.2312007Z       },
2026-09-06T18:12:46.2312141Z       {
2026-09-06T18:12:46.2312276Z         "command" : 0,
2026-09-06T18:12:46.2312431Z         "file" : 0,
2026-09-06T18:12:46.2312584Z         "line" : 226,
2026-09-06T18:12:46.2312734Z         "parent" : 54
2026-09-06T18:12:46.2312881Z       },
2026-09-06T18:12:46.2313012Z       {
2026-09-06T18:12:46.2313144Z         "file" : 0
2026-09-06T18:12:46.2313286Z       },
2026-09-06T18:12:46.2313423Z       {
2026-09-06T18:12:46.2313558Z         "command" : 0,
2026-09-06T18:12:46.2313708Z         "file" : 0,
2026-09-06T18:12:46.2313854Z         "line" : 227,
2026-09-06T18:12:46.2314011Z         "parent" : 56
2026-09-06T18:12:46.2314169Z       },
2026-09-06T18:12:46.2314319Z       {
2026-09-06T18:12:46.2314456Z         "file" : 0
2026-09-06T18:12:46.2314605Z       },
2026-09-06T18:12:46.2314738Z       {
2026-09-06T18:12:46.2314876Z         "command" : 0,
2026-09-06T18:12:46.2315032Z         "file" : 0,
2026-09-06T18:12:46.2315185Z         "line" : 228,
2026-09-06T18:12:46.2315340Z         "parent" : 58
2026-09-06T18:12:46.2315489Z       },
2026-09-06T18:12:46.2315623Z       {
2026-09-06T18:12:46.2315754Z         "file" : 0
2026-09-06T18:12:46.2315899Z       },
2026-09-06T18:12:46.2316037Z       {
2026-09-06T18:12:46.2316171Z         "command" : 0,
2026-09-06T18:12:46.2316325Z         "file" : 0,
2026-09-06T18:12:46.2316473Z         "line" : 229,
2026-09-06T18:12:46.2316627Z         "parent" : 60
2026-09-06T18:12:46.2316780Z       },
2026-09-06T18:12:46.2316914Z       {
2026-09-06T18:12:46.2317046Z         "file" : 0
2026-09-06T18:12:46.2317186Z       },
2026-09-06T18:12:46.2317318Z       {
2026-09-06T18:12:46.2317452Z         "command" : 0,
2026-09-06T18:12:46.2317604Z         "file" : 0,
2026-09-06T18:12:46.2317757Z         "line" : 230,
2026-09-06T18:12:46.2317908Z         "parent" : 62
2026-09-06T18:12:46.2318056Z       },
2026-09-06T18:12:46.2318185Z       {
2026-09-06T18:12:46.2318318Z         "file" : 0
2026-09-06T18:12:46.2318458Z       },
2026-09-06T18:12:46.2318792Z       {
2026-09-06T18:12:46.2318933Z         "command" : 0,
2026-09-06T18:12:46.2319090Z         "file" : 0,
2026-09-06T18:12:46.2319236Z         "line" : 231,
2026-09-06T18:12:46.2319388Z         "parent" : 64
2026-09-06T18:12:46.2319538Z       },
2026-09-06T18:12:46.2319678Z       {
2026-09-06T18:12:46.2319814Z         "file" : 0
2026-09-06T18:12:46.2319958Z       },
2026-09-06T18:12:46.2320093Z       {
2026-09-06T18:12:46.2320240Z         "command" : 0,
2026-09-06T18:12:46.2320398Z         "file" : 0,
2026-09-06T18:12:46.2320550Z         "line" : 232,
2026-09-06T18:12:46.2320699Z         "parent" : 66
2026-09-06T18:12:46.2320973Z       },
2026-09-06T18:12:46.2321104Z       {
2026-09-06T18:12:46.2321234Z         "file" : 0
2026-09-06T18:12:46.2321375Z       },
2026-09-06T18:12:46.2321506Z       {
2026-09-06T18:12:46.2321645Z         "command" : 0,
2026-09-06T18:12:46.2321792Z         "file" : 0,
2026-09-06T18:12:46.2321937Z         "line" : 233,
2026-09-06T18:12:46.2322088Z         "parent" : 68
2026-09-06T18:12:46.2322230Z       },
2026-09-06T18:12:46.2322361Z       {
2026-09-06T18:12:46.2322490Z         "file" : 0
2026-09-06T18:12:46.2322663Z       },
2026-09-06T18:12:46.2322794Z       {
2026-09-06T18:12:46.2322925Z         "command" : 0,
2026-09-06T18:12:46.2323077Z         "file" : 0,
2026-09-06T18:12:46.2323217Z         "line" : 234,
2026-09-06T18:12:46.2323364Z         "parent" : 70
2026-09-06T18:12:46.2323508Z       },
2026-09-06T18:12:46.2323741Z       {
2026-09-06T18:12:46.2323886Z         "file" : 0
2026-09-06T18:12:46.2324031Z       },
2026-09-06T18:12:46.2324161Z       {
2026-09-06T18:12:46.2324295Z         "command" : 0,
2026-09-06T18:12:46.2324451Z         "file" : 0,
2026-09-06T18:12:46.2324596Z         "line" : 235,
2026-09-06T18:12:46.2324745Z         "parent" : 72
2026-09-06T18:12:46.2324893Z       },
2026-09-06T18:12:46.2325020Z       {
2026-09-06T18:12:46.2325146Z         "file" : 0
2026-09-06T18:12:46.2325284Z       },
2026-09-06T18:12:46.2325410Z       {
2026-09-06T18:12:46.2325540Z         "command" : 0,
2026-09-06T18:12:46.2325689Z         "file" : 0,
2026-09-06T18:12:46.2325832Z         "line" : 236,
2026-09-06T18:12:46.2325980Z         "parent" : 74
2026-09-06T18:12:46.2326127Z       },
2026-09-06T18:12:46.2326254Z       {
2026-09-06T18:12:46.2326384Z         "file" : 0
2026-09-06T18:12:46.2326524Z       },
2026-09-06T18:12:46.2326650Z       {
2026-09-06T18:12:46.2326794Z         "command" : 0,
2026-09-06T18:12:46.2326948Z         "file" : 0,
2026-09-06T18:12:46.2327092Z         "line" : 237,
2026-09-06T18:12:46.2327240Z         "parent" : 76
2026-09-06T18:12:46.2327386Z       },
2026-09-06T18:12:46.2327519Z       {
2026-09-06T18:12:46.2327650Z         "file" : 0
2026-09-06T18:12:46.2327788Z       },
2026-09-06T18:12:46.2327920Z       {
2026-09-06T18:12:46.2328095Z         "command" : 0,
2026-09-06T18:12:46.2328324Z         "file" : 0,
2026-09-06T18:12:46.2328637Z         "line" : 238,
2026-09-06T18:12:46.2328861Z         "parent" : 78
2026-09-06T18:12:46.2329072Z       },
2026-09-06T18:12:46.2329254Z       {
2026-09-06T18:12:46.2329442Z         "file" : 0
2026-09-06T18:12:46.2329641Z       },
2026-09-06T18:12:46.2329821Z       {
2026-09-06T18:12:46.2330027Z         "command" : 0,
2026-09-06T18:12:46.2330240Z         "file" : 0,
2026-09-06T18:12:46.2330447Z         "line" : 239,
2026-09-06T18:12:46.2330663Z         "parent" : 80
2026-09-06T18:12:46.2330873Z       },
2026-09-06T18:12:46.2331071Z       {
2026-09-06T18:12:46.2331260Z         "file" : 0
2026-09-06T18:12:46.2331460Z       },
2026-09-06T18:12:46.2331639Z       {
2026-09-06T18:12:46.2331823Z         "command" : 0,
2026-09-06T18:12:46.2332040Z         "file" : 0,
2026-09-06T18:12:46.2332261Z         "line" : 240,
2026-09-06T18:12:46.2332472Z         "parent" : 82
2026-09-06T18:12:46.2332677Z       },
2026-09-06T18:12:46.2332853Z       {
2026-09-06T18:12:46.2333034Z         "file" : 0
2026-09-06T18:12:46.2333255Z       },
2026-09-06T18:12:46.2333432Z       {
2026-09-06T18:12:46.2333618Z         "command" : 0,
2026-09-06T18:12:46.2333832Z         "file" : 0,
2026-09-06T18:12:46.2334034Z         "line" : 241,
2026-09-06T18:12:46.2334248Z         "parent" : 84
2026-09-06T18:12:46.2334475Z       },
2026-09-06T18:12:46.2334654Z       {
2026-09-06T18:12:46.2334833Z         "file" : 0
2026-09-06T18:12:46.2335031Z       },
2026-09-06T18:12:46.2335209Z       {
2026-09-06T18:12:46.2335411Z         "command" : 0,
2026-09-06T18:12:46.2335631Z         "file" : 0,
2026-09-06T18:12:46.2335839Z         "line" : 242,
2026-09-06T18:12:46.2336050Z         "parent" : 86
2026-09-06T18:12:46.2336259Z       },
2026-09-06T18:12:46.2336438Z       {
2026-09-06T18:12:46.2336771Z         "file" : 0
2026-09-06T18:12:46.2336969Z       },
2026-09-06T18:12:46.2337146Z       {
2026-09-06T18:12:46.2337335Z         "command" : 0,
2026-09-06T18:12:46.2337545Z         "file" : 0,
2026-09-06T18:12:46.2337767Z         "line" : 243,
2026-09-06T18:12:46.2337979Z         "parent" : 88
2026-09-06T18:12:46.2338190Z       },
2026-09-06T18:12:46.2338368Z       {
2026-09-06T18:12:46.2338658Z         "file" : 0
2026-09-06T18:12:46.2338856Z       },
2026-09-06T18:12:46.2339035Z       {
2026-09-06T18:12:46.2339219Z         "command" : 0,
2026-09-06T18:12:46.2339430Z         "file" : 0,
2026-09-06T18:12:46.2339632Z         "line" : 244,
2026-09-06T18:12:46.2339861Z         "parent" : 90
2026-09-06T18:12:46.2340068Z       },
2026-09-06T18:12:46.2340247Z       {
2026-09-06T18:12:46.2340428Z         "file" : 0
2026-09-06T18:12:46.2340778Z       },
2026-09-06T18:12:46.2340977Z       {
2026-09-06T18:12:46.2341161Z         "command" : 0,
2026-09-06T18:12:46.2341375Z         "file" : 0,
2026-09-06T18:12:46.2341585Z         "line" : 246,
2026-09-06T18:12:46.2341795Z         "parent" : 92
2026-09-06T18:12:46.2342020Z       },
2026-09-06T18:12:46.2342197Z       {
2026-09-06T18:12:46.2342377Z         "file" : 0
2026-09-06T18:12:46.2342577Z       },
2026-09-06T18:12:46.2342754Z       {
2026-09-06T18:12:46.2342937Z         "command" : 0,
2026-09-06T18:12:46.2343174Z         "file" : 0,
2026-09-06T18:12:46.2343376Z         "line" : 247,
2026-09-06T18:12:46.2343586Z         "parent" : 94
2026-09-06T18:12:46.2343792Z       },
2026-09-06T18:12:46.2343970Z       {
2026-09-06T18:12:46.2344167Z         "file" : 0
2026-09-06T18:12:46.2344365Z       },
2026-09-06T18:12:46.2344542Z       {
2026-09-06T18:12:46.2344731Z         "command" : 0,
2026-09-06T18:12:46.2344942Z         "file" : 0,
2026-09-06T18:12:46.2345149Z         "line" : 248,
2026-09-06T18:12:46.2345383Z         "parent" : 96
2026-09-06T18:12:46.2345593Z       },
2026-09-06T18:12:46.2345772Z       {
2026-09-06T18:12:46.2345960Z         "file" : 0
2026-09-06T18:12:46.2346159Z       },
2026-09-06T18:12:46.2346369Z       {
2026-09-06T18:12:46.2346557Z         "command" : 0,
2026-09-06T18:12:46.2346773Z         "file" : 0,
2026-09-06T18:12:46.2346977Z         "line" : 249,
2026-09-06T18:12:46.2347191Z         "parent" : 98
2026-09-06T18:12:46.2347408Z       },
2026-09-06T18:12:46.2347608Z       {
2026-09-06T18:12:46.2347798Z         "file" : 0
2026-09-06T18:12:46.2347996Z       },
2026-09-06T18:12:46.2348175Z       {
2026-09-06T18:12:46.2348361Z         "command" : 0,
2026-09-06T18:12:46.2348684Z         "file" : 0,
2026-09-06T18:12:46.2348897Z         "line" : 251,
2026-09-06T18:12:46.2349120Z         "parent" : 100
2026-09-06T18:12:46.2349335Z       },
2026-09-06T18:12:46.2349518Z       {
2026-09-06T18:12:46.2349723Z         "file" : 0
2026-09-06T18:12:46.2349924Z       },
2026-09-06T18:12:46.2350110Z       {
2026-09-06T18:12:46.2350307Z         "command" : 0,
2026-09-06T18:12:46.2350525Z         "file" : 0,
2026-09-06T18:12:46.2350729Z         "line" : 252,
2026-09-06T18:12:46.2350966Z         "parent" : 102
2026-09-06T18:12:46.2351178Z       },
2026-09-06T18:12:46.2351358Z       {
2026-09-06T18:12:46.2351538Z         "file" : 0
2026-09-06T18:12:46.2351738Z       },
2026-09-06T18:12:46.2351937Z       {
2026-09-06T18:12:46.2352124Z         "command" : 0,
2026-09-06T18:12:46.2352338Z         "file" : 0,
2026-09-06T18:12:46.2352544Z         "line" : 253,
2026-09-06T18:12:46.2352764Z         "parent" : 104
2026-09-06T18:12:46.2352974Z       },
2026-09-06T18:12:46.2353174Z       {
2026-09-06T18:12:46.2353357Z         "file" : 0
2026-09-06T18:12:46.2353556Z       },
2026-09-06T18:12:46.2353735Z       {
2026-09-06T18:12:46.2353923Z         "command" : 0,
2026-09-06T18:12:46.2354154Z         "file" : 0,
2026-09-06T18:12:46.2354360Z         "line" : 254,
2026-09-06T18:12:46.2354580Z         "parent" : 106
2026-09-06T18:12:46.2354793Z       },
2026-09-06T18:12:46.2354973Z       {
2026-09-06T18:12:46.2355162Z         "file" : 0
2026-09-06T18:12:46.2355380Z       },
2026-09-06T18:12:46.2355745Z       {
2026-09-06T18:12:46.2355933Z         "command" : 0,
2026-09-06T18:12:46.2356148Z         "file" : 0,
2026-09-06T18:12:46.2356374Z         "line" : 255,
2026-09-06T18:12:46.2356590Z         "parent" : 108
2026-09-06T18:12:46.2356801Z       },
2026-09-06T18:12:46.2356983Z       {
2026-09-06T18:12:46.2357166Z         "file" : 0
2026-09-06T18:12:46.2357364Z       },
2026-09-06T18:12:46.2357564Z       {
2026-09-06T18:12:46.2357757Z         "command" : 0,
2026-09-06T18:12:46.2357970Z         "file" : 0,
2026-09-06T18:12:46.2358179Z         "line" : 256,
2026-09-06T18:12:46.2358394Z         "parent" : 110
2026-09-06T18:12:46.2358719Z       },
2026-09-06T18:12:46.2358903Z       {
2026-09-06T18:12:46.2359087Z         "file" : 0
2026-09-06T18:12:46.2359285Z       },
2026-09-06T18:12:46.2359466Z       {
2026-09-06T18:12:46.2359769Z         "command" : 0,
2026-09-06T18:12:46.2360013Z         "file" : 0,
2026-09-06T18:12:46.2360238Z         "line" : 258,
2026-09-06T18:12:46.2360459Z         "parent" : 112
2026-09-06T18:12:46.2360674Z       },
2026-09-06T18:12:46.2360855Z       {
2026-09-06T18:12:46.2361057Z         "file" : 0
2026-09-06T18:12:46.2361256Z       },
2026-09-06T18:12:46.2361437Z       {
2026-09-06T18:12:46.2361624Z         "command" : 0,
2026-09-06T18:12:46.2361840Z         "file" : 0,
2026-09-06T18:12:46.2362062Z         "line" : 260,
2026-09-06T18:12:46.2362279Z         "parent" : 114
2026-09-06T18:12:46.2362509Z       },
2026-09-06T18:12:46.2362702Z       {
2026-09-06T18:12:46.2362890Z         "file" : 0
2026-09-06T18:12:46.2363089Z       },
2026-09-06T18:12:46.2363288Z       {
2026-09-06T18:12:46.2363480Z         "command" : 0,
2026-09-06T18:12:46.2363697Z         "file" : 0,
2026-09-06T18:12:46.2363903Z         "line" : 262,
2026-09-06T18:12:46.2364120Z         "parent" : 116
2026-09-06T18:12:46.2364352Z       },
2026-09-06T18:12:46.2364535Z       {
2026-09-06T18:12:46.2364720Z         "file" : 0
2026-09-06T18:12:46.2364922Z       },
2026-09-06T18:12:46.2365103Z       {
2026-09-06T18:12:46.2365318Z         "command" : 0,
2026-09-06T18:12:46.2365535Z         "file" : 0,
2026-09-06T18:12:46.2365748Z         "line" : 264,
2026-09-06T18:12:46.2365963Z         "parent" : 118
2026-09-06T18:12:46.2366177Z       }
2026-09-06T18:12:46.2366358Z     ]
2026-09-06T18:12:46.2366558Z   },
2026-09-06T18:12:46.2366753Z   "kind" : "ctestInfo",
2026-09-06T18:12:46.2366983Z   "tests" : 
2026-09-06T18:12:46.2367178Z   [
2026-09-06T18:12:46.2367357Z     {
2026-09-06T18:12:46.2367573Z       "backtrace" : 1,
2026-09-06T18:12:46.2367805Z       "command" : 
2026-09-06T18:12:46.2368010Z       [
2026-09-06T18:12:46.2368280Z         "/home/runner/work/20231788./20231788./build/dcp_rcb_test"
2026-09-06T18:12:46.2368748Z       ],
2026-09-06T18:12:46.2368954Z       "name" : "dcp_rcb",
2026-09-06T18:12:46.2369204Z       "properties" : 
2026-09-06T18:12:46.2369437Z       [
2026-09-06T18:12:46.2369634Z         {
2026-09-06T18:12:46.2369880Z           "name" : "WORKING_DIRECTORY",
2026-09-06T18:12:46.2370223Z           "value" : "/home/runner/work/20231788./20231788./build"
2026-09-06T18:12:46.2370561Z         }
2026-09-06T18:12:46.2370751Z       ]
2026-09-06T18:12:46.2370949Z     },
2026-09-06T18:12:46.2371146Z     {
2026-09-06T18:12:46.2371338Z       "backtrace" : 3,
2026-09-06T18:12:46.2371563Z       "command" : 
2026-09-06T18:12:46.2371767Z       [
2026-09-06T18:12:46.2372128Z         "/home/runner/work/20231788./20231788./build/precision_dcp_rcb_contract_test"
2026-09-06T18:12:46.2372559Z       ],
2026-09-06T18:12:46.2372819Z       "name" : "precision_dcp_rcb_high_precision_contract",
2026-09-06T18:12:46.2373182Z       "properties" : 
2026-09-06T18:12:46.2373402Z       [
2026-09-06T18:12:46.2373590Z         {
2026-09-06T18:12:46.2373795Z           "name" : "WORKING_DIRECTORY",
2026-09-06T18:12:46.2374137Z           "value" : "/home/runner/work/20231788./20231788./build"
2026-09-06T18:12:46.2374485Z         }
2026-09-06T18:12:46.2374665Z       ]
2026-09-06T18:12:46.2374844Z     },
2026-09-06T18:12:46.2375026Z     {
2026-09-06T18:12:46.2375374Z       "backtrace" : 5,
2026-09-06T18:12:46.2375597Z       "command" : 
2026-09-06T18:12:46.2375801Z       [
2026-09-06T18:12:46.2376151Z         "/home/runner/work/20231788./20231788./build/precision_first_mult2_contract_test"
2026-09-06T18:12:46.2376619Z       ],
2026-09-06T18:12:46.2376884Z       "name" : "precision_first_mult2_high_precision_contract",
2026-09-06T18:12:46.2377236Z       "properties" : 
2026-09-06T18:12:46.2377469Z       [
2026-09-06T18:12:46.2377648Z         {
2026-09-06T18:12:46.2377851Z           "name" : "WORKING_DIRECTORY",
2026-09-06T18:12:46.2378180Z           "value" : "/home/runner/work/20231788./20231788./build"
2026-09-06T18:12:46.2378501Z         }
2026-09-06T18:12:46.2378789Z       ]
2026-09-06T18:12:46.2378981Z     },
2026-09-06T18:12:46.2379164Z     {
2026-09-06T18:12:46.2379478Z       "backtrace" : 7,
2026-09-06T18:12:46.2379704Z       "command" : 
2026-09-06T18:12:46.2379911Z       [
2026-09-06T18:12:46.2380202Z         "/home/runner/work/20231788./20231788./build/pair_add_test"
2026-09-06T18:12:46.2380553Z       ],
2026-09-06T18:12:46.2380763Z       "name" : "pair_add_runtime_behavior",
2026-09-06T18:12:46.2381058Z       "properties" : 
2026-09-06T18:12:46.2381292Z       [
2026-09-06T18:12:46.2381473Z         {
2026-09-06T18:12:46.2381675Z           "name" : "WORKING_DIRECTORY",
2026-09-06T18:12:46.2382001Z           "value" : "/home/runner/work/20231788./20231788./build"
2026-09-06T18:12:46.2382344Z         }
2026-09-06T18:12:46.2382527Z       ]
2026-09-06T18:12:46.2382705Z     },
2026-09-06T18:12:46.2382883Z     {
2026-09-06T18:12:46.2383072Z       "backtrace" : 9,
2026-09-06T18:12:46.2383290Z       "command" : 
2026-09-06T18:12:46.2383508Z       [
2026-09-06T18:12:46.2383778Z         "/home/runner/work/20231788./20231788./build/pair_sub_test"
2026-09-06T18:12:46.2384124Z       ],
2026-09-06T18:12:46.2384335Z       "name" : "pair_sub_runtime_behavior",
2026-09-06T18:12:46.2384642Z       "properties" : 
2026-09-06T18:12:46.2384864Z       [
2026-09-06T18:12:46.2385047Z         {
2026-09-06T18:12:46.2385249Z           "name" : "WORKING_DIRECTORY",
2026-09-06T18:12:46.2385590Z           "value" : "/home/runner/work/20231788./20231788./build"
2026-09-06T18:12:46.2385912Z         }
2026-09-06T18:12:46.2386093Z       ]
2026-09-06T18:12:46.2386273Z     },
2026-09-06T18:12:46.2386454Z     {
2026-09-06T18:12:46.2386645Z       "backtrace" : 11,
2026-09-06T18:12:46.2386890Z       "command" : 
2026-09-06T18:12:46.2387091Z       [
2026-09-06T18:12:46.2387386Z         "/home/runner/work/20231788./20231788./build/pair_arithmetic_test",
2026-09-06T18:12:46.2387809Z         "controlled_oracle"
2026-09-06T18:12:46.2388049Z       ],
2026-09-06T18:12:46.2388281Z       "name" : "pair_arithmetic_controlled_oracle",
2026-09-06T18:12:46.2388710Z       "properties" : 
2026-09-06T18:12:46.2388925Z       [
2026-09-06T18:12:46.2389109Z         {
2026-09-06T18:12:46.2389313Z           "name" : "WORKING_DIRECTORY",
2026-09-06T18:12:46.2389639Z           "value" : "/home/runner/work/20231788./20231788./build"
2026-09-06T18:12:46.2389985Z         }
2026-09-06T18:12:46.2390169Z       ]
2026-09-06T18:12:46.2390355Z     },
2026-09-06T18:12:46.2390536Z     {
2026-09-06T18:12:46.2390728Z       "backtrace" : 13,
2026-09-06T18:12:46.2390976Z       "command" : 
2026-09-06T18:12:46.2391184Z       [
2026-09-06T18:12:46.2391478Z         "/home/runner/work/20231788./20231788./build/pair_arithmetic_test",
2026-09-06T18:12:46.2391881Z         "public_lifecycles_keyless"
2026-09-06T18:12:46.2392162Z       ],
2026-09-06T18:12:46.2392410Z       "name" : "pair_arithmetic_public_lifecycles_keyless",
2026-09-06T18:12:46.2392745Z       "properties" : 
2026-09-06T18:12:46.2392961Z       [
2026-09-06T18:12:46.2393167Z         {
2026-09-06T18:12:46.2393371Z           "name" : "WORKING_DIRECTORY",
2026-09-06T18:12:46.2393698Z           "value" : "/home/runner/work/20231788./20231788./build"
2026-09-06T18:12:46.2394020Z         }
2026-09-06T18:12:46.2394221Z       ]
2026-09-06T18:12:46.2394402Z     },
2026-09-06T18:12:46.2394712Z     {
2026-09-06T18:12:46.2394902Z       "backtrace" : 15,
2026-09-06T18:12:46.2395127Z       "command" : 
2026-09-06T18:12:46.2395347Z       [
2026-09-06T18:12:46.2395638Z         "/home/runner/work/20231788./20231788./build/pair_arithmetic_test",
2026-09-06T18:12:46.2396048Z         "compatibility_rejections"
2026-09-06T18:12:46.2396309Z       ],
2026-09-06T18:12:46.2396577Z       "name" : "pair_arithmetic_compatibility_rejections",
2026-09-06T18:12:46.2396913Z       "properties" : 
2026-09-06T18:12:46.2397124Z       [
2026-09-06T18:12:46.2397306Z         {
2026-09-06T18:12:46.2397523Z           "name" : "WORKING_DIRECTORY",
2026-09-06T18:12:46.2397848Z           "value" : "/home/runner/work/20231788./20231788./build"
2026-09-06T18:12:46.2398167Z         }
2026-09-06T18:12:46.2398352Z       ]
2026-09-06T18:12:46.2398753Z     },
2026-09-06T18:12:46.2398966Z     {
2026-09-06T18:12:46.2399177Z       "backtrace" : 17,
2026-09-06T18:12:46.2399429Z       "command" : 
2026-09-06T18:12:46.2399636Z       [
2026-09-06T18:12:46.2399911Z         "/home/runner/work/20231788./20231788./build/tensor2_test",
2026-09-06T18:12:46.2400291Z         "valid_arithmetic_immutability"
2026-09-06T18:12:46.2400590Z       ],
2026-09-06T18:12:46.2400828Z       "name" : "tensor2_valid_arithmetic_immutability",
2026-09-06T18:12:46.2401157Z       "properties" : 
2026-09-06T18:12:46.2401375Z       [
2026-09-06T18:12:46.2401574Z         {
2026-09-06T18:12:46.2401783Z           "name" : "WORKING_DIRECTORY",
2026-09-06T18:12:46.2402114Z           "value" : "/home/runner/work/20231788./20231788./build"
2026-09-06T18:12:46.2402439Z         }
2026-09-06T18:12:46.2402622Z       ]
2026-09-06T18:12:46.2402821Z     },
2026-09-06T18:12:46.2403002Z     {
2026-09-06T18:12:46.2403194Z       "backtrace" : 19,
2026-09-06T18:12:46.2403420Z       "command" : 
2026-09-06T18:12:46.2403625Z       [
2026-09-06T18:12:46.2403905Z         "/home/runner/work/20231788./20231788./build/tensor2_test",
2026-09-06T18:12:46.2404270Z         "result_scale_contract"
2026-09-06T18:12:46.2404525Z       ],
2026-09-06T18:12:46.2404749Z       "name" : "tensor2_result_scale_contract",
2026-09-06T18:12:46.2405074Z       "properties" : 
2026-09-06T18:12:46.2405294Z       [
2026-09-06T18:12:46.2405475Z         {
2026-09-06T18:12:46.2405676Z           "name" : "WORKING_DIRECTORY",
2026-09-06T18:12:46.2406020Z           "value" : "/home/runner/work/20231788./20231788./build"
2026-09-06T18:12:46.2406342Z         }
2026-09-06T18:12:46.2406526Z       ]
2026-09-06T18:12:46.2406707Z     },
2026-09-06T18:12:46.2406890Z     {
2026-09-06T18:12:46.2407096Z       "backtrace" : 21,
2026-09-06T18:12:46.2407327Z       "command" : 
2026-09-06T18:12:46.2407528Z       [
2026-09-06T18:12:46.2407785Z         "/home/runner/work/20231788./20231788./build/tensor2_test",
2026-09-06T18:12:46.2408172Z         "right_input_validation"
2026-09-06T18:12:46.2408426Z       ],
2026-09-06T18:12:46.2408776Z       "name" : "tensor2_right_input_validation",
2026-09-06T18:12:46.2409092Z       "properties" : 
2026-09-06T18:12:46.2409311Z       [
2026-09-06T18:12:46.2409491Z         {
2026-09-06T18:12:46.2409693Z           "name" : "WORKING_DIRECTORY",
2026-09-06T18:12:46.2410043Z           "value" : "/home/runner/work/20231788./20231788./build"
2026-09-06T18:12:46.2410367Z         }
2026-09-06T18:12:46.2410552Z       ]
2026-09-06T18:12:46.2410733Z     },
2026-09-06T18:12:46.2410932Z     {
2026-09-06T18:12:46.2411125Z       "backtrace" : 23,
2026-09-06T18:12:46.2411349Z       "command" : 
2026-09-06T18:12:46.2411551Z       [
2026-09-06T18:12:46.2411816Z         "/home/runner/work/20231788./20231788./build/tensor2_test",
2026-09-06T18:12:46.2412200Z         "mutual_compatibility"
2026-09-06T18:12:46.2412451Z       ],
2026-09-06T18:12:46.2412674Z       "name" : "tensor2_mutual_compatibility",
2026-09-06T18:12:46.2412985Z       "properties" : 
2026-09-06T18:12:46.2413225Z       [
2026-09-06T18:12:46.2413406Z         {
2026-09-06T18:12:46.2413610Z           "name" : "WORKING_DIRECTORY",
2026-09-06T18:12:46.2413936Z           "value" : "/home/runner/work/20231788./20231788./build"
2026-09-06T18:12:46.2414413Z         }
2026-09-06T18:12:46.2414600Z       ]
2026-09-06T18:12:46.2414782Z     },
2026-09-06T18:12:46.2414965Z     {
2026-09-06T18:12:46.2415160Z       "backtrace" : 25,
2026-09-06T18:12:46.2415407Z       "command" : 
2026-09-06T18:12:46.2415620Z       [
2026-09-06T18:12:46.2415886Z         "/home/runner/work/20231788./20231788./build/tensor2_test",
2026-09-06T18:12:46.2416269Z         "prearithmetic_key_compatibility"
2026-09-06T18:12:46.2416571Z       ],
2026-09-06T18:12:46.2416823Z       "name" : "tensor2_prearithmetic_key_compatibility",
2026-09-06T18:12:46.2417158Z       "properties" : 
2026-09-06T18:12:46.2417375Z       [
2026-09-06T18:12:46.2417575Z         {
2026-09-06T18:12:46.2417778Z           "name" : "WORKING_DIRECTORY",
2026-09-06T18:12:46.2418231Z           "value" : "/home/runner/work/20231788./20231788./build"
2026-09-06T18:12:46.2418751Z         }
2026-09-06T18:12:46.2418938Z       ]
2026-09-06T18:12:46.2419123Z     },
2026-09-06T18:12:46.2419305Z     {
2026-09-06T18:12:46.2419504Z       "backtrace" : 27,
2026-09-06T18:12:46.2419752Z       "command" : 
2026-09-06T18:12:46.2419957Z       [
2026-09-06T18:12:46.2420216Z         "/home/runner/work/20231788./20231788./build/relin2_test",
2026-09-06T18:12:46.2420574Z         "tensor_validation_order"
2026-09-06T18:12:46.2420844Z       ],
2026-09-06T18:12:46.2421072Z       "name" : "relin2_tensor_validation_order",
2026-09-06T18:12:46.2421379Z       "properties" : 
2026-09-06T18:12:46.2421601Z       [
2026-09-06T18:12:46.2421780Z         {
2026-09-06T18:12:46.2422000Z           "name" : "WORKING_DIRECTORY",
2026-09-06T18:12:46.2422328Z           "value" : "/home/runner/work/20231788./20231788./build"
2026-09-06T18:12:46.2422647Z         }
2026-09-06T18:12:46.2422829Z       ]
2026-09-06T18:12:46.2423030Z     },
2026-09-06T18:12:46.2423211Z     {
2026-09-06T18:12:46.2423401Z       "backtrace" : 29,
2026-09-06T18:12:46.2423624Z       "command" : 
2026-09-06T18:12:46.2423831Z       [
2026-09-06T18:12:46.2424093Z         "/home/runner/work/20231788./20231788./build/relin2_test",
2026-09-06T18:12:46.2424475Z         "insufficient_active_basis"
2026-09-06T18:12:46.2424735Z       ],
2026-09-06T18:12:46.2424958Z       "name" : "relin2_insufficient_active_basis",
2026-09-06T18:12:46.2425290Z       "properties" : 
2026-09-06T18:12:46.2425504Z       [
2026-09-06T18:12:46.2431324Z         {
2026-09-06T18:12:46.2431582Z           "name" : "WORKING_DIRECTORY",
2026-09-06T18:12:46.2431964Z           "value" : "/home/runner/work/20231788./20231788./build"
2026-09-06T18:12:46.2432297Z         }
2026-09-06T18:12:46.2432499Z       ]
2026-09-06T18:12:46.2432686Z     },
2026-09-06T18:12:46.2432876Z     {
2026-09-06T18:12:46.2433091Z       "backtrace" : 31,
2026-09-06T18:12:46.2433321Z       "command" : 
2026-09-06T18:12:46.2433536Z       [
2026-09-06T18:12:46.2433802Z         "/home/runner/work/20231788./20231788./build/relin2_test",
2026-09-06T18:12:46.2434180Z         "missing_eval_key"
2026-09-06T18:12:46.2434417Z       ],
2026-09-06T18:12:46.2434632Z       "name" : "relin2_missing_eval_key",
2026-09-06T18:12:46.2434924Z       "properties" : 
2026-09-06T18:12:46.2435144Z       [
2026-09-06T18:12:46.2435347Z         {
2026-09-06T18:12:46.2435555Z           "name" : "WORKING_DIRECTORY",
2026-09-06T18:12:46.2435892Z           "value" : "/home/runner/work/20231788./20231788./build"
2026-09-06T18:12:46.2436212Z         }
2026-09-06T18:12:46.2436414Z       ]
2026-09-06T18:12:46.2436593Z     },
2026-09-06T18:12:46.2436775Z     {
2026-09-06T18:12:46.2436968Z       "backtrace" : 33,
2026-09-06T18:12:46.2437193Z       "command" : 
2026-09-06T18:12:46.2437418Z       [
2026-09-06T18:12:46.2437676Z         "/home/runner/work/20231788./20231788./build/relin2_test",
2026-09-06T18:12:46.2438019Z         "key_empty"
2026-09-06T18:12:46.2438235Z       ],
2026-09-06T18:12:46.2438438Z       "name" : "relin2_key_empty",
2026-09-06T18:12:46.2438854Z       "properties" : 
2026-09-06T18:12:46.2439069Z       [
2026-09-06T18:12:46.2439415Z         {
2026-09-06T18:12:46.2439619Z           "name" : "WORKING_DIRECTORY",
2026-09-06T18:12:46.2439967Z           "value" : "/home/runner/work/20231788./20231788./build"
2026-09-06T18:12:46.2440287Z         }
2026-09-06T18:12:46.2440468Z       ]
2026-09-06T18:12:46.2440645Z     },
2026-09-06T18:12:46.2440823Z     {
2026-09-06T18:12:46.2441033Z       "backtrace" : 35,
2026-09-06T18:12:46.2441262Z       "command" : 
2026-09-06T18:12:46.2441461Z       [
2026-09-06T18:12:46.2441712Z         "/home/runner/work/20231788./20231788./build/relin2_test",
2026-09-06T18:12:46.2442075Z         "key_null_first"
2026-09-06T18:12:46.2442303Z       ],
2026-09-06T18:12:46.2442506Z       "name" : "relin2_key_null_first",
2026-09-06T18:12:46.2442779Z       "properties" : 
2026-09-06T18:12:46.2442992Z       [
2026-09-06T18:12:46.2443301Z         {
2026-09-06T18:12:46.2443505Z           "name" : "WORKING_DIRECTORY",
2026-09-06T18:12:46.2443829Z           "value" : "/home/runner/work/20231788./20231788./build"
2026-09-06T18:12:46.2444174Z         }
2026-09-06T18:12:46.2444355Z       ]
2026-09-06T18:12:46.2444533Z     },
2026-09-06T18:12:46.2444714Z     {
2026-09-06T18:12:46.2444905Z       "backtrace" : 37,
2026-09-06T18:12:46.2445130Z       "command" : 
2026-09-06T18:12:46.2445349Z       [
2026-09-06T18:12:46.2445599Z         "/home/runner/work/20231788./20231788./build/relin2_test",
2026-09-06T18:12:46.2445947Z         "key_wrong_context"
2026-09-06T18:12:46.2446188Z       ],
2026-09-06T18:12:46.2446412Z       "name" : "relin2_key_wrong_context",
2026-09-06T18:12:46.2446702Z       "properties" : 
2026-09-06T18:12:46.2446915Z       [
2026-09-06T18:12:46.2447093Z         {
2026-09-06T18:12:46.2447294Z           "name" : "WORKING_DIRECTORY",
2026-09-06T18:12:46.2447637Z           "value" : "/home/runner/work/20231788./20231788./build"
2026-09-06T18:12:46.2447960Z         }
2026-09-06T18:12:46.2448143Z       ]
2026-09-06T18:12:46.2448320Z     },
2026-09-06T18:12:46.2448501Z     {
2026-09-06T18:12:46.2448887Z       "backtrace" : 39,
2026-09-06T18:12:46.2449118Z       "command" : 
2026-09-06T18:12:46.2449322Z       [
2026-09-06T18:12:46.2449575Z         "/home/runner/work/20231788./20231788./build/relin2_test",
2026-09-06T18:12:46.2449939Z         "key_wrong_tag"
2026-09-06T18:12:46.2450152Z       ],
2026-09-06T18:12:46.2450358Z       "name" : "relin2_key_wrong_tag",
2026-09-06T18:12:46.2450633Z       "properties" : 
2026-09-06T18:12:46.2450846Z       [
2026-09-06T18:12:46.2451040Z         {
2026-09-06T18:12:46.2451241Z           "name" : "WORKING_DIRECTORY",
2026-09-06T18:12:46.2451563Z           "value" : "/home/runner/work/20231788./20231788./build"
2026-09-06T18:12:46.2451881Z         }
2026-09-06T18:12:46.2452088Z       ]
2026-09-06T18:12:46.2452267Z     },
2026-09-06T18:12:46.2452445Z     {
2026-09-06T18:12:46.2452642Z       "backtrace" : 41,
2026-09-06T18:12:46.2452862Z       "command" : 
2026-09-06T18:12:46.2453063Z       [
2026-09-06T18:12:46.2453333Z         "/home/runner/work/20231788./20231788./build/relin2_test",
2026-09-06T18:12:46.2453684Z         "key_wrong_subtype"
2026-09-06T18:12:46.2453913Z       ],
2026-09-06T18:12:46.2454121Z       "name" : "relin2_key_wrong_subtype",
2026-09-06T18:12:46.2454426Z       "properties" : 
2026-09-06T18:12:46.2454642Z       [
2026-09-06T18:12:46.2454821Z         {
2026-09-06T18:12:46.2455021Z           "name" : "WORKING_DIRECTORY",
2026-09-06T18:12:46.2455359Z           "value" : "/home/runner/work/20231788./20231788./build"
2026-09-06T18:12:46.2455683Z         }
2026-09-06T18:12:46.2455864Z       ]
2026-09-06T18:12:46.2456041Z     },
2026-09-06T18:12:46.2456219Z     {
2026-09-06T18:12:46.2456423Z       "backtrace" : 43,
2026-09-06T18:12:46.2456644Z       "command" : 
2026-09-06T18:12:46.2456842Z       [
2026-09-06T18:12:46.2457093Z         "/home/runner/work/20231788./20231788./build/relin2_test",
2026-09-06T18:12:46.2457449Z         "key_hybrid_a_length"
2026-09-06T18:12:46.2457712Z       ],
2026-09-06T18:12:46.2457923Z       "name" : "relin2_key_hybrid_a_length",
2026-09-06T18:12:46.2458354Z       "properties" : 
2026-09-06T18:12:46.2458686Z       [
2026-09-06T18:12:46.2458875Z         {
2026-09-06T18:12:46.2459084Z           "name" : "WORKING_DIRECTORY",
2026-09-06T18:12:46.2459427Z           "value" : "/home/runner/work/20231788./20231788./build"
2026-09-06T18:12:46.2459779Z         }
2026-09-06T18:12:46.2459963Z       ]
2026-09-06T18:12:46.2460143Z     },
2026-09-06T18:12:46.2460331Z     {
2026-09-06T18:12:46.2460523Z       "backtrace" : 45,
2026-09-06T18:12:46.2460748Z       "command" : 
2026-09-06T18:12:46.2460969Z       [
2026-09-06T18:12:46.2461227Z         "/home/runner/work/20231788./20231788./build/relin2_test",
2026-09-06T18:12:46.2461582Z         "key_hybrid_b_length"
2026-09-06T18:12:46.2461821Z       ],
2026-09-06T18:12:46.2462058Z       "name" : "relin2_key_hybrid_b_length",
2026-09-06T18:12:46.2462467Z       "properties" : 
2026-09-06T18:12:46.2462686Z       [
2026-09-06T18:12:46.2462865Z         {
2026-09-06T18:12:46.2463093Z           "name" : "WORKING_DIRECTORY",
2026-09-06T18:12:46.2463431Z           "value" : "/home/runner/work/20231788./20231788./build"
2026-09-06T18:12:46.2463755Z         }
2026-09-06T18:12:46.2463935Z       ]
2026-09-06T18:12:46.2464114Z     },
2026-09-06T18:12:46.2464313Z     {
2026-09-06T18:12:46.2464506Z       "backtrace" : 47,
2026-09-06T18:12:46.2464730Z       "command" : 
2026-09-06T18:12:46.2464933Z       [
2026-09-06T18:12:46.2465188Z         "/home/runner/work/20231788./20231788./build/relin2_test",
2026-09-06T18:12:46.2465565Z         "key_hybrid_entry_basis"
2026-09-06T18:12:46.2465822Z       ],
2026-09-06T18:12:46.2466044Z       "name" : "relin2_key_hybrid_entry_basis",
2026-09-06T18:12:46.2466349Z       "properties" : 
2026-09-06T18:12:46.2466579Z       [
2026-09-06T18:12:46.2466760Z         {
2026-09-06T18:12:46.2466972Z           "name" : "WORKING_DIRECTORY",
2026-09-06T18:12:46.2467297Z           "value" : "/home/runner/work/20231788./20231788./build"
2026-09-06T18:12:46.2467631Z         }
2026-09-06T18:12:46.2467812Z       ]
2026-09-06T18:12:46.2467992Z     },
2026-09-06T18:12:46.2468173Z     {
2026-09-06T18:12:46.2468367Z       "backtrace" : 49,
2026-09-06T18:12:46.2468690Z       "command" : 
2026-09-06T18:12:46.2468890Z       [
2026-09-06T18:12:46.2469143Z         "/home/runner/work/20231788./20231788./build/relin2_test",
2026-09-06T18:12:46.2469504Z         "key_hybrid_entry_format"
2026-09-06T18:12:46.2469772Z       ],
2026-09-06T18:12:46.2469994Z       "name" : "relin2_key_hybrid_entry_format",
2026-09-06T18:12:46.2470299Z       "properties" : 
2026-09-06T18:12:46.2470510Z       [
2026-09-06T18:12:46.2470689Z         {
2026-09-06T18:12:46.2470908Z           "name" : "WORKING_DIRECTORY",
2026-09-06T18:12:46.2471238Z           "value" : "/home/runner/work/20231788./20231788./build"
2026-09-06T18:12:46.2471555Z         }
2026-09-06T18:12:46.2471740Z       ]
2026-09-06T18:12:46.2471935Z     },
2026-09-06T18:12:46.2472113Z     {
2026-09-06T18:12:46.2472302Z       "backtrace" : 51,
2026-09-06T18:12:46.2472523Z       "command" : 
2026-09-06T18:12:46.2472728Z       [
2026-09-06T18:12:46.2472979Z         "/home/runner/work/20231788./20231788./build/relin2_test",
2026-09-06T18:12:46.2473353Z         "key_bv_zero_digit_a_length"
2026-09-06T18:12:46.2473617Z       ],
2026-09-06T18:12:46.2473849Z       "name" : "relin2_key_bv_zero_digit_a_length",
2026-09-06T18:12:46.2474180Z       "properties" : 
2026-09-06T18:12:46.2474392Z       [
2026-09-06T18:12:46.2474571Z         {
2026-09-06T18:12:46.2474773Z           "name" : "WORKING_DIRECTORY",
2026-09-06T18:12:46.2475095Z           "value" : "/home/runner/work/20231788./20231788./build"
2026-09-06T18:12:46.2475432Z         }
2026-09-06T18:12:46.2475614Z       ]
2026-09-06T18:12:46.2475793Z     },
2026-09-06T18:12:46.2475974Z     {
2026-09-06T18:12:46.2476165Z       "backtrace" : 53,
2026-09-06T18:12:46.2476411Z       "command" : 
2026-09-06T18:12:46.2476619Z       [
2026-09-06T18:12:46.2476873Z         "/home/runner/work/20231788./20231788./build/relin2_test",
2026-09-06T18:12:46.2477224Z         "key_bv_zero_digit_b_length"
2026-09-06T18:12:46.2477635Z       ],
2026-09-06T18:12:46.2477855Z       "name" : "relin2_key_bv_zero_digit_b_length",
2026-09-06T18:12:46.2478164Z       "properties" : 
2026-09-06T18:12:46.2478374Z       [
2026-09-06T18:12:46.2478647Z         {
2026-09-06T18:12:46.2478847Z           "name" : "WORKING_DIRECTORY",
2026-09-06T18:12:46.2479170Z           "value" : "/home/runner/work/20231788./20231788./build"
2026-09-06T18:12:46.2479489Z         }
2026-09-06T18:12:46.2479668Z       ]
2026-09-06T18:12:46.2479870Z     },
2026-09-06T18:12:46.2480050Z     {
2026-09-06T18:12:46.2480238Z       "backtrace" : 55,
2026-09-06T18:12:46.2480465Z       "command" : 
2026-09-06T18:12:46.2480665Z       [
2026-09-06T18:12:46.2480939Z         "/home/runner/work/20231788./20231788./build/relin2_test",
2026-09-06T18:12:46.2481406Z         "key_bv_nonzero_digit_a_length"
2026-09-06T18:12:46.2481683Z       ],
2026-09-06T18:12:46.2481821Z       "name" : "relin2_key_bv_nonzero_digit_a_length",
2026-09-06T18:12:46.2481929Z       "properties" : 
2026-09-06T18:12:46.2482011Z       [
2026-09-06T18:12:46.2482088Z         {
2026-09-06T18:12:46.2482191Z           "name" : "WORKING_DIRECTORY",
2026-09-06T18:12:46.2482336Z           "value" : "/home/runner/work/20231788./20231788./build"
2026-09-06T18:12:46.2482414Z         }
2026-09-06T18:12:46.2482494Z       ]
2026-09-06T18:12:46.2482569Z     },
2026-09-06T18:12:46.2482650Z     {
2026-09-06T18:12:46.2482740Z       "backtrace" : 57,
2026-09-06T18:12:46.2482825Z       "command" : 
2026-09-06T18:12:46.2482901Z       [
2026-09-06T18:12:46.2483076Z         "/home/runner/work/20231788./20231788./build/relin2_test",
2026-09-06T18:12:46.2483178Z         "key_bv_nonzero_digit_b_length"
2026-09-06T18:12:46.2483255Z       ],
2026-09-06T18:12:46.2483391Z       "name" : "relin2_key_bv_nonzero_digit_b_length",
2026-09-06T18:12:46.2483478Z       "properties" : 
2026-09-06T18:12:46.2483559Z       [
2026-09-06T18:12:46.2483636Z         {
2026-09-06T18:12:46.2483736Z           "name" : "WORKING_DIRECTORY",
2026-09-06T18:12:46.2483875Z           "value" : "/home/runner/work/20231788./20231788./build"
2026-09-06T18:12:46.2483956Z         }
2026-09-06T18:12:46.2484037Z       ]
2026-09-06T18:12:46.2484133Z     },
2026-09-06T18:12:46.2484213Z     {
2026-09-06T18:12:46.2484299Z       "backtrace" : 59,
2026-09-06T18:12:46.2484386Z       "command" : 
2026-09-06T18:12:46.2484462Z       [
2026-09-06T18:12:46.2484614Z         "/home/runner/work/20231788./20231788./build/relin2_test",
2026-09-06T18:12:46.2484716Z         "key_bv_zero_digit_entry_basis"
2026-09-06T18:12:46.2484793Z       ],
2026-09-06T18:12:46.2484921Z       "name" : "relin2_key_bv_zero_digit_entry_basis",
2026-09-06T18:12:46.2485009Z       "properties" : 
2026-09-06T18:12:46.2485089Z       [
2026-09-06T18:12:46.2485165Z         {
2026-09-06T18:12:46.2485289Z           "name" : "WORKING_DIRECTORY",
2026-09-06T18:12:46.2485423Z           "value" : "/home/runner/work/20231788./20231788./build"
2026-09-06T18:12:46.2485505Z         }
2026-09-06T18:12:46.2485587Z       ]
2026-09-06T18:12:46.2485663Z     },
2026-09-06T18:12:46.2485742Z     {
2026-09-06T18:12:46.2485831Z       "backtrace" : 61,
2026-09-06T18:12:46.2485917Z       "command" : 
2026-09-06T18:12:46.2485994Z       [
2026-09-06T18:12:46.2486145Z         "/home/runner/work/20231788./20231788./build/relin2_test",
2026-09-06T18:12:46.2486255Z         "key_bv_nonzero_digit_entry_basis"
2026-09-06T18:12:46.2486349Z       ],
2026-09-06T18:12:46.2486491Z       "name" : "relin2_key_bv_nonzero_digit_entry_basis",
2026-09-06T18:12:46.2486576Z       "properties" : 
2026-09-06T18:12:46.2486657Z       [
2026-09-06T18:12:46.2486735Z         {
2026-09-06T18:12:46.2486836Z           "name" : "WORKING_DIRECTORY",
2026-09-06T18:12:46.2486970Z           "value" : "/home/runner/work/20231788./20231788./build"
2026-09-06T18:12:46.2487056Z         }
2026-09-06T18:12:46.2487138Z       ]
2026-09-06T18:12:46.2487213Z     },
2026-09-06T18:12:46.2487293Z     {
2026-09-06T18:12:46.2487379Z       "backtrace" : 63,
2026-09-06T18:12:46.2487605Z       "command" : 
2026-09-06T18:12:46.2487682Z       [
2026-09-06T18:12:46.2487834Z         "/home/runner/work/20231788./20231788./build/relin2_test",
2026-09-06T18:12:46.2487937Z         "key_bv_zero_digit_entry_format"
2026-09-06T18:12:46.2488020Z       ],
2026-09-06T18:12:46.2488150Z       "name" : "relin2_key_bv_zero_digit_entry_format",
2026-09-06T18:12:46.2488236Z       "properties" : 
2026-09-06T18:12:46.2488316Z       [
2026-09-06T18:12:46.2488392Z         {
2026-09-06T18:12:46.2488495Z           "name" : "WORKING_DIRECTORY",
2026-09-06T18:12:46.2488749Z           "value" : "/home/runner/work/20231788./20231788./build"
2026-09-06T18:12:46.2488834Z         }
2026-09-06T18:12:46.2488915Z       ]
2026-09-06T18:12:46.2488993Z     },
2026-09-06T18:12:46.2489075Z     {
2026-09-06T18:12:46.2489317Z       "backtrace" : 65,
2026-09-06T18:12:46.2489411Z       "command" : 
2026-09-06T18:12:46.2489488Z       [
2026-09-06T18:12:46.2489648Z         "/home/runner/work/20231788./20231788./build/relin2_test",
2026-09-06T18:12:46.2489780Z         "key_bv_nonzero_digit_entry_format"
2026-09-06T18:12:46.2489862Z       ],
2026-09-06T18:12:46.2490004Z       "name" : "relin2_key_bv_nonzero_digit_entry_format",
2026-09-06T18:12:46.2490094Z       "properties" : 
2026-09-06T18:12:46.2490177Z       [
2026-09-06T18:12:46.2490256Z         {
2026-09-06T18:12:46.2490359Z           "name" : "WORKING_DIRECTORY",
2026-09-06T18:12:46.2490494Z           "value" : "/home/runner/work/20231788./20231788./build"
2026-09-06T18:12:46.2490577Z         }
2026-09-06T18:12:46.2490657Z       ]
2026-09-06T18:12:46.2490734Z     },
2026-09-06T18:12:46.2490832Z     {
2026-09-06T18:12:46.2490920Z       "backtrace" : 67,
2026-09-06T18:12:46.2491007Z       "command" : 
2026-09-06T18:12:46.2491085Z       [
2026-09-06T18:12:46.2491244Z         "/home/runner/work/20231788./20231788./build/relin2_test",
2026-09-06T18:12:46.2491361Z         "valid_arithmetic_state_immutability"
2026-09-06T18:12:46.2491443Z       ],
2026-09-06T18:12:46.2491600Z       "name" : "relin2_valid_arithmetic_state_immutability",
2026-09-06T18:12:46.2491687Z       "properties" : 
2026-09-06T18:12:46.2491769Z       [
2026-09-06T18:12:46.2491844Z         {
2026-09-06T18:12:46.2491964Z           "name" : "WORKING_DIRECTORY",
2026-09-06T18:12:46.2492101Z           "value" : "/home/runner/work/20231788./20231788./build"
2026-09-06T18:12:46.2492185Z         }
2026-09-06T18:12:46.2492266Z       ]
2026-09-06T18:12:46.2492344Z     },
2026-09-06T18:12:46.2492424Z     {
2026-09-06T18:12:46.2492510Z       "backtrace" : 69,
2026-09-06T18:12:46.2492597Z       "command" : 
2026-09-06T18:12:46.2492674Z       [
2026-09-06T18:12:46.2492827Z         "/home/runner/work/20231788./20231788./build/relin2_test",
2026-09-06T18:12:46.2492938Z         "controlled_witnesses_and_boundaries"
2026-09-06T18:12:46.2493038Z       ],
2026-09-06T18:12:46.2493186Z       "name" : "relin2_controlled_witnesses_and_boundaries",
2026-09-06T18:12:46.2493273Z       "properties" : 
2026-09-06T18:12:46.2493359Z       [
2026-09-06T18:12:46.2493438Z         {
2026-09-06T18:12:46.2493537Z           "name" : "WORKING_DIRECTORY",
2026-09-06T18:12:46.2493671Z           "value" : "/home/runner/work/20231788./20231788./build"
2026-09-06T18:12:46.2493754Z         }
2026-09-06T18:12:46.2493830Z       ]
2026-09-06T18:12:46.2493910Z     },
2026-09-06T18:12:46.2493989Z     {
2026-09-06T18:12:46.2494075Z       "backtrace" : 71,
2026-09-06T18:12:46.2494178Z       "command" : 
2026-09-06T18:12:46.2494255Z       [
2026-09-06T18:12:46.2494407Z         "/home/runner/work/20231788./20231788./build/relin2_test",
2026-09-06T18:12:46.2494515Z         "representative_public_input"
2026-09-06T18:12:46.2494597Z       ],
2026-09-06T18:12:46.2494729Z       "name" : "relin2_representative_public_input",
2026-09-06T18:12:46.2494818Z       "properties" : 
2026-09-06T18:12:46.2494901Z       [
2026-09-06T18:12:46.2494977Z         {
2026-09-06T18:12:46.2495079Z           "name" : "WORKING_DIRECTORY",
2026-09-06T18:12:46.2495213Z           "value" : "/home/runner/work/20231788./20231788./build"
2026-09-06T18:12:46.2495431Z         }
2026-09-06T18:12:46.2495508Z       ]
2026-09-06T18:12:46.2495590Z     },
2026-09-06T18:12:46.2495671Z     {
2026-09-06T18:12:46.2495760Z       "backtrace" : 73,
2026-09-06T18:12:46.2495846Z       "command" : 
2026-09-06T18:12:46.2495922Z       [
2026-09-06T18:12:46.2496079Z         "/home/runner/work/20231788./20231788./build/relin2_test",
2026-09-06T18:12:46.2496173Z         "key_extra_later_valid"
2026-09-06T18:12:46.2496254Z       ],
2026-09-06T18:12:46.2496385Z       "name" : "relin2_key_extra_later_valid",
2026-09-06T18:12:46.2496479Z       "properties" : 
2026-09-06T18:12:46.2496560Z       [
2026-09-06T18:12:46.2496637Z         {
2026-09-06T18:12:46.2496739Z           "name" : "WORKING_DIRECTORY",
2026-09-06T18:12:46.2496951Z           "value" : "/home/runner/work/20231788./20231788./build"
2026-09-06T18:12:46.2497034Z         }
2026-09-06T18:12:46.2497112Z       ]
2026-09-06T18:12:46.2497195Z     },
2026-09-06T18:12:46.2497279Z     {
2026-09-06T18:12:46.2497368Z       "backtrace" : 75,
2026-09-06T18:12:46.2497471Z       "command" : 
2026-09-06T18:12:46.2497549Z       [
2026-09-06T18:12:46.2497702Z         "/home/runner/work/20231788./20231788./build/relin2_test",
2026-09-06T18:12:46.2497804Z         "key_malformed_later_ignored"
2026-09-06T18:12:46.2497886Z       ],
2026-09-06T18:12:46.2498013Z       "name" : "relin2_key_malformed_later_ignored",
2026-09-06T18:12:46.2498107Z       "properties" : 
2026-09-06T18:12:46.2498187Z       [
2026-09-06T18:12:46.2498263Z         {
2026-09-06T18:12:46.2498366Z           "name" : "WORKING_DIRECTORY",
2026-09-06T18:12:46.2498502Z           "value" : "/home/runner/work/20231788./20231788./build"
2026-09-06T18:12:46.2498687Z         }
2026-09-06T18:12:46.2498763Z       ]
2026-09-06T18:12:46.2498846Z     },
2026-09-06T18:12:46.2498921Z     {
2026-09-06T18:12:46.2499015Z       "backtrace" : 77,
2026-09-06T18:12:46.2499099Z       "command" : 
2026-09-06T18:12:46.2499176Z       [
2026-09-06T18:12:46.2499336Z         "/home/runner/work/20231788./20231788./build/relin2_test",
2026-09-06T18:12:46.2499429Z         "hybrid_valid_shapes"
2026-09-06T18:12:46.2499510Z       ],
2026-09-06T18:12:46.2499619Z       "name" : "relin2_hybrid_valid_shapes",
2026-09-06T18:12:46.2499727Z       "properties" : 
2026-09-06T18:12:46.2499807Z       [
2026-09-06T18:12:46.2499884Z         {
2026-09-06T18:12:46.2499984Z           "name" : "WORKING_DIRECTORY",
2026-09-06T18:12:46.2500119Z           "value" : "/home/runner/work/20231788./20231788./build"
2026-09-06T18:12:46.2500199Z         }
2026-09-06T18:12:46.2500275Z       ]
2026-09-06T18:12:46.2500355Z     },
2026-09-06T18:12:46.2500430Z     {
2026-09-06T18:12:46.2500522Z       "backtrace" : 79,
2026-09-06T18:12:46.2500609Z       "command" : 
2026-09-06T18:12:46.2500685Z       [
2026-09-06T18:12:46.2500859Z         "/home/runner/work/20231788./20231788./build/relin2_test",
2026-09-06T18:12:46.2500961Z         "bv_zero_digit_valid_shapes"
2026-09-06T18:12:46.2501044Z       ],
2026-09-06T18:12:46.2501166Z       "name" : "relin2_bv_zero_digit_valid_shapes",
2026-09-06T18:12:46.2501257Z       "properties" : 
2026-09-06T18:12:46.2501337Z       [
2026-09-06T18:12:46.2501413Z         {
2026-09-06T18:12:46.2501513Z           "name" : "WORKING_DIRECTORY",
2026-09-06T18:12:46.2501649Z           "value" : "/home/runner/work/20231788./20231788./build"
2026-09-06T18:12:46.2501730Z         }
2026-09-06T18:12:46.2501806Z       ]
2026-09-06T18:12:46.2501887Z     },
2026-09-06T18:12:46.2501982Z     {
2026-09-06T18:12:46.2502075Z       "backtrace" : 81,
2026-09-06T18:12:46.2502160Z       "command" : 
2026-09-06T18:12:46.2502239Z       [
2026-09-06T18:12:46.2502391Z         "/home/runner/work/20231788./20231788./build/relin2_test",
2026-09-06T18:12:46.2502492Z         "bv_nonzero_digit_valid_shapes"
2026-09-06T18:12:46.2502577Z       ],
2026-09-06T18:12:46.2502704Z       "name" : "relin2_bv_nonzero_digit_valid_shapes",
2026-09-06T18:12:46.2502796Z       "properties" : 
2026-09-06T18:12:46.2502996Z       [
2026-09-06T18:12:46.2503096Z         {
2026-09-06T18:12:46.2503199Z           "name" : "WORKING_DIRECTORY",
2026-09-06T18:12:46.2503334Z           "value" : "/home/runner/work/20231788./20231788./build"
2026-09-06T18:12:46.2503414Z         }
2026-09-06T18:12:46.2503490Z       ]
2026-09-06T18:12:46.2503570Z     },
2026-09-06T18:12:46.2503646Z     {
2026-09-06T18:12:46.2503737Z       "backtrace" : 83,
2026-09-06T18:12:46.2503821Z       "command" : 
2026-09-06T18:12:46.2503897Z       [
2026-09-06T18:12:46.2504048Z         "/home/runner/work/20231788./20231788./build/relin2_test",
2026-09-06T18:12:46.2504173Z         "first_recombined_rcb_validation"
2026-09-06T18:12:46.2504255Z       ],
2026-09-06T18:12:46.2504390Z       "name" : "relin2_first_recombined_rcb_validation",
2026-09-06T18:12:46.2504610Z       "properties" : 
2026-09-06T18:12:46.2504688Z       [
2026-09-06T18:12:46.2504770Z         {
2026-09-06T18:12:46.2504871Z           "name" : "WORKING_DIRECTORY",
2026-09-06T18:12:46.2505009Z           "value" : "/home/runner/work/20231788./20231788./build"
2026-09-06T18:12:46.2505091Z         }
2026-09-06T18:12:46.2505167Z       ]
2026-09-06T18:12:46.2505263Z     },
2026-09-06T18:12:46.2505340Z     {
2026-09-06T18:12:46.2505431Z       "backtrace" : 85,
2026-09-06T18:12:46.2505511Z       "command" : 
2026-09-06T18:12:46.2505593Z       [
2026-09-06T18:12:46.2505743Z         "/home/runner/work/20231788./20231788./build/relin2_test",
2026-09-06T18:12:46.2505855Z         "first_recombined_tensor2_validation"
2026-09-06T18:12:46.2505936Z       ],
2026-09-06T18:12:46.2506082Z       "name" : "relin2_first_recombined_tensor2_validation",
2026-09-06T18:12:46.2506174Z       "properties" : 
2026-09-06T18:12:46.2506250Z       [
2026-09-06T18:12:46.2506350Z         {
2026-09-06T18:12:46.2506456Z           "name" : "WORKING_DIRECTORY",
2026-09-06T18:12:46.2506600Z           "value" : "/home/runner/work/20231788./20231788./build"
2026-09-06T18:12:46.2506682Z         }
2026-09-06T18:12:46.2506758Z       ]
2026-09-06T18:12:46.2506841Z     },
2026-09-06T18:12:46.2506917Z     {
2026-09-06T18:12:46.2507010Z       "backtrace" : 87,
2026-09-06T18:12:46.2507097Z       "command" : 
2026-09-06T18:12:46.2507173Z       [
2026-09-06T18:12:46.2507331Z         "/home/runner/work/20231788./20231788./build/relin2_test",
2026-09-06T18:12:46.2507454Z         "tensor2_requires_first_lifecycle"
2026-09-06T18:12:46.2507538Z       ],
2026-09-06T18:12:46.2507674Z       "name" : "relin2_tensor2_requires_first_lifecycle",
2026-09-06T18:12:46.2507766Z       "properties" : 
2026-09-06T18:12:46.2507842Z       [
2026-09-06T18:12:46.2507926Z         {
2026-09-06T18:12:46.2508026Z           "name" : "WORKING_DIRECTORY",
2026-09-06T18:12:46.2508160Z           "value" : "/home/runner/work/20231788./20231788./build"
2026-09-06T18:12:46.2508242Z         }
2026-09-06T18:12:46.2508321Z       ]
2026-09-06T18:12:46.2508402Z     },
2026-09-06T18:12:46.2508477Z     {
2026-09-06T18:12:46.2508674Z       "backtrace" : 89,
2026-09-06T18:12:46.2508769Z       "command" : 
2026-09-06T18:12:46.2508850Z       [
2026-09-06T18:12:46.2509000Z         "/home/runner/work/20231788./20231788./build/rs2_test",
2026-09-06T18:12:46.2509091Z         "wrong_lifecycle"
2026-09-06T18:12:46.2509172Z       ],
2026-09-06T18:12:46.2509271Z       "name" : "rs2_wrong_lifecycle",
2026-09-06T18:12:46.2509364Z       "properties" : 
2026-09-06T18:12:46.2509440Z       [
2026-09-06T18:12:46.2509521Z         {
2026-09-06T18:12:46.2509622Z           "name" : "WORKING_DIRECTORY",
2026-09-06T18:12:46.2509775Z           "value" : "/home/runner/work/20231788./20231788./build"
2026-09-06T18:12:46.2509858Z         }
2026-09-06T18:12:46.2509934Z       ]
2026-09-06T18:12:46.2510014Z     },
2026-09-06T18:12:46.2510089Z     {
2026-09-06T18:12:46.2510183Z       "backtrace" : 91,
2026-09-06T18:12:46.2510267Z       "command" : 
2026-09-06T18:12:46.2510353Z       [
2026-09-06T18:12:46.2510496Z         "/home/runner/work/20231788./20231788./build/rs2_test",
2026-09-06T18:12:46.2510606Z         "valid_arithmetic_state_immutability"
2026-09-06T18:12:46.2510829Z       ],
2026-09-06T18:12:46.2510962Z       "name" : "rs2_valid_arithmetic_state_immutability",
2026-09-06T18:12:46.2511054Z       "properties" : 
2026-09-06T18:12:46.2511130Z       [
2026-09-06T18:12:46.2511210Z         {
2026-09-06T18:12:46.2511313Z           "name" : "WORKING_DIRECTORY",
2026-09-06T18:12:46.2511448Z           "value" : "/home/runner/work/20231788./20231788./build"
2026-09-06T18:12:46.2511530Z         }
2026-09-06T18:12:46.2511606Z       ]
2026-09-06T18:12:46.2511687Z     },
2026-09-06T18:12:46.2511762Z     {
2026-09-06T18:12:46.2511852Z       "backtrace" : 93,
2026-09-06T18:12:46.2511952Z       "command" : 
2026-09-06T18:12:46.2512035Z       [
2026-09-06T18:12:46.2512179Z         "/home/runner/work/20231788./20231788./build/rs2_test",
2026-09-06T18:12:46.2512380Z         "mixed_tower_format"
2026-09-06T18:12:46.2512463Z       ],
2026-09-06T18:12:46.2512564Z       "name" : "rs2_mixed_tower_format",
2026-09-06T18:12:46.2512657Z       "properties" : 
2026-09-06T18:12:46.2512736Z       [
2026-09-06T18:12:46.2512818Z         {
2026-09-06T18:12:46.2512914Z           "name" : "WORKING_DIRECTORY",
2026-09-06T18:12:46.2513076Z           "value" : "/home/runner/work/20231788./20231788./build"
2026-09-06T18:12:46.2513158Z         }
2026-09-06T18:12:46.2513234Z       ]
2026-09-06T18:12:46.2513315Z     },
2026-09-06T18:12:46.2513392Z     {
2026-09-06T18:12:46.2513485Z       "backtrace" : 95,
2026-09-06T18:12:46.2513566Z       "command" : 
2026-09-06T18:12:46.2513647Z       [
2026-09-06T18:12:46.2513793Z         "/home/runner/work/20231788./20231788./build/rs2_test",
2026-09-06T18:12:46.2513898Z         "untouched_public_pipeline"
2026-09-06T18:12:46.2513978Z       ],
2026-09-06T18:12:46.2514096Z       "name" : "rs2_untouched_public_pipeline",
2026-09-06T18:12:46.2514211Z       "properties" : 
2026-09-06T18:12:46.2514287Z       [
2026-09-06T18:12:46.2514367Z         {
2026-09-06T18:12:46.2514465Z           "name" : "WORKING_DIRECTORY",
2026-09-06T18:12:46.2514611Z           "value" : "/home/runner/work/20231788./20231788./build"
2026-09-06T18:12:46.2514693Z         }
2026-09-06T18:12:46.2514769Z       ]
2026-09-06T18:12:46.2514850Z     },
2026-09-06T18:12:46.2514926Z     {
2026-09-06T18:12:46.2515018Z       "backtrace" : 97,
2026-09-06T18:12:46.2515099Z       "command" : 
2026-09-06T18:12:46.2515180Z       [
2026-09-06T18:12:46.2515337Z         "/home/runner/work/20231788./20231788./build/rs2_test",
2026-09-06T18:12:46.2515441Z         "declared_basis_mismatch"
2026-09-06T18:12:46.2515523Z       ],
2026-09-06T18:12:46.2515630Z       "name" : "rs2_declared_basis_mismatch",
2026-09-06T18:12:46.2515723Z       "properties" : 
2026-09-06T18:12:46.2515798Z       [
2026-09-06T18:12:46.2515880Z         {
2026-09-06T18:12:46.2515975Z           "name" : "WORKING_DIRECTORY",
2026-09-06T18:12:46.2516118Z           "value" : "/home/runner/work/20231788./20231788./build"
2026-09-06T18:12:46.2516199Z         }
2026-09-06T18:12:46.2516275Z       ]
2026-09-06T18:12:46.2516374Z     },
2026-09-06T18:12:46.2516758Z     {
2026-09-06T18:12:46.2516854Z       "backtrace" : 99,
2026-09-06T18:12:46.2516937Z       "command" : 
2026-09-06T18:12:46.2517019Z       [
2026-09-06T18:12:46.2517160Z         "/home/runner/work/20231788./20231788./build/rs2_test",
2026-09-06T18:12:46.2517260Z         "terminal_rejections"
2026-09-06T18:12:46.2517340Z       ],
2026-09-06T18:12:46.2517463Z       "name" : "rs2_terminal_rejections",
2026-09-06T18:12:46.2517556Z       "properties" : 
2026-09-06T18:12:46.2517633Z       [
2026-09-06T18:12:46.2517713Z         {
2026-09-06T18:12:46.2517810Z           "name" : "WORKING_DIRECTORY",
2026-09-06T18:12:46.2517951Z           "value" : "/home/runner/work/20231788./20231788./build"
2026-09-06T18:12:46.2518031Z         }
2026-09-06T18:12:46.2518108Z       ]
2026-09-06T18:12:46.2518192Z     },
2026-09-06T18:12:46.2518268Z     {
2026-09-06T18:12:46.2518365Z       "backtrace" : 101,
2026-09-06T18:12:46.2518446Z       "command" : 
2026-09-06T18:12:46.2518621Z       [
2026-09-06T18:12:46.2518896Z         "/home/runner/work/20231788./20231788./build/mult2_test",
2026-09-06T18:12:46.2519000Z         "composition_contract"
2026-09-06T18:12:46.2519082Z       ],
2026-09-06T18:12:46.2519195Z       "name" : "mult2_composition_contract",
2026-09-06T18:12:46.2519289Z       "properties" : 
2026-09-06T18:12:46.2519366Z       [
2026-09-06T18:12:46.2519447Z         {
2026-09-06T18:12:46.2519547Z           "name" : "WORKING_DIRECTORY",
2026-09-06T18:12:46.2519689Z           "value" : "/home/runner/work/20231788./20231788./build"
2026-09-06T18:12:46.2519788Z         }
2026-09-06T18:12:46.2519870Z       ]
2026-09-06T18:12:46.2519952Z     },
2026-09-06T18:12:46.2520028Z     {
2026-09-06T18:12:46.2520124Z       "backtrace" : 103,
2026-09-06T18:12:46.2520206Z       "command" : 
2026-09-06T18:12:46.2520286Z       [
2026-09-06T18:12:46.2520588Z         "/home/runner/work/20231788./20231788./build/mult2_e2e_oracle_test",
2026-09-06T18:12:46.2520681Z         "hybrid_real"
2026-09-06T18:12:46.2520766Z       ],
2026-09-06T18:12:46.2520882Z       "name" : "mult2_e2e_hybrid_real",
2026-09-06T18:12:46.2520975Z       "properties" : 
2026-09-06T18:12:46.2521051Z       [
2026-09-06T18:12:46.2521133Z         {
2026-09-06T18:12:46.2521229Z           "name" : "WORKING_DIRECTORY",
2026-09-06T18:12:46.2521413Z           "value" : "/home/runner/work/20231788./20231788./build"
2026-09-06T18:12:46.2521498Z         }
2026-09-06T18:12:46.2521580Z       ]
2026-09-06T18:12:46.2521657Z     },
2026-09-06T18:12:46.2521738Z     {
2026-09-06T18:12:46.2521827Z       "backtrace" : 105,
2026-09-06T18:12:46.2521915Z       "command" : 
2026-09-06T18:12:46.2522011Z       [
2026-09-06T18:12:46.2522206Z         "/home/runner/work/20231788./20231788./build/mult2_e2e_oracle_test",
2026-09-06T18:12:46.2522295Z         "hybrid_complex"
2026-09-06T18:12:46.2522382Z       ],
2026-09-06T18:12:46.2522492Z       "name" : "mult2_e2e_hybrid_complex",
2026-09-06T18:12:46.2522577Z       "properties" : 
2026-09-06T18:12:46.2522660Z       [
2026-09-06T18:12:46.2522740Z         {
2026-09-06T18:12:46.2522840Z           "name" : "WORKING_DIRECTORY",
2026-09-06T18:12:46.2522982Z           "value" : "/home/runner/work/20231788./20231788./build"
2026-09-06T18:12:46.2523081Z         }
2026-09-06T18:12:46.2523163Z       ]
2026-09-06T18:12:46.2523242Z     },
2026-09-06T18:12:46.2523322Z     {
2026-09-06T18:12:46.2523411Z       "backtrace" : 107,
2026-09-06T18:12:46.2523499Z       "command" : 
2026-09-06T18:12:46.2523575Z       [
2026-09-06T18:12:46.2523772Z         "/home/runner/work/20231788./20231788./build/mult2_e2e_oracle_test",
2026-09-06T18:12:46.2523851Z         "bv_real"
2026-09-06T18:12:46.2523933Z       ],
2026-09-06T18:12:46.2524032Z       "name" : "mult2_e2e_bv_real",
2026-09-06T18:12:46.2524119Z       "properties" : 
2026-09-06T18:12:46.2524218Z       [
2026-09-06T18:12:46.2524298Z         {
2026-09-06T18:12:46.2524401Z           "name" : "WORKING_DIRECTORY",
2026-09-06T18:12:46.2524535Z           "value" : "/home/runner/work/20231788./20231788./build"
2026-09-06T18:12:46.2524621Z         }
2026-09-06T18:12:46.2524698Z       ]
2026-09-06T18:12:46.2524780Z     },
2026-09-06T18:12:46.2524859Z     {
2026-09-06T18:12:46.2524946Z       "backtrace" : 109,
2026-09-06T18:12:46.2525032Z       "command" : 
2026-09-06T18:12:46.2525109Z       [
2026-09-06T18:12:46.2525317Z         "/home/runner/work/20231788./20231788./build/mult2_e2e_oracle_test",
2026-09-06T18:12:46.2525405Z         "bv_complex"
2026-09-06T18:12:46.2525486Z       ],
2026-09-06T18:12:46.2525587Z       "name" : "mult2_e2e_bv_complex",
2026-09-06T18:12:46.2525679Z       "properties" : 
2026-09-06T18:12:46.2525760Z       [
2026-09-06T18:12:46.2525840Z         {
2026-09-06T18:12:46.2525941Z           "name" : "WORKING_DIRECTORY",
2026-09-06T18:12:46.2526075Z           "value" : "/home/runner/work/20231788./20231788./build"
2026-09-06T18:12:46.2526159Z         }
2026-09-06T18:12:46.2526236Z       ]
2026-09-06T18:12:46.2526317Z     },
2026-09-06T18:12:46.2526415Z     {
2026-09-06T18:12:46.2526502Z       "backtrace" : 111,
2026-09-06T18:12:46.2526680Z       "command" : 
2026-09-06T18:12:46.2526757Z       [
2026-09-06T18:12:46.2526951Z         "/home/runner/work/20231788./20231788./build/mult2_e2e_oracle_test",
2026-09-06T18:12:46.2527055Z         "pair_add_input_hybrid_complex"
2026-09-06T18:12:46.2527136Z       ],
2026-09-06T18:12:46.2527780Z       "name" : "mult2_pair_add_input_hybrid_complex",
2026-09-06T18:12:46.2527877Z       "properties" : 
2026-09-06T18:12:46.2527959Z       [
2026-09-06T18:12:46.2528037Z         {
2026-09-06T18:12:46.2528140Z           "name" : "WORKING_DIRECTORY",
2026-09-06T18:12:46.2528277Z           "value" : "/home/runner/work/20231788./20231788./build"
2026-09-06T18:12:46.2528360Z         }
2026-09-06T18:12:46.2528436Z       ]
2026-09-06T18:12:46.2528617Z     },
2026-09-06T18:12:46.2528699Z     {
2026-09-06T18:12:46.2528904Z       "backtrace" : 113,
2026-09-06T18:12:46.2528995Z       "command" : 
2026-09-06T18:12:46.2529074Z       [
2026-09-06T18:12:46.2529269Z         "/home/runner/work/20231788./20231788./build/mult2_e2e_oracle_test",
2026-09-06T18:12:46.2529379Z         "pair_sub_input_hybrid_complex"
2026-09-06T18:12:46.2529463Z       ],
2026-09-06T18:12:46.2529590Z       "name" : "mult2_pair_sub_input_hybrid_complex",
2026-09-06T18:12:46.2529684Z       "properties" : 
2026-09-06T18:12:46.2529782Z       [
2026-09-06T18:12:46.2529860Z         {
2026-09-06T18:12:46.2529963Z           "name" : "WORKING_DIRECTORY",
2026-09-06T18:12:46.2530099Z           "value" : "/home/runner/work/20231788./20231788./build"
2026-09-06T18:12:46.2530181Z         }
2026-09-06T18:12:46.2530256Z       ]
2026-09-06T18:12:46.2530338Z     },
2026-09-06T18:12:46.2530415Z     {
2026-09-06T18:12:46.2530509Z       "backtrace" : 115,
2026-09-06T18:12:46.2530596Z       "command" : 
2026-09-06T18:12:46.2530673Z       [
2026-09-06T18:12:46.2530997Z         "/home/runner/work/20231788./20231788./build/precision_client_io_first_mult2_contract_test"
2026-09-06T18:12:46.2531075Z       ],
2026-09-06T18:12:46.2531222Z       "name" : "precision_client_io_first_mult2_contract",
2026-09-06T18:12:46.2531313Z       "properties" : 
2026-09-06T18:12:46.2531393Z       [
2026-09-06T18:12:46.2531476Z         {
2026-09-06T18:12:46.2531580Z           "name" : "WORKING_DIRECTORY",
2026-09-06T18:12:46.2531719Z           "value" : "/home/runner/work/20231788./20231788./build"
2026-09-06T18:12:46.2531798Z         }
2026-09-06T18:12:46.2531878Z       ]
2026-09-06T18:12:46.2531974Z     },
2026-09-06T18:12:46.2532053Z     {
2026-09-06T18:12:46.2532141Z       "backtrace" : 117,
2026-09-06T18:12:46.2532229Z       "command" : 
2026-09-06T18:12:46.2532309Z       [
2026-09-06T18:12:46.2532576Z         "/home/runner/work/20231788./20231788./build/repeated_mult2_semantic_two_square_test"
2026-09-06T18:12:46.2532657Z       ],
2026-09-06T18:12:46.2532815Z       "name" : "repeated_mult2_semantic_two_square_contract",
2026-09-06T18:12:46.2532909Z       "properties" : 
2026-09-06T18:12:46.2532986Z       [
2026-09-06T18:12:46.2533085Z         {
2026-09-06T18:12:46.2533193Z           "name" : "WORKING_DIRECTORY",
2026-09-06T18:12:46.2533330Z           "value" : "/home/runner/work/20231788./20231788./build"
2026-09-06T18:12:46.2533410Z         }
2026-09-06T18:12:46.2533486Z       ]
2026-09-06T18:12:46.2533568Z     },
2026-09-06T18:12:46.2533644Z     {
2026-09-06T18:12:46.2533737Z       "backtrace" : 119,
2026-09-06T18:12:46.2533818Z       "command" : 
2026-09-06T18:12:46.2533902Z       [
2026-09-06T18:12:46.2534183Z         "/home/runner/work/20231788./20231788./build/paper_h128_client_keypair_contract_test"
2026-09-06T18:12:46.2534261Z       ],
2026-09-06T18:12:46.2534391Z       "name" : "paper_h128_client_keypair_contract",
2026-09-06T18:12:46.2534479Z       "properties" : 
2026-09-06T18:12:46.2534561Z       [
2026-09-06T18:12:46.2534637Z         {
2026-09-06T18:12:46.2534741Z           "name" : "WORKING_DIRECTORY",
2026-09-06T18:12:46.2534883Z           "value" : "/home/runner/work/20231788./20231788./build"
2026-09-06T18:12:46.2534962Z         }
2026-09-06T18:12:46.2535166Z       ]
2026-09-06T18:12:46.2535244Z     }
2026-09-06T18:12:46.2535344Z   ],
2026-09-06T18:12:46.2535428Z   "version" : 
2026-09-06T18:12:46.2535510Z   {
2026-09-06T18:12:46.2535593Z     "major" : 1,
2026-09-06T18:12:46.2535679Z     "minor" : 0
2026-09-06T18:12:46.2535759Z   }
2026-09-06T18:12:46.2536020Z }Internal ctest changing into directory: /home/runner/work/20231788./20231788./build
2026-09-06T18:12:46.2536354Z UpdateCTestConfiguration  from :/home/runner/work/20231788./20231788./build/DartConfiguration.tcl
2026-09-06T18:12:46.2536689Z UpdateCTestConfiguration  from :/home/runner/work/20231788./20231788./build/DartConfiguration.tcl
2026-09-06T18:12:46.2536843Z Test project /home/runner/work/20231788./20231788./build
2026-09-06T18:12:46.2536945Z Constructing a list of tests
2026-09-06T18:12:46.2537135Z Done constructing a list of tests
2026-09-06T18:12:46.2537241Z Updating test list for fixtures
2026-09-06T18:12:46.2537358Z Added 0 tests to meet fixture requirements
2026-09-06T18:12:46.2537474Z Checking test dependency graph...
2026-09-06T18:12:46.2537596Z Checking test dependency graph end
2026-09-06T18:12:46.2537679Z test 1
2026-09-06T18:12:46.2537769Z       Start  1: dcp_rcb
2026-09-06T18:12:46.2537776Z 
2026-09-06T18:12:46.2537986Z 1: Test command: /home/runner/work/20231788./20231788./build/dcp_rcb_test
2026-09-06T18:12:46.2538165Z 1: Working Directory: /home/runner/work/20231788./20231788./build
2026-09-06T18:12:46.2538274Z 1: Test timeout computed to be: 10000000
2026-09-06T18:12:46.2745595Z 1: DCP/RCB independent-oracle tests passed
2026-09-06T18:12:46.2749367Z  1/60 Test  #1: dcp_rcb .........................................   Passed    0.05 sec
2026-09-06T18:12:46.2751146Z test 2
2026-09-06T18:12:46.2751338Z       Start  2: precision_dcp_rcb_high_precision_contract
2026-09-06T18:12:46.2751354Z 
2026-09-06T18:12:46.2751694Z 2: Test command: /home/runner/work/20231788./20231788./build/precision_dcp_rcb_contract_test
2026-09-06T18:12:46.2751834Z 2: Working Directory: /home/runner/work/20231788./20231788./build
2026-09-06T18:12:46.2751925Z 2: Test timeout computed to be: 10000000
2026-09-06T18:12:46.3188384Z 2: test=precision_dcp_rcb_high_precision_contract trial=0 security_level=HEStd_NotSet(functional-diagnostic-only) key_switch=HYBRID ckks_data_type=COMPLEX N=64 batch=16 depth=7 scaling_mod_size=50 first_mod_size=55 scale_bits=100 q_div=1125899906843009 active_modulus_bits=356 maximum_coefficient_bits=98 approximate_headroom_bits=258 delta_error=4.3868644182953410172664298254565755344394e-28 max_slot_error=4.3979721451139001260229081683241335618300e-28
2026-09-06T18:12:46.3190409Z 2: test=precision_dcp_rcb_high_precision_contract trial=1 security_level=HEStd_NotSet(functional-diagnostic-only) key_switch=HYBRID ckks_data_type=COMPLEX N=64 batch=16 depth=7 scaling_mod_size=50 first_mod_size=55 scale_bits=100 q_div=1125899906843009 active_modulus_bits=356 maximum_coefficient_bits=98 approximate_headroom_bits=258 delta_error=3.9568699010440342333926261572379073267734e-28 max_slot_error=3.0547464372973849123265538754897977258696e-28
2026-09-06T18:12:46.3191482Z 2: test=precision_dcp_rcb_high_precision_contract trial=2 security_level=HEStd_NotSet(functional-diagnostic-only) key_switch=HYBRID ckks_data_type=COMPLEX N=64 batch=16 depth=7 scaling_mod_size=50 first_mod_size=55 scale_bits=100 q_div=1125899906843009 active_modulus_bits=356 maximum_coefficient_bits=98 approximate_headroom_bits=258 delta_error=4.3735028277264705075886715860498978508752e-28 max_slot_error=3.9299386910720610068124942181564932685830e-28
2026-09-06T18:12:46.3192504Z 2: test=precision_dcp_rcb_high_precision_contract trial=3 security_level=HEStd_NotSet(functional-diagnostic-only) key_switch=HYBRID ckks_data_type=COMPLEX N=64 batch=16 depth=7 scaling_mod_size=50 first_mod_size=55 scale_bits=100 q_div=1125899906843009 active_modulus_bits=356 maximum_coefficient_bits=98 approximate_headroom_bits=258 delta_error=3.4889217178527504778551829406003502524481e-28 max_slot_error=3.3796855566220902061359373444140047854369e-28
2026-09-06T18:12:46.3192833Z 2: precision_dcp_rcb_high_precision_contract=PASS
2026-09-06T18:12:46.3193135Z  2/60 Test  #2: precision_dcp_rcb_high_precision_contract .......   Passed    0.04 sec
2026-09-06T18:12:46.3193209Z test 3
2026-09-06T18:12:46.3193337Z       Start  3: precision_first_mult2_high_precision_contract
2026-09-06T18:12:46.3193502Z 
2026-09-06T18:12:46.3193717Z 3: Test command: /home/runner/work/20231788./20231788./build/precision_first_mult2_contract_test
2026-09-06T18:12:46.3193850Z 3: Working Directory: /home/runner/work/20231788./20231788./build
2026-09-06T18:12:46.3193993Z 3: Test timeout computed to be: 10000000
2026-09-06T18:12:46.4469541Z 3: test=precision_first_mult2_high_precision_contract trial=0 claim_scope=first-Mult2-diagnostic-only security_level=HEStd_NotSet(diagnostic-only) key_switch=HYBRID ckks_data_type=COMPLEX N=64 batch=16 depth=7 scaling_mod_size=50 first_mod_size=55 input_scale_numerator=2^100 final_logical_scale_numerator=2^200 final_logical_scale_denominator=1267650600226646386227681786497 q_div=1125899906843009 q_l=1125899906840833 input_product_centered_headroom_bits=160 output_centered_headroom_bits=210 coefficient_error_numerator=112643958678439607707189675043864 coefficient_error_denominator=1267650600226646386227681786497 frozen_abs_tolerance=2^-80 product_delta_error=1.0503145535206391402350599045065075202675e-28 max_slot_error=6.3803610887993081869258360260341133523207e-28
2026-09-06T18:12:46.4472308Z 3: test=precision_first_mult2_high_precision_contract trial=1 claim_scope=first-Mult2-diagnostic-only security_level=HEStd_NotSet(diagnostic-only) key_switch=HYBRID ckks_data_type=COMPLEX N=64 batch=16 depth=7 scaling_mod_size=50 first_mod_size=55 input_scale_numerator=2^100 final_logical_scale_numerator=2^200 final_logical_scale_denominator=1267650600226646386227681786497 q_div=1125899906843009 q_l=1125899906840833 input_product_centered_headroom_bits=160 output_centered_headroom_bits=210 coefficient_error_numerator=127373992394643099987009906678543 coefficient_error_denominator=1267650600226646386227681786497 frozen_abs_tolerance=2^-80 product_delta_error=4.6286999197178164142982934466708528959229e-28 max_slot_error=4.4746416973102111770520948450960355984272e-28
2026-09-06T18:12:46.4475404Z 3: test=precision_first_mult2_high_precision_contract trial=2 claim_scope=first-Mult2-diagnostic-only security_level=HEStd_NotSet(diagnostic-only) key_switch=HYBRID ckks_data_type=COMPLEX N=64 batch=16 depth=7 scaling_mod_size=50 first_mod_size=55 input_scale_numerator=2^100 final_logical_scale_numerator=2^200 final_logical_scale_denominator=1267650600226646386227681786497 q_div=1125899906843009 q_l=1125899906840833 input_product_centered_headroom_bits=160 output_centered_headroom_bits=210 coefficient_error_numerator=83368090097522618287663378394631 coefficient_error_denominator=1267650600226646386227681786497 frozen_abs_tolerance=2^-80 product_delta_error=6.2443280824656595798083831163629766022535e-29 max_slot_error=6.7855539855813678751735357805412254240800e-28
2026-09-06T18:12:46.4478246Z 3: test=precision_first_mult2_high_precision_contract trial=3 claim_scope=first-Mult2-diagnostic-only security_level=HEStd_NotSet(diagnostic-only) key_switch=HYBRID ckks_data_type=COMPLEX N=64 batch=16 depth=7 scaling_mod_size=50 first_mod_size=55 input_scale_numerator=2^100 final_logical_scale_numerator=2^200 final_logical_scale_denominator=1267650600226646386227681786497 q_div=1125899906843009 q_l=1125899906840833 input_product_centered_headroom_bits=160 output_centered_headroom_bits=210 coefficient_error_numerator=62758778029274174303387709210577 coefficient_error_denominator=1267650600226646386227681786497 frozen_abs_tolerance=2^-80 product_delta_error=2.1612300933455203718990472220171572825644e-28 max_slot_error=4.3013383980177304823100921094301663656113e-28
2026-09-06T18:12:46.4478379Z 3: precision_first_mult2_high_precision_contract=PASS
2026-09-06T18:12:46.4478716Z  3/60 Test  #3: precision_first_mult2_high_precision_contract ...   Passed    0.13 sec
2026-09-06T18:12:46.4478787Z test 4
2026-09-06T18:12:46.4479099Z       Start  4: pair_add_runtime_behavior
2026-09-06T18:12:46.4479105Z 
2026-09-06T18:12:46.4479256Z 4: Test command: /home/runner/work/20231788./20231788./build/pair_add_test
2026-09-06T18:12:46.4479391Z 4: Working Directory: /home/runner/work/20231788./20231788./build
2026-09-06T18:12:46.4479472Z 4: Test timeout computed to be: 10000000
2026-09-06T18:12:46.4517835Z 4: pair Add runtime behavior passed
2026-09-06T18:12:46.4521443Z  4/60 Test  #4: pair_add_runtime_behavior .......................   Passed    0.00 sec
2026-09-06T18:12:46.4522838Z test 5
2026-09-06T18:12:46.4522979Z       Start  5: pair_sub_runtime_behavior
2026-09-06T18:12:46.4523089Z 
2026-09-06T18:12:46.4523409Z 5: Test command: /home/runner/work/20231788./20231788./build/pair_sub_test
2026-09-06T18:12:46.4523802Z 5: Working Directory: /home/runner/work/20231788./20231788./build
2026-09-06T18:12:46.4523939Z 5: Test timeout computed to be: 10000000
2026-09-06T18:12:46.4559445Z 5: pair Sub runtime behavior passed
2026-09-06T18:12:46.4562493Z  5/60 Test  #5: pair_sub_runtime_behavior .......................   Passed    0.00 sec
2026-09-06T18:12:46.4564166Z test 6
2026-09-06T18:12:46.4564342Z       Start  6: pair_arithmetic_controlled_oracle
2026-09-06T18:12:46.4564351Z 
2026-09-06T18:12:46.4564727Z 6: Test command: /home/runner/work/20231788./20231788./build/pair_arithmetic_test "controlled_oracle"
2026-09-06T18:12:46.4564939Z 6: Working Directory: /home/runner/work/20231788./20231788./build
2026-09-06T18:12:46.4565066Z 6: Test timeout computed to be: 10000000
2026-09-06T18:12:46.4946127Z 6: pair-arithmetic case passed: controlled_oracle
2026-09-06T18:12:46.4949617Z  6/60 Test  #6: pair_arithmetic_controlled_oracle ...............   Passed    0.04 sec
2026-09-06T18:12:46.4951560Z test 7
2026-09-06T18:12:46.4951901Z       Start  7: pair_arithmetic_public_lifecycles_keyless
2026-09-06T18:12:46.4952173Z 
2026-09-06T18:12:46.4952556Z 7: Test command: /home/runner/work/20231788./20231788./build/pair_arithmetic_test "public_lifecycles_keyless"
2026-09-06T18:12:46.4953336Z 7: Working Directory: /home/runner/work/20231788./20231788./build
2026-09-06T18:12:46.4953668Z 7: Test timeout computed to be: 10000000
2026-09-06T18:12:46.5240602Z 7: pair-arithmetic case passed: public_lifecycles_keyless
2026-09-06T18:12:46.5243928Z  7/60 Test  #7: pair_arithmetic_public_lifecycles_keyless .......   Passed    0.03 sec
2026-09-06T18:12:46.5245005Z test 8
2026-09-06T18:12:46.5245437Z       Start  8: pair_arithmetic_compatibility_rejections
2026-09-06T18:12:46.5245730Z 
2026-09-06T18:12:46.5246140Z 8: Test command: /home/runner/work/20231788./20231788./build/pair_arithmetic_test "compatibility_rejections"
2026-09-06T18:12:46.5246674Z 8: Working Directory: /home/runner/work/20231788./20231788./build
2026-09-06T18:12:46.5246950Z 8: Test timeout computed to be: 10000000
2026-09-06T18:12:46.5332588Z 8: pair-arithmetic case passed: compatibility_rejections
2026-09-06T18:12:46.5335786Z  8/60 Test  #8: pair_arithmetic_compatibility_rejections ........   Passed    0.01 sec
2026-09-06T18:12:46.5337194Z test 9
2026-09-06T18:12:46.5337498Z       Start  9: tensor2_valid_arithmetic_immutability
2026-09-06T18:12:46.5337767Z 
2026-09-06T18:12:46.5338145Z 9: Test command: /home/runner/work/20231788./20231788./build/tensor2_test "valid_arithmetic_immutability"
2026-09-06T18:12:46.5339045Z 9: Working Directory: /home/runner/work/20231788./20231788./build
2026-09-06T18:12:46.5339340Z 9: Test timeout computed to be: 10000000
2026-09-06T18:12:46.5396849Z 9: Tensor2 case passed: valid_arithmetic_immutability
2026-09-06T18:12:46.5400435Z  9/60 Test  #9: tensor2_valid_arithmetic_immutability ...........   Passed    0.01 sec
2026-09-06T18:12:46.5401732Z test 10
2026-09-06T18:12:46.5402251Z       Start 10: tensor2_result_scale_contract
2026-09-06T18:12:46.5402512Z 
2026-09-06T18:12:46.5402871Z 10: Test command: /home/runner/work/20231788./20231788./build/tensor2_test "result_scale_contract"
2026-09-06T18:12:46.5403522Z 10: Working Directory: /home/runner/work/20231788./20231788./build
2026-09-06T18:12:46.5404021Z 10: Test timeout computed to be: 10000000
2026-09-06T18:12:46.5437226Z 10: Tensor2 case passed: result_scale_contract
2026-09-06T18:12:46.5440853Z 10/60 Test #10: tensor2_result_scale_contract ...................   Passed    0.00 sec
2026-09-06T18:12:46.5442013Z test 11
2026-09-06T18:12:46.5442419Z       Start 11: tensor2_right_input_validation
2026-09-06T18:12:46.5442683Z 
2026-09-06T18:12:46.5443050Z 11: Test command: /home/runner/work/20231788./20231788./build/tensor2_test "right_input_validation"
2026-09-06T18:12:46.5443748Z 11: Working Directory: /home/runner/work/20231788./20231788./build
2026-09-06T18:12:46.5444183Z 11: Test timeout computed to be: 10000000
2026-09-06T18:12:46.5477376Z 11: Tensor2 case passed: right_input_validation
2026-09-06T18:12:46.5481022Z 11/60 Test #11: tensor2_right_input_validation ..................   Passed    0.00 sec
2026-09-06T18:12:46.5482405Z test 12
2026-09-06T18:12:46.5482690Z       Start 12: tensor2_mutual_compatibility
2026-09-06T18:12:46.5482884Z 
2026-09-06T18:12:46.5483100Z 12: Test command: /home/runner/work/20231788./20231788./build/tensor2_test "mutual_compatibility"
2026-09-06T18:12:46.5483597Z 12: Working Directory: /home/runner/work/20231788./20231788./build
2026-09-06T18:12:46.5484048Z 12: Test timeout computed to be: 10000000
2026-09-06T18:12:46.5517388Z 12: Tensor2 case passed: mutual_compatibility
2026-09-06T18:12:46.5520630Z 12/60 Test #12: tensor2_mutual_compatibility ....................   Passed    0.00 sec
2026-09-06T18:12:46.5521959Z test 13
2026-09-06T18:12:46.5522270Z       Start 13: tensor2_prearithmetic_key_compatibility
2026-09-06T18:12:46.5522545Z 
2026-09-06T18:12:46.5522938Z 13: Test command: /home/runner/work/20231788./20231788./build/tensor2_test "prearithmetic_key_compatibility"
2026-09-06T18:12:46.5523724Z 13: Working Directory: /home/runner/work/20231788./20231788./build
2026-09-06T18:12:46.5524031Z 13: Test timeout computed to be: 10000000
2026-09-06T18:12:46.5559013Z 13: Tensor2 case passed: prearithmetic_key_compatibility
2026-09-06T18:12:46.5562146Z 13/60 Test #13: tensor2_prearithmetic_key_compatibility .........   Passed    0.00 sec
2026-09-06T18:12:46.5563541Z test 14
2026-09-06T18:12:46.5563834Z       Start 14: relin2_tensor_validation_order
2026-09-06T18:12:46.5564024Z 
2026-09-06T18:12:46.5564257Z 14: Test command: /home/runner/work/20231788./20231788./build/relin2_test "tensor_validation_order"
2026-09-06T18:12:46.5564689Z 14: Working Directory: /home/runner/work/20231788./20231788./build
2026-09-06T18:12:46.5565173Z 14: Test timeout computed to be: 10000000
2026-09-06T18:12:46.5600258Z 14: Relin2 case passed: tensor_validation_order
2026-09-06T18:12:46.5603450Z 14/60 Test #14: relin2_tensor_validation_order ..................   Passed    0.00 sec
2026-09-06T18:12:46.5604803Z test 15
2026-09-06T18:12:46.5605097Z       Start 15: relin2_insufficient_active_basis
2026-09-06T18:12:46.5605358Z 
2026-09-06T18:12:46.5605717Z 15: Test command: /home/runner/work/20231788./20231788./build/relin2_test "insufficient_active_basis"
2026-09-06T18:12:46.5606467Z 15: Working Directory: /home/runner/work/20231788./20231788./build
2026-09-06T18:12:46.5606765Z 15: Test timeout computed to be: 10000000
2026-09-06T18:12:46.5640777Z 15: Relin2 case passed: insufficient_active_basis
2026-09-06T18:12:46.5643802Z 15/60 Test #15: relin2_insufficient_active_basis ................   Passed    0.00 sec
2026-09-06T18:12:46.5645193Z test 16
2026-09-06T18:12:46.5645447Z       Start 16: relin2_missing_eval_key
2026-09-06T18:12:46.5645678Z 
2026-09-06T18:12:46.5645989Z 16: Test command: /home/runner/work/20231788./20231788./build/relin2_test "missing_eval_key"
2026-09-06T18:12:46.5646668Z 16: Working Directory: /home/runner/work/20231788./20231788./build
2026-09-06T18:12:46.5647233Z 16: Test timeout computed to be: 10000000
2026-09-06T18:12:46.5681840Z 16: Relin2 case passed: missing_eval_key
2026-09-06T18:12:46.5684999Z 16/60 Test #16: relin2_missing_eval_key .........................   Passed    0.00 sec
2026-09-06T18:12:46.5686271Z test 17
2026-09-06T18:12:46.5686715Z       Start 17: relin2_key_empty
2026-09-06T18:12:46.5686925Z 
2026-09-06T18:12:46.5687203Z 17: Test command: /home/runner/work/20231788./20231788./build/relin2_test "key_empty"
2026-09-06T18:12:46.5687890Z 17: Working Directory: /home/runner/work/20231788./20231788./build
2026-09-06T18:12:46.5688186Z 17: Test timeout computed to be: 10000000
2026-09-06T18:12:46.5722830Z 17: Relin2 case passed: key_empty
2026-09-06T18:12:46.5726292Z 17/60 Test #17: relin2_key_empty ................................   Passed    0.00 sec
2026-09-06T18:12:46.5727387Z test 18
2026-09-06T18:12:46.5727625Z       Start 18: relin2_key_null_first
2026-09-06T18:12:46.5727847Z 
2026-09-06T18:12:46.5728138Z 18: Test command: /home/runner/work/20231788./20231788./build/relin2_test "key_null_first"
2026-09-06T18:12:46.5729114Z 18: Working Directory: /home/runner/work/20231788./20231788./build
2026-09-06T18:12:46.5729406Z 18: Test timeout computed to be: 10000000
2026-09-06T18:12:46.5763229Z 18: Relin2 case passed: key_null_first
2026-09-06T18:12:46.5766548Z 18/60 Test #18: relin2_key_null_first ...........................   Passed    0.00 sec
2026-09-06T18:12:46.5767653Z test 19
2026-09-06T18:12:46.5767918Z       Start 19: relin2_key_wrong_context
2026-09-06T18:12:46.5768158Z 
2026-09-06T18:12:46.5768471Z 19: Test command: /home/runner/work/20231788./20231788./build/relin2_test "key_wrong_context"
2026-09-06T18:12:46.5769322Z 19: Working Directory: /home/runner/work/20231788./20231788./build
2026-09-06T18:12:46.5769624Z 19: Test timeout computed to be: 10000000
2026-09-06T18:12:46.5811097Z 19: Relin2 case passed: key_wrong_context
2026-09-06T18:12:46.5814222Z 19/60 Test #19: relin2_key_wrong_context ........................   Passed    0.00 sec
2026-09-06T18:12:46.5815574Z test 20
2026-09-06T18:12:46.5815827Z       Start 20: relin2_key_wrong_tag
2026-09-06T18:12:46.5816054Z 
2026-09-06T18:12:46.5816247Z 20: Test command: /home/runner/work/20231788./20231788./build/relin2_test "key_wrong_tag"
2026-09-06T18:12:46.5816703Z 20: Working Directory: /home/runner/work/20231788./20231788./build
2026-09-06T18:12:46.5817163Z 20: Test timeout computed to be: 10000000
2026-09-06T18:12:46.5851915Z 20: Relin2 case passed: key_wrong_tag
2026-09-06T18:12:46.5855242Z 20/60 Test #20: relin2_key_wrong_tag ............................   Passed    0.00 sec
2026-09-06T18:12:46.5856677Z test 21
2026-09-06T18:12:46.5856950Z       Start 21: relin2_key_wrong_subtype
2026-09-06T18:12:46.5857131Z 
2026-09-06T18:12:46.5857339Z 21: Test command: /home/runner/work/20231788./20231788./build/relin2_test "key_wrong_subtype"
2026-09-06T18:12:46.5857830Z 21: Working Directory: /home/runner/work/20231788./20231788./build
2026-09-06T18:12:46.5858288Z 21: Test timeout computed to be: 10000000
2026-09-06T18:12:46.5913058Z 21: Relin2 case passed: key_wrong_subtype
2026-09-06T18:12:46.5916177Z 21/60 Test #21: relin2_key_wrong_subtype ........................   Passed    0.01 sec
2026-09-06T18:12:46.5917526Z test 22
2026-09-06T18:12:46.5917797Z       Start 22: relin2_key_hybrid_a_length
2026-09-06T18:12:46.5917995Z 
2026-09-06T18:12:46.5918205Z 22: Test command: /home/runner/work/20231788./20231788./build/relin2_test "key_hybrid_a_length"
2026-09-06T18:12:46.5918874Z 22: Working Directory: /home/runner/work/20231788./20231788./build
2026-09-06T18:12:46.5919326Z 22: Test timeout computed to be: 10000000
2026-09-06T18:12:46.5954835Z 22: Relin2 case passed: key_hybrid_a_length
2026-09-06T18:12:46.5957928Z 22/60 Test #22: relin2_key_hybrid_a_length ......................   Passed    0.00 sec
2026-09-06T18:12:46.5959709Z test 23
2026-09-06T18:12:46.5959961Z       Start 23: relin2_key_hybrid_b_length
2026-09-06T18:12:46.5960183Z 
2026-09-06T18:12:46.5960393Z 23: Test command: /home/runner/work/20231788./20231788./build/relin2_test "key_hybrid_b_length"
2026-09-06T18:12:46.5960953Z 23: Working Directory: /home/runner/work/20231788./20231788./build
2026-09-06T18:12:46.5961387Z 23: Test timeout computed to be: 10000000
2026-09-06T18:12:46.5996309Z 23: Relin2 case passed: key_hybrid_b_length
2026-09-06T18:12:46.5999588Z 23/60 Test #23: relin2_key_hybrid_b_length ......................   Passed    0.00 sec
2026-09-06T18:12:46.6001059Z test 24
2026-09-06T18:12:46.6001317Z       Start 24: relin2_key_hybrid_entry_basis
2026-09-06T18:12:46.6001486Z 
2026-09-06T18:12:46.6001703Z 24: Test command: /home/runner/work/20231788./20231788./build/relin2_test "key_hybrid_entry_basis"
2026-09-06T18:12:46.6002171Z 24: Working Directory: /home/runner/work/20231788./20231788./build
2026-09-06T18:12:46.6002642Z 24: Test timeout computed to be: 10000000
2026-09-06T18:12:46.6043160Z 24: Relin2 case passed: key_hybrid_entry_basis
2026-09-06T18:12:46.6046548Z 24/60 Test #24: relin2_key_hybrid_entry_basis ...................   Passed    0.00 sec
2026-09-06T18:12:46.6047713Z test 25
2026-09-06T18:12:46.6048164Z       Start 25: relin2_key_hybrid_entry_format
2026-09-06T18:12:46.6048412Z 
2026-09-06T18:12:46.6048940Z 25: Test command: /home/runner/work/20231788./20231788./build/relin2_test "key_hybrid_entry_format"
2026-09-06T18:12:46.6049580Z 25: Working Directory: /home/runner/work/20231788./20231788./build
2026-09-06T18:12:46.6049870Z 25: Test timeout computed to be: 10000000
2026-09-06T18:12:46.6183154Z 25: Relin2 case passed: key_hybrid_entry_format
2026-09-06T18:12:46.6186381Z 25/60 Test #25: relin2_key_hybrid_entry_format ..................   Passed    0.01 sec
2026-09-06T18:12:46.6187944Z test 26
2026-09-06T18:12:46.6188210Z       Start 26: relin2_key_bv_zero_digit_a_length
2026-09-06T18:12:46.6188376Z 
2026-09-06T18:12:46.6188776Z 26: Test command: /home/runner/work/20231788./20231788./build/relin2_test "key_bv_zero_digit_a_length"
2026-09-06T18:12:46.6189325Z 26: Working Directory: /home/runner/work/20231788./20231788./build
2026-09-06T18:12:46.6189783Z 26: Test timeout computed to be: 10000000
2026-09-06T18:12:46.6225399Z 26: Relin2 case passed: key_bv_zero_digit_a_length
2026-09-06T18:12:46.6228932Z 26/60 Test #26: relin2_key_bv_zero_digit_a_length ...............   Passed    0.00 sec
2026-09-06T18:12:46.6230113Z test 27
2026-09-06T18:12:46.6236877Z       Start 27: relin2_key_bv_zero_digit_b_length
2026-09-06T18:12:46.6237187Z 
2026-09-06T18:12:46.6237545Z 27: Test command: /home/runner/work/20231788./20231788./build/relin2_test "key_bv_zero_digit_b_length"
2026-09-06T18:12:46.6238020Z 27: Working Directory: /home/runner/work/20231788./20231788./build
2026-09-06T18:12:46.6238311Z 27: Test timeout computed to be: 10000000
2026-09-06T18:12:46.6265935Z 27: Relin2 case passed: key_bv_zero_digit_b_length
2026-09-06T18:12:46.6269132Z 27/60 Test #27: relin2_key_bv_zero_digit_b_length ...............   Passed    0.00 sec
2026-09-06T18:12:46.6272158Z test 28
2026-09-06T18:12:46.6272463Z       Start 28: relin2_key_bv_nonzero_digit_a_length
2026-09-06T18:12:46.6272737Z 
2026-09-06T18:12:46.6273109Z 28: Test command: /home/runner/work/20231788./20231788./build/relin2_test "key_bv_nonzero_digit_a_length"
2026-09-06T18:12:46.6273782Z 28: Working Directory: /home/runner/work/20231788./20231788./build
2026-09-06T18:12:46.6274216Z 28: Test timeout computed to be: 10000000
2026-09-06T18:12:46.6312313Z 28: Relin2 case passed: key_bv_nonzero_digit_a_length
2026-09-06T18:12:46.6315516Z 28/60 Test #28: relin2_key_bv_nonzero_digit_a_length ............   Passed    0.00 sec
2026-09-06T18:12:46.6317091Z test 29
2026-09-06T18:12:46.6317398Z       Start 29: relin2_key_bv_nonzero_digit_b_length
2026-09-06T18:12:46.6317668Z 
2026-09-06T18:12:46.6318044Z 29: Test command: /home/runner/work/20231788./20231788./build/relin2_test "key_bv_nonzero_digit_b_length"
2026-09-06T18:12:46.6318879Z 29: Working Directory: /home/runner/work/20231788./20231788./build
2026-09-06T18:12:46.6319168Z 29: Test timeout computed to be: 10000000
2026-09-06T18:12:46.6357607Z 29: Relin2 case passed: key_bv_nonzero_digit_b_length
2026-09-06T18:12:46.6361279Z 29/60 Test #29: relin2_key_bv_nonzero_digit_b_length ............   Passed    0.00 sec
2026-09-06T18:12:46.6362530Z test 30
2026-09-06T18:12:46.6362830Z       Start 30: relin2_key_bv_zero_digit_entry_basis
2026-09-06T18:12:46.6363275Z 
2026-09-06T18:12:46.6363676Z 30: Test command: /home/runner/work/20231788./20231788./build/relin2_test "key_bv_zero_digit_entry_basis"
2026-09-06T18:12:46.6364289Z 30: Working Directory: /home/runner/work/20231788./20231788./build
2026-09-06T18:12:46.6364571Z 30: Test timeout computed to be: 10000000
2026-09-06T18:12:46.6398668Z 30: Relin2 case passed: key_bv_zero_digit_entry_basis
2026-09-06T18:12:46.6401897Z 30/60 Test #30: relin2_key_bv_zero_digit_entry_basis ............   Passed    0.00 sec
2026-09-06T18:12:46.6403175Z test 31
2026-09-06T18:12:46.6403479Z       Start 31: relin2_key_bv_nonzero_digit_entry_basis
2026-09-06T18:12:46.6403748Z 
2026-09-06T18:12:46.6404134Z 31: Test command: /home/runner/work/20231788./20231788./build/relin2_test "key_bv_nonzero_digit_entry_basis"
2026-09-06T18:12:46.6405045Z 31: Working Directory: /home/runner/work/20231788./20231788./build
2026-09-06T18:12:46.6405336Z 31: Test timeout computed to be: 10000000
2026-09-06T18:12:46.6484555Z 31: Relin2 case passed: key_bv_nonzero_digit_entry_basis
2026-09-06T18:12:46.6487864Z 31/60 Test #31: relin2_key_bv_nonzero_digit_entry_basis .........   Passed    0.01 sec
2026-09-06T18:12:46.6489612Z test 32
2026-09-06T18:12:46.6489891Z       Start 32: relin2_key_bv_zero_digit_entry_format
2026-09-06T18:12:46.6490138Z 
2026-09-06T18:12:46.6490395Z 32: Test command: /home/runner/work/20231788./20231788./build/relin2_test "key_bv_zero_digit_entry_format"
2026-09-06T18:12:46.6490913Z 32: Working Directory: /home/runner/work/20231788./20231788./build
2026-09-06T18:12:46.6491356Z 32: Test timeout computed to be: 10000000
2026-09-06T18:12:46.6526229Z 32: Relin2 case passed: key_bv_zero_digit_entry_format
2026-09-06T18:12:46.6529437Z 32/60 Test #32: relin2_key_bv_zero_digit_entry_format ...........   Passed    0.00 sec
2026-09-06T18:12:46.6530935Z test 33
2026-09-06T18:12:46.6531750Z       Start 33: relin2_key_bv_nonzero_digit_entry_format
2026-09-06T18:12:46.6532095Z 
2026-09-06T18:12:46.6532475Z 33: Test command: /home/runner/work/20231788./20231788./build/relin2_test "key_bv_nonzero_digit_entry_format"
2026-09-06T18:12:46.6532928Z 33: Working Directory: /home/runner/work/20231788./20231788./build
2026-09-06T18:12:46.6533209Z 33: Test timeout computed to be: 10000000
2026-09-06T18:12:46.6573335Z 33: Relin2 case passed: key_bv_nonzero_digit_entry_format
2026-09-06T18:12:46.6576198Z 33/60 Test #33: relin2_key_bv_nonzero_digit_entry_format ........   Passed    0.00 sec
2026-09-06T18:12:46.6577683Z test 34
2026-09-06T18:12:46.6578007Z       Start 34: relin2_valid_arithmetic_state_immutability
2026-09-06T18:12:46.6578203Z 
2026-09-06T18:12:46.6578451Z 34: Test command: /home/runner/work/20231788./20231788./build/relin2_test "valid_arithmetic_state_immutability"
2026-09-06T18:12:46.6579160Z 34: Working Directory: /home/runner/work/20231788./20231788./build
2026-09-06T18:12:46.6579628Z 34: Test timeout computed to be: 10000000
2026-09-06T18:12:46.6722110Z 34: Relin2 case passed: valid_arithmetic_state_immutability
2026-09-06T18:12:46.6725273Z 34/60 Test #34: relin2_valid_arithmetic_state_immutability ......   Passed    0.01 sec
2026-09-06T18:12:46.6726979Z test 35
2026-09-06T18:12:46.6727436Z       Start 35: relin2_controlled_witnesses_and_boundaries
2026-09-06T18:12:46.6727744Z 
2026-09-06T18:12:46.6728180Z 35: Test command: /home/runner/work/20231788./20231788./build/relin2_test "controlled_witnesses_and_boundaries"
2026-09-06T18:12:46.6729187Z 35: Working Directory: /home/runner/work/20231788./20231788./build
2026-09-06T18:12:46.6729484Z 35: Test timeout computed to be: 10000000
2026-09-06T18:12:46.6773080Z 35: Relin2 case passed: controlled_witnesses_and_boundaries
2026-09-06T18:12:46.6776609Z 35/60 Test #35: relin2_controlled_witnesses_and_boundaries ......   Passed    0.00 sec
2026-09-06T18:12:46.6777704Z test 36
2026-09-06T18:12:46.6777999Z       Start 36: relin2_representative_public_input
2026-09-06T18:12:46.6778268Z 
2026-09-06T18:12:46.6778763Z 36: Test command: /home/runner/work/20231788./20231788./build/relin2_test "representative_public_input"
2026-09-06T18:12:46.6779720Z 36: Working Directory: /home/runner/work/20231788./20231788./build
2026-09-06T18:12:46.6780158Z 36: Test timeout computed to be: 10000000
2026-09-06T18:12:46.7174648Z 36: Relin2 case passed: representative_public_input
2026-09-06T18:12:46.7178238Z 36/60 Test #36: relin2_representative_public_input ..............   Passed    0.04 sec
2026-09-06T18:12:46.7179924Z test 37
2026-09-06T18:12:46.7180181Z       Start 37: relin2_key_extra_later_valid
2026-09-06T18:12:46.7180426Z 
2026-09-06T18:12:46.7180749Z 37: Test command: /home/runner/work/20231788./20231788./build/relin2_test "key_extra_later_valid"
2026-09-06T18:12:46.7181462Z 37: Working Directory: /home/runner/work/20231788./20231788./build
2026-09-06T18:12:46.7181893Z 37: Test timeout computed to be: 10000000
2026-09-06T18:12:46.7563821Z 37: Relin2 case passed: key_extra_later_valid
2026-09-06T18:12:46.7567274Z 37/60 Test #37: relin2_key_extra_later_valid ....................   Passed    0.04 sec
2026-09-06T18:12:46.7569268Z test 38
2026-09-06T18:12:46.7569560Z       Start 38: relin2_key_malformed_later_ignored
2026-09-06T18:12:46.7569769Z 
2026-09-06T18:12:46.7569996Z 38: Test command: /home/runner/work/20231788./20231788./build/relin2_test "key_malformed_later_ignored"
2026-09-06T18:12:46.7570403Z 38: Working Directory: /home/runner/work/20231788./20231788./build
2026-09-06T18:12:46.7570772Z 38: Test timeout computed to be: 10000000
2026-09-06T18:12:46.7632962Z 38: Relin2 case passed: key_malformed_later_ignored
2026-09-06T18:12:46.7636046Z 38/60 Test #38: relin2_key_malformed_later_ignored ..............   Passed    0.01 sec
2026-09-06T18:12:46.7637582Z test 39
2026-09-06T18:12:46.7637858Z       Start 39: relin2_hybrid_valid_shapes
2026-09-06T18:12:46.7638043Z 
2026-09-06T18:12:46.7638264Z 39: Test command: /home/runner/work/20231788./20231788./build/relin2_test "hybrid_valid_shapes"
2026-09-06T18:12:46.7638909Z 39: Working Directory: /home/runner/work/20231788./20231788./build
2026-09-06T18:12:46.7639393Z 39: Test timeout computed to be: 10000000
2026-09-06T18:12:46.7723438Z 39: Relin2 case passed: hybrid_valid_shapes
2026-09-06T18:12:46.7726919Z 39/60 Test #39: relin2_hybrid_valid_shapes ......................   Passed    0.01 sec
2026-09-06T18:12:46.7728190Z test 40
2026-09-06T18:12:46.7728454Z       Start 40: relin2_bv_zero_digit_valid_shapes
2026-09-06T18:12:46.7728831Z 
2026-09-06T18:12:46.7729183Z 40: Test command: /home/runner/work/20231788./20231788./build/relin2_test "bv_zero_digit_valid_shapes"
2026-09-06T18:12:46.7729884Z 40: Working Directory: /home/runner/work/20231788./20231788./build
2026-09-06T18:12:46.7730341Z 40: Test timeout computed to be: 10000000
2026-09-06T18:12:46.7775918Z 40: Relin2 case passed: bv_zero_digit_valid_shapes
2026-09-06T18:12:46.7779222Z 40/60 Test #40: relin2_bv_zero_digit_valid_shapes ...............   Passed    0.00 sec
2026-09-06T18:12:46.7780890Z test 41
2026-09-06T18:12:46.7781196Z       Start 41: relin2_bv_nonzero_digit_valid_shapes
2026-09-06T18:12:46.7781468Z 
2026-09-06T18:12:46.7781841Z 41: Test command: /home/runner/work/20231788./20231788./build/relin2_test "bv_nonzero_digit_valid_shapes"
2026-09-06T18:12:46.7782540Z 41: Working Directory: /home/runner/work/20231788./20231788./build
2026-09-06T18:12:46.7782819Z 41: Test timeout computed to be: 10000000
2026-09-06T18:12:46.7835675Z 41: Relin2 case passed: bv_nonzero_digit_valid_shapes
2026-09-06T18:12:46.7839277Z 41/60 Test #41: relin2_bv_nonzero_digit_valid_shapes ............   Passed    0.01 sec
2026-09-06T18:12:46.7840679Z test 42
2026-09-06T18:12:46.7840968Z       Start 42: relin2_first_recombined_rcb_validation
2026-09-06T18:12:46.7841236Z 
2026-09-06T18:12:46.7841610Z 42: Test command: /home/runner/work/20231788./20231788./build/relin2_test "first_recombined_rcb_validation"
2026-09-06T18:12:46.7842409Z 42: Working Directory: /home/runner/work/20231788./20231788./build
2026-09-06T18:12:46.7842700Z 42: Test timeout computed to be: 10000000
2026-09-06T18:12:46.7876653Z 42: Relin2 case passed: first_recombined_rcb_validation
2026-09-06T18:12:46.7880296Z 42/60 Test #42: relin2_first_recombined_rcb_validation ..........   Passed    0.00 sec
2026-09-06T18:12:46.7881550Z test 43
2026-09-06T18:12:46.7881842Z       Start 43: relin2_first_recombined_tensor2_validation
2026-09-06T18:12:46.7882124Z 
2026-09-06T18:12:46.7882540Z 43: Test command: /home/runner/work/20231788./20231788./build/relin2_test "first_recombined_tensor2_validation"
2026-09-06T18:12:46.7883278Z 43: Working Directory: /home/runner/work/20231788./20231788./build
2026-09-06T18:12:46.7883711Z 43: Test timeout computed to be: 10000000
2026-09-06T18:12:46.7917225Z 43: Relin2 case passed: first_recombined_tensor2_validation
2026-09-06T18:12:46.7920510Z 43/60 Test #43: relin2_first_recombined_tensor2_validation ......   Passed    0.00 sec
2026-09-06T18:12:46.7921903Z test 44
2026-09-06T18:12:46.7922381Z       Start 44: relin2_tensor2_requires_first_lifecycle
2026-09-06T18:12:46.7922659Z 
2026-09-06T18:12:46.7923042Z 44: Test command: /home/runner/work/20231788./20231788./build/relin2_test "tensor2_requires_first_lifecycle"
2026-09-06T18:12:46.7923758Z 44: Working Directory: /home/runner/work/20231788./20231788./build
2026-09-06T18:12:46.7924047Z 44: Test timeout computed to be: 10000000
2026-09-06T18:12:46.8045243Z 44: Relin2 case passed: tensor2_requires_first_lifecycle
2026-09-06T18:12:46.8048808Z 44/60 Test #44: relin2_tensor2_requires_first_lifecycle .........   Passed    0.01 sec
2026-09-06T18:12:46.8050424Z test 45
2026-09-06T18:12:46.8050806Z       Start 45: rs2_wrong_lifecycle
2026-09-06T18:12:46.8051046Z 
2026-09-06T18:12:46.8051347Z 45: Test command: /home/runner/work/20231788./20231788./build/rs2_test "wrong_lifecycle"
2026-09-06T18:12:46.8052013Z 45: Working Directory: /home/runner/work/20231788./20231788./build
2026-09-06T18:12:46.8052296Z 45: Test timeout computed to be: 10000000
2026-09-06T18:12:46.8086550Z 45: RS2 case passed: wrong_lifecycle
2026-09-06T18:12:46.8089801Z 45/60 Test #45: rs2_wrong_lifecycle .............................   Passed    0.00 sec
2026-09-06T18:12:46.8091383Z test 46
2026-09-06T18:12:46.8091684Z       Start 46: rs2_valid_arithmetic_state_immutability
2026-09-06T18:12:46.8091955Z 
2026-09-06T18:12:46.8092342Z 46: Test command: /home/runner/work/20231788./20231788./build/rs2_test "valid_arithmetic_state_immutability"
2026-09-06T18:12:46.8093027Z 46: Working Directory: /home/runner/work/20231788./20231788./build
2026-09-06T18:12:46.8093305Z 46: Test timeout computed to be: 10000000
2026-09-06T18:12:46.8145063Z 46: RS2 case passed: valid_arithmetic_state_immutability
2026-09-06T18:12:46.8148822Z 46/60 Test #46: rs2_valid_arithmetic_state_immutability .........   Passed    0.01 sec
2026-09-06T18:12:46.8150462Z test 47
2026-09-06T18:12:46.8150722Z       Start 47: rs2_mixed_tower_format
2026-09-06T18:12:46.8150946Z 
2026-09-06T18:12:46.8151264Z 47: Test command: /home/runner/work/20231788./20231788./build/rs2_test "mixed_tower_format"
2026-09-06T18:12:46.8151964Z 47: Working Directory: /home/runner/work/20231788./20231788./build
2026-09-06T18:12:46.8152257Z 47: Test timeout computed to be: 10000000
2026-09-06T18:12:46.8211720Z 47: RS2 case passed: mixed_tower_format
2026-09-06T18:12:46.8215364Z 47/60 Test #47: rs2_mixed_tower_format ..........................   Passed    0.01 sec
2026-09-06T18:12:46.8216553Z test 48
2026-09-06T18:12:46.8216820Z       Start 48: rs2_untouched_public_pipeline
2026-09-06T18:12:46.8217063Z 
2026-09-06T18:12:46.8217402Z 48: Test command: /home/runner/work/20231788./20231788./build/rs2_test "untouched_public_pipeline"
2026-09-06T18:12:46.8217923Z 48: Working Directory: /home/runner/work/20231788./20231788./build
2026-09-06T18:12:46.8218200Z 48: Test timeout computed to be: 10000000
2026-09-06T18:12:46.8373126Z 48: RS2 case passed: untouched_public_pipeline
2026-09-06T18:12:46.8376803Z 48/60 Test #48: rs2_untouched_public_pipeline ...................   Passed    0.02 sec
2026-09-06T18:12:46.8378152Z test 49
2026-09-06T18:12:46.8378415Z       Start 49: rs2_declared_basis_mismatch
2026-09-06T18:12:46.8378801Z 
2026-09-06T18:12:46.8379330Z 49: Test command: /home/runner/work/20231788./20231788./build/rs2_test "declared_basis_mismatch"
2026-09-06T18:12:46.8380049Z 49: Working Directory: /home/runner/work/20231788./20231788./build
2026-09-06T18:12:46.8380483Z 49: Test timeout computed to be: 10000000
2026-09-06T18:12:46.8427444Z 49: RS2 case passed: declared_basis_mismatch
2026-09-06T18:12:46.8430638Z 49/60 Test #49: rs2_declared_basis_mismatch .....................   Passed    0.01 sec
2026-09-06T18:12:46.8432211Z test 50
2026-09-06T18:12:46.8432474Z       Start 50: rs2_terminal_rejections
2026-09-06T18:12:46.8432701Z 
2026-09-06T18:12:46.8433023Z 50: Test command: /home/runner/work/20231788./20231788./build/rs2_test "terminal_rejections"
2026-09-06T18:12:46.8433700Z 50: Working Directory: /home/runner/work/20231788./20231788./build
2026-09-06T18:12:46.8434148Z 50: Test timeout computed to be: 10000000
2026-09-06T18:12:46.8482527Z 50: RS2 case passed: terminal_rejections
2026-09-06T18:12:46.8485588Z 50/60 Test #50: rs2_terminal_rejections .........................   Passed    0.01 sec
2026-09-06T18:12:46.8487207Z test 51
2026-09-06T18:12:46.8487463Z       Start 51: mult2_composition_contract
2026-09-06T18:12:46.8487696Z 
2026-09-06T18:12:46.8487939Z 51: Test command: /home/runner/work/20231788./20231788./build/mult2_test "composition_contract"
2026-09-06T18:12:46.8488423Z 51: Working Directory: /home/runner/work/20231788./20231788./build
2026-09-06T18:12:46.8489008Z 51: Test timeout computed to be: 10000000
2026-09-06T18:12:46.8540548Z 51: security_level=HEStd_NotSet(functional-only) ring_dimension=64 batch_size=16 scaling_mod_size=30 first_mod_size=35 multiplicative_depth=7 key_switch=HYBRID secret_key_dist=UNIFORM_TERNARY ckks_data_type=REAL active_Q_l_towers=7 q_div=1073741953 q_l=1073741441 ratio_2^(2p)/(q_div*q_l)=1.00000023655603276 frozen_decoded_abs_tolerance=0.00100000000000000002 measured_max_logical_slot_error=9.8135235986514687e-09
2026-09-06T18:12:46.8542406Z 51/60 Test #51: mult2_composition_contract ......................   Passed    0.01 sec
2026-09-06T18:12:46.8544099Z test 52
2026-09-06T18:12:46.8544334Z       Start 52: mult2_e2e_hybrid_real
2026-09-06T18:12:46.8544552Z 
2026-09-06T18:12:46.8544874Z 52: Test command: /home/runner/work/20231788./20231788./build/mult2_e2e_oracle_test "hybrid_real"
2026-09-06T18:12:46.8545476Z 52: Working Directory: /home/runner/work/20231788./20231788./build
2026-09-06T18:12:46.8545763Z 52: Test timeout computed to be: 10000000
2026-09-06T18:12:46.9286538Z 52: [RELIN2-EXECUTION] q_div=1073741953 q_l=1073741441 ordinary_combined_relin_execution_error=12 pair_relin_execution_error=20 high_path_relin_error=11 low_path_relin_error=11 execution_relin2_triangle_bound=22 paper_additivity_residual=15 paper_additivity_execution_observed=true secret_h=39 input_Q_l=52656049226897061758347970843194892279389197066160739197584863617 oracle_basis_agreement=true
2026-09-06T18:12:46.9295149Z 52: case=hybrid_real security_level=HEStd_NotSet(functional-only) key_switch=HYBRID secret_key_dist=UNIFORM_TERNARY ckks_data_type=REAL selected_ring_dimension=64 actual_N=64 batch_size=16 host_vector_length=8 encoding_noise_scale_degree=2 encoding_level=0 scaling_technique=FIXEDMANUAL digit_size=0 max_relin_sk_deg=2 scaling_mod_size=30 first_mod_size=35 multiplicative_depth=7 active_Q_l_towers=7 Q_l_bits=215 preselection_required_bits=174 selection_reserve_bits=32 q_div=1073741953 q_l=1073741441 ratio_2^(2p)/(q_div*q_l)=1.00000023655603276 descriptor_ratio=1.00000023655603276 M_high=107367067 M_low=5368709785 secret_h=39 ordinary_combined_relin_execution_error=12 pair_relin_execution_error=20 high_path_relin_error=11 low_path_relin_error=11 execution_relin2_triangle_bound=22 paper_additivity_residual=15 paper_additivity_execution_observed=true execution_certificate=PER_PATH_CONDITIONAL conservative_E_Relin_available=false universal_theorem_gate=UNPROVED execution_nonwrap_left=850593456629104751997823065786655766 execution_nonwrap_right_Q_l_over_2=26328024613448530879173985421597446139694598533080369598792431808 coefficient_error=82709956007854648541/1152921231876374273 execution_bound=3735466578033307133652/2305842463752748546 fixed_key_bv_bound_available=false frozen_decoded_abs_tolerance=0.00100000000000000002 measured_recorded_bias_error=9.25743655528079462e-09 measured_logical_slot_error=9.25743436537885933e-09
2026-09-06T18:12:46.9300165Z 52/60 Test #52: mult2_e2e_hybrid_real ...........................   Passed    0.07 sec
2026-09-06T18:12:46.9300605Z test 53
2026-09-06T18:12:46.9300772Z       Start 53: mult2_e2e_hybrid_complex
2026-09-06T18:12:46.9300917Z 
2026-09-06T18:12:46.9301130Z 53: Test command: /home/runner/work/20231788./20231788./build/mult2_e2e_oracle_test "hybrid_complex"
2026-09-06T18:12:46.9301533Z 53: Working Directory: /home/runner/work/20231788./20231788./build
2026-09-06T18:12:46.9301969Z 53: Test timeout computed to be: 10000000
2026-09-06T18:12:46.9917013Z 53: [RELIN2-EXECUTION] q_div=1073741953 q_l=1073741441 ordinary_combined_relin_execution_error=12 pair_relin_execution_error=26 high_path_relin_error=12 low_path_relin_error=14 execution_relin2_triangle_bound=26 paper_additivity_residual=20 paper_additivity_execution_observed=true secret_h=36 input_Q_l=52656049226897061758347970843194892279389197066160739197584863617 oracle_basis_agreement=true
2026-09-06T18:12:46.9924299Z 53: case=hybrid_complex security_level=HEStd_NotSet(functional-only) key_switch=HYBRID secret_key_dist=UNIFORM_TERNARY ckks_data_type=COMPLEX selected_ring_dimension=64 actual_N=64 batch_size=16 host_vector_length=8 encoding_noise_scale_degree=2 encoding_level=0 scaling_technique=FIXEDMANUAL digit_size=0 max_relin_sk_deg=2 scaling_mod_size=30 first_mod_size=35 multiplicative_depth=7 active_Q_l_towers=7 Q_l_bits=215 preselection_required_bits=174 selection_reserve_bits=32 q_div=1073741953 q_l=1073741441 ratio_2^(2p)/(q_div*q_l)=1.00000023655603276 descriptor_ratio=1.00000023655603276 M_high=88152834 M_low=6442451722 secret_h=36 ordinary_combined_relin_execution_error=12 pair_relin_execution_error=26 high_path_relin_error=12 low_path_relin_error=14 execution_relin2_triangle_bound=26 paper_additivity_residual=20 paper_additivity_execution_observed=true execution_certificate=PER_PATH_CONDITIONAL conservative_E_Relin_available=false universal_theorem_gate=UNPROVED execution_nonwrap_left=573393063727811233735554902328484890 execution_nonwrap_right_Q_l_over_2=26328024613448530879173985421597446139694598533080369598792431808 coefficient_error=92117358414099681894/1152921231876374273 execution_bound=5355321661993758386009/2305842463752748546 fixed_key_bv_bound_available=false frozen_decoded_abs_tolerance=0.00100000000000000002 measured_recorded_bias_error=1.32248414539140359e-09 measured_logical_slot_error=1.32248383230521595e-09
2026-09-06T18:12:46.9928467Z 53/60 Test #53: mult2_e2e_hybrid_complex ........................   Passed    0.06 sec
2026-09-06T18:12:46.9929266Z test 54
2026-09-06T18:12:46.9929500Z       Start 54: mult2_e2e_bv_real
2026-09-06T18:12:46.9929702Z 
2026-09-06T18:12:46.9930017Z 54: Test command: /home/runner/work/20231788./20231788./build/mult2_e2e_oracle_test "bv_real"
2026-09-06T18:12:46.9930449Z 54: Working Directory: /home/runner/work/20231788./20231788./build
2026-09-06T18:12:46.9930731Z 54: Test timeout computed to be: 10000000
2026-09-06T18:12:47.0492816Z 54: [RELIN2-EXECUTION] q_div=1073741953 q_l=1073741441 ordinary_combined_relin_execution_error=230937988876 pair_relin_execution_error=385128734107 high_path_relin_error=200781989245 low_path_relin_error=209056961273 execution_relin2_triangle_bound=409838950518 paper_additivity_residual=476741323914 paper_additivity_execution_observed=false secret_h=40 input_Q_l=52656049226897061758347970843194892279389197066160739197584863617 oracle_basis_agreement=true
2026-09-06T18:12:47.0500834Z 54: case=bv_real security_level=HEStd_NotSet(functional-only) key_switch=BV secret_key_dist=UNIFORM_TERNARY ckks_data_type=REAL selected_ring_dimension=64 actual_N=64 batch_size=16 host_vector_length=8 encoding_noise_scale_degree=2 encoding_level=0 scaling_technique=FIXEDMANUAL digit_size=0 max_relin_sk_deg=2 scaling_mod_size=30 first_mod_size=35 multiplicative_depth=7 active_Q_l_towers=7 Q_l_bits=215 preselection_required_bits=174 selection_reserve_bits=32 q_div=1073741953 q_l=1073741441 ratio_2^(2p)/(q_div*q_l)=1.00000023655603276 descriptor_ratio=1.00000023655603276 M_high=107367067 M_low=5368709785 secret_h=40 ordinary_combined_relin_execution_error=230937988876 pair_relin_execution_error=385128734107 high_path_relin_error=200781989245 low_path_relin_error=209056961273 execution_relin2_triangle_bound=409838950518 paper_additivity_residual=476741323914 paper_additivity_execution_observed=false execution_certificate=PER_PATH_CONDITIONAL conservative_E_Relin_available=false universal_theorem_gate=UNPROVED execution_nonwrap_left=850593456629104751997823475625606262 execution_nonwrap_right_Q_l_over_2=26328024613448530879173985421597446139694598533080369598792431808 coefficient_error=458487569463544697667/1152921231876374273 execution_bound=4616742049507274225301/2305842463752748546 fixed_key_bv_bound_available=true fixed_key_bv_bound_status=CANDIDATE_FIXED_KEY_CIPHERTEXT_UNIFORM_CONDITIONAL_ON_CENTERED_DIGIT_LIFT fixed_key_bv_noise_scale=1 fixed_key_bv_active_rows=7 fixed_key_bv_raised_high_q_div_digit=ZERO fixed_key_bv_row_residual_norms=2,2,2,2,3,2,2 fixed_key_bv_per_path_raw_bound=2645699547136 fixed_key_bv_pair_raw_bound=5291399094272 fixed_key_bv_integer_lift_nonwrap=true fixed_key_bv_conservative_nonwrap_left=850593456629104751997828357185750016 fixed_key_bv_conservative_bound=15099813894390035648425/2305842463752748546 fixed_key_bv_final_integer_lift=1701186913258224603809540521608959913<56539009134152591222370164266759140395695978104921302317938424343356224001 fixed_key_bv_unconditional_gaussian_key_bound=false fixed_key_bv_universal_theorem_gate=UNPROVED centered_digit_boundary_probe=PASSED frozen_decoded_abs_tolerance=0.00100000000000000002 measured_recorded_bias_error=7.05057206368264744e-09 measured_logical_slot_error=7.0505703983481105e-09
2026-09-06T18:12:47.0509044Z 54/60 Test #54: mult2_e2e_bv_real ...............................   Passed    0.06 sec
2026-09-06T18:12:47.0509531Z test 55
2026-09-06T18:12:47.0509756Z       Start 55: mult2_e2e_bv_complex
2026-09-06T18:12:47.0509963Z 
2026-09-06T18:12:47.0510281Z 55: Test command: /home/runner/work/20231788./20231788./build/mult2_e2e_oracle_test "bv_complex"
2026-09-06T18:12:47.0510864Z 55: Working Directory: /home/runner/work/20231788./20231788./build
2026-09-06T18:12:47.0511217Z 55: Test timeout computed to be: 10000000
2026-09-06T18:12:47.1104521Z 55: [RELIN2-EXECUTION] q_div=1073741953 q_l=1073741441 ordinary_combined_relin_execution_error=195881034340 pair_relin_execution_error=423448802834 high_path_relin_error=232713549615 low_path_relin_error=210597920576 execution_relin2_triangle_bound=443311470191 paper_additivity_residual=530428423837 paper_additivity_execution_observed=false secret_h=43 input_Q_l=52656049226897061758347970843194892279389197066160739197584863617 oracle_basis_agreement=true
2026-09-06T18:12:47.1116874Z 55: case=bv_complex security_level=HEStd_NotSet(functional-only) key_switch=BV secret_key_dist=UNIFORM_TERNARY ckks_data_type=COMPLEX selected_ring_dimension=64 actual_N=64 batch_size=16 host_vector_length=8 encoding_noise_scale_degree=2 encoding_level=0 scaling_technique=FIXEDMANUAL digit_size=0 max_relin_sk_deg=2 scaling_mod_size=30 first_mod_size=35 multiplicative_depth=7 active_Q_l_towers=7 Q_l_bits=215 preselection_required_bits=174 selection_reserve_bits=32 q_div=1073741953 q_l=1073741441 ratio_2^(2p)/(q_div*q_l)=1.00000023655603276 descriptor_ratio=1.00000023655603276 M_high=88152831 M_low=6239121613 secret_h=43 ordinary_combined_relin_execution_error=195881034340 pair_relin_execution_error=423448802834 high_path_relin_error=232713549615 low_path_relin_error=210597920576 execution_relin2_triangle_bound=443311470191 paper_additivity_residual=530428423837 paper_additivity_execution_observed=false execution_certificate=PER_PATH_CONDITIONAL conservative_E_Relin_available=false universal_theorem_gate=UNPROVED execution_nonwrap_left=573393022237140021308984571873974895 execution_nonwrap_right_Q_l_over_2=26328024613448530879173985421597446139694598533080369598792431808 coefficient_error=484526094220583037747/1152921231876374273 execution_bound=5985342510013808100490/2305842463752748546 fixed_key_bv_bound_available=true fixed_key_bv_bound_status=CANDIDATE_FIXED_KEY_CIPHERTEXT_UNIFORM_CONDITIONAL_ON_CENTERED_DIGIT_LIFT fixed_key_bv_noise_scale=1 fixed_key_bv_active_rows=7 fixed_key_bv_raised_high_q_div_digit=ZERO fixed_key_bv_row_residual_norms=2,3,3,2,2,2,2 fixed_key_bv_per_path_raw_bound=2680059334656 fixed_key_bv_pair_raw_bound=5360118669312 fixed_key_bv_integer_lift_nonwrap=true fixed_key_bv_conservative_nonwrap_left=573393022237140021308989488681174016 fixed_key_bv_conservative_bound=16544106839031092947116/2305842463752748546 fixed_key_bv_final_integer_lift=1146786044474296586724807288217956524<56539009134152591222370164266759140395695978104921302317938424343356224001 fixed_key_bv_unconditional_gaussian_key_bound=false fixed_key_bv_universal_theorem_gate=UNPROVED centered_digit_boundary_probe=PASSED frozen_decoded_abs_tolerance=0.00100000000000000002 measured_recorded_bias_error=1.32248413408224092e-09 measured_logical_slot_error=1.32248382099594761e-09
2026-09-06T18:12:47.1125236Z 55/60 Test #55: mult2_e2e_bv_complex ............................   Passed    0.06 sec
2026-09-06T18:12:47.1125544Z test 56
2026-09-06T18:12:47.1125728Z       Start 56: mult2_pair_add_input_hybrid_complex
2026-09-06T18:12:47.1125898Z 
2026-09-06T18:12:47.1126168Z 56: Test command: /home/runner/work/20231788./20231788./build/mult2_e2e_oracle_test "pair_add_input_hybrid_complex"
2026-09-06T18:12:47.1126639Z 56: Working Directory: /home/runner/work/20231788./20231788./build
2026-09-06T18:12:47.1126920Z 56: Test timeout computed to be: 10000000
2026-09-06T18:12:47.2017768Z 56: [RELIN2-EXECUTION] q_div=1073741953 q_l=1073741441 ordinary_combined_relin_execution_error=17 pair_relin_execution_error=37 high_path_relin_error=22 low_path_relin_error=17 execution_relin2_triangle_bound=39 paper_additivity_residual=21 paper_additivity_execution_observed=true secret_h=42 input_Q_l=52656049226897061758347970843194892279389197066160739197584863617 oracle_basis_agreement=true
2026-09-06T18:12:47.2024701Z 56: case=pair_add_input_hybrid_complex security_level=HEStd_NotSet(functional-only) key_switch=HYBRID secret_key_dist=UNIFORM_TERNARY ckks_data_type=COMPLEX selected_ring_dimension=64 actual_N=64 batch_size=16 host_vector_length=8 encoding_noise_scale_degree=2 encoding_level=0 scaling_technique=FIXEDMANUAL digit_size=0 max_relin_sk_deg=2 scaling_mod_size=30 first_mod_size=35 multiplicative_depth=7 active_Q_l_towers=7 Q_l_bits=215 preselection_required_bits=174 selection_reserve_bits=32 q_div=1073741953 q_l=1073741441 ratio_2^(2p)/(q_div*q_l)=1.00000023655603276 descriptor_ratio=1.00000023655603276 M_high=89261194 M_low=8781229593 secret_h=42 ordinary_combined_relin_execution_error=17 pair_relin_execution_error=37 high_path_relin_error=22 low_path_relin_error=17 execution_relin2_triangle_bound=39 paper_additivity_residual=21 paper_additivity_execution_observed=true execution_certificate=PER_PATH_CONDITIONAL conservative_E_Relin_available=false universal_theorem_gate=UNPROVED execution_nonwrap_left=587902465495341953390271616459240039 execution_nonwrap_right_Q_l_over_2=26328024613448530879173985421597446139694598533080369598792431808 coefficient_error=192365607677834661031/1152921231876374273 execution_bound=9919654738171741009145/2305842463752748546 fixed_key_bv_bound_available=false frozen_decoded_abs_tolerance=0.00100000000000000002 measured_recorded_bias_error=6.60322033123429957e-10 measured_logical_slot_error=6.60321876920309748e-10
2026-09-06T18:12:47.2029520Z 56/60 Test #56: mult2_pair_add_input_hybrid_complex .............   Passed    0.09 sec
2026-09-06T18:12:47.2029834Z test 57
2026-09-06T18:12:47.2030027Z       Start 57: mult2_pair_sub_input_hybrid_complex
2026-09-06T18:12:47.2030193Z 
2026-09-06T18:12:47.2030456Z 57: Test command: /home/runner/work/20231788./20231788./build/mult2_e2e_oracle_test "pair_sub_input_hybrid_complex"
2026-09-06T18:12:47.2031172Z 57: Working Directory: /home/runner/work/20231788./20231788./build
2026-09-06T18:12:47.2031449Z 57: Test timeout computed to be: 10000000
2026-09-06T18:12:47.3109411Z 57: [RELIN2-EXECUTION] q_div=1073741953 q_l=1073741441 ordinary_combined_relin_execution_error=14 pair_relin_execution_error=22 high_path_relin_error=11 low_path_relin_error=12 execution_relin2_triangle_bound=23 paper_additivity_residual=18 paper_additivity_execution_observed=true secret_h=44 input_Q_l=52656049226897061758347970843194892279389197066160739197584863617 oracle_basis_agreement=true
2026-09-06T18:12:47.3115413Z 57: case=pair_sub_input_hybrid_complex security_level=HEStd_NotSet(functional-only) key_switch=HYBRID secret_key_dist=UNIFORM_TERNARY ckks_data_type=COMPLEX selected_ring_dimension=64 actual_N=64 batch_size=16 host_vector_length=8 encoding_noise_scale_degree=2 encoding_level=0 scaling_technique=FIXEDMANUAL digit_size=0 max_relin_sk_deg=2 scaling_mod_size=30 first_mod_size=35 multiplicative_depth=7 active_Q_l_towers=7 Q_l_bits=215 preselection_required_bits=174 selection_reserve_bits=32 q_div=1073741953 q_l=1073741441 ratio_2^(2p)/(q_div*q_l)=1.00000023655603276 descriptor_ratio=1.00000023655603276 M_high=89261192 M_low=6442451748 secret_h=44 ordinary_combined_relin_execution_error=14 pair_relin_execution_error=22 high_path_relin_error=11 low_path_relin_error=12 execution_relin2_triangle_bound=23 paper_additivity_residual=18 paper_additivity_execution_observed=true execution_certificate=PER_PATH_CONDITIONAL conservative_E_Relin_available=false universal_theorem_gate=UNPROVED execution_nonwrap_left=587902410458029045248447760818955287 execution_nonwrap_right_Q_l_over_2=26328024613448530879173985421597446139694598533080369598792431808 coefficient_error=84244287322672041209/1152921231876374273 execution_bound=5364545074723285676635/2305842463752748546 fixed_key_bv_bound_available=false frozen_decoded_abs_tolerance=0.00100000000000000002 measured_recorded_bias_error=8.52648908828304092e-10 measured_logical_slot_error=8.52648705784469832e-10
2026-09-06T18:12:47.3119570Z 57/60 Test #57: mult2_pair_sub_input_hybrid_complex .............   Passed    0.11 sec
2026-09-06T18:12:47.3119897Z test 58
2026-09-06T18:12:47.3120087Z       Start 58: precision_client_io_first_mult2_contract
2026-09-06T18:12:47.3120258Z 
2026-09-06T18:12:47.3120499Z 58: Test command: /home/runner/work/20231788./20231788./build/precision_client_io_first_mult2_contract_test
2026-09-06T18:12:47.3120930Z 58: Working Directory: /home/runner/work/20231788./20231788./build
2026-09-06T18:12:47.3121204Z 58: Test timeout computed to be: 10000000
2026-09-06T18:12:47.4386006Z 58: test=precision_client_io_first_mult2_contract result=PASS source=70c37679f4760c6dc2bebc35bdfd741c238f315b openfhe_pin=df495ba2e91739a6dc8f1de254fc5a41155ce504 claim_scope=low-N-first-operation-production-io-diagnostic N=64 S=16 gap=2 native=64 backend=4 depth=7 scaling_bits=50 first_bits=55 key_switch=HYBRID scaling=FIXEDMANUAL data=COMPLEX execution=EXEC_EVALUATION decrypt_noise=FIXED_NOISE_DECRYPT encryption=STANDARD multiplication=HPS PRE=NOT_SET noise_scale=1 secret=UNIFORM_TERNARY security=HEStd_NotSet fresh_keypairs=1 eval_keygen_calls=1 q_div=1125899906843009 q_l=1125899906840833 exact_scale_numerator=1606938044258990275541962092341162602522202993782792835301376 exact_scale_denominator=1267650600226646386227681786497 max_fresh_public_error=2.926533235510102101187397202191445952948949e-28 max_fresh_oracle_error=2.926533235510102101187397202191445952948949e-28 max_product_public_error=2.84079564911641977501747206139252172881527526e-28 max_product_oracle_error=2.84079564911641977501747206139252172881527526e-28 input_public_delta_error=4.40333727712443302643651730643339074415850415e-28 input_oracle_delta_error=4.40333727712443302643651730643339074415850415e-28 product_public_delta_error=3.27881675191700005468147341254760908843542215e-28 product_oracle_delta_error=3.27881675191700005468147341254760908843542215e-28 max_horner_component_disagreement=1.03250602550335933464e-107 cross_precision_error=1.25228787555953788123034471878306741341145582e-165 centered_headroom=32592575621437030210620824512759899172413712944662430971418726595098153787900901747269577021 malformed_key_rejections=32
2026-09-06T18:12:47.4393809Z 58: first_modulus_boundary_fixture ready=1 actual_first_bits=56 Q_towers=8 N=64 M=128 fixture_new_keypairs=0
2026-09-06T18:12:47.4415372Z 58: first_modulus_boundary_rejection passed
2026-09-06T18:12:47.4429317Z 58: clone_isolation_contract passed fresh_and_result=1 coefficients=1 scalars=1 present_empty_maps=1
2026-09-06T18:12:47.4449059Z 58: shared_params_fixture allocation_plan additional_matching_keypairs=1 additional_eval_keygen_calls=1 actual_first_bits=55 isolated_context_and_bases=1
2026-09-06T18:12:47.4719764Z 58: shared_params_fixture ready=1 valid_clone_bind_decrypt=1 actual_first_bits=55 Q_towers=8 fixture_new_keypairs=1 fixture_eval_keygen_calls=1 crypto_complete_before_drift=1
2026-09-06T18:12:47.4749103Z 58: shared_params_mutation ready=1 Q_towers_before=8 Q_towers_after=7 immutable_receipt_towers=8 next_boundary=CloneForEvaluation
2026-09-06T18:12:47.4749943Z 58: shared_params_boundary_rejection passed boundary=CloneForEvaluation
2026-09-06T18:12:47.4752586Z 58: shared_params_boundary_rejection passed boundary=BindFirstMult2Rcb
2026-09-06T18:12:47.4765200Z 58: shared_params_boundary_rejection passed boundary=Decrypt
2026-09-06T18:12:47.4775133Z 58: shared_params_drift_contract passed boundaries=3 owned_eval_tag_cleanup=1
2026-09-06T18:12:47.4783633Z 58/60 Test #58: precision_client_io_first_mult2_contract ........   Passed    0.17 sec
2026-09-06T18:12:47.4785739Z test 59
2026-09-06T18:12:47.4786525Z       Start 59: repeated_mult2_semantic_two_square_contract
2026-09-06T18:12:47.4786822Z 
2026-09-06T18:12:47.4787186Z 59: Test command: /home/runner/work/20231788./20231788./build/repeated_mult2_semantic_two_square_test
2026-09-06T18:12:47.4787909Z 59: Working Directory: /home/runner/work/20231788./20231788./build
2026-09-06T18:12:47.4788203Z 59: Test timeout computed to be: 10000000
2026-09-06T18:12:47.6562595Z 59: {"test":"repeated_mult2_semantic_two_square_contract","scope":"low-N-two-operation-diagnostic","trial":0,"stage":1,"N":64,"batch":16,"depth":9,"scaling_bits":50,"first_bits":55,"input_scale_bits":100,"scaling":"FIXEDMANUAL","key_switch":"HYBRID","data_type":"COMPLEX","secret_distribution":"UNIFORM_TERNARY","security":"HEStd_NotSet","evaluation_family":0,"result_family":1,"tag":"f1c59449e13c7066a8690b021fe6f109-mult2-family-1","d":"1125899906843009","m":"1125899906840833","m1":"1125899906840833","m2":"1125899906844161","scale_numerator":"1606938044258990275541962092341162602522202993782792835301376","scale_denominator":"1267650600226646386227681786497","max_slot_error":"6.9380396316206822552287175434964149532250521503335e-28","delta_error":"8.0253686145232489044753044507663827385248950683991e-28","observed_product_headroom_bits":258}
2026-09-06T18:12:47.6582026Z 59: {"test":"repeated_mult2_semantic_two_square_contract","scope":"low-N-two-operation-diagnostic","trial":0,"stage":2,"N":64,"batch":16,"depth":9,"scaling_bits":50,"first_bits":55,"input_scale_bits":100,"scaling":"FIXEDMANUAL","key_switch":"HYBRID","data_type":"COMPLEX","secret_distribution":"UNIFORM_TERNARY","security":"HEStd_NotSet","evaluation_family":1,"result_family":1,"tag":"f1c59449e13c7066a8690b021fe6f109-mult2-family-1","d":"1125899906843009","m":"1125899906844161","m1":"1125899906840833","m2":"1125899906844161","scale_numerator":"2582249878086908589655919172003011874329705792829223512830659356540647622016841194629645353280137831435903171972747493376","scale_denominator":"2037035976332875852527482486577051056657800595085080553399799398642248571644790159515303041","max_slot_error":"1.7899138265983487619071513511825978631175335323671e-27","delta_error":"1.9902013901714765143107180177929015384712514605864e-27","observed_product_headroom_bits":211}
2026-09-06T18:12:47.8252432Z 59: {"test":"repeated_mult2_semantic_two_square_contract","scope":"low-N-two-operation-diagnostic","trial":1,"stage":1,"N":64,"batch":16,"depth":9,"scaling_bits":50,"first_bits":55,"input_scale_bits":100,"scaling":"FIXEDMANUAL","key_switch":"HYBRID","data_type":"COMPLEX","secret_distribution":"UNIFORM_TERNARY","security":"HEStd_NotSet","evaluation_family":0,"result_family":1,"tag":"11f9cfb8efdda83e31fbbec43b89b9aa-mult2-family-1","d":"1125899906843009","m":"1125899906840833","m1":"1125899906840833","m2":"1125899906844161","scale_numerator":"1606938044258990275541962092341162602522202993782792835301376","scale_denominator":"1267650600226646386227681786497","max_slot_error":"1.0589635892846304400311723020701545127471566605955e-27","delta_error":"7.8150259609511768632182899231882149054917801055139e-29","observed_product_headroom_bits":258}
2026-09-06T18:12:47.8272573Z 59: {"test":"repeated_mult2_semantic_two_square_contract","scope":"low-N-two-operation-diagnostic","trial":1,"stage":2,"N":64,"batch":16,"depth":9,"scaling_bits":50,"first_bits":55,"input_scale_bits":100,"scaling":"FIXEDMANUAL","key_switch":"HYBRID","data_type":"COMPLEX","secret_distribution":"UNIFORM_TERNARY","security":"HEStd_NotSet","evaluation_family":1,"result_family":1,"tag":"11f9cfb8efdda83e31fbbec43b89b9aa-mult2-family-1","d":"1125899906843009","m":"1125899906844161","m1":"1125899906840833","m2":"1125899906844161","scale_numerator":"2582249878086908589655919172003011874329705792829223512830659356540647622016841194629645353280137831435903171972747493376","scale_denominator":"2037035976332875852527482486577051056657800595085080553399799398642248571644790159515303041","max_slot_error":"5.4582593095919623171202705998757554024509677506346e-28","delta_error":"2.3104432940563858821064462065940145419282240586214e-28","observed_product_headroom_bits":211}
2026-09-06T18:12:47.9932327Z 59: {"test":"repeated_mult2_semantic_two_square_contract","scope":"low-N-two-operation-diagnostic","trial":2,"stage":1,"N":64,"batch":16,"depth":9,"scaling_bits":50,"first_bits":55,"input_scale_bits":100,"scaling":"FIXEDMANUAL","key_switch":"HYBRID","data_type":"COMPLEX","secret_distribution":"UNIFORM_TERNARY","security":"HEStd_NotSet","evaluation_family":0,"result_family":1,"tag":"6974b1fb557450cedbc27be1964cce89-mult2-family-1","d":"1125899906843009","m":"1125899906840833","m1":"1125899906840833","m2":"1125899906844161","scale_numerator":"1606938044258990275541962092341162602522202993782792835301376","scale_denominator":"1267650600226646386227681786497","max_slot_error":"5.6319605712255076530750458825177021398518486582529e-28","delta_error":"6.7904983831808192016979637637713123805843407398768e-28","observed_product_headroom_bits":258}
2026-09-06T18:12:47.9955730Z 59: {"test":"repeated_mult2_semantic_two_square_contract","scope":"low-N-two-operation-diagnostic","trial":2,"stage":2,"N":64,"batch":16,"depth":9,"scaling_bits":50,"first_bits":55,"input_scale_bits":100,"scaling":"FIXEDMANUAL","key_switch":"HYBRID","data_type":"COMPLEX","secret_distribution":"UNIFORM_TERNARY","security":"HEStd_NotSet","evaluation_family":1,"result_family":1,"tag":"6974b1fb557450cedbc27be1964cce89-mult2-family-1","d":"1125899906843009","m":"1125899906844161","m1":"1125899906840833","m2":"1125899906844161","scale_numerator":"2582249878086908589655919172003011874329705792829223512830659356540647622016841194629645353280137831435903171972747493376","scale_denominator":"2037035976332875852527482486577051056657800595085080553399799398642248571644790159515303041","max_slot_error":"1.5770447236059881495696938357169381556850913675862e-27","delta_error":"3.7908204240199671403298100486163948783713552964876e-28","observed_product_headroom_bits":211}
2026-09-06T18:12:48.1612625Z 59: {"test":"repeated_mult2_semantic_two_square_contract","scope":"low-N-two-operation-diagnostic","trial":3,"stage":1,"N":64,"batch":16,"depth":9,"scaling_bits":50,"first_bits":55,"input_scale_bits":100,"scaling":"FIXEDMANUAL","key_switch":"HYBRID","data_type":"COMPLEX","secret_distribution":"UNIFORM_TERNARY","security":"HEStd_NotSet","evaluation_family":0,"result_family":1,"tag":"69f369cef46f6155dbc2b2a246e4a5bf-mult2-family-1","d":"1125899906843009","m":"1125899906840833","m1":"1125899906840833","m2":"1125899906844161","scale_numerator":"1606938044258990275541962092341162602522202993782792835301376","scale_denominator":"1267650600226646386227681786497","max_slot_error":"5.6596080967804997001617098485091330817027819731727e-28","delta_error":"6.8692120484093138076464526894859658201092345076578e-28","observed_product_headroom_bits":258}
2026-09-06T18:12:48.1631696Z 59: {"test":"repeated_mult2_semantic_two_square_contract","scope":"low-N-two-operation-diagnostic","trial":3,"stage":2,"N":64,"batch":16,"depth":9,"scaling_bits":50,"first_bits":55,"input_scale_bits":100,"scaling":"FIXEDMANUAL","key_switch":"HYBRID","data_type":"COMPLEX","secret_distribution":"UNIFORM_TERNARY","security":"HEStd_NotSet","evaluation_family":1,"result_family":1,"tag":"69f369cef46f6155dbc2b2a246e4a5bf-mult2-family-1","d":"1125899906843009","m":"1125899906844161","m1":"1125899906840833","m2":"1125899906844161","scale_numerator":"2582249878086908589655919172003011874329705792829223512830659356540647622016841194629645353280137831435903171972747493376","scale_denominator":"2037035976332875852527482486577051056657800595085080553399799398642248571644790159515303041","max_slot_error":"1.0762756992296102236297957162345912405003641981643e-27","delta_error":"1.425205247371616198982669759234988581440039629586e-28","observed_product_headroom_bits":211}
2026-09-06T18:12:48.1642619Z 59/60 Test #59: repeated_mult2_semantic_two_square_contract .....   Passed    0.69 sec
2026-09-06T18:12:48.1644676Z test 60
2026-09-06T18:12:48.1644940Z       Start 60: paper_h128_client_keypair_contract
2026-09-06T18:12:48.1645192Z 
2026-09-06T18:12:48.1645543Z 60: Test command: /home/runner/work/20231788./20231788./build/paper_h128_client_keypair_contract_test
2026-09-06T18:12:48.1646222Z 60: Working Directory: /home/runner/work/20231788./20231788./build
2026-09-06T18:12:48.1646694Z 60: Test timeout computed to be: 10000000
2026-09-06T18:12:48.1970088Z 60: valid-path assertions passed (diagnostic, not paper evidence)
2026-09-06T18:12:48.1970499Z 60: 50 named rejection assertions passed (no injected tag collisions)
2026-09-06T18:12:48.1970865Z 60: two-call uniqueness and owned-tag cache-isolation assertions passed
2026-09-06T18:12:48.1973532Z 60/60 Test #60: paper_h128_client_keypair_contract ..............   Passed    0.03 sec
2026-09-06T18:12:48.1977341Z 
2026-09-06T18:12:48.1977459Z The following tests passed:
2026-09-06T18:12:48.1977748Z 	dcp_rcb
2026-09-06T18:12:48.1978031Z 	precision_dcp_rcb_high_precision_contract
2026-09-06T18:12:48.1978330Z 	precision_first_mult2_high_precision_contract
2026-09-06T18:12:48.1978791Z 	pair_add_runtime_behavior
2026-09-06T18:12:48.1978975Z 	pair_sub_runtime_behavior
2026-09-06T18:12:48.1979160Z 	pair_arithmetic_controlled_oracle
2026-09-06T18:12:48.1979402Z 	pair_arithmetic_public_lifecycles_keyless
2026-09-06T18:12:48.1979640Z 	pair_arithmetic_compatibility_rejections
2026-09-06T18:12:48.1979871Z 	tensor2_valid_arithmetic_immutability
2026-09-06T18:12:48.1980090Z 	tensor2_result_scale_contract
2026-09-06T18:12:48.1980291Z 	tensor2_right_input_validation
2026-09-06T18:12:48.1980508Z 	tensor2_mutual_compatibility
2026-09-06T18:12:48.1980710Z 	tensor2_prearithmetic_key_compatibility
2026-09-06T18:12:48.1980929Z 	relin2_tensor_validation_order
2026-09-06T18:12:48.1981120Z 	relin2_insufficient_active_basis
2026-09-06T18:12:48.1981314Z 	relin2_missing_eval_key
2026-09-06T18:12:48.1981487Z 	relin2_key_empty
2026-09-06T18:12:48.1981647Z 	relin2_key_null_first
2026-09-06T18:12:48.1981818Z 	relin2_key_wrong_context
2026-09-06T18:12:48.1982030Z 	relin2_key_wrong_tag
2026-09-06T18:12:48.1982276Z 	relin2_key_wrong_subtype
2026-09-06T18:12:48.1982471Z 	relin2_key_hybrid_a_length
2026-09-06T18:12:48.1982652Z 	relin2_key_hybrid_b_length
2026-09-06T18:12:48.1982842Z 	relin2_key_hybrid_entry_basis
2026-09-06T18:12:48.1983032Z 	relin2_key_hybrid_entry_format
2026-09-06T18:12:48.1983220Z 	relin2_key_bv_zero_digit_a_length
2026-09-06T18:12:48.1983425Z 	relin2_key_bv_zero_digit_b_length
2026-09-06T18:12:48.1983794Z 	relin2_key_bv_nonzero_digit_a_length
2026-09-06T18:12:48.1983999Z 	relin2_key_bv_nonzero_digit_b_length
2026-09-06T18:12:48.1984196Z 	relin2_key_bv_zero_digit_entry_basis
2026-09-06T18:12:48.1984398Z 	relin2_key_bv_nonzero_digit_entry_basis
2026-09-06T18:12:48.1984607Z 	relin2_key_bv_zero_digit_entry_format
2026-09-06T18:12:48.1984813Z 	relin2_key_bv_nonzero_digit_entry_format
2026-09-06T18:12:48.1985037Z 	relin2_valid_arithmetic_state_immutability
2026-09-06T18:12:48.1985265Z 	relin2_controlled_witnesses_and_boundaries
2026-09-06T18:12:48.1985483Z 	relin2_representative_public_input
2026-09-06T18:12:48.1985720Z 	relin2_key_extra_later_valid
2026-09-06T18:12:48.1985915Z 	relin2_key_malformed_later_ignored
2026-09-06T18:12:48.1986116Z 	relin2_hybrid_valid_shapes
2026-09-06T18:12:48.1986422Z 	relin2_bv_zero_digit_valid_shapes
2026-09-06T18:12:48.1986632Z 	relin2_bv_nonzero_digit_valid_shapes
2026-09-06T18:12:48.1986843Z 	relin2_first_recombined_rcb_validation
2026-09-06T18:12:48.1987068Z 	relin2_first_recombined_tensor2_validation
2026-09-06T18:12:48.1987290Z 	relin2_tensor2_requires_first_lifecycle
2026-09-06T18:12:48.1987496Z 	rs2_wrong_lifecycle
2026-09-06T18:12:48.1987672Z 	rs2_valid_arithmetic_state_immutability
2026-09-06T18:12:48.1987875Z 	rs2_mixed_tower_format
2026-09-06T18:12:48.1988055Z 	rs2_untouched_public_pipeline
2026-09-06T18:12:48.1988246Z 	rs2_declared_basis_mismatch
2026-09-06T18:12:48.1988427Z 	rs2_terminal_rejections
2026-09-06T18:12:48.1988839Z 	mult2_composition_contract
2026-09-06T18:12:48.1989162Z 	mult2_e2e_hybrid_real
2026-09-06T18:12:48.1989423Z 	mult2_e2e_hybrid_complex
2026-09-06T18:12:48.1989688Z 	mult2_e2e_bv_real
2026-09-06T18:12:48.1989902Z 	mult2_e2e_bv_complex
2026-09-06T18:12:48.1990146Z 	mult2_pair_add_input_hybrid_complex
2026-09-06T18:12:48.1990480Z 	mult2_pair_sub_input_hybrid_complex
2026-09-06T18:12:48.1990816Z 	precision_client_io_first_mult2_contract
2026-09-06T18:12:48.1991115Z 	repeated_mult2_semantic_two_square_contract
2026-09-06T18:12:48.1991353Z 	paper_h128_client_keypair_contract
2026-09-06T18:12:48.1991499Z 
2026-09-06T18:12:48.1991587Z 100% tests passed, 0 tests failed out of 60
2026-09-06T18:12:48.1991737Z 
2026-09-06T18:12:48.1991816Z Total Test time (real) =   1.97 sec
2026-09-06T18:12:48.2012561Z ##[group]Run cmake --build build --target paper_full_eight_square_contract_test --parallel 2
2026-09-06T18:12:48.2013040Z [36;1mcmake --build build --target paper_full_eight_square_contract_test --parallel 2[0m
2026-09-06T18:12:48.2045313Z shell: /usr/bin/bash -e {0}
2026-09-06T18:12:48.2045508Z env:
2026-09-06T18:12:48.2045709Z   OPENFHE_COMMIT: df495ba2e91739a6dc8f1de254fc5a41155ce504
2026-09-06T18:12:48.2046041Z   OPENFHE_PREFIX: /home/runner/work/20231788./20231788./.ci/openfhe-install
2026-09-06T18:12:48.2046373Z   pythonLocation: /opt/hostedtoolcache/Python/3.12.14/x64
2026-09-06T18:12:48.2046693Z   PKG_CONFIG_PATH: /opt/hostedtoolcache/Python/3.12.14/x64/lib/pkgconfig
2026-09-06T18:12:48.2047006Z   Python_ROOT_DIR: /opt/hostedtoolcache/Python/3.12.14/x64
2026-09-06T18:12:48.2047297Z   Python2_ROOT_DIR: /opt/hostedtoolcache/Python/3.12.14/x64
2026-09-06T18:12:48.2047580Z   Python3_ROOT_DIR: /opt/hostedtoolcache/Python/3.12.14/x64
2026-09-06T18:12:48.2047890Z   LD_LIBRARY_PATH: /opt/hostedtoolcache/Python/3.12.14/x64/lib
2026-09-06T18:12:48.2048141Z ##[endgroup]
2026-09-06T18:12:48.2395424Z [ 41%] Built target openfhe_2023_1788
2026-09-06T18:12:48.2457763Z [ 50%] Building CXX object CMakeFiles/paper_full_eight_square_contract_test.dir/tests/paper_full_eight_square_contract_test.cpp.o
2026-09-06T18:12:48.2459022Z [ 58%] Building CXX object CMakeFiles/paper_full_eight_square_contract_test.dir/tests/paper_endpoint_scaled_norm.cpp.o
2026-09-06T18:12:51.2177750Z In file included from /home/runner/work/20231788./20231788./tests/paper_full_eight_square_contract_test.cpp:1:
2026-09-06T18:12:51.2180444Z /home/runner/work/20231788./20231788./tests/experimental_precision116_profile_seam.h: In function ‘void experimental_precision116_test::RunCandidate(ReleasedOwners&)’:
2026-09-06T18:12:51.2182979Z /home/runner/work/20231788./20231788./tests/experimental_precision116_profile_seam.h:285:37: error: ‘CreateExperimentalPrecision116Setup’ is not a member of ‘openfhe_2023_1788’
2026-09-06T18:12:51.2184253Z   285 |     auto setup = openfhe_2023_1788::CreateExperimentalPrecision116Setup();
2026-09-06T18:12:51.2184864Z       |                                     ^~~~~~~~~~~~~~~~~~~~~~~~~~~~~~~~~~~
2026-09-06T18:12:51.2290299Z /home/runner/work/20231788./20231788./tests/experimental_precision116_profile_seam.h:354:45: error: ‘savedLow’ was not declared in this scope
2026-09-06T18:12:51.2291582Z   354 |             pair.GetLow()->GetElements() == savedLow->GetElements() && input->GetElements() == inputSnapshot->GetElements(),
2026-09-06T18:12:51.2292373Z       |                                             ^~~~~~~~
2026-09-06T18:12:51.2303517Z /home/runner/work/20231788./20231788./tests/experimental_precision116_profile_seam.h:372:91: error: unable to deduce ‘std::initializer_list<auto>&&’ from ‘{<expression error>, <expression error>, <expression error>, <expression error>}’
2026-09-06T18:12:51.2305200Z   372 |     for (const auto& c : {pair.GetHigh(), pair.GetLow(), result.GetHigh(), result.GetLow()}) owners.ciphertexts.push_back(c);
2026-09-06T18:12:51.2306063Z       |                                                                                           ^
2026-09-06T18:12:51.2307545Z /home/runner/work/20231788./20231788./tests/experimental_precision116_profile_seam.h:374:79: error: unable to deduce ‘std::initializer_list<auto>&&’ from ‘{issuedInput, tensor, relinearized, rescaled, reentry}’
2026-09-06T18:12:51.2309105Z   374 |     for (const auto& r : {issuedInput, tensor, relinearized, rescaled, reentry}) owners.receipts.push_back(r);
2026-09-06T18:12:51.2309856Z       |                                                                               ^
2026-09-06T18:12:52.8899411Z gmake[3]: *** [CMakeFiles/paper_full_eight_square_contract_test.dir/build.make:79: CMakeFiles/paper_full_eight_square_contract_test.dir/tests/paper_full_eight_square_contract_test.cpp.o] Error 1
2026-09-06T18:12:52.8900130Z gmake[3]: *** Waiting for unfinished jobs....
2026-09-06T18:12:57.3733218Z gmake[2]: *** [CMakeFiles/Makefile2:804: CMakeFiles/paper_full_eight_square_contract_test.dir/all] Error 2
2026-09-06T18:12:57.3734287Z gmake[1]: *** [CMakeFiles/Makefile2:811: CMakeFiles/paper_full_eight_square_contract_test.dir/rule] Error 2
2026-09-06T18:12:57.3736423Z gmake: *** [Makefile:407: paper_full_eight_square_contract_test] Error 2
2026-09-06T18:12:57.3759621Z ##[error]Process completed with exit code 2.
2026-09-06T18:12:57.4145518Z Node 20 is being deprecated. This workflow is running with Node 24 by default. If you need to temporarily use Node 20, you can set the ACTIONS_ALLOW_USE_UNSECURE_NODE_VERSION=true environment variable. For more information see: https://github.blog/changelog/2025-09-19-deprecation-of-node-20-on-github-actions-runners/
2026-09-06T18:12:57.4146518Z Post job cleanup.
2026-09-06T18:12:57.4870455Z [command]/usr/bin/git version
2026-09-06T18:12:57.4907506Z git version 2.55.0
2026-09-06T18:12:57.4936107Z Temporarily overriding HOME='/home/runner/work/_temp/f1daf80c-379a-41e2-b817-cb8b693ff442' before making global git config changes
2026-09-06T18:12:57.4937081Z Adding repository directory to the temporary git global config as a safe directory
2026-09-06T18:12:57.4941145Z [command]/usr/bin/git config --global --add safe.directory /home/runner/work/20231788./20231788./.ci/openfhe-src
2026-09-06T18:12:57.4974166Z [command]/usr/bin/git config --local --name-only --get-regexp core\.sshCommand
2026-09-06T18:12:57.5003531Z [command]/usr/bin/git submodule foreach --recursive sh -c "git config --local --name-only --get-regexp 'core\.sshCommand' && git config --local --unset-all 'core.sshCommand' || :"
2026-09-06T18:12:57.5197892Z Entering 'third-party/cereal'
2026-09-06T18:12:57.5237505Z Entering 'third-party/google-benchmark'
2026-09-06T18:12:57.5279366Z Entering 'third-party/google-test'
2026-09-06T18:12:57.5322954Z Entering 'third-party/gperftools'
2026-09-06T18:12:57.5383827Z [command]/usr/bin/git config --local --name-only --get-regexp http\.https\:\/\/github\.com\/\.extraheader
2026-09-06T18:12:57.5414387Z http.https://github.com/.extraheader
2026-09-06T18:12:57.5423902Z [command]/usr/bin/git config --local --unset-all http.https://github.com/.extraheader
2026-09-06T18:12:57.5454880Z [command]/usr/bin/git submodule foreach --recursive sh -c "git config --local --name-only --get-regexp 'http\.https\:\/\/github\.com\/\.extraheader' && git config --local --unset-all 'http.https://github.com/.extraheader' || :"
2026-09-06T18:12:57.5654172Z Entering 'third-party/cereal'
2026-09-06T18:12:57.5675104Z http.https://github.com/.extraheader
2026-09-06T18:12:57.5705478Z Entering 'third-party/google-benchmark'
2026-09-06T18:12:57.5730204Z http.https://github.com/.extraheader
2026-09-06T18:12:57.5760021Z Entering 'third-party/google-test'
2026-09-06T18:12:57.5782401Z http.https://github.com/.extraheader
2026-09-06T18:12:57.5813604Z Entering 'third-party/gperftools'
2026-09-06T18:12:57.5834704Z http.https://github.com/.extraheader
2026-09-06T18:12:57.5880625Z [command]/usr/bin/git config --local --name-only --get-regexp ^includeIf\.gitdir:
2026-09-06T18:12:57.5914730Z [command]/usr/bin/git submodule foreach --recursive git config --local --show-origin --name-only --get-regexp remote.origin.url
2026-09-06T18:12:57.6107220Z Entering 'third-party/cereal'
2026-09-06T18:12:57.6124393Z file:/home/runner/work/20231788./20231788./.ci/openfhe-src/.git/modules/third-party/cereal/config	remote.origin.url
2026-09-06T18:12:57.6140347Z Entering 'third-party/google-benchmark'
2026-09-06T18:12:57.6157000Z file:/home/runner/work/20231788./20231788./.ci/openfhe-src/.git/modules/third-party/google-benchmark/config	remote.origin.url
2026-09-06T18:12:57.6172959Z Entering 'third-party/google-test'
2026-09-06T18:12:57.6189422Z file:/home/runner/work/20231788./20231788./.ci/openfhe-src/.git/modules/third-party/google-test/config	remote.origin.url
2026-09-06T18:12:57.6205706Z Entering 'third-party/gperftools'
2026-09-06T18:12:57.6222380Z file:/home/runner/work/20231788./20231788./.ci/openfhe-src/.git/modules/third-party/gperftools/config	remote.origin.url
2026-09-06T18:12:57.6251345Z [command]/usr/bin/git config --file /home/runner/work/20231788./20231788./.ci/openfhe-src/.git/modules/third-party/cereal/config --name-only --get-regexp ^includeIf\.gitdir:
2026-09-06T18:12:57.6281495Z [command]/usr/bin/git config --file /home/runner/work/20231788./20231788./.ci/openfhe-src/.git/modules/third-party/google-benchmark/config --name-only --get-regexp ^includeIf\.gitdir:
2026-09-06T18:12:57.6309165Z [command]/usr/bin/git config --file /home/runner/work/20231788./20231788./.ci/openfhe-src/.git/modules/third-party/google-test/config --name-only --get-regexp ^includeIf\.gitdir:
2026-09-06T18:12:57.6337073Z [command]/usr/bin/git config --file /home/runner/work/20231788./20231788./.ci/openfhe-src/.git/modules/third-party/gperftools/config --name-only --get-regexp ^includeIf\.gitdir:
2026-09-06T18:12:57.6489848Z Node 20 is being deprecated. This workflow is running with Node 24 by default. If you need to temporarily use Node 20, you can set the ACTIONS_ALLOW_USE_UNSECURE_NODE_VERSION=true environment variable. For more information see: https://github.blog/changelog/2025-09-19-deprecation-of-node-20-on-github-actions-runners/
2026-09-06T18:12:57.6490773Z Post job cleanup.
2026-09-06T18:12:57.7156652Z [command]/usr/bin/git version
2026-09-06T18:12:57.7192298Z git version 2.55.0
2026-09-06T18:12:57.7220335Z Temporarily overriding HOME='/home/runner/work/_temp/13f73bbf-9d47-4883-b805-49f7f17f0d48' before making global git config changes
2026-09-06T18:12:57.7221505Z Adding repository directory to the temporary git global config as a safe directory
2026-09-06T18:12:57.7225051Z [command]/usr/bin/git config --global --add safe.directory /home/runner/work/20231788./20231788.
2026-09-06T18:12:57.7259108Z [command]/usr/bin/git config --local --name-only --get-regexp core\.sshCommand
2026-09-06T18:12:57.7289297Z [command]/usr/bin/git submodule foreach --recursive sh -c "git config --local --name-only --get-regexp 'core\.sshCommand' && git config --local --unset-all 'core.sshCommand' || :"
2026-09-06T18:12:57.7513072Z [command]/usr/bin/git config --local --name-only --get-regexp http\.https\:\/\/github\.com\/\.extraheader
2026-09-06T18:12:57.7535239Z http.https://github.com/.extraheader
2026-09-06T18:12:57.7556640Z [command]/usr/bin/git config --local --unset-all http.https://github.com/.extraheader
2026-09-06T18:12:57.7597087Z [command]/usr/bin/git submodule foreach --recursive sh -c "git config --local --name-only --get-regexp 'http\.https\:\/\/github\.com\/\.extraheader' && git config --local --unset-all 'http.https://github.com/.extraheader' || :"
2026-09-06T18:12:57.7812760Z [command]/usr/bin/git config --local --name-only --get-regexp ^includeIf\.gitdir:
2026-09-06T18:12:57.7847716Z [command]/usr/bin/git submodule foreach --recursive git config --local --show-origin --name-only --get-regexp remote.origin.url
2026-09-06T18:12:57.8168292Z Cleaning up orphan processes
2026-09-06T18:12:57.8414500Z ##[warning]Node.js 20 is deprecated. The following actions target Node.js 20 but are being forced to run on Node.js 24: actions/cache@v4, actions/checkout@v4, actions/setup-python@a26af69be951a213d495a4c3e4e4022e16d87065. For more information see: https://github.blog/changelog/2025-09-19-deprecation-of-node-20-on-github-actions-runners/
