2026-09-05T04:56:44.4707009Z Current runner version: '2.337.0'
2026-09-05T04:56:44.4734676Z ##[group]Runner Image Provisioner
2026-09-05T04:56:44.4735623Z Hosted Compute Agent
2026-09-05T04:56:44.4736560Z Version: 20260828.587
2026-09-05T04:56:44.4737345Z Commit: abac92662cab4cc7352de4f9f9d2e2419aad9c29
2026-09-05T04:56:44.4738186Z Build Date: 2026-08-28T16:44:25Z
2026-09-05T04:56:44.4738952Z Worker ID: {b11c92c5-25c3-41d3-aadb-fc9c2f92faad}
2026-09-05T04:56:44.4739734Z Azure Region: northcentralus
2026-09-05T04:56:44.4740358Z ##[endgroup]
2026-09-05T04:56:44.4742076Z ##[group]Operating System
2026-09-05T04:56:44.4742732Z Ubuntu
2026-09-05T04:56:44.4743384Z 24.04.4
2026-09-05T04:56:44.4743965Z LTS
2026-09-05T04:56:44.4744525Z ##[endgroup]
2026-09-05T04:56:44.4745181Z ##[group]Runner Image
2026-09-05T04:56:44.4746085Z Image: ubuntu-24.04
2026-09-05T04:56:44.4746729Z Version: 20260831.293.1
2026-09-05T04:56:44.4748076Z Included Software: https://github.com/actions/runner-images/blob/ubuntu24/20260831.293/images/ubuntu/Ubuntu2404-Readme.md
2026-09-05T04:56:44.4749725Z Image Release: https://github.com/actions/runner-images/releases/tag/ubuntu24%2F20260831.293
2026-09-05T04:56:44.4750775Z ##[endgroup]
2026-09-05T04:56:44.4751973Z ##[group]GITHUB_TOKEN Permissions
2026-09-05T04:56:44.4754348Z Contents: read
2026-09-05T04:56:44.4755052Z Metadata: read
2026-09-05T04:56:44.4755666Z ##[endgroup]
2026-09-05T04:56:44.4758849Z Secret source: Actions
2026-09-05T04:56:44.4760278Z Prepare workflow directory
2026-09-05T04:56:44.5328936Z Prepare all required actions
2026-09-05T04:56:44.5380524Z Getting action download info
2026-09-05T04:56:44.7777496Z Download action repository 'actions/checkout@v4' (SHA:11d5960a326750d5838078e36cf38b85af677262)
2026-09-05T04:56:44.8700407Z Download action repository 'actions/cache@v4' (SHA:0057852bfaa89a56745cba8c7296529d2fc39830)
2026-09-05T04:56:45.0843779Z Complete job name: linux-gcc
2026-09-05T04:56:45.1642036Z Node 20 is being deprecated. This workflow is running with Node 24 by default. If you need to temporarily use Node 20, you can set the ACTIONS_ALLOW_USE_UNSECURE_NODE_VERSION=true environment variable. For more information see: https://github.blog/changelog/2025-09-19-deprecation-of-node-20-on-github-actions-runners/
2026-09-05T04:56:45.1651197Z ##[group]Run actions/checkout@v4
2026-09-05T04:56:45.1651899Z with:
2026-09-05T04:56:45.1652353Z   repository: leemaple/20231788.
2026-09-05T04:56:45.1656666Z   token: ***
2026-09-05T04:56:45.1657105Z   ssh-strict: true
2026-09-05T04:56:45.1657552Z   ssh-user: git
2026-09-05T04:56:45.1657989Z   persist-credentials: true
2026-09-05T04:56:45.1658471Z   clean: true
2026-09-05T04:56:45.1658912Z   sparse-checkout-cone-mode: true
2026-09-05T04:56:45.1659423Z   fetch-depth: 1
2026-09-05T04:56:45.1659847Z   fetch-tags: false
2026-09-05T04:56:45.1660289Z   show-progress: true
2026-09-05T04:56:45.1660732Z   lfs: false
2026-09-05T04:56:45.1661201Z   submodules: false
2026-09-05T04:56:45.1661648Z   set-safe-directory: true
2026-09-05T04:56:45.1662146Z   allow-unsafe-pr-checkout: false
2026-09-05T04:56:45.1662959Z env:
2026-09-05T04:56:45.1663466Z   OPENFHE_COMMIT: df495ba2e91739a6dc8f1de254fc5a41155ce504
2026-09-05T04:56:45.1664277Z   OPENFHE_PREFIX: /home/runner/work/20231788./20231788./.ci/openfhe-install
2026-09-05T04:56:45.1664990Z ##[endgroup]
2026-09-05T04:56:45.2706470Z Syncing repository: leemaple/20231788.
2026-09-05T04:56:45.2709695Z ##[group]Getting Git version info
2026-09-05T04:56:45.2710818Z Working directory is '/home/runner/work/20231788./20231788.'
2026-09-05T04:56:45.2712508Z [command]/usr/bin/git version
2026-09-05T04:56:45.2742212Z git version 2.55.0
2026-09-05T04:56:45.2765422Z ##[endgroup]
2026-09-05T04:56:45.2781378Z Temporarily overriding HOME='/home/runner/work/_temp/94d5ac9f-5fd5-45b2-b894-f56717f8ebba' before making global git config changes
2026-09-05T04:56:45.2783771Z Adding repository directory to the temporary git global config as a safe directory
2026-09-05T04:56:45.2787665Z [command]/usr/bin/git config --global --add safe.directory /home/runner/work/20231788./20231788.
2026-09-05T04:56:45.2848114Z Deleting the contents of '/home/runner/work/20231788./20231788.'
2026-09-05T04:56:45.2853710Z ##[group]Initializing the repository
2026-09-05T04:56:45.2858372Z [command]/usr/bin/git init /home/runner/work/20231788./20231788.
2026-09-05T04:56:45.2941231Z hint: Using 'master' as the name for the initial branch. This default branch name
2026-09-05T04:56:45.2943342Z hint: will change to "main" in Git 3.0. To configure the initial branch name
2026-09-05T04:56:45.2946837Z hint: to use in all of your new repositories, which will suppress this warning,
2026-09-05T04:56:45.2948399Z hint: call:
2026-09-05T04:56:45.2949339Z hint:
2026-09-05T04:56:45.2950398Z hint: 	git config --global init.defaultBranch <name>
2026-09-05T04:56:45.2951575Z hint:
2026-09-05T04:56:45.2952673Z hint: Names commonly chosen instead of 'master' are 'main', 'trunk' and
2026-09-05T04:56:45.2954422Z hint: 'development'. The just-created branch can be renamed via this command:
2026-09-05T04:56:45.2956908Z hint:
2026-09-05T04:56:45.2957832Z hint: 	git branch -m <name>
2026-09-05T04:56:45.2958776Z hint:
2026-09-05T04:56:45.2959973Z hint: Disable this message with "git config set advice.defaultBranchName false"
2026-09-05T04:56:45.2961786Z Initialized empty Git repository in /home/runner/work/20231788./20231788./.git/
2026-09-05T04:56:45.2965188Z [command]/usr/bin/git remote add origin https://github.com/leemaple/20231788.
2026-09-05T04:56:45.3009032Z ##[endgroup]
2026-09-05T04:56:45.3010232Z ##[group]Disabling automatic garbage collection
2026-09-05T04:56:45.3014471Z [command]/usr/bin/git config --local gc.auto 0
2026-09-05T04:56:45.3053097Z ##[endgroup]
2026-09-05T04:56:45.3054271Z ##[group]Setting up auth
2026-09-05T04:56:45.3061514Z [command]/usr/bin/git config --local --name-only --get-regexp core\.sshCommand
2026-09-05T04:56:45.3101205Z [command]/usr/bin/git submodule foreach --recursive sh -c "git config --local --name-only --get-regexp 'core\.sshCommand' && git config --local --unset-all 'core.sshCommand' || :"
2026-09-05T04:56:45.3467602Z [command]/usr/bin/git config --local --name-only --get-regexp http\.https\:\/\/github\.com\/\.extraheader
2026-09-05T04:56:45.3511474Z [command]/usr/bin/git submodule foreach --recursive sh -c "git config --local --name-only --get-regexp 'http\.https\:\/\/github\.com\/\.extraheader' && git config --local --unset-all 'http.https://github.com/.extraheader' || :"
2026-09-05T04:56:45.3786416Z [command]/usr/bin/git config --local --name-only --get-regexp ^includeIf\.gitdir:
2026-09-05T04:56:45.3828429Z [command]/usr/bin/git submodule foreach --recursive git config --local --show-origin --name-only --get-regexp remote.origin.url
2026-09-05T04:56:45.4087057Z [command]/usr/bin/git config --local http.https://github.com/.extraheader AUTHORIZATION: basic ***
2026-09-05T04:56:45.4194744Z ##[endgroup]
2026-09-05T04:56:45.4196457Z ##[group]Fetching the repository
2026-09-05T04:56:45.4199029Z [command]/usr/bin/git -c protocol.version=2 fetch --no-tags --prune --no-recurse-submodules --depth=1 origin +1192200f558c69c0967e8306ed1a8bddf786ca34:refs/remotes/origin/codex/paper-h128-keypair-01
2026-09-05T04:56:46.3820084Z From https://github.com/leemaple/20231788.
2026-09-05T04:56:46.3822128Z  * [new ref]         1192200f558c69c0967e8306ed1a8bddf786ca34 -> origin/codex/paper-h128-keypair-01
2026-09-05T04:56:46.3826794Z ##[endgroup]
2026-09-05T04:56:46.3828057Z ##[group]Determining the checkout info
2026-09-05T04:56:46.3829185Z ##[endgroup]
2026-09-05T04:56:46.3831969Z [command]/usr/bin/git sparse-checkout disable
2026-09-05T04:56:46.3889002Z [command]/usr/bin/git config --local --unset-all extensions.worktreeConfig
2026-09-05T04:56:46.3926305Z ##[group]Checking out the ref
2026-09-05T04:56:46.3932834Z [command]/usr/bin/git checkout --progress --force -B codex/paper-h128-keypair-01 refs/remotes/origin/codex/paper-h128-keypair-01
2026-09-05T04:56:46.5228072Z Switched to a new branch 'codex/paper-h128-keypair-01'
2026-09-05T04:56:46.5244544Z branch 'codex/paper-h128-keypair-01' set up to track 'origin/codex/paper-h128-keypair-01'.
2026-09-05T04:56:46.5251857Z ##[endgroup]
2026-09-05T04:56:46.5302324Z [command]/usr/bin/git log -1 --format=%H
2026-09-05T04:56:46.5334476Z 1192200f558c69c0967e8306ed1a8bddf786ca34
2026-09-05T04:56:46.5620803Z Node 20 is being deprecated. This workflow is running with Node 24 by default. If you need to temporarily use Node 20, you can set the ACTIONS_ALLOW_USE_UNSECURE_NODE_VERSION=true environment variable. For more information see: https://github.blog/changelog/2025-09-19-deprecation-of-node-20-on-github-actions-runners/
2026-09-05T04:56:46.5622608Z ##[group]Run actions/checkout@v4
2026-09-05T04:56:46.5622884Z with:
2026-09-05T04:56:46.5623135Z   repository: openfheorg/openfhe-development
2026-09-05T04:56:46.5623467Z   ref: df495ba2e91739a6dc8f1de254fc5a41155ce504
2026-09-05T04:56:46.5623785Z   path: .ci/openfhe-src
2026-09-05T04:56:46.5624028Z   submodules: recursive
2026-09-05T04:56:46.5626806Z   token: ***
2026-09-05T04:56:46.5627040Z   ssh-strict: true
2026-09-05T04:56:46.5627294Z   ssh-user: git
2026-09-05T04:56:46.5627532Z   persist-credentials: true
2026-09-05T04:56:46.5627784Z   clean: true
2026-09-05T04:56:46.5628045Z   sparse-checkout-cone-mode: true
2026-09-05T04:56:46.5628400Z   fetch-depth: 1
2026-09-05T04:56:46.5628626Z   fetch-tags: false
2026-09-05T04:56:46.5628854Z   show-progress: true
2026-09-05T04:56:46.5629085Z   lfs: false
2026-09-05T04:56:46.5629300Z   set-safe-directory: true
2026-09-05T04:56:46.5629567Z   allow-unsafe-pr-checkout: false
2026-09-05T04:56:46.5629824Z env:
2026-09-05T04:56:46.5630086Z   OPENFHE_COMMIT: df495ba2e91739a6dc8f1de254fc5a41155ce504
2026-09-05T04:56:46.5630538Z   OPENFHE_PREFIX: /home/runner/work/20231788./20231788./.ci/openfhe-install
2026-09-05T04:56:46.5630922Z ##[endgroup]
2026-09-05T04:56:46.6520810Z Syncing repository: openfheorg/openfhe-development
2026-09-05T04:56:46.6522692Z ##[group]Getting Git version info
2026-09-05T04:56:46.6523963Z Working directory is '/home/runner/work/20231788./20231788./.ci/openfhe-src'
2026-09-05T04:56:46.6570548Z [command]/usr/bin/git version
2026-09-05T04:56:46.6617979Z git version 2.55.0
2026-09-05T04:56:46.6637755Z ##[endgroup]
2026-09-05T04:56:46.6653293Z Temporarily overriding HOME='/home/runner/work/_temp/a8774196-3f2e-4733-bbc3-c70e8d256621' before making global git config changes
2026-09-05T04:56:46.6654688Z Adding repository directory to the temporary git global config as a safe directory
2026-09-05T04:56:46.6658605Z [command]/usr/bin/git config --global --add safe.directory /home/runner/work/20231788./20231788./.ci/openfhe-src
2026-09-05T04:56:46.6705070Z ##[group]Initializing the repository
2026-09-05T04:56:46.6706108Z [command]/usr/bin/git init /home/runner/work/20231788./20231788./.ci/openfhe-src
2026-09-05T04:56:46.6756256Z hint: Using 'master' as the name for the initial branch. This default branch name
2026-09-05T04:56:46.6757735Z hint: will change to "main" in Git 3.0. To configure the initial branch name
2026-09-05T04:56:46.6758942Z hint: to use in all of your new repositories, which will suppress this warning,
2026-09-05T04:56:46.6759817Z hint: call:
2026-09-05T04:56:46.6760193Z hint:
2026-09-05T04:56:46.6760696Z hint: 	git config --global init.defaultBranch <name>
2026-09-05T04:56:46.6761224Z hint:
2026-09-05T04:56:46.6761798Z hint: Names commonly chosen instead of 'master' are 'main', 'trunk' and
2026-09-05T04:56:46.6762738Z hint: 'development'. The just-created branch can be renamed via this command:
2026-09-05T04:56:46.6763455Z hint:
2026-09-05T04:56:46.6763817Z hint: 	git branch -m <name>
2026-09-05T04:56:46.6764301Z hint:
2026-09-05T04:56:46.6764843Z hint: Disable this message with "git config set advice.defaultBranchName false"
2026-09-05T04:56:46.6766069Z Initialized empty Git repository in /home/runner/work/20231788./20231788./.ci/openfhe-src/.git/
2026-09-05T04:56:46.6769962Z [command]/usr/bin/git remote add origin https://github.com/openfheorg/openfhe-development
2026-09-05T04:56:46.6809853Z ##[endgroup]
2026-09-05T04:56:46.6810671Z ##[group]Disabling automatic garbage collection
2026-09-05T04:56:46.6813701Z [command]/usr/bin/git config --local gc.auto 0
2026-09-05T04:56:46.6851270Z ##[endgroup]
2026-09-05T04:56:46.6851889Z ##[group]Setting up auth
2026-09-05T04:56:46.6859049Z [command]/usr/bin/git config --local --name-only --get-regexp core\.sshCommand
2026-09-05T04:56:46.6896535Z [command]/usr/bin/git submodule foreach --recursive sh -c "git config --local --name-only --get-regexp 'core\.sshCommand' && git config --local --unset-all 'core.sshCommand' || :"
2026-09-05T04:56:46.7186199Z [command]/usr/bin/git config --local --name-only --get-regexp http\.https\:\/\/github\.com\/\.extraheader
2026-09-05T04:56:46.7240263Z [command]/usr/bin/git submodule foreach --recursive sh -c "git config --local --name-only --get-regexp 'http\.https\:\/\/github\.com\/\.extraheader' && git config --local --unset-all 'http.https://github.com/.extraheader' || :"
2026-09-05T04:56:46.7513528Z [command]/usr/bin/git config --local --name-only --get-regexp ^includeIf\.gitdir:
2026-09-05T04:56:46.7562916Z [command]/usr/bin/git submodule foreach --recursive git config --local --show-origin --name-only --get-regexp remote.origin.url
2026-09-05T04:56:46.7823570Z [command]/usr/bin/git config --local http.https://github.com/.extraheader AUTHORIZATION: basic ***
2026-09-05T04:56:46.7868321Z ##[endgroup]
2026-09-05T04:56:46.7869084Z ##[group]Fetching the repository
2026-09-05T04:56:46.7878329Z [command]/usr/bin/git -c protocol.version=2 fetch --no-tags --prune --no-recurse-submodules --depth=1 origin df495ba2e91739a6dc8f1de254fc5a41155ce504
2026-09-05T04:56:47.5502150Z From https://github.com/openfheorg/openfhe-development
2026-09-05T04:56:47.5503558Z  * branch            df495ba2e91739a6dc8f1de254fc5a41155ce504 -> FETCH_HEAD
2026-09-05T04:56:47.5507070Z ##[endgroup]
2026-09-05T04:56:47.5507487Z ##[group]Determining the checkout info
2026-09-05T04:56:47.5509952Z ##[endgroup]
2026-09-05T04:56:47.5516236Z [command]/usr/bin/git sparse-checkout disable
2026-09-05T04:56:47.5565909Z [command]/usr/bin/git config --local --unset-all extensions.worktreeConfig
2026-09-05T04:56:47.5602727Z ##[group]Checking out the ref
2026-09-05T04:56:47.5608297Z [command]/usr/bin/git checkout --progress --force df495ba2e91739a6dc8f1de254fc5a41155ce504
2026-09-05T04:56:47.6232229Z Note: switching to 'df495ba2e91739a6dc8f1de254fc5a41155ce504'.
2026-09-05T04:56:47.6232739Z 
2026-09-05T04:56:47.6233051Z You are in 'detached HEAD' state. You can look around, make experimental
2026-09-05T04:56:47.6233754Z changes and commit them, and you can discard any commits you make in this
2026-09-05T04:56:47.6234505Z state without impacting any branches by switching back to a branch.
2026-09-05T04:56:47.6234960Z 
2026-09-05T04:56:47.6235266Z If you want to create a new branch to retain commits you create, you may
2026-09-05T04:56:47.6236239Z do so (now or later) by using -c with the switch command. Example:
2026-09-05T04:56:47.6236668Z 
2026-09-05T04:56:47.6236852Z   git switch -c <new-branch-name>
2026-09-05T04:56:47.6237128Z 
2026-09-05T04:56:47.6237293Z Or undo this operation with:
2026-09-05T04:56:47.6237604Z 
2026-09-05T04:56:47.6237743Z   git switch -
2026-09-05T04:56:47.6237965Z 
2026-09-05T04:56:47.6238275Z Turn off this advice by setting config variable advice.detachedHead to false
2026-09-05T04:56:47.6238593Z 
2026-09-05T04:56:47.6238771Z HEAD is now at df495ba Merge pull request #1130 from openfheorg/dev
2026-09-05T04:56:47.6243292Z ##[endgroup]
2026-09-05T04:56:47.6243719Z ##[group]Setting up auth for fetching submodules
2026-09-05T04:56:47.6250141Z [command]/usr/bin/git config --global http.https://github.com/.extraheader AUTHORIZATION: basic ***
2026-09-05T04:56:47.6295462Z [command]/usr/bin/git config --global --unset-all url.https://github.com/.insteadOf
2026-09-05T04:56:47.6331598Z [command]/usr/bin/git config --global --add url.https://github.com/.insteadOf git@github.com:
2026-09-05T04:56:47.6368113Z [command]/usr/bin/git config --global --add url.https://github.com/.insteadOf org-26023695@github.com:
2026-09-05T04:56:47.6403281Z ##[endgroup]
2026-09-05T04:56:47.6404461Z ##[group]Fetching submodules
2026-09-05T04:56:47.6408525Z [command]/usr/bin/git submodule sync --recursive
2026-09-05T04:56:47.6660251Z [command]/usr/bin/git -c protocol.version=2 submodule update --init --force --depth=1 --recursive
2026-09-05T04:56:47.6906813Z Submodule 'third-party/cereal' (https://github.com/openfheorg/cereal.git) registered for path 'third-party/cereal'
2026-09-05T04:56:47.6909473Z Submodule 'third-party/google-benchmark' (https://github.com/google/benchmark.git) registered for path 'third-party/google-benchmark'
2026-09-05T04:56:47.6914153Z Submodule 'third-party/google-test' (https://github.com/google/googletest.git) registered for path 'third-party/google-test'
2026-09-05T04:56:47.6919907Z Submodule 'third-party/gperftools' (https://github.com/gperftools/gperftools.git) registered for path 'third-party/gperftools'
2026-09-05T04:56:47.6950531Z Cloning into '/home/runner/work/20231788./20231788./.ci/openfhe-src/third-party/cereal'...
2026-09-05T04:56:48.2044092Z Cloning into '/home/runner/work/20231788./20231788./.ci/openfhe-src/third-party/google-benchmark'...
2026-09-05T04:56:48.8973354Z Cloning into '/home/runner/work/20231788./20231788./.ci/openfhe-src/third-party/google-test'...
2026-09-05T04:56:49.4417671Z Cloning into '/home/runner/work/20231788./20231788./.ci/openfhe-src/third-party/gperftools'...
2026-09-05T04:56:50.2692974Z Submodule path 'third-party/cereal': checked out '984e3f194862b17916536b5fade40cba6e47a6fe'
2026-09-05T04:56:51.5989683Z From https://github.com/google/benchmark
2026-09-05T04:56:51.5990357Z  * branch            eddb0241389718a23a42db6af5f0164b6e0139af -> FETCH_HEAD
2026-09-05T04:56:51.6192886Z Submodule path 'third-party/google-benchmark': checked out 'eddb0241389718a23a42db6af5f0164b6e0139af'
2026-09-05T04:56:52.5497567Z From https://github.com/google/googletest
2026-09-05T04:56:52.5498392Z  * branch            52eb8108c5bdec04579160ae17225d66034bd723 -> FETCH_HEAD
2026-09-05T04:56:52.5916440Z Submodule path 'third-party/google-test': checked out '52eb8108c5bdec04579160ae17225d66034bd723'
2026-09-05T04:56:53.7869322Z From https://github.com/gperftools/gperftools
2026-09-05T04:56:53.7870251Z  * branch            83edb60836d87cf1b406e8846b9059c03031e8f5 -> FETCH_HEAD
2026-09-05T04:56:53.8757430Z Submodule path 'third-party/gperftools': checked out '83edb60836d87cf1b406e8846b9059c03031e8f5'
2026-09-05T04:56:53.8817725Z [command]/usr/bin/git submodule foreach --recursive git config --local gc.auto 0
2026-09-05T04:56:53.9086990Z Entering 'third-party/cereal'
2026-09-05T04:56:53.9132371Z Entering 'third-party/google-benchmark'
2026-09-05T04:56:53.9174780Z Entering 'third-party/google-test'
2026-09-05T04:56:53.9216504Z Entering 'third-party/gperftools'
2026-09-05T04:56:53.9271899Z ##[endgroup]
2026-09-05T04:56:53.9272834Z ##[group]Persisting credentials for submodules
2026-09-05T04:56:53.9286169Z [command]/usr/bin/git submodule foreach --recursive sh -c "git config --local --name-only --get-regexp 'url\.https\:\/\/github\.com\/\.insteadOf' && git config --local --unset-all 'url.https://github.com/.insteadOf' || :"
2026-09-05T04:56:53.9537167Z Entering 'third-party/cereal'
2026-09-05T04:56:53.9589323Z Entering 'third-party/google-benchmark'
2026-09-05T04:56:53.9640396Z Entering 'third-party/google-test'
2026-09-05T04:56:53.9690568Z Entering 'third-party/gperftools'
2026-09-05T04:56:53.9756306Z [command]/usr/bin/git submodule foreach --recursive sh -c "git config --local 'http.https://github.com/.extraheader' 'AUTHORIZATION: basic ***' && git config --local --show-origin --name-only --get-regexp remote.origin.url"
2026-09-05T04:56:54.0008341Z Entering 'third-party/cereal'
2026-09-05T04:56:54.0055189Z file:/home/runner/work/20231788./20231788./.ci/openfhe-src/.git/modules/third-party/cereal/config	remote.origin.url
2026-09-05T04:56:54.0077098Z Entering 'third-party/google-benchmark'
2026-09-05T04:56:54.0122589Z file:/home/runner/work/20231788./20231788./.ci/openfhe-src/.git/modules/third-party/google-benchmark/config	remote.origin.url
2026-09-05T04:56:54.0147422Z Entering 'third-party/google-test'
2026-09-05T04:56:54.0193034Z file:/home/runner/work/20231788./20231788./.ci/openfhe-src/.git/modules/third-party/google-test/config	remote.origin.url
2026-09-05T04:56:54.0217796Z Entering 'third-party/gperftools'
2026-09-05T04:56:54.0262699Z file:/home/runner/work/20231788./20231788./.ci/openfhe-src/.git/modules/third-party/gperftools/config	remote.origin.url
2026-09-05T04:56:54.0326944Z [command]/usr/bin/git submodule foreach --recursive git config --local --add 'url.https://github.com/.insteadOf' 'git@github.com:'
2026-09-05T04:56:54.0581115Z Entering 'third-party/cereal'
2026-09-05T04:56:54.0624568Z Entering 'third-party/google-benchmark'
2026-09-05T04:56:54.0671867Z Entering 'third-party/google-test'
2026-09-05T04:56:54.0718727Z Entering 'third-party/gperftools'
2026-09-05T04:56:54.0777720Z [command]/usr/bin/git submodule foreach --recursive git config --local --add 'url.https://github.com/.insteadOf' 'org-26023695@github.com:'
2026-09-05T04:56:54.1017334Z Entering 'third-party/cereal'
2026-09-05T04:56:54.1061763Z Entering 'third-party/google-benchmark'
2026-09-05T04:56:54.1104812Z Entering 'third-party/google-test'
2026-09-05T04:56:54.1149212Z Entering 'third-party/gperftools'
2026-09-05T04:56:54.1202568Z ##[endgroup]
2026-09-05T04:56:54.1251446Z [command]/usr/bin/git log -1 --format=%H
2026-09-05T04:56:54.1283244Z df495ba2e91739a6dc8f1de254fc5a41155ce504
2026-09-05T04:56:54.1441562Z ##[group]Run actual="$(git -C .ci/openfhe-src rev-parse HEAD)"
2026-09-05T04:56:54.1442080Z [36;1mactual="$(git -C .ci/openfhe-src rev-parse HEAD)"[0m
2026-09-05T04:56:54.1442452Z [36;1mtest "$actual" = "$OPENFHE_COMMIT"[0m
2026-09-05T04:56:54.1442802Z [36;1mgit -C .ci/openfhe-src status --short[0m
2026-09-05T04:56:54.1489836Z shell: /usr/bin/bash --noprofile --norc -e -o pipefail {0}
2026-09-05T04:56:54.1490207Z env:
2026-09-05T04:56:54.1490493Z   OPENFHE_COMMIT: df495ba2e91739a6dc8f1de254fc5a41155ce504
2026-09-05T04:56:54.1490949Z   OPENFHE_PREFIX: /home/runner/work/20231788./20231788./.ci/openfhe-install
2026-09-05T04:56:54.1491342Z ##[endgroup]
2026-09-05T04:56:54.2893629Z ##[group]Run sudo apt-get update
2026-09-05T04:56:54.2893954Z [36;1msudo apt-get update[0m
2026-09-05T04:56:54.2894324Z [36;1msudo apt-get install --yes --no-install-recommends libboost-dev[0m
2026-09-05T04:56:54.2936332Z shell: /usr/bin/bash -e {0}
2026-09-05T04:56:54.2936604Z env:
2026-09-05T04:56:54.2936879Z   OPENFHE_COMMIT: df495ba2e91739a6dc8f1de254fc5a41155ce504
2026-09-05T04:56:54.2937320Z   OPENFHE_PREFIX: /home/runner/work/20231788./20231788./.ci/openfhe-install
2026-09-05T04:56:54.2937689Z ##[endgroup]
2026-09-05T04:56:54.4097224Z Get:1 file:/etc/apt/apt-mirrors.txt Mirrorlist [144 B]
2026-09-05T04:56:54.4341502Z Get:6 https://packages.microsoft.com/ubuntu/24.04/prod noble InRelease [3600 B]
2026-09-05T04:56:54.5277810Z Get:7 https://packages.microsoft.com/ubuntu/24.04/prod noble/main amd64 Packages [441 kB]
2026-09-05T04:56:54.5285234Z Get:8 https://dl.google.com/linux/chrome-stable/deb stable InRelease [2548 B]
2026-09-05T04:56:54.5457480Z Hit:2 http://azure.archive.ubuntu.com/ubuntu noble InRelease
2026-09-05T04:56:54.5486976Z Get:3 http://azure.archive.ubuntu.com/ubuntu noble-updates InRelease [126 kB]
2026-09-05T04:56:54.5539974Z Get:9 https://packages.microsoft.com/ubuntu/24.04/prod noble/main arm64 Packages [394 kB]
2026-09-05T04:56:54.5587008Z Get:4 http://azure.archive.ubuntu.com/ubuntu noble-backports InRelease [126 kB]
2026-09-05T04:56:54.5637630Z Get:5 http://azure.archive.ubuntu.com/ubuntu noble-security InRelease [126 kB]
2026-09-05T04:56:54.6362867Z Get:10 https://dl.google.com/linux/chrome-stable/deb stable/main amd64 Packages [1401 B]
2026-09-05T04:56:54.7219137Z Get:11 http://azure.archive.ubuntu.com/ubuntu noble-updates/main amd64 Packages [1260 kB]
2026-09-05T04:56:54.7311286Z Get:12 http://azure.archive.ubuntu.com/ubuntu noble-updates/main Translation-en [292 kB]
2026-09-05T04:56:54.7339037Z Get:13 http://azure.archive.ubuntu.com/ubuntu noble-updates/main amd64 Components [180 kB]
2026-09-05T04:56:54.7366271Z Get:14 http://azure.archive.ubuntu.com/ubuntu noble-updates/universe amd64 Packages [1690 kB]
2026-09-05T04:56:54.7456958Z Get:15 http://azure.archive.ubuntu.com/ubuntu noble-updates/universe Translation-en [339 kB]
2026-09-05T04:56:54.7483918Z Get:16 http://azure.archive.ubuntu.com/ubuntu noble-updates/universe amd64 Components [388 kB]
2026-09-05T04:56:54.7513769Z Get:17 http://azure.archive.ubuntu.com/ubuntu noble-updates/restricted amd64 Packages [1536 kB]
2026-09-05T04:56:54.7607356Z Get:18 http://azure.archive.ubuntu.com/ubuntu noble-updates/restricted Translation-en [352 kB]
2026-09-05T04:56:54.7626771Z Get:19 http://azure.archive.ubuntu.com/ubuntu noble-updates/multiverse amd64 Components [940 B]
2026-09-05T04:56:54.7945386Z Get:20 http://azure.archive.ubuntu.com/ubuntu noble-backports/main amd64 Components [5740 B]
2026-09-05T04:56:54.8400308Z Get:21 http://azure.archive.ubuntu.com/ubuntu noble-backports/universe amd64 Components [12.6 kB]
2026-09-05T04:56:54.8518354Z Get:22 http://azure.archive.ubuntu.com/ubuntu noble-security/main amd64 Packages [1002 kB]
2026-09-05T04:56:54.8584386Z Get:23 http://azure.archive.ubuntu.com/ubuntu noble-security/main Translation-en [212 kB]
2026-09-05T04:56:54.8605479Z Get:24 http://azure.archive.ubuntu.com/ubuntu noble-security/main amd64 Components [46.4 kB]
2026-09-05T04:56:54.8620838Z Get:25 http://azure.archive.ubuntu.com/ubuntu noble-security/universe amd64 Packages [1206 kB]
2026-09-05T04:56:54.8704950Z Get:26 http://azure.archive.ubuntu.com/ubuntu noble-security/universe Translation-en [241 kB]
2026-09-05T04:56:54.8729657Z Get:27 http://azure.archive.ubuntu.com/ubuntu noble-security/universe amd64 Components [76.3 kB]
2026-09-05T04:56:54.8750484Z Get:28 http://azure.archive.ubuntu.com/ubuntu noble-security/restricted amd64 Packages [1437 kB]
2026-09-05T04:56:54.8846998Z Get:29 http://azure.archive.ubuntu.com/ubuntu noble-security/restricted Translation-en [334 kB]
2026-09-05T04:56:59.7008851Z Fetched 11.8 MB in 2s (7746 kB/s)
2026-09-05T04:57:00.6145459Z Reading package lists...
2026-09-05T04:57:00.6486473Z Reading package lists...
2026-09-05T04:57:00.8959678Z Building dependency tree...
2026-09-05T04:57:00.8967035Z Reading state information...
2026-09-05T04:57:01.1319553Z The following additional packages will be installed:
2026-09-05T04:57:01.1325185Z   libboost1.83-dev
2026-09-05T04:57:01.1331042Z Suggested packages:
2026-09-05T04:57:01.1331662Z   libboost-doc libboost1.83-doc libboost-atomic1.83-dev
2026-09-05T04:57:01.1332324Z   libboost-chrono1.83-dev libboost-container1.83-dev libboost-context1.83-dev
2026-09-05T04:57:01.1332933Z   libboost-contract1.83-dev libboost-coroutine1.83-dev
2026-09-05T04:57:01.1333374Z   libboost-date-time1.83-dev libboost-exception1.83-dev libboost-fiber1.83-dev
2026-09-05T04:57:01.1334086Z   libboost-filesystem1.83-dev libboost-graph-parallel1.83-dev
2026-09-05T04:57:01.1334687Z   libboost-graph1.83-dev libboost-iostreams1.83-dev libboost-json1.83-dev
2026-09-05T04:57:01.1335172Z   libboost-locale1.83-dev libboost-log1.83-dev libboost-math1.83-dev
2026-09-05T04:57:01.1335725Z   libboost-mpi-python1.83-dev libboost-mpi1.83-dev libboost-nowide1.83-dev
2026-09-05T04:57:01.1336415Z   libboost-numpy1.83-dev libboost-program-options1.83-dev
2026-09-05T04:57:01.1336867Z   libboost-python1.83-dev libboost-random1.83-dev libboost-regex1.83-dev
2026-09-05T04:57:01.1337329Z   libboost-serialization1.83-dev libboost-stacktrace1.83-dev
2026-09-05T04:57:01.1337779Z   libboost-system1.83-dev libboost-test1.83-dev libboost-thread1.83-dev
2026-09-05T04:57:01.1338268Z   libboost-timer1.83-dev libboost-type-erasure1.83-dev libboost-url1.83-dev
2026-09-05T04:57:01.1338771Z   libboost-wave1.83-dev libboost1.83-tools-dev libmpfrc++-dev libntl-dev
2026-09-05T04:57:01.1546276Z The following NEW packages will be installed:
2026-09-05T04:57:01.1560223Z   libboost-dev libboost1.83-dev
2026-09-05T04:57:01.1782389Z 0 upgraded, 2 newly installed, 0 to remove and 38 not upgraded.
2026-09-05T04:57:01.1783007Z Need to get 10.7 MB of archives.
2026-09-05T04:57:01.1783901Z After this operation, 161 MB of additional disk space will be used.
2026-09-05T04:57:01.1784322Z Get:1 file:/etc/apt/apt-mirrors.txt Mirrorlist [144 B]
2026-09-05T04:57:01.2259152Z Get:2 http://azure.archive.ubuntu.com/ubuntu noble-updates/main amd64 libboost1.83-dev amd64 1.83.0-2.1ubuntu3.2 [10.7 MB]
2026-09-05T04:57:01.3408817Z Get:3 http://azure.archive.ubuntu.com/ubuntu noble/main amd64 libboost-dev amd64 1.83.0.1ubuntu2 [4308 B]
2026-09-05T04:57:01.6274429Z Fetched 10.7 MB in 0s (61.6 MB/s)
2026-09-05T04:57:01.6566609Z Selecting previously unselected package libboost1.83-dev:amd64.
2026-09-05T04:57:01.6960935Z (Reading database ... 
2026-09-05T04:57:01.6961531Z (Reading database ... 5%
2026-09-05T04:57:01.6961814Z (Reading database ... 10%
2026-09-05T04:57:01.6962573Z (Reading database ... 15%
2026-09-05T04:57:01.6962919Z (Reading database ... 20%
2026-09-05T04:57:01.6963268Z (Reading database ... 25%
2026-09-05T04:57:01.6963602Z (Reading database ... 30%
2026-09-05T04:57:01.6963952Z (Reading database ... 35%
2026-09-05T04:57:01.6964196Z (Reading database ... 40%
2026-09-05T04:57:01.6964416Z (Reading database ... 45%
2026-09-05T04:57:01.6964634Z (Reading database ... 50%
2026-09-05T04:57:01.6964851Z (Reading database ... 55%
2026-09-05T04:57:01.9170748Z (Reading database ... 60%
2026-09-05T04:57:02.1702578Z (Reading database ... 65%
2026-09-05T04:57:03.1117728Z (Reading database ... 70%
2026-09-05T04:57:03.4028849Z (Reading database ... 75%
2026-09-05T04:57:03.5093406Z (Reading database ... 80%
2026-09-05T04:57:03.6521635Z (Reading database ... 85%
2026-09-05T04:57:03.8134554Z (Reading database ... 90%
2026-09-05T04:57:03.9032531Z (Reading database ... 95%
2026-09-05T04:57:03.9032995Z (Reading database ... 100%
2026-09-05T04:57:03.9033470Z (Reading database ... 201676 files and directories currently installed.)
2026-09-05T04:57:03.9081272Z Preparing to unpack .../libboost1.83-dev_1.83.0-2.1ubuntu3.2_amd64.deb ...
2026-09-05T04:57:03.9146884Z Unpacking libboost1.83-dev:amd64 (1.83.0-2.1ubuntu3.2) ...
2026-09-05T04:57:06.4602183Z Selecting previously unselected package libboost-dev:amd64.
2026-09-05T04:57:06.4811645Z Preparing to unpack .../libboost-dev_1.83.0.1ubuntu2_amd64.deb ...
2026-09-05T04:57:06.4819850Z Unpacking libboost-dev:amd64 (1.83.0.1ubuntu2) ...
2026-09-05T04:57:06.5222619Z Setting up libboost1.83-dev:amd64 (1.83.0-2.1ubuntu3.2) ...
2026-09-05T04:57:06.5249527Z Setting up libboost-dev:amd64 (1.83.0.1ubuntu2) ...
2026-09-05T04:57:07.1729012Z 
2026-09-05T04:57:07.1729689Z Running kernel seems to be up-to-date.
2026-09-05T04:57:07.1730073Z 
2026-09-05T04:57:07.1730239Z No services need to be restarted.
2026-09-05T04:57:07.1730438Z 
2026-09-05T04:57:07.1730552Z No containers need to be restarted.
2026-09-05T04:57:07.1730752Z 
2026-09-05T04:57:07.1730897Z No user sessions are running outdated binaries.
2026-09-05T04:57:07.1731117Z 
2026-09-05T04:57:07.1731328Z No VM guests are running outdated hypervisor (qemu) binaries on this host.
2026-09-05T04:57:08.4296331Z ##[group]Run cmake --version
2026-09-05T04:57:08.4296697Z [36;1mcmake --version[0m
2026-09-05T04:57:08.4296940Z [36;1mc++ --version[0m
2026-09-05T04:57:08.4338930Z shell: /usr/bin/bash -e {0}
2026-09-05T04:57:08.4339187Z env:
2026-09-05T04:57:08.4339465Z   OPENFHE_COMMIT: df495ba2e91739a6dc8f1de254fc5a41155ce504
2026-09-05T04:57:08.4339926Z   OPENFHE_PREFIX: /home/runner/work/20231788./20231788./.ci/openfhe-install
2026-09-05T04:57:08.4340302Z ##[endgroup]
2026-09-05T04:57:08.5259839Z cmake version 3.31.6
2026-09-05T04:57:08.5260141Z 
2026-09-05T04:57:08.5260457Z CMake suite maintained and supported by Kitware (kitware.com/cmake).
2026-09-05T04:57:08.5316550Z c++ (Ubuntu 13.3.0-6ubuntu2~24.04.1) 13.3.0
2026-09-05T04:57:08.5317131Z Copyright (C) 2023 Free Software Foundation, Inc.
2026-09-05T04:57:08.5317851Z This is free software; see the source for copying conditions.  There is NO
2026-09-05T04:57:08.5318761Z warranty; not even for MERCHANTABILITY or FITNESS FOR A PARTICULAR PURPOSE.
2026-09-05T04:57:08.5319592Z 
2026-09-05T04:57:08.5394189Z Node 20 is being deprecated. This workflow is running with Node 24 by default. If you need to temporarily use Node 20, you can set the ACTIONS_ALLOW_USE_UNSECURE_NODE_VERSION=true environment variable. For more information see: https://github.blog/changelog/2025-09-19-deprecation-of-node-20-on-github-actions-runners/
2026-09-05T04:57:08.5395404Z ##[group]Run actions/cache@v4
2026-09-05T04:57:08.5395657Z with:
2026-09-05T04:57:08.5396109Z   path: .ci/openfhe-install
2026-09-05T04:57:08.5396570Z   key: openfhe-1.5.0-Linux-gcc-native64-backend4-df495ba2e91739a6dc8f1de254fc5a41155ce504
2026-09-05T04:57:08.5397063Z   enableCrossOsArchive: false
2026-09-05T04:57:08.5397319Z   fail-on-cache-miss: false
2026-09-05T04:57:08.5397556Z   lookup-only: false
2026-09-05T04:57:08.5397772Z   save-always: false
2026-09-05T04:57:08.5397973Z env:
2026-09-05T04:57:08.5398226Z   OPENFHE_COMMIT: df495ba2e91739a6dc8f1de254fc5a41155ce504
2026-09-05T04:57:08.5398697Z   OPENFHE_PREFIX: /home/runner/work/20231788./20231788./.ci/openfhe-install
2026-09-05T04:57:08.5399080Z ##[endgroup]
2026-09-05T04:57:08.6535435Z (node:3249) [DEP0040] DeprecationWarning: The `punycode` module is deprecated. Please use a userland alternative instead.
2026-09-05T04:57:08.6536517Z (Use `node --trace-deprecation ...` to show where the warning was created)
2026-09-05T04:57:08.7555026Z Cache hit for: openfhe-1.5.0-Linux-gcc-native64-backend4-df495ba2e91739a6dc8f1de254fc5a41155ce504
2026-09-05T04:57:08.7656695Z (node:3249) [DEP0169] DeprecationWarning: `url.parse()` behavior is not standardized and prone to errors that have security implications. Use the WHATWG URL API instead. CVEs are not issued for `url.parse()` vulnerabilities.
2026-09-05T04:57:09.1833789Z Received 2477804 of 2477804 (100.0%), 7.5 MBs/sec
2026-09-05T04:57:09.1834500Z Cache Size: ~2 MB (2477804 B)
2026-09-05T04:57:09.1864072Z [command]/usr/bin/tar -xf /home/runner/work/_temp/6a57d9ee-521c-44b9-ad06-7d157729c393/cache.tzst -P -C /home/runner/work/20231788./20231788. --use-compress-program unzstd
2026-09-05T04:57:09.2242321Z Cache restored successfully
2026-09-05T04:57:09.2325072Z Cache restored from key: openfhe-1.5.0-Linux-gcc-native64-backend4-df495ba2e91739a6dc8f1de254fc5a41155ce504
2026-09-05T04:57:09.2478167Z ##[group]Run cmake -S . -B build -DCMAKE_BUILD_TYPE=Debug -DCMAKE_PREFIX_PATH=${OPENFHE_PREFIX}
2026-09-05T04:57:09.2478842Z [36;1mcmake -S . -B build -DCMAKE_BUILD_TYPE=Debug -DCMAKE_PREFIX_PATH=${OPENFHE_PREFIX}[0m
2026-09-05T04:57:09.2519299Z shell: /usr/bin/bash -e {0}
2026-09-05T04:57:09.2519568Z env:
2026-09-05T04:57:09.2519858Z   OPENFHE_COMMIT: df495ba2e91739a6dc8f1de254fc5a41155ce504
2026-09-05T04:57:09.2520314Z   OPENFHE_PREFIX: /home/runner/work/20231788./20231788./.ci/openfhe-install
2026-09-05T04:57:09.2520697Z ##[endgroup]
2026-09-05T04:57:09.8282965Z -- The CXX compiler identification is GNU 13.3.0
2026-09-05T04:57:09.9997019Z -- Detecting CXX compiler ABI info
2026-09-05T04:57:10.2305046Z -- Detecting CXX compiler ABI info - done
2026-09-05T04:57:10.2487284Z -- Check for working CXX compiler: /usr/bin/c++ - skipped
2026-09-05T04:57:10.2559458Z -- Detecting CXX compile features
2026-09-05T04:57:10.2568937Z -- Detecting CXX compile features - done
2026-09-05T04:57:10.2830657Z -- Configuring done (1.0s)
2026-09-05T04:57:10.3142374Z -- Generating done (0.0s)
2026-09-05T04:57:10.3145117Z -- Build files have been written to: /home/runner/work/20231788./20231788./build
2026-09-05T04:57:10.3203807Z ##[group]Run test "$(git rev-parse HEAD)" = "$GITHUB_SHA"
2026-09-05T04:57:10.3204306Z [36;1mtest "$(git rev-parse HEAD)" = "$GITHUB_SHA"[0m
2026-09-05T04:57:10.3204954Z [36;1mprintf 'PROJECT_SOURCE_COMMIT=%s GITHUB_RUN_ID=%s GITHUB_RUN_ATTEMPT=%s\n' "$GITHUB_SHA" "$GITHUB_RUN_ID" "$GITHUB_RUN_ATTEMPT"[0m
2026-09-05T04:57:10.3244603Z shell: /usr/bin/bash -e {0}
2026-09-05T04:57:10.3244874Z env:
2026-09-05T04:57:10.3245161Z   OPENFHE_COMMIT: df495ba2e91739a6dc8f1de254fc5a41155ce504
2026-09-05T04:57:10.3245613Z   OPENFHE_PREFIX: /home/runner/work/20231788./20231788./.ci/openfhe-install
2026-09-05T04:57:10.3246364Z ##[endgroup]
2026-09-05T04:57:10.3329673Z PROJECT_SOURCE_COMMIT=1192200f558c69c0967e8306ed1a8bddf786ca34 GITHUB_RUN_ID=33945897881 GITHUB_RUN_ATTEMPT=1
2026-09-05T04:57:10.3359037Z ##[group]Run cmake --build build --parallel 2
2026-09-05T04:57:10.3359441Z [36;1mcmake --build build --parallel 2[0m
2026-09-05T04:57:10.3398100Z shell: /usr/bin/bash -e {0}
2026-09-05T04:57:10.3398370Z env:
2026-09-05T04:57:10.3398660Z   OPENFHE_COMMIT: df495ba2e91739a6dc8f1de254fc5a41155ce504
2026-09-05T04:57:10.3399126Z   OPENFHE_PREFIX: /home/runner/work/20231788./20231788./.ci/openfhe-install
2026-09-05T04:57:10.3399511Z ##[endgroup]
2026-09-05T04:57:10.3640761Z [  3%] Building CXX object CMakeFiles/openfhe_2023_1788.dir/src/double_ckks.cpp.o
2026-09-05T04:57:10.3641765Z [  6%] Building CXX object CMakeFiles/openfhe_2023_1788.dir/src/paper_h128_client_keypair.cpp.o
2026-09-05T04:57:18.8989717Z [ 10%] Linking CXX static library libopenfhe_2023_1788.a
2026-09-05T04:57:19.5014351Z [ 10%] Built target openfhe_2023_1788
2026-09-05T04:57:19.5095208Z [ 13%] Building CXX object CMakeFiles/dcp_rcb_test.dir/tests/dcp_rcb_test.cpp.o
2026-09-05T04:57:19.5096573Z [ 17%] Building CXX object CMakeFiles/tensor2_api_contract_test.dir/tests/tensor2_api_contract_test.cpp.o
2026-09-05T04:57:22.3525195Z [ 20%] Linking CXX executable tensor2_api_contract_test
2026-09-05T04:57:22.4631319Z [ 20%] Built target tensor2_api_contract_test
2026-09-05T04:57:22.4709890Z [ 24%] Building CXX object CMakeFiles/pair_add_test.dir/tests/pair_add_test.cpp.o
2026-09-05T04:57:30.8924703Z [ 27%] Linking CXX executable pair_add_test
2026-09-05T04:57:31.0177960Z [ 27%] Built target pair_add_test
2026-09-05T04:57:31.0254668Z [ 31%] Building CXX object CMakeFiles/pair_sub_test.dir/tests/pair_sub_test.cpp.o
2026-09-05T04:57:35.6725408Z [ 34%] Linking CXX executable dcp_rcb_test
2026-09-05T04:57:35.8155574Z [ 34%] Built target dcp_rcb_test
2026-09-05T04:57:35.8232832Z [ 37%] Building CXX object CMakeFiles/pair_arithmetic_test.dir/tests/pair_arithmetic_test.cpp.o
2026-09-05T04:57:39.5010709Z [ 41%] Linking CXX executable pair_sub_test
2026-09-05T04:57:39.6248413Z [ 41%] Built target pair_sub_test
2026-09-05T04:57:39.6326658Z [ 44%] Building CXX object CMakeFiles/tensor2_test.dir/tests/tensor2_test.cpp.o
2026-09-05T04:57:52.1918983Z [ 48%] Linking CXX executable pair_arithmetic_test
2026-09-05T04:57:52.3324286Z [ 48%] Built target pair_arithmetic_test
2026-09-05T04:57:52.3408550Z [ 51%] Building CXX object CMakeFiles/relin2_test.dir/tests/relin2_test.cpp.o
2026-09-05T04:57:53.2810706Z [ 55%] Linking CXX executable tensor2_test
2026-09-05T04:57:53.4122091Z [ 55%] Built target tensor2_test
2026-09-05T04:57:53.4201309Z [ 58%] Building CXX object CMakeFiles/rs2_test.dir/tests/rs2_test.cpp.o
2026-09-05T04:58:08.6772049Z [ 62%] Linking CXX executable rs2_test
2026-09-05T04:58:08.8106458Z [ 62%] Built target rs2_test
2026-09-05T04:58:08.8184477Z [ 65%] Building CXX object CMakeFiles/mult2_test.dir/tests/mult2_test.cpp.o
2026-09-05T04:58:17.4134868Z [ 68%] Linking CXX executable mult2_test
2026-09-05T04:58:17.5381196Z [ 68%] Built target mult2_test
2026-09-05T04:58:17.5459403Z [ 72%] Building CXX object CMakeFiles/mult2_e2e_oracle_test.dir/tests/mult2_e2e_oracle_test.cpp.o
2026-09-05T04:58:20.2533637Z [ 75%] Linking CXX executable relin2_test
2026-09-05T04:58:20.4090433Z [ 75%] Built target relin2_test
2026-09-05T04:58:20.4169607Z [ 79%] Building CXX object CMakeFiles/precision_dcp_rcb_contract_test.dir/tests/precision_dcp_rcb_contract_test.cpp.o
2026-09-05T04:58:34.0981679Z [ 82%] Linking CXX executable mult2_e2e_oracle_test
2026-09-05T04:58:34.2375551Z [ 82%] Built target mult2_e2e_oracle_test
2026-09-05T04:58:34.2455975Z [ 86%] Building CXX object CMakeFiles/precision_first_mult2_contract_test.dir/tests/precision_first_mult2_contract_test.cpp.o
2026-09-05T04:58:37.9231864Z [ 89%] Building CXX object CMakeFiles/precision_dcp_rcb_contract_test.dir/tests/precision_dcp_rcb_fixture.cpp.o
2026-09-05T04:58:51.0035090Z [ 93%] Linking CXX executable precision_dcp_rcb_contract_test
2026-09-05T04:58:51.1628974Z [ 93%] Built target precision_dcp_rcb_contract_test
2026-09-05T04:58:51.1654612Z [ 96%] Building CXX object CMakeFiles/precision_first_mult2_contract_test.dir/tests/precision_dcp_rcb_fixture.cpp.o
2026-09-05T04:59:04.1684538Z [100%] Linking CXX executable precision_first_mult2_contract_test
2026-09-05T04:59:04.3294182Z [100%] Built target precision_first_mult2_contract_test
2026-09-05T04:59:04.3381673Z ##[group]Run cmake --build build --target relin2_api_contract_test --parallel 2
2026-09-05T04:59:04.3382243Z [36;1mcmake --build build --target relin2_api_contract_test --parallel 2[0m
2026-09-05T04:59:04.3421904Z shell: /usr/bin/bash -e {0}
2026-09-05T04:59:04.3422169Z env:
2026-09-05T04:59:04.3422453Z   OPENFHE_COMMIT: df495ba2e91739a6dc8f1de254fc5a41155ce504
2026-09-05T04:59:04.3422931Z   OPENFHE_PREFIX: /home/runner/work/20231788./20231788./.ci/openfhe-install
2026-09-05T04:59:04.3423317Z ##[endgroup]
2026-09-05T04:59:04.3820509Z [ 60%] Built target openfhe_2023_1788
2026-09-05T04:59:04.3898154Z [ 80%] Building CXX object CMakeFiles/relin2_api_contract_test.dir/tests/relin2_api_contract_test.cpp.o
2026-09-05T04:59:07.1652215Z [100%] Linking CXX executable relin2_api_contract_test
2026-09-05T04:59:07.2387408Z [100%] Built target relin2_api_contract_test
2026-09-05T04:59:07.2453563Z ##[group]Run cmake --build build --target rs2_api_contract_test --parallel 2
2026-09-05T04:59:07.2454115Z [36;1mcmake --build build --target rs2_api_contract_test --parallel 2[0m
2026-09-05T04:59:07.2493580Z shell: /usr/bin/bash -e {0}
2026-09-05T04:59:07.2493855Z env:
2026-09-05T04:59:07.2494143Z   OPENFHE_COMMIT: df495ba2e91739a6dc8f1de254fc5a41155ce504
2026-09-05T04:59:07.2494607Z   OPENFHE_PREFIX: /home/runner/work/20231788./20231788./.ci/openfhe-install
2026-09-05T04:59:07.2494995Z ##[endgroup]
2026-09-05T04:59:07.2838998Z [ 60%] Built target openfhe_2023_1788
2026-09-05T04:59:07.2914521Z [ 80%] Building CXX object CMakeFiles/rs2_api_contract_test.dir/tests/rs2_api_contract_test.cpp.o
2026-09-05T04:59:10.0350991Z [100%] Linking CXX executable rs2_api_contract_test
2026-09-05T04:59:10.1126264Z [100%] Built target rs2_api_contract_test
2026-09-05T04:59:10.1191581Z ##[group]Run cmake --build build --target mult2_api_contract_test --parallel 2
2026-09-05T04:59:10.1192141Z [36;1mcmake --build build --target mult2_api_contract_test --parallel 2[0m
2026-09-05T04:59:10.1231124Z shell: /usr/bin/bash -e {0}
2026-09-05T04:59:10.1231391Z env:
2026-09-05T04:59:10.1231677Z   OPENFHE_COMMIT: df495ba2e91739a6dc8f1de254fc5a41155ce504
2026-09-05T04:59:10.1232133Z   OPENFHE_PREFIX: /home/runner/work/20231788./20231788./.ci/openfhe-install
2026-09-05T04:59:10.1232519Z ##[endgroup]
2026-09-05T04:59:10.1578042Z [ 60%] Built target openfhe_2023_1788
2026-09-05T04:59:10.1654909Z [ 80%] Building CXX object CMakeFiles/mult2_api_contract_test.dir/tests/mult2_api_contract_test.cpp.o
2026-09-05T04:59:12.9398986Z [100%] Linking CXX executable mult2_api_contract_test
2026-09-05T04:59:13.0124204Z [100%] Built target mult2_api_contract_test
2026-09-05T04:59:13.0190553Z ##[group]Run cmake --build build --target add_api_contract_test --parallel 2
2026-09-05T04:59:13.0191101Z [36;1mcmake --build build --target add_api_contract_test --parallel 2[0m
2026-09-05T04:59:13.0231758Z shell: /usr/bin/bash -e {0}
2026-09-05T04:59:13.0232026Z env:
2026-09-05T04:59:13.0232315Z   OPENFHE_COMMIT: df495ba2e91739a6dc8f1de254fc5a41155ce504
2026-09-05T04:59:13.0232769Z   OPENFHE_PREFIX: /home/runner/work/20231788./20231788./.ci/openfhe-install
2026-09-05T04:59:13.0233152Z ##[endgroup]
2026-09-05T04:59:13.0574366Z [ 60%] Built target openfhe_2023_1788
2026-09-05T04:59:13.0650414Z [ 80%] Building CXX object CMakeFiles/add_api_contract_test.dir/tests/add_api_contract_test.cpp.o
2026-09-05T04:59:15.8277094Z [100%] Linking CXX executable add_api_contract_test
2026-09-05T04:59:15.9024987Z [100%] Built target add_api_contract_test
2026-09-05T04:59:15.9098711Z ##[group]Run cmake --build build --target sub_api_contract_test --parallel 2
2026-09-05T04:59:15.9099803Z [36;1mcmake --build build --target sub_api_contract_test --parallel 2[0m
2026-09-05T04:59:15.9148022Z shell: /usr/bin/bash -e {0}
2026-09-05T04:59:15.9148304Z env:
2026-09-05T04:59:15.9148595Z   OPENFHE_COMMIT: df495ba2e91739a6dc8f1de254fc5a41155ce504
2026-09-05T04:59:15.9149068Z   OPENFHE_PREFIX: /home/runner/work/20231788./20231788./.ci/openfhe-install
2026-09-05T04:59:15.9149473Z ##[endgroup]
2026-09-05T04:59:15.9492671Z [ 60%] Built target openfhe_2023_1788
2026-09-05T04:59:15.9571625Z [ 80%] Building CXX object CMakeFiles/sub_api_contract_test.dir/tests/sub_api_contract_test.cpp.o
2026-09-05T04:59:18.7147665Z [100%] Linking CXX executable sub_api_contract_test
2026-09-05T04:59:18.7901103Z [100%] Built target sub_api_contract_test
2026-09-05T04:59:18.7976363Z ##[group]Run cmake --build build --target precision_first_mult2_contract_test --parallel 2
2026-09-05T04:59:18.7977417Z [36;1mcmake --build build --target precision_first_mult2_contract_test --parallel 2[0m
2026-09-05T04:59:18.7978489Z [36;1mctest --test-dir build --verbose --output-on-failure -R '^precision_first_mult2_high_precision_contract$'[0m
2026-09-05T04:59:18.8026469Z shell: /usr/bin/bash -e {0}
2026-09-05T04:59:18.8026750Z env:
2026-09-05T04:59:18.8027061Z   OPENFHE_COMMIT: df495ba2e91739a6dc8f1de254fc5a41155ce504
2026-09-05T04:59:18.8027528Z   OPENFHE_PREFIX: /home/runner/work/20231788./20231788./.ci/openfhe-install
2026-09-05T04:59:18.8027907Z ##[endgroup]
2026-09-05T04:59:18.8383214Z [ 50%] Built target openfhe_2023_1788
2026-09-05T04:59:18.8687479Z [100%] Built target precision_first_mult2_contract_test
2026-09-05T04:59:19.3932832Z Internal ctest changing into directory: /home/runner/work/20231788./20231788./build
2026-09-05T04:59:19.3933804Z UpdateCTestConfiguration  from :/home/runner/work/20231788./20231788./build/DartConfiguration.tcl
2026-09-05T04:59:19.4841302Z UpdateCTestConfiguration  from :/home/runner/work/20231788./20231788./build/DartConfiguration.tcl
2026-09-05T04:59:19.4880755Z Test project /home/runner/work/20231788./20231788./build
2026-09-05T04:59:19.4885102Z Constructing a list of tests
2026-09-05T04:59:19.5098376Z Done constructing a list of tests
2026-09-05T04:59:19.5098893Z Updating test list for fixtures
2026-09-05T04:59:19.5099210Z Added 0 tests to meet fixture requirements
2026-09-05T04:59:19.5444677Z Checking test dependency graph...
2026-09-05T04:59:19.5445060Z Checking test dependency graph end
2026-09-05T04:59:19.5621165Z test 3
2026-09-05T04:59:19.5621552Z     Start 3: precision_first_mult2_high_precision_contract
2026-09-05T04:59:19.5621821Z 
2026-09-05T04:59:19.5622101Z 3: Test command: /home/runner/work/20231788./20231788./build/precision_first_mult2_contract_test
2026-09-05T04:59:19.5622679Z 3: Working Directory: /home/runner/work/20231788./20231788./build
2026-09-05T04:59:19.5726284Z 3: Test timeout computed to be: 10000000
2026-09-05T04:59:19.7501167Z 3: test=precision_first_mult2_high_precision_contract trial=0 claim_scope=first-Mult2-diagnostic-only security_level=HEStd_NotSet(diagnostic-only) key_switch=HYBRID ckks_data_type=COMPLEX N=64 batch=16 depth=7 scaling_mod_size=50 first_mod_size=55 input_scale_numerator=2^100 final_logical_scale_numerator=2^200 final_logical_scale_denominator=1267650600226646386227681786497 q_div=1125899906843009 q_l=1125899906840833 input_product_centered_headroom_bits=160 output_centered_headroom_bits=210 coefficient_error_numerator=138280691397898402558295632664689 coefficient_error_denominator=1267650600226646386227681786497 frozen_abs_tolerance=2^-80 product_delta_error=4.4557764864040562130921557898812411988002e-28 max_slot_error=4.7547182698586456050836846973375797364783e-28
2026-09-05T04:59:19.7506435Z 3: test=precision_first_mult2_high_precision_contract trial=1 claim_scope=first-Mult2-diagnostic-only security_level=HEStd_NotSet(diagnostic-only) key_switch=HYBRID ckks_data_type=COMPLEX N=64 batch=16 depth=7 scaling_mod_size=50 first_mod_size=55 input_scale_numerator=2^100 final_logical_scale_numerator=2^200 final_logical_scale_denominator=1267650600226646386227681786497 q_div=1125899906843009 q_l=1125899906840833 input_product_centered_headroom_bits=160 output_centered_headroom_bits=210 coefficient_error_numerator=85222255589518022410039874588260 coefficient_error_denominator=1267650600226646386227681786497 frozen_abs_tolerance=2^-80 product_delta_error=1.3689035543286188423688721556347758999724e-28 max_slot_error=6.3804268060134431088513074145805121204924e-28
2026-09-05T04:59:19.7511855Z 3: test=precision_first_mult2_high_precision_contract trial=2 claim_scope=first-Mult2-diagnostic-only security_level=HEStd_NotSet(diagnostic-only) key_switch=HYBRID ckks_data_type=COMPLEX N=64 batch=16 depth=7 scaling_mod_size=50 first_mod_size=55 input_scale_numerator=2^100 final_logical_scale_numerator=2^200 final_logical_scale_denominator=1267650600226646386227681786497 q_div=1125899906843009 q_l=1125899906840833 input_product_centered_headroom_bits=160 output_centered_headroom_bits=210 coefficient_error_numerator=77706907398150811304831421998278 coefficient_error_denominator=1267650600226646386227681786497 frozen_abs_tolerance=2^-80 product_delta_error=1.3954590608079518715614260417986388246201e-28 max_slot_error=3.3214736716765342786221044914099128622256e-28
2026-09-05T04:59:19.7516755Z 3: test=precision_first_mult2_high_precision_contract trial=3 claim_scope=first-Mult2-diagnostic-only security_level=HEStd_NotSet(diagnostic-only) key_switch=HYBRID ckks_data_type=COMPLEX N=64 batch=16 depth=7 scaling_mod_size=50 first_mod_size=55 input_scale_numerator=2^100 final_logical_scale_numerator=2^200 final_logical_scale_denominator=1267650600226646386227681786497 q_div=1125899906843009 q_l=1125899906840833 input_product_centered_headroom_bits=160 output_centered_headroom_bits=210 coefficient_error_numerator=95227006335045946663202918582557 coefficient_error_denominator=1267650600226646386227681786497 frozen_abs_tolerance=2^-80 product_delta_error=6.3904577687276834597679329224110388485911e-29 max_slot_error=5.6141284767903942760898097435019378782537e-28
2026-09-05T04:59:19.7519306Z 3: precision_first_mult2_high_precision_contract=PASS
2026-09-05T04:59:19.7519766Z 1/1 Test #3: precision_first_mult2_high_precision_contract ...   Passed    0.18 sec
2026-09-05T04:59:19.7734729Z 
2026-09-05T04:59:19.7735230Z The following tests passed:
2026-09-05T04:59:19.7735729Z 	precision_first_mult2_high_precision_contract
2026-09-05T04:59:19.7736279Z 
2026-09-05T04:59:19.7736400Z 100% tests passed, 0 tests failed out of 1
2026-09-05T04:59:19.7736597Z 
2026-09-05T04:59:19.7736705Z Total Test time (real) =   0.29 sec
2026-09-05T04:59:19.8183192Z ##[group]Run ctest --test-dir build --verbose --output-on-failure -R '^mult2_pair_(add|sub)_input_hybrid_complex$'
2026-09-05T04:59:19.8183968Z [36;1mctest --test-dir build --verbose --output-on-failure -R '^mult2_pair_(add|sub)_input_hybrid_complex$'[0m
2026-09-05T04:59:19.8223315Z shell: /usr/bin/bash -e {0}
2026-09-05T04:59:19.8223583Z env:
2026-09-05T04:59:19.8223872Z   OPENFHE_COMMIT: df495ba2e91739a6dc8f1de254fc5a41155ce504
2026-09-05T04:59:19.8224341Z   OPENFHE_PREFIX: /home/runner/work/20231788./20231788./.ci/openfhe-install
2026-09-05T04:59:19.8224735Z ##[endgroup]
2026-09-05T04:59:19.8308053Z Internal ctest changing into directory: /home/runner/work/20231788./20231788./build
2026-09-05T04:59:19.8309001Z UpdateCTestConfiguration  from :/home/runner/work/20231788./20231788./build/DartConfiguration.tcl
2026-09-05T04:59:19.8310525Z UpdateCTestConfiguration  from :/home/runner/work/20231788./20231788./build/DartConfiguration.tcl
2026-09-05T04:59:19.8311527Z Test project /home/runner/work/20231788./20231788./build
2026-09-05T04:59:19.8312066Z Constructing a list of tests
2026-09-05T04:59:19.8322144Z Done constructing a list of tests
2026-09-05T04:59:19.8322890Z Updating test list for fixtures
2026-09-05T04:59:19.8323345Z Added 0 tests to meet fixture requirements
2026-09-05T04:59:19.8323811Z Checking test dependency graph...
2026-09-05T04:59:19.8324229Z Checking test dependency graph end
2026-09-05T04:59:19.8324625Z test 56
2026-09-05T04:59:19.8325257Z     Start 56: mult2_pair_add_input_hybrid_complex
2026-09-05T04:59:19.8325598Z 
2026-09-05T04:59:19.8326290Z 56: Test command: /home/runner/work/20231788./20231788./build/mult2_e2e_oracle_test "pair_add_input_hybrid_complex"
2026-09-05T04:59:19.8327178Z 56: Working Directory: /home/runner/work/20231788./20231788./build
2026-09-05T04:59:19.8327726Z 56: Test timeout computed to be: 10000000
2026-09-05T04:59:19.9107025Z 56: [RELIN2-EXECUTION] q_div=1073741953 q_l=1073741441 ordinary_combined_relin_execution_error=20 pair_relin_execution_error=35 high_path_relin_error=18 low_path_relin_error=20 execution_relin2_triangle_bound=38 paper_additivity_residual=24 paper_additivity_execution_observed=true secret_h=44 input_Q_l=52656049226897061758347970843194892279389197066160739197584863617 oracle_basis_agreement=true
2026-09-05T04:59:19.9113838Z 56: case=pair_add_input_hybrid_complex security_level=HEStd_NotSet(functional-only) key_switch=HYBRID secret_key_dist=UNIFORM_TERNARY ckks_data_type=COMPLEX selected_ring_dimension=64 actual_N=64 batch_size=16 host_vector_length=8 encoding_noise_scale_degree=2 encoding_level=0 scaling_technique=FIXEDMANUAL digit_size=0 max_relin_sk_deg=2 scaling_mod_size=30 first_mod_size=35 multiplicative_depth=7 active_Q_l_towers=7 Q_l_bits=215 preselection_required_bits=174 selection_reserve_bits=32 q_div=1073741953 q_l=1073741441 ratio_2^(2p)/(q_div*q_l)=1.00000023655603276 descriptor_ratio=1.00000023655603276 M_high=89261195 M_low=6442451752 secret_h=44 ordinary_combined_relin_execution_error=20 pair_relin_execution_error=35 high_path_relin_error=18 low_path_relin_error=20 execution_relin2_triangle_bound=38 paper_additivity_residual=24 paper_additivity_execution_observed=true execution_certificate=PER_PATH_CONDITIONAL conservative_E_Relin_available=false universal_theorem_gate=UNPROVED execution_nonwrap_left=587902449975922659058408406582692454 execution_nonwrap_right_Q_l_over_2=26328024613448530879173985421597446139694598533080369598792431808 coefficient_error=128862106528492558840/1152921231876374273 execution_bound=5364545081352568527225/2305842463752748546 fixed_key_bv_bound_available=false frozen_decoded_abs_tolerance=0.00100000000000000002 measured_recorded_bias_error=6.60322139767473606e-10 measured_logical_slot_error=6.60321983564322688e-10
2026-09-05T04:59:19.9120210Z 1/2 Test #56: mult2_pair_add_input_hybrid_complex ...   Passed    0.08 sec
2026-09-05T04:59:19.9120787Z test 57
2026-09-05T04:59:19.9121143Z     Start 57: mult2_pair_sub_input_hybrid_complex
2026-09-05T04:59:19.9121469Z 
2026-09-05T04:59:19.9122327Z 57: Test command: /home/runner/work/20231788./20231788./build/mult2_e2e_oracle_test "pair_sub_input_hybrid_complex"
2026-09-05T04:59:19.9123253Z 57: Working Directory: /home/runner/work/20231788./20231788./build
2026-09-05T04:59:19.9123810Z 57: Test timeout computed to be: 10000000
2026-09-05T04:59:19.9852749Z 57: [RELIN2-EXECUTION] q_div=1073741953 q_l=1073741441 ordinary_combined_relin_execution_error=13 pair_relin_execution_error=29 high_path_relin_error=17 low_path_relin_error=16 execution_relin2_triangle_bound=33 paper_additivity_residual=22 paper_additivity_execution_observed=true secret_h=46 input_Q_l=52656049226897061758347970843194892279389197066160739197584863617 oracle_basis_agreement=true
2026-09-05T04:59:19.9859757Z 57: case=pair_sub_input_hybrid_complex security_level=HEStd_NotSet(functional-only) key_switch=HYBRID secret_key_dist=UNIFORM_TERNARY ckks_data_type=COMPLEX selected_ring_dimension=64 actual_N=64 batch_size=16 host_vector_length=8 encoding_noise_scale_degree=2 encoding_level=0 scaling_technique=FIXEDMANUAL digit_size=0 max_relin_sk_deg=2 scaling_mod_size=30 first_mod_size=35 multiplicative_depth=7 active_Q_l_towers=7 Q_l_bits=215 preselection_required_bits=174 selection_reserve_bits=32 q_div=1073741953 q_l=1073741441 ratio_2^(2p)/(q_div*q_l)=1.00000023655603276 descriptor_ratio=1.00000023655603276 M_high=89261191 M_low=8589935595 secret_h=46 ordinary_combined_relin_execution_error=13 pair_relin_execution_error=29 high_path_relin_error=17 low_path_relin_error=16 execution_relin2_triangle_bound=33 paper_additivity_residual=22 paper_additivity_execution_observed=true execution_certificate=PER_PATH_CONDITIONAL conservative_E_Relin_available=false universal_theorem_gate=UNPROVED execution_nonwrap_left=587902423630659362110422138131067169 execution_nonwrap_right_Q_l_over_2=26328024613448530879173985421597446139694598533080369598792431808 coefficient_error=144758133093313562824/1152921231876374273 execution_bound=9498922469328801074929/2305842463752748546 fixed_key_bv_bound_available=false frozen_decoded_abs_tolerance=0.00100000000000000002 measured_recorded_bias_error=8.52649814821960696e-10 measured_logical_slot_error=8.52649611778126229e-10
2026-09-05T04:59:19.9865496Z 2/2 Test #57: mult2_pair_sub_input_hybrid_complex ...   Passed    0.07 sec
2026-09-05T04:59:19.9865963Z 
2026-09-05T04:59:19.9866072Z The following tests passed:
2026-09-05T04:59:19.9866350Z 	mult2_pair_add_input_hybrid_complex
2026-09-05T04:59:19.9866639Z 	mult2_pair_sub_input_hybrid_complex
2026-09-05T04:59:19.9866814Z 
2026-09-05T04:59:19.9866932Z 100% tests passed, 0 tests failed out of 2
2026-09-05T04:59:19.9867129Z 
2026-09-05T04:59:19.9867231Z Total Test time (real) =   0.16 sec
2026-09-05T04:59:19.9929276Z ##[group]Run ctest --test-dir build --verbose --output-on-failure -E '^paper_h128_client_keypair_contract$'
2026-09-05T04:59:19.9930282Z [36;1mctest --test-dir build --verbose --output-on-failure -E '^paper_h128_client_keypair_contract$'[0m
2026-09-05T04:59:19.9969421Z shell: /usr/bin/bash -e {0}
2026-09-05T04:59:19.9969685Z env:
2026-09-05T04:59:19.9969971Z   OPENFHE_COMMIT: df495ba2e91739a6dc8f1de254fc5a41155ce504
2026-09-05T04:59:19.9970442Z   OPENFHE_PREFIX: /home/runner/work/20231788./20231788./.ci/openfhe-install
2026-09-05T04:59:19.9970827Z ##[endgroup]
2026-09-05T04:59:20.0053104Z Internal ctest changing into directory: /home/runner/work/20231788./20231788./build
2026-09-05T04:59:20.0053762Z UpdateCTestConfiguration  from :/home/runner/work/20231788./20231788./build/DartConfiguration.tcl
2026-09-05T04:59:20.0055408Z UpdateCTestConfiguration  from :/home/runner/work/20231788./20231788./build/DartConfiguration.tcl
2026-09-05T04:59:20.0056299Z Test project /home/runner/work/20231788./20231788./build
2026-09-05T04:59:20.0056703Z Constructing a list of tests
2026-09-05T04:59:20.0066658Z Done constructing a list of tests
2026-09-05T04:59:20.0067706Z Updating test list for fixtures
2026-09-05T04:59:20.0068171Z Added 0 tests to meet fixture requirements
2026-09-05T04:59:20.0069542Z Checking test dependency graph...
2026-09-05T04:59:20.0069965Z Checking test dependency graph end
2026-09-05T04:59:20.0070672Z test 1
2026-09-05T04:59:20.0071021Z       Start  1: dcp_rcb
2026-09-05T04:59:20.0071242Z 
2026-09-05T04:59:20.0071527Z 1: Test command: /home/runner/work/20231788./20231788./build/dcp_rcb_test
2026-09-05T04:59:20.0072188Z 1: Working Directory: /home/runner/work/20231788./20231788./build
2026-09-05T04:59:20.0072724Z 1: Test timeout computed to be: 10000000
2026-09-05T04:59:20.0275344Z 1: DCP/RCB independent-oracle tests passed
2026-09-05T04:59:20.0280559Z  1/57 Test  #1: dcp_rcb .........................................   Passed    0.02 sec
2026-09-05T04:59:20.0282955Z test 2
2026-09-05T04:59:20.0283385Z       Start  2: precision_dcp_rcb_high_precision_contract
2026-09-05T04:59:20.0283740Z 
2026-09-05T04:59:20.0284140Z 2: Test command: /home/runner/work/20231788./20231788./build/precision_dcp_rcb_contract_test
2026-09-05T04:59:20.0284748Z 2: Working Directory: /home/runner/work/20231788./20231788./build
2026-09-05T04:59:20.0285121Z 2: Test timeout computed to be: 10000000
2026-09-05T04:59:20.0853351Z 2: test=precision_dcp_rcb_high_precision_contract trial=0 security_level=HEStd_NotSet(functional-diagnostic-only) key_switch=HYBRID ckks_data_type=COMPLEX N=64 batch=16 depth=7 scaling_mod_size=50 first_mod_size=55 scale_bits=100 q_div=1125899906843009 active_modulus_bits=356 maximum_coefficient_bits=98 approximate_headroom_bits=258 delta_error=7.4626955287236609871690251288788285062099e-29 max_slot_error=3.7042469299155465118959879591166176663018e-28
2026-09-05T04:59:20.0857726Z 2: test=precision_dcp_rcb_high_precision_contract trial=1 security_level=HEStd_NotSet(functional-diagnostic-only) key_switch=HYBRID ckks_data_type=COMPLEX N=64 batch=16 depth=7 scaling_mod_size=50 first_mod_size=55 scale_bits=100 q_div=1125899906843009 active_modulus_bits=356 maximum_coefficient_bits=98 approximate_headroom_bits=258 delta_error=4.6369919855227590073175762396246813324540e-29 max_slot_error=2.8301627498894668479899190321254672600461e-28
2026-09-05T04:59:20.0862449Z 2: test=precision_dcp_rcb_high_precision_contract trial=2 security_level=HEStd_NotSet(functional-diagnostic-only) key_switch=HYBRID ckks_data_type=COMPLEX N=64 batch=16 depth=7 scaling_mod_size=50 first_mod_size=55 scale_bits=100 q_div=1125899906843009 active_modulus_bits=356 maximum_coefficient_bits=98 approximate_headroom_bits=258 delta_error=5.6377217382331881376959775930140832427487e-29 max_slot_error=3.3192897881670667733218095991569993558119e-28
2026-09-05T04:59:20.0866121Z 2: test=precision_dcp_rcb_high_precision_contract trial=3 security_level=HEStd_NotSet(functional-diagnostic-only) key_switch=HYBRID ckks_data_type=COMPLEX N=64 batch=16 depth=7 scaling_mod_size=50 first_mod_size=55 scale_bits=100 q_div=1125899906843009 active_modulus_bits=356 maximum_coefficient_bits=98 approximate_headroom_bits=258 delta_error=8.4655370383058208591463863348785642460751e-29 max_slot_error=2.4767511014909421947482865818722208405076e-28
2026-09-05T04:59:20.0867776Z 2: precision_dcp_rcb_high_precision_contract=PASS
2026-09-05T04:59:20.0868483Z  2/57 Test  #2: precision_dcp_rcb_high_precision_contract .......   Passed    0.06 sec
2026-09-05T04:59:20.0869130Z test 3
2026-09-05T04:59:20.0869530Z       Start  3: precision_first_mult2_high_precision_contract
2026-09-05T04:59:20.0869911Z 
2026-09-05T04:59:20.0870328Z 3: Test command: /home/runner/work/20231788./20231788./build/precision_first_mult2_contract_test
2026-09-05T04:59:20.0870891Z 3: Working Directory: /home/runner/work/20231788./20231788./build
2026-09-05T04:59:20.0871267Z 3: Test timeout computed to be: 10000000
2026-09-05T04:59:20.2551271Z 3: test=precision_first_mult2_high_precision_contract trial=0 claim_scope=first-Mult2-diagnostic-only security_level=HEStd_NotSet(diagnostic-only) key_switch=HYBRID ckks_data_type=COMPLEX N=64 batch=16 depth=7 scaling_mod_size=50 first_mod_size=55 input_scale_numerator=2^100 final_logical_scale_numerator=2^200 final_logical_scale_denominator=1267650600226646386227681786497 q_div=1125899906843009 q_l=1125899906840833 input_product_centered_headroom_bits=160 output_centered_headroom_bits=210 coefficient_error_numerator=152676624833201640703761835036499 coefficient_error_denominator=1267650600226646386227681786497 frozen_abs_tolerance=2^-80 product_delta_error=6.3699211601698822599982334107799548405489e-29 max_slot_error=9.9699097906199110340906667779924899452338e-28
2026-09-05T04:59:20.2561756Z 3: test=precision_first_mult2_high_precision_contract trial=1 claim_scope=first-Mult2-diagnostic-only security_level=HEStd_NotSet(diagnostic-only) key_switch=HYBRID ckks_data_type=COMPLEX N=64 batch=16 depth=7 scaling_mod_size=50 first_mod_size=55 input_scale_numerator=2^100 final_logical_scale_numerator=2^200 final_logical_scale_denominator=1267650600226646386227681786497 q_div=1125899906843009 q_l=1125899906840833 input_product_centered_headroom_bits=160 output_centered_headroom_bits=210 coefficient_error_numerator=168618347166958910659607756107286 coefficient_error_denominator=1267650600226646386227681786497 frozen_abs_tolerance=2^-80 product_delta_error=1.6668950159718215993151724005144421690744e-28 max_slot_error=4.6120761348060432014137290053171284003116e-28
2026-09-05T04:59:20.2567895Z 3: test=precision_first_mult2_high_precision_contract trial=2 claim_scope=first-Mult2-diagnostic-only security_level=HEStd_NotSet(diagnostic-only) key_switch=HYBRID ckks_data_type=COMPLEX N=64 batch=16 depth=7 scaling_mod_size=50 first_mod_size=55 input_scale_numerator=2^100 final_logical_scale_numerator=2^200 final_logical_scale_denominator=1267650600226646386227681786497 q_div=1125899906843009 q_l=1125899906840833 input_product_centered_headroom_bits=160 output_centered_headroom_bits=210 coefficient_error_numerator=148033998437721477724194255734221 coefficient_error_denominator=1267650600226646386227681786497 frozen_abs_tolerance=2^-80 product_delta_error=1.9059107963566819968754628444021404337460e-29 max_slot_error=3.3215503383882670412520292648717234500532e-28
2026-09-05T04:59:20.2573072Z 3: test=precision_first_mult2_high_precision_contract trial=3 claim_scope=first-Mult2-diagnostic-only security_level=HEStd_NotSet(diagnostic-only) key_switch=HYBRID ckks_data_type=COMPLEX N=64 batch=16 depth=7 scaling_mod_size=50 first_mod_size=55 input_scale_numerator=2^100 final_logical_scale_numerator=2^200 final_logical_scale_denominator=1267650600226646386227681786497 q_div=1125899906843009 q_l=1125899906840833 input_product_centered_headroom_bits=160 output_centered_headroom_bits=210 coefficient_error_numerator=113960243027352595411939221572903 coefficient_error_denominator=1267650600226646386227681786497 frozen_abs_tolerance=2^-80 product_delta_error=6.8692496112517064421082976858975991758593e-29 max_slot_error=5.4919250371157933502131400992543723571916e-28
2026-09-05T04:59:20.2575608Z 3: precision_first_mult2_high_precision_contract=PASS
2026-09-05T04:59:20.2576270Z  3/57 Test  #3: precision_first_mult2_high_precision_contract ...   Passed    0.17 sec
2026-09-05T04:59:20.2576795Z test 4
2026-09-05T04:59:20.2577112Z       Start  4: pair_add_runtime_behavior
2026-09-05T04:59:20.2577380Z 
2026-09-05T04:59:20.2577629Z 4: Test command: /home/runner/work/20231788./20231788./build/pair_add_test
2026-09-05T04:59:20.2578159Z 4: Working Directory: /home/runner/work/20231788./20231788./build
2026-09-05T04:59:20.2578674Z 4: Test timeout computed to be: 10000000
2026-09-05T04:59:20.3315515Z 4: pair Add runtime behavior passed
2026-09-05T04:59:20.3323648Z  4/57 Test  #4: pair_add_runtime_behavior .......................   Passed    0.08 sec
2026-09-05T04:59:20.3325671Z test 5
2026-09-05T04:59:20.3326245Z       Start  5: pair_sub_runtime_behavior
2026-09-05T04:59:20.3326453Z 
2026-09-05T04:59:20.3326659Z 5: Test command: /home/runner/work/20231788./20231788./build/pair_sub_test
2026-09-05T04:59:20.3327115Z 5: Working Directory: /home/runner/work/20231788./20231788./build
2026-09-05T04:59:20.3327480Z 5: Test timeout computed to be: 10000000
2026-09-05T04:59:20.3386946Z 5: pair Sub runtime behavior passed
2026-09-05T04:59:20.3390857Z  5/57 Test  #5: pair_sub_runtime_behavior .......................   Passed    0.01 sec
2026-09-05T04:59:20.3392889Z test 6
2026-09-05T04:59:20.3393193Z       Start  6: pair_arithmetic_controlled_oracle
2026-09-05T04:59:20.3393415Z 
2026-09-05T04:59:20.3393709Z 6: Test command: /home/runner/work/20231788./20231788./build/pair_arithmetic_test "controlled_oracle"
2026-09-05T04:59:20.3394248Z 6: Working Directory: /home/runner/work/20231788./20231788./build
2026-09-05T04:59:20.3394659Z 6: Test timeout computed to be: 10000000
2026-09-05T04:59:20.3782056Z 6: pair-arithmetic case passed: controlled_oracle
2026-09-05T04:59:20.3786816Z  6/57 Test  #6: pair_arithmetic_controlled_oracle ...............   Passed    0.04 sec
2026-09-05T04:59:20.3789147Z test 7
2026-09-05T04:59:20.3789540Z       Start  7: pair_arithmetic_public_lifecycles_keyless
2026-09-05T04:59:20.3789772Z 
2026-09-05T04:59:20.3790087Z 7: Test command: /home/runner/work/20231788./20231788./build/pair_arithmetic_test "public_lifecycles_keyless"
2026-09-05T04:59:20.3790653Z 7: Working Directory: /home/runner/work/20231788./20231788./build
2026-09-05T04:59:20.3791055Z 7: Test timeout computed to be: 10000000
2026-09-05T04:59:20.4176899Z 7: pair-arithmetic case passed: public_lifecycles_keyless
2026-09-05T04:59:20.4182793Z  7/57 Test  #7: pair_arithmetic_public_lifecycles_keyless .......   Passed    0.04 sec
2026-09-05T04:59:20.4184898Z test 8
2026-09-05T04:59:20.4186008Z       Start  8: pair_arithmetic_compatibility_rejections
2026-09-05T04:59:20.4186712Z 
2026-09-05T04:59:20.4187243Z 8: Test command: /home/runner/work/20231788./20231788./build/pair_arithmetic_test "compatibility_rejections"
2026-09-05T04:59:20.4188032Z 8: Working Directory: /home/runner/work/20231788./20231788./build
2026-09-05T04:59:20.4188402Z 8: Test timeout computed to be: 10000000
2026-09-05T04:59:20.4303063Z 8: pair-arithmetic case passed: compatibility_rejections
2026-09-05T04:59:20.4307667Z  8/57 Test  #8: pair_arithmetic_compatibility_rejections ........   Passed    0.01 sec
2026-09-05T04:59:20.4309602Z test 9
2026-09-05T04:59:20.4309981Z       Start  9: tensor2_valid_arithmetic_immutability
2026-09-05T04:59:20.4310313Z 
2026-09-05T04:59:20.4310793Z 9: Test command: /home/runner/work/20231788./20231788./build/tensor2_test "valid_arithmetic_immutability"
2026-09-05T04:59:20.4311500Z 9: Working Directory: /home/runner/work/20231788./20231788./build
2026-09-05T04:59:20.4311895Z 9: Test timeout computed to be: 10000000
2026-09-05T04:59:20.4393939Z 9: Tensor2 case passed: valid_arithmetic_immutability
2026-09-05T04:59:20.4398359Z  9/57 Test  #9: tensor2_valid_arithmetic_immutability ...........   Passed    0.01 sec
2026-09-05T04:59:20.4400160Z test 10
2026-09-05T04:59:20.4400821Z       Start 10: tensor2_result_scale_contract
2026-09-05T04:59:20.4401136Z 
2026-09-05T04:59:20.4401532Z 10: Test command: /home/runner/work/20231788./20231788./build/tensor2_test "result_scale_contract"
2026-09-05T04:59:20.4402132Z 10: Working Directory: /home/runner/work/20231788./20231788./build
2026-09-05T04:59:20.4402544Z 10: Test timeout computed to be: 10000000
2026-09-05T04:59:20.4455706Z 10: Tensor2 case passed: result_scale_contract
2026-09-05T04:59:20.4460100Z 10/57 Test #10: tensor2_result_scale_contract ...................   Passed    0.01 sec
2026-09-05T04:59:20.4462396Z test 11
2026-09-05T04:59:20.4463013Z       Start 11: tensor2_right_input_validation
2026-09-05T04:59:20.4463273Z 
2026-09-05T04:59:20.4463580Z 11: Test command: /home/runner/work/20231788./20231788./build/tensor2_test "right_input_validation"
2026-09-05T04:59:20.4464255Z 11: Working Directory: /home/runner/work/20231788./20231788./build
2026-09-05T04:59:20.4464853Z 11: Test timeout computed to be: 10000000
2026-09-05T04:59:20.4515716Z 11: Tensor2 case passed: right_input_validation
2026-09-05T04:59:20.4519752Z 11/57 Test #11: tensor2_right_input_validation ..................   Passed    0.01 sec
2026-09-05T04:59:20.4521839Z test 12
2026-09-05T04:59:20.4522185Z       Start 12: tensor2_mutual_compatibility
2026-09-05T04:59:20.4522416Z 
2026-09-05T04:59:20.4522705Z 12: Test command: /home/runner/work/20231788./20231788./build/tensor2_test "mutual_compatibility"
2026-09-05T04:59:20.4523233Z 12: Working Directory: /home/runner/work/20231788./20231788./build
2026-09-05T04:59:20.4523607Z 12: Test timeout computed to be: 10000000
2026-09-05T04:59:20.4576700Z 12: Tensor2 case passed: mutual_compatibility
2026-09-05T04:59:20.4581003Z 12/57 Test #12: tensor2_mutual_compatibility ....................   Passed    0.01 sec
2026-09-05T04:59:20.4582550Z test 13
2026-09-05T04:59:20.4582930Z       Start 13: tensor2_prearithmetic_key_compatibility
2026-09-05T04:59:20.4583278Z 
2026-09-05T04:59:20.4583786Z 13: Test command: /home/runner/work/20231788./20231788./build/tensor2_test "prearithmetic_key_compatibility"
2026-09-05T04:59:20.4584506Z 13: Working Directory: /home/runner/work/20231788./20231788./build
2026-09-05T04:59:20.4584905Z 13: Test timeout computed to be: 10000000
2026-09-05T04:59:20.4638508Z 13: Tensor2 case passed: prearithmetic_key_compatibility
2026-09-05T04:59:20.4642115Z 13/57 Test #13: tensor2_prearithmetic_key_compatibility .........   Passed    0.01 sec
2026-09-05T04:59:20.4644537Z test 14
2026-09-05T04:59:20.4644861Z       Start 14: relin2_tensor_validation_order
2026-09-05T04:59:20.4645164Z 
2026-09-05T04:59:20.4645455Z 14: Test command: /home/runner/work/20231788./20231788./build/relin2_test "tensor_validation_order"
2026-09-05T04:59:20.4646244Z 14: Working Directory: /home/runner/work/20231788./20231788./build
2026-09-05T04:59:20.4646988Z 14: Test timeout computed to be: 10000000
2026-09-05T04:59:20.4699821Z 14: Relin2 case passed: tensor_validation_order
2026-09-05T04:59:20.4703730Z 14/57 Test #14: relin2_tensor_validation_order ..................   Passed    0.01 sec
2026-09-05T04:59:20.4706282Z test 15
2026-09-05T04:59:20.4706651Z       Start 15: relin2_insufficient_active_basis
2026-09-05T04:59:20.4706976Z 
2026-09-05T04:59:20.4707412Z 15: Test command: /home/runner/work/20231788./20231788./build/relin2_test "insufficient_active_basis"
2026-09-05T04:59:20.4708326Z 15: Working Directory: /home/runner/work/20231788./20231788./build
2026-09-05T04:59:20.4708700Z 15: Test timeout computed to be: 10000000
2026-09-05T04:59:20.4872405Z 15: Relin2 case passed: insufficient_active_basis
2026-09-05T04:59:20.4876867Z 15/57 Test #15: relin2_insufficient_active_basis ................   Passed    0.02 sec
2026-09-05T04:59:20.4879255Z test 16
2026-09-05T04:59:20.4879598Z       Start 16: relin2_missing_eval_key
2026-09-05T04:59:20.4879918Z 
2026-09-05T04:59:20.4880295Z 16: Test command: /home/runner/work/20231788./20231788./build/relin2_test "missing_eval_key"
2026-09-05T04:59:20.4881429Z 16: Working Directory: /home/runner/work/20231788./20231788./build
2026-09-05T04:59:20.4882000Z 16: Test timeout computed to be: 10000000
2026-09-05T04:59:20.4934457Z 16: Relin2 case passed: missing_eval_key
2026-09-05T04:59:20.4938648Z 16/57 Test #16: relin2_missing_eval_key .........................   Passed    0.01 sec
2026-09-05T04:59:20.4941021Z test 17
2026-09-05T04:59:20.4941354Z       Start 17: relin2_key_empty
2026-09-05T04:59:20.4941621Z 
2026-09-05T04:59:20.4941973Z 17: Test command: /home/runner/work/20231788./20231788./build/relin2_test "key_empty"
2026-09-05T04:59:20.4942839Z 17: Working Directory: /home/runner/work/20231788./20231788./build
2026-09-05T04:59:20.4943272Z 17: Test timeout computed to be: 10000000
2026-09-05T04:59:20.4994403Z 17: Relin2 case passed: key_empty
2026-09-05T04:59:20.4999112Z 17/57 Test #17: relin2_key_empty ................................   Passed    0.01 sec
2026-09-05T04:59:20.5000679Z test 18
2026-09-05T04:59:20.5001002Z       Start 18: relin2_key_null_first
2026-09-05T04:59:20.5001291Z 
2026-09-05T04:59:20.5001681Z 18: Test command: /home/runner/work/20231788./20231788./build/relin2_test "key_null_first"
2026-09-05T04:59:20.5002544Z 18: Working Directory: /home/runner/work/20231788./20231788./build
2026-09-05T04:59:20.5003104Z 18: Test timeout computed to be: 10000000
2026-09-05T04:59:20.5175744Z 18: Relin2 case passed: key_null_first
2026-09-05T04:59:20.5180190Z 18/57 Test #18: relin2_key_null_first ...........................   Passed    0.02 sec
2026-09-05T04:59:20.5182567Z test 19
2026-09-05T04:59:20.5182877Z       Start 19: relin2_key_wrong_context
2026-09-05T04:59:20.5183167Z 
2026-09-05T04:59:20.5183562Z 19: Test command: /home/runner/work/20231788./20231788./build/relin2_test "key_wrong_context"
2026-09-05T04:59:20.5184363Z 19: Working Directory: /home/runner/work/20231788./20231788./build
2026-09-05T04:59:20.5184833Z 19: Test timeout computed to be: 10000000
2026-09-05T04:59:20.5292116Z 19: Relin2 case passed: key_wrong_context
2026-09-05T04:59:20.5296953Z 19/57 Test #19: relin2_key_wrong_context ........................   Passed    0.01 sec
2026-09-05T04:59:20.5298768Z test 20
2026-09-05T04:59:20.5299104Z       Start 20: relin2_key_wrong_tag
2026-09-05T04:59:20.5299373Z 
2026-09-05T04:59:20.5299753Z 20: Test command: /home/runner/work/20231788./20231788./build/relin2_test "key_wrong_tag"
2026-09-05T04:59:20.5300551Z 20: Working Directory: /home/runner/work/20231788./20231788./build
2026-09-05T04:59:20.5301195Z 20: Test timeout computed to be: 10000000
2026-09-05T04:59:20.5357184Z 20: Relin2 case passed: key_wrong_tag
2026-09-05T04:59:20.5361479Z 20/57 Test #20: relin2_key_wrong_tag ............................   Passed    0.01 sec
2026-09-05T04:59:20.5363985Z test 21
2026-09-05T04:59:20.5364394Z       Start 21: relin2_key_wrong_subtype
2026-09-05T04:59:20.5364723Z 
2026-09-05T04:59:20.5365220Z 21: Test command: /home/runner/work/20231788./20231788./build/relin2_test "key_wrong_subtype"
2026-09-05T04:59:20.5366754Z 21: Working Directory: /home/runner/work/20231788./20231788./build
2026-09-05T04:59:20.5367287Z 21: Test timeout computed to be: 10000000
2026-09-05T04:59:20.5428293Z 21: Relin2 case passed: key_wrong_subtype
2026-09-05T04:59:20.5432776Z 21/57 Test #21: relin2_key_wrong_subtype ........................   Passed    0.01 sec
2026-09-05T04:59:20.5434666Z test 22
2026-09-05T04:59:20.5434997Z       Start 22: relin2_key_hybrid_a_length
2026-09-05T04:59:20.5435288Z 
2026-09-05T04:59:20.5435691Z 22: Test command: /home/runner/work/20231788./20231788./build/relin2_test "key_hybrid_a_length"
2026-09-05T04:59:20.5436665Z 22: Working Directory: /home/runner/work/20231788./20231788./build
2026-09-05T04:59:20.5437207Z 22: Test timeout computed to be: 10000000
2026-09-05T04:59:20.5492000Z 22: Relin2 case passed: key_hybrid_a_length
2026-09-05T04:59:20.5496978Z 22/57 Test #22: relin2_key_hybrid_a_length ......................   Passed    0.01 sec
2026-09-05T04:59:20.5498516Z test 23
2026-09-05T04:59:20.5498836Z       Start 23: relin2_key_hybrid_b_length
2026-09-05T04:59:20.5499133Z 
2026-09-05T04:59:20.5499849Z 23: Test command: /home/runner/work/20231788./20231788./build/relin2_test "key_hybrid_b_length"
2026-09-05T04:59:20.5500727Z 23: Working Directory: /home/runner/work/20231788./20231788./build
2026-09-05T04:59:20.5501283Z 23: Test timeout computed to be: 10000000
2026-09-05T04:59:20.5553288Z 23: Relin2 case passed: key_hybrid_b_length
2026-09-05T04:59:20.5557948Z 23/57 Test #23: relin2_key_hybrid_b_length ......................   Passed    0.01 sec
2026-09-05T04:59:20.5559401Z test 24
2026-09-05T04:59:20.5559739Z       Start 24: relin2_key_hybrid_entry_basis
2026-09-05T04:59:20.5560050Z 
2026-09-05T04:59:20.5560485Z 24: Test command: /home/runner/work/20231788./20231788./build/relin2_test "key_hybrid_entry_basis"
2026-09-05T04:59:20.5561410Z 24: Working Directory: /home/runner/work/20231788./20231788./build
2026-09-05T04:59:20.5562001Z 24: Test timeout computed to be: 10000000
2026-09-05T04:59:20.5623072Z 24: Relin2 case passed: key_hybrid_entry_basis
2026-09-05T04:59:20.5627744Z 24/57 Test #24: relin2_key_hybrid_entry_basis ...................   Passed    0.01 sec
2026-09-05T04:59:20.5629303Z test 25
2026-09-05T04:59:20.5629634Z       Start 25: relin2_key_hybrid_entry_format
2026-09-05T04:59:20.5629955Z 
2026-09-05T04:59:20.5630379Z 25: Test command: /home/runner/work/20231788./20231788./build/relin2_test "key_hybrid_entry_format"
2026-09-05T04:59:20.5631283Z 25: Working Directory: /home/runner/work/20231788./20231788./build
2026-09-05T04:59:20.5631846Z 25: Test timeout computed to be: 10000000
2026-09-05T04:59:20.5715510Z 25: Relin2 case passed: key_hybrid_entry_format
2026-09-05T04:59:20.5716570Z 25/57 Test #25: relin2_key_hybrid_entry_format ..................   Passed    0.01 sec
2026-09-05T04:59:20.5720472Z test 26
2026-09-05T04:59:20.5720856Z       Start 26: relin2_key_bv_zero_digit_a_length
2026-09-05T04:59:20.5721216Z 
2026-09-05T04:59:20.5721667Z 26: Test command: /home/runner/work/20231788./20231788./build/relin2_test "key_bv_zero_digit_a_length"
2026-09-05T04:59:20.5722539Z 26: Working Directory: /home/runner/work/20231788./20231788./build
2026-09-05T04:59:20.5723092Z 26: Test timeout computed to be: 10000000
2026-09-05T04:59:20.5770632Z 26: Relin2 case passed: key_bv_zero_digit_a_length
2026-09-05T04:59:20.5774932Z 26/57 Test #26: relin2_key_bv_zero_digit_a_length ...............   Passed    0.01 sec
2026-09-05T04:59:20.5776922Z test 27
2026-09-05T04:59:20.5777317Z       Start 27: relin2_key_bv_zero_digit_b_length
2026-09-05T04:59:20.5777643Z 
2026-09-05T04:59:20.5778098Z 27: Test command: /home/runner/work/20231788./20231788./build/relin2_test "key_bv_zero_digit_b_length"
2026-09-05T04:59:20.5779022Z 27: Working Directory: /home/runner/work/20231788./20231788./build
2026-09-05T04:59:20.5779467Z 27: Test timeout computed to be: 10000000
2026-09-05T04:59:20.5828709Z 27: Relin2 case passed: key_bv_zero_digit_b_length
2026-09-05T04:59:20.5832441Z 27/57 Test #27: relin2_key_bv_zero_digit_b_length ...............   Passed    0.01 sec
2026-09-05T04:59:20.5834244Z test 28
2026-09-05T04:59:20.5834642Z       Start 28: relin2_key_bv_nonzero_digit_a_length
2026-09-05T04:59:20.5835087Z 
2026-09-05T04:59:20.5835705Z 28: Test command: /home/runner/work/20231788./20231788./build/relin2_test "key_bv_nonzero_digit_a_length"
2026-09-05T04:59:20.5837011Z 28: Working Directory: /home/runner/work/20231788./20231788./build
2026-09-05T04:59:20.5837385Z 28: Test timeout computed to be: 10000000
2026-09-05T04:59:20.5894770Z 28: Relin2 case passed: key_bv_nonzero_digit_a_length
2026-09-05T04:59:20.5899628Z 28/57 Test #28: relin2_key_bv_nonzero_digit_a_length ............   Passed    0.01 sec
2026-09-05T04:59:20.5901122Z test 29
2026-09-05T04:59:20.5901477Z       Start 29: relin2_key_bv_nonzero_digit_b_length
2026-09-05T04:59:20.5901819Z 
2026-09-05T04:59:20.5902287Z 29: Test command: /home/runner/work/20231788./20231788./build/relin2_test "key_bv_nonzero_digit_b_length"
2026-09-05T04:59:20.5902996Z 29: Working Directory: /home/runner/work/20231788./20231788./build
2026-09-05T04:59:20.5903403Z 29: Test timeout computed to be: 10000000
2026-09-05T04:59:20.5962450Z 29: Relin2 case passed: key_bv_nonzero_digit_b_length
2026-09-05T04:59:20.5966345Z 29/57 Test #29: relin2_key_bv_nonzero_digit_b_length ............   Passed    0.01 sec
2026-09-05T04:59:20.5968472Z test 30
2026-09-05T04:59:20.5968854Z       Start 30: relin2_key_bv_zero_digit_entry_basis
2026-09-05T04:59:20.5969184Z 
2026-09-05T04:59:20.5969638Z 30: Test command: /home/runner/work/20231788./20231788./build/relin2_test "key_bv_zero_digit_entry_basis"
2026-09-05T04:59:20.5970565Z 30: Working Directory: /home/runner/work/20231788./20231788./build
2026-09-05T04:59:20.5970945Z 30: Test timeout computed to be: 10000000
2026-09-05T04:59:20.6019591Z 30: Relin2 case passed: key_bv_zero_digit_entry_basis
2026-09-05T04:59:20.6023702Z 30/57 Test #30: relin2_key_bv_zero_digit_entry_basis ............   Passed    0.01 sec
2026-09-05T04:59:20.6025695Z test 31
2026-09-05T04:59:20.6026328Z       Start 31: relin2_key_bv_nonzero_digit_entry_basis
2026-09-05T04:59:20.6026671Z 
2026-09-05T04:59:20.6027164Z 31: Test command: /home/runner/work/20231788./20231788./build/relin2_test "key_bv_nonzero_digit_entry_basis"
2026-09-05T04:59:20.6028108Z 31: Working Directory: /home/runner/work/20231788./20231788./build
2026-09-05T04:59:20.6028485Z 31: Test timeout computed to be: 10000000
2026-09-05T04:59:20.6085570Z 31: Relin2 case passed: key_bv_nonzero_digit_entry_basis
2026-09-05T04:59:20.6090301Z 31/57 Test #31: relin2_key_bv_nonzero_digit_entry_basis .........   Passed    0.01 sec
2026-09-05T04:59:20.6092398Z test 32
2026-09-05T04:59:20.6092787Z       Start 32: relin2_key_bv_zero_digit_entry_format
2026-09-05T04:59:20.6093119Z 
2026-09-05T04:59:20.6093578Z 32: Test command: /home/runner/work/20231788./20231788./build/relin2_test "key_bv_zero_digit_entry_format"
2026-09-05T04:59:20.6094501Z 32: Working Directory: /home/runner/work/20231788./20231788./build
2026-09-05T04:59:20.6094893Z 32: Test timeout computed to be: 10000000
2026-09-05T04:59:20.6144626Z 32: Relin2 case passed: key_bv_zero_digit_entry_format
2026-09-05T04:59:20.6148794Z 32/57 Test #32: relin2_key_bv_zero_digit_entry_format ...........   Passed    0.01 sec
2026-09-05T04:59:20.6150532Z test 33
2026-09-05T04:59:20.6150900Z       Start 33: relin2_key_bv_nonzero_digit_entry_format
2026-09-05T04:59:20.6151259Z 
2026-09-05T04:59:20.6151746Z 33: Test command: /home/runner/work/20231788./20231788./build/relin2_test "key_bv_nonzero_digit_entry_format"
2026-09-05T04:59:20.6152472Z 33: Working Directory: /home/runner/work/20231788./20231788./build
2026-09-05T04:59:20.6152845Z 33: Test timeout computed to be: 10000000
2026-09-05T04:59:20.6210575Z 33: Relin2 case passed: key_bv_nonzero_digit_entry_format
2026-09-05T04:59:20.6214736Z 33/57 Test #33: relin2_key_bv_nonzero_digit_entry_format ........   Passed    0.01 sec
2026-09-05T04:59:20.6217106Z test 34
2026-09-05T04:59:20.6217851Z       Start 34: relin2_valid_arithmetic_state_immutability
2026-09-05T04:59:20.6218214Z 
2026-09-05T04:59:20.6218798Z 34: Test command: /home/runner/work/20231788./20231788./build/relin2_test "valid_arithmetic_state_immutability"
2026-09-05T04:59:20.6219710Z 34: Working Directory: /home/runner/work/20231788./20231788./build
2026-09-05T04:59:20.6220259Z 34: Test timeout computed to be: 10000000
2026-09-05T04:59:20.6320826Z 34: Relin2 case passed: valid_arithmetic_state_immutability
2026-09-05T04:59:20.6324945Z 34/57 Test #34: relin2_valid_arithmetic_state_immutability ......   Passed    0.01 sec
2026-09-05T04:59:20.6327680Z test 35
2026-09-05T04:59:20.6328311Z       Start 35: relin2_controlled_witnesses_and_boundaries
2026-09-05T04:59:20.6328651Z 
2026-09-05T04:59:20.6329001Z 35: Test command: /home/runner/work/20231788./20231788./build/relin2_test "controlled_witnesses_and_boundaries"
2026-09-05T04:59:20.6329631Z 35: Working Directory: /home/runner/work/20231788./20231788./build
2026-09-05T04:59:20.6330085Z 35: Test timeout computed to be: 10000000
2026-09-05T04:59:20.6395004Z 35: Relin2 case passed: controlled_witnesses_and_boundaries
2026-09-05T04:59:20.6400131Z 35/57 Test #35: relin2_controlled_witnesses_and_boundaries ......   Passed    0.01 sec
2026-09-05T04:59:20.6401561Z test 36
2026-09-05T04:59:20.6401931Z       Start 36: relin2_representative_public_input
2026-09-05T04:59:20.6402266Z 
2026-09-05T04:59:20.6402734Z 36: Test command: /home/runner/work/20231788./20231788./build/relin2_test "representative_public_input"
2026-09-05T04:59:20.6403670Z 36: Working Directory: /home/runner/work/20231788./20231788./build
2026-09-05T04:59:20.6404242Z 36: Test timeout computed to be: 10000000
2026-09-05T04:59:20.6482727Z 36: Relin2 case passed: representative_public_input
2026-09-05T04:59:20.6486959Z 36/57 Test #36: relin2_representative_public_input ..............   Passed    0.01 sec
2026-09-05T04:59:20.6489440Z test 37
2026-09-05T04:59:20.6489795Z       Start 37: relin2_key_extra_later_valid
2026-09-05T04:59:20.6490113Z 
2026-09-05T04:59:20.6490521Z 37: Test command: /home/runner/work/20231788./20231788./build/relin2_test "key_extra_later_valid"
2026-09-05T04:59:20.6491432Z 37: Working Directory: /home/runner/work/20231788./20231788./build
2026-09-05T04:59:20.6491856Z 37: Test timeout computed to be: 10000000
2026-09-05T04:59:20.6743573Z 37: Relin2 case passed: key_extra_later_valid
2026-09-05T04:59:20.6748141Z 37/57 Test #37: relin2_key_extra_later_valid ....................   Passed    0.03 sec
2026-09-05T04:59:20.6750396Z test 38
2026-09-05T04:59:20.6750742Z       Start 38: relin2_key_malformed_later_ignored
2026-09-05T04:59:20.6751091Z 
2026-09-05T04:59:20.6751396Z 38: Test command: /home/runner/work/20231788./20231788./build/relin2_test "key_malformed_later_ignored"
2026-09-05T04:59:20.6751950Z 38: Working Directory: /home/runner/work/20231788./20231788./build
2026-09-05T04:59:20.6752319Z 38: Test timeout computed to be: 10000000
2026-09-05T04:59:20.6947772Z 38: Relin2 case passed: key_malformed_later_ignored
2026-09-05T04:59:20.6953035Z 38/57 Test #38: relin2_key_malformed_later_ignored ..............   Passed    0.02 sec
2026-09-05T04:59:20.6955072Z test 39
2026-09-05T04:59:20.6955565Z       Start 39: relin2_hybrid_valid_shapes
2026-09-05T04:59:20.6956024Z 
2026-09-05T04:59:20.6956446Z 39: Test command: /home/runner/work/20231788./20231788./build/relin2_test "hybrid_valid_shapes"
2026-09-05T04:59:20.6957130Z 39: Working Directory: /home/runner/work/20231788./20231788./build
2026-09-05T04:59:20.6957556Z 39: Test timeout computed to be: 10000000
2026-09-05T04:59:20.7317947Z 39: Relin2 case passed: hybrid_valid_shapes
2026-09-05T04:59:20.7322802Z 39/57 Test #39: relin2_hybrid_valid_shapes ......................   Passed    0.04 sec
2026-09-05T04:59:20.7325224Z test 40
2026-09-05T04:59:20.7325977Z       Start 40: relin2_bv_zero_digit_valid_shapes
2026-09-05T04:59:20.7326339Z 
2026-09-05T04:59:20.7326776Z 40: Test command: /home/runner/work/20231788./20231788./build/relin2_test "bv_zero_digit_valid_shapes"
2026-09-05T04:59:20.7328029Z 40: Working Directory: /home/runner/work/20231788./20231788./build
2026-09-05T04:59:20.7328494Z 40: Test timeout computed to be: 10000000
2026-09-05T04:59:20.7397594Z 40: Relin2 case passed: bv_zero_digit_valid_shapes
2026-09-05T04:59:20.7401984Z 40/57 Test #40: relin2_bv_zero_digit_valid_shapes ...............   Passed    0.01 sec
2026-09-05T04:59:20.7404241Z test 41
2026-09-05T04:59:20.7404814Z       Start 41: relin2_bv_nonzero_digit_valid_shapes
2026-09-05T04:59:20.7405080Z 
2026-09-05T04:59:20.7405411Z 41: Test command: /home/runner/work/20231788./20231788./build/relin2_test "bv_nonzero_digit_valid_shapes"
2026-09-05T04:59:20.7406354Z 41: Working Directory: /home/runner/work/20231788./20231788./build
2026-09-05T04:59:20.7406962Z 41: Test timeout computed to be: 10000000
2026-09-05T04:59:20.7482475Z 41: Relin2 case passed: bv_nonzero_digit_valid_shapes
2026-09-05T04:59:20.7487271Z 41/57 Test #41: relin2_bv_nonzero_digit_valid_shapes ............   Passed    0.01 sec
2026-09-05T04:59:20.7489110Z test 42
2026-09-05T04:59:20.7489493Z       Start 42: relin2_first_recombined_rcb_validation
2026-09-05T04:59:20.7489838Z 
2026-09-05T04:59:20.7490642Z 42: Test command: /home/runner/work/20231788./20231788./build/relin2_test "first_recombined_rcb_validation"
2026-09-05T04:59:20.7491594Z 42: Working Directory: /home/runner/work/20231788./20231788./build
2026-09-05T04:59:20.7492157Z 42: Test timeout computed to be: 10000000
2026-09-05T04:59:20.7541839Z 42: Relin2 case passed: first_recombined_rcb_validation
2026-09-05T04:59:20.7545754Z 42/57 Test #42: relin2_first_recombined_rcb_validation ..........   Passed    0.01 sec
2026-09-05T04:59:20.7548294Z test 43
2026-09-05T04:59:20.7548704Z       Start 43: relin2_first_recombined_tensor2_validation
2026-09-05T04:59:20.7549056Z 
2026-09-05T04:59:20.7549562Z 43: Test command: /home/runner/work/20231788./20231788./build/relin2_test "first_recombined_tensor2_validation"
2026-09-05T04:59:20.7550481Z 43: Working Directory: /home/runner/work/20231788./20231788./build
2026-09-05T04:59:20.7551080Z 43: Test timeout computed to be: 10000000
2026-09-05T04:59:20.7600281Z 43: Relin2 case passed: first_recombined_tensor2_validation
2026-09-05T04:59:20.7604023Z 43/57 Test #43: relin2_first_recombined_tensor2_validation ......   Passed    0.01 sec
2026-09-05T04:59:20.7606037Z test 44
2026-09-05T04:59:20.7606416Z       Start 44: relin2_tensor2_requires_first_lifecycle
2026-09-05T04:59:20.7606775Z 
2026-09-05T04:59:20.7607154Z 44: Test command: /home/runner/work/20231788./20231788./build/relin2_test "tensor2_requires_first_lifecycle"
2026-09-05T04:59:20.7607864Z 44: Working Directory: /home/runner/work/20231788./20231788./build
2026-09-05T04:59:20.7608446Z 44: Test timeout computed to be: 10000000
2026-09-05T04:59:20.7668586Z 44: Relin2 case passed: tensor2_requires_first_lifecycle
2026-09-05T04:59:20.7672510Z 44/57 Test #44: relin2_tensor2_requires_first_lifecycle .........   Passed    0.01 sec
2026-09-05T04:59:20.7674549Z test 45
2026-09-05T04:59:20.7675173Z       Start 45: rs2_wrong_lifecycle
2026-09-05T04:59:20.7676010Z 
2026-09-05T04:59:20.7676522Z 45: Test command: /home/runner/work/20231788./20231788./build/rs2_test "wrong_lifecycle"
2026-09-05T04:59:20.7677086Z 45: Working Directory: /home/runner/work/20231788./20231788./build
2026-09-05T04:59:20.7677462Z 45: Test timeout computed to be: 10000000
2026-09-05T04:59:20.7726229Z 45: RS2 case passed: wrong_lifecycle
2026-09-05T04:59:20.7730926Z 45/57 Test #45: rs2_wrong_lifecycle .............................   Passed    0.01 sec
2026-09-05T04:59:20.7732962Z test 46
2026-09-05T04:59:20.7733343Z       Start 46: rs2_valid_arithmetic_state_immutability
2026-09-05T04:59:20.7733693Z 
2026-09-05T04:59:20.7734140Z 46: Test command: /home/runner/work/20231788./20231788./build/rs2_test "valid_arithmetic_state_immutability"
2026-09-05T04:59:20.7734739Z 46: Working Directory: /home/runner/work/20231788./20231788./build
2026-09-05T04:59:20.7735111Z 46: Test timeout computed to be: 10000000
2026-09-05T04:59:20.7818686Z 46: RS2 case passed: valid_arithmetic_state_immutability
2026-09-05T04:59:20.7822558Z 46/57 Test #46: rs2_valid_arithmetic_state_immutability .........   Passed    0.01 sec
2026-09-05T04:59:20.7824787Z test 47
2026-09-05T04:59:20.7825147Z       Start 47: rs2_mixed_tower_format
2026-09-05T04:59:20.7825425Z 
2026-09-05T04:59:20.7825985Z 47: Test command: /home/runner/work/20231788./20231788./build/rs2_test "mixed_tower_format"
2026-09-05T04:59:20.7826816Z 47: Working Directory: /home/runner/work/20231788./20231788./build
2026-09-05T04:59:20.7827385Z 47: Test timeout computed to be: 10000000
2026-09-05T04:59:20.7921078Z 47: RS2 case passed: mixed_tower_format
2026-09-05T04:59:20.7925291Z 47/57 Test #47: rs2_mixed_tower_format ..........................   Passed    0.01 sec
2026-09-05T04:59:20.7928174Z test 48
2026-09-05T04:59:20.7928530Z       Start 48: rs2_untouched_public_pipeline
2026-09-05T04:59:20.7928751Z 
2026-09-05T04:59:20.7929048Z 48: Test command: /home/runner/work/20231788./20231788./build/rs2_test "untouched_public_pipeline"
2026-09-05T04:59:20.7929651Z 48: Working Directory: /home/runner/work/20231788./20231788./build
2026-09-05T04:59:20.7930052Z 48: Test timeout computed to be: 10000000
2026-09-05T04:59:20.8033069Z 48: RS2 case passed: untouched_public_pipeline
2026-09-05T04:59:20.8036984Z 48/57 Test #48: rs2_untouched_public_pipeline ...................   Passed    0.01 sec
2026-09-05T04:59:20.8039373Z test 49
2026-09-05T04:59:20.8039715Z       Start 49: rs2_declared_basis_mismatch
2026-09-05T04:59:20.8040013Z 
2026-09-05T04:59:20.8040405Z 49: Test command: /home/runner/work/20231788./20231788./build/rs2_test "declared_basis_mismatch"
2026-09-05T04:59:20.8041190Z 49: Working Directory: /home/runner/work/20231788./20231788./build
2026-09-05T04:59:20.8041838Z 49: Test timeout computed to be: 10000000
2026-09-05T04:59:20.8282175Z 49: RS2 case passed: declared_basis_mismatch
2026-09-05T04:59:20.8287256Z 49/57 Test #49: rs2_declared_basis_mismatch .....................   Passed    0.02 sec
2026-09-05T04:59:20.8289360Z test 50
2026-09-05T04:59:20.8289705Z       Start 50: rs2_terminal_rejections
2026-09-05T04:59:20.8290001Z 
2026-09-05T04:59:20.8290412Z 50: Test command: /home/runner/work/20231788./20231788./build/rs2_test "terminal_rejections"
2026-09-05T04:59:20.8291038Z 50: Working Directory: /home/runner/work/20231788./20231788./build
2026-09-05T04:59:20.8291475Z 50: Test timeout computed to be: 10000000
2026-09-05T04:59:20.8356785Z 50: RS2 case passed: terminal_rejections
2026-09-05T04:59:20.8361246Z 50/57 Test #50: rs2_terminal_rejections .........................   Passed    0.01 sec
2026-09-05T04:59:20.8363192Z test 51
2026-09-05T04:59:20.8363511Z       Start 51: mult2_composition_contract
2026-09-05T04:59:20.8363810Z 
2026-09-05T04:59:20.8364215Z 51: Test command: /home/runner/work/20231788./20231788./build/mult2_test "composition_contract"
2026-09-05T04:59:20.8364887Z 51: Working Directory: /home/runner/work/20231788./20231788./build
2026-09-05T04:59:20.8365300Z 51: Test timeout computed to be: 10000000
2026-09-05T04:59:20.8439622Z 51: security_level=HEStd_NotSet(functional-only) ring_dimension=64 batch_size=16 scaling_mod_size=30 first_mod_size=35 multiplicative_depth=7 key_switch=HYBRID secret_key_dist=UNIFORM_TERNARY ckks_data_type=REAL active_Q_l_towers=7 q_div=1073741953 q_l=1073741441 ratio_2^(2p)/(q_div*q_l)=1.00000023655603276 frozen_decoded_abs_tolerance=0.00100000000000000002 measured_max_logical_slot_error=9.000462673769416e-09
2026-09-05T04:59:20.8442103Z 51/57 Test #51: mult2_composition_contract ......................   Passed    0.01 sec
2026-09-05T04:59:20.8444822Z test 52
2026-09-05T04:59:20.8445169Z       Start 52: mult2_e2e_hybrid_real
2026-09-05T04:59:20.8445461Z 
2026-09-05T04:59:20.8446119Z 52: Test command: /home/runner/work/20231788./20231788./build/mult2_e2e_oracle_test "hybrid_real"
2026-09-05T04:59:20.8447032Z 52: Working Directory: /home/runner/work/20231788./20231788./build
2026-09-05T04:59:20.8447452Z 52: Test timeout computed to be: 10000000
2026-09-05T04:59:20.9100075Z 52: [RELIN2-EXECUTION] q_div=1073741953 q_l=1073741441 ordinary_combined_relin_execution_error=25 pair_relin_execution_error=39 high_path_relin_error=22 low_path_relin_error=20 execution_relin2_triangle_bound=42 paper_additivity_residual=21 paper_additivity_execution_observed=true secret_h=42 input_Q_l=52656049226897061758347970843194892279389197066160739197584863617 oracle_basis_agreement=true
2026-09-05T04:59:20.9109273Z 52: case=hybrid_real security_level=HEStd_NotSet(functional-only) key_switch=HYBRID secret_key_dist=UNIFORM_TERNARY ckks_data_type=REAL selected_ring_dimension=64 actual_N=64 batch_size=16 host_vector_length=8 encoding_noise_scale_degree=2 encoding_level=0 scaling_technique=FIXEDMANUAL digit_size=0 max_relin_sk_deg=2 scaling_mod_size=30 first_mod_size=35 multiplicative_depth=7 active_Q_l_towers=7 Q_l_bits=215 preselection_required_bits=174 selection_reserve_bits=32 q_div=1073741953 q_l=1073741441 ratio_2^(2p)/(q_div*q_l)=1.00000023655603276 descriptor_ratio=1.00000023655603276 M_high=107367069 M_low=6171377578 secret_h=42 ordinary_combined_relin_execution_error=25 pair_relin_execution_error=39 high_path_relin_error=22 low_path_relin_error=20 execution_relin2_triangle_bound=42 paper_additivity_residual=21 paper_additivity_execution_observed=true execution_certificate=PER_PATH_CONDITIONAL conservative_E_Relin_available=false universal_theorem_gate=UNPROVED execution_nonwrap_left=850593500162782211480213736673422442 execution_nonwrap_right_Q_l_over_2=26328024613448530879173985421597446139694598533080369598792431808 coefficient_error=107284938771476832996/1152921231876374273 execution_bound=4924570967971745116543/2305842463752748546 fixed_key_bv_bound_available=false frozen_decoded_abs_tolerance=0.00100000000000000002 measured_recorded_bias_error=9.26552320978935029e-09 measured_logical_slot_error=9.26552101709887665e-09
2026-09-05T04:59:20.9115100Z 52/57 Test #52: mult2_e2e_hybrid_real ...........................   Passed    0.07 sec
2026-09-05T04:59:20.9115692Z test 53
2026-09-05T04:59:20.9116313Z       Start 53: mult2_e2e_hybrid_complex
2026-09-05T04:59:20.9116613Z 
2026-09-05T04:59:20.9117063Z 53: Test command: /home/runner/work/20231788./20231788./build/mult2_e2e_oracle_test "hybrid_complex"
2026-09-05T04:59:20.9117908Z 53: Working Directory: /home/runner/work/20231788./20231788./build
2026-09-05T04:59:20.9118281Z 53: Test timeout computed to be: 10000000
2026-09-05T04:59:20.9718963Z 53: [RELIN2-EXECUTION] q_div=1073741953 q_l=1073741441 ordinary_combined_relin_execution_error=22 pair_relin_execution_error=37 high_path_relin_error=20 low_path_relin_error=21 execution_relin2_triangle_bound=41 paper_additivity_residual=25 paper_additivity_execution_observed=true secret_h=42 input_Q_l=52656049226897061758347970843194892279389197066160739197584863617 oracle_basis_agreement=true
2026-09-05T04:59:20.9726192Z 53: case=hybrid_complex security_level=HEStd_NotSet(functional-only) key_switch=HYBRID secret_key_dist=UNIFORM_TERNARY ckks_data_type=COMPLEX selected_ring_dimension=64 actual_N=64 batch_size=16 host_vector_length=8 encoding_noise_scale_degree=2 encoding_level=0 scaling_technique=FIXEDMANUAL digit_size=0 max_relin_sk_deg=2 scaling_mod_size=30 first_mod_size=35 multiplicative_depth=7 active_Q_l_towers=7 Q_l_bits=215 preselection_required_bits=174 selection_reserve_bits=32 q_div=1073741953 q_l=1073741441 ratio_2^(2p)/(q_div*q_l)=1.00000023655603276 descriptor_ratio=1.00000023655603276 M_high=88152836 M_low=6636115108 secret_h=42 ordinary_combined_relin_execution_error=22 pair_relin_execution_error=37 high_path_relin_error=20 low_path_relin_error=21 execution_relin2_triangle_bound=41 paper_additivity_residual=25 paper_additivity_execution_observed=true execution_certificate=PER_PATH_CONDITIONAL conservative_E_Relin_available=false universal_theorem_gate=UNPROVED execution_nonwrap_left=573393092092298898225628610959478825 execution_nonwrap_right_Q_l_over_2=26328024613448530879173985421597446139694598533080369598792431808 coefficient_error=138392775799737482991/1152921231876374273 execution_bound=5686442650066839946877/2305842463752748546 fixed_key_bv_bound_available=false frozen_decoded_abs_tolerance=0.00100000000000000002 measured_recorded_bias_error=1.32248379642406982e-09 measured_logical_slot_error=1.3224834833379254e-09
2026-09-05T04:59:20.9731833Z 53/57 Test #53: mult2_e2e_hybrid_complex ........................   Passed    0.06 sec
2026-09-05T04:59:20.9732229Z test 54
2026-09-05T04:59:20.9732435Z       Start 54: mult2_e2e_bv_real
2026-09-05T04:59:20.9732610Z 
2026-09-05T04:59:20.9732868Z 54: Test command: /home/runner/work/20231788./20231788./build/mult2_e2e_oracle_test "bv_real"
2026-09-05T04:59:20.9733382Z 54: Working Directory: /home/runner/work/20231788./20231788./build
2026-09-05T04:59:20.9733739Z 54: Test timeout computed to be: 10000000
2026-09-05T04:59:21.0437208Z 54: [RELIN2-EXECUTION] q_div=1073741953 q_l=1073741441 ordinary_combined_relin_execution_error=193264536348 pair_relin_execution_error=204002637921 high_path_relin_error=167286028716 low_path_relin_error=182714138402 execution_relin2_triangle_bound=350000167118 paper_additivity_residual=269509201411 paper_additivity_execution_observed=false secret_h=41 input_Q_l=52656049226897061758347970843194892279389197066160739197584863617 oracle_basis_agreement=true
2026-09-05T04:59:21.0449583Z 54: case=bv_real security_level=HEStd_NotSet(functional-only) key_switch=BV secret_key_dist=UNIFORM_TERNARY ckks_data_type=REAL selected_ring_dimension=64 actual_N=64 batch_size=16 host_vector_length=8 encoding_noise_scale_degree=2 encoding_level=0 scaling_technique=FIXEDMANUAL digit_size=0 max_relin_sk_deg=2 scaling_mod_size=30 first_mod_size=35 multiplicative_depth=7 active_Q_l_towers=7 Q_l_bits=215 preselection_required_bits=174 selection_reserve_bits=32 q_div=1073741953 q_l=1073741441 ratio_2^(2p)/(q_div*q_l)=1.00000023655603276 descriptor_ratio=1.00000023655603276 M_high=107367067 M_low=4836033084 secret_h=41 ordinary_combined_relin_execution_error=193264536348 pair_relin_execution_error=204002637921 high_path_relin_error=167286028716 low_path_relin_error=182714138402 execution_relin2_triangle_bound=350000167118 paper_additivity_residual=269509201411 paper_additivity_execution_observed=false execution_certificate=PER_PATH_CONDITIONAL conservative_E_Relin_available=false universal_theorem_gate=UNPROVED execution_nonwrap_left=850593448768703760044866221402037518 execution_nonwrap_right_Q_l_over_2=26328024613448530879173985421597446139694598533080369598792431808 coefficient_error=249044898610723019224/1152921231876374273 execution_bound=3793606064383469657542/2305842463752748546 fixed_key_bv_bound_available=true fixed_key_bv_bound_status=CANDIDATE_FIXED_KEY_CIPHERTEXT_UNIFORM_CONDITIONAL_ON_CENTERED_DIGIT_LIFT fixed_key_bv_noise_scale=1 fixed_key_bv_active_rows=7 fixed_key_bv_raised_high_q_div_digit=ZERO fixed_key_bv_row_residual_norms=2,2,2,2,3,3,2 fixed_key_bv_per_path_raw_bound=2680059297792 fixed_key_bv_pair_raw_bound=5360118595584 fixed_key_bv_integer_lift_nonwrap=true fixed_key_bv_conservative_nonwrap_left=850593448768703760044871231520465984 fixed_key_bv_conservative_bound=14552754756668216925738/2305842463752748546 fixed_key_bv_final_integer_lift=1701186897537422072844488411020666538<56539009134152591222370164266759140395695978104921302317938424343356224001 fixed_key_bv_unconditional_gaussian_key_bound=false fixed_key_bv_universal_theorem_gate=UNPROVED centered_digit_boundary_probe=PASSED frozen_decoded_abs_tolerance=0.00100000000000000002 measured_recorded_bias_error=1.08105990825890785e-08 measured_logical_slot_error=1.08105965290761219e-08
2026-09-05T04:59:21.0457538Z 54/57 Test #54: mult2_e2e_bv_real ...............................   Passed    0.07 sec
2026-09-05T04:59:21.0457924Z test 55
2026-09-05T04:59:21.0458129Z       Start 55: mult2_e2e_bv_complex
2026-09-05T04:59:21.0458316Z 
2026-09-05T04:59:21.0458594Z 55: Test command: /home/runner/work/20231788./20231788./build/mult2_e2e_oracle_test "bv_complex"
2026-09-05T04:59:21.0459139Z 55: Working Directory: /home/runner/work/20231788./20231788./build
2026-09-05T04:59:21.0459501Z 55: Test timeout computed to be: 10000000
2026-09-05T04:59:21.1148415Z 55: [RELIN2-EXECUTION] q_div=1073741953 q_l=1073741441 ordinary_combined_relin_execution_error=168052904561 pair_relin_execution_error=315101548204 high_path_relin_error=233377124967 low_path_relin_error=145978524912 execution_relin2_triangle_bound=379355649879 paper_additivity_residual=314606349838 paper_additivity_execution_observed=false secret_h=45 input_Q_l=52656049226897061758347970843194892279389197066160739197584863617 oracle_basis_agreement=true
2026-09-05T04:59:21.1159621Z 55: case=bv_complex security_level=HEStd_NotSet(functional-only) key_switch=BV secret_key_dist=UNIFORM_TERNARY ckks_data_type=COMPLEX selected_ring_dimension=64 actual_N=64 batch_size=16 host_vector_length=8 encoding_noise_scale_degree=2 encoding_level=0 scaling_technique=FIXEDMANUAL digit_size=0 max_relin_sk_deg=2 scaling_mod_size=30 first_mod_size=35 multiplicative_depth=7 active_Q_l_towers=7 Q_l_bits=215 preselection_required_bits=174 selection_reserve_bits=32 q_div=1073741953 q_l=1073741441 ratio_2^(2p)/(q_div*q_l)=1.00000023655603276 descriptor_ratio=1.00000023655603276 M_high=88152830 M_low=6519229903 secret_h=45 ordinary_combined_relin_execution_error=168052904561 pair_relin_execution_error=315101548204 high_path_relin_error=233377124967 low_path_relin_error=145978524912 execution_relin2_triangle_bound=379355649879 paper_additivity_residual=314606349838 paper_additivity_execution_observed=false execution_certificate=PER_PATH_CONDITIONAL conservative_E_Relin_available=false universal_theorem_gate=UNPROVED execution_nonwrap_left=573393012621764203650092049430110615 execution_nonwrap_right_Q_l_over_2=26328024613448530879173985421597446139694598533080369598792431808 coefficient_error=343413761498304021365/1152921231876374273 execution_bound=6307740421037318408284/2305842463752748546 fixed_key_bv_bound_available=true fixed_key_bv_bound_status=CANDIDATE_FIXED_KEY_CIPHERTEXT_UNIFORM_CONDITIONAL_ON_CENTERED_DIGIT_LIFT fixed_key_bv_noise_scale=1 fixed_key_bv_active_rows=7 fixed_key_bv_raised_high_q_div_digit=ZERO fixed_key_bv_row_residual_norms=2,2,3,3,2,3,3 fixed_key_bv_per_path_raw_bound=2748778762240 fixed_key_bv_pair_raw_bound=5497557524480 fixed_key_bv_integer_lift_nonwrap=true fixed_key_bv_conservative_nonwrap_left=573393012621764203650097167631985216 fixed_key_bv_conservative_bound=17298996574401996079790/2305842463752748546 fixed_key_bv_final_integer_lift=1146786025243545706296757742145001262<56539009134152591222370164266759140395695978104921302317938424343356224001 fixed_key_bv_unconditional_gaussian_key_bound=false fixed_key_bv_universal_theorem_gate=UNPROVED centered_digit_boundary_probe=PASSED frozen_decoded_abs_tolerance=0.00100000000000000002 measured_recorded_bias_error=1.32248349995891978e-09 measured_logical_slot_error=1.32248318687284815e-09
2026-09-05T04:59:21.1167589Z 55/57 Test #55: mult2_e2e_bv_complex ............................   Passed    0.07 sec
2026-09-05T04:59:21.1168012Z test 56
2026-09-05T04:59:21.1168257Z       Start 56: mult2_pair_add_input_hybrid_complex
2026-09-05T04:59:21.1168494Z 
2026-09-05T04:59:21.1168842Z 56: Test command: /home/runner/work/20231788./20231788./build/mult2_e2e_oracle_test "pair_add_input_hybrid_complex"
2026-09-05T04:59:21.1169437Z 56: Working Directory: /home/runner/work/20231788./20231788./build
2026-09-05T04:59:21.1169820Z 56: Test timeout computed to be: 10000000
2026-09-05T04:59:21.1973357Z 56: [RELIN2-EXECUTION] q_div=1073741953 q_l=1073741441 ordinary_combined_relin_execution_error=11 pair_relin_execution_error=20 high_path_relin_error=13 low_path_relin_error=10 execution_relin2_triangle_bound=23 paper_additivity_residual=13 paper_additivity_execution_observed=true secret_h=41 input_Q_l=52656049226897061758347970843194892279389197066160739197584863617 oracle_basis_agreement=true
2026-09-05T04:59:21.1982490Z 56: case=pair_add_input_hybrid_complex security_level=HEStd_NotSet(functional-only) key_switch=HYBRID secret_key_dist=UNIFORM_TERNARY ckks_data_type=COMPLEX selected_ring_dimension=64 actual_N=64 batch_size=16 host_vector_length=8 encoding_noise_scale_degree=2 encoding_level=0 scaling_technique=FIXEDMANUAL digit_size=0 max_relin_sk_deg=2 scaling_mod_size=30 first_mod_size=35 multiplicative_depth=7 active_Q_l_towers=7 Q_l_bits=215 preselection_required_bits=174 selection_reserve_bits=32 q_div=1073741953 q_l=1073741441 ratio_2^(2p)/(q_div*q_l)=1.00000023655603276 descriptor_ratio=1.00000023655603276 M_high=89261194 M_low=5368709748 secret_h=41 ordinary_combined_relin_execution_error=11 pair_relin_execution_error=20 high_path_relin_error=13 low_path_relin_error=10 execution_relin2_triangle_bound=23 paper_additivity_residual=13 paper_additivity_execution_observed=true execution_certificate=PER_PATH_CONDITIONAL conservative_E_Relin_available=false universal_theorem_gate=UNPROVED execution_nonwrap_left=587902423630659509326029139293241623 execution_nonwrap_right_Q_l_over_2=26328024613448530879173985421597446139694598533080369598792431808 coefficient_error=137497743441755554696/1152921231876374273 execution_bound=3737772369646788457816/2305842463752748546 fixed_key_bv_bound_available=false frozen_decoded_abs_tolerance=0.00100000000000000002 measured_recorded_bias_error=6.60321896653142803e-10 measured_logical_slot_error=6.60321740450057646e-10
2026-09-05T04:59:21.1989446Z 56/57 Test #56: mult2_pair_add_input_hybrid_complex .............   Passed    0.08 sec
2026-09-05T04:59:21.1990100Z test 57
2026-09-05T04:59:21.1990455Z       Start 57: mult2_pair_sub_input_hybrid_complex
2026-09-05T04:59:21.1990792Z 
2026-09-05T04:59:21.1991311Z 57: Test command: /home/runner/work/20231788./20231788./build/mult2_e2e_oracle_test "pair_sub_input_hybrid_complex"
2026-09-05T04:59:21.1991934Z 57: Working Directory: /home/runner/work/20231788./20231788./build
2026-09-05T04:59:21.1992307Z 57: Test timeout computed to be: 10000000
2026-09-05T04:59:21.2806951Z 57: [RELIN2-EXECUTION] q_div=1073741953 q_l=1073741441 ordinary_combined_relin_execution_error=18 pair_relin_execution_error=23 high_path_relin_error=12 low_path_relin_error=14 execution_relin2_triangle_bound=26 paper_additivity_residual=20 paper_additivity_execution_observed=true secret_h=44 input_Q_l=52656049226897061758347970843194892279389197066160739197584863617 oracle_basis_agreement=true
2026-09-05T04:59:21.2813431Z 57: case=pair_sub_input_hybrid_complex security_level=HEStd_NotSet(functional-only) key_switch=HYBRID secret_key_dist=UNIFORM_TERNARY ckks_data_type=COMPLEX selected_ring_dimension=64 actual_N=64 batch_size=16 host_vector_length=8 encoding_noise_scale_degree=2 encoding_level=0 scaling_technique=FIXEDMANUAL digit_size=0 max_relin_sk_deg=2 scaling_mod_size=30 first_mod_size=35 multiplicative_depth=7 active_Q_l_towers=7 Q_l_bits=215 preselection_required_bits=174 selection_reserve_bits=32 q_div=1073741953 q_l=1073741441 ratio_2^(2p)/(q_div*q_l)=1.00000023655603276 descriptor_ratio=1.00000023655603276 M_high=89261192 M_low=6744397952 secret_h=44 ordinary_combined_relin_execution_error=18 pair_relin_execution_error=23 high_path_relin_error=12 low_path_relin_error=14 execution_relin2_triangle_bound=26 paper_additivity_residual=20 paper_additivity_execution_observed=true execution_certificate=PER_PATH_CONDITIONAL conservative_E_Relin_available=false universal_theorem_gate=UNPROVED execution_nonwrap_left=587902414162295151547313035239755802 execution_nonwrap_right_Q_l_over_2=26328024613448530879173985421597446139694598533080369598792431808 coefficient_error=112979361949754426360/1152921231876374273 execution_bound=5874205133562821094753/2305842463752748546 fixed_key_bv_bound_available=false frozen_decoded_abs_tolerance=0.00100000000000000002 measured_recorded_bias_error=8.52649421502204607e-10 measured_logical_slot_error=8.52649218458370347e-10
2026-09-05T04:59:21.2819767Z 57/57 Test #57: mult2_pair_sub_input_hybrid_complex .............   Passed    0.08 sec
2026-09-05T04:59:21.2820253Z 
2026-09-05T04:59:21.2820418Z The following tests passed:
2026-09-05T04:59:21.2820778Z 	dcp_rcb
2026-09-05T04:59:21.2821115Z 	precision_dcp_rcb_high_precision_contract
2026-09-05T04:59:21.2821553Z 	precision_first_mult2_high_precision_contract
2026-09-05T04:59:21.2822158Z 	pair_add_runtime_behavior
2026-09-05T04:59:21.2822408Z 	pair_sub_runtime_behavior
2026-09-05T04:59:21.2822689Z 	pair_arithmetic_controlled_oracle
2026-09-05T04:59:21.2822990Z 	pair_arithmetic_public_lifecycles_keyless
2026-09-05T04:59:21.2823292Z 	pair_arithmetic_compatibility_rejections
2026-09-05T04:59:21.2823585Z 	tensor2_valid_arithmetic_immutability
2026-09-05T04:59:21.2823856Z 	tensor2_result_scale_contract
2026-09-05T04:59:21.2824118Z 	tensor2_right_input_validation
2026-09-05T04:59:21.2824379Z 	tensor2_mutual_compatibility
2026-09-05T04:59:21.2824642Z 	tensor2_prearithmetic_key_compatibility
2026-09-05T04:59:21.2824920Z 	relin2_tensor_validation_order
2026-09-05T04:59:21.2825175Z 	relin2_insufficient_active_basis
2026-09-05T04:59:21.2825431Z 	relin2_missing_eval_key
2026-09-05T04:59:21.2825658Z 	relin2_key_empty
2026-09-05T04:59:21.2826193Z 	relin2_key_null_first
2026-09-05T04:59:21.2826441Z 	relin2_key_wrong_context
2026-09-05T04:59:21.2826669Z 	relin2_key_wrong_tag
2026-09-05T04:59:21.2826900Z 	relin2_key_wrong_subtype
2026-09-05T04:59:21.2827126Z 	relin2_key_hybrid_a_length
2026-09-05T04:59:21.2827362Z 	relin2_key_hybrid_b_length
2026-09-05T04:59:21.2827882Z 	relin2_key_hybrid_entry_basis
2026-09-05T04:59:21.2828131Z 	relin2_key_hybrid_entry_format
2026-09-05T04:59:21.2828436Z 	relin2_key_bv_zero_digit_a_length
2026-09-05T04:59:21.2828696Z 	relin2_key_bv_zero_digit_b_length
2026-09-05T04:59:21.2828985Z 	relin2_key_bv_nonzero_digit_a_length
2026-09-05T04:59:21.2829257Z 	relin2_key_bv_nonzero_digit_b_length
2026-09-05T04:59:21.2829661Z 	relin2_key_bv_zero_digit_entry_basis
2026-09-05T04:59:21.2830044Z 	relin2_key_bv_nonzero_digit_entry_basis
2026-09-05T04:59:21.2830455Z 	relin2_key_bv_zero_digit_entry_format
2026-09-05T04:59:21.2830880Z 	relin2_key_bv_nonzero_digit_entry_format
2026-09-05T04:59:21.2831341Z 	relin2_valid_arithmetic_state_immutability
2026-09-05T04:59:21.2831786Z 	relin2_controlled_witnesses_and_boundaries
2026-09-05T04:59:21.2832229Z 	relin2_representative_public_input
2026-09-05T04:59:21.2832645Z 	relin2_key_extra_later_valid
2026-09-05T04:59:21.2833020Z 	relin2_key_malformed_later_ignored
2026-09-05T04:59:21.2833368Z 	relin2_hybrid_valid_shapes
2026-09-05T04:59:21.2833626Z 	relin2_bv_zero_digit_valid_shapes
2026-09-05T04:59:21.2834022Z 	relin2_bv_nonzero_digit_valid_shapes
2026-09-05T04:59:21.2834401Z 	relin2_first_recombined_rcb_validation
2026-09-05T04:59:21.2834764Z 	relin2_first_recombined_tensor2_validation
2026-09-05T04:59:21.2835057Z 	relin2_tensor2_requires_first_lifecycle
2026-09-05T04:59:21.2835327Z 	rs2_wrong_lifecycle
2026-09-05T04:59:21.2835557Z 	rs2_valid_arithmetic_state_immutability
2026-09-05T04:59:21.2836011Z 	rs2_mixed_tower_format
2026-09-05T04:59:21.2836291Z 	rs2_untouched_public_pipeline
2026-09-05T04:59:21.2836551Z 	rs2_declared_basis_mismatch
2026-09-05T04:59:21.2836793Z 	rs2_terminal_rejections
2026-09-05T04:59:21.2837028Z 	mult2_composition_contract
2026-09-05T04:59:21.2837269Z 	mult2_e2e_hybrid_real
2026-09-05T04:59:21.2837491Z 	mult2_e2e_hybrid_complex
2026-09-05T04:59:21.2837728Z 	mult2_e2e_bv_real
2026-09-05T04:59:21.2837937Z 	mult2_e2e_bv_complex
2026-09-05T04:59:21.2838165Z 	mult2_pair_add_input_hybrid_complex
2026-09-05T04:59:21.2838435Z 	mult2_pair_sub_input_hybrid_complex
2026-09-05T04:59:21.2838603Z 
2026-09-05T04:59:21.2838716Z 100% tests passed, 0 tests failed out of 57
2026-09-05T04:59:21.2838897Z 
2026-09-05T04:59:21.2838998Z Total Test time (real) =   1.28 sec
2026-09-05T04:59:21.2883776Z ##[group]Run cmake --build build --target paper_h128_client_keypair_contract_test --parallel 2
2026-09-05T04:59:21.2884456Z [36;1mcmake --build build --target paper_h128_client_keypair_contract_test --parallel 2[0m
2026-09-05T04:59:21.2923379Z shell: /usr/bin/bash -e {0}
2026-09-05T04:59:21.2923648Z env:
2026-09-05T04:59:21.2923932Z   OPENFHE_COMMIT: df495ba2e91739a6dc8f1de254fc5a41155ce504
2026-09-05T04:59:21.2924386Z   OPENFHE_PREFIX: /home/runner/work/20231788./20231788./.ci/openfhe-install
2026-09-05T04:59:21.2924761Z ##[endgroup]
2026-09-05T04:59:21.3293577Z [ 60%] Built target openfhe_2023_1788
2026-09-05T04:59:21.3373034Z [ 80%] Building CXX object CMakeFiles/paper_h128_client_keypair_contract_test.dir/tests/paper_h128_client_keypair_contract_test.cpp.o
2026-09-05T04:59:32.1003300Z [100%] Linking CXX executable paper_h128_client_keypair_contract_test
2026-09-05T04:59:32.2284520Z [100%] Built target paper_h128_client_keypair_contract_test
2026-09-05T04:59:32.2350565Z ##[group]Run ctest --test-dir build --verbose --output-on-failure -R '^paper_h128_client_keypair_contract$'
2026-09-05T04:59:32.2351308Z [36;1mctest --test-dir build --verbose --output-on-failure -R '^paper_h128_client_keypair_contract$'[0m
2026-09-05T04:59:32.2390678Z shell: /usr/bin/bash -e {0}
2026-09-05T04:59:32.2390942Z env:
2026-09-05T04:59:32.2391225Z   OPENFHE_COMMIT: df495ba2e91739a6dc8f1de254fc5a41155ce504
2026-09-05T04:59:32.2391692Z   OPENFHE_PREFIX: /home/runner/work/20231788./20231788./.ci/openfhe-install
2026-09-05T04:59:32.2392082Z ##[endgroup]
2026-09-05T04:59:32.2470209Z Internal ctest changing into directory: /home/runner/work/20231788./20231788./build
2026-09-05T04:59:32.2471131Z UpdateCTestConfiguration  from :/home/runner/work/20231788./20231788./build/DartConfiguration.tcl
2026-09-05T04:59:32.2472317Z UpdateCTestConfiguration  from :/home/runner/work/20231788./20231788./build/DartConfiguration.tcl
2026-09-05T04:59:32.2473169Z Test project /home/runner/work/20231788./20231788./build
2026-09-05T04:59:32.2473664Z Constructing a list of tests
2026-09-05T04:59:32.2483128Z Done constructing a list of tests
2026-09-05T04:59:32.2483557Z Updating test list for fixtures
2026-09-05T04:59:32.2483969Z Added 0 tests to meet fixture requirements
2026-09-05T04:59:32.2484874Z Checking test dependency graph...
2026-09-05T04:59:32.2485284Z Checking test dependency graph end
2026-09-05T04:59:32.2485677Z test 58
2026-09-05T04:59:32.2486233Z     Start 58: paper_h128_client_keypair_contract
2026-09-05T04:59:32.2486570Z 
2026-09-05T04:59:32.2487004Z 58: Test command: /home/runner/work/20231788./20231788./build/paper_h128_client_keypair_contract_test
2026-09-05T04:59:32.2487738Z 58: Working Directory: /home/runner/work/20231788./20231788./build
2026-09-05T04:59:32.2488114Z 58: Test timeout computed to be: 10000000
2026-09-05T04:59:32.2907063Z 58: valid-path assertions passed (diagnostic, not paper evidence)
2026-09-05T04:59:32.2907859Z 58: 50 named rejection assertions passed (no injected tag collisions)
2026-09-05T04:59:32.2908598Z 58: two-call uniqueness and owned-tag cache-isolation assertions passed
2026-09-05T04:59:32.2911589Z 1/1 Test #58: paper_h128_client_keypair_contract ...   Passed    0.04 sec
2026-09-05T04:59:32.2916606Z 
2026-09-05T04:59:32.2916782Z The following tests passed:
2026-09-05T04:59:32.2917201Z 	paper_h128_client_keypair_contract
2026-09-05T04:59:32.2917475Z 
2026-09-05T04:59:32.2917641Z 100% tests passed, 0 tests failed out of 1
2026-09-05T04:59:32.2917930Z 
2026-09-05T04:59:32.2918073Z Total Test time (real) =   0.04 sec
2026-09-05T04:59:32.2957378Z ##[group]Run ctest --test-dir build --verbose --output-on-failure
2026-09-05T04:59:32.2957877Z [36;1mctest --test-dir build --verbose --output-on-failure[0m
2026-09-05T04:59:32.2996105Z shell: /usr/bin/bash -e {0}
2026-09-05T04:59:32.2996367Z env:
2026-09-05T04:59:32.2996646Z   OPENFHE_COMMIT: df495ba2e91739a6dc8f1de254fc5a41155ce504
2026-09-05T04:59:32.2997093Z   OPENFHE_PREFIX: /home/runner/work/20231788./20231788./.ci/openfhe-install
2026-09-05T04:59:32.2997468Z ##[endgroup]
2026-09-05T04:59:32.3076460Z Internal ctest changing into directory: /home/runner/work/20231788./20231788./build
2026-09-05T04:59:32.3077457Z UpdateCTestConfiguration  from :/home/runner/work/20231788./20231788./build/DartConfiguration.tcl
2026-09-05T04:59:32.3079052Z UpdateCTestConfiguration  from :/home/runner/work/20231788./20231788./build/DartConfiguration.tcl
2026-09-05T04:59:32.3079846Z Test project /home/runner/work/20231788./20231788./build
2026-09-05T04:59:32.3080384Z Constructing a list of tests
2026-09-05T04:59:32.3089788Z Done constructing a list of tests
2026-09-05T04:59:32.3090573Z Updating test list for fixtures
2026-09-05T04:59:32.3091001Z Added 0 tests to meet fixture requirements
2026-09-05T04:59:32.3092803Z Checking test dependency graph...
2026-09-05T04:59:32.3093229Z Checking test dependency graph end
2026-09-05T04:59:32.3093736Z test 1
2026-09-05T04:59:32.3094023Z       Start  1: dcp_rcb
2026-09-05T04:59:32.3094242Z 
2026-09-05T04:59:32.3094522Z 1: Test command: /home/runner/work/20231788./20231788./build/dcp_rcb_test
2026-09-05T04:59:32.3095203Z 1: Working Directory: /home/runner/work/20231788./20231788./build
2026-09-05T04:59:32.3096511Z 1: Test timeout computed to be: 10000000
2026-09-05T04:59:32.3412395Z 1: DCP/RCB independent-oracle tests passed
2026-09-05T04:59:32.3416884Z  1/58 Test  #1: dcp_rcb .........................................   Passed    0.03 sec
2026-09-05T04:59:32.3419939Z test 2
2026-09-05T04:59:32.3420322Z       Start  2: precision_dcp_rcb_high_precision_contract
2026-09-05T04:59:32.3420719Z 
2026-09-05T04:59:32.3421001Z 2: Test command: /home/runner/work/20231788./20231788./build/precision_dcp_rcb_contract_test
2026-09-05T04:59:32.3421517Z 2: Working Directory: /home/runner/work/20231788./20231788./build
2026-09-05T04:59:32.3421870Z 2: Test timeout computed to be: 10000000
2026-09-05T04:59:32.3989624Z 2: test=precision_dcp_rcb_high_precision_contract trial=0 security_level=HEStd_NotSet(functional-diagnostic-only) key_switch=HYBRID ckks_data_type=COMPLEX N=64 batch=16 depth=7 scaling_mod_size=50 first_mod_size=55 scale_bits=100 q_div=1125899906843009 active_modulus_bits=356 maximum_coefficient_bits=98 approximate_headroom_bits=258 delta_error=3.0695736549813785807522887859666559732251e-28 max_slot_error=3.1321667761127548086526809105321623914147e-28
2026-09-05T04:59:32.3992604Z 2: test=precision_dcp_rcb_high_precision_contract trial=1 security_level=HEStd_NotSet(functional-diagnostic-only) key_switch=HYBRID ckks_data_type=COMPLEX N=64 batch=16 depth=7 scaling_mod_size=50 first_mod_size=55 scale_bits=100 q_div=1125899906843009 active_modulus_bits=356 maximum_coefficient_bits=98 approximate_headroom_bits=258 delta_error=9.9382079144656211201475749429246744227195e-29 max_slot_error=3.6867756898065264242720030700252807171192e-28
2026-09-05T04:59:32.3996029Z 2: test=precision_dcp_rcb_high_precision_contract trial=2 security_level=HEStd_NotSet(functional-diagnostic-only) key_switch=HYBRID ckks_data_type=COMPLEX N=64 batch=16 depth=7 scaling_mod_size=50 first_mod_size=55 scale_bits=100 q_div=1125899906843009 active_modulus_bits=356 maximum_coefficient_bits=98 approximate_headroom_bits=258 delta_error=5.4749523838979571116480225146122228795065e-28 max_slot_error=5.2989966465775716993290532470883046908719e-28
2026-09-05T04:59:32.3999585Z 2: test=precision_dcp_rcb_high_precision_contract trial=3 security_level=HEStd_NotSet(functional-diagnostic-only) key_switch=HYBRID ckks_data_type=COMPLEX N=64 batch=16 depth=7 scaling_mod_size=50 first_mod_size=55 scale_bits=100 q_div=1125899906843009 active_modulus_bits=356 maximum_coefficient_bits=98 approximate_headroom_bits=258 delta_error=1.2299254953983341361011280266218167040141e-28 max_slot_error=3.1018265816383882270994803699693385814326e-28
2026-09-05T04:59:32.4001357Z 2: precision_dcp_rcb_high_precision_contract=PASS
2026-09-05T04:59:32.4002029Z  2/58 Test  #2: precision_dcp_rcb_high_precision_contract .......   Passed    0.06 sec
2026-09-05T04:59:32.4002634Z test 3
2026-09-05T04:59:32.4003019Z       Start  3: precision_first_mult2_high_precision_contract
2026-09-05T04:59:32.4003395Z 
2026-09-05T04:59:32.4003755Z 3: Test command: /home/runner/work/20231788./20231788./build/precision_first_mult2_contract_test
2026-09-05T04:59:32.4004277Z 3: Working Directory: /home/runner/work/20231788./20231788./build
2026-09-05T04:59:32.4004629Z 3: Test timeout computed to be: 10000000
2026-09-05T04:59:32.5627946Z 3: test=precision_first_mult2_high_precision_contract trial=0 claim_scope=first-Mult2-diagnostic-only security_level=HEStd_NotSet(diagnostic-only) key_switch=HYBRID ckks_data_type=COMPLEX N=64 batch=16 depth=7 scaling_mod_size=50 first_mod_size=55 input_scale_numerator=2^100 final_logical_scale_numerator=2^200 final_logical_scale_denominator=1267650600226646386227681786497 q_div=1125899906843009 q_l=1125899906840833 input_product_centered_headroom_bits=160 output_centered_headroom_bits=210 coefficient_error_numerator=89854009520624192618666199622191 coefficient_error_denominator=1267650600226646386227681786497 frozen_abs_tolerance=2^-80 product_delta_error=4.8484041576445107770437391112351216437505e-28 max_slot_error=5.4697994028397516546325172449364295643426e-28
2026-09-05T04:59:32.5633423Z 3: test=precision_first_mult2_high_precision_contract trial=1 claim_scope=first-Mult2-diagnostic-only security_level=HEStd_NotSet(diagnostic-only) key_switch=HYBRID ckks_data_type=COMPLEX N=64 batch=16 depth=7 scaling_mod_size=50 first_mod_size=55 input_scale_numerator=2^100 final_logical_scale_numerator=2^200 final_logical_scale_denominator=1267650600226646386227681786497 q_div=1125899906843009 q_l=1125899906840833 input_product_centered_headroom_bits=160 output_centered_headroom_bits=210 coefficient_error_numerator=123639067980619229373645915645684 coefficient_error_denominator=1267650600226646386227681786497 frozen_abs_tolerance=2^-80 product_delta_error=1.5572802793578503224730046545596375688347e-28 max_slot_error=7.8470973464854292820011805651703198883278e-28
2026-09-05T04:59:32.5638792Z 3: test=precision_first_mult2_high_precision_contract trial=2 claim_scope=first-Mult2-diagnostic-only security_level=HEStd_NotSet(diagnostic-only) key_switch=HYBRID ckks_data_type=COMPLEX N=64 batch=16 depth=7 scaling_mod_size=50 first_mod_size=55 input_scale_numerator=2^100 final_logical_scale_numerator=2^200 final_logical_scale_denominator=1267650600226646386227681786497 q_div=1125899906843009 q_l=1125899906840833 input_product_centered_headroom_bits=160 output_centered_headroom_bits=210 coefficient_error_numerator=150142330203503408543645162199563 coefficient_error_denominator=1267650600226646386227681786497 frozen_abs_tolerance=2^-80 product_delta_error=3.9203029350591434267688848110212398603753e-28 max_slot_error=1.1546592901663194954851179446803360660884e-27
2026-09-05T04:59:32.5643777Z 3: test=precision_first_mult2_high_precision_contract trial=3 claim_scope=first-Mult2-diagnostic-only security_level=HEStd_NotSet(diagnostic-only) key_switch=HYBRID ckks_data_type=COMPLEX N=64 batch=16 depth=7 scaling_mod_size=50 first_mod_size=55 input_scale_numerator=2^100 final_logical_scale_numerator=2^200 final_logical_scale_denominator=1267650600226646386227681786497 q_div=1125899906843009 q_l=1125899906840833 input_product_centered_headroom_bits=160 output_centered_headroom_bits=210 coefficient_error_numerator=93071468672886438607707925313332 coefficient_error_denominator=1267650600226646386227681786497 frozen_abs_tolerance=2^-80 product_delta_error=1.9972095942686276587376743154595006139861e-28 max_slot_error=5.9145181441644666858339601873115204214161e-28
2026-09-05T04:59:32.5647098Z 3: precision_first_mult2_high_precision_contract=PASS
2026-09-05T04:59:32.5647594Z  3/58 Test  #3: precision_first_mult2_high_precision_contract ...   Passed    0.16 sec
2026-09-05T04:59:32.5648000Z test 4
2026-09-05T04:59:32.5648221Z       Start  4: pair_add_runtime_behavior
2026-09-05T04:59:32.5648419Z 
2026-09-05T04:59:32.5648612Z 4: Test command: /home/runner/work/20231788./20231788./build/pair_add_test
2026-09-05T04:59:32.5649062Z 4: Working Directory: /home/runner/work/20231788./20231788./build
2026-09-05T04:59:32.5649420Z 4: Test timeout computed to be: 10000000
2026-09-05T04:59:32.5690872Z 4: pair Add runtime behavior passed
2026-09-05T04:59:32.5694471Z  4/58 Test  #4: pair_add_runtime_behavior .......................   Passed    0.01 sec
2026-09-05T04:59:32.5696510Z test 5
2026-09-05T04:59:32.5696842Z       Start  5: pair_sub_runtime_behavior
2026-09-05T04:59:32.5697099Z 
2026-09-05T04:59:32.5697292Z 5: Test command: /home/runner/work/20231788./20231788./build/pair_sub_test
2026-09-05T04:59:32.5697776Z 5: Working Directory: /home/runner/work/20231788./20231788./build
2026-09-05T04:59:32.5698496Z 5: Test timeout computed to be: 10000000
2026-09-05T04:59:32.5749651Z 5: pair Sub runtime behavior passed
2026-09-05T04:59:32.5753424Z  5/58 Test  #5: pair_sub_runtime_behavior .......................   Passed    0.01 sec
2026-09-05T04:59:32.5755234Z test 6
2026-09-05T04:59:32.5755609Z       Start  6: pair_arithmetic_controlled_oracle
2026-09-05T04:59:32.5756080Z 
2026-09-05T04:59:32.5756524Z 6: Test command: /home/runner/work/20231788./20231788./build/pair_arithmetic_test "controlled_oracle"
2026-09-05T04:59:32.5757258Z 6: Working Directory: /home/runner/work/20231788./20231788./build
2026-09-05T04:59:32.5757631Z 6: Test timeout computed to be: 10000000
2026-09-05T04:59:32.6205310Z 6: pair-arithmetic case passed: controlled_oracle
2026-09-05T04:59:32.6209605Z  6/58 Test  #6: pair_arithmetic_controlled_oracle ...............   Passed    0.05 sec
2026-09-05T04:59:32.6211959Z test 7
2026-09-05T04:59:32.6212573Z       Start  7: pair_arithmetic_public_lifecycles_keyless
2026-09-05T04:59:32.6212865Z 
2026-09-05T04:59:32.6213209Z 7: Test command: /home/runner/work/20231788./20231788./build/pair_arithmetic_test "public_lifecycles_keyless"
2026-09-05T04:59:32.6213823Z 7: Working Directory: /home/runner/work/20231788./20231788./build
2026-09-05T04:59:32.6214213Z 7: Test timeout computed to be: 10000000
2026-09-05T04:59:32.6651641Z 7: pair-arithmetic case passed: public_lifecycles_keyless
2026-09-05T04:59:32.6655551Z  7/58 Test  #7: pair_arithmetic_public_lifecycles_keyless .......   Passed    0.04 sec
2026-09-05T04:59:32.6658282Z test 8
2026-09-05T04:59:32.6658794Z       Start  8: pair_arithmetic_compatibility_rejections
2026-09-05T04:59:32.6659142Z 
2026-09-05T04:59:32.6659598Z 8: Test command: /home/runner/work/20231788./20231788./build/pair_arithmetic_test "compatibility_rejections"
2026-09-05T04:59:32.6660559Z 8: Working Directory: /home/runner/work/20231788./20231788./build
2026-09-05T04:59:32.6661017Z 8: Test timeout computed to be: 10000000
2026-09-05T04:59:32.6879186Z 8: pair-arithmetic case passed: compatibility_rejections
2026-09-05T04:59:32.6883232Z  8/58 Test  #8: pair_arithmetic_compatibility_rejections ........   Passed    0.02 sec
2026-09-05T04:59:32.6885548Z test 9
2026-09-05T04:59:32.6886282Z       Start  9: tensor2_valid_arithmetic_immutability
2026-09-05T04:59:32.6886542Z 
2026-09-05T04:59:32.6886870Z 9: Test command: /home/runner/work/20231788./20231788./build/tensor2_test "valid_arithmetic_immutability"
2026-09-05T04:59:32.6887469Z 9: Working Directory: /home/runner/work/20231788./20231788./build
2026-09-05T04:59:32.6887884Z 9: Test timeout computed to be: 10000000
2026-09-05T04:59:32.6970063Z 9: Tensor2 case passed: valid_arithmetic_immutability
2026-09-05T04:59:32.6974006Z  9/58 Test  #9: tensor2_valid_arithmetic_immutability ...........   Passed    0.01 sec
2026-09-05T04:59:32.6976483Z test 10
2026-09-05T04:59:32.6976852Z       Start 10: tensor2_result_scale_contract
2026-09-05T04:59:32.6977154Z 
2026-09-05T04:59:32.6978056Z 10: Test command: /home/runner/work/20231788./20231788./build/tensor2_test "result_scale_contract"
2026-09-05T04:59:32.6978825Z 10: Working Directory: /home/runner/work/20231788./20231788./build
2026-09-05T04:59:32.6979207Z 10: Test timeout computed to be: 10000000
2026-09-05T04:59:32.7028227Z 10: Tensor2 case passed: result_scale_contract
2026-09-05T04:59:32.7031920Z 10/58 Test #10: tensor2_result_scale_contract ...................   Passed    0.01 sec
2026-09-05T04:59:32.7033625Z test 11
2026-09-05T04:59:32.7034005Z       Start 11: tensor2_right_input_validation
2026-09-05T04:59:32.7034323Z 
2026-09-05T04:59:32.7034762Z 11: Test command: /home/runner/work/20231788./20231788./build/tensor2_test "right_input_validation"
2026-09-05T04:59:32.7035660Z 11: Working Directory: /home/runner/work/20231788./20231788./build
2026-09-05T04:59:32.7036346Z 11: Test timeout computed to be: 10000000
2026-09-05T04:59:32.7082336Z 11: Tensor2 case passed: right_input_validation
2026-09-05T04:59:32.7086408Z 11/58 Test #11: tensor2_right_input_validation ..................   Passed    0.01 sec
2026-09-05T04:59:32.7088218Z test 12
2026-09-05T04:59:32.7088585Z       Start 12: tensor2_mutual_compatibility
2026-09-05T04:59:32.7088895Z 
2026-09-05T04:59:32.7089309Z 12: Test command: /home/runner/work/20231788./20231788./build/tensor2_test "mutual_compatibility"
2026-09-05T04:59:32.7090183Z 12: Working Directory: /home/runner/work/20231788./20231788./build
2026-09-05T04:59:32.7090683Z 12: Test timeout computed to be: 10000000
2026-09-05T04:59:32.7137729Z 12: Tensor2 case passed: mutual_compatibility
2026-09-05T04:59:32.7141618Z 12/58 Test #12: tensor2_mutual_compatibility ....................   Passed    0.01 sec
2026-09-05T04:59:32.7143613Z test 13
2026-09-05T04:59:32.7143983Z       Start 13: tensor2_prearithmetic_key_compatibility
2026-09-05T04:59:32.7144223Z 
2026-09-05T04:59:32.7144555Z 13: Test command: /home/runner/work/20231788./20231788./build/tensor2_test "prearithmetic_key_compatibility"
2026-09-05T04:59:32.7145165Z 13: Working Directory: /home/runner/work/20231788./20231788./build
2026-09-05T04:59:32.7145584Z 13: Test timeout computed to be: 10000000
2026-09-05T04:59:32.7193393Z 13: Tensor2 case passed: prearithmetic_key_compatibility
2026-09-05T04:59:32.7197459Z 13/58 Test #13: tensor2_prearithmetic_key_compatibility .........   Passed    0.01 sec
2026-09-05T04:59:32.7199492Z test 14
2026-09-05T04:59:32.7199864Z       Start 14: relin2_tensor_validation_order
2026-09-05T04:59:32.7200169Z 
2026-09-05T04:59:32.7200604Z 14: Test command: /home/runner/work/20231788./20231788./build/relin2_test "tensor_validation_order"
2026-09-05T04:59:32.7201516Z 14: Working Directory: /home/runner/work/20231788./20231788./build
2026-09-05T04:59:32.7201924Z 14: Test timeout computed to be: 10000000
2026-09-05T04:59:32.7248587Z 14: Relin2 case passed: tensor_validation_order
2026-09-05T04:59:32.7252392Z 14/58 Test #14: relin2_tensor_validation_order ..................   Passed    0.01 sec
2026-09-05T04:59:32.7254585Z test 15
2026-09-05T04:59:32.7254998Z       Start 15: relin2_insufficient_active_basis
2026-09-05T04:59:32.7255338Z 
2026-09-05T04:59:32.7255960Z 15: Test command: /home/runner/work/20231788./20231788./build/relin2_test "insufficient_active_basis"
2026-09-05T04:59:32.7256878Z 15: Working Directory: /home/runner/work/20231788./20231788./build
2026-09-05T04:59:32.7257248Z 15: Test timeout computed to be: 10000000
2026-09-05T04:59:32.7302401Z 15: Relin2 case passed: insufficient_active_basis
2026-09-05T04:59:32.7306969Z 15/58 Test #15: relin2_insufficient_active_basis ................   Passed    0.01 sec
2026-09-05T04:59:32.7308351Z test 16
2026-09-05T04:59:32.7308654Z       Start 16: relin2_missing_eval_key
2026-09-05T04:59:32.7308942Z 
2026-09-05T04:59:32.7309324Z 16: Test command: /home/runner/work/20231788./20231788./build/relin2_test "missing_eval_key"
2026-09-05T04:59:32.7309988Z 16: Working Directory: /home/runner/work/20231788./20231788./build
2026-09-05T04:59:32.7310366Z 16: Test timeout computed to be: 10000000
2026-09-05T04:59:32.7355439Z 16: Relin2 case passed: missing_eval_key
2026-09-05T04:59:32.7359122Z 16/58 Test #16: relin2_missing_eval_key .........................   Passed    0.00 sec
2026-09-05T04:59:32.7361362Z test 17
2026-09-05T04:59:32.7361695Z       Start 17: relin2_key_empty
2026-09-05T04:59:32.7361965Z 
2026-09-05T04:59:32.7362322Z 17: Test command: /home/runner/work/20231788./20231788./build/relin2_test "key_empty"
2026-09-05T04:59:32.7363151Z 17: Working Directory: /home/runner/work/20231788./20231788./build
2026-09-05T04:59:32.7363521Z 17: Test timeout computed to be: 10000000
2026-09-05T04:59:32.7407489Z 17: Relin2 case passed: key_empty
2026-09-05T04:59:32.7411377Z 17/58 Test #17: relin2_key_empty ................................   Passed    0.00 sec
2026-09-05T04:59:32.7413565Z test 18
2026-09-05T04:59:32.7413902Z       Start 18: relin2_key_null_first
2026-09-05T04:59:32.7414181Z 
2026-09-05T04:59:32.7414559Z 18: Test command: /home/runner/work/20231788./20231788./build/relin2_test "key_null_first"
2026-09-05T04:59:32.7415436Z 18: Working Directory: /home/runner/work/20231788./20231788./build
2026-09-05T04:59:32.7416252Z 18: Test timeout computed to be: 10000000
2026-09-05T04:59:32.7460252Z 18: Relin2 case passed: key_null_first
2026-09-05T04:59:32.7464010Z 18/58 Test #18: relin2_key_null_first ...........................   Passed    0.00 sec
2026-09-05T04:59:32.7465736Z test 19
2026-09-05T04:59:32.7466355Z       Start 19: relin2_key_wrong_context
2026-09-05T04:59:32.7466662Z 
2026-09-05T04:59:32.7467051Z 19: Test command: /home/runner/work/20231788./20231788./build/relin2_test "key_wrong_context"
2026-09-05T04:59:32.7467832Z 19: Working Directory: /home/runner/work/20231788./20231788./build
2026-09-05T04:59:32.7468455Z 19: Test timeout computed to be: 10000000
2026-09-05T04:59:32.7524604Z 19: Relin2 case passed: key_wrong_context
2026-09-05T04:59:32.7529243Z 19/58 Test #19: relin2_key_wrong_context ........................   Passed    0.01 sec
2026-09-05T04:59:32.7530973Z test 20
2026-09-05T04:59:32.7531332Z       Start 20: relin2_key_wrong_tag
2026-09-05T04:59:32.7531620Z 
2026-09-05T04:59:32.7531973Z 20: Test command: /home/runner/work/20231788./20231788./build/relin2_test "key_wrong_tag"
2026-09-05T04:59:32.7532725Z 20: Working Directory: /home/runner/work/20231788./20231788./build
2026-09-05T04:59:32.7533369Z 20: Test timeout computed to be: 10000000
2026-09-05T04:59:32.7583950Z 20: Relin2 case passed: key_wrong_tag
2026-09-05T04:59:32.7588389Z 20/58 Test #20: relin2_key_wrong_tag ............................   Passed    0.01 sec
2026-09-05T04:59:32.7590031Z test 21
2026-09-05T04:59:32.7590379Z       Start 21: relin2_key_wrong_subtype
2026-09-05T04:59:32.7590669Z 
2026-09-05T04:59:32.7591062Z 21: Test command: /home/runner/work/20231788./20231788./build/relin2_test "key_wrong_subtype"
2026-09-05T04:59:32.7591889Z 21: Working Directory: /home/runner/work/20231788./20231788./build
2026-09-05T04:59:32.7592426Z 21: Test timeout computed to be: 10000000
2026-09-05T04:59:32.7647400Z 21: Relin2 case passed: key_wrong_subtype
2026-09-05T04:59:32.7651934Z 21/58 Test #21: relin2_key_wrong_subtype ........................   Passed    0.01 sec
2026-09-05T04:59:32.7653499Z test 22
2026-09-05T04:59:32.7653813Z       Start 22: relin2_key_hybrid_a_length
2026-09-05T04:59:32.7654115Z 
2026-09-05T04:59:32.7654542Z 22: Test command: /home/runner/work/20231788./20231788./build/relin2_test "key_hybrid_a_length"
2026-09-05T04:59:32.7655240Z 22: Working Directory: /home/runner/work/20231788./20231788./build
2026-09-05T04:59:32.7655643Z 22: Test timeout computed to be: 10000000
2026-09-05T04:59:32.7706451Z 22: Relin2 case passed: key_hybrid_a_length
2026-09-05T04:59:32.7710674Z 22/58 Test #22: relin2_key_hybrid_a_length ......................   Passed    0.01 sec
2026-09-05T04:59:32.7712168Z test 23
2026-09-05T04:59:32.7712479Z       Start 23: relin2_key_hybrid_b_length
2026-09-05T04:59:32.7712768Z 
2026-09-05T04:59:32.7713166Z 23: Test command: /home/runner/work/20231788./20231788./build/relin2_test "key_hybrid_b_length"
2026-09-05T04:59:32.7714194Z 23: Working Directory: /home/runner/work/20231788./20231788./build
2026-09-05T04:59:32.7714579Z 23: Test timeout computed to be: 10000000
2026-09-05T04:59:32.7763782Z 23: Relin2 case passed: key_hybrid_b_length
2026-09-05T04:59:32.7768078Z 23/58 Test #23: relin2_key_hybrid_b_length ......................   Passed    0.01 sec
2026-09-05T04:59:32.7769708Z test 24
2026-09-05T04:59:32.7770036Z       Start 24: relin2_key_hybrid_entry_basis
2026-09-05T04:59:32.7770347Z 
2026-09-05T04:59:32.7770761Z 24: Test command: /home/runner/work/20231788./20231788./build/relin2_test "key_hybrid_entry_basis"
2026-09-05T04:59:32.7771465Z 24: Working Directory: /home/runner/work/20231788./20231788./build
2026-09-05T04:59:32.7771850Z 24: Test timeout computed to be: 10000000
2026-09-05T04:59:32.7833187Z 24: Relin2 case passed: key_hybrid_entry_basis
2026-09-05T04:59:32.7837203Z 24/58 Test #24: relin2_key_hybrid_entry_basis ...................   Passed    0.01 sec
2026-09-05T04:59:32.7839455Z test 25
2026-09-05T04:59:32.7839857Z       Start 25: relin2_key_hybrid_entry_format
2026-09-05T04:59:32.7840480Z 
2026-09-05T04:59:32.7840897Z 25: Test command: /home/runner/work/20231788./20231788./build/relin2_test "key_hybrid_entry_format"
2026-09-05T04:59:32.7841787Z 25: Working Directory: /home/runner/work/20231788./20231788./build
2026-09-05T04:59:32.7842155Z 25: Test timeout computed to be: 10000000
2026-09-05T04:59:32.7900820Z 25: Relin2 case passed: key_hybrid_entry_format
2026-09-05T04:59:32.7904924Z 25/58 Test #25: relin2_key_hybrid_entry_format ..................   Passed    0.01 sec
2026-09-05T04:59:32.7906735Z test 26
2026-09-05T04:59:32.7907077Z       Start 26: relin2_key_bv_zero_digit_a_length
2026-09-05T04:59:32.7907403Z 
2026-09-05T04:59:32.7907842Z 26: Test command: /home/runner/work/20231788./20231788./build/relin2_test "key_bv_zero_digit_a_length"
2026-09-05T04:59:32.7908557Z 26: Working Directory: /home/runner/work/20231788./20231788./build
2026-09-05T04:59:32.7908961Z 26: Test timeout computed to be: 10000000
2026-09-05T04:59:32.7959160Z 26: Relin2 case passed: key_bv_zero_digit_a_length
2026-09-05T04:59:32.7963189Z 26/58 Test #26: relin2_key_bv_zero_digit_a_length ...............   Passed    0.01 sec
2026-09-05T04:59:32.7965405Z test 27
2026-09-05T04:59:32.7965931Z       Start 27: relin2_key_bv_zero_digit_b_length
2026-09-05T04:59:32.7966252Z 
2026-09-05T04:59:32.7966672Z 27: Test command: /home/runner/work/20231788./20231788./build/relin2_test "key_bv_zero_digit_b_length"
2026-09-05T04:59:32.7967531Z 27: Working Directory: /home/runner/work/20231788./20231788./build
2026-09-05T04:59:32.7968103Z 27: Test timeout computed to be: 10000000
2026-09-05T04:59:32.8016874Z 27: Relin2 case passed: key_bv_zero_digit_b_length
2026-09-05T04:59:32.8020840Z 27/58 Test #27: relin2_key_bv_zero_digit_b_length ...............   Passed    0.01 sec
2026-09-05T04:59:32.8022960Z test 28
2026-09-05T04:59:32.8023356Z       Start 28: relin2_key_bv_nonzero_digit_a_length
2026-09-05T04:59:32.8023694Z 
2026-09-05T04:59:32.8024214Z 28: Test command: /home/runner/work/20231788./20231788./build/relin2_test "key_bv_nonzero_digit_a_length"
2026-09-05T04:59:32.8025148Z 28: Working Directory: /home/runner/work/20231788./20231788./build
2026-09-05T04:59:32.8025523Z 28: Test timeout computed to be: 10000000
2026-09-05T04:59:32.8083171Z 28: Relin2 case passed: key_bv_nonzero_digit_a_length
2026-09-05T04:59:32.8087425Z 28/58 Test #28: relin2_key_bv_nonzero_digit_a_length ............   Passed    0.01 sec
2026-09-05T04:59:32.8089632Z test 29
2026-09-05T04:59:32.8090021Z       Start 29: relin2_key_bv_nonzero_digit_b_length
2026-09-05T04:59:32.8090348Z 
2026-09-05T04:59:32.8090802Z 29: Test command: /home/runner/work/20231788./20231788./build/relin2_test "key_bv_nonzero_digit_b_length"
2026-09-05T04:59:32.8091730Z 29: Working Directory: /home/runner/work/20231788./20231788./build
2026-09-05T04:59:32.8092105Z 29: Test timeout computed to be: 10000000
2026-09-05T04:59:32.8149339Z 29: Relin2 case passed: key_bv_nonzero_digit_b_length
2026-09-05T04:59:32.8153919Z 29/58 Test #29: relin2_key_bv_nonzero_digit_b_length ............   Passed    0.01 sec
2026-09-05T04:59:32.8155677Z test 30
2026-09-05T04:59:32.8156229Z       Start 30: relin2_key_bv_zero_digit_entry_basis
2026-09-05T04:59:32.8156571Z 
2026-09-05T04:59:32.8157020Z 30: Test command: /home/runner/work/20231788./20231788./build/relin2_test "key_bv_zero_digit_entry_basis"
2026-09-05T04:59:32.8157841Z 30: Working Directory: /home/runner/work/20231788./20231788./build
2026-09-05T04:59:32.8158475Z 30: Test timeout computed to be: 10000000
2026-09-05T04:59:32.8210746Z 30: Relin2 case passed: key_bv_zero_digit_entry_basis
2026-09-05T04:59:32.8214691Z 30/58 Test #30: relin2_key_bv_zero_digit_entry_basis ............   Passed    0.01 sec
2026-09-05T04:59:32.8217341Z test 31
2026-09-05T04:59:32.8217736Z       Start 31: relin2_key_bv_nonzero_digit_entry_basis
2026-09-05T04:59:32.8218076Z 
2026-09-05T04:59:32.8218577Z 31: Test command: /home/runner/work/20231788./20231788./build/relin2_test "key_bv_nonzero_digit_entry_basis"
2026-09-05T04:59:32.8219527Z 31: Working Directory: /home/runner/work/20231788./20231788./build
2026-09-05T04:59:32.8220295Z 31: Test timeout computed to be: 10000000
2026-09-05T04:59:32.8280125Z 31: Relin2 case passed: key_bv_nonzero_digit_entry_basis
2026-09-05T04:59:32.8284261Z 31/58 Test #31: relin2_key_bv_nonzero_digit_entry_basis .........   Passed    0.01 sec
2026-09-05T04:59:32.8286972Z test 32
2026-09-05T04:59:32.8287345Z       Start 32: relin2_key_bv_zero_digit_entry_format
2026-09-05T04:59:32.8287681Z 
2026-09-05T04:59:32.8288135Z 32: Test command: /home/runner/work/20231788./20231788./build/relin2_test "key_bv_zero_digit_entry_format"
2026-09-05T04:59:32.8289070Z 32: Working Directory: /home/runner/work/20231788./20231788./build
2026-09-05T04:59:32.8289564Z 32: Test timeout computed to be: 10000000
2026-09-05T04:59:32.8341518Z 32: Relin2 case passed: key_bv_zero_digit_entry_format
2026-09-05T04:59:32.8345527Z 32/58 Test #32: relin2_key_bv_zero_digit_entry_format ...........   Passed    0.01 sec
2026-09-05T04:59:32.8347672Z test 33
2026-09-05T04:59:32.8348011Z       Start 33: relin2_key_bv_nonzero_digit_entry_format
2026-09-05T04:59:32.8348238Z 
2026-09-05T04:59:32.8348562Z 33: Test command: /home/runner/work/20231788./20231788./build/relin2_test "key_bv_nonzero_digit_entry_format"
2026-09-05T04:59:32.8349144Z 33: Working Directory: /home/runner/work/20231788./20231788./build
2026-09-05T04:59:32.8349548Z 33: Test timeout computed to be: 10000000
2026-09-05T04:59:32.8411381Z 33: Relin2 case passed: key_bv_nonzero_digit_entry_format
2026-09-05T04:59:32.8415513Z 33/58 Test #33: relin2_key_bv_nonzero_digit_entry_format ........   Passed    0.01 sec
2026-09-05T04:59:32.8417830Z test 34
2026-09-05T04:59:32.8418238Z       Start 34: relin2_valid_arithmetic_state_immutability
2026-09-05T04:59:32.8418483Z 
2026-09-05T04:59:32.8418824Z 34: Test command: /home/runner/work/20231788./20231788./build/relin2_test "valid_arithmetic_state_immutability"
2026-09-05T04:59:32.8419412Z 34: Working Directory: /home/runner/work/20231788./20231788./build
2026-09-05T04:59:32.8419836Z 34: Test timeout computed to be: 10000000
2026-09-05T04:59:32.8682338Z 34: Relin2 case passed: valid_arithmetic_state_immutability
2026-09-05T04:59:32.8687583Z 34/58 Test #34: relin2_valid_arithmetic_state_immutability ......   Passed    0.03 sec
2026-09-05T04:59:32.8689756Z test 35
2026-09-05T04:59:32.8690152Z       Start 35: relin2_controlled_witnesses_and_boundaries
2026-09-05T04:59:32.8690516Z 
2026-09-05T04:59:32.8691013Z 35: Test command: /home/runner/work/20231788./20231788./build/relin2_test "controlled_witnesses_and_boundaries"
2026-09-05T04:59:32.8691644Z 35: Working Directory: /home/runner/work/20231788./20231788./build
2026-09-05T04:59:32.8692063Z 35: Test timeout computed to be: 10000000
2026-09-05T04:59:32.8761511Z 35: Relin2 case passed: controlled_witnesses_and_boundaries
2026-09-05T04:59:32.8765731Z 35/58 Test #35: relin2_controlled_witnesses_and_boundaries ......   Passed    0.01 sec
2026-09-05T04:59:32.8768392Z test 36
2026-09-05T04:59:32.8769167Z       Start 36: relin2_representative_public_input
2026-09-05T04:59:32.8769519Z 
2026-09-05T04:59:32.8769971Z 36: Test command: /home/runner/work/20231788./20231788./build/relin2_test "representative_public_input"
2026-09-05T04:59:32.8770831Z 36: Working Directory: /home/runner/work/20231788./20231788./build
2026-09-05T04:59:32.8771208Z 36: Test timeout computed to be: 10000000
2026-09-05T04:59:32.8962064Z 36: Relin2 case passed: representative_public_input
2026-09-05T04:59:32.8967389Z 36/58 Test #36: relin2_representative_public_input ..............   Passed    0.02 sec
2026-09-05T04:59:32.8972392Z test 37
2026-09-05T04:59:32.8972755Z       Start 37: relin2_key_extra_later_valid
2026-09-05T04:59:32.8973073Z 
2026-09-05T04:59:32.8973480Z 37: Test command: /home/runner/work/20231788./20231788./build/relin2_test "key_extra_later_valid"
2026-09-05T04:59:32.8974296Z 37: Working Directory: /home/runner/work/20231788./20231788./build
2026-09-05T04:59:32.8974702Z 37: Test timeout computed to be: 10000000
2026-09-05T04:59:32.9241989Z 37: Relin2 case passed: key_extra_later_valid
2026-09-05T04:59:32.9246679Z 37/58 Test #37: relin2_key_extra_later_valid ....................   Passed    0.03 sec
2026-09-05T04:59:32.9249433Z test 38
2026-09-05T04:59:32.9249817Z       Start 38: relin2_key_malformed_later_ignored
2026-09-05T04:59:32.9250138Z 
2026-09-05T04:59:32.9250566Z 38: Test command: /home/runner/work/20231788./20231788./build/relin2_test "key_malformed_later_ignored"
2026-09-05T04:59:32.9251369Z 38: Working Directory: /home/runner/work/20231788./20231788./build
2026-09-05T04:59:32.9252036Z 38: Test timeout computed to be: 10000000
2026-09-05T04:59:32.9371351Z 38: Relin2 case passed: key_malformed_later_ignored
2026-09-05T04:59:32.9376374Z 38/58 Test #38: relin2_key_malformed_later_ignored ..............   Passed    0.01 sec
2026-09-05T04:59:32.9378709Z test 39
2026-09-05T04:59:32.9379049Z       Start 39: relin2_hybrid_valid_shapes
2026-09-05T04:59:32.9379347Z 
2026-09-05T04:59:32.9379775Z 39: Test command: /home/runner/work/20231788./20231788./build/relin2_test "hybrid_valid_shapes"
2026-09-05T04:59:32.9380632Z 39: Working Directory: /home/runner/work/20231788./20231788./build
2026-09-05T04:59:32.9381184Z 39: Test timeout computed to be: 10000000
2026-09-05T04:59:32.9673191Z 39: Relin2 case passed: hybrid_valid_shapes
2026-09-05T04:59:32.9677867Z 39/58 Test #39: relin2_hybrid_valid_shapes ......................   Passed    0.03 sec
2026-09-05T04:59:32.9680266Z test 40
2026-09-05T04:59:32.9680614Z       Start 40: relin2_bv_zero_digit_valid_shapes
2026-09-05T04:59:32.9680942Z 
2026-09-05T04:59:32.9681250Z 40: Test command: /home/runner/work/20231788./20231788./build/relin2_test "bv_zero_digit_valid_shapes"
2026-09-05T04:59:32.9681818Z 40: Working Directory: /home/runner/work/20231788./20231788./build
2026-09-05T04:59:32.9682182Z 40: Test timeout computed to be: 10000000
2026-09-05T04:59:32.9752635Z 40: Relin2 case passed: bv_zero_digit_valid_shapes
2026-09-05T04:59:32.9758210Z 40/58 Test #40: relin2_bv_zero_digit_valid_shapes ...............   Passed    0.01 sec
2026-09-05T04:59:32.9760715Z test 41
2026-09-05T04:59:32.9761105Z       Start 41: relin2_bv_nonzero_digit_valid_shapes
2026-09-05T04:59:32.9761438Z 
2026-09-05T04:59:32.9761893Z 41: Test command: /home/runner/work/20231788./20231788./build/relin2_test "bv_nonzero_digit_valid_shapes"
2026-09-05T04:59:32.9762829Z 41: Working Directory: /home/runner/work/20231788./20231788./build
2026-09-05T04:59:32.9763225Z 41: Test timeout computed to be: 10000000
2026-09-05T04:59:32.9923555Z 41: Relin2 case passed: bv_nonzero_digit_valid_shapes
2026-09-05T04:59:32.9928287Z 41/58 Test #41: relin2_bv_nonzero_digit_valid_shapes ............   Passed    0.02 sec
2026-09-05T04:59:32.9930596Z test 42
2026-09-05T04:59:32.9931206Z       Start 42: relin2_first_recombined_rcb_validation
2026-09-05T04:59:32.9931568Z 
2026-09-05T04:59:32.9932019Z 42: Test command: /home/runner/work/20231788./20231788./build/relin2_test "first_recombined_rcb_validation"
2026-09-05T04:59:32.9933200Z 42: Working Directory: /home/runner/work/20231788./20231788./build
2026-09-05T04:59:32.9933826Z 42: Test timeout computed to be: 10000000
2026-09-05T04:59:32.9990177Z 42: Relin2 case passed: first_recombined_rcb_validation
2026-09-05T04:59:32.9994385Z 42/58 Test #42: relin2_first_recombined_rcb_validation ..........   Passed    0.01 sec
2026-09-05T04:59:32.9996835Z test 43
2026-09-05T04:59:32.9997487Z       Start 43: relin2_first_recombined_tensor2_validation
2026-09-05T04:59:32.9997771Z 
2026-09-05T04:59:32.9998112Z 43: Test command: /home/runner/work/20231788./20231788./build/relin2_test "first_recombined_tensor2_validation"
2026-09-05T04:59:32.9998853Z 43: Working Directory: /home/runner/work/20231788./20231788./build
2026-09-05T04:59:32.9999252Z 43: Test timeout computed to be: 10000000
2026-09-05T04:59:33.0053328Z 43: Relin2 case passed: first_recombined_tensor2_validation
2026-09-05T04:59:33.0058230Z 43/58 Test #43: relin2_first_recombined_tensor2_validation ......   Passed    0.01 sec
2026-09-05T04:59:33.0060103Z test 44
2026-09-05T04:59:33.0060817Z       Start 44: relin2_tensor2_requires_first_lifecycle
2026-09-05T04:59:33.0061170Z 
2026-09-05T04:59:33.0061681Z 44: Test command: /home/runner/work/20231788./20231788./build/relin2_test "tensor2_requires_first_lifecycle"
2026-09-05T04:59:33.0062611Z 44: Working Directory: /home/runner/work/20231788./20231788./build
2026-09-05T04:59:33.0063163Z 44: Test timeout computed to be: 10000000
2026-09-05T04:59:33.0127008Z 44: Relin2 case passed: tensor2_requires_first_lifecycle
2026-09-05T04:59:33.0131154Z 44/58 Test #44: relin2_tensor2_requires_first_lifecycle .........   Passed    0.01 sec
2026-09-05T04:59:33.0133883Z test 45
2026-09-05T04:59:33.0134222Z       Start 45: rs2_wrong_lifecycle
2026-09-05T04:59:33.0134501Z 
2026-09-05T04:59:33.0134869Z 45: Test command: /home/runner/work/20231788./20231788./build/rs2_test "wrong_lifecycle"
2026-09-05T04:59:33.0135747Z 45: Working Directory: /home/runner/work/20231788./20231788./build
2026-09-05T04:59:33.0136430Z 45: Test timeout computed to be: 10000000
2026-09-05T04:59:33.0186689Z 45: RS2 case passed: wrong_lifecycle
2026-09-05T04:59:33.0197084Z 45/58 Test #45: rs2_wrong_lifecycle .............................   Passed    0.01 sec
2026-09-05T04:59:33.0197598Z test 46
2026-09-05T04:59:33.0197854Z       Start 46: rs2_valid_arithmetic_state_immutability
2026-09-05T04:59:33.0198083Z 
2026-09-05T04:59:33.0198405Z 46: Test command: /home/runner/work/20231788./20231788./build/rs2_test "valid_arithmetic_state_immutability"
2026-09-05T04:59:33.0198963Z 46: Working Directory: /home/runner/work/20231788./20231788./build
2026-09-05T04:59:33.0199341Z 46: Test timeout computed to be: 10000000
2026-09-05T04:59:33.0400171Z 46: RS2 case passed: valid_arithmetic_state_immutability
2026-09-05T04:59:33.0403966Z 46/58 Test #46: rs2_valid_arithmetic_state_immutability .........   Passed    0.02 sec
2026-09-05T04:59:33.0406633Z test 47
2026-09-05T04:59:33.0406947Z       Start 47: rs2_mixed_tower_format
2026-09-05T04:59:33.0407241Z 
2026-09-05T04:59:33.0407546Z 47: Test command: /home/runner/work/20231788./20231788./build/rs2_test "mixed_tower_format"
2026-09-05T04:59:33.0408095Z 47: Working Directory: /home/runner/work/20231788./20231788./build
2026-09-05T04:59:33.0408454Z 47: Test timeout computed to be: 10000000
2026-09-05T04:59:33.0477665Z 47: RS2 case passed: mixed_tower_format
2026-09-05T04:59:33.0482255Z 47/58 Test #47: rs2_mixed_tower_format ..........................   Passed    0.01 sec
2026-09-05T04:59:33.0483878Z test 48
2026-09-05T04:59:33.0484220Z       Start 48: rs2_untouched_public_pipeline
2026-09-05T04:59:33.0484539Z 
2026-09-05T04:59:33.0484969Z 48: Test command: /home/runner/work/20231788./20231788./build/rs2_test "untouched_public_pipeline"
2026-09-05T04:59:33.0486028Z 48: Working Directory: /home/runner/work/20231788./20231788./build
2026-09-05T04:59:33.0486581Z 48: Test timeout computed to be: 10000000
2026-09-05T04:59:33.0585384Z 48: RS2 case passed: untouched_public_pipeline
2026-09-05T04:59:33.0589990Z 48/58 Test #48: rs2_untouched_public_pipeline ...................   Passed    0.01 sec
2026-09-05T04:59:33.0591778Z test 49
2026-09-05T04:59:33.0592142Z       Start 49: rs2_declared_basis_mismatch
2026-09-05T04:59:33.0592445Z 
2026-09-05T04:59:33.0592866Z 49: Test command: /home/runner/work/20231788./20231788./build/rs2_test "declared_basis_mismatch"
2026-09-05T04:59:33.0593735Z 49: Working Directory: /home/runner/work/20231788./20231788./build
2026-09-05T04:59:33.0594327Z 49: Test timeout computed to be: 10000000
2026-09-05T04:59:33.0741787Z 49: RS2 case passed: declared_basis_mismatch
2026-09-05T04:59:33.0746252Z 49/58 Test #49: rs2_declared_basis_mismatch .....................   Passed    0.02 sec
2026-09-05T04:59:33.0753560Z test 50
2026-09-05T04:59:33.0753832Z       Start 50: rs2_terminal_rejections
2026-09-05T04:59:33.0754063Z 
2026-09-05T04:59:33.0754335Z 50: Test command: /home/runner/work/20231788./20231788./build/rs2_test "terminal_rejections"
2026-09-05T04:59:33.0754897Z 50: Working Directory: /home/runner/work/20231788./20231788./build
2026-09-05T04:59:33.0755589Z 50: Test timeout computed to be: 10000000
2026-09-05T04:59:33.0817051Z 50: RS2 case passed: terminal_rejections
2026-09-05T04:59:33.0821040Z 50/58 Test #50: rs2_terminal_rejections .........................   Passed    0.01 sec
2026-09-05T04:59:33.0823591Z test 51
2026-09-05T04:59:33.0823941Z       Start 51: mult2_composition_contract
2026-09-05T04:59:33.0824250Z 
2026-09-05T04:59:33.0824650Z 51: Test command: /home/runner/work/20231788./20231788./build/mult2_test "composition_contract"
2026-09-05T04:59:33.0825492Z 51: Working Directory: /home/runner/work/20231788./20231788./build
2026-09-05T04:59:33.0826291Z 51: Test timeout computed to be: 10000000
2026-09-05T04:59:33.0905281Z 51: security_level=HEStd_NotSet(functional-only) ring_dimension=64 batch_size=16 scaling_mod_size=30 first_mod_size=35 multiplicative_depth=7 key_switch=HYBRID secret_key_dist=UNIFORM_TERNARY ckks_data_type=REAL active_Q_l_towers=7 q_div=1073741953 q_l=1073741441 ratio_2^(2p)/(q_div*q_l)=1.00000023655603276 frozen_decoded_abs_tolerance=0.00100000000000000002 measured_max_logical_slot_error=1.01424869289916718e-08
2026-09-05T04:59:33.0907365Z 51/58 Test #51: mult2_composition_contract ......................   Passed    0.01 sec
2026-09-05T04:59:33.0908047Z test 52
2026-09-05T04:59:33.0908365Z       Start 52: mult2_e2e_hybrid_real
2026-09-05T04:59:33.0908694Z 
2026-09-05T04:59:33.0909055Z 52: Test command: /home/runner/work/20231788./20231788./build/mult2_e2e_oracle_test "hybrid_real"
2026-09-05T04:59:33.0909905Z 52: Working Directory: /home/runner/work/20231788./20231788./build
2026-09-05T04:59:33.0910456Z 52: Test timeout computed to be: 10000000
2026-09-05T04:59:33.1619150Z 52: [RELIN2-EXECUTION] q_div=1073741953 q_l=1073741441 ordinary_combined_relin_execution_error=16 pair_relin_execution_error=33 high_path_relin_error=15 low_path_relin_error=19 execution_relin2_triangle_bound=34 paper_additivity_residual=21 paper_additivity_execution_observed=true secret_h=40 input_Q_l=52656049226897061758347970843194892279389197066160739197584863617 oracle_basis_agreement=true
2026-09-05T04:59:33.1627596Z 52: case=hybrid_real security_level=HEStd_NotSet(functional-only) key_switch=HYBRID secret_key_dist=UNIFORM_TERNARY ckks_data_type=REAL selected_ring_dimension=64 actual_N=64 batch_size=16 host_vector_length=8 encoding_noise_scale_degree=2 encoding_level=0 scaling_technique=FIXEDMANUAL digit_size=0 max_relin_sk_deg=2 scaling_mod_size=30 first_mod_size=35 multiplicative_depth=7 active_Q_l_towers=7 Q_l_bits=215 preselection_required_bits=174 selection_reserve_bits=32 q_div=1073741953 q_l=1073741441 ratio_2^(2p)/(q_div*q_l)=1.00000023655603276 descriptor_ratio=1.00000023655603276 M_high=107367066 M_low=6442451708 secret_h=40 ordinary_combined_relin_execution_error=16 pair_relin_execution_error=33 high_path_relin_error=15 low_path_relin_error=19 execution_relin2_triangle_bound=34 paper_additivity_residual=21 paper_additivity_execution_observed=true execution_certificate=PER_PATH_CONDITIONAL conservative_E_Relin_available=false universal_theorem_gate=UNPROVED execution_nonwrap_left=850593456629104309305229489447631138 execution_nonwrap_right_Q_l_over_2=26328024613448530879173985421597446139694598533080369598792431808 coefficient_error=91905880517720947779/1152921231876374273 execution_bound=5359933323848696807789/2305842463752748546 fixed_key_bv_bound_available=false frozen_decoded_abs_tolerance=0.00100000000000000002 measured_recorded_bias_error=7.88205836188412233e-09 measured_logical_slot_error=7.88205649733611829e-09
2026-09-05T04:59:33.1632817Z 52/58 Test #52: mult2_e2e_hybrid_real ...........................   Passed    0.07 sec
2026-09-05T04:59:33.1633219Z test 53
2026-09-05T04:59:33.1633440Z       Start 53: mult2_e2e_hybrid_complex
2026-09-05T04:59:33.1633626Z 
2026-09-05T04:59:33.1633919Z 53: Test command: /home/runner/work/20231788./20231788./build/mult2_e2e_oracle_test "hybrid_complex"
2026-09-05T04:59:33.1634446Z 53: Working Directory: /home/runner/work/20231788./20231788./build
2026-09-05T04:59:33.1634820Z 53: Test timeout computed to be: 10000000
2026-09-05T04:59:33.2369761Z 53: [RELIN2-EXECUTION] q_div=1073741953 q_l=1073741441 ordinary_combined_relin_execution_error=25 pair_relin_execution_error=45 high_path_relin_error=21 low_path_relin_error=24 execution_relin2_triangle_bound=45 paper_additivity_residual=27 paper_additivity_execution_observed=true secret_h=48 input_Q_l=52656049226897061758347970843194892279389197066160739197584863617 oracle_basis_agreement=true
2026-09-05T04:59:33.2377928Z 53: case=hybrid_complex security_level=HEStd_NotSet(functional-only) key_switch=HYBRID secret_key_dist=UNIFORM_TERNARY ckks_data_type=COMPLEX selected_ring_dimension=64 actual_N=64 batch_size=16 host_vector_length=8 encoding_noise_scale_degree=2 encoding_level=0 scaling_technique=FIXEDMANUAL digit_size=0 max_relin_sk_deg=2 scaling_mod_size=30 first_mod_size=35 multiplicative_depth=7 active_Q_l_towers=7 Q_l_bits=215 preselection_required_bits=174 selection_reserve_bits=32 q_div=1073741953 q_l=1073741441 ratio_2^(2p)/(q_div*q_l)=1.00000023655603276 descriptor_ratio=1.00000023655603276 M_high=88152833 M_low=6442451689 secret_h=48 ordinary_combined_relin_execution_error=25 pair_relin_execution_error=45 high_path_relin_error=21 low_path_relin_error=24 execution_relin2_triangle_bound=45 paper_additivity_residual=27 paper_additivity_execution_observed=true execution_certificate=PER_PATH_CONDITIONAL conservative_E_Relin_available=false universal_theorem_gate=UNPROVED execution_nonwrap_left=573393050718744751067470749260380461 execution_nonwrap_right_Q_l_over_2=26328024613448530879173985421597446139694598533080369598792431808 coefficient_error=163866728262997705615/1152921231876374273 execution_bound=5369156662391245063435/2305842463752748546 fixed_key_bv_bound_available=false frozen_decoded_abs_tolerance=0.00100000000000000002 measured_recorded_bias_error=1.32248449666951996e-09 measured_logical_slot_error=1.32248418358320018e-09
2026-09-05T04:59:33.2397140Z 53/58 Test #53: mult2_e2e_hybrid_complex ........................   Passed    0.07 sec
2026-09-05T04:59:33.2397838Z test 54
2026-09-05T04:59:33.2398173Z       Start 54: mult2_e2e_bv_real
2026-09-05T04:59:33.2398447Z 
2026-09-05T04:59:33.2398871Z 54: Test command: /home/runner/work/20231788./20231788./build/mult2_e2e_oracle_test "bv_real"
2026-09-05T04:59:33.2399684Z 54: Working Directory: /home/runner/work/20231788./20231788./build
2026-09-05T04:59:33.2400254Z 54: Test timeout computed to be: 10000000
2026-09-05T04:59:33.3094004Z 54: [RELIN2-EXECUTION] q_div=1073741953 q_l=1073741441 ordinary_combined_relin_execution_error=159031988709 pair_relin_execution_error=238656990518 high_path_relin_error=208293028227 low_path_relin_error=236343139534 execution_relin2_triangle_bound=444636167761 paper_additivity_residual=268435488514 paper_additivity_execution_observed=false secret_h=41 input_Q_l=52656049226897061758347970843194892279389197066160739197584863617 oracle_basis_agreement=true
2026-09-05T04:59:33.3104702Z 54: case=bv_real security_level=HEStd_NotSet(functional-only) key_switch=BV secret_key_dist=UNIFORM_TERNARY ckks_data_type=REAL selected_ring_dimension=64 actual_N=64 batch_size=16 host_vector_length=8 encoding_noise_scale_degree=2 encoding_level=0 scaling_technique=FIXEDMANUAL digit_size=0 max_relin_sk_deg=2 scaling_mod_size=30 first_mod_size=35 multiplicative_depth=7 active_Q_l_towers=7 Q_l_bits=215 preselection_required_bits=174 selection_reserve_bits=32 q_div=1073741953 q_l=1073741441 ratio_2^(2p)/(q_div*q_l)=1.00000023655603276 descriptor_ratio=1.00000023655603276 M_high=107367067 M_low=6376054158 secret_h=41 ordinary_combined_relin_execution_error=159031988709 pair_relin_execution_error=238656990518 high_path_relin_error=208293028227 low_path_relin_error=236343139534 execution_relin2_triangle_bound=444636167761 paper_additivity_residual=268435488514 paper_additivity_execution_observed=false execution_certificate=PER_PATH_CONDITIONAL conservative_E_Relin_available=false universal_theorem_gate=UNPROVED execution_nonwrap_left=850593471493901253871392750382604945 execution_nonwrap_right_Q_l_over_2=26328024613448530879173985421597446139694598533080369598792431808 coefficient_error=258104170228889075617/1152921231876374273 execution_bound=6206992234126954661324/2305842463752748546 fixed_key_bv_bound_available=true fixed_key_bv_bound_status=CANDIDATE_FIXED_KEY_CIPHERTEXT_UNIFORM_CONDITIONAL_ON_CENTERED_DIGIT_LIFT fixed_key_bv_noise_scale=1 fixed_key_bv_active_rows=7 fixed_key_bv_raised_high_q_div_digit=ZERO fixed_key_bv_row_residual_norms=2,3,3,2,3,2,2 fixed_key_bv_per_path_raw_bound=2714419003392 fixed_key_bv_pair_raw_bound=5428838006784 fixed_key_bv_integer_lift_nonwrap=true fixed_key_bv_conservative_nonwrap_left=850593471493901253871397734584443968 fixed_key_bv_conservative_bound=16910485467684449925162/2305842463752748546 fixed_key_bv_final_integer_lift=1701186942987819418228252295942799530<56539009134152591222370164266759140395695978104921302317938424343356224001 fixed_key_bv_unconditional_gaussian_key_bound=false fixed_key_bv_universal_theorem_gate=UNPROVED centered_digit_boundary_probe=PASSED frozen_decoded_abs_tolerance=0.00100000000000000002 measured_recorded_bias_error=7.19622794687069245e-09 measured_logical_slot_error=7.19622623990279209e-09
2026-09-05T04:59:33.3112742Z 54/58 Test #54: mult2_e2e_bv_real ...............................   Passed    0.07 sec
2026-09-05T04:59:33.3113140Z test 55
2026-09-05T04:59:33.3113346Z       Start 55: mult2_e2e_bv_complex
2026-09-05T04:59:33.3113522Z 
2026-09-05T04:59:33.3113803Z 55: Test command: /home/runner/work/20231788./20231788./build/mult2_e2e_oracle_test "bv_complex"
2026-09-05T04:59:33.3114320Z 55: Working Directory: /home/runner/work/20231788./20231788./build
2026-09-05T04:59:33.3114687Z 55: Test timeout computed to be: 10000000
2026-09-05T04:59:33.3803602Z 55: [RELIN2-EXECUTION] q_div=1073741953 q_l=1073741441 ordinary_combined_relin_execution_error=252530907610 pair_relin_execution_error=259532590474 high_path_relin_error=203155752379 low_path_relin_error=227976347456 execution_relin2_triangle_bound=431132099835 paper_additivity_residual=274877896712 paper_additivity_execution_observed=false secret_h=39 input_Q_l=52656049226897061758347970843194892279389197066160739197584863617 oracle_basis_agreement=true
2026-09-05T04:59:33.3815333Z 55: case=bv_complex security_level=HEStd_NotSet(functional-only) key_switch=BV secret_key_dist=UNIFORM_TERNARY ckks_data_type=COMPLEX selected_ring_dimension=64 actual_N=64 batch_size=16 host_vector_length=8 encoding_noise_scale_degree=2 encoding_level=0 scaling_technique=FIXEDMANUAL digit_size=0 max_relin_sk_deg=2 scaling_mod_size=30 first_mod_size=35 multiplicative_depth=7 active_Q_l_towers=7 Q_l_bits=215 preselection_required_bits=174 selection_reserve_bits=32 q_div=1073741953 q_l=1073741441 ratio_2^(2p)/(q_div*q_l)=1.00000023655603276 descriptor_ratio=1.00000023655603276 M_high=88152834 M_low=5646428056 secret_h=39 ordinary_combined_relin_execution_error=252530907610 pair_relin_execution_error=259532590474 high_path_relin_error=203155752379 low_path_relin_error=227976347456 execution_relin2_triangle_bound=431132099835 paper_additivity_residual=274877896712 paper_additivity_execution_observed=false execution_certificate=PER_PATH_CONDITIONAL conservative_E_Relin_available=false universal_theorem_gate=UNPROVED execution_nonwrap_left=573393054083478663170492944174542331 execution_nonwrap_right_Q_l_over_2=26328024613448530879173985421597446139694598533080369598792431808 coefficient_error=305686959265110555193/1152921231876374273 execution_bound=5052881268353446935838/2305842463752748546 fixed_key_bv_bound_available=true fixed_key_bv_bound_status=CANDIDATE_FIXED_KEY_CIPHERTEXT_UNIFORM_CONDITIONAL_ON_CENTERED_DIGIT_LIFT fixed_key_bv_noise_scale=1 fixed_key_bv_active_rows=7 fixed_key_bv_raised_high_q_div_digit=ZERO fixed_key_bv_row_residual_norms=3,3,2,2,2,2,2 fixed_key_bv_per_path_raw_bound=3745211265024 fixed_key_bv_pair_raw_bound=7490422530048 fixed_key_bv_integer_lift_nonwrap=true fixed_key_bv_conservative_nonwrap_left=573393054083478663170500003464972544 fixed_key_bv_conservative_bound=20212593855015680587816/2305842463752748546 fixed_key_bv_final_integer_lift=1146786108166977538934840041765472808<56539009134152591222370164266759140395695978104921302317938424343356224001 fixed_key_bv_unconditional_gaussian_key_bound=false fixed_key_bv_universal_theorem_gate=UNPROVED centered_digit_boundary_probe=PASSED frozen_decoded_abs_tolerance=0.00100000000000000002 measured_recorded_bias_error=1.32248434510044101e-09 measured_logical_slot_error=1.32248403201423104e-09
2026-09-05T04:59:33.3823477Z 55/58 Test #55: mult2_e2e_bv_complex ............................   Passed    0.07 sec
2026-09-05T04:59:33.3823884Z test 56
2026-09-05T04:59:33.3824127Z       Start 56: mult2_pair_add_input_hybrid_complex
2026-09-05T04:59:33.3824347Z 
2026-09-05T04:59:33.3824680Z 56: Test command: /home/runner/work/20231788./20231788./build/mult2_e2e_oracle_test "pair_add_input_hybrid_complex"
2026-09-05T04:59:33.3825269Z 56: Working Directory: /home/runner/work/20231788./20231788./build
2026-09-05T04:59:33.3825639Z 56: Test timeout computed to be: 10000000
2026-09-05T04:59:33.4835394Z 56: [RELIN2-EXECUTION] q_div=1073741953 q_l=1073741441 ordinary_combined_relin_execution_error=15 pair_relin_execution_error=38 high_path_relin_error=21 low_path_relin_error=18 execution_relin2_triangle_bound=39 paper_additivity_residual=29 paper_additivity_execution_observed=true secret_h=39 input_Q_l=52656049226897061758347970843194892279389197066160739197584863617 oracle_basis_agreement=true
2026-09-05T04:59:33.4842721Z 56: case=pair_add_input_hybrid_complex security_level=HEStd_NotSet(functional-only) key_switch=HYBRID secret_key_dist=UNIFORM_TERNARY ckks_data_type=COMPLEX selected_ring_dimension=64 actual_N=64 batch_size=16 host_vector_length=8 encoding_noise_scale_degree=2 encoding_level=0 scaling_technique=FIXEDMANUAL digit_size=0 max_relin_sk_deg=2 scaling_mod_size=30 first_mod_size=35 multiplicative_depth=7 active_Q_l_towers=7 Q_l_bits=215 preselection_required_bits=174 selection_reserve_bits=32 q_div=1073741953 q_l=1073741441 ratio_2^(2p)/(q_div*q_l)=1.00000023655603276 descriptor_ratio=1.00000023655603276 M_high=89261195 M_low=7192681434 secret_h=39 ordinary_combined_relin_execution_error=15 pair_relin_execution_error=38 high_path_relin_error=21 low_path_relin_error=18 execution_relin2_triangle_bound=39 paper_additivity_residual=29 paper_additivity_execution_observed=true execution_certificate=PER_PATH_CONDITIONAL conservative_E_Relin_available=false universal_theorem_gate=UNPROVED execution_nonwrap_left=587902459179716070128628867723671143 execution_nonwrap_right_Q_l_over_2=26328024613448530879173985421597446139694598533080369598792431808 coefficient_error=84466978202445464691/1152921231876374273 execution_bound=6668154124367868776822/2305842463752748546 fixed_key_bv_bound_available=false frozen_decoded_abs_tolerance=0.00100000000000000002 measured_recorded_bias_error=6.60321810490334623e-10 measured_logical_slot_error=6.60321654287258771e-10
2026-09-05T04:59:33.4848335Z 56/58 Test #56: mult2_pair_add_input_hybrid_complex .............   Passed    0.10 sec
2026-09-05T04:59:33.4849012Z test 57
2026-09-05T04:59:33.4849264Z       Start 57: mult2_pair_sub_input_hybrid_complex
2026-09-05T04:59:33.4849480Z 
2026-09-05T04:59:33.4849827Z 57: Test command: /home/runner/work/20231788./20231788./build/mult2_e2e_oracle_test "pair_sub_input_hybrid_complex"
2026-09-05T04:59:33.4850443Z 57: Working Directory: /home/runner/work/20231788./20231788./build
2026-09-05T04:59:33.4850825Z 57: Test timeout computed to be: 10000000
2026-09-05T04:59:33.5587028Z 57: [RELIN2-EXECUTION] q_div=1073741953 q_l=1073741441 ordinary_combined_relin_execution_error=15 pair_relin_execution_error=31 high_path_relin_error=15 low_path_relin_error=16 execution_relin2_triangle_bound=31 paper_additivity_residual=20 paper_additivity_execution_observed=true secret_h=46 input_Q_l=52656049226897061758347970843194892279389197066160739197584863617 oracle_basis_agreement=true
2026-09-05T04:59:33.5593394Z 57: case=pair_sub_input_hybrid_complex security_level=HEStd_NotSet(functional-only) key_switch=HYBRID secret_key_dist=UNIFORM_TERNARY ckks_data_type=COMPLEX selected_ring_dimension=64 actual_N=64 batch_size=16 host_vector_length=8 encoding_noise_scale_degree=2 encoding_level=0 scaling_technique=FIXEDMANUAL digit_size=0 max_relin_sk_deg=2 scaling_mod_size=30 first_mod_size=35 multiplicative_depth=7 active_Q_l_towers=7 Q_l_bits=215 preselection_required_bits=174 selection_reserve_bits=32 q_div=1073741953 q_l=1073741441 ratio_2^(2p)/(q_div*q_l)=1.00000023655603276 descriptor_ratio=1.00000023655603276 M_high=89261195 M_low=9103699234 secret_h=46 ordinary_combined_relin_execution_error=15 pair_relin_execution_error=31 high_path_relin_error=15 low_path_relin_error=16 execution_relin2_triangle_bound=31 paper_additivity_residual=20 paper_additivity_execution_observed=true execution_certificate=PER_PATH_CONDITIONAL conservative_E_Relin_available=false universal_theorem_gate=UNPROVED execution_nonwrap_left=587902482624020797418596344614320735 execution_nonwrap_right_Q_l_over_2=26328024613448530879173985421597446139694598533080369598792431808 coefficient_error=184342094186056578863/1152921231876374273 execution_bound=10662486785085681496685/2305842463752748546 fixed_key_bv_bound_available=false frozen_decoded_abs_tolerance=0.00100000000000000002 measured_recorded_bias_error=8.52649301885971416e-10 measured_logical_slot_error=8.52649098842137156e-10
2026-09-05T04:59:33.5599660Z 57/58 Test #57: mult2_pair_sub_input_hybrid_complex .............   Passed    0.07 sec
2026-09-05T04:59:33.5600068Z test 58
2026-09-05T04:59:33.5600304Z       Start 58: paper_h128_client_keypair_contract
2026-09-05T04:59:33.5600520Z 
2026-09-05T04:59:33.5600814Z 58: Test command: /home/runner/work/20231788./20231788./build/paper_h128_client_keypair_contract_test
2026-09-05T04:59:33.5601346Z 58: Working Directory: /home/runner/work/20231788./20231788./build
2026-09-05T04:59:33.5601701Z 58: Test timeout computed to be: 10000000
2026-09-05T04:59:33.6018507Z 58: valid-path assertions passed (diagnostic, not paper evidence)
2026-09-05T04:59:33.6019252Z 58: 50 named rejection assertions passed (no injected tag collisions)
2026-09-05T04:59:33.6019783Z 58: two-call uniqueness and owned-tag cache-isolation assertions passed
2026-09-05T04:59:33.6023026Z 58/58 Test #58: paper_h128_client_keypair_contract ..............   Passed    0.04 sec
2026-09-05T04:59:33.6029117Z 
2026-09-05T04:59:33.6029688Z 100% tests passed, 0 tests failed out of 58
2026-09-05T04:59:33.6029967Z 
2026-09-05T04:59:33.6030077Z Total Test time (real) =   1.29 sec
2026-09-05T04:59:33.6117772Z Node 20 is being deprecated. This workflow is running with Node 24 by default. If you need to temporarily use Node 20, you can set the ACTIONS_ALLOW_USE_UNSECURE_NODE_VERSION=true environment variable. For more information see: https://github.blog/changelog/2025-09-19-deprecation-of-node-20-on-github-actions-runners/
2026-09-05T04:59:33.6118992Z Post job cleanup.
2026-09-05T04:59:33.7326424Z Cache hit occurred on the primary key openfhe-1.5.0-Linux-gcc-native64-backend4-df495ba2e91739a6dc8f1de254fc5a41155ce504, not saving cache.
2026-09-05T04:59:33.7328318Z (node:5548) [DEP0040] DeprecationWarning: The `punycode` module is deprecated. Please use a userland alternative instead.
2026-09-05T04:59:33.7329300Z (Use `node --trace-deprecation ...` to show where the warning was created)
2026-09-05T04:59:33.7461939Z Node 20 is being deprecated. This workflow is running with Node 24 by default. If you need to temporarily use Node 20, you can set the ACTIONS_ALLOW_USE_UNSECURE_NODE_VERSION=true environment variable. For more information see: https://github.blog/changelog/2025-09-19-deprecation-of-node-20-on-github-actions-runners/
2026-09-05T04:59:33.7463118Z Post job cleanup.
2026-09-05T04:59:33.8345329Z [command]/usr/bin/git version
2026-09-05T04:59:33.8391332Z git version 2.55.0
2026-09-05T04:59:33.8430370Z Temporarily overriding HOME='/home/runner/work/_temp/99cb6ba0-3544-40fb-be17-59464da51262' before making global git config changes
2026-09-05T04:59:33.8431634Z Adding repository directory to the temporary git global config as a safe directory
2026-09-05T04:59:33.8437309Z [command]/usr/bin/git config --global --add safe.directory /home/runner/work/20231788./20231788./.ci/openfhe-src
2026-09-05T04:59:33.8485062Z [command]/usr/bin/git config --local --name-only --get-regexp core\.sshCommand
2026-09-05T04:59:33.8530370Z [command]/usr/bin/git submodule foreach --recursive sh -c "git config --local --name-only --get-regexp 'core\.sshCommand' && git config --local --unset-all 'core.sshCommand' || :"
2026-09-05T04:59:33.8790818Z Entering 'third-party/cereal'
2026-09-05T04:59:33.8842126Z Entering 'third-party/google-benchmark'
2026-09-05T04:59:33.8911207Z Entering 'third-party/google-test'
2026-09-05T04:59:33.8978319Z Entering 'third-party/gperftools'
2026-09-05T04:59:33.9087131Z [command]/usr/bin/git config --local --name-only --get-regexp http\.https\:\/\/github\.com\/\.extraheader
2026-09-05T04:59:33.9130524Z http.https://github.com/.extraheader
2026-09-05T04:59:33.9143528Z [command]/usr/bin/git config --local --unset-all http.https://github.com/.extraheader
2026-09-05T04:59:33.9201767Z [command]/usr/bin/git submodule foreach --recursive sh -c "git config --local --name-only --get-regexp 'http\.https\:\/\/github\.com\/\.extraheader' && git config --local --unset-all 'http.https://github.com/.extraheader' || :"
2026-09-05T04:59:33.9528692Z Entering 'third-party/cereal'
2026-09-05T04:59:33.9559539Z http.https://github.com/.extraheader
2026-09-05T04:59:33.9612052Z Entering 'third-party/google-benchmark'
2026-09-05T04:59:33.9633686Z http.https://github.com/.extraheader
2026-09-05T04:59:33.9673583Z Entering 'third-party/google-test'
2026-09-05T04:59:33.9703454Z http.https://github.com/.extraheader
2026-09-05T04:59:33.9744430Z Entering 'third-party/gperftools'
2026-09-05T04:59:33.9776006Z http.https://github.com/.extraheader
2026-09-05T04:59:33.9836379Z [command]/usr/bin/git config --local --name-only --get-regexp ^includeIf\.gitdir:
2026-09-05T04:59:33.9882562Z [command]/usr/bin/git submodule foreach --recursive git config --local --show-origin --name-only --get-regexp remote.origin.url
2026-09-05T04:59:34.0132774Z Entering 'third-party/cereal'
2026-09-05T04:59:34.0154182Z file:/home/runner/work/20231788./20231788./.ci/openfhe-src/.git/modules/third-party/cereal/config	remote.origin.url
2026-09-05T04:59:34.0174707Z Entering 'third-party/google-benchmark'
2026-09-05T04:59:34.0197013Z file:/home/runner/work/20231788./20231788./.ci/openfhe-src/.git/modules/third-party/google-benchmark/config	remote.origin.url
2026-09-05T04:59:34.0222716Z Entering 'third-party/google-test'
2026-09-05T04:59:34.0239880Z file:/home/runner/work/20231788./20231788./.ci/openfhe-src/.git/modules/third-party/google-test/config	remote.origin.url
2026-09-05T04:59:34.0261420Z Entering 'third-party/gperftools'
2026-09-05T04:59:34.0283425Z file:/home/runner/work/20231788./20231788./.ci/openfhe-src/.git/modules/third-party/gperftools/config	remote.origin.url
2026-09-05T04:59:34.0323845Z [command]/usr/bin/git config --file /home/runner/work/20231788./20231788./.ci/openfhe-src/.git/modules/third-party/cereal/config --name-only --get-regexp ^includeIf\.gitdir:
2026-09-05T04:59:34.0364603Z [command]/usr/bin/git config --file /home/runner/work/20231788./20231788./.ci/openfhe-src/.git/modules/third-party/google-benchmark/config --name-only --get-regexp ^includeIf\.gitdir:
2026-09-05T04:59:34.0406437Z [command]/usr/bin/git config --file /home/runner/work/20231788./20231788./.ci/openfhe-src/.git/modules/third-party/google-test/config --name-only --get-regexp ^includeIf\.gitdir:
2026-09-05T04:59:34.0443741Z [command]/usr/bin/git config --file /home/runner/work/20231788./20231788./.ci/openfhe-src/.git/modules/third-party/gperftools/config --name-only --get-regexp ^includeIf\.gitdir:
2026-09-05T04:59:34.0649235Z Node 20 is being deprecated. This workflow is running with Node 24 by default. If you need to temporarily use Node 20, you can set the ACTIONS_ALLOW_USE_UNSECURE_NODE_VERSION=true environment variable. For more information see: https://github.blog/changelog/2025-09-19-deprecation-of-node-20-on-github-actions-runners/
2026-09-05T04:59:34.0650631Z Post job cleanup.
2026-09-05T04:59:34.1547475Z [command]/usr/bin/git version
2026-09-05T04:59:34.1593193Z git version 2.55.0
2026-09-05T04:59:34.1632695Z Temporarily overriding HOME='/home/runner/work/_temp/14377a75-aa1b-4b1a-92ba-9f8bfb2314d3' before making global git config changes
2026-09-05T04:59:34.1633907Z Adding repository directory to the temporary git global config as a safe directory
2026-09-05T04:59:34.1639170Z [command]/usr/bin/git config --global --add safe.directory /home/runner/work/20231788./20231788.
2026-09-05T04:59:34.1685417Z [command]/usr/bin/git config --local --name-only --get-regexp core\.sshCommand
2026-09-05T04:59:34.1727812Z [command]/usr/bin/git submodule foreach --recursive sh -c "git config --local --name-only --get-regexp 'core\.sshCommand' && git config --local --unset-all 'core.sshCommand' || :"
2026-09-05T04:59:34.2005434Z [command]/usr/bin/git config --local --name-only --get-regexp http\.https\:\/\/github\.com\/\.extraheader
2026-09-05T04:59:34.2036180Z http.https://github.com/.extraheader
2026-09-05T04:59:34.2047959Z [command]/usr/bin/git config --local --unset-all http.https://github.com/.extraheader
2026-09-05T04:59:34.2101675Z [command]/usr/bin/git submodule foreach --recursive sh -c "git config --local --name-only --get-regexp 'http\.https\:\/\/github\.com\/\.extraheader' && git config --local --unset-all 'http.https://github.com/.extraheader' || :"
2026-09-05T04:59:34.2379190Z [command]/usr/bin/git config --local --name-only --get-regexp ^includeIf\.gitdir:
2026-09-05T04:59:34.2429409Z [command]/usr/bin/git submodule foreach --recursive git config --local --show-origin --name-only --get-regexp remote.origin.url
2026-09-05T04:59:34.2867602Z Cleaning up orphan processes
2026-09-05T04:59:34.3191426Z ##[warning]Node.js 20 is deprecated. The following actions target Node.js 20 but are being forced to run on Node.js 24: actions/cache@v4, actions/checkout@v4. For more information see: https://github.blog/changelog/2025-09-19-deprecation-of-node-20-on-github-actions-runners/
