2026-09-05T04:41:38.7087764Z Current runner version: '2.337.0'
2026-09-05T04:41:38.7112690Z ##[group]Runner Image Provisioner
2026-09-05T04:41:38.7113544Z Hosted Compute Agent
2026-09-05T04:41:38.7114108Z Version: 20260828.587
2026-09-05T04:41:38.7114826Z Commit: abac92662cab4cc7352de4f9f9d2e2419aad9c29
2026-09-05T04:41:38.7115560Z Build Date: 2026-08-28T16:44:25Z
2026-09-05T04:41:38.7116335Z Worker ID: {d0a293f7-c734-41c7-91ee-ebd0859aa439}
2026-09-05T04:41:38.7117096Z Azure Region: northcentralus
2026-09-05T04:41:38.7117758Z ##[endgroup]
2026-09-05T04:41:38.7119247Z ##[group]Operating System
2026-09-05T04:41:38.7119881Z Ubuntu
2026-09-05T04:41:38.7120833Z 24.04.4
2026-09-05T04:41:38.7121462Z LTS
2026-09-05T04:41:38.7121993Z ##[endgroup]
2026-09-05T04:41:38.7122613Z ##[group]Runner Image
2026-09-05T04:41:38.7123270Z Image: ubuntu-24.04
2026-09-05T04:41:38.7123878Z Version: 20260831.293.1
2026-09-05T04:41:38.7125260Z Included Software: https://github.com/actions/runner-images/blob/ubuntu24/20260831.293/images/ubuntu/Ubuntu2404-Readme.md
2026-09-05T04:41:38.7126901Z Image Release: https://github.com/actions/runner-images/releases/tag/ubuntu24%2F20260831.293
2026-09-05T04:41:38.7127914Z ##[endgroup]
2026-09-05T04:41:38.7129074Z ##[group]GITHUB_TOKEN Permissions
2026-09-05T04:41:38.7131263Z Contents: read
2026-09-05T04:41:38.7131947Z Metadata: read
2026-09-05T04:41:38.7132531Z ##[endgroup]
2026-09-05T04:41:38.7134952Z Secret source: Actions
2026-09-05T04:41:38.7136128Z Prepare workflow directory
2026-09-05T04:41:38.7686887Z Prepare all required actions
2026-09-05T04:41:38.7736592Z Getting action download info
2026-09-05T04:41:38.9873681Z Download action repository 'actions/checkout@v4' (SHA:11d5960a326750d5838078e36cf38b85af677262)
2026-09-05T04:41:39.1011586Z Download action repository 'actions/cache@v4' (SHA:0057852bfaa89a56745cba8c7296529d2fc39830)
2026-09-05T04:41:39.3081582Z Complete job name: linux-gcc
2026-09-05T04:41:39.3837915Z Node 20 is being deprecated. This workflow is running with Node 24 by default. If you need to temporarily use Node 20, you can set the ACTIONS_ALLOW_USE_UNSECURE_NODE_VERSION=true environment variable. For more information see: https://github.blog/changelog/2025-09-19-deprecation-of-node-20-on-github-actions-runners/
2026-09-05T04:41:39.3847381Z ##[group]Run actions/checkout@v4
2026-09-05T04:41:39.3848129Z with:
2026-09-05T04:41:39.3848570Z   repository: leemaple/20231788.
2026-09-05T04:41:39.3852858Z   token: ***
2026-09-05T04:41:39.3853723Z   ssh-strict: true
2026-09-05T04:41:39.3854193Z   ssh-user: git
2026-09-05T04:41:39.3854640Z   persist-credentials: true
2026-09-05T04:41:39.3855133Z   clean: true
2026-09-05T04:41:39.3855583Z   sparse-checkout-cone-mode: true
2026-09-05T04:41:39.3856092Z   fetch-depth: 1
2026-09-05T04:41:39.3856519Z   fetch-tags: false
2026-09-05T04:41:39.3856960Z   show-progress: true
2026-09-05T04:41:39.3857396Z   lfs: false
2026-09-05T04:41:39.3857838Z   submodules: false
2026-09-05T04:41:39.3858284Z   set-safe-directory: true
2026-09-05T04:41:39.3858789Z   allow-unsafe-pr-checkout: false
2026-09-05T04:41:39.3859641Z env:
2026-09-05T04:41:39.3860164Z   OPENFHE_COMMIT: df495ba2e91739a6dc8f1de254fc5a41155ce504
2026-09-05T04:41:39.3861400Z   OPENFHE_PREFIX: /home/runner/work/20231788./20231788./.ci/openfhe-install
2026-09-05T04:41:39.3862130Z ##[endgroup]
2026-09-05T04:41:39.4895855Z Syncing repository: leemaple/20231788.
2026-09-05T04:41:39.4898836Z ##[group]Getting Git version info
2026-09-05T04:41:39.4900109Z Working directory is '/home/runner/work/20231788./20231788.'
2026-09-05T04:41:39.4901603Z [command]/usr/bin/git version
2026-09-05T04:41:39.5014021Z git version 2.55.0
2026-09-05T04:41:39.5044810Z ##[endgroup]
2026-09-05T04:41:39.5059934Z Temporarily overriding HOME='/home/runner/work/_temp/12ceeb48-0d25-41bc-a5fb-aaff0b4990e4' before making global git config changes
2026-09-05T04:41:39.5062640Z Adding repository directory to the temporary git global config as a safe directory
2026-09-05T04:41:39.5065715Z [command]/usr/bin/git config --global --add safe.directory /home/runner/work/20231788./20231788.
2026-09-05T04:41:39.5123722Z Deleting the contents of '/home/runner/work/20231788./20231788.'
2026-09-05T04:41:39.5128389Z ##[group]Initializing the repository
2026-09-05T04:41:39.5133439Z [command]/usr/bin/git init /home/runner/work/20231788./20231788.
2026-09-05T04:41:39.5269774Z hint: Using 'master' as the name for the initial branch. This default branch name
2026-09-05T04:41:39.5271918Z hint: will change to "main" in Git 3.0. To configure the initial branch name
2026-09-05T04:41:39.5273557Z hint: to use in all of your new repositories, which will suppress this warning,
2026-09-05T04:41:39.5274819Z hint: call:
2026-09-05T04:41:39.5275456Z hint:
2026-09-05T04:41:39.5276302Z hint: 	git config --global init.defaultBranch <name>
2026-09-05T04:41:39.5277290Z hint:
2026-09-05T04:41:39.5278262Z hint: Names commonly chosen instead of 'master' are 'main', 'trunk' and
2026-09-05T04:41:39.5279872Z hint: 'development'. The just-created branch can be renamed via this command:
2026-09-05T04:41:39.5281365Z hint:
2026-09-05T04:41:39.5282038Z hint: 	git branch -m <name>
2026-09-05T04:41:39.5282786Z hint:
2026-09-05T04:41:39.5283813Z hint: Disable this message with "git config set advice.defaultBranchName false"
2026-09-05T04:41:39.5285514Z Initialized empty Git repository in /home/runner/work/20231788./20231788./.git/
2026-09-05T04:41:39.5288471Z [command]/usr/bin/git remote add origin https://github.com/leemaple/20231788.
2026-09-05T04:41:39.5345871Z ##[endgroup]
2026-09-05T04:41:39.5347173Z ##[group]Disabling automatic garbage collection
2026-09-05T04:41:39.5349404Z [command]/usr/bin/git config --local gc.auto 0
2026-09-05T04:41:39.5383801Z ##[endgroup]
2026-09-05T04:41:39.5390932Z ##[group]Setting up auth
2026-09-05T04:41:39.5392299Z [command]/usr/bin/git config --local --name-only --get-regexp core\.sshCommand
2026-09-05T04:41:39.5431205Z [command]/usr/bin/git submodule foreach --recursive sh -c "git config --local --name-only --get-regexp 'core\.sshCommand' && git config --local --unset-all 'core.sshCommand' || :"
2026-09-05T04:41:39.5834891Z [command]/usr/bin/git config --local --name-only --get-regexp http\.https\:\/\/github\.com\/\.extraheader
2026-09-05T04:41:39.5871610Z [command]/usr/bin/git submodule foreach --recursive sh -c "git config --local --name-only --get-regexp 'http\.https\:\/\/github\.com\/\.extraheader' && git config --local --unset-all 'http.https://github.com/.extraheader' || :"
2026-09-05T04:41:39.6097477Z [command]/usr/bin/git config --local --name-only --get-regexp ^includeIf\.gitdir:
2026-09-05T04:41:39.6132681Z [command]/usr/bin/git submodule foreach --recursive git config --local --show-origin --name-only --get-regexp remote.origin.url
2026-09-05T04:41:39.6355884Z [command]/usr/bin/git config --local http.https://github.com/.extraheader AUTHORIZATION: basic ***
2026-09-05T04:41:39.6395075Z ##[endgroup]
2026-09-05T04:41:39.6395975Z ##[group]Fetching the repository
2026-09-05T04:41:39.6405005Z [command]/usr/bin/git -c protocol.version=2 fetch --no-tags --prune --no-recurse-submodules --depth=1 origin +43c2dca45c2305c9b6baf50ae1c32529d35e7f06:refs/remotes/origin/codex/paper-h128-keypair-01
2026-09-05T04:41:40.6543158Z From https://github.com/leemaple/20231788.
2026-09-05T04:41:40.6544682Z  * [new ref]         43c2dca45c2305c9b6baf50ae1c32529d35e7f06 -> origin/codex/paper-h128-keypair-01
2026-09-05T04:41:40.6550167Z ##[endgroup]
2026-09-05T04:41:40.6552019Z ##[group]Determining the checkout info
2026-09-05T04:41:40.6553455Z ##[endgroup]
2026-09-05T04:41:40.6561078Z [command]/usr/bin/git sparse-checkout disable
2026-09-05T04:41:40.6620575Z [command]/usr/bin/git config --local --unset-all extensions.worktreeConfig
2026-09-05T04:41:40.6656375Z ##[group]Checking out the ref
2026-09-05T04:41:40.6661373Z [command]/usr/bin/git checkout --progress --force -B codex/paper-h128-keypair-01 refs/remotes/origin/codex/paper-h128-keypair-01
2026-09-05T04:41:40.7864958Z Switched to a new branch 'codex/paper-h128-keypair-01'
2026-09-05T04:41:40.7872546Z branch 'codex/paper-h128-keypair-01' set up to track 'origin/codex/paper-h128-keypair-01'.
2026-09-05T04:41:40.7884767Z ##[endgroup]
2026-09-05T04:41:40.7931549Z [command]/usr/bin/git log -1 --format=%H
2026-09-05T04:41:40.7958626Z 43c2dca45c2305c9b6baf50ae1c32529d35e7f06
2026-09-05T04:41:40.8349578Z Node 20 is being deprecated. This workflow is running with Node 24 by default. If you need to temporarily use Node 20, you can set the ACTIONS_ALLOW_USE_UNSECURE_NODE_VERSION=true environment variable. For more information see: https://github.blog/changelog/2025-09-19-deprecation-of-node-20-on-github-actions-runners/
2026-09-05T04:41:40.8356224Z ##[group]Run actions/checkout@v4
2026-09-05T04:41:40.8357559Z with:
2026-09-05T04:41:40.8358440Z   repository: openfheorg/openfhe-development
2026-09-05T04:41:40.8359866Z   ref: df495ba2e91739a6dc8f1de254fc5a41155ce504
2026-09-05T04:41:40.8361468Z   path: .ci/openfhe-src
2026-09-05T04:41:40.8362405Z   submodules: recursive
2026-09-05T04:41:40.8372847Z   token: ***
2026-09-05T04:41:40.8373642Z   ssh-strict: true
2026-09-05T04:41:40.8374481Z   ssh-user: git
2026-09-05T04:41:40.8375311Z   persist-credentials: true
2026-09-05T04:41:40.8376246Z   clean: true
2026-09-05T04:41:40.8377093Z   sparse-checkout-cone-mode: true
2026-09-05T04:41:40.8378152Z   fetch-depth: 1
2026-09-05T04:41:40.8378958Z   fetch-tags: false
2026-09-05T04:41:40.8379799Z   show-progress: true
2026-09-05T04:41:40.8380834Z   lfs: false
2026-09-05T04:41:40.8381628Z   set-safe-directory: true
2026-09-05T04:41:40.8382600Z   allow-unsafe-pr-checkout: false
2026-09-05T04:41:40.8383573Z env:
2026-09-05T04:41:40.8384529Z   OPENFHE_COMMIT: df495ba2e91739a6dc8f1de254fc5a41155ce504
2026-09-05T04:41:40.8386202Z   OPENFHE_PREFIX: /home/runner/work/20231788./20231788./.ci/openfhe-install
2026-09-05T04:41:40.8387674Z ##[endgroup]
2026-09-05T04:41:40.9260208Z Syncing repository: openfheorg/openfhe-development
2026-09-05T04:41:40.9264011Z ##[group]Getting Git version info
2026-09-05T04:41:40.9266641Z Working directory is '/home/runner/work/20231788./20231788./.ci/openfhe-src'
2026-09-05T04:41:40.9299535Z [command]/usr/bin/git version
2026-09-05T04:41:40.9345238Z git version 2.55.0
2026-09-05T04:41:40.9368918Z ##[endgroup]
2026-09-05T04:41:40.9384496Z Temporarily overriding HOME='/home/runner/work/_temp/d48f0619-602e-47ed-8ac3-6ebc846ccbfc' before making global git config changes
2026-09-05T04:41:40.9388452Z Adding repository directory to the temporary git global config as a safe directory
2026-09-05T04:41:40.9394093Z [command]/usr/bin/git config --global --add safe.directory /home/runner/work/20231788./20231788./.ci/openfhe-src
2026-09-05T04:41:40.9433020Z ##[group]Initializing the repository
2026-09-05T04:41:40.9435680Z [command]/usr/bin/git init /home/runner/work/20231788./20231788./.ci/openfhe-src
2026-09-05T04:41:40.9480628Z hint: Using 'master' as the name for the initial branch. This default branch name
2026-09-05T04:41:40.9484293Z hint: will change to "main" in Git 3.0. To configure the initial branch name
2026-09-05T04:41:40.9487751Z hint: to use in all of your new repositories, which will suppress this warning,
2026-09-05T04:41:40.9494226Z hint: call:
2026-09-05T04:41:40.9495694Z hint:
2026-09-05T04:41:40.9497396Z hint: 	git config --global init.defaultBranch <name>
2026-09-05T04:41:40.9499776Z hint:
2026-09-05T04:41:40.9502028Z hint: Names commonly chosen instead of 'master' are 'main', 'trunk' and
2026-09-05T04:41:40.9505278Z hint: 'development'. The just-created branch can be renamed via this command:
2026-09-05T04:41:40.9507875Z hint:
2026-09-05T04:41:40.9509269Z hint: 	git branch -m <name>
2026-09-05T04:41:40.9511104Z hint:
2026-09-05T04:41:40.9513310Z hint: Disable this message with "git config set advice.defaultBranchName false"
2026-09-05T04:41:40.9517248Z Initialized empty Git repository in /home/runner/work/20231788./20231788./.ci/openfhe-src/.git/
2026-09-05T04:41:40.9523916Z [command]/usr/bin/git remote add origin https://github.com/openfheorg/openfhe-development
2026-09-05T04:41:40.9529798Z ##[endgroup]
2026-09-05T04:41:40.9532523Z ##[group]Disabling automatic garbage collection
2026-09-05T04:41:40.9535489Z [command]/usr/bin/git config --local gc.auto 0
2026-09-05T04:41:40.9563506Z ##[endgroup]
2026-09-05T04:41:40.9565829Z ##[group]Setting up auth
2026-09-05T04:41:40.9571877Z [command]/usr/bin/git config --local --name-only --get-regexp core\.sshCommand
2026-09-05T04:41:40.9609807Z [command]/usr/bin/git submodule foreach --recursive sh -c "git config --local --name-only --get-regexp 'core\.sshCommand' && git config --local --unset-all 'core.sshCommand' || :"
2026-09-05T04:41:40.9858636Z [command]/usr/bin/git config --local --name-only --get-regexp http\.https\:\/\/github\.com\/\.extraheader
2026-09-05T04:41:40.9896738Z [command]/usr/bin/git submodule foreach --recursive sh -c "git config --local --name-only --get-regexp 'http\.https\:\/\/github\.com\/\.extraheader' && git config --local --unset-all 'http.https://github.com/.extraheader' || :"
2026-09-05T04:41:41.0147465Z [command]/usr/bin/git config --local --name-only --get-regexp ^includeIf\.gitdir:
2026-09-05T04:41:41.0189682Z [command]/usr/bin/git submodule foreach --recursive git config --local --show-origin --name-only --get-regexp remote.origin.url
2026-09-05T04:41:41.0449297Z [command]/usr/bin/git config --local http.https://github.com/.extraheader AUTHORIZATION: basic ***
2026-09-05T04:41:41.0489833Z ##[endgroup]
2026-09-05T04:41:41.0492990Z ##[group]Fetching the repository
2026-09-05T04:41:41.0503227Z [command]/usr/bin/git -c protocol.version=2 fetch --no-tags --prune --no-recurse-submodules --depth=1 origin df495ba2e91739a6dc8f1de254fc5a41155ce504
2026-09-05T04:41:41.8309644Z From https://github.com/openfheorg/openfhe-development
2026-09-05T04:41:41.8311087Z  * branch            df495ba2e91739a6dc8f1de254fc5a41155ce504 -> FETCH_HEAD
2026-09-05T04:41:41.8314536Z ##[endgroup]
2026-09-05T04:41:41.8315440Z ##[group]Determining the checkout info
2026-09-05T04:41:41.8319056Z ##[endgroup]
2026-09-05T04:41:41.8325320Z [command]/usr/bin/git sparse-checkout disable
2026-09-05T04:41:41.8370225Z [command]/usr/bin/git config --local --unset-all extensions.worktreeConfig
2026-09-05T04:41:41.8402953Z ##[group]Checking out the ref
2026-09-05T04:41:41.8407728Z [command]/usr/bin/git checkout --progress --force df495ba2e91739a6dc8f1de254fc5a41155ce504
2026-09-05T04:41:41.8977491Z Note: switching to 'df495ba2e91739a6dc8f1de254fc5a41155ce504'.
2026-09-05T04:41:41.8978142Z 
2026-09-05T04:41:41.8978565Z You are in 'detached HEAD' state. You can look around, make experimental
2026-09-05T04:41:41.8979531Z changes and commit them, and you can discard any commits you make in this
2026-09-05T04:41:41.8980711Z state without impacting any branches by switching back to a branch.
2026-09-05T04:41:41.8981292Z 
2026-09-05T04:41:41.8981700Z If you want to create a new branch to retain commits you create, you may
2026-09-05T04:41:41.8982619Z do so (now or later) by using -c with the switch command. Example:
2026-09-05T04:41:41.8983115Z 
2026-09-05T04:41:41.8983343Z   git switch -c <new-branch-name>
2026-09-05T04:41:41.8983693Z 
2026-09-05T04:41:41.8983925Z Or undo this operation with:
2026-09-05T04:41:41.8984306Z 
2026-09-05T04:41:41.8984462Z   git switch -
2026-09-05T04:41:41.8984689Z 
2026-09-05T04:41:41.8984969Z Turn off this advice by setting config variable advice.detachedHead to false
2026-09-05T04:41:41.8985505Z 
2026-09-05T04:41:41.8985851Z HEAD is now at df495ba Merge pull request #1130 from openfheorg/dev
2026-09-05T04:41:41.8989318Z ##[endgroup]
2026-09-05T04:41:41.8990093Z ##[group]Setting up auth for fetching submodules
2026-09-05T04:41:41.8995341Z [command]/usr/bin/git config --global http.https://github.com/.extraheader AUTHORIZATION: basic ***
2026-09-05T04:41:41.9035801Z [command]/usr/bin/git config --global --unset-all url.https://github.com/.insteadOf
2026-09-05T04:41:41.9069926Z [command]/usr/bin/git config --global --add url.https://github.com/.insteadOf git@github.com:
2026-09-05T04:41:41.9103976Z [command]/usr/bin/git config --global --add url.https://github.com/.insteadOf org-26023695@github.com:
2026-09-05T04:41:41.9134461Z ##[endgroup]
2026-09-05T04:41:41.9135299Z ##[group]Fetching submodules
2026-09-05T04:41:41.9139511Z [command]/usr/bin/git submodule sync --recursive
2026-09-05T04:41:41.9369837Z [command]/usr/bin/git -c protocol.version=2 submodule update --init --force --depth=1 --recursive
2026-09-05T04:41:41.9589423Z Submodule 'third-party/cereal' (https://github.com/openfheorg/cereal.git) registered for path 'third-party/cereal'
2026-09-05T04:41:41.9593871Z Submodule 'third-party/google-benchmark' (https://github.com/google/benchmark.git) registered for path 'third-party/google-benchmark'
2026-09-05T04:41:41.9598254Z Submodule 'third-party/google-test' (https://github.com/google/googletest.git) registered for path 'third-party/google-test'
2026-09-05T04:41:41.9603506Z Submodule 'third-party/gperftools' (https://github.com/gperftools/gperftools.git) registered for path 'third-party/gperftools'
2026-09-05T04:41:41.9630616Z Cloning into '/home/runner/work/20231788./20231788./.ci/openfhe-src/third-party/cereal'...
2026-09-05T04:41:42.4929114Z Cloning into '/home/runner/work/20231788./20231788./.ci/openfhe-src/third-party/google-benchmark'...
2026-09-05T04:41:43.2277701Z Cloning into '/home/runner/work/20231788./20231788./.ci/openfhe-src/third-party/google-test'...
2026-09-05T04:41:43.7972562Z Cloning into '/home/runner/work/20231788./20231788./.ci/openfhe-src/third-party/gperftools'...
2026-09-05T04:41:44.5967768Z Submodule path 'third-party/cereal': checked out '984e3f194862b17916536b5fade40cba6e47a6fe'
2026-09-05T04:41:45.8819437Z From https://github.com/google/benchmark
2026-09-05T04:41:45.8820522Z  * branch            eddb0241389718a23a42db6af5f0164b6e0139af -> FETCH_HEAD
2026-09-05T04:41:45.9016715Z Submodule path 'third-party/google-benchmark': checked out 'eddb0241389718a23a42db6af5f0164b6e0139af'
2026-09-05T04:41:46.9414257Z From https://github.com/google/googletest
2026-09-05T04:41:46.9414735Z  * branch            52eb8108c5bdec04579160ae17225d66034bd723 -> FETCH_HEAD
2026-09-05T04:41:46.9805039Z Submodule path 'third-party/google-test': checked out '52eb8108c5bdec04579160ae17225d66034bd723'
2026-09-05T04:41:48.1275719Z From https://github.com/gperftools/gperftools
2026-09-05T04:41:48.1276554Z  * branch            83edb60836d87cf1b406e8846b9059c03031e8f5 -> FETCH_HEAD
2026-09-05T04:41:48.2144351Z Submodule path 'third-party/gperftools': checked out '83edb60836d87cf1b406e8846b9059c03031e8f5'
2026-09-05T04:41:48.2248943Z [command]/usr/bin/git submodule foreach --recursive git config --local gc.auto 0
2026-09-05T04:41:48.2434964Z Entering 'third-party/cereal'
2026-09-05T04:41:48.2484660Z Entering 'third-party/google-benchmark'
2026-09-05T04:41:48.2524990Z Entering 'third-party/google-test'
2026-09-05T04:41:48.2566850Z Entering 'third-party/gperftools'
2026-09-05T04:41:48.2614492Z ##[endgroup]
2026-09-05T04:41:48.2615551Z ##[group]Persisting credentials for submodules
2026-09-05T04:41:48.2623371Z [command]/usr/bin/git submodule foreach --recursive sh -c "git config --local --name-only --get-regexp 'url\.https\:\/\/github\.com\/\.insteadOf' && git config --local --unset-all 'url.https://github.com/.insteadOf' || :"
2026-09-05T04:41:48.2857755Z Entering 'third-party/cereal'
2026-09-05T04:41:48.2903683Z Entering 'third-party/google-benchmark'
2026-09-05T04:41:48.2947530Z Entering 'third-party/google-test'
2026-09-05T04:41:48.2992386Z Entering 'third-party/gperftools'
2026-09-05T04:41:48.3050724Z [command]/usr/bin/git submodule foreach --recursive sh -c "git config --local 'http.https://github.com/.extraheader' 'AUTHORIZATION: basic ***' && git config --local --show-origin --name-only --get-regexp remote.origin.url"
2026-09-05T04:41:48.3275613Z Entering 'third-party/cereal'
2026-09-05T04:41:48.3320079Z file:/home/runner/work/20231788./20231788./.ci/openfhe-src/.git/modules/third-party/cereal/config	remote.origin.url
2026-09-05T04:41:48.3341441Z Entering 'third-party/google-benchmark'
2026-09-05T04:41:48.3381985Z file:/home/runner/work/20231788./20231788./.ci/openfhe-src/.git/modules/third-party/google-benchmark/config	remote.origin.url
2026-09-05T04:41:48.3403106Z Entering 'third-party/google-test'
2026-09-05T04:41:48.3443130Z file:/home/runner/work/20231788./20231788./.ci/openfhe-src/.git/modules/third-party/google-test/config	remote.origin.url
2026-09-05T04:41:48.3464485Z Entering 'third-party/gperftools'
2026-09-05T04:41:48.3504417Z file:/home/runner/work/20231788./20231788./.ci/openfhe-src/.git/modules/third-party/gperftools/config	remote.origin.url
2026-09-05T04:41:48.3567014Z [command]/usr/bin/git submodule foreach --recursive git config --local --add 'url.https://github.com/.insteadOf' 'git@github.com:'
2026-09-05T04:41:48.3797284Z Entering 'third-party/cereal'
2026-09-05T04:41:48.3836221Z Entering 'third-party/google-benchmark'
2026-09-05T04:41:48.3880817Z Entering 'third-party/google-test'
2026-09-05T04:41:48.3938390Z Entering 'third-party/gperftools'
2026-09-05T04:41:48.3974576Z [command]/usr/bin/git submodule foreach --recursive git config --local --add 'url.https://github.com/.insteadOf' 'org-26023695@github.com:'
2026-09-05T04:41:48.4187635Z Entering 'third-party/cereal'
2026-09-05T04:41:48.4225775Z Entering 'third-party/google-benchmark'
2026-09-05T04:41:48.4264154Z Entering 'third-party/google-test'
2026-09-05T04:41:48.4302593Z Entering 'third-party/gperftools'
2026-09-05T04:41:48.4348674Z ##[endgroup]
2026-09-05T04:41:48.4394513Z [command]/usr/bin/git log -1 --format=%H
2026-09-05T04:41:48.4423822Z df495ba2e91739a6dc8f1de254fc5a41155ce504
2026-09-05T04:41:48.4568431Z ##[group]Run actual="$(git -C .ci/openfhe-src rev-parse HEAD)"
2026-09-05T04:41:48.4568927Z [36;1mactual="$(git -C .ci/openfhe-src rev-parse HEAD)"[0m
2026-09-05T04:41:48.4569295Z [36;1mtest "$actual" = "$OPENFHE_COMMIT"[0m
2026-09-05T04:41:48.4569634Z [36;1mgit -C .ci/openfhe-src status --short[0m
2026-09-05T04:41:48.4611311Z shell: /usr/bin/bash --noprofile --norc -e -o pipefail {0}
2026-09-05T04:41:48.4611668Z env:
2026-09-05T04:41:48.4611928Z   OPENFHE_COMMIT: df495ba2e91739a6dc8f1de254fc5a41155ce504
2026-09-05T04:41:48.4612363Z   OPENFHE_PREFIX: /home/runner/work/20231788./20231788./.ci/openfhe-install
2026-09-05T04:41:48.4612740Z ##[endgroup]
2026-09-05T04:41:48.5877507Z ##[group]Run sudo apt-get update
2026-09-05T04:41:48.5877822Z [36;1msudo apt-get update[0m
2026-09-05T04:41:48.5878179Z [36;1msudo apt-get install --yes --no-install-recommends libboost-dev[0m
2026-09-05T04:41:48.5914680Z shell: /usr/bin/bash -e {0}
2026-09-05T04:41:48.5914935Z env:
2026-09-05T04:41:48.5915186Z   OPENFHE_COMMIT: df495ba2e91739a6dc8f1de254fc5a41155ce504
2026-09-05T04:41:48.5915610Z   OPENFHE_PREFIX: /home/runner/work/20231788./20231788./.ci/openfhe-install
2026-09-05T04:41:48.5915973Z ##[endgroup]
2026-09-05T04:41:48.6817108Z Get:1 file:/etc/apt/apt-mirrors.txt Mirrorlist [144 B]
2026-09-05T04:41:48.7174698Z Hit:2 http://azure.archive.ubuntu.com/ubuntu noble InRelease
2026-09-05T04:41:48.7180834Z Get:6 https://packages.microsoft.com/ubuntu/24.04/prod noble InRelease [3600 B]
2026-09-05T04:41:48.7201249Z Get:3 http://azure.archive.ubuntu.com/ubuntu noble-updates InRelease [126 kB]
2026-09-05T04:41:48.7272169Z Get:4 http://azure.archive.ubuntu.com/ubuntu noble-backports InRelease [126 kB]
2026-09-05T04:41:48.7289744Z Get:5 http://azure.archive.ubuntu.com/ubuntu noble-security InRelease [126 kB]
2026-09-05T04:41:48.7342259Z Get:7 https://dl.google.com/linux/chrome-stable/deb stable InRelease [2548 B]
2026-09-05T04:41:48.8427541Z Get:8 https://packages.microsoft.com/ubuntu/24.04/prod noble/main arm64 Packages [394 kB]
2026-09-05T04:41:48.8592805Z Get:9 https://packages.microsoft.com/ubuntu/24.04/prod noble/main amd64 Packages [441 kB]
2026-09-05T04:41:48.8984946Z Get:10 http://azure.archive.ubuntu.com/ubuntu noble-updates/main amd64 Packages [1260 kB]
2026-09-05T04:41:48.9073574Z Get:11 http://azure.archive.ubuntu.com/ubuntu noble-updates/main Translation-en [292 kB]
2026-09-05T04:41:48.9117127Z Get:12 http://azure.archive.ubuntu.com/ubuntu noble-updates/main amd64 Components [180 kB]
2026-09-05T04:41:48.9139651Z Get:13 http://azure.archive.ubuntu.com/ubuntu noble-updates/universe amd64 Packages [1690 kB]
2026-09-05T04:41:48.9242528Z Get:14 http://azure.archive.ubuntu.com/ubuntu noble-updates/universe Translation-en [339 kB]
2026-09-05T04:41:48.9285058Z Get:15 http://azure.archive.ubuntu.com/ubuntu noble-updates/universe amd64 Components [388 kB]
2026-09-05T04:41:48.9321019Z Get:16 http://azure.archive.ubuntu.com/ubuntu noble-updates/restricted amd64 Packages [1536 kB]
2026-09-05T04:41:48.9399369Z Get:17 http://azure.archive.ubuntu.com/ubuntu noble-updates/restricted Translation-en [352 kB]
2026-09-05T04:41:48.9430963Z Get:18 http://azure.archive.ubuntu.com/ubuntu noble-updates/multiverse amd64 Components [940 B]
2026-09-05T04:41:48.9577699Z Get:19 http://azure.archive.ubuntu.com/ubuntu noble-backports/main amd64 Components [5740 B]
2026-09-05T04:41:49.0062429Z Get:20 http://azure.archive.ubuntu.com/ubuntu noble-backports/universe amd64 Components [12.6 kB]
2026-09-05T04:41:49.0088650Z Get:21 http://azure.archive.ubuntu.com/ubuntu noble-security/main amd64 Packages [1002 kB]
2026-09-05T04:41:49.0142039Z Get:22 http://azure.archive.ubuntu.com/ubuntu noble-security/main Translation-en [212 kB]
2026-09-05T04:41:49.0165373Z Get:23 http://azure.archive.ubuntu.com/ubuntu noble-security/main amd64 Components [46.4 kB]
2026-09-05T04:41:49.0185112Z Get:24 http://azure.archive.ubuntu.com/ubuntu noble-security/universe amd64 Packages [1206 kB]
2026-09-05T04:41:49.0257091Z Get:25 http://azure.archive.ubuntu.com/ubuntu noble-security/universe Translation-en [241 kB]
2026-09-05T04:41:49.0285311Z Get:26 http://azure.archive.ubuntu.com/ubuntu noble-security/universe amd64 Components [76.3 kB]
2026-09-05T04:41:49.0305247Z Get:27 http://azure.archive.ubuntu.com/ubuntu noble-security/restricted amd64 Packages [1437 kB]
2026-09-05T04:41:49.0396145Z Get:28 http://azure.archive.ubuntu.com/ubuntu noble-security/restricted Translation-en [334 kB]
2026-09-05T04:41:49.0773066Z Get:29 https://dl.google.com/linux/chrome-stable/deb stable/main amd64 Packages [1401 B]
2026-09-05T04:41:53.0473733Z Fetched 11.8 MB in 1s (9037 kB/s)
2026-09-05T04:41:53.8294088Z Reading package lists...
2026-09-05T04:41:53.8592965Z Reading package lists...
2026-09-05T04:41:54.0220269Z Building dependency tree...
2026-09-05T04:41:54.0227504Z Reading state information...
2026-09-05T04:41:54.1556707Z The following additional packages will be installed:
2026-09-05T04:41:54.1561844Z   libboost1.83-dev
2026-09-05T04:41:54.1567531Z Suggested packages:
2026-09-05T04:41:54.1568156Z   libboost-doc libboost1.83-doc libboost-atomic1.83-dev
2026-09-05T04:41:54.1569068Z   libboost-chrono1.83-dev libboost-container1.83-dev libboost-context1.83-dev
2026-09-05T04:41:54.1569852Z   libboost-contract1.83-dev libboost-coroutine1.83-dev
2026-09-05T04:41:54.1572017Z   libboost-date-time1.83-dev libboost-exception1.83-dev libboost-fiber1.83-dev
2026-09-05T04:41:54.1572888Z   libboost-filesystem1.83-dev libboost-graph-parallel1.83-dev
2026-09-05T04:41:54.1573710Z   libboost-graph1.83-dev libboost-iostreams1.83-dev libboost-json1.83-dev
2026-09-05T04:41:54.1574334Z   libboost-locale1.83-dev libboost-log1.83-dev libboost-math1.83-dev
2026-09-05T04:41:54.1574995Z   libboost-mpi-python1.83-dev libboost-mpi1.83-dev libboost-nowide1.83-dev
2026-09-05T04:41:54.1575511Z   libboost-numpy1.83-dev libboost-program-options1.83-dev
2026-09-05T04:41:54.1575999Z   libboost-python1.83-dev libboost-random1.83-dev libboost-regex1.83-dev
2026-09-05T04:41:54.1576503Z   libboost-serialization1.83-dev libboost-stacktrace1.83-dev
2026-09-05T04:41:54.1577084Z   libboost-system1.83-dev libboost-test1.83-dev libboost-thread1.83-dev
2026-09-05T04:41:54.1577649Z   libboost-timer1.83-dev libboost-type-erasure1.83-dev libboost-url1.83-dev
2026-09-05T04:41:54.1578208Z   libboost-wave1.83-dev libboost1.83-tools-dev libmpfrc++-dev libntl-dev
2026-09-05T04:41:54.1717048Z The following NEW packages will be installed:
2026-09-05T04:41:54.1721852Z   libboost-dev libboost1.83-dev
2026-09-05T04:41:54.1886007Z 0 upgraded, 2 newly installed, 0 to remove and 38 not upgraded.
2026-09-05T04:41:54.1886634Z Need to get 10.7 MB of archives.
2026-09-05T04:41:54.1887297Z After this operation, 161 MB of additional disk space will be used.
2026-09-05T04:41:54.1887716Z Get:1 file:/etc/apt/apt-mirrors.txt Mirrorlist [144 B]
2026-09-05T04:41:54.2272083Z Get:2 http://azure.archive.ubuntu.com/ubuntu noble-updates/main amd64 libboost1.83-dev amd64 1.83.0-2.1ubuntu3.2 [10.7 MB]
2026-09-05T04:41:54.4275740Z Get:3 http://azure.archive.ubuntu.com/ubuntu noble/main amd64 libboost-dev amd64 1.83.0.1ubuntu2 [4308 B]
2026-09-05T04:41:54.6741790Z Fetched 10.7 MB in 0s (43.2 MB/s)
2026-09-05T04:41:54.7009329Z Selecting previously unselected package libboost1.83-dev:amd64.
2026-09-05T04:41:54.7339576Z (Reading database ... 
2026-09-05T04:41:54.7340096Z (Reading database ... 5%
2026-09-05T04:41:54.7340780Z (Reading database ... 10%
2026-09-05T04:41:54.7341225Z (Reading database ... 15%
2026-09-05T04:41:54.7341603Z (Reading database ... 20%
2026-09-05T04:41:54.7341866Z (Reading database ... 25%
2026-09-05T04:41:54.7342130Z (Reading database ... 30%
2026-09-05T04:41:54.7342413Z (Reading database ... 35%
2026-09-05T04:41:54.7342680Z (Reading database ... 40%
2026-09-05T04:41:54.7342938Z (Reading database ... 45%
2026-09-05T04:41:54.7343317Z (Reading database ... 50%
2026-09-05T04:41:54.7343577Z (Reading database ... 55%
2026-09-05T04:41:54.8661921Z (Reading database ... 60%
2026-09-05T04:41:54.9907976Z (Reading database ... 65%
2026-09-05T04:41:55.2292723Z (Reading database ... 70%
2026-09-05T04:41:55.3246579Z (Reading database ... 75%
2026-09-05T04:41:55.5272031Z (Reading database ... 80%
2026-09-05T04:41:55.6758297Z (Reading database ... 85%
2026-09-05T04:41:55.8272318Z (Reading database ... 90%
2026-09-05T04:41:55.9410967Z (Reading database ... 95%
2026-09-05T04:41:55.9411290Z (Reading database ... 100%
2026-09-05T04:41:55.9411709Z (Reading database ... 201676 files and directories currently installed.)
2026-09-05T04:41:55.9452552Z Preparing to unpack .../libboost1.83-dev_1.83.0-2.1ubuntu3.2_amd64.deb ...
2026-09-05T04:41:55.9480626Z Unpacking libboost1.83-dev:amd64 (1.83.0-2.1ubuntu3.2) ...
2026-09-05T04:41:58.6683735Z Selecting previously unselected package libboost-dev:amd64.
2026-09-05T04:41:58.6868654Z Preparing to unpack .../libboost-dev_1.83.0.1ubuntu2_amd64.deb ...
2026-09-05T04:41:58.6875736Z Unpacking libboost-dev:amd64 (1.83.0.1ubuntu2) ...
2026-09-05T04:41:58.7231085Z Setting up libboost1.83-dev:amd64 (1.83.0-2.1ubuntu3.2) ...
2026-09-05T04:41:58.7273458Z Setting up libboost-dev:amd64 (1.83.0.1ubuntu2) ...
2026-09-05T04:41:59.3629169Z 
2026-09-05T04:41:59.3629643Z Running kernel seems to be up-to-date.
2026-09-05T04:41:59.3630155Z 
2026-09-05T04:41:59.3630924Z No services need to be restarted.
2026-09-05T04:41:59.3631179Z 
2026-09-05T04:41:59.3631318Z No containers need to be restarted.
2026-09-05T04:41:59.3631547Z 
2026-09-05T04:41:59.3631722Z No user sessions are running outdated binaries.
2026-09-05T04:41:59.3631997Z 
2026-09-05T04:41:59.3632244Z No VM guests are running outdated hypervisor (qemu) binaries on this host.
2026-09-05T04:42:00.1506240Z ##[group]Run cmake --version
2026-09-05T04:42:00.1506561Z [36;1mcmake --version[0m
2026-09-05T04:42:00.1506783Z [36;1mc++ --version[0m
2026-09-05T04:42:00.1544812Z shell: /usr/bin/bash -e {0}
2026-09-05T04:42:00.1545054Z env:
2026-09-05T04:42:00.1545306Z   OPENFHE_COMMIT: df495ba2e91739a6dc8f1de254fc5a41155ce504
2026-09-05T04:42:00.1545734Z   OPENFHE_PREFIX: /home/runner/work/20231788./20231788./.ci/openfhe-install
2026-09-05T04:42:00.1546099Z ##[endgroup]
2026-09-05T04:42:00.1999895Z cmake version 3.31.6
2026-09-05T04:42:00.2000193Z 
2026-09-05T04:42:00.2000470Z CMake suite maintained and supported by Kitware (kitware.com/cmake).
2026-09-05T04:42:00.2069668Z c++ (Ubuntu 13.3.0-6ubuntu2~24.04.1) 13.3.0
2026-09-05T04:42:00.2070226Z Copyright (C) 2023 Free Software Foundation, Inc.
2026-09-05T04:42:00.2071135Z This is free software; see the source for copying conditions.  There is NO
2026-09-05T04:42:00.2072169Z warranty; not even for MERCHANTABILITY or FITNESS FOR A PARTICULAR PURPOSE.
2026-09-05T04:42:00.2073055Z 
2026-09-05T04:42:00.2139435Z Node 20 is being deprecated. This workflow is running with Node 24 by default. If you need to temporarily use Node 20, you can set the ACTIONS_ALLOW_USE_UNSECURE_NODE_VERSION=true environment variable. For more information see: https://github.blog/changelog/2025-09-19-deprecation-of-node-20-on-github-actions-runners/
2026-09-05T04:42:00.2141118Z ##[group]Run actions/cache@v4
2026-09-05T04:42:00.2141350Z with:
2026-09-05T04:42:00.2141544Z   path: .ci/openfhe-install
2026-09-05T04:42:00.2141973Z   key: openfhe-1.5.0-Linux-gcc-native64-backend4-df495ba2e91739a6dc8f1de254fc5a41155ce504
2026-09-05T04:42:00.2142443Z   enableCrossOsArchive: false
2026-09-05T04:42:00.2142693Z   fail-on-cache-miss: false
2026-09-05T04:42:00.2142914Z   lookup-only: false
2026-09-05T04:42:00.2143113Z   save-always: false
2026-09-05T04:42:00.2143299Z env:
2026-09-05T04:42:00.2143534Z   OPENFHE_COMMIT: df495ba2e91739a6dc8f1de254fc5a41155ce504
2026-09-05T04:42:00.2143982Z   OPENFHE_PREFIX: /home/runner/work/20231788./20231788./.ci/openfhe-install
2026-09-05T04:42:00.2144342Z ##[endgroup]
2026-09-05T04:42:00.3188265Z (node:3361) [DEP0040] DeprecationWarning: The `punycode` module is deprecated. Please use a userland alternative instead.
2026-09-05T04:42:00.3189502Z (Use `node --trace-deprecation ...` to show where the warning was created)
2026-09-05T04:42:00.4237222Z Cache hit for: openfhe-1.5.0-Linux-gcc-native64-backend4-df495ba2e91739a6dc8f1de254fc5a41155ce504
2026-09-05T04:42:00.4347607Z (node:3361) [DEP0169] DeprecationWarning: `url.parse()` behavior is not standardized and prone to errors that have security implications. Use the WHATWG URL API instead. CVEs are not issued for `url.parse()` vulnerabilities.
2026-09-05T04:42:00.7910118Z Received 2477804 of 2477804 (100.0%), 9.1 MBs/sec
2026-09-05T04:42:00.7911238Z Cache Size: ~2 MB (2477804 B)
2026-09-05T04:42:00.7949394Z [command]/usr/bin/tar -xf /home/runner/work/_temp/c661a977-d7d9-438c-bf22-8b813b72ae43/cache.tzst -P -C /home/runner/work/20231788./20231788. --use-compress-program unzstd
2026-09-05T04:42:00.8326111Z Cache restored successfully
2026-09-05T04:42:00.8467166Z Cache restored from key: openfhe-1.5.0-Linux-gcc-native64-backend4-df495ba2e91739a6dc8f1de254fc5a41155ce504
2026-09-05T04:42:00.8637173Z ##[group]Run cmake -S . -B build -DCMAKE_BUILD_TYPE=Debug -DCMAKE_PREFIX_PATH=${OPENFHE_PREFIX}
2026-09-05T04:42:00.8638328Z [36;1mcmake -S . -B build -DCMAKE_BUILD_TYPE=Debug -DCMAKE_PREFIX_PATH=${OPENFHE_PREFIX}[0m
2026-09-05T04:42:00.8678497Z shell: /usr/bin/bash -e {0}
2026-09-05T04:42:00.8678752Z env:
2026-09-05T04:42:00.8679016Z   OPENFHE_COMMIT: df495ba2e91739a6dc8f1de254fc5a41155ce504
2026-09-05T04:42:00.8679465Z   OPENFHE_PREFIX: /home/runner/work/20231788./20231788./.ci/openfhe-install
2026-09-05T04:42:00.8679845Z ##[endgroup]
2026-09-05T04:42:01.0446931Z -- The CXX compiler identification is GNU 13.3.0
2026-09-05T04:42:01.0631869Z -- Detecting CXX compiler ABI info
2026-09-05T04:42:01.1456926Z -- Detecting CXX compiler ABI info - done
2026-09-05T04:42:01.1629410Z -- Check for working CXX compiler: /usr/bin/c++ - skipped
2026-09-05T04:42:01.1637086Z -- Detecting CXX compile features
2026-09-05T04:42:01.1646746Z -- Detecting CXX compile features - done
2026-09-05T04:42:01.1768034Z -- Configuring done (0.3s)
2026-09-05T04:42:01.2083789Z -- Generating done (0.0s)
2026-09-05T04:42:01.2087646Z -- Build files have been written to: /home/runner/work/20231788./20231788./build
2026-09-05T04:42:01.2138656Z ##[group]Run test "$(git rev-parse HEAD)" = "$GITHUB_SHA"
2026-09-05T04:42:01.2139082Z [36;1mtest "$(git rev-parse HEAD)" = "$GITHUB_SHA"[0m
2026-09-05T04:42:01.2139689Z [36;1mprintf 'PROJECT_SOURCE_COMMIT=%s GITHUB_RUN_ID=%s GITHUB_RUN_ATTEMPT=%s\n' "$GITHUB_SHA" "$GITHUB_RUN_ID" "$GITHUB_RUN_ATTEMPT"[0m
2026-09-05T04:42:01.2177448Z shell: /usr/bin/bash -e {0}
2026-09-05T04:42:01.2177706Z env:
2026-09-05T04:42:01.2177969Z   OPENFHE_COMMIT: df495ba2e91739a6dc8f1de254fc5a41155ce504
2026-09-05T04:42:01.2178415Z   OPENFHE_PREFIX: /home/runner/work/20231788./20231788./.ci/openfhe-install
2026-09-05T04:42:01.2178951Z ##[endgroup]
2026-09-05T04:42:01.2251940Z PROJECT_SOURCE_COMMIT=43c2dca45c2305c9b6baf50ae1c32529d35e7f06 GITHUB_RUN_ID=33945243915 GITHUB_RUN_ATTEMPT=1
2026-09-05T04:42:01.2277084Z ##[group]Run cmake --build build --parallel 2
2026-09-05T04:42:01.2277480Z [36;1mcmake --build build --parallel 2[0m
2026-09-05T04:42:01.2312062Z shell: /usr/bin/bash -e {0}
2026-09-05T04:42:01.2312316Z env:
2026-09-05T04:42:01.2312575Z   OPENFHE_COMMIT: df495ba2e91739a6dc8f1de254fc5a41155ce504
2026-09-05T04:42:01.2313024Z   OPENFHE_PREFIX: /home/runner/work/20231788./20231788./.ci/openfhe-install
2026-09-05T04:42:01.2313404Z ##[endgroup]
2026-09-05T04:42:01.2528256Z [  3%] Building CXX object CMakeFiles/openfhe_2023_1788.dir/src/double_ckks.cpp.o
2026-09-05T04:42:01.2532154Z [  6%] Building CXX object CMakeFiles/openfhe_2023_1788.dir/src/paper_h128_client_keypair.cpp.o
2026-09-05T04:42:09.8371065Z [ 10%] Linking CXX static library libopenfhe_2023_1788.a
2026-09-05T04:42:10.6269569Z [ 10%] Built target openfhe_2023_1788
2026-09-05T04:42:10.6339631Z [ 13%] Building CXX object CMakeFiles/dcp_rcb_test.dir/tests/dcp_rcb_test.cpp.o
2026-09-05T04:42:10.6341598Z [ 17%] Building CXX object CMakeFiles/tensor2_api_contract_test.dir/tests/tensor2_api_contract_test.cpp.o
2026-09-05T04:42:13.2043885Z [ 20%] Linking CXX executable tensor2_api_contract_test
2026-09-05T04:42:13.2992789Z [ 20%] Built target tensor2_api_contract_test
2026-09-05T04:42:13.3064308Z [ 24%] Building CXX object CMakeFiles/pair_add_test.dir/tests/pair_add_test.cpp.o
2026-09-05T04:42:20.9565153Z [ 27%] Linking CXX executable pair_add_test
2026-09-05T04:42:21.0681719Z [ 27%] Built target pair_add_test
2026-09-05T04:42:21.0751793Z [ 31%] Building CXX object CMakeFiles/pair_sub_test.dir/tests/pair_sub_test.cpp.o
2026-09-05T04:42:25.5644289Z [ 34%] Linking CXX executable dcp_rcb_test
2026-09-05T04:42:25.6882194Z [ 34%] Built target dcp_rcb_test
2026-09-05T04:42:25.6952444Z [ 37%] Building CXX object CMakeFiles/pair_arithmetic_test.dir/tests/pair_arithmetic_test.cpp.o
2026-09-05T04:42:28.7383700Z [ 41%] Linking CXX executable pair_sub_test
2026-09-05T04:42:28.8479147Z [ 41%] Built target pair_sub_test
2026-09-05T04:42:28.8549402Z [ 44%] Building CXX object CMakeFiles/tensor2_test.dir/tests/tensor2_test.cpp.o
2026-09-05T04:42:40.8472097Z [ 48%] Linking CXX executable pair_arithmetic_test
2026-09-05T04:42:40.9691956Z [ 48%] Built target pair_arithmetic_test
2026-09-05T04:42:40.9761876Z [ 51%] Building CXX object CMakeFiles/relin2_test.dir/tests/relin2_test.cpp.o
2026-09-05T04:42:41.3367592Z [ 55%] Linking CXX executable tensor2_test
2026-09-05T04:42:41.4548350Z [ 55%] Built target tensor2_test
2026-09-05T04:42:41.4620292Z [ 58%] Building CXX object CMakeFiles/rs2_test.dir/tests/rs2_test.cpp.o
2026-09-05T04:42:55.4137649Z [ 62%] Linking CXX executable rs2_test
2026-09-05T04:42:55.5361773Z [ 62%] Built target rs2_test
2026-09-05T04:42:55.5431024Z [ 65%] Building CXX object CMakeFiles/mult2_test.dir/tests/mult2_test.cpp.o
2026-09-05T04:43:03.3601235Z [ 68%] Linking CXX executable mult2_test
2026-09-05T04:43:03.4726278Z [ 68%] Built target mult2_test
2026-09-05T04:43:03.4797438Z [ 72%] Building CXX object CMakeFiles/mult2_e2e_oracle_test.dir/tests/mult2_e2e_oracle_test.cpp.o
2026-09-05T04:43:06.8916282Z [ 75%] Linking CXX executable relin2_test
2026-09-05T04:43:07.0358020Z [ 75%] Built target relin2_test
2026-09-05T04:43:07.0429005Z [ 79%] Building CXX object CMakeFiles/precision_dcp_rcb_contract_test.dir/tests/precision_dcp_rcb_contract_test.cpp.o
2026-09-05T04:43:18.7236098Z [ 82%] Linking CXX executable mult2_e2e_oracle_test
2026-09-05T04:43:18.8482667Z [ 82%] Built target mult2_e2e_oracle_test
2026-09-05T04:43:18.8553979Z [ 86%] Building CXX object CMakeFiles/precision_first_mult2_contract_test.dir/tests/precision_first_mult2_contract_test.cpp.o
2026-09-05T04:43:23.8104901Z [ 89%] Building CXX object CMakeFiles/precision_dcp_rcb_contract_test.dir/tests/precision_dcp_rcb_fixture.cpp.o
2026-09-05T04:43:36.3672039Z [ 93%] Linking CXX executable precision_dcp_rcb_contract_test
2026-09-05T04:43:36.5117561Z [ 93%] Built target precision_dcp_rcb_contract_test
2026-09-05T04:43:36.5141821Z [ 96%] Building CXX object CMakeFiles/precision_first_mult2_contract_test.dir/tests/precision_dcp_rcb_fixture.cpp.o
2026-09-05T04:43:48.6145023Z [100%] Linking CXX executable precision_first_mult2_contract_test
2026-09-05T04:43:48.7552496Z [100%] Built target precision_first_mult2_contract_test
2026-09-05T04:43:48.7686244Z ##[group]Run cmake --build build --target relin2_api_contract_test --parallel 2
2026-09-05T04:43:48.7686869Z [36;1mcmake --build build --target relin2_api_contract_test --parallel 2[0m
2026-09-05T04:43:48.7722602Z shell: /usr/bin/bash -e {0}
2026-09-05T04:43:48.7722861Z env:
2026-09-05T04:43:48.7723120Z   OPENFHE_COMMIT: df495ba2e91739a6dc8f1de254fc5a41155ce504
2026-09-05T04:43:48.7723564Z   OPENFHE_PREFIX: /home/runner/work/20231788./20231788./.ci/openfhe-install
2026-09-05T04:43:48.7723931Z ##[endgroup]
2026-09-05T04:43:48.8065239Z [ 60%] Built target openfhe_2023_1788
2026-09-05T04:43:48.8132331Z [ 80%] Building CXX object CMakeFiles/relin2_api_contract_test.dir/tests/relin2_api_contract_test.cpp.o
2026-09-05T04:43:51.2781593Z [100%] Linking CXX executable relin2_api_contract_test
2026-09-05T04:43:51.3391697Z [100%] Built target relin2_api_contract_test
2026-09-05T04:43:51.3452758Z ##[group]Run cmake --build build --target rs2_api_contract_test --parallel 2
2026-09-05T04:43:51.3453300Z [36;1mcmake --build build --target rs2_api_contract_test --parallel 2[0m
2026-09-05T04:43:51.3488816Z shell: /usr/bin/bash -e {0}
2026-09-05T04:43:51.3489058Z env:
2026-09-05T04:43:51.3489320Z   OPENFHE_COMMIT: df495ba2e91739a6dc8f1de254fc5a41155ce504
2026-09-05T04:43:51.3489762Z   OPENFHE_PREFIX: /home/runner/work/20231788./20231788./.ci/openfhe-install
2026-09-05T04:43:51.3490127Z ##[endgroup]
2026-09-05T04:43:51.3790598Z [ 60%] Built target openfhe_2023_1788
2026-09-05T04:43:51.3857829Z [ 80%] Building CXX object CMakeFiles/rs2_api_contract_test.dir/tests/rs2_api_contract_test.cpp.o
2026-09-05T04:43:53.8392750Z [100%] Linking CXX executable rs2_api_contract_test
2026-09-05T04:43:53.9007244Z [100%] Built target rs2_api_contract_test
2026-09-05T04:43:53.9068403Z ##[group]Run cmake --build build --target mult2_api_contract_test --parallel 2
2026-09-05T04:43:53.9068981Z [36;1mcmake --build build --target mult2_api_contract_test --parallel 2[0m
2026-09-05T04:43:53.9104595Z shell: /usr/bin/bash -e {0}
2026-09-05T04:43:53.9104847Z env:
2026-09-05T04:43:53.9105112Z   OPENFHE_COMMIT: df495ba2e91739a6dc8f1de254fc5a41155ce504
2026-09-05T04:43:53.9105569Z   OPENFHE_PREFIX: /home/runner/work/20231788./20231788./.ci/openfhe-install
2026-09-05T04:43:53.9105949Z ##[endgroup]
2026-09-05T04:43:53.9401965Z [ 60%] Built target openfhe_2023_1788
2026-09-05T04:43:53.9468430Z [ 80%] Building CXX object CMakeFiles/mult2_api_contract_test.dir/tests/mult2_api_contract_test.cpp.o
2026-09-05T04:43:56.4220117Z [100%] Linking CXX executable mult2_api_contract_test
2026-09-05T04:43:56.4834641Z [100%] Built target mult2_api_contract_test
2026-09-05T04:43:56.4911092Z ##[group]Run cmake --build build --target add_api_contract_test --parallel 2
2026-09-05T04:43:56.4912070Z [36;1mcmake --build build --target add_api_contract_test --parallel 2[0m
2026-09-05T04:43:56.4957047Z shell: /usr/bin/bash -e {0}
2026-09-05T04:43:56.4957307Z env:
2026-09-05T04:43:56.4957577Z   OPENFHE_COMMIT: df495ba2e91739a6dc8f1de254fc5a41155ce504
2026-09-05T04:43:56.4958035Z   OPENFHE_PREFIX: /home/runner/work/20231788./20231788./.ci/openfhe-install
2026-09-05T04:43:56.4958406Z ##[endgroup]
2026-09-05T04:43:56.5258043Z [ 60%] Built target openfhe_2023_1788
2026-09-05T04:43:56.5324387Z [ 80%] Building CXX object CMakeFiles/add_api_contract_test.dir/tests/add_api_contract_test.cpp.o
2026-09-05T04:43:59.0038309Z [100%] Linking CXX executable add_api_contract_test
2026-09-05T04:43:59.0634758Z [100%] Built target add_api_contract_test
2026-09-05T04:43:59.0695037Z ##[group]Run cmake --build build --target sub_api_contract_test --parallel 2
2026-09-05T04:43:59.0695752Z [36;1mcmake --build build --target sub_api_contract_test --parallel 2[0m
2026-09-05T04:43:59.0731207Z shell: /usr/bin/bash -e {0}
2026-09-05T04:43:59.0731452Z env:
2026-09-05T04:43:59.0731715Z   OPENFHE_COMMIT: df495ba2e91739a6dc8f1de254fc5a41155ce504
2026-09-05T04:43:59.0732159Z   OPENFHE_PREFIX: /home/runner/work/20231788./20231788./.ci/openfhe-install
2026-09-05T04:43:59.0732542Z ##[endgroup]
2026-09-05T04:43:59.1034972Z [ 60%] Built target openfhe_2023_1788
2026-09-05T04:43:59.1101848Z [ 80%] Building CXX object CMakeFiles/sub_api_contract_test.dir/tests/sub_api_contract_test.cpp.o
2026-09-05T04:44:01.5899164Z [100%] Linking CXX executable sub_api_contract_test
2026-09-05T04:44:01.6514931Z [100%] Built target sub_api_contract_test
2026-09-05T04:44:01.6574570Z ##[group]Run cmake --build build --target precision_first_mult2_contract_test --parallel 2
2026-09-05T04:44:01.6575210Z [36;1mcmake --build build --target precision_first_mult2_contract_test --parallel 2[0m
2026-09-05T04:44:01.6575887Z [36;1mctest --test-dir build --verbose --output-on-failure -R '^precision_first_mult2_high_precision_contract$'[0m
2026-09-05T04:44:01.6612583Z shell: /usr/bin/bash -e {0}
2026-09-05T04:44:01.6612836Z env:
2026-09-05T04:44:01.6613100Z   OPENFHE_COMMIT: df495ba2e91739a6dc8f1de254fc5a41155ce504
2026-09-05T04:44:01.6613540Z   OPENFHE_PREFIX: /home/runner/work/20231788./20231788./.ci/openfhe-install
2026-09-05T04:44:01.6613916Z ##[endgroup]
2026-09-05T04:44:01.6915020Z [ 50%] Built target openfhe_2023_1788
2026-09-05T04:44:01.7174963Z [100%] Built target precision_first_mult2_contract_test
2026-09-05T04:44:02.3884216Z Internal ctest changing into directory: /home/runner/work/20231788./20231788./build
2026-09-05T04:44:02.3885046Z UpdateCTestConfiguration  from :/home/runner/work/20231788./20231788./build/DartConfiguration.tcl
2026-09-05T04:44:02.4677154Z UpdateCTestConfiguration  from :/home/runner/work/20231788./20231788./build/DartConfiguration.tcl
2026-09-05T04:44:02.4716474Z Test project /home/runner/work/20231788./20231788./build
2026-09-05T04:44:02.4722206Z Constructing a list of tests
2026-09-05T04:44:02.5082181Z Done constructing a list of tests
2026-09-05T04:44:02.5082728Z Updating test list for fixtures
2026-09-05T04:44:02.5083149Z Added 0 tests to meet fixture requirements
2026-09-05T04:44:02.5295605Z Checking test dependency graph...
2026-09-05T04:44:02.5296304Z Checking test dependency graph end
2026-09-05T04:44:02.5452809Z test 3
2026-09-05T04:44:02.5453424Z     Start 3: precision_first_mult2_high_precision_contract
2026-09-05T04:44:02.5453775Z 
2026-09-05T04:44:02.5454147Z 3: Test command: /home/runner/work/20231788./20231788./build/precision_first_mult2_contract_test
2026-09-05T04:44:02.5455008Z 3: Working Directory: /home/runner/work/20231788./20231788./build
2026-09-05T04:44:02.5633235Z 3: Test timeout computed to be: 10000000
2026-09-05T04:44:02.7465267Z 3: test=precision_first_mult2_high_precision_contract trial=0 claim_scope=first-Mult2-diagnostic-only security_level=HEStd_NotSet(diagnostic-only) key_switch=HYBRID ckks_data_type=COMPLEX N=64 batch=16 depth=7 scaling_mod_size=50 first_mod_size=55 input_scale_numerator=2^100 final_logical_scale_numerator=2^200 final_logical_scale_denominator=1267650600226646386227681786497 q_div=1125899906843009 q_l=1125899906840833 input_product_centered_headroom_bits=160 output_centered_headroom_bits=210 coefficient_error_numerator=119343147623877379400897269602896 coefficient_error_denominator=1267650600226646386227681786497 frozen_abs_tolerance=2^-80 product_delta_error=1.6657136305098456412988834099136573779295e-28 max_slot_error=2.7396210107768511456278808414662469010661e-28
2026-09-05T04:44:02.7470794Z 3: test=precision_first_mult2_high_precision_contract trial=1 claim_scope=first-Mult2-diagnostic-only security_level=HEStd_NotSet(diagnostic-only) key_switch=HYBRID ckks_data_type=COMPLEX N=64 batch=16 depth=7 scaling_mod_size=50 first_mod_size=55 input_scale_numerator=2^100 final_logical_scale_numerator=2^200 final_logical_scale_denominator=1267650600226646386227681786497 q_div=1125899906843009 q_l=1125899906840833 input_product_centered_headroom_bits=160 output_centered_headroom_bits=210 coefficient_error_numerator=97163194738679603209804577187211 coefficient_error_denominator=1267650600226646386227681786497 frozen_abs_tolerance=2^-80 product_delta_error=4.3633469609392754566172009100111611807528e-29 max_slot_error=9.1820789860928406619542174398670151716146e-28
2026-09-05T04:44:02.7476268Z 3: test=precision_first_mult2_high_precision_contract trial=2 claim_scope=first-Mult2-diagnostic-only security_level=HEStd_NotSet(diagnostic-only) key_switch=HYBRID ckks_data_type=COMPLEX N=64 batch=16 depth=7 scaling_mod_size=50 first_mod_size=55 input_scale_numerator=2^100 final_logical_scale_numerator=2^200 final_logical_scale_denominator=1267650600226646386227681786497 q_div=1125899906843009 q_l=1125899906840833 input_product_centered_headroom_bits=160 output_centered_headroom_bits=210 coefficient_error_numerator=94127389157784486746330972367374 coefficient_error_denominator=1267650600226646386227681786497 frozen_abs_tolerance=2^-80 product_delta_error=2.5944404565516705364046785062532187581249e-28 max_slot_error=6.8548054221122610812340447686880679883072e-28
2026-09-05T04:44:02.7481628Z 3: test=precision_first_mult2_high_precision_contract trial=3 claim_scope=first-Mult2-diagnostic-only security_level=HEStd_NotSet(diagnostic-only) key_switch=HYBRID ckks_data_type=COMPLEX N=64 batch=16 depth=7 scaling_mod_size=50 first_mod_size=55 input_scale_numerator=2^100 final_logical_scale_numerator=2^200 final_logical_scale_denominator=1267650600226646386227681786497 q_div=1125899906843009 q_l=1125899906840833 input_product_centered_headroom_bits=160 output_centered_headroom_bits=210 coefficient_error_numerator=129660648850171090276310804872736 coefficient_error_denominator=1267650600226646386227681786497 frozen_abs_tolerance=2^-80 product_delta_error=3.3201934586719570617501985996871114402371e-28 max_slot_error=7.1893230407576009290791623426174896204604e-28
2026-09-05T04:44:02.7484409Z 3: precision_first_mult2_high_precision_contract=PASS
2026-09-05T04:44:02.7484861Z 1/1 Test #3: precision_first_mult2_high_precision_contract ...   Passed    0.18 sec
2026-09-05T04:44:02.7702804Z 
2026-09-05T04:44:02.7703183Z The following tests passed:
2026-09-05T04:44:02.7703817Z 	precision_first_mult2_high_precision_contract
2026-09-05T04:44:02.7704261Z 
2026-09-05T04:44:02.7704488Z 100% tests passed, 0 tests failed out of 1
2026-09-05T04:44:02.7704841Z 
2026-09-05T04:44:02.7704963Z Total Test time (real) =   0.30 sec
2026-09-05T04:44:02.9050949Z ##[group]Run ctest --test-dir build --verbose --output-on-failure -R '^mult2_pair_(add|sub)_input_hybrid_complex$'
2026-09-05T04:44:02.9051794Z [36;1mctest --test-dir build --verbose --output-on-failure -R '^mult2_pair_(add|sub)_input_hybrid_complex$'[0m
2026-09-05T04:44:02.9086839Z shell: /usr/bin/bash -e {0}
2026-09-05T04:44:02.9087079Z env:
2026-09-05T04:44:02.9087335Z   OPENFHE_COMMIT: df495ba2e91739a6dc8f1de254fc5a41155ce504
2026-09-05T04:44:02.9087770Z   OPENFHE_PREFIX: /home/runner/work/20231788./20231788./.ci/openfhe-install
2026-09-05T04:44:02.9088133Z ##[endgroup]
2026-09-05T04:44:02.9158081Z Internal ctest changing into directory: /home/runner/work/20231788./20231788./build
2026-09-05T04:44:02.9159151Z UpdateCTestConfiguration  from :/home/runner/work/20231788./20231788./build/DartConfiguration.tcl
2026-09-05T04:44:02.9160596Z UpdateCTestConfiguration  from :/home/runner/work/20231788./20231788./build/DartConfiguration.tcl
2026-09-05T04:44:02.9161594Z Test project /home/runner/work/20231788./20231788./build
2026-09-05T04:44:02.9162141Z Constructing a list of tests
2026-09-05T04:44:02.9171139Z Done constructing a list of tests
2026-09-05T04:44:02.9171719Z Updating test list for fixtures
2026-09-05T04:44:02.9172209Z Added 0 tests to meet fixture requirements
2026-09-05T04:44:02.9172768Z Checking test dependency graph...
2026-09-05T04:44:02.9173354Z Checking test dependency graph end
2026-09-05T04:44:02.9173810Z test 56
2026-09-05T04:44:02.9174440Z     Start 56: mult2_pair_add_input_hybrid_complex
2026-09-05T04:44:02.9174808Z 
2026-09-05T04:44:02.9175389Z 56: Test command: /home/runner/work/20231788./20231788./build/mult2_e2e_oracle_test "pair_add_input_hybrid_complex"
2026-09-05T04:44:02.9176394Z 56: Working Directory: /home/runner/work/20231788./20231788./build
2026-09-05T04:44:02.9177033Z 56: Test timeout computed to be: 10000000
2026-09-05T04:44:03.0113998Z 56: [RELIN2-EXECUTION] q_div=1073741953 q_l=1073741441 ordinary_combined_relin_execution_error=10 pair_relin_execution_error=21 high_path_relin_error=12 low_path_relin_error=13 execution_relin2_triangle_bound=25 paper_additivity_residual=15 paper_additivity_execution_observed=true secret_h=41 input_Q_l=52656049226897061758347970843194892279389197066160739197584863617 oracle_basis_agreement=true
2026-09-05T04:44:03.0122902Z 56: case=pair_add_input_hybrid_complex security_level=HEStd_NotSet(functional-only) key_switch=HYBRID secret_key_dist=UNIFORM_TERNARY ckks_data_type=COMPLEX selected_ring_dimension=64 actual_N=64 batch_size=16 host_vector_length=8 encoding_noise_scale_degree=2 encoding_level=0 scaling_technique=FIXEDMANUAL digit_size=0 max_relin_sk_deg=2 scaling_mod_size=30 first_mod_size=35 multiplicative_depth=7 active_Q_l_towers=7 Q_l_bits=215 preselection_required_bits=174 selection_reserve_bits=32 q_div=1073741953 q_l=1073741441 ratio_2^(2p)/(q_div*q_l)=1.00000023655603276 descriptor_ratio=1.00000023655603276 M_high=89261193 M_low=6442451687 secret_h=41 ordinary_combined_relin_execution_error=10 pair_relin_execution_error=21 high_path_relin_error=12 low_path_relin_error=13 execution_relin2_triangle_bound=25 paper_additivity_residual=15 paper_additivity_execution_observed=true execution_certificate=PER_PATH_CONDITIONAL conservative_E_Relin_available=false universal_theorem_gate=UNPROVED execution_nonwrap_left=587902423630659337574487637937373209 execution_nonwrap_right_Q_l_over_2=26328024613448530879173985421597446139694598533080369598792431808 coefficient_error=144646735164172350892/1152921231876374273 execution_bound=5361086210426625501148/2305842463752748546 fixed_key_bv_bound_available=false frozen_decoded_abs_tolerance=0.00100000000000000002 measured_recorded_bias_error=6.60321833454104028e-10 measured_logical_slot_error=6.6032167725103376e-10
2026-09-05T04:44:03.0128194Z 1/2 Test #56: mult2_pair_add_input_hybrid_complex ...   Passed    0.09 sec
2026-09-05T04:44:03.0128555Z test 57
2026-09-05T04:44:03.0128779Z     Start 57: mult2_pair_sub_input_hybrid_complex
2026-09-05T04:44:03.0128986Z 
2026-09-05T04:44:03.0129549Z 57: Test command: /home/runner/work/20231788./20231788./build/mult2_e2e_oracle_test "pair_sub_input_hybrid_complex"
2026-09-05T04:44:03.0130149Z 57: Working Directory: /home/runner/work/20231788./20231788./build
2026-09-05T04:44:03.0130755Z 57: Test timeout computed to be: 10000000
2026-09-05T04:44:03.1135490Z 57: [RELIN2-EXECUTION] q_div=1073741953 q_l=1073741441 ordinary_combined_relin_execution_error=20 pair_relin_execution_error=36 high_path_relin_error=18 low_path_relin_error=19 execution_relin2_triangle_bound=37 paper_additivity_residual=24 paper_additivity_execution_observed=true secret_h=35 input_Q_l=52656049226897061758347970843194892279389197066160739197584863617 oracle_basis_agreement=true
2026-09-05T04:44:03.1143233Z 57: case=pair_sub_input_hybrid_complex security_level=HEStd_NotSet(functional-only) key_switch=HYBRID secret_key_dist=UNIFORM_TERNARY ckks_data_type=COMPLEX selected_ring_dimension=64 actual_N=64 batch_size=16 host_vector_length=8 encoding_noise_scale_degree=2 encoding_level=0 scaling_technique=FIXEDMANUAL digit_size=0 max_relin_sk_deg=2 scaling_mod_size=30 first_mod_size=35 multiplicative_depth=7 active_Q_l_towers=7 Q_l_bits=215 preselection_required_bits=174 selection_reserve_bits=32 q_div=1073741953 q_l=1073741441 ratio_2^(2p)/(q_div*q_l)=1.00000023655603276 descriptor_ratio=1.00000023655603276 M_high=89261192 M_low=7927550130 secret_h=35 ordinary_combined_relin_execution_error=20 pair_relin_execution_error=36 high_path_relin_error=18 low_path_relin_error=19 execution_relin2_triangle_bound=37 paper_additivity_residual=24 paper_additivity_execution_observed=true execution_certificate=PER_PATH_CONDITIONAL conservative_E_Relin_available=false universal_theorem_gate=UNPROVED execution_nonwrap_left=587902428677167295838985076765903141 execution_nonwrap_right_Q_l_over_2=26328024613448530879173985421597446139694598533080369598792431808 coefficient_error=154858093840126874981/1152921231876374273 execution_bound=8085799700575872541550/2305842463752748546 fixed_key_bv_bound_available=false frozen_decoded_abs_tolerance=0.00100000000000000002 measured_recorded_bias_error=8.52649148600210211e-10 measured_logical_slot_error=8.52648945556375848e-10
2026-09-05T04:44:03.1150694Z 2/2 Test #57: mult2_pair_sub_input_hybrid_complex ...   Passed    0.10 sec
2026-09-05T04:44:03.1151106Z 
2026-09-05T04:44:03.1151205Z The following tests passed:
2026-09-05T04:44:03.1151465Z 	mult2_pair_add_input_hybrid_complex
2026-09-05T04:44:03.1151730Z 	mult2_pair_sub_input_hybrid_complex
2026-09-05T04:44:03.1151911Z 
2026-09-05T04:44:03.1152017Z 100% tests passed, 0 tests failed out of 2
2026-09-05T04:44:03.1152207Z 
2026-09-05T04:44:03.1152298Z Total Test time (real) =   0.20 sec
2026-09-05T04:44:03.1191620Z ##[group]Run ctest --test-dir build --verbose --output-on-failure -E '^paper_h128_client_keypair_contract$'
2026-09-05T04:44:03.1192376Z [36;1mctest --test-dir build --verbose --output-on-failure -E '^paper_h128_client_keypair_contract$'[0m
2026-09-05T04:44:03.1226850Z shell: /usr/bin/bash -e {0}
2026-09-05T04:44:03.1227102Z env:
2026-09-05T04:44:03.1227400Z   OPENFHE_COMMIT: df495ba2e91739a6dc8f1de254fc5a41155ce504
2026-09-05T04:44:03.1227841Z   OPENFHE_PREFIX: /home/runner/work/20231788./20231788./.ci/openfhe-install
2026-09-05T04:44:03.1228212Z ##[endgroup]
2026-09-05T04:44:03.1296083Z Internal ctest changing into directory: /home/runner/work/20231788./20231788./build
2026-09-05T04:44:03.1296908Z UpdateCTestConfiguration  from :/home/runner/work/20231788./20231788./build/DartConfiguration.tcl
2026-09-05T04:44:03.1297759Z UpdateCTestConfiguration  from :/home/runner/work/20231788./20231788./build/DartConfiguration.tcl
2026-09-05T04:44:03.1298352Z Test project /home/runner/work/20231788./20231788./build
2026-09-05T04:44:03.1298692Z Constructing a list of tests
2026-09-05T04:44:03.1306903Z Done constructing a list of tests
2026-09-05T04:44:03.1307758Z Updating test list for fixtures
2026-09-05T04:44:03.1308274Z Added 0 tests to meet fixture requirements
2026-09-05T04:44:03.1309358Z Checking test dependency graph...
2026-09-05T04:44:03.1309837Z Checking test dependency graph end
2026-09-05T04:44:03.1310304Z test 1
2026-09-05T04:44:03.1310938Z       Start  1: dcp_rcb
2026-09-05T04:44:03.1311180Z 
2026-09-05T04:44:03.1311503Z 1: Test command: /home/runner/work/20231788./20231788./build/dcp_rcb_test
2026-09-05T04:44:03.1312265Z 1: Working Directory: /home/runner/work/20231788./20231788./build
2026-09-05T04:44:03.1312832Z 1: Test timeout computed to be: 10000000
2026-09-05T04:44:03.1504315Z 1: DCP/RCB independent-oracle tests passed
2026-09-05T04:44:03.1508330Z  1/57 Test  #1: dcp_rcb .........................................   Passed    0.02 sec
2026-09-05T04:44:03.1510222Z test 2
2026-09-05T04:44:03.1510778Z       Start  2: precision_dcp_rcb_high_precision_contract
2026-09-05T04:44:03.1511048Z 
2026-09-05T04:44:03.1511309Z 2: Test command: /home/runner/work/20231788./20231788./build/precision_dcp_rcb_contract_test
2026-09-05T04:44:03.1511901Z 2: Working Directory: /home/runner/work/20231788./20231788./build
2026-09-05T04:44:03.1512285Z 2: Test timeout computed to be: 10000000
2026-09-05T04:44:03.2063779Z 2: test=precision_dcp_rcb_high_precision_contract trial=0 security_level=HEStd_NotSet(functional-diagnostic-only) key_switch=HYBRID ckks_data_type=COMPLEX N=64 batch=16 depth=7 scaling_mod_size=50 first_mod_size=55 scale_bits=100 q_div=1125899906843009 active_modulus_bits=356 maximum_coefficient_bits=98 approximate_headroom_bits=258 delta_error=2.6469257612604820908577368196531778246087e-28 max_slot_error=4.2842470932345697705788986400765935361086e-28
2026-09-05T04:44:03.2068103Z 2: test=precision_dcp_rcb_high_precision_contract trial=1 security_level=HEStd_NotSet(functional-diagnostic-only) key_switch=HYBRID ckks_data_type=COMPLEX N=64 batch=16 depth=7 scaling_mod_size=50 first_mod_size=55 scale_bits=100 q_div=1125899906843009 active_modulus_bits=356 maximum_coefficient_bits=98 approximate_headroom_bits=258 delta_error=5.3864496074321954021579609368523531027724e-29 max_slot_error=2.8796074192723399386253462667663663921862e-28
2026-09-05T04:44:03.2072457Z 2: test=precision_dcp_rcb_high_precision_contract trial=2 security_level=HEStd_NotSet(functional-diagnostic-only) key_switch=HYBRID ckks_data_type=COMPLEX N=64 batch=16 depth=7 scaling_mod_size=50 first_mod_size=55 scale_bits=100 q_div=1125899906843009 active_modulus_bits=356 maximum_coefficient_bits=98 approximate_headroom_bits=258 delta_error=1.1124951159709219648821809858277220298851e-28 max_slot_error=4.4759910280550457934736011665598612135729e-28
2026-09-05T04:44:03.2075616Z 2: test=precision_dcp_rcb_high_precision_contract trial=3 security_level=HEStd_NotSet(functional-diagnostic-only) key_switch=HYBRID ckks_data_type=COMPLEX N=64 batch=16 depth=7 scaling_mod_size=50 first_mod_size=55 scale_bits=100 q_div=1125899906843009 active_modulus_bits=356 maximum_coefficient_bits=98 approximate_headroom_bits=258 delta_error=2.9258508687281880880988090115332450325142e-28 max_slot_error=4.7091573086768313530029200334691470448047e-28
2026-09-05T04:44:03.2077270Z 2: precision_dcp_rcb_high_precision_contract=PASS
2026-09-05T04:44:03.2077712Z  2/57 Test  #2: precision_dcp_rcb_high_precision_contract .......   Passed    0.06 sec
2026-09-05T04:44:03.2078113Z test 3
2026-09-05T04:44:03.2078372Z       Start  3: precision_first_mult2_high_precision_contract
2026-09-05T04:44:03.2078607Z 
2026-09-05T04:44:03.2078882Z 3: Test command: /home/runner/work/20231788./20231788./build/precision_first_mult2_contract_test
2026-09-05T04:44:03.2079399Z 3: Working Directory: /home/runner/work/20231788./20231788./build
2026-09-05T04:44:03.2079753Z 3: Test timeout computed to be: 10000000
2026-09-05T04:44:03.4107858Z 3: test=precision_first_mult2_high_precision_contract trial=0 claim_scope=first-Mult2-diagnostic-only security_level=HEStd_NotSet(diagnostic-only) key_switch=HYBRID ckks_data_type=COMPLEX N=64 batch=16 depth=7 scaling_mod_size=50 first_mod_size=55 input_scale_numerator=2^100 final_logical_scale_numerator=2^200 final_logical_scale_denominator=1267650600226646386227681786497 q_div=1125899906843009 q_l=1125899906840833 input_product_centered_headroom_bits=160 output_centered_headroom_bits=210 coefficient_error_numerator=91892471881572035432458454171340 coefficient_error_denominator=1267650600226646386227681786497 frozen_abs_tolerance=2^-80 product_delta_error=8.6880522840239898986418108283392624810425e-29 max_slot_error=2.6937530675454613835623351587839296944585e-28
2026-09-05T04:44:03.4115318Z 3: test=precision_first_mult2_high_precision_contract trial=1 claim_scope=first-Mult2-diagnostic-only security_level=HEStd_NotSet(diagnostic-only) key_switch=HYBRID ckks_data_type=COMPLEX N=64 batch=16 depth=7 scaling_mod_size=50 first_mod_size=55 input_scale_numerator=2^100 final_logical_scale_numerator=2^200 final_logical_scale_denominator=1267650600226646386227681786497 q_div=1125899906843009 q_l=1125899906840833 input_product_centered_headroom_bits=160 output_centered_headroom_bits=210 coefficient_error_numerator=101936496937422378587895113502623 coefficient_error_denominator=1267650600226646386227681786497 frozen_abs_tolerance=2^-80 product_delta_error=5.9806014365106693120351284554152155002962e-28 max_slot_error=6.5761255635765856889291712299057902419235e-28
2026-09-05T04:44:03.4121426Z 3: test=precision_first_mult2_high_precision_contract trial=2 claim_scope=first-Mult2-diagnostic-only security_level=HEStd_NotSet(diagnostic-only) key_switch=HYBRID ckks_data_type=COMPLEX N=64 batch=16 depth=7 scaling_mod_size=50 first_mod_size=55 input_scale_numerator=2^100 final_logical_scale_numerator=2^200 final_logical_scale_denominator=1267650600226646386227681786497 q_div=1125899906843009 q_l=1125899906840833 input_product_centered_headroom_bits=160 output_centered_headroom_bits=210 coefficient_error_numerator=76240859950641975428064701565961 coefficient_error_denominator=1267650600226646386227681786497 frozen_abs_tolerance=2^-80 product_delta_error=1.5757320015207413191165301674248952048576e-28 max_slot_error=4.3100284603491768329790111423322658186434e-28
2026-09-05T04:44:03.4126783Z 3: test=precision_first_mult2_high_precision_contract trial=3 claim_scope=first-Mult2-diagnostic-only security_level=HEStd_NotSet(diagnostic-only) key_switch=HYBRID ckks_data_type=COMPLEX N=64 batch=16 depth=7 scaling_mod_size=50 first_mod_size=55 input_scale_numerator=2^100 final_logical_scale_numerator=2^200 final_logical_scale_denominator=1267650600226646386227681786497 q_div=1125899906843009 q_l=1125899906840833 input_product_centered_headroom_bits=160 output_centered_headroom_bits=210 coefficient_error_numerator=87798881245479713488007239429530 coefficient_error_denominator=1267650600226646386227681786497 frozen_abs_tolerance=2^-80 product_delta_error=1.2439603808863246263561596413396715730492e-28 max_slot_error=4.2043409951203490051095184769453388779815e-28
2026-09-05T04:44:03.4129501Z 3: precision_first_mult2_high_precision_contract=PASS
2026-09-05T04:44:03.4129952Z  3/57 Test  #3: precision_first_mult2_high_precision_contract ...   Passed    0.20 sec
2026-09-05T04:44:03.4130573Z test 4
2026-09-05T04:44:03.4130792Z       Start  4: pair_add_runtime_behavior
2026-09-05T04:44:03.4130980Z 
2026-09-05T04:44:03.4131171Z 4: Test command: /home/runner/work/20231788./20231788./build/pair_add_test
2026-09-05T04:44:03.4131607Z 4: Working Directory: /home/runner/work/20231788./20231788./build
2026-09-05T04:44:03.4131955Z 4: Test timeout computed to be: 10000000
2026-09-05T04:44:03.4154763Z 4: pair Add runtime behavior passed
2026-09-05T04:44:03.4158470Z  4/57 Test  #4: pair_add_runtime_behavior .......................   Passed    0.00 sec
2026-09-05T04:44:03.4159685Z test 5
2026-09-05T04:44:03.4160046Z       Start  5: pair_sub_runtime_behavior
2026-09-05T04:44:03.4160570Z 
2026-09-05T04:44:03.4160901Z 5: Test command: /home/runner/work/20231788./20231788./build/pair_sub_test
2026-09-05T04:44:03.4161736Z 5: Working Directory: /home/runner/work/20231788./20231788./build
2026-09-05T04:44:03.4162344Z 5: Test timeout computed to be: 10000000
2026-09-05T04:44:03.4202473Z 5: pair Sub runtime behavior passed
2026-09-05T04:44:03.4206424Z  5/57 Test  #5: pair_sub_runtime_behavior .......................   Passed    0.00 sec
2026-09-05T04:44:03.4207716Z test 6
2026-09-05T04:44:03.4208099Z       Start  6: pair_arithmetic_controlled_oracle
2026-09-05T04:44:03.4208457Z 
2026-09-05T04:44:03.4208982Z 6: Test command: /home/runner/work/20231788./20231788./build/pair_arithmetic_test "controlled_oracle"
2026-09-05T04:44:03.4209942Z 6: Working Directory: /home/runner/work/20231788./20231788./build
2026-09-05T04:44:03.4210730Z 6: Test timeout computed to be: 10000000
2026-09-05T04:44:03.4586311Z 6: pair-arithmetic case passed: controlled_oracle
2026-09-05T04:44:03.4590184Z  6/57 Test  #6: pair_arithmetic_controlled_oracle ...............   Passed    0.04 sec
2026-09-05T04:44:03.4591807Z test 7
2026-09-05T04:44:03.4592228Z       Start  7: pair_arithmetic_public_lifecycles_keyless
2026-09-05T04:44:03.4592625Z 
2026-09-05T04:44:03.4593216Z 7: Test command: /home/runner/work/20231788./20231788./build/pair_arithmetic_test "public_lifecycles_keyless"
2026-09-05T04:44:03.4594208Z 7: Working Directory: /home/runner/work/20231788./20231788./build
2026-09-05T04:44:03.4594795Z 7: Test timeout computed to be: 10000000
2026-09-05T04:44:03.5383933Z 7: pair-arithmetic case passed: public_lifecycles_keyless
2026-09-05T04:44:03.5387801Z  7/57 Test  #7: pair_arithmetic_public_lifecycles_keyless .......   Passed    0.08 sec
2026-09-05T04:44:03.5389211Z test 8
2026-09-05T04:44:03.5389624Z       Start  8: pair_arithmetic_compatibility_rejections
2026-09-05T04:44:03.5390504Z 
2026-09-05T04:44:03.5391106Z 8: Test command: /home/runner/work/20231788./20231788./build/pair_arithmetic_test "compatibility_rejections"
2026-09-05T04:44:03.5391936Z 8: Working Directory: /home/runner/work/20231788./20231788./build
2026-09-05T04:44:03.5392306Z 8: Test timeout computed to be: 10000000
2026-09-05T04:44:03.5541415Z 8: pair-arithmetic case passed: compatibility_rejections
2026-09-05T04:44:03.5545885Z  8/57 Test  #8: pair_arithmetic_compatibility_rejections ........   Passed    0.02 sec
2026-09-05T04:44:03.5547111Z test 9
2026-09-05T04:44:03.5547582Z       Start  9: tensor2_valid_arithmetic_immutability
2026-09-05T04:44:03.5548024Z 
2026-09-05T04:44:03.5548663Z 9: Test command: /home/runner/work/20231788./20231788./build/tensor2_test "valid_arithmetic_immutability"
2026-09-05T04:44:03.5549471Z 9: Working Directory: /home/runner/work/20231788./20231788./build
2026-09-05T04:44:03.5549900Z 9: Test timeout computed to be: 10000000
2026-09-05T04:44:03.5619518Z 9: Tensor2 case passed: valid_arithmetic_immutability
2026-09-05T04:44:03.5623707Z  9/57 Test  #9: tensor2_valid_arithmetic_immutability ...........   Passed    0.01 sec
2026-09-05T04:44:03.5624965Z test 10
2026-09-05T04:44:03.5625534Z       Start 10: tensor2_result_scale_contract
2026-09-05T04:44:03.5625871Z 
2026-09-05T04:44:03.5626305Z 10: Test command: /home/runner/work/20231788./20231788./build/tensor2_test "result_scale_contract"
2026-09-05T04:44:03.5626866Z 10: Working Directory: /home/runner/work/20231788./20231788./build
2026-09-05T04:44:03.5627231Z 10: Test timeout computed to be: 10000000
2026-09-05T04:44:03.5665901Z 10: Tensor2 case passed: result_scale_contract
2026-09-05T04:44:03.5669457Z 10/57 Test #10: tensor2_result_scale_contract ...................   Passed    0.00 sec
2026-09-05T04:44:03.5671547Z test 11
2026-09-05T04:44:03.5671944Z       Start 11: tensor2_right_input_validation
2026-09-05T04:44:03.5672188Z 
2026-09-05T04:44:03.5672476Z 11: Test command: /home/runner/work/20231788./20231788./build/tensor2_test "right_input_validation"
2026-09-05T04:44:03.5673112Z 11: Working Directory: /home/runner/work/20231788./20231788./build
2026-09-05T04:44:03.5673480Z 11: Test timeout computed to be: 10000000
2026-09-05T04:44:03.5712156Z 11: Tensor2 case passed: right_input_validation
2026-09-05T04:44:03.5716417Z 11/57 Test #11: tensor2_right_input_validation ..................   Passed    0.00 sec
2026-09-05T04:44:03.5717645Z test 12
2026-09-05T04:44:03.5717998Z       Start 12: tensor2_mutual_compatibility
2026-09-05T04:44:03.5718352Z 
2026-09-05T04:44:03.5718844Z 12: Test command: /home/runner/work/20231788./20231788./build/tensor2_test "mutual_compatibility"
2026-09-05T04:44:03.5719793Z 12: Working Directory: /home/runner/work/20231788./20231788./build
2026-09-05T04:44:03.5720617Z 12: Test timeout computed to be: 10000000
2026-09-05T04:44:03.5758042Z 12: Tensor2 case passed: mutual_compatibility
2026-09-05T04:44:03.5762176Z 12/57 Test #12: tensor2_mutual_compatibility ....................   Passed    0.00 sec
2026-09-05T04:44:03.5763495Z test 13
2026-09-05T04:44:03.5763903Z       Start 13: tensor2_prearithmetic_key_compatibility
2026-09-05T04:44:03.5764297Z 
2026-09-05T04:44:03.5764903Z 13: Test command: /home/runner/work/20231788./20231788./build/tensor2_test "prearithmetic_key_compatibility"
2026-09-05T04:44:03.5765900Z 13: Working Directory: /home/runner/work/20231788./20231788./build
2026-09-05T04:44:03.5766497Z 13: Test timeout computed to be: 10000000
2026-09-05T04:44:03.5804762Z 13: Tensor2 case passed: prearithmetic_key_compatibility
2026-09-05T04:44:03.5808329Z 13/57 Test #13: tensor2_prearithmetic_key_compatibility .........   Passed    0.00 sec
2026-09-05T04:44:03.5809984Z test 14
2026-09-05T04:44:03.5811307Z       Start 14: relin2_tensor_validation_order
2026-09-05T04:44:03.5811808Z 
2026-09-05T04:44:03.5812592Z 14: Test command: /home/runner/work/20231788./20231788./build/relin2_test "tensor_validation_order"
2026-09-05T04:44:03.5813254Z 14: Working Directory: /home/runner/work/20231788./20231788./build
2026-09-05T04:44:03.5814025Z 14: Test timeout computed to be: 10000000
2026-09-05T04:44:03.5853224Z 14: Relin2 case passed: tensor_validation_order
2026-09-05T04:44:03.5857021Z 14/57 Test #14: relin2_tensor_validation_order ..................   Passed    0.00 sec
2026-09-05T04:44:03.5858488Z test 15
2026-09-05T04:44:03.5858907Z       Start 15: relin2_insufficient_active_basis
2026-09-05T04:44:03.5859292Z 
2026-09-05T04:44:03.5859850Z 15: Test command: /home/runner/work/20231788./20231788./build/relin2_test "insufficient_active_basis"
2026-09-05T04:44:03.5861085Z 15: Working Directory: /home/runner/work/20231788./20231788./build
2026-09-05T04:44:03.5861496Z 15: Test timeout computed to be: 10000000
2026-09-05T04:44:03.5898734Z 15: Relin2 case passed: insufficient_active_basis
2026-09-05T04:44:03.5902858Z 15/57 Test #15: relin2_insufficient_active_basis ................   Passed    0.00 sec
2026-09-05T04:44:03.5904660Z test 16
2026-09-05T04:44:03.5905107Z       Start 16: relin2_missing_eval_key
2026-09-05T04:44:03.5905334Z 
2026-09-05T04:44:03.5905592Z 16: Test command: /home/runner/work/20231788./20231788./build/relin2_test "missing_eval_key"
2026-09-05T04:44:03.5906622Z 16: Working Directory: /home/runner/work/20231788./20231788./build
2026-09-05T04:44:03.5907278Z 16: Test timeout computed to be: 10000000
2026-09-05T04:44:03.5946124Z 16: Relin2 case passed: missing_eval_key
2026-09-05T04:44:03.5949752Z 16/57 Test #16: relin2_missing_eval_key .........................   Passed    0.00 sec
2026-09-05T04:44:03.5951630Z test 17
2026-09-05T04:44:03.5951995Z       Start 17: relin2_key_empty
2026-09-05T04:44:03.5952293Z 
2026-09-05T04:44:03.5952660Z 17: Test command: /home/runner/work/20231788./20231788./build/relin2_test "key_empty"
2026-09-05T04:44:03.5953504Z 17: Working Directory: /home/runner/work/20231788./20231788./build
2026-09-05T04:44:03.5954149Z 17: Test timeout computed to be: 10000000
2026-09-05T04:44:03.5992476Z 17: Relin2 case passed: key_empty
2026-09-05T04:44:03.5996177Z 17/57 Test #17: relin2_key_empty ................................   Passed    0.00 sec
2026-09-05T04:44:03.5997878Z test 18
2026-09-05T04:44:03.5998255Z       Start 18: relin2_key_null_first
2026-09-05T04:44:03.5998585Z 
2026-09-05T04:44:03.5999041Z 18: Test command: /home/runner/work/20231788./20231788./build/relin2_test "key_null_first"
2026-09-05T04:44:03.5999759Z 18: Working Directory: /home/runner/work/20231788./20231788./build
2026-09-05T04:44:03.6000130Z 18: Test timeout computed to be: 10000000
2026-09-05T04:44:03.6038594Z 18: Relin2 case passed: key_null_first
2026-09-05T04:44:03.6042744Z 18/57 Test #18: relin2_key_null_first ...........................   Passed    0.00 sec
2026-09-05T04:44:03.6044131Z test 19
2026-09-05T04:44:03.6044510Z       Start 19: relin2_key_wrong_context
2026-09-05T04:44:03.6044848Z 
2026-09-05T04:44:03.6045300Z 19: Test command: /home/runner/work/20231788./20231788./build/relin2_test "key_wrong_context"
2026-09-05T04:44:03.6046233Z 19: Working Directory: /home/runner/work/20231788./20231788./build
2026-09-05T04:44:03.6046640Z 19: Test timeout computed to be: 10000000
2026-09-05T04:44:03.6094659Z 19: Relin2 case passed: key_wrong_context
2026-09-05T04:44:03.6101648Z 19/57 Test #19: relin2_key_wrong_context ........................   Passed    0.01 sec
2026-09-05T04:44:03.6102307Z test 20
2026-09-05T04:44:03.6102506Z       Start 20: relin2_key_wrong_tag
2026-09-05T04:44:03.6102688Z 
2026-09-05T04:44:03.6102924Z 20: Test command: /home/runner/work/20231788./20231788./build/relin2_test "key_wrong_tag"
2026-09-05T04:44:03.6103423Z 20: Working Directory: /home/runner/work/20231788./20231788./build
2026-09-05T04:44:03.6103777Z 20: Test timeout computed to be: 10000000
2026-09-05T04:44:03.6142326Z 20: Relin2 case passed: key_wrong_tag
2026-09-05T04:44:03.6146526Z 20/57 Test #20: relin2_key_wrong_tag ............................   Passed    0.00 sec
2026-09-05T04:44:03.6147712Z test 21
2026-09-05T04:44:03.6148057Z       Start 21: relin2_key_wrong_subtype
2026-09-05T04:44:03.6148382Z 
2026-09-05T04:44:03.6148815Z 21: Test command: /home/runner/work/20231788./20231788./build/relin2_test "key_wrong_subtype"
2026-09-05T04:44:03.6149773Z 21: Working Directory: /home/runner/work/20231788./20231788./build
2026-09-05T04:44:03.6150189Z 21: Test timeout computed to be: 10000000
2026-09-05T04:44:03.6244185Z 21: Relin2 case passed: key_wrong_subtype
2026-09-05T04:44:03.6248378Z 21/57 Test #21: relin2_key_wrong_subtype ........................   Passed    0.01 sec
2026-09-05T04:44:03.6249964Z test 22
2026-09-05T04:44:03.6250526Z       Start 22: relin2_key_hybrid_a_length
2026-09-05T04:44:03.6250805Z 
2026-09-05T04:44:03.6251111Z 22: Test command: /home/runner/work/20231788./20231788./build/relin2_test "key_hybrid_a_length"
2026-09-05T04:44:03.6251998Z 22: Working Directory: /home/runner/work/20231788./20231788./build
2026-09-05T04:44:03.6252639Z 22: Test timeout computed to be: 10000000
2026-09-05T04:44:03.6293298Z 22: Relin2 case passed: key_hybrid_a_length
2026-09-05T04:44:03.6296836Z 22/57 Test #22: relin2_key_hybrid_a_length ......................   Passed    0.00 sec
2026-09-05T04:44:03.6298526Z test 23
2026-09-05T04:44:03.6298881Z       Start 23: relin2_key_hybrid_b_length
2026-09-05T04:44:03.6299192Z 
2026-09-05T04:44:03.6299661Z 23: Test command: /home/runner/work/20231788./20231788./build/relin2_test "key_hybrid_b_length"
2026-09-05T04:44:03.6300834Z 23: Working Directory: /home/runner/work/20231788./20231788./build
2026-09-05T04:44:03.6301460Z 23: Test timeout computed to be: 10000000
2026-09-05T04:44:03.6341184Z 23: Relin2 case passed: key_hybrid_b_length
2026-09-05T04:44:03.6344913Z 23/57 Test #23: relin2_key_hybrid_b_length ......................   Passed    0.00 sec
2026-09-05T04:44:03.6346352Z test 24
2026-09-05T04:44:03.6346738Z       Start 24: relin2_key_hybrid_entry_basis
2026-09-05T04:44:03.6347107Z 
2026-09-05T04:44:03.6347627Z 24: Test command: /home/runner/work/20231788./20231788./build/relin2_test "key_hybrid_entry_basis"
2026-09-05T04:44:03.6348428Z 24: Working Directory: /home/runner/work/20231788./20231788./build
2026-09-05T04:44:03.6348815Z 24: Test timeout computed to be: 10000000
2026-09-05T04:44:03.6514498Z 24: Relin2 case passed: key_hybrid_entry_basis
2026-09-05T04:44:03.6518644Z 24/57 Test #24: relin2_key_hybrid_entry_basis ...................   Passed    0.02 sec
2026-09-05T04:44:03.6519717Z test 25
2026-09-05T04:44:03.6520101Z       Start 25: relin2_key_hybrid_entry_format
2026-09-05T04:44:03.6520657Z 
2026-09-05T04:44:03.6521184Z 25: Test command: /home/runner/work/20231788./20231788./build/relin2_test "key_hybrid_entry_format"
2026-09-05T04:44:03.6521865Z 25: Working Directory: /home/runner/work/20231788./20231788./build
2026-09-05T04:44:03.6522297Z 25: Test timeout computed to be: 10000000
2026-09-05T04:44:03.6615736Z 25: Relin2 case passed: key_hybrid_entry_format
2026-09-05T04:44:03.6619428Z 25/57 Test #25: relin2_key_hybrid_entry_format ..................   Passed    0.01 sec
2026-09-05T04:44:03.6620920Z test 26
2026-09-05T04:44:03.6621326Z       Start 26: relin2_key_bv_zero_digit_a_length
2026-09-05T04:44:03.6621720Z 
2026-09-05T04:44:03.6622262Z 26: Test command: /home/runner/work/20231788./20231788./build/relin2_test "key_bv_zero_digit_a_length"
2026-09-05T04:44:03.6623125Z 26: Working Directory: /home/runner/work/20231788./20231788./build
2026-09-05T04:44:03.6623513Z 26: Test timeout computed to be: 10000000
2026-09-05T04:44:03.6661314Z 26: Relin2 case passed: key_bv_zero_digit_a_length
2026-09-05T04:44:03.6665660Z 26/57 Test #26: relin2_key_bv_zero_digit_a_length ...............   Passed    0.00 sec
2026-09-05T04:44:03.6666842Z test 27
2026-09-05T04:44:03.6667228Z       Start 27: relin2_key_bv_zero_digit_b_length
2026-09-05T04:44:03.6667594Z 
2026-09-05T04:44:03.6668148Z 27: Test command: /home/runner/work/20231788./20231788./build/relin2_test "key_bv_zero_digit_b_length"
2026-09-05T04:44:03.6669100Z 27: Working Directory: /home/runner/work/20231788./20231788./build
2026-09-05T04:44:03.6669702Z 27: Test timeout computed to be: 10000000
2026-09-05T04:44:03.6707592Z 27: Relin2 case passed: key_bv_zero_digit_b_length
2026-09-05T04:44:03.6711820Z 27/57 Test #27: relin2_key_bv_zero_digit_b_length ...............   Passed    0.00 sec
2026-09-05T04:44:03.6713430Z test 28
2026-09-05T04:44:03.6713866Z       Start 28: relin2_key_bv_nonzero_digit_a_length
2026-09-05T04:44:03.6714270Z 
2026-09-05T04:44:03.6714801Z 28: Test command: /home/runner/work/20231788./20231788./build/relin2_test "key_bv_nonzero_digit_a_length"
2026-09-05T04:44:03.6715766Z 28: Working Directory: /home/runner/work/20231788./20231788./build
2026-09-05T04:44:03.6716153Z 28: Test timeout computed to be: 10000000
2026-09-05T04:44:03.6762001Z 28: Relin2 case passed: key_bv_nonzero_digit_a_length
2026-09-05T04:44:03.6766106Z 28/57 Test #28: relin2_key_bv_nonzero_digit_a_length ............   Passed    0.01 sec
2026-09-05T04:44:03.6767672Z test 29
2026-09-05T04:44:03.6768084Z       Start 29: relin2_key_bv_nonzero_digit_b_length
2026-09-05T04:44:03.6768335Z 
2026-09-05T04:44:03.6768641Z 29: Test command: /home/runner/work/20231788./20231788./build/relin2_test "key_bv_nonzero_digit_b_length"
2026-09-05T04:44:03.6769579Z 29: Working Directory: /home/runner/work/20231788./20231788./build
2026-09-05T04:44:03.6770203Z 29: Test timeout computed to be: 10000000
2026-09-05T04:44:03.6816143Z 29: Relin2 case passed: key_bv_nonzero_digit_b_length
2026-09-05T04:44:03.6819964Z 29/57 Test #29: relin2_key_bv_nonzero_digit_b_length ............   Passed    0.01 sec
2026-09-05T04:44:03.6821546Z test 30
2026-09-05T04:44:03.6821975Z       Start 30: relin2_key_bv_zero_digit_entry_basis
2026-09-05T04:44:03.6822366Z 
2026-09-05T04:44:03.6822937Z 30: Test command: /home/runner/work/20231788./20231788./build/relin2_test "key_bv_zero_digit_entry_basis"
2026-09-05T04:44:03.6823797Z 30: Working Directory: /home/runner/work/20231788./20231788./build
2026-09-05T04:44:03.6824192Z 30: Test timeout computed to be: 10000000
2026-09-05T04:44:03.6862858Z 30: Relin2 case passed: key_bv_zero_digit_entry_basis
2026-09-05T04:44:03.6867013Z 30/57 Test #30: relin2_key_bv_zero_digit_entry_basis ............   Passed    0.00 sec
2026-09-05T04:44:03.6868245Z test 31
2026-09-05T04:44:03.6868650Z       Start 31: relin2_key_bv_nonzero_digit_entry_basis
2026-09-05T04:44:03.6869040Z 
2026-09-05T04:44:03.6869641Z 31: Test command: /home/runner/work/20231788./20231788./build/relin2_test "key_bv_nonzero_digit_entry_basis"
2026-09-05T04:44:03.6870863Z 31: Working Directory: /home/runner/work/20231788./20231788./build
2026-09-05T04:44:03.6871481Z 31: Test timeout computed to be: 10000000
2026-09-05T04:44:03.6917227Z 31: Relin2 case passed: key_bv_nonzero_digit_entry_basis
2026-09-05T04:44:03.6921387Z 31/57 Test #31: relin2_key_bv_nonzero_digit_entry_basis .........   Passed    0.01 sec
2026-09-05T04:44:03.6922652Z test 32
2026-09-05T04:44:03.6923079Z       Start 32: relin2_key_bv_zero_digit_entry_format
2026-09-05T04:44:03.6923482Z 
2026-09-05T04:44:03.6924013Z 32: Test command: /home/runner/work/20231788./20231788./build/relin2_test "key_bv_zero_digit_entry_format"
2026-09-05T04:44:03.6925002Z 32: Working Directory: /home/runner/work/20231788./20231788./build
2026-09-05T04:44:03.6925398Z 32: Test timeout computed to be: 10000000
2026-09-05T04:44:03.6964513Z 32: Relin2 case passed: key_bv_zero_digit_entry_format
2026-09-05T04:44:03.6968357Z 32/57 Test #32: relin2_key_bv_zero_digit_entry_format ...........   Passed    0.00 sec
2026-09-05T04:44:03.6969617Z test 33
2026-09-05T04:44:03.6970019Z       Start 33: relin2_key_bv_nonzero_digit_entry_format
2026-09-05T04:44:03.6970633Z 
2026-09-05T04:44:03.6971221Z 33: Test command: /home/runner/work/20231788./20231788./build/relin2_test "key_bv_nonzero_digit_entry_format"
2026-09-05T04:44:03.6972247Z 33: Working Directory: /home/runner/work/20231788./20231788./build
2026-09-05T04:44:03.6972850Z 33: Test timeout computed to be: 10000000
2026-09-05T04:44:03.7019466Z 33: Relin2 case passed: key_bv_nonzero_digit_entry_format
2026-09-05T04:44:03.7023480Z 33/57 Test #33: relin2_key_bv_nonzero_digit_entry_format ........   Passed    0.01 sec
2026-09-05T04:44:03.7024934Z test 34
2026-09-05T04:44:03.7025615Z       Start 34: relin2_valid_arithmetic_state_immutability
2026-09-05T04:44:03.7026040Z 
2026-09-05T04:44:03.7026733Z 34: Test command: /home/runner/work/20231788./20231788./build/relin2_test "valid_arithmetic_state_immutability"
2026-09-05T04:44:03.7027386Z 34: Working Directory: /home/runner/work/20231788./20231788./build
2026-09-05T04:44:03.7027751Z 34: Test timeout computed to be: 10000000
2026-09-05T04:44:03.7798409Z 34: Relin2 case passed: valid_arithmetic_state_immutability
2026-09-05T04:44:03.7802685Z 34/57 Test #34: relin2_valid_arithmetic_state_immutability ......   Passed    0.08 sec
2026-09-05T04:44:03.7804508Z test 35
2026-09-05T04:44:03.7805027Z       Start 35: relin2_controlled_witnesses_and_boundaries
2026-09-05T04:44:03.7805279Z 
2026-09-05T04:44:03.7805614Z 35: Test command: /home/runner/work/20231788./20231788./build/relin2_test "controlled_witnesses_and_boundaries"
2026-09-05T04:44:03.7806581Z 35: Working Directory: /home/runner/work/20231788./20231788./build
2026-09-05T04:44:03.7807235Z 35: Test timeout computed to be: 10000000
2026-09-05T04:44:03.7860603Z 35: Relin2 case passed: controlled_witnesses_and_boundaries
2026-09-05T04:44:03.7864567Z 35/57 Test #35: relin2_controlled_witnesses_and_boundaries ......   Passed    0.01 sec
2026-09-05T04:44:03.7865963Z test 36
2026-09-05T04:44:03.7866323Z       Start 36: relin2_representative_public_input
2026-09-05T04:44:03.7866699Z 
2026-09-05T04:44:03.7867199Z 36: Test command: /home/runner/work/20231788./20231788./build/relin2_test "representative_public_input"
2026-09-05T04:44:03.7868230Z 36: Working Directory: /home/runner/work/20231788./20231788./build
2026-09-05T04:44:03.7868858Z 36: Test timeout computed to be: 10000000
2026-09-05T04:44:03.8075229Z 36: Relin2 case passed: representative_public_input
2026-09-05T04:44:03.8079120Z 36/57 Test #36: relin2_representative_public_input ..............   Passed    0.02 sec
2026-09-05T04:44:03.8080752Z test 37
2026-09-05T04:44:03.8081038Z       Start 37: relin2_key_extra_later_valid
2026-09-05T04:44:03.8081318Z 
2026-09-05T04:44:03.8081744Z 37: Test command: /home/runner/work/20231788./20231788./build/relin2_test "key_extra_later_valid"
2026-09-05T04:44:03.8082679Z 37: Working Directory: /home/runner/work/20231788./20231788./build
2026-09-05T04:44:03.8083049Z 37: Test timeout computed to be: 10000000
2026-09-05T04:44:03.8174556Z 37: Relin2 case passed: key_extra_later_valid
2026-09-05T04:44:03.8178729Z 37/57 Test #37: relin2_key_extra_later_valid ....................   Passed    0.01 sec
2026-09-05T04:44:03.8180210Z test 38
2026-09-05T04:44:03.8180858Z       Start 38: relin2_key_malformed_later_ignored
2026-09-05T04:44:03.8181230Z 
2026-09-05T04:44:03.8181759Z 38: Test command: /home/runner/work/20231788./20231788./build/relin2_test "key_malformed_later_ignored"
2026-09-05T04:44:03.8182579Z 38: Working Directory: /home/runner/work/20231788./20231788./build
2026-09-05T04:44:03.8182965Z 38: Test timeout computed to be: 10000000
2026-09-05T04:44:03.8494059Z 38: Relin2 case passed: key_malformed_later_ignored
2026-09-05T04:44:03.8497927Z 38/57 Test #38: relin2_key_malformed_later_ignored ..............   Passed    0.03 sec
2026-09-05T04:44:03.8499747Z test 39
2026-09-05T04:44:03.8500154Z       Start 39: relin2_hybrid_valid_shapes
2026-09-05T04:44:03.8500817Z 
2026-09-05T04:44:03.8501336Z 39: Test command: /home/runner/work/20231788./20231788./build/relin2_test "hybrid_valid_shapes"
2026-09-05T04:44:03.8502061Z 39: Working Directory: /home/runner/work/20231788./20231788./build
2026-09-05T04:44:03.8502440Z 39: Test timeout computed to be: 10000000
2026-09-05T04:44:03.8814011Z 39: Relin2 case passed: hybrid_valid_shapes
2026-09-05T04:44:03.8818264Z 39/57 Test #39: relin2_hybrid_valid_shapes ......................   Passed    0.03 sec
2026-09-05T04:44:03.8819722Z test 40
2026-09-05T04:44:03.8820122Z       Start 40: relin2_bv_zero_digit_valid_shapes
2026-09-05T04:44:03.8820727Z 
2026-09-05T04:44:03.8821203Z 40: Test command: /home/runner/work/20231788./20231788./build/relin2_test "bv_zero_digit_valid_shapes"
2026-09-05T04:44:03.8822020Z 40: Working Directory: /home/runner/work/20231788./20231788./build
2026-09-05T04:44:03.8822379Z 40: Test timeout computed to be: 10000000
2026-09-05T04:44:03.8875344Z 40: Relin2 case passed: bv_zero_digit_valid_shapes
2026-09-05T04:44:03.8880099Z 40/57 Test #40: relin2_bv_zero_digit_valid_shapes ...............   Passed    0.01 sec
2026-09-05T04:44:03.8881915Z test 41
2026-09-05T04:44:03.8882360Z       Start 41: relin2_bv_nonzero_digit_valid_shapes
2026-09-05T04:44:03.8882748Z 
2026-09-05T04:44:03.8883323Z 41: Test command: /home/runner/work/20231788./20231788./build/relin2_test "bv_nonzero_digit_valid_shapes"
2026-09-05T04:44:03.8884173Z 41: Working Directory: /home/runner/work/20231788./20231788./build
2026-09-05T04:44:03.8884548Z 41: Test timeout computed to be: 10000000
2026-09-05T04:44:03.8945073Z 41: Relin2 case passed: bv_nonzero_digit_valid_shapes
2026-09-05T04:44:03.8949358Z 41/57 Test #41: relin2_bv_nonzero_digit_valid_shapes ............   Passed    0.01 sec
2026-09-05T04:44:03.8950822Z test 42
2026-09-05T04:44:03.8951300Z       Start 42: relin2_first_recombined_rcb_validation
2026-09-05T04:44:03.8951696Z 
2026-09-05T04:44:03.8952467Z 42: Test command: /home/runner/work/20231788./20231788./build/relin2_test "first_recombined_rcb_validation"
2026-09-05T04:44:03.8953123Z 42: Working Directory: /home/runner/work/20231788./20231788./build
2026-09-05T04:44:03.8953482Z 42: Test timeout computed to be: 10000000
2026-09-05T04:44:03.8991976Z 42: Relin2 case passed: first_recombined_rcb_validation
2026-09-05T04:44:03.8995790Z 42/57 Test #42: relin2_first_recombined_rcb_validation ..........   Passed    0.00 sec
2026-09-05T04:44:03.8997350Z test 43
2026-09-05T04:44:03.8997807Z       Start 43: relin2_first_recombined_tensor2_validation
2026-09-05T04:44:03.8998218Z 
2026-09-05T04:44:03.8998828Z 43: Test command: /home/runner/work/20231788./20231788./build/relin2_test "first_recombined_tensor2_validation"
2026-09-05T04:44:03.8999682Z 43: Working Directory: /home/runner/work/20231788./20231788./build
2026-09-05T04:44:03.9000075Z 43: Test timeout computed to be: 10000000
2026-09-05T04:44:03.9039517Z 43: Relin2 case passed: first_recombined_tensor2_validation
2026-09-05T04:44:03.9044781Z 43/57 Test #43: relin2_first_recombined_tensor2_validation ......   Passed    0.00 sec
2026-09-05T04:44:03.9046279Z test 44
2026-09-05T04:44:03.9046722Z       Start 44: relin2_tensor2_requires_first_lifecycle
2026-09-05T04:44:03.9047116Z 
2026-09-05T04:44:03.9047723Z 44: Test command: /home/runner/work/20231788./20231788./build/relin2_test "tensor2_requires_first_lifecycle"
2026-09-05T04:44:03.9048474Z 44: Working Directory: /home/runner/work/20231788./20231788./build
2026-09-05T04:44:03.9048852Z 44: Test timeout computed to be: 10000000
2026-09-05T04:44:03.9098587Z 44: Relin2 case passed: tensor2_requires_first_lifecycle
2026-09-05T04:44:03.9103006Z 44/57 Test #44: relin2_tensor2_requires_first_lifecycle .........   Passed    0.01 sec
2026-09-05T04:44:03.9104353Z test 45
2026-09-05T04:44:03.9104708Z       Start 45: rs2_wrong_lifecycle
2026-09-05T04:44:03.9105011Z 
2026-09-05T04:44:03.9105447Z 45: Test command: /home/runner/work/20231788./20231788./build/rs2_test "wrong_lifecycle"
2026-09-05T04:44:03.9106331Z 45: Working Directory: /home/runner/work/20231788./20231788./build
2026-09-05T04:44:03.9106929Z 45: Test timeout computed to be: 10000000
2026-09-05T04:44:03.9144179Z 45: RS2 case passed: wrong_lifecycle
2026-09-05T04:44:03.9148022Z 45/57 Test #45: rs2_wrong_lifecycle .............................   Passed    0.00 sec
2026-09-05T04:44:03.9149816Z test 46
2026-09-05T04:44:03.9150281Z       Start 46: rs2_valid_arithmetic_state_immutability
2026-09-05T04:44:03.9150916Z 
2026-09-05T04:44:03.9151571Z 46: Test command: /home/runner/work/20231788./20231788./build/rs2_test "valid_arithmetic_state_immutability"
2026-09-05T04:44:03.9152571Z 46: Working Directory: /home/runner/work/20231788./20231788./build
2026-09-05T04:44:03.9153197Z 46: Test timeout computed to be: 10000000
2026-09-05T04:44:03.9283303Z 46: RS2 case passed: valid_arithmetic_state_immutability
2026-09-05T04:44:03.9287145Z 46/57 Test #46: rs2_valid_arithmetic_state_immutability .........   Passed    0.01 sec
2026-09-05T04:44:03.9288478Z test 47
2026-09-05T04:44:03.9288826Z       Start 47: rs2_mixed_tower_format
2026-09-05T04:44:03.9289142Z 
2026-09-05T04:44:03.9289598Z 47: Test command: /home/runner/work/20231788./20231788./build/rs2_test "mixed_tower_format"
2026-09-05T04:44:03.9290213Z 47: Working Directory: /home/runner/work/20231788./20231788./build
2026-09-05T04:44:03.9290882Z 47: Test timeout computed to be: 10000000
2026-09-05T04:44:03.9393933Z 47: RS2 case passed: mixed_tower_format
2026-09-05T04:44:03.9397768Z 47/57 Test #47: rs2_mixed_tower_format ..........................   Passed    0.01 sec
2026-09-05T04:44:03.9399609Z test 48
2026-09-05T04:44:03.9399887Z       Start 48: rs2_untouched_public_pipeline
2026-09-05T04:44:03.9400095Z 
2026-09-05T04:44:03.9400670Z 48: Test command: /home/runner/work/20231788./20231788./build/rs2_test "untouched_public_pipeline"
2026-09-05T04:44:03.9401304Z 48: Working Directory: /home/runner/work/20231788./20231788./build
2026-09-05T04:44:03.9401661Z 48: Test timeout computed to be: 10000000
2026-09-05T04:44:03.9631630Z 48: RS2 case passed: untouched_public_pipeline
2026-09-05T04:44:03.9635773Z 48/57 Test #48: rs2_untouched_public_pipeline ...................   Passed    0.02 sec
2026-09-05T04:44:03.9637345Z test 49
2026-09-05T04:44:03.9637733Z       Start 49: rs2_declared_basis_mismatch
2026-09-05T04:44:03.9638084Z 
2026-09-05T04:44:03.9638553Z 49: Test command: /home/runner/work/20231788./20231788./build/rs2_test "declared_basis_mismatch"
2026-09-05T04:44:03.9639425Z 49: Working Directory: /home/runner/work/20231788./20231788./build
2026-09-05T04:44:03.9639814Z 49: Test timeout computed to be: 10000000
2026-09-05T04:44:03.9705335Z 49: RS2 case passed: declared_basis_mismatch
2026-09-05T04:44:03.9708972Z 49/57 Test #49: rs2_declared_basis_mismatch .....................   Passed    0.01 sec
2026-09-05T04:44:03.9710956Z test 50
2026-09-05T04:44:03.9711300Z       Start 50: rs2_terminal_rejections
2026-09-05T04:44:03.9711519Z 
2026-09-05T04:44:03.9711788Z 50: Test command: /home/runner/work/20231788./20231788./build/rs2_test "terminal_rejections"
2026-09-05T04:44:03.9712352Z 50: Working Directory: /home/runner/work/20231788./20231788./build
2026-09-05T04:44:03.9712750Z 50: Test timeout computed to be: 10000000
2026-09-05T04:44:03.9874664Z 50: RS2 case passed: terminal_rejections
2026-09-05T04:44:03.9878764Z 50/57 Test #50: rs2_terminal_rejections .........................   Passed    0.02 sec
2026-09-05T04:44:03.9880052Z test 51
2026-09-05T04:44:03.9880632Z       Start 51: mult2_composition_contract
2026-09-05T04:44:03.9880989Z 
2026-09-05T04:44:03.9881492Z 51: Test command: /home/runner/work/20231788./20231788./build/mult2_test "composition_contract"
2026-09-05T04:44:03.9882162Z 51: Working Directory: /home/runner/work/20231788./20231788./build
2026-09-05T04:44:03.9882587Z 51: Test timeout computed to be: 10000000
2026-09-05T04:44:03.9941730Z 51: security_level=HEStd_NotSet(functional-only) ring_dimension=64 batch_size=16 scaling_mod_size=30 first_mod_size=35 multiplicative_depth=7 key_switch=HYBRID secret_key_dist=UNIFORM_TERNARY ckks_data_type=REAL active_Q_l_towers=7 q_div=1073741953 q_l=1073741441 ratio_2^(2p)/(q_div*q_l)=1.00000023655603276 frozen_decoded_abs_tolerance=0.00100000000000000002 measured_max_logical_slot_error=1.40025203704117717e-08
2026-09-05T04:44:03.9944222Z 51/57 Test #51: mult2_composition_contract ......................   Passed    0.01 sec
2026-09-05T04:44:03.9945620Z test 52
2026-09-05T04:44:03.9945956Z       Start 52: mult2_e2e_hybrid_real
2026-09-05T04:44:03.9946257Z 
2026-09-05T04:44:03.9946738Z 52: Test command: /home/runner/work/20231788./20231788./build/mult2_e2e_oracle_test "hybrid_real"
2026-09-05T04:44:03.9947336Z 52: Working Directory: /home/runner/work/20231788./20231788./build
2026-09-05T04:44:03.9947713Z 52: Test timeout computed to be: 10000000
2026-09-05T04:44:04.0780721Z 52: [RELIN2-EXECUTION] q_div=1073741953 q_l=1073741441 ordinary_combined_relin_execution_error=18 pair_relin_execution_error=34 high_path_relin_error=19 low_path_relin_error=15 execution_relin2_triangle_bound=34 paper_additivity_residual=17 paper_additivity_execution_observed=true secret_h=50 input_Q_l=52656049226897061758347970843194892279389197066160739197584863617 oracle_basis_agreement=true
2026-09-05T04:44:04.0788773Z 52: case=hybrid_real security_level=HEStd_NotSet(functional-only) key_switch=HYBRID secret_key_dist=UNIFORM_TERNARY ckks_data_type=REAL selected_ring_dimension=64 actual_N=64 batch_size=16 host_vector_length=8 encoding_noise_scale_degree=2 encoding_level=0 scaling_technique=FIXEDMANUAL digit_size=0 max_relin_sk_deg=2 scaling_mod_size=30 first_mod_size=35 multiplicative_depth=7 active_Q_l_towers=7 Q_l_bits=215 preselection_required_bits=174 selection_reserve_bits=32 q_div=1073741953 q_l=1073741441 ratio_2^(2p)/(q_div*q_l)=1.00000023655603276 descriptor_ratio=1.00000023655603276 M_high=107367071 M_low=5959116848 secret_h=50 ordinary_combined_relin_execution_error=18 pair_relin_execution_error=34 high_path_relin_error=19 low_path_relin_error=15 execution_relin2_triangle_bound=34 paper_additivity_residual=17 paper_additivity_execution_observed=true execution_certificate=PER_PATH_CONDITIONAL conservative_E_Relin_available=false universal_theorem_gate=UNPROVED execution_nonwrap_left=850593528719748746359745461649479778 execution_nonwrap_right_Q_l_over_2=26328024613448530879173985421597446139694598533080369598792431808 coefficient_error=161585379437545148507/1152921231876374273 execution_bound=4604216404737743794039/2305842463752748546 fixed_key_bv_bound_available=false frozen_decoded_abs_tolerance=0.00100000000000000002 measured_recorded_bias_error=9.72846442023465291e-09 measured_logical_slot_error=9.72846211890818038e-09
2026-09-05T04:44:04.0794787Z 52/57 Test #52: mult2_e2e_hybrid_real ...........................   Passed    0.08 sec
2026-09-05T04:44:04.0795174Z test 53
2026-09-05T04:44:04.0795370Z       Start 53: mult2_e2e_hybrid_complex
2026-09-05T04:44:04.0795564Z 
2026-09-05T04:44:04.0795853Z 53: Test command: /home/runner/work/20231788./20231788./build/mult2_e2e_oracle_test "hybrid_complex"
2026-09-05T04:44:04.0796387Z 53: Working Directory: /home/runner/work/20231788./20231788./build
2026-09-05T04:44:04.0796742Z 53: Test timeout computed to be: 10000000
2026-09-05T04:44:04.1881806Z 53: [RELIN2-EXECUTION] q_div=1073741953 q_l=1073741441 ordinary_combined_relin_execution_error=15 pair_relin_execution_error=23 high_path_relin_error=12 low_path_relin_error=12 execution_relin2_triangle_bound=24 paper_additivity_residual=19 paper_additivity_execution_observed=true secret_h=43 input_Q_l=52656049226897061758347970843194892279389197066160739197584863617 oracle_basis_agreement=true
2026-09-05T04:44:04.1888986Z 53: case=hybrid_complex security_level=HEStd_NotSet(functional-only) key_switch=HYBRID secret_key_dist=UNIFORM_TERNARY ckks_data_type=COMPLEX selected_ring_dimension=64 actual_N=64 batch_size=16 host_vector_length=8 encoding_noise_scale_degree=2 encoding_level=0 scaling_technique=FIXEDMANUAL digit_size=0 max_relin_sk_deg=2 scaling_mod_size=30 first_mod_size=35 multiplicative_depth=7 active_Q_l_towers=7 Q_l_bits=215 preselection_required_bits=174 selection_reserve_bits=32 q_div=1073741953 q_l=1073741441 ratio_2^(2p)/(q_div*q_l)=1.00000023655603276 descriptor_ratio=1.00000023655603276 M_high=88152833 M_low=6442451682 secret_h=43 ordinary_combined_relin_execution_error=15 pair_relin_execution_error=23 high_path_relin_error=12 low_path_relin_error=12 execution_relin2_triangle_bound=24 paper_additivity_residual=19 paper_additivity_execution_observed=true execution_certificate=PER_PATH_CONDITIONAL conservative_E_Relin_available=false universal_theorem_gate=UNPROVED execution_nonwrap_left=573393050718744666258022995982717528 execution_nonwrap_right_Q_l_over_2=26328024613448530879173985421597446139694598533080369598792431808 coefficient_error=118429587877792592025/1152921231876374273 execution_bound=5363392044641892609628/2305842463752748546 fixed_key_bv_bound_available=false frozen_decoded_abs_tolerance=0.00100000000000000002 measured_recorded_bias_error=1.32248410295343745e-09 measured_logical_slot_error=1.32248378986723161e-09
2026-09-05T04:44:04.1898821Z 53/57 Test #53: mult2_e2e_hybrid_complex ........................   Passed    0.11 sec
2026-09-05T04:44:04.1899512Z test 54
2026-09-05T04:44:04.1899840Z       Start 54: mult2_e2e_bv_real
2026-09-05T04:44:04.1900130Z 
2026-09-05T04:44:04.1900793Z 54: Test command: /home/runner/work/20231788./20231788./build/mult2_e2e_oracle_test "bv_real"
2026-09-05T04:44:04.1901689Z 54: Working Directory: /home/runner/work/20231788./20231788./build
2026-09-05T04:44:04.1902315Z 54: Test timeout computed to be: 10000000
2026-09-05T04:44:04.2661155Z 54: [RELIN2-EXECUTION] q_div=1073741953 q_l=1073741441 ordinary_combined_relin_execution_error=209977940775 pair_relin_execution_error=290325352788 high_path_relin_error=178153153341 low_path_relin_error=199097366153 execution_relin2_triangle_bound=377250519494 paper_additivity_residual=286689050771 paper_additivity_execution_observed=false secret_h=37 input_Q_l=52656049226897061758347970843194892279389197066160739197584863617 oracle_basis_agreement=true
2026-09-05T04:44:04.2673776Z 54: case=bv_real security_level=HEStd_NotSet(functional-only) key_switch=BV secret_key_dist=UNIFORM_TERNARY ckks_data_type=REAL selected_ring_dimension=64 actual_N=64 batch_size=16 host_vector_length=8 encoding_noise_scale_degree=2 encoding_level=0 scaling_technique=FIXEDMANUAL digit_size=0 max_relin_sk_deg=2 scaling_mod_size=30 first_mod_size=35 multiplicative_depth=7 active_Q_l_towers=7 Q_l_bits=215 preselection_required_bits=174 selection_reserve_bits=32 q_div=1073741953 q_l=1073741441 ratio_2^(2p)/(q_div*q_l)=1.00000023655603276 descriptor_ratio=1.00000023655603276 M_high=107367069 M_low=5435107347 secret_h=37 ordinary_combined_relin_execution_error=209977940775 pair_relin_execution_error=290325352788 high_path_relin_error=178153153341 low_path_relin_error=199097366153 execution_relin2_triangle_bound=377250519494 paper_additivity_residual=286689050771 paper_additivity_execution_observed=false execution_certificate=PER_PATH_CONDITIONAL conservative_E_Relin_available=false universal_theorem_gate=UNPROVED execution_nonwrap_left=850593489298069363662941903524747718 execution_nonwrap_right_Q_l_over_2=26328024613448530879173985421597446139694598533080369598792431808 coefficient_error=353379255301384722932/1152921231876374273 execution_bound=4635120585751718922290/2305842463752748546 fixed_key_bv_bound_available=true fixed_key_bv_bound_status=CANDIDATE_FIXED_KEY_CIPHERTEXT_UNIFORM_CONDITIONAL_ON_CENTERED_DIGIT_LIFT fixed_key_bv_noise_scale=1 fixed_key_bv_active_rows=7 fixed_key_bv_raised_high_q_div_digit=ZERO fixed_key_bv_row_residual_norms=2,3,3,3,3,3,3 fixed_key_bv_per_path_raw_bound=2817498247168 fixed_key_bv_pair_raw_bound=5634996494336 fixed_key_bv_integer_lift_nonwrap=true fixed_key_bv_conservative_nonwrap_left=850593489298069363662947161270722560 fixed_key_bv_conservative_bound=15926045448561194815142/2305842463752748546 fixed_key_bv_final_integer_lift=1701186978596154653371331613743271590<56539009134152591222370164266759140395695978104921302317938424343356224001 fixed_key_bv_unconditional_gaussian_key_bound=false fixed_key_bv_universal_theorem_gate=UNPROVED centered_digit_boundary_probe=PASSED frozen_decoded_abs_tolerance=0.00100000000000000002 measured_recorded_bias_error=1.26308890291415565e-08 measured_logical_slot_error=1.263088603153939e-08
2026-09-05T04:44:04.2682002Z 54/57 Test #54: mult2_e2e_bv_real ...............................   Passed    0.08 sec
2026-09-05T04:44:04.2682393Z test 55
2026-09-05T04:44:04.2682585Z       Start 55: mult2_e2e_bv_complex
2026-09-05T04:44:04.2682761Z 
2026-09-05T04:44:04.2683032Z 55: Test command: /home/runner/work/20231788./20231788./build/mult2_e2e_oracle_test "bv_complex"
2026-09-05T04:44:04.2683558Z 55: Working Directory: /home/runner/work/20231788./20231788./build
2026-09-05T04:44:04.2683913Z 55: Test timeout computed to be: 10000000
2026-09-05T04:44:04.3384420Z 55: [RELIN2-EXECUTION] q_div=1073741953 q_l=1073741441 ordinary_combined_relin_execution_error=219263820725 pair_relin_execution_error=316680665502 high_path_relin_error=147934192685 low_path_relin_error=198385324188 execution_relin2_triangle_bound=346319516873 paper_additivity_residual=303868938372 paper_additivity_execution_observed=false secret_h=45 input_Q_l=52656049226897061758347970843194892279389197066160739197584863617 oracle_basis_agreement=true
2026-09-05T04:44:04.3398188Z 55: case=bv_complex security_level=HEStd_NotSet(functional-only) key_switch=BV secret_key_dist=UNIFORM_TERNARY ckks_data_type=COMPLEX selected_ring_dimension=64 actual_N=64 batch_size=16 host_vector_length=8 encoding_noise_scale_degree=2 encoding_level=0 scaling_technique=FIXEDMANUAL digit_size=0 max_relin_sk_deg=2 scaling_mod_size=30 first_mod_size=35 multiplicative_depth=7 active_Q_l_towers=7 Q_l_bits=215 preselection_required_bits=174 selection_reserve_bits=32 q_div=1073741953 q_l=1073741441 ratio_2^(2p)/(q_div*q_l)=1.00000023655603276 descriptor_ratio=1.00000023655603276 M_high=88152837 M_low=6442451765 secret_h=45 ordinary_combined_relin_execution_error=219263820725 pair_relin_execution_error=316680665502 high_path_relin_error=147934192685 low_path_relin_error=198385324188 execution_relin2_triangle_bound=346319516873 paper_additivity_residual=303868938372 paper_additivity_execution_observed=false execution_certificate=PER_PATH_CONDITIONAL conservative_E_Relin_available=false universal_theorem_gate=UNPROVED execution_nonwrap_left=573393102755010888708177614705147337 execution_nonwrap_right_Q_l_over_2=26328024613448530879173985421597446139694598533080369598792431808 coefficient_error=391300629780662016022/1152921231876374273 execution_bound=6109413612761782911296/2305842463752748546 fixed_key_bv_bound_available=true fixed_key_bv_bound_status=CANDIDATE_FIXED_KEY_CIPHERTEXT_UNIFORM_CONDITIONAL_ON_CENTERED_DIGIT_LIFT fixed_key_bv_noise_scale=1 fixed_key_bv_active_rows=7 fixed_key_bv_raised_high_q_div_digit=ZERO fixed_key_bv_row_residual_norms=2,3,2,3,2,2,3 fixed_key_bv_per_path_raw_bound=2714419187712 fixed_key_bv_pair_raw_bound=5428838375424 fixed_key_bv_integer_lift_nonwrap=true fixed_key_bv_conservative_nonwrap_left=573393102755010888708182697224005888 fixed_key_bv_conservative_bound=17024041063441545891502/2305842463752748546 fixed_key_bv_final_integer_lift=1146786205510038801457417978317152430<56539009134152591222370164266759140395695978104921302317938424343356224001 fixed_key_bv_unconditional_gaussian_key_bound=false fixed_key_bv_universal_theorem_gate=UNPROVED centered_digit_boundary_probe=PASSED frozen_decoded_abs_tolerance=0.00100000000000000002 measured_recorded_bias_error=1.32248397685141508e-09 measured_logical_slot_error=1.32248366376524357e-09
2026-09-05T04:44:04.3406435Z 55/57 Test #55: mult2_e2e_bv_complex ............................   Passed    0.07 sec
2026-09-05T04:44:04.3406820Z test 56
2026-09-05T04:44:04.3407044Z       Start 56: mult2_pair_add_input_hybrid_complex
2026-09-05T04:44:04.3407275Z 
2026-09-05T04:44:04.3407616Z 56: Test command: /home/runner/work/20231788./20231788./build/mult2_e2e_oracle_test "pair_add_input_hybrid_complex"
2026-09-05T04:44:04.3408203Z 56: Working Directory: /home/runner/work/20231788./20231788./build
2026-09-05T04:44:04.3408562Z 56: Test timeout computed to be: 10000000
2026-09-05T04:44:04.4255968Z 56: [RELIN2-EXECUTION] q_div=1073741953 q_l=1073741441 ordinary_combined_relin_execution_error=15 pair_relin_execution_error=38 high_path_relin_error=21 low_path_relin_error=17 execution_relin2_triangle_bound=38 paper_additivity_residual=25 paper_additivity_execution_observed=true secret_h=47 input_Q_l=52656049226897061758347970843194892279389197066160739197584863617 oracle_basis_agreement=true
2026-09-05T04:44:04.4264732Z 56: case=pair_add_input_hybrid_complex security_level=HEStd_NotSet(functional-only) key_switch=HYBRID secret_key_dist=UNIFORM_TERNARY ckks_data_type=COMPLEX selected_ring_dimension=64 actual_N=64 batch_size=16 host_vector_length=8 encoding_noise_scale_degree=2 encoding_level=0 scaling_technique=FIXEDMANUAL digit_size=0 max_relin_sk_deg=2 scaling_mod_size=30 first_mod_size=35 multiplicative_depth=7 active_Q_l_towers=7 Q_l_bits=215 preselection_required_bits=174 selection_reserve_bits=32 q_div=1073741953 q_l=1073741441 ratio_2^(2p)/(q_div*q_l)=1.00000023655603276 descriptor_ratio=1.00000023655603276 M_high=89261194 M_low=7516193675 secret_h=47 ordinary_combined_relin_execution_error=15 pair_relin_execution_error=38 high_path_relin_error=21 low_path_relin_error=17 execution_relin2_triangle_bound=38 paper_additivity_residual=25 paper_additivity_execution_observed=true execution_certificate=PER_PATH_CONDITIONAL conservative_E_Relin_available=false universal_theorem_gate=UNPROVED execution_nonwrap_left=587902449975922291019382657338895974 execution_nonwrap_right_Q_l_over_2=26328024613448530879173985421597446139694598533080369598792431808 coefficient_error=96693340980355925752/1152921231876374273 execution_bound=7286465641305751073532/2305842463752748546 fixed_key_bv_bound_available=false frozen_decoded_abs_tolerance=0.00100000000000000002 measured_recorded_bias_error=6.60321852660436107e-10 measured_logical_slot_error=6.60321696457349813e-10
2026-09-05T04:44:04.4270296Z 56/57 Test #56: mult2_pair_add_input_hybrid_complex .............   Passed    0.09 sec
2026-09-05T04:44:04.4270946Z test 57
2026-09-05T04:44:04.4271173Z       Start 57: mult2_pair_sub_input_hybrid_complex
2026-09-05T04:44:04.4271389Z 
2026-09-05T04:44:04.4271737Z 57: Test command: /home/runner/work/20231788./20231788./build/mult2_e2e_oracle_test "pair_sub_input_hybrid_complex"
2026-09-05T04:44:04.4272323Z 57: Working Directory: /home/runner/work/20231788./20231788./build
2026-09-05T04:44:04.4272680Z 57: Test timeout computed to be: 10000000
2026-09-05T04:44:04.5276241Z 57: [RELIN2-EXECUTION] q_div=1073741953 q_l=1073741441 ordinary_combined_relin_execution_error=18 pair_relin_execution_error=32 high_path_relin_error=19 low_path_relin_error=17 execution_relin2_triangle_bound=36 paper_additivity_residual=20 paper_additivity_execution_observed=true secret_h=43 input_Q_l=52656049226897061758347970843194892279389197066160739197584863617 oracle_basis_agreement=true
2026-09-05T04:44:04.5287045Z 57: case=pair_sub_input_hybrid_complex security_level=HEStd_NotSet(functional-only) key_switch=HYBRID secret_key_dist=UNIFORM_TERNARY ckks_data_type=COMPLEX selected_ring_dimension=64 actual_N=64 batch_size=16 host_vector_length=8 encoding_noise_scale_degree=2 encoding_level=0 scaling_technique=FIXEDMANUAL digit_size=0 max_relin_sk_deg=2 scaling_mod_size=30 first_mod_size=35 multiplicative_depth=7 active_Q_l_towers=7 Q_l_bits=215 preselection_required_bits=174 selection_reserve_bits=32 q_div=1073741953 q_l=1073741441 ratio_2^(2p)/(q_div*q_l)=1.00000023655603276 descriptor_ratio=1.00000023655603276 M_high=89261193 M_low=7516193757 secret_h=43 ordinary_combined_relin_execution_error=18 pair_relin_execution_error=32 high_path_relin_error=19 low_path_relin_error=17 execution_relin2_triangle_bound=36 paper_additivity_residual=20 paper_additivity_execution_observed=true execution_certificate=PER_PATH_CONDITIONAL conservative_E_Relin_available=false universal_theorem_gate=UNPROVED execution_nonwrap_left=587902436803291961172693777806502180 execution_nonwrap_right_Q_l_over_2=26328024613448530879173985421597446139694598533080369598792431808 coefficient_error=153510346028090112280/1152921231876374273 execution_bound=7281854114153889094900/2305842463752748546 fixed_key_bv_bound_available=false frozen_decoded_abs_tolerance=0.00100000000000000002 measured_recorded_bias_error=8.52649043003773437e-10 measured_logical_slot_error=8.52648839959939177e-10
2026-09-05T04:44:04.5293475Z 57/57 Test #57: mult2_pair_sub_input_hybrid_complex .............   Passed    0.10 sec
2026-09-05T04:44:04.5293862Z 
2026-09-05T04:44:04.5294031Z The following tests passed:
2026-09-05T04:44:04.5294598Z 	dcp_rcb
2026-09-05T04:44:04.5294976Z 	precision_dcp_rcb_high_precision_contract
2026-09-05T04:44:04.5295504Z 	precision_first_mult2_high_precision_contract
2026-09-05T04:44:04.5296130Z 	pair_add_runtime_behavior
2026-09-05T04:44:04.5296370Z 	pair_sub_runtime_behavior
2026-09-05T04:44:04.5296612Z 	pair_arithmetic_controlled_oracle
2026-09-05T04:44:04.5296902Z 	pair_arithmetic_public_lifecycles_keyless
2026-09-05T04:44:04.5297199Z 	pair_arithmetic_compatibility_rejections
2026-09-05T04:44:04.5297494Z 	tensor2_valid_arithmetic_immutability
2026-09-05T04:44:04.5297763Z 	tensor2_result_scale_contract
2026-09-05T04:44:04.5298018Z 	tensor2_right_input_validation
2026-09-05T04:44:04.5298271Z 	tensor2_mutual_compatibility
2026-09-05T04:44:04.5298530Z 	tensor2_prearithmetic_key_compatibility
2026-09-05T04:44:04.5298806Z 	relin2_tensor_validation_order
2026-09-05T04:44:04.5299066Z 	relin2_insufficient_active_basis
2026-09-05T04:44:04.5299316Z 	relin2_missing_eval_key
2026-09-05T04:44:04.5299538Z 	relin2_key_empty
2026-09-05T04:44:04.5299738Z 	relin2_key_null_first
2026-09-05T04:44:04.5299955Z 	relin2_key_wrong_context
2026-09-05T04:44:04.5300179Z 	relin2_key_wrong_tag
2026-09-05T04:44:04.5300542Z 	relin2_key_wrong_subtype
2026-09-05T04:44:04.5300769Z 	relin2_key_hybrid_a_length
2026-09-05T04:44:04.5300998Z 	relin2_key_hybrid_b_length
2026-09-05T04:44:04.5301233Z 	relin2_key_hybrid_entry_basis
2026-09-05T04:44:04.5301599Z 	relin2_key_hybrid_entry_format
2026-09-05T04:44:04.5301853Z 	relin2_key_bv_zero_digit_a_length
2026-09-05T04:44:04.5302107Z 	relin2_key_bv_zero_digit_b_length
2026-09-05T04:44:04.5302372Z 	relin2_key_bv_nonzero_digit_a_length
2026-09-05T04:44:04.5302638Z 	relin2_key_bv_nonzero_digit_b_length
2026-09-05T04:44:04.5302907Z 	relin2_key_bv_zero_digit_entry_basis
2026-09-05T04:44:04.5303176Z 	relin2_key_bv_nonzero_digit_entry_basis
2026-09-05T04:44:04.5303455Z 	relin2_key_bv_zero_digit_entry_format
2026-09-05T04:44:04.5303724Z 	relin2_key_bv_nonzero_digit_entry_format
2026-09-05T04:44:04.5304014Z 	relin2_valid_arithmetic_state_immutability
2026-09-05T04:44:04.5304312Z 	relin2_controlled_witnesses_and_boundaries
2026-09-05T04:44:04.5304608Z 	relin2_representative_public_input
2026-09-05T04:44:04.5304884Z 	relin2_key_extra_later_valid
2026-09-05T04:44:04.5305129Z 	relin2_key_malformed_later_ignored
2026-09-05T04:44:04.5305382Z 	relin2_hybrid_valid_shapes
2026-09-05T04:44:04.5305623Z 	relin2_bv_zero_digit_valid_shapes
2026-09-05T04:44:04.5305890Z 	relin2_bv_nonzero_digit_valid_shapes
2026-09-05T04:44:04.5306159Z 	relin2_first_recombined_rcb_validation
2026-09-05T04:44:04.5306444Z 	relin2_first_recombined_tensor2_validation
2026-09-05T04:44:04.5306733Z 	relin2_tensor2_requires_first_lifecycle
2026-09-05T04:44:04.5307002Z 	rs2_wrong_lifecycle
2026-09-05T04:44:04.5307225Z 	rs2_valid_arithmetic_state_immutability
2026-09-05T04:44:04.5307487Z 	rs2_mixed_tower_format
2026-09-05T04:44:04.5307711Z 	rs2_untouched_public_pipeline
2026-09-05T04:44:04.5307961Z 	rs2_declared_basis_mismatch
2026-09-05T04:44:04.5308193Z 	rs2_terminal_rejections
2026-09-05T04:44:04.5308420Z 	mult2_composition_contract
2026-09-05T04:44:04.5308644Z 	mult2_e2e_hybrid_real
2026-09-05T04:44:04.5308854Z 	mult2_e2e_hybrid_complex
2026-09-05T04:44:04.5309080Z 	mult2_e2e_bv_real
2026-09-05T04:44:04.5309278Z 	mult2_e2e_bv_complex
2026-09-05T04:44:04.5309496Z 	mult2_pair_add_input_hybrid_complex
2026-09-05T04:44:04.5309763Z 	mult2_pair_sub_input_hybrid_complex
2026-09-05T04:44:04.5309934Z 
2026-09-05T04:44:04.5310045Z 100% tests passed, 0 tests failed out of 57
2026-09-05T04:44:04.5310231Z 
2026-09-05T04:44:04.5310441Z Total Test time (real) =   1.40 sec
2026-09-05T04:44:04.5343612Z ##[group]Run cmake --build build --target paper_h128_client_keypair_contract_test --parallel 2
2026-09-05T04:44:04.5344353Z [36;1mcmake --build build --target paper_h128_client_keypair_contract_test --parallel 2[0m
2026-09-05T04:44:04.5380272Z shell: /usr/bin/bash -e {0}
2026-09-05T04:44:04.5380767Z env:
2026-09-05T04:44:04.5381029Z   OPENFHE_COMMIT: df495ba2e91739a6dc8f1de254fc5a41155ce504
2026-09-05T04:44:04.5381509Z   OPENFHE_PREFIX: /home/runner/work/20231788./20231788./.ci/openfhe-install
2026-09-05T04:44:04.5381903Z ##[endgroup]
2026-09-05T04:44:04.5689367Z [ 60%] Built target openfhe_2023_1788
2026-09-05T04:44:04.5756477Z [ 80%] Building CXX object CMakeFiles/paper_h128_client_keypair_contract_test.dir/tests/paper_h128_client_keypair_contract_test.cpp.o
2026-09-05T04:44:14.1973815Z [100%] Linking CXX executable paper_h128_client_keypair_contract_test
2026-09-05T04:44:14.3075490Z [100%] Built target paper_h128_client_keypair_contract_test
2026-09-05T04:44:14.3137393Z ##[group]Run ctest --test-dir build --verbose --output-on-failure -R '^paper_h128_client_keypair_contract$'
2026-09-05T04:44:14.3138151Z [36;1mctest --test-dir build --verbose --output-on-failure -R '^paper_h128_client_keypair_contract$'[0m
2026-09-05T04:44:14.3173892Z shell: /usr/bin/bash -e {0}
2026-09-05T04:44:14.3174144Z env:
2026-09-05T04:44:14.3174404Z   OPENFHE_COMMIT: df495ba2e91739a6dc8f1de254fc5a41155ce504
2026-09-05T04:44:14.3174845Z   OPENFHE_PREFIX: /home/runner/work/20231788./20231788./.ci/openfhe-install
2026-09-05T04:44:14.3175230Z ##[endgroup]
2026-09-05T04:44:14.3242156Z Internal ctest changing into directory: /home/runner/work/20231788./20231788./build
2026-09-05T04:44:14.3243239Z UpdateCTestConfiguration  from :/home/runner/work/20231788./20231788./build/DartConfiguration.tcl
2026-09-05T04:44:14.3244401Z UpdateCTestConfiguration  from :/home/runner/work/20231788./20231788./build/DartConfiguration.tcl
2026-09-05T04:44:14.3245319Z Test project /home/runner/work/20231788./20231788./build
2026-09-05T04:44:14.3245867Z Constructing a list of tests
2026-09-05T04:44:14.3254457Z Done constructing a list of tests
2026-09-05T04:44:14.3254928Z Updating test list for fixtures
2026-09-05T04:44:14.3255381Z Added 0 tests to meet fixture requirements
2026-09-05T04:44:14.3255936Z Checking test dependency graph...
2026-09-05T04:44:14.3256386Z Checking test dependency graph end
2026-09-05T04:44:14.3256795Z test 58
2026-09-05T04:44:14.3257167Z     Start 58: paper_h128_client_keypair_contract
2026-09-05T04:44:14.3257543Z 
2026-09-05T04:44:14.3258034Z 58: Test command: /home/runner/work/20231788./20231788./build/paper_h128_client_keypair_contract_test
2026-09-05T04:44:14.3258976Z 58: Working Directory: /home/runner/work/20231788./20231788./build
2026-09-05T04:44:14.3259594Z 58: Test timeout computed to be: 10000000
2026-09-05T04:44:14.3335434Z 58: terminate called after throwing an instance of 'std::runtime_error'
2026-09-05T04:44:14.3336160Z 58:   what():  unsupported profile was accepted
2026-09-05T04:44:14.5443107Z 1/1 Test #58: paper_h128_client_keypair_contract ...Subprocess aborted***Exception:   0.22 sec
2026-09-05T04:44:14.5444093Z terminate called after throwing an instance of 'std::runtime_error'
2026-09-05T04:44:14.5444755Z   what():  unsupported profile was accepted
2026-09-05T04:44:14.5444991Z 
2026-09-05T04:44:14.5447449Z 
2026-09-05T04:44:14.5447718Z 0% tests passed, 1 tests failed out of 1
2026-09-05T04:44:14.5448089Z 
2026-09-05T04:44:14.5448280Z Total Test time (real) =   0.22 sec
2026-09-05T04:44:14.5448603Z 
2026-09-05T04:44:14.5448774Z The following tests FAILED:
2026-09-05T04:44:14.5449554Z 	 58 - paper_h128_client_keypair_contract (Subprocess aborted)
2026-09-05T04:44:14.5450595Z Errors while running CTest
2026-09-05T04:44:14.5473774Z ##[error]Process completed with exit code 8.
2026-09-05T04:44:14.5603776Z Node 20 is being deprecated. This workflow is running with Node 24 by default. If you need to temporarily use Node 20, you can set the ACTIONS_ALLOW_USE_UNSECURE_NODE_VERSION=true environment variable. For more information see: https://github.blog/changelog/2025-09-19-deprecation-of-node-20-on-github-actions-runners/
2026-09-05T04:44:14.5605068Z Post job cleanup.
2026-09-05T04:44:14.6441970Z [command]/usr/bin/git version
2026-09-05T04:44:14.6487233Z git version 2.55.0
2026-09-05T04:44:14.6541140Z Temporarily overriding HOME='/home/runner/work/_temp/ae1a4399-6531-4444-b523-ac5513bec98a' before making global git config changes
2026-09-05T04:44:14.6542745Z Adding repository directory to the temporary git global config as a safe directory
2026-09-05T04:44:14.6549107Z [command]/usr/bin/git config --global --add safe.directory /home/runner/work/20231788./20231788./.ci/openfhe-src
2026-09-05T04:44:14.6599280Z [command]/usr/bin/git config --local --name-only --get-regexp core\.sshCommand
2026-09-05T04:44:14.6644639Z [command]/usr/bin/git submodule foreach --recursive sh -c "git config --local --name-only --get-regexp 'core\.sshCommand' && git config --local --unset-all 'core.sshCommand' || :"
2026-09-05T04:44:14.6929642Z Entering 'third-party/cereal'
2026-09-05T04:44:14.6984981Z Entering 'third-party/google-benchmark'
2026-09-05T04:44:14.7044233Z Entering 'third-party/google-test'
2026-09-05T04:44:14.7098160Z Entering 'third-party/gperftools'
2026-09-05T04:44:14.7168369Z [command]/usr/bin/git config --local --name-only --get-regexp http\.https\:\/\/github\.com\/\.extraheader
2026-09-05T04:44:14.7198343Z http.https://github.com/.extraheader
2026-09-05T04:44:14.7217415Z [command]/usr/bin/git config --local --unset-all http.https://github.com/.extraheader
2026-09-05T04:44:14.7246969Z [command]/usr/bin/git submodule foreach --recursive sh -c "git config --local --name-only --get-regexp 'http\.https\:\/\/github\.com\/\.extraheader' && git config --local --unset-all 'http.https://github.com/.extraheader' || :"
2026-09-05T04:44:14.7498713Z Entering 'third-party/cereal'
2026-09-05T04:44:14.7530617Z http.https://github.com/.extraheader
2026-09-05T04:44:14.7590746Z Entering 'third-party/google-benchmark'
2026-09-05T04:44:14.7611801Z http.https://github.com/.extraheader
2026-09-05T04:44:14.7651373Z Entering 'third-party/google-test'
2026-09-05T04:44:14.7676677Z http.https://github.com/.extraheader
2026-09-05T04:44:14.7712285Z Entering 'third-party/gperftools'
2026-09-05T04:44:14.7736307Z http.https://github.com/.extraheader
2026-09-05T04:44:14.7809175Z [command]/usr/bin/git config --local --name-only --get-regexp ^includeIf\.gitdir:
2026-09-05T04:44:14.7857327Z [command]/usr/bin/git submodule foreach --recursive git config --local --show-origin --name-only --get-regexp remote.origin.url
2026-09-05T04:44:14.8083256Z Entering 'third-party/cereal'
2026-09-05T04:44:14.8104919Z file:/home/runner/work/20231788./20231788./.ci/openfhe-src/.git/modules/third-party/cereal/config	remote.origin.url
2026-09-05T04:44:14.8123361Z Entering 'third-party/google-benchmark'
2026-09-05T04:44:14.8142971Z file:/home/runner/work/20231788./20231788./.ci/openfhe-src/.git/modules/third-party/google-benchmark/config	remote.origin.url
2026-09-05T04:44:14.8162129Z Entering 'third-party/google-test'
2026-09-05T04:44:14.8181037Z file:/home/runner/work/20231788./20231788./.ci/openfhe-src/.git/modules/third-party/google-test/config	remote.origin.url
2026-09-05T04:44:14.8200278Z Entering 'third-party/gperftools'
2026-09-05T04:44:14.8219363Z file:/home/runner/work/20231788./20231788./.ci/openfhe-src/.git/modules/third-party/gperftools/config	remote.origin.url
2026-09-05T04:44:14.8254021Z [command]/usr/bin/git config --file /home/runner/work/20231788./20231788./.ci/openfhe-src/.git/modules/third-party/cereal/config --name-only --get-regexp ^includeIf\.gitdir:
2026-09-05T04:44:14.8289382Z [command]/usr/bin/git config --file /home/runner/work/20231788./20231788./.ci/openfhe-src/.git/modules/third-party/google-benchmark/config --name-only --get-regexp ^includeIf\.gitdir:
2026-09-05T04:44:14.8323021Z [command]/usr/bin/git config --file /home/runner/work/20231788./20231788./.ci/openfhe-src/.git/modules/third-party/google-test/config --name-only --get-regexp ^includeIf\.gitdir:
2026-09-05T04:44:14.8355487Z [command]/usr/bin/git config --file /home/runner/work/20231788./20231788./.ci/openfhe-src/.git/modules/third-party/gperftools/config --name-only --get-regexp ^includeIf\.gitdir:
2026-09-05T04:44:14.8544839Z Node 20 is being deprecated. This workflow is running with Node 24 by default. If you need to temporarily use Node 20, you can set the ACTIONS_ALLOW_USE_UNSECURE_NODE_VERSION=true environment variable. For more information see: https://github.blog/changelog/2025-09-19-deprecation-of-node-20-on-github-actions-runners/
2026-09-05T04:44:14.8546237Z Post job cleanup.
2026-09-05T04:44:14.9481601Z [command]/usr/bin/git version
2026-09-05T04:44:14.9524481Z git version 2.55.0
2026-09-05T04:44:14.9574347Z Temporarily overriding HOME='/home/runner/work/_temp/b8c3ae5d-cefa-41bb-a47c-5e53e9c79b82' before making global git config changes
2026-09-05T04:44:14.9595565Z Adding repository directory to the temporary git global config as a safe directory
2026-09-05T04:44:14.9609275Z [command]/usr/bin/git config --global --add safe.directory /home/runner/work/20231788./20231788.
2026-09-05T04:44:14.9623448Z [command]/usr/bin/git config --local --name-only --get-regexp core\.sshCommand
2026-09-05T04:44:14.9662170Z [command]/usr/bin/git submodule foreach --recursive sh -c "git config --local --name-only --get-regexp 'core\.sshCommand' && git config --local --unset-all 'core.sshCommand' || :"
2026-09-05T04:44:14.9936709Z [command]/usr/bin/git config --local --name-only --get-regexp http\.https\:\/\/github\.com\/\.extraheader
2026-09-05T04:44:14.9962014Z http.https://github.com/.extraheader
2026-09-05T04:44:14.9973352Z [command]/usr/bin/git config --local --unset-all http.https://github.com/.extraheader
2026-09-05T04:44:15.0007437Z [command]/usr/bin/git submodule foreach --recursive sh -c "git config --local --name-only --get-regexp 'http\.https\:\/\/github\.com\/\.extraheader' && git config --local --unset-all 'http.https://github.com/.extraheader' || :"
2026-09-05T04:44:15.0295388Z [command]/usr/bin/git config --local --name-only --get-regexp ^includeIf\.gitdir:
2026-09-05T04:44:15.0331492Z [command]/usr/bin/git submodule foreach --recursive git config --local --show-origin --name-only --get-regexp remote.origin.url
2026-09-05T04:44:15.0717813Z Cleaning up orphan processes
2026-09-05T04:44:15.1024224Z ##[warning]Node.js 20 is deprecated. The following actions target Node.js 20 but are being forced to run on Node.js 24: actions/cache@v4, actions/checkout@v4. For more information see: https://github.blog/changelog/2025-09-19-deprecation-of-node-20-on-github-actions-runners/
