2026-09-02T13:40:23.3393435Z Current runner version: '2.337.0'
2026-09-02T13:40:23.3427306Z ##[group]Runner Image Provisioner
2026-09-02T13:40:23.3428447Z Hosted Compute Agent
2026-09-02T13:40:23.3429277Z Version: 20260819.586
2026-09-02T13:40:23.3430187Z Commit: 3cc4a88dfa507ef76119ad1bb3eccc6378bb2b76
2026-09-02T13:40:23.3431322Z Build Date: 2026-08-18T23:20:18Z
2026-09-02T13:40:23.3432309Z Worker ID: {b3d3e309-e151-4778-88a2-d42c3df0a9df}
2026-09-02T13:40:23.3433340Z Azure Region: centralus
2026-09-02T13:40:23.3434163Z ##[endgroup]
2026-09-02T13:40:23.3436463Z ##[group]Operating System
2026-09-02T13:40:23.3437393Z Microsoft Windows Server 2022
2026-09-02T13:40:23.3437970Z 10.0.20348
2026-09-02T13:40:23.3438433Z Datacenter
2026-09-02T13:40:23.3438871Z ##[endgroup]
2026-09-02T13:40:23.3439332Z ##[group]Runner Image
2026-09-02T13:40:23.3439829Z Image: windows-2022
2026-09-02T13:40:23.3440714Z Version: 20260824.284.2
2026-09-02T13:40:23.3442028Z Included Software: https://github.com/actions/runner-images/blob/win22/20260824.284/images/windows/Windows2022-Readme.md
2026-09-02T13:40:23.3443429Z Image Release: https://github.com/actions/runner-images/releases/tag/win22%2F20260824.284
2026-09-02T13:40:23.3444243Z ##[endgroup]
2026-09-02T13:40:23.3445245Z ##[group]GITHUB_TOKEN Permissions
2026-09-02T13:40:23.3447893Z Contents: read
2026-09-02T13:40:23.3448487Z Metadata: read
2026-09-02T13:40:23.3448989Z ##[endgroup]
2026-09-02T13:40:23.3451011Z Secret source: Actions
2026-09-02T13:40:23.3451938Z Prepare workflow directory
2026-09-02T13:40:23.3935364Z Prepare all required actions
2026-09-02T13:40:23.3983443Z Getting action download info
2026-09-02T13:40:23.6547044Z Download action repository 'msys2/setup-msys2@v2' (SHA:66cd2cce69caa17b53920067426061ca1de3a884)
2026-09-02T13:40:24.0254529Z Complete job name: windows-mingw64
2026-09-02T13:40:24.1649162Z ##[group]Run git config --global core.autocrlf false
2026-09-02T13:40:24.1650314Z [36;1mgit config --global core.autocrlf false[0m
2026-09-02T13:40:24.1651021Z [36;1mgit config --global core.eol lf[0m
2026-09-02T13:40:24.1651812Z [36;1mNew-Item -ItemType Directory -Path $env:WINDOWS_ROOT | Out-Null[0m
2026-09-02T13:40:24.1652536Z [36;1m[0m
2026-09-02T13:40:24.1653014Z [36;1mgit init $env:PROJECT_SOURCE[0m
2026-09-02T13:40:24.1653863Z [36;1mgit -C $env:PROJECT_SOURCE remote add origin https://github.com/leemaple/20231788..git[0m
2026-09-02T13:40:24.1654884Z [36;1mgit -C $env:PROJECT_SOURCE fetch --depth 1 origin $env:GITHUB_SHA[0m
2026-09-02T13:40:24.1655720Z [36;1mgit -C $env:PROJECT_SOURCE checkout --detach FETCH_HEAD[0m
2026-09-02T13:40:24.1656523Z [36;1m$projectActual = git -C $env:PROJECT_SOURCE rev-parse HEAD[0m
2026-09-02T13:40:24.1657301Z [36;1mif ($projectActual -ne $env:GITHUB_SHA) {[0m
2026-09-02T13:40:24.1658073Z [36;1m  throw "Project checkout mismatch: $projectActual"[0m
2026-09-02T13:40:24.1658720Z [36;1m}[0m
2026-09-02T13:40:24.1659119Z [36;1m[0m
2026-09-02T13:40:24.1659524Z [36;1mgit init $env:OPENFHE_SOURCE[0m
2026-09-02T13:40:24.1660445Z [36;1mgit -C $env:OPENFHE_SOURCE remote add origin https://github.com/openfheorg/openfhe-development.git[0m
2026-09-02T13:40:24.1661556Z [36;1mgit -C $env:OPENFHE_SOURCE fetch --depth 1 origin $env:OPENFHE_COMMIT[0m
2026-09-02T13:40:24.1662395Z [36;1mgit -C $env:OPENFHE_SOURCE checkout --detach FETCH_HEAD[0m
2026-09-02T13:40:24.1663251Z [36;1mgit -C $env:OPENFHE_SOURCE submodule update --init --recursive --depth 1[0m
2026-09-02T13:40:24.1663972Z [36;1m[0m
2026-09-02T13:40:24.1664629Z [36;1m$projectStatus = @(git -C $env:PROJECT_SOURCE status --porcelain)[0m
2026-09-02T13:40:24.1665374Z [36;1mif ($projectStatus.Count -ne 0) {[0m
2026-09-02T13:40:24.1666139Z [36;1m  throw "Project checkout is dirty: $($projectStatus -join '; ')"[0m
2026-09-02T13:40:24.1666865Z [36;1m}[0m
2026-09-02T13:40:24.1667438Z [36;1m$openfheStatus = @(git -C $env:OPENFHE_SOURCE status --porcelain)[0m
2026-09-02T13:40:24.1668187Z [36;1mif ($openfheStatus.Count -ne 0) {[0m
2026-09-02T13:40:24.1670436Z [36;1m  throw "OpenFHE checkout is dirty: $($openfheStatus -join '; ')"[0m
2026-09-02T13:40:24.1671131Z [36;1m}[0m
2026-09-02T13:40:24.3585553Z shell: C:\Program Files\PowerShell\7\pwsh.EXE -command ". '{0}'"
2026-09-02T13:40:24.3586593Z env:
2026-09-02T13:40:24.3587120Z   OPENFHE_COMMIT: df495ba2e91739a6dc8f1de254fc5a41155ce504
2026-09-02T13:40:24.3587945Z   OPENFHE_PREFIX: C:\openfhe-2023-1788\openfhe-install
2026-09-02T13:40:24.3588685Z   WINDOWS_ROOT: C:\openfhe-2023-1788
2026-09-02T13:40:24.3589269Z   PROJECT_SOURCE: C:\openfhe-2023-1788\cleanroom
2026-09-02T13:40:24.3589923Z   OPENFHE_SOURCE: C:\openfhe-2023-1788\openfhe-src
2026-09-02T13:40:24.3590660Z   OPENFHE_BUILD: C:\openfhe-2023-1788\openfhe-build-33637147696-1
2026-09-02T13:40:24.3591482Z   PROJECT_BUILD: C:\openfhe-2023-1788\project-build-33637147696-1
2026-09-02T13:40:24.3592179Z ##[endgroup]
2026-09-02T13:40:25.3039271Z Initialized empty Git repository in C:/openfhe-2023-1788/cleanroom/.git/
2026-09-02T13:40:27.3609658Z From https://github.com/leemaple/20231788.
2026-09-02T13:40:27.3612148Z  * branch            f90a04d199e96a3247a2607aa3e1f80ad55be8cc -> FETCH_HEAD
2026-09-02T13:40:27.5386710Z HEAD is now at f90a04d test: define Relin2 connected core red contract
2026-09-02T13:40:27.6285122Z Initialized empty Git repository in C:/openfhe-2023-1788/openfhe-src/.git/
2026-09-02T13:40:28.6539171Z From https://github.com/openfheorg/openfhe-development
2026-09-02T13:40:28.6540249Z  * branch            df495ba2e91739a6dc8f1de254fc5a41155ce504 -> FETCH_HEAD
2026-09-02T13:40:29.5153992Z HEAD is now at df495ba Merge pull request #1130 from openfheorg/dev
2026-09-02T13:40:30.7120469Z Submodule 'third-party/cereal' (https://github.com/openfheorg/cereal.git) registered for path 'third-party/cereal'
2026-09-02T13:40:30.7139168Z Submodule 'third-party/google-benchmark' (https://github.com/google/benchmark.git) registered for path 'third-party/google-benchmark'
2026-09-02T13:40:30.7153854Z Submodule 'third-party/google-test' (https://github.com/google/googletest.git) registered for path 'third-party/google-test'
2026-09-02T13:40:30.7186374Z Submodule 'third-party/gperftools' (https://github.com/gperftools/gperftools.git) registered for path 'third-party/gperftools'
2026-09-02T13:40:30.7685419Z Cloning into 'C:/openfhe-2023-1788/openfhe-src/third-party/cereal'...
2026-09-02T13:40:31.4729314Z Cloning into 'C:/openfhe-2023-1788/openfhe-src/third-party/google-benchmark'...
2026-09-02T13:40:32.0518322Z Cloning into 'C:/openfhe-2023-1788/openfhe-src/third-party/google-test'...
2026-09-02T13:40:32.6933929Z Cloning into 'C:/openfhe-2023-1788/openfhe-src/third-party/gperftools'...
2026-09-02T13:40:33.8213633Z Submodule path 'third-party/cereal': checked out '984e3f194862b17916536b5fade40cba6e47a6fe'
2026-09-02T13:40:36.4626706Z From https://github.com/google/benchmark
2026-09-02T13:40:36.4627393Z  * branch            eddb0241389718a23a42db6af5f0164b6e0139af -> FETCH_HEAD
2026-09-02T13:40:36.8314560Z Submodule path 'third-party/google-benchmark': checked out 'eddb0241389718a23a42db6af5f0164b6e0139af'
2026-09-02T13:40:38.0005503Z From https://github.com/google/googletest
2026-09-02T13:40:38.0006376Z  * branch            52eb8108c5bdec04579160ae17225d66034bd723 -> FETCH_HEAD
2026-09-02T13:40:38.4936262Z Submodule path 'third-party/google-test': checked out '52eb8108c5bdec04579160ae17225d66034bd723'
2026-09-02T13:40:39.9113909Z From https://github.com/gperftools/gperftools
2026-09-02T13:40:39.9114659Z  * branch            83edb60836d87cf1b406e8846b9059c03031e8f5 -> FETCH_HEAD
2026-09-02T13:40:40.9598261Z Submodule path 'third-party/gperftools': checked out '83edb60836d87cf1b406e8846b9059c03031e8f5'
2026-09-02T13:40:41.3544131Z ##[group]Run msys2/setup-msys2@v2
2026-09-02T13:40:41.3544667Z with:
2026-09-02T13:40:41.3544959Z   msystem: MINGW64
2026-09-02T13:40:41.3545268Z   update: true
2026-09-02T13:40:41.3545578Z   cache: false
2026-09-02T13:40:41.3546010Z   install: git make mingw-w64-x86_64-boost mingw-w64-x86_64-cmake mingw-w64-x86_64-gcc
2026-09-02T13:40:41.3547268Z   path-type: minimal
2026-09-02T13:40:41.3547534Z   release: true
2026-09-02T13:40:41.3547838Z   platform-check-severity: fatal
2026-09-02T13:40:41.3548133Z env:
2026-09-02T13:40:41.3548447Z   OPENFHE_COMMIT: df495ba2e91739a6dc8f1de254fc5a41155ce504
2026-09-02T13:40:41.3548876Z   OPENFHE_PREFIX: C:\openfhe-2023-1788\openfhe-install
2026-09-02T13:40:41.3549234Z   WINDOWS_ROOT: C:\openfhe-2023-1788
2026-09-02T13:40:41.3549582Z   PROJECT_SOURCE: C:\openfhe-2023-1788\cleanroom
2026-09-02T13:40:41.3549944Z   OPENFHE_SOURCE: C:\openfhe-2023-1788\openfhe-src
2026-09-02T13:40:41.3550462Z   OPENFHE_BUILD: C:\openfhe-2023-1788\openfhe-build-33637147696-1
2026-09-02T13:40:41.3550916Z   PROJECT_BUILD: C:\openfhe-2023-1788\project-build-33637147696-1
2026-09-02T13:40:41.3551282Z ##[endgroup]
2026-09-02T13:40:41.5338414Z ##[group]Downloading MSYS2...
2026-09-02T13:40:42.2384494Z ##[endgroup]
2026-09-02T13:40:42.2385163Z ##[group]Extracting MSYS2...
2026-09-02T13:40:42.2406515Z [command]C:\hostedtoolcache\windows\msys2-installer\0.0.20260611\x64\base.exe -y
2026-09-02T13:40:42.5094425Z 
2026-09-02T13:40:42.5095602Z 7-Zip SFX 25.01 ZS v1.5.7 R4 (x64) : Copyright (c) 1999-2025 Igor Pavlov, 2016-2026 Tino Reichardt, 2022-2026 Sergey G. Brester : 2026-01-10
2026-09-02T13:40:42.5097818Z 
2026-09-02T13:40:42.5098254Z Extracting archive: C:\hostedtoolcache\windows\msys2-installer\0.0.20260611\x64\base.exe
2026-09-02T13:40:42.5099062Z --
2026-09-02T13:40:42.5099481Z Path = C:\hostedtoolcache\windows\msys2-installer\0.0.20260611\x64\base.exe
2026-09-02T13:40:42.5099835Z Type = 7z
2026-09-02T13:40:42.5100013Z 
2026-09-02T13:40:42.7083760Z   0%
2026-09-02T13:40:42.7084154Z     
2026-09-02T13:40:42.9120039Z   2% 1336 - msys64\usr\lib\perl5\core_perl\CORE\zaphod32_hash.h
2026-09-02T13:40:42.9120788Z                                                                
2026-09-02T13:40:43.1150971Z   4% 2616 - msys64\usr\lib\terminfo\69\ibm8507
2026-09-02T13:40:43.1151692Z                                               
2026-09-02T13:40:43.3184516Z   4% 3916 - msys64\usr\lib\terminfo\77\wy120-w-vb
2026-09-02T13:40:43.3184936Z                                                  
2026-09-02T13:40:43.5224004Z   5% 5202 - msys64\usr\share\bash-completion\completions\xsltproc
2026-09-02T13:40:43.5224560Z                                                                  
2026-09-02T13:40:43.7254340Z  14% 6175 - msys64\usr\share\locale\es\LC_MESSAGES\gnupg2.mo
2026-09-02T13:40:43.7255042Z                                                             
2026-09-02T13:40:43.9286689Z  30% 6830 - msys64\usr\share\locale\vi\LC_MESSAGES\util-linux.mo
2026-09-02T13:40:43.9287421Z                                                                 
2026-09-02T13:40:44.1315181Z  33% 8071 - msys64\usr\share\man\man3\CURLOPT_SSL_CIPHER_LIST.3.gz
2026-09-02T13:40:44.1315910Z                                                                   
2026-09-02T13:40:44.3346334Z  34% 9407 - msys64\usr\share\man\man8\fsck.minix.8.gz
2026-09-02T13:40:44.3347158Z                                                      
2026-09-02T13:40:44.5377663Z  43% 10326 - msys64\usr\share\perl5\core_perl\Unicode\Collate\Locale\ja.pl
2026-09-02T13:40:44.5378579Z                                                                           
2026-09-02T13:40:44.7409138Z  46% 11225 - msys64\usr\share\terminfo\61\ansi+cpr
2026-09-02T13:40:44.7409814Z                                                   
2026-09-02T13:40:44.9440722Z  47% 12512 - msys64\usr\share\terminfo\6e\news-33-euc
2026-09-02T13:40:45.1473189Z                                                      
2026-09-02T13:40:45.1475992Z  47% 13840 - msys64\usr\share\terminfo\78\xterm-1003
2026-09-02T13:40:45.1476419Z                                                     
2026-09-02T13:40:45.3504526Z  48% 15206 - msys64\usr\share\zoneinfo\right\America\Curacao
2026-09-02T13:40:45.3505216Z                                                             
2026-09-02T13:40:45.5543759Z  50% 16148 - msys64\usr\bin\dumper.exe
2026-09-02T13:40:45.5544303Z                                       
2026-09-02T13:40:45.7730151Z  74% 16356 - msys64\usr\bin\p11-kit.exe
2026-09-02T13:40:45.7732362Z                                        
2026-09-02T13:40:45.7732823Z Everything is Ok
2026-09-02T13:40:45.7754764Z ##[endgroup]
2026-09-02T13:40:45.7757069Z ##[group]Disable Key Refresh...
2026-09-02T13:40:45.7774763Z ##[endgroup]
2026-09-02T13:40:45.7791436Z ##[group]Starting MSYS2 for the first time...
2026-09-02T13:40:45.8534949Z [command]C:\Windows\system32\cmd.exe /D /S /C D:\a\_temp\setup-msys2\msys2.cmd -c "'uname' '-a'"
2026-09-02T13:40:45.9599058Z [1;32mMSYS2 is starting for the first time. Executing the initial setup.[1;0m
2026-09-02T13:40:45.9928826Z Copying skeleton files.
2026-09-02T13:40:45.9929525Z These files are for the users to personalise their msys2 experience.
2026-09-02T13:40:45.9929998Z 
2026-09-02T13:40:45.9930215Z They will never be overwritten nor automatically updated.
2026-09-02T13:40:45.9930569Z 
2026-09-02T13:40:46.0352848Z './.bashrc' -> '/home/runneradmin/.bashrc'
2026-09-02T13:40:46.0500220Z './.bash_profile' -> '/home/runneradmin/.bash_profile'
2026-09-02T13:40:46.0647320Z './.profile' -> '/home/runneradmin/.profile'
2026-09-02T13:40:46.1176413Z 'C:\Windows\system32\drivers\etc\hosts' -> '/etc/hosts'
2026-09-02T13:40:46.1648762Z 'C:\Windows\system32\drivers\etc\protocol' -> '/etc/protocols'
2026-09-02T13:40:46.2077260Z 'C:\Windows\system32\drivers\etc\services' -> '/etc/services'
2026-09-02T13:40:46.2503592Z 'C:\Windows\system32\drivers\etc\networks' -> '/etc/networks'
2026-09-02T13:40:46.4086702Z gpg: /etc/pacman.d/gnupg/trustdb.gpg: trustdb created
2026-09-02T13:40:46.4151960Z gpg: no ultimately trusted keys found
2026-09-02T13:40:46.6583175Z gpg: starting migration from earlier GnuPG versions
2026-09-02T13:40:46.7126096Z gpg: porting secret keys from '/etc/pacman.d/gnupg/secring.gpg' to gpg-agent
2026-09-02T13:40:46.7128924Z gpg: migration succeeded
2026-09-02T13:40:46.7314593Z ==> Generating pacman master key. This may take some time.
2026-09-02T13:40:46.7481853Z gpg: Generating pacman keyring master key...
2026-09-02T13:40:51.4335618Z gpg: directory '/etc/pacman.d/gnupg/openpgp-revocs.d' created
2026-09-02T13:40:51.4591079Z gpg: revocation certificate stored as '/etc/pacman.d/gnupg/openpgp-revocs.d/8AC1CBB52D2A907E708B57CA6C18395C73CF266A.rev'
2026-09-02T13:40:51.4591906Z gpg: Done
2026-09-02T13:40:51.4740275Z ==> Updating trust database...
2026-09-02T13:40:51.5063426Z gpg: marginals needed: 3  completes needed: 1  trust model: pgp
2026-09-02T13:40:51.5064137Z gpg: depth: 0  valid:   1  signed:   0  trust: 0-, 0q, 0n, 0m, 0f, 1u
2026-09-02T13:40:51.6149619Z ==> Appending keys from msys2.gpg...
2026-09-02T13:40:52.1106709Z ==> Locally signing trusted keys in keyring...
2026-09-02T13:40:52.5928088Z   -> Locally signed 5 keys.
2026-09-02T13:40:52.6215738Z ==> Importing owner trust values...
2026-09-02T13:40:52.6398918Z gpg: setting ownertrust to 4
2026-09-02T13:40:52.6399365Z gpg: setting ownertrust to 4
2026-09-02T13:40:52.6399933Z gpg: setting ownertrust to 4
2026-09-02T13:40:52.6400591Z gpg: setting ownertrust to 4
2026-09-02T13:40:52.6401176Z gpg: setting ownertrust to 4
2026-09-02T13:40:52.6654153Z ==> Disabling revoked keys in keyring...
2026-09-02T13:40:52.9173153Z   -> Disabled 4 keys.
2026-09-02T13:40:52.9313750Z ==> Updating trust database...
2026-09-02T13:40:52.9661915Z gpg: marginals needed: 3  completes needed: 1  trust model: pgp
2026-09-02T13:40:52.9685902Z gpg: depth: 0  valid:   1  signed:   5  trust: 0-, 0q, 0n, 0m, 0f, 1u
2026-09-02T13:40:52.9709407Z gpg: depth: 1  valid:   5  signed:   6  trust: 0-, 0q, 0n, 5m, 0f, 0u
2026-09-02T13:40:52.9719500Z gpg: depth: 2  valid:   3  signed:   2  trust: 3-, 0q, 0n, 0m, 0f, 0u
2026-09-02T13:40:53.0064111Z pacman-key (pacman) 6.1.0
2026-09-02T13:40:53.0064575Z Copyright (c) 2010-2024 Pacman Development Team <pacman-dev@lists.archlinux.org>.
2026-09-02T13:40:53.0065600Z 
2026-09-02T13:40:53.0208494Z This is free software; see the source for copying conditions.
2026-09-02T13:40:53.0209271Z There is NO WARRANTY, to the extent permitted by law.
2026-09-02T13:40:53.2100107Z [1;32mInitial setup complete. MSYS2 is now ready to use.[1;0m
2026-09-02T13:40:53.2245911Z MINGW64_NT-10.0-20348 runnervm0js1w 3.6.9-01d6c708.x86_64 2026-05-24 10:45 UTC x86_64 Msys
2026-09-02T13:40:53.2291675Z ##[endgroup]
2026-09-02T13:40:53.2292130Z ##[group]Disable CheckSpace...
2026-09-02T13:40:53.3022409Z [command]C:\Windows\system32\cmd.exe /D /S /C D:\a\_temp\setup-msys2\msys2.cmd -c "'sed' '-i' 's/^CheckSpace/#CheckSpace/g' '/etc/pacman.conf'"
2026-09-02T13:40:53.4775241Z ##[endgroup]
2026-09-02T13:40:53.4775828Z ##[group]Updating packages...
2026-09-02T13:40:53.5491553Z [command]C:\Windows\system32\cmd.exe /D /S /C D:\a\_temp\setup-msys2\msys2.cmd -c "'pacman' '--noconfirm' '-Syuu' '--overwrite' '*'"
2026-09-02T13:40:54.2523659Z :: Synchronizing package databases...
2026-09-02T13:40:55.6261531Z  clangarm64 downloading...
2026-09-02T13:40:55.6261963Z  mingw32 downloading...
2026-09-02T13:40:55.6262274Z  mingw64 downloading...
2026-09-02T13:40:55.6262576Z  ucrt64 downloading...
2026-09-02T13:40:55.6262883Z  clang64 downloading...
2026-09-02T13:40:55.6263205Z  msys downloading...
2026-09-02T13:40:56.0895793Z :: Starting core system upgrade...
2026-09-02T13:40:56.3161151Z warning: terminate other MSYS2 programs before proceeding
2026-09-02T13:40:56.3161739Z resolving dependencies...
2026-09-02T13:40:56.3162124Z looking for conflicting packages...
2026-09-02T13:40:56.3242029Z 
2026-09-02T13:40:56.3242627Z Packages (1) msys2-runtime-3.6.10-3
2026-09-02T13:40:56.3243029Z 
2026-09-02T13:40:56.3243190Z Total Download Size:    1.97 MiB
2026-09-02T13:40:56.3243610Z Total Installed Size:   6.33 MiB
2026-09-02T13:40:56.3244035Z Net Upgrade Size:      -0.20 MiB
2026-09-02T13:40:56.3244295Z 
2026-09-02T13:40:56.3244557Z :: Proceed with installation? [Y/n] 
2026-09-02T13:40:56.3244965Z :: Retrieving packages...
2026-09-02T13:40:57.9162061Z  msys2-runtime-3.6.10-3-x86_64 downloading...
2026-09-02T13:40:57.9162591Z checking keyring...
2026-09-02T13:40:57.9786432Z checking package integrity...
2026-09-02T13:40:58.1444193Z loading package files...
2026-09-02T13:40:58.1474370Z checking for file conflicts...
2026-09-02T13:40:58.1494591Z :: Processing package changes...
2026-09-02T13:40:58.1495039Z upgrading msys2-runtime...
2026-09-02T13:40:58.2755974Z :: To complete this update all MSYS2 processes including this terminal will be closed. Confirm to proceed [Y/n] 
2026-09-02T13:40:58.5530419Z ##[endgroup]
2026-09-02T13:40:58.5531053Z ##[group]Killing remaining tasks...
2026-09-02T13:40:58.6216093Z [command]C:\Windows\system32\taskkill.exe /F /FI "MODULES eq msys-2.0.dll"
2026-09-02T13:40:58.7483635Z 
2026-09-02T13:40:58.7484244Z INFO: No tasks running with the specified criteria.
2026-09-02T13:40:58.7515207Z ##[endgroup]
2026-09-02T13:40:58.7515611Z ##[group]Final system upgrade...
2026-09-02T13:40:58.8200665Z [command]C:\Windows\system32\cmd.exe /D /S /C D:\a\_temp\setup-msys2\msys2.cmd -c "'pacman' '--noconfirm' '-Syuu' '--overwrite' '*'"
2026-09-02T13:40:59.4282521Z :: Synchronizing package databases...
2026-09-02T13:41:00.3800990Z  clangarm64 downloading...
2026-09-02T13:41:00.3801473Z  mingw32 downloading...
2026-09-02T13:41:00.3801734Z  mingw64 downloading...
2026-09-02T13:41:00.3801984Z  ucrt64 downloading...
2026-09-02T13:41:00.3802233Z  clang64 downloading...
2026-09-02T13:41:00.3802469Z  msys downloading...
2026-09-02T13:41:00.8187883Z :: Starting core system upgrade...
2026-09-02T13:41:01.0497004Z  there is nothing to do
2026-09-02T13:41:01.0497756Z :: Starting full system upgrade...
2026-09-02T13:41:01.0949555Z resolving dependencies...
2026-09-02T13:41:01.1003178Z looking for conflicting packages...
2026-09-02T13:41:01.1113767Z 
2026-09-02T13:41:01.1117036Z Packages (31) bash-completion-2.18.0-1  bsdtar-3.8.9-1  ca-certificates-20260816-1  curl-8.21.0-1  findutils-4.11.0-2  gawk-5.4.1-1  gcc-libs-15.3.0-1  gnupg-2.4.9-3  libcurl-8.21.0-1  libexpat-2.8.3-1  libffi-3.8.0-1  libgnutls-3.8.13-2  libhogweed-4.0-1  libnettle-4.0-1  libnghttp2-1.70.0-1  libnghttp3-1.18.0-1  libngtcp2-1.25.0-1  libopenssl-3.6.4-1  libp11-kit-0.26.5-1  libpsl-0.23.2-1  libsqlite-3.53.4-1  msys2-keyring-1~20260814-1  nano-9.2-1  nettle-4.0-1  openssl-3.6.4-1  p11-kit-0.26.5-1  pacman-contrib-1.10.6-2  perl-5.42.3-1  pinentry-1.3.3-1  tzcode-2026c-1  wget-1.25.0-2
2026-09-02T13:41:01.1121886Z 
2026-09-02T13:41:01.1122055Z Total Download Size:    27.05 MiB
2026-09-02T13:41:01.1122506Z Total Installed Size:  108.42 MiB
2026-09-02T13:41:01.1122948Z Net Upgrade Size:       -1.02 MiB
2026-09-02T13:41:01.1123211Z 
2026-09-02T13:41:01.1123474Z :: Proceed with installation? [Y/n] 
2026-09-02T13:41:01.1123927Z :: Retrieving packages...
2026-09-02T13:41:04.6404353Z  perl-5.42.3-1-x86_64 downloading...
2026-09-02T13:41:04.6405097Z  pacman-contrib-1.10.6-2-x86_64 downloading...
2026-09-02T13:41:04.6405652Z  gnupg-2.4.9-3-x86_64 downloading...
2026-09-02T13:41:04.6406105Z  libopenssl-3.6.4-1-x86_64 downloading...
2026-09-02T13:41:04.6406549Z  gawk-5.4.1-1-x86_64 downloading...
2026-09-02T13:41:04.6406982Z  libgnutls-3.8.13-2-x86_64 downloading...
2026-09-02T13:41:04.6407435Z  gcc-libs-15.3.0-1-x86_64 downloading...
2026-09-02T13:41:04.6407908Z  curl-8.21.0-1-x86_64 downloading...
2026-09-02T13:41:04.6408190Z  wget-1.25.0-2-x86_64 downloading...
2026-09-02T13:41:04.6408474Z  libsqlite-3.53.4-1-x86_64 downloading...
2026-09-02T13:41:04.6408777Z  nano-9.2-1-x86_64 downloading...
2026-09-02T13:41:04.6409057Z  openssl-3.6.4-1-x86_64 downloading...
2026-09-02T13:41:04.6409373Z  findutils-4.11.0-2-x86_64 downloading...
2026-09-02T13:41:04.6409684Z  p11-kit-0.26.5-1-x86_64 downloading...
2026-09-02T13:41:04.6410011Z  ca-certificates-20260816-1-any downloading...
2026-09-02T13:41:04.6410332Z  libcurl-8.21.0-1-x86_64 downloading...
2026-09-02T13:41:04.6410628Z  bsdtar-3.8.9-1-x86_64 downloading...
2026-09-02T13:41:04.6410916Z  tzcode-2026c-1-x86_64 downloading...
2026-09-02T13:41:04.6411203Z  libp11-kit-0.26.5-1-x86_64 downloading...
2026-09-02T13:41:04.6411527Z  bash-completion-2.18.0-1-any downloading...
2026-09-02T13:41:04.6411840Z  libhogweed-4.0-1-x86_64 downloading...
2026-09-02T13:41:04.6412131Z  libngtcp2-1.25.0-1-x86_64 downloading...
2026-09-02T13:41:04.6412452Z  libnettle-4.0-1-x86_64 downloading...
2026-09-02T13:41:04.6412769Z  nettle-4.0-1-x86_64 downloading...
2026-09-02T13:41:04.6413065Z  libpsl-0.23.2-1-x86_64 downloading...
2026-09-02T13:41:04.6413373Z  libnghttp3-1.18.0-1-x86_64 downloading...
2026-09-02T13:41:04.6413904Z  libnghttp2-1.70.0-1-x86_64 downloading...
2026-09-02T13:41:04.6414222Z  libexpat-2.8.3-1-x86_64 downloading...
2026-09-02T13:41:04.6414527Z  pinentry-1.3.3-1-x86_64 downloading...
2026-09-02T13:41:04.6414854Z  msys2-keyring-1~20260814-1-any downloading...
2026-09-02T13:41:04.6415186Z  libffi-3.8.0-1-x86_64 downloading...
2026-09-02T13:41:04.6415473Z checking keyring...
2026-09-02T13:41:04.7001948Z checking package integrity...
2026-09-02T13:41:09.3449725Z loading package files...
2026-09-02T13:41:09.4301675Z checking for file conflicts...
2026-09-02T13:41:09.4805715Z :: Running pre-transaction hooks...
2026-09-02T13:41:09.4806302Z (1/1) Removing old entries from the info directory file...
2026-09-02T13:41:09.6161159Z :: Processing package changes...
2026-09-02T13:41:09.6161644Z upgrading bash-completion...
2026-09-02T13:41:10.3696874Z upgrading gcc-libs...
2026-09-02T13:41:10.3865997Z upgrading libexpat...
2026-09-02T13:41:10.3907634Z upgrading libopenssl...
2026-09-02T13:41:10.4167865Z upgrading bsdtar...
2026-09-02T13:41:10.4255771Z upgrading openssl...
2026-09-02T13:41:10.5148708Z upgrading findutils...
2026-09-02T13:41:10.5810228Z upgrading libffi...
2026-09-02T13:41:10.5898810Z upgrading libp11-kit...
2026-09-02T13:41:10.5966984Z upgrading p11-kit...
2026-09-02T13:41:10.7329585Z upgrading ca-certificates...
2026-09-02T13:41:11.3500557Z upgrading libnghttp3...
2026-09-02T13:41:11.3556868Z upgrading libngtcp2...
2026-09-02T13:41:11.3629538Z upgrading libnghttp2...
2026-09-02T13:41:11.3682179Z upgrading libpsl...
2026-09-02T13:41:11.3761596Z upgrading libcurl...
2026-09-02T13:41:11.3824939Z upgrading curl...
2026-09-02T13:41:11.7420242Z upgrading gawk...
2026-09-02T13:41:11.8274941Z upgrading libhogweed...
2026-09-02T13:41:11.8314903Z upgrading libnettle...
2026-09-02T13:41:11.8360089Z upgrading libgnutls...
2026-09-02T13:41:11.8796582Z upgrading libsqlite...
2026-09-02T13:41:11.8892826Z upgrading nettle...
2026-09-02T13:41:11.8957090Z upgrading pinentry...
2026-09-02T13:41:11.9010279Z upgrading gnupg...
2026-09-02T13:41:16.4367113Z ==> Appending keys from msys2.gpg...
2026-09-02T13:41:16.9029904Z ==> Updating trust database...
2026-09-02T13:41:16.9202676Z gpg: no need for a trustdb check
2026-09-02T13:41:17.0104048Z upgrading msys2-keyring...
2026-09-02T13:41:17.3765418Z ==> Appending keys from msys2.gpg...
2026-09-02T13:41:17.8593171Z ==> Updating trust database...
2026-09-02T13:41:17.8760195Z gpg: next trustdb check due at 2027-02-10
2026-09-02T13:41:17.9556546Z upgrading nano...
2026-09-02T13:41:18.0464426Z upgrading pacman-contrib...
2026-09-02T13:41:18.1076723Z New optional dependencies for pacman-contrib
2026-09-02T13:41:18.1077167Z     perl: for pacsearch [installed]
2026-09-02T13:41:18.1077528Z     vim: default diff program for pacdiff
2026-09-02T13:41:18.1077849Z upgrading perl...
2026-09-02T13:41:19.5899531Z upgrading tzcode...
2026-09-02T13:41:21.1417973Z upgrading wget...
2026-09-02T13:41:21.2400355Z :: Running post-transaction hooks...
2026-09-02T13:41:21.2400788Z (1/1) Updating the info directory file...
2026-09-02T13:41:23.0019635Z ##[endgroup]
2026-09-02T13:41:23.0020447Z ##[group]Installing additional packages through pacman...
2026-09-02T13:41:23.0715311Z [command]C:\Windows\system32\cmd.exe /D /S /C D:\a\_temp\setup-msys2\msys2.cmd -c "'pacman' '--noconfirm' '-S' '--needed' '--overwrite' '*' 'git' 'make' 'mingw-w64-x86_64-boost' 'mingw-w64-x86_64-cmake' 'mingw-w64-x86_64-gcc'"
2026-09-02T13:41:23.9109663Z resolving dependencies...
2026-09-02T13:41:23.9222072Z looking for conflicting packages...
2026-09-02T13:41:23.9356506Z 
2026-09-02T13:41:23.9370838Z Packages (89) heimdal-7.8.0-5  heimdal-libs-7.8.0-5  libcbor-0.14.0-2  libedit-20240808_3.1-1  libfido2-1.17.0-1  mingw-w64-x86_64-binutils-2.47-3  mingw-w64-x86_64-boost-libs-1.91.0-3  mingw-w64-x86_64-brotli-1.2.0-1  mingw-w64-x86_64-bzip2-1.0.8-4  mingw-w64-x86_64-c-ares-1.34.8-1  mingw-w64-x86_64-ca-certificates-20260816-1  mingw-w64-x86_64-cppdap-1.65.r11.g6464cd7-1  mingw-w64-x86_64-crt-14.0.0.r302.gd7f3c5201-1  mingw-w64-x86_64-curl-8.21.0-2  mingw-w64-x86_64-expat-2.8.3-1  mingw-w64-x86_64-gcc-libs-16.2.0-3  mingw-w64-x86_64-gettext-runtime-1.0-1  mingw-w64-x86_64-gmp-6.3.0-2  mingw-w64-x86_64-gnutls-3.8.13-3  mingw-w64-x86_64-headers-14.0.0.r302.gd7f3c5201-1  mingw-w64-x86_64-icu-78.3-4  mingw-w64-x86_64-isl-0.28-1  mingw-w64-x86_64-jsoncpp-1.9.8-1  mingw-w64-x86_64-libarchive-3.8.9-5  mingw-w64-x86_64-libb2-0.98.1-3  mingw-w64-x86_64-libffi-3.8.0-1  mingw-w64-x86_64-libiconv-1.19-1  mingw-w64-x86_64-libidn2-2.3.8-4  mingw-w64-x86_64-libpsl-0.21.5-3  mingw-w64-x86_64-libssh2-1.11.1-2  mingw-w64-x86_64-libtasn1-4.21.0-1  mingw-w64-x86_64-libunistring-1.4.2-1  mingw-w64-x86_64-libuv-1.52.1-1  mingw-w64-x86_64-libwinpthread-14.0.0.r302.gd7f3c5201-1  mingw-w64-x86_64-lz4-1.10.0-1  mingw-w64-x86_64-mpc-1.4.1-1  mingw-w64-x86_64-mpfr-4.2.2-3  mingw-w64-x86_64-nettle-4.0-1  mingw-w64-x86_64-nghttp2-1.70.0-1  mingw-w64-x86_64-nghttp3-1.18.0-1  mingw-w64-x86_64-ngtcp2-1.25.0-1  mingw-w64-x86_64-ninja-1.13.2-1  mingw-w64-x86_64-openssl-3.6.4-1  mingw-w64-x86_64-p11-kit-0.26.5-1  mingw-w64-x86_64-pcre2-10.47-1  mingw-w64-x86_64-pkgconf-1~3.0.5-1  mingw-w64-x86_64-rhash-1.4.6-1  mingw-w64-x86_64-tzdata-2026c-1  mingw-w64-x86_64-windows-default-manifest-20260815-1  mingw-w64-x86_64-wineditline-2.208-1  mingw-w64-x86_64-winpthreads-14.0.0.r302.gd7f3c5201-1  mingw-w64-x86_64-xz-5.8.3-1  mingw-w64-x86_64-zlib-1.3.2-2  mingw-w64-x86_64-zstd-1.5.7-2  openssh-10.5p1-2  perl-Authen-SASL-2.2000-1  perl-Clone-0.50-2  perl-Convert-BinHex-1.125-2  perl-Encode-Locale-1.05-2  perl-Error-0.17030-1  perl-File-Listing-6.16-1  perl-HTML-Parser-3.85-1  perl-HTML-Tagset-3.24-1  perl-HTTP-Cookies-6.12-1  perl-HTTP-Daemon-6.17-1  perl-HTTP-Date-6.08-1  perl-HTTP-Message-7.04-1  perl-HTTP-Negotiate-6.01-3  perl-IO-HTML-1.004-2  perl-IO-Socket-SSL-2.099-1  perl-IO-Stringy-2.113-3  perl-LWP-MediaTypes-6.04-2  perl-MIME-tools-5.517-1  perl-MailTools-2.22-1  perl-Net-HTTP-6.24-1  perl-Net-SMTP-SSL-1.04-2  perl-Net-SSLeay-1.96-1  perl-TermReadKey-2.38-8  perl-TimeDate-2.35-1  perl-Try-Tiny-0.32-1  perl-URI-5.36-1  perl-WWW-RobotRules-6.03-1  perl-http-cookiejar-0.014-1  perl-libwww-6.83-2  git-2.55.0-1  make-4.4.1-3  mingw-w64-x86_64-boost-1.91.0-3  mingw-w64-x86_64-cmake-4.4.2-2  mingw-w64-x86_64-gcc-16.2.0-3
2026-09-02T13:41:23.9386498Z 
2026-09-02T13:41:23.9386656Z Total Download Size:    154.18 MiB
2026-09-02T13:41:23.9387078Z Total Installed Size:  1023.08 MiB
2026-09-02T13:41:23.9387340Z 
2026-09-02T13:41:23.9387562Z :: Proceed with installation? [Y/n] 
2026-09-02T13:41:23.9387972Z :: Retrieving packages...
2026-09-02T13:41:54.7646747Z  mingw-w64-x86_64-gcc-16.2.0-3-any downloading...
2026-09-02T13:41:54.7647314Z  mingw-w64-x86_64-icu-78.3-4-any downloading...
2026-09-02T13:41:54.7647803Z  mingw-w64-x86_64-boost-1.91.0-3-any downloading...
2026-09-02T13:41:54.7648292Z  mingw-w64-x86_64-cmake-4.4.2-2-any downloading...
2026-09-02T13:41:54.7648744Z  mingw-w64-x86_64-openssl-3.6.4-1-any downloading...
2026-09-02T13:41:54.7649224Z  git-2.55.0-1-x86_64 downloading...
2026-09-02T13:41:54.7650289Z  mingw-w64-x86_64-headers-14.0.0.r302.gd7f3c5201-1-any downloading...
2026-09-02T13:41:54.7650930Z  mingw-w64-x86_64-binutils-2.47-3-any downloading...
2026-09-02T13:41:54.7651558Z  mingw-w64-x86_64-crt-14.0.0.r302.gd7f3c5201-1-any downloading...
2026-09-02T13:41:54.7652141Z  mingw-w64-x86_64-boost-libs-1.91.0-3-any downloading...
2026-09-02T13:41:54.7652508Z  mingw-w64-x86_64-gnutls-3.8.13-3-any downloading...
2026-09-02T13:41:54.7652837Z  mingw-w64-x86_64-libarchive-3.8.9-5-any downloading...
2026-09-02T13:41:54.7653153Z  mingw-w64-x86_64-curl-8.21.0-2-any downloading...
2026-09-02T13:41:54.7653447Z  mingw-w64-x86_64-isl-0.28-1-any downloading...
2026-09-02T13:41:54.7653748Z  mingw-w64-x86_64-pcre2-10.47-1-any downloading...
2026-09-02T13:41:54.7654046Z  openssh-10.5p1-2-x86_64 downloading...
2026-09-02T13:41:54.7654347Z  mingw-w64-x86_64-gcc-libs-16.2.0-3-any downloading...
2026-09-02T13:41:54.7654689Z  mingw-w64-x86_64-libunistring-1.4.2-1-any downloading...
2026-09-02T13:41:54.7655052Z  heimdal-libs-7.8.0-5-x86_64 downloading...
2026-09-02T13:41:54.7655342Z  mingw-w64-x86_64-libiconv-1.19-1-any downloading...
2026-09-02T13:41:54.7655647Z  mingw-w64-x86_64-zstd-1.5.7-2-any downloading...
2026-09-02T13:41:54.7655961Z  mingw-w64-x86_64-p11-kit-0.26.5-1-any downloading...
2026-09-02T13:41:54.7656272Z  mingw-w64-x86_64-gmp-6.3.0-2-any downloading...
2026-09-02T13:41:54.7656573Z  mingw-w64-x86_64-nettle-4.0-1-any downloading...
2026-09-02T13:41:54.7656869Z  heimdal-7.8.0-5-x86_64 downloading...
2026-09-02T13:41:54.7657154Z  mingw-w64-x86_64-mpfr-4.2.2-3-any downloading...
2026-09-02T13:41:54.7657697Z  mingw-w64-x86_64-cppdap-1.65.r11.g6464cd7-1-any downloading...
2026-09-02T13:41:54.7658110Z  make-4.4.1-3-x86_64 downloading...
2026-09-02T13:41:54.7658371Z  mingw-w64-x86_64-xz-5.8.3-1-any downloading...
2026-09-02T13:41:54.7658670Z  mingw-w64-x86_64-brotli-1.2.0-1-any downloading...
2026-09-02T13:41:54.7659259Z  mingw-w64-x86_64-gettext-runtime-1.0-1-any downloading...
2026-09-02T13:41:54.7659646Z  mingw-w64-x86_64-ca-certificates-20260816-1-any downloading...
2026-09-02T13:41:54.7660011Z  mingw-w64-x86_64-c-ares-1.34.8-1-any downloading...
2026-09-02T13:41:54.7660333Z  mingw-w64-x86_64-libssh2-1.11.1-2-any downloading...
2026-09-02T13:41:54.7660666Z  mingw-w64-x86_64-ngtcp2-1.25.0-1-any downloading...
2026-09-02T13:41:54.7661112Z  mingw-w64-x86_64-rhash-1.4.6-1-any downloading...
2026-09-02T13:41:54.7661419Z  perl-Net-SSLeay-1.96-1-x86_64 downloading...
2026-09-02T13:41:54.7661722Z  mingw-w64-x86_64-tzdata-2026c-1-any downloading...
2026-09-02T13:41:54.7662171Z  mingw-w64-x86_64-libuv-1.52.1-1-any downloading...
2026-09-02T13:41:54.7662643Z  mingw-w64-x86_64-jsoncpp-1.9.8-1-any downloading...
2026-09-02T13:41:54.7663121Z  mingw-w64-x86_64-nghttp2-1.70.0-1-any downloading...
2026-09-02T13:41:54.7663639Z  mingw-w64-x86_64-libtasn1-4.21.0-1-any downloading...
2026-09-02T13:41:54.7664154Z  mingw-w64-x86_64-expat-2.8.3-1-any downloading...
2026-09-02T13:41:54.7664634Z  mingw-w64-x86_64-ninja-1.13.2-1-any downloading...
2026-09-02T13:41:54.7665108Z  perl-MIME-tools-5.517-1-any downloading...
2026-09-02T13:41:54.7665590Z  mingw-w64-x86_64-libidn2-2.3.8-4-any downloading...
2026-09-02T13:41:54.7666074Z  mingw-w64-x86_64-lz4-1.10.0-1-any downloading...
2026-09-02T13:41:54.7666585Z  perl-IO-Socket-SSL-2.099-1-any downloading...
2026-09-02T13:41:54.7667055Z  mingw-w64-x86_64-pkgconf-1~3.0.5-1-any downloading...
2026-09-02T13:41:54.7667568Z  mingw-w64-x86_64-nghttp3-1.18.0-1-any downloading...
2026-09-02T13:41:54.7668106Z  mingw-w64-x86_64-mpc-1.4.1-1-any downloading...
2026-09-02T13:41:54.7668578Z  perl-libwww-6.83-2-any downloading...
2026-09-02T13:41:54.7669047Z  mingw-w64-x86_64-zlib-1.3.2-2-any downloading...
2026-09-02T13:41:54.7669575Z  perl-URI-5.36-1-any downloading...
2026-09-02T13:41:54.7670056Z  mingw-w64-x86_64-libpsl-0.21.5-3-any downloading...
2026-09-02T13:41:54.7670632Z  mingw-w64-x86_64-bzip2-1.0.8-4-any downloading...
2026-09-02T13:41:54.7671178Z  libedit-20240808_3.1-1-x86_64 downloading...
2026-09-02T13:41:54.7671680Z  libfido2-1.17.0-1-x86_64 downloading...
2026-09-02T13:41:54.7672185Z  perl-HTML-Parser-3.85-1-x86_64 downloading...
2026-09-02T13:41:54.7672710Z  perl-HTTP-Message-7.04-1-any downloading...
2026-09-02T13:41:54.7673154Z  perl-TimeDate-2.35-1-any downloading...
2026-09-02T13:41:54.7673614Z  mingw-w64-x86_64-wineditline-2.208-1-any downloading...
2026-09-02T13:41:54.7674052Z  perl-MailTools-2.22-1-any downloading...
2026-09-02T13:41:54.7674359Z  mingw-w64-x86_64-libffi-3.8.0-1-any downloading...
2026-09-02T13:41:54.7674664Z  perl-IO-Stringy-2.113-3-any downloading...
2026-09-02T13:41:54.7675202Z  mingw-w64-x86_64-winpthreads-14.0.0.r302.gd7f3c5201-1-any downloading...
2026-09-02T13:41:54.7675943Z  perl-Authen-SASL-2.2000-1-any downloading...
2026-09-02T13:41:54.7676533Z  mingw-w64-x86_64-libwinpthread-14.0.0.r302.gd7f3c5201-1-any downloading...
2026-09-02T13:41:54.7677256Z  perl-Convert-BinHex-1.125-2-any downloading...
2026-09-02T13:41:54.7677574Z  mingw-w64-x86_64-libb2-0.98.1-3-any downloading...
2026-09-02T13:41:54.7677882Z  libcbor-0.14.0-2-x86_64 downloading...
2026-09-02T13:41:54.7678159Z  perl-HTTP-Cookies-6.12-1-any downloading...
2026-09-02T13:41:54.7678438Z  perl-Net-HTTP-6.24-1-any downloading...
2026-09-02T13:41:54.7678732Z  perl-Error-0.17030-1-any downloading...
2026-09-02T13:41:54.7679014Z  perl-TermReadKey-2.38-8-x86_64 downloading...
2026-09-02T13:41:54.7679309Z  perl-HTTP-Daemon-6.17-1-any downloading...
2026-09-02T13:41:54.7679610Z  perl-LWP-MediaTypes-6.04-2-any downloading...
2026-09-02T13:41:54.7679892Z  perl-Try-Tiny-0.32-1-any downloading...
2026-09-02T13:41:54.7680150Z  perl-Clone-0.50-2-x86_64 downloading...
2026-09-02T13:41:54.7680406Z  perl-IO-HTML-1.004-2-any downloading...
2026-09-02T13:41:54.7681066Z  perl-WWW-RobotRules-6.03-1-any downloading...
2026-09-02T13:41:54.7681501Z  perl-http-cookiejar-0.014-1-any downloading...
2026-09-02T13:41:54.7682199Z  perl-HTTP-Negotiate-6.01-3-any downloading...
2026-09-02T13:41:54.7682655Z  perl-Encode-Locale-1.05-2-any downloading...
2026-09-02T13:41:54.7683129Z  perl-HTML-Tagset-3.24-1-any downloading...
2026-09-02T13:41:54.7683566Z  perl-File-Listing-6.16-1-any downloading...
2026-09-02T13:41:54.7684008Z  perl-HTTP-Date-6.08-1-any downloading...
2026-09-02T13:41:54.7685560Z  perl-Net-SMTP-SSL-1.04-2-any downloading...
2026-09-02T13:41:54.7686160Z  mingw-w64-x86_64-windows-default-manifest-20260815-1-any downloading...
2026-09-02T13:41:54.7686735Z checking keyring...
2026-09-02T13:41:54.8341758Z checking package integrity...
2026-09-02T13:42:09.9776087Z loading package files...
2026-09-02T13:42:10.3823362Z checking for file conflicts...
2026-09-02T13:42:12.5974478Z :: Processing package changes...
2026-09-02T13:42:12.5974942Z installing libedit...
2026-09-02T13:42:12.6254452Z installing heimdal-libs...
2026-09-02T13:42:12.6433302Z installing heimdal...
2026-09-02T13:42:13.1780216Z installing libcbor...
2026-09-02T13:42:13.1807295Z installing libfido2...
2026-09-02T13:42:13.1841326Z installing openssh...
2026-09-02T13:42:13.2203440Z installing perl-Error...
2026-09-02T13:42:13.2273331Z installing perl-Authen-SASL...
2026-09-02T13:42:13.2469952Z installing perl-Encode-Locale...
2026-09-02T13:42:13.2522428Z installing perl-HTTP-Date...
2026-09-02T13:42:13.2573639Z installing perl-File-Listing...
2026-09-02T13:42:13.2632838Z installing perl-HTML-Tagset...
2026-09-02T13:42:13.2689227Z installing perl-Clone...
2026-09-02T13:42:13.2736360Z installing perl-IO-HTML...
2026-09-02T13:42:13.2801838Z installing perl-LWP-MediaTypes...
2026-09-02T13:42:13.2868263Z installing perl-URI...
2026-09-02T13:42:13.3424592Z installing perl-HTTP-Message...
2026-09-02T13:42:13.3587605Z installing perl-HTML-Parser...
2026-09-02T13:42:13.3723250Z installing perl-HTTP-Cookies...
2026-09-02T13:42:13.3796210Z installing perl-HTTP-Daemon...
2026-09-02T13:42:13.3839620Z installing perl-http-cookiejar...
2026-09-02T13:42:13.3900595Z installing perl-HTTP-Negotiate...
2026-09-02T13:42:13.3942849Z installing perl-Net-HTTP...
2026-09-02T13:42:13.4037514Z installing perl-WWW-RobotRules...
2026-09-02T13:42:13.4118163Z installing perl-Try-Tiny...
2026-09-02T13:42:13.4188840Z installing perl-libwww...
2026-09-02T13:42:13.4485434Z Optional dependencies for perl-libwww
2026-09-02T13:42:13.4486139Z     perl-LWP-Protocol-https: for https:// url schemes
2026-09-02T13:42:13.4486688Z installing perl-TimeDate...
2026-09-02T13:42:13.5035561Z installing perl-MailTools...
2026-09-02T13:42:13.5273318Z installing perl-IO-Stringy...
2026-09-02T13:42:13.5393160Z installing perl-Convert-BinHex...
2026-09-02T13:42:13.6895600Z module test... pass.
2026-09-02T13:42:13.6906624Z installing perl-MIME-tools...
2026-09-02T13:42:13.7250108Z installing perl-Net-SSLeay...
2026-09-02T13:42:13.7892956Z installing perl-IO-Socket-SSL...
2026-09-02T13:42:13.8007324Z installing perl-Net-SMTP-SSL...
2026-09-02T13:42:13.8047865Z installing perl-TermReadKey...
2026-09-02T13:42:13.8117636Z installing git...
2026-09-02T13:42:14.2849541Z Optional dependencies for git
2026-09-02T13:42:14.2850078Z     python: various helper scripts
2026-09-02T13:42:14.2850483Z     subversion: git svn
2026-09-02T13:42:14.2850870Z     aspell: spell checking in git gui
2026-09-02T13:42:14.2851330Z installing make...
2026-09-02T13:42:14.3140355Z installing mingw-w64-x86_64-libwinpthread...
2026-09-02T13:42:14.3180800Z installing mingw-w64-x86_64-tzdata...
2026-09-02T13:42:15.7008902Z installing mingw-w64-x86_64-gcc-libs...
2026-09-02T13:42:15.7178302Z installing mingw-w64-x86_64-bzip2...
2026-09-02T13:42:15.7339709Z installing mingw-w64-x86_64-icu...
2026-09-02T13:42:16.0736477Z installing mingw-w64-x86_64-libiconv...
2026-09-02T13:42:16.0942486Z installing mingw-w64-x86_64-gettext-runtime...
2026-09-02T13:42:16.2037116Z installing mingw-w64-x86_64-xz...
2026-09-02T13:42:16.2983134Z installing mingw-w64-x86_64-zstd...
2026-09-02T13:42:16.3179528Z installing mingw-w64-x86_64-zlib...
2026-09-02T13:42:16.3254538Z installing mingw-w64-x86_64-boost-libs...
2026-09-02T13:42:16.3720833Z installing mingw-w64-x86_64-boost...
2026-09-02T13:42:28.3455239Z Optional dependencies for mingw-w64-x86_64-boost
2026-09-02T13:42:28.3455865Z     mingw-w64-x86_64-python: For Boost.Python
2026-09-02T13:42:28.3456730Z     mingw-w64-x86_64-python-numpy: For Boost.Python (NumPy)
2026-09-02T13:42:28.3457252Z installing mingw-w64-x86_64-cppdap...
2026-09-02T13:42:28.3697642Z installing mingw-w64-x86_64-c-ares...
2026-09-02T13:42:28.4659078Z installing mingw-w64-x86_64-brotli...
2026-09-02T13:42:28.4852513Z installing mingw-w64-x86_64-libunistring...
2026-09-02T13:42:28.5275300Z installing mingw-w64-x86_64-libidn2...
2026-09-02T13:42:28.5517354Z installing mingw-w64-x86_64-libpsl...
2026-09-02T13:42:28.5597436Z installing mingw-w64-x86_64-libtasn1...
2026-09-02T13:42:28.5939074Z installing mingw-w64-x86_64-libffi...
2026-09-02T13:42:28.6031903Z installing mingw-w64-x86_64-p11-kit...
2026-09-02T13:42:28.7927082Z installing mingw-w64-x86_64-ca-certificates...
2026-09-02T13:42:29.4321283Z installing mingw-w64-x86_64-openssl...
2026-09-02T13:42:34.1345833Z Optional dependencies for mingw-w64-x86_64-openssl
2026-09-02T13:42:34.1346416Z     mingw-w64-x86_64-ca-certificates [installed]
2026-09-02T13:42:34.1346826Z installing mingw-w64-x86_64-libssh2...
2026-09-02T13:42:34.2464127Z installing mingw-w64-x86_64-nghttp2...
2026-09-02T13:42:34.2607876Z installing mingw-w64-x86_64-gmp...
2026-09-02T13:42:34.2753471Z installing mingw-w64-x86_64-nettle...
2026-09-02T13:42:34.3233189Z installing mingw-w64-x86_64-gnutls...
2026-09-02T13:42:35.1624640Z installing mingw-w64-x86_64-ngtcp2...
2026-09-02T13:42:35.1815034Z installing mingw-w64-x86_64-nghttp3...
2026-09-02T13:42:35.1929224Z installing mingw-w64-x86_64-curl...
2026-09-02T13:42:35.5273888Z installing mingw-w64-x86_64-expat...
2026-09-02T13:42:35.5408178Z installing mingw-w64-x86_64-jsoncpp...
2026-09-02T13:42:35.5573600Z installing mingw-w64-x86_64-libb2...
2026-09-02T13:42:35.5638250Z installing mingw-w64-x86_64-lz4...
2026-09-02T13:42:35.5767467Z installing mingw-w64-x86_64-wineditline...
2026-09-02T13:42:35.5841461Z installing mingw-w64-x86_64-pcre2...
2026-09-02T13:42:35.7394242Z installing mingw-w64-x86_64-libarchive...
2026-09-02T13:42:35.8097286Z installing mingw-w64-x86_64-libuv...
2026-09-02T13:42:35.8284758Z installing mingw-w64-x86_64-ninja...
2026-09-02T13:42:35.8334100Z installing mingw-w64-x86_64-pkgconf...
2026-09-02T13:42:35.8516886Z installing mingw-w64-x86_64-rhash...
2026-09-02T13:42:35.8824300Z installing mingw-w64-x86_64-cmake...
2026-09-02T13:42:38.6276224Z Optional dependencies for mingw-w64-x86_64-cmake
2026-09-02T13:42:38.6276603Z     mingw-w64-x86_64-emacs: for cmake emacs mode
2026-09-02T13:42:38.6276904Z installing mingw-w64-x86_64-binutils...
2026-09-02T13:42:38.8345176Z installing mingw-w64-x86_64-headers...
2026-09-02T13:42:39.9032527Z installing mingw-w64-x86_64-crt...
2026-09-02T13:42:40.4635240Z installing mingw-w64-x86_64-isl...
2026-09-02T13:42:40.8811819Z installing mingw-w64-x86_64-mpfr...
2026-09-02T13:42:40.9014888Z installing mingw-w64-x86_64-mpc...
2026-09-02T13:42:40.9079501Z installing mingw-w64-x86_64-windows-default-manifest...
2026-09-02T13:42:40.9106226Z installing mingw-w64-x86_64-winpthreads...
2026-09-02T13:42:40.9196430Z installing mingw-w64-x86_64-gcc...
2026-09-02T13:42:42.2165412Z :: Running post-transaction hooks...
2026-09-02T13:42:42.2165963Z (1/1) Updating the info directory file...
2026-09-02T13:42:42.5432917Z ##[endgroup]
2026-09-02T13:42:42.5675907Z ##[group]Run cmake --version
2026-09-02T13:42:42.5676335Z [36;1mcmake --version[0m
2026-09-02T13:42:42.5676568Z [36;1mg++ --version[0m
2026-09-02T13:42:42.5681705Z shell: D:\a\_temp\setup-msys2\msys2.CMD {0}
2026-09-02T13:42:42.5682374Z env:
2026-09-02T13:42:42.5682748Z   OPENFHE_COMMIT: df495ba2e91739a6dc8f1de254fc5a41155ce504
2026-09-02T13:42:42.5683111Z   OPENFHE_PREFIX: C:\openfhe-2023-1788\openfhe-install
2026-09-02T13:42:42.5683423Z   WINDOWS_ROOT: C:\openfhe-2023-1788
2026-09-02T13:42:42.5683699Z   PROJECT_SOURCE: C:\openfhe-2023-1788\cleanroom
2026-09-02T13:42:42.5684024Z   OPENFHE_SOURCE: C:\openfhe-2023-1788\openfhe-src
2026-09-02T13:42:42.5684397Z   OPENFHE_BUILD: C:\openfhe-2023-1788\openfhe-build-33637147696-1
2026-09-02T13:42:42.5684987Z   PROJECT_BUILD: C:\openfhe-2023-1788\project-build-33637147696-1
2026-09-02T13:42:42.5685304Z   MSYSTEM: MINGW64
2026-09-02T13:42:42.5685509Z ##[endgroup]
2026-09-02T13:42:42.7735860Z cmake version 4.4.2
2026-09-02T13:42:42.7736403Z 
2026-09-02T13:42:42.7736867Z CMake suite maintained and supported by Kitware (kitware.com/cmake).
2026-09-02T13:42:42.8016354Z g++.exe (Rev3, Built by MSYS2 project) 16.2.0
2026-09-02T13:42:42.8016897Z Copyright (C) 2026 Free Software Foundation, Inc.
2026-09-02T13:42:42.8017519Z This is free software; see the source for copying conditions.  There is NO
2026-09-02T13:42:42.8018371Z warranty; not even for MERCHANTABILITY or FITNESS FOR A PARTICULAR PURPOSE.
2026-09-02T13:42:42.8018857Z 
2026-09-02T13:42:42.8190827Z ##[group]Run source="$(cygpath -u "$OPENFHE_SOURCE")"
2026-09-02T13:42:42.8191318Z [36;1msource="$(cygpath -u "$OPENFHE_SOURCE")"[0m
2026-09-02T13:42:42.8191661Z [36;1mactual="$(git -C "$source" rev-parse HEAD)"[0m
2026-09-02T13:42:42.8191986Z [36;1mtest "$actual" = "$OPENFHE_COMMIT"[0m
2026-09-02T13:42:42.8192311Z [36;1mtest -z "$(git -C "$source" status --porcelain)"[0m
2026-09-02T13:42:42.8192653Z [36;1mgit -C "$source" submodule status --recursive[0m
2026-09-02T13:42:42.8194812Z shell: D:\a\_temp\setup-msys2\msys2.CMD {0}
2026-09-02T13:42:42.8195090Z env:
2026-09-02T13:42:42.8195349Z   OPENFHE_COMMIT: df495ba2e91739a6dc8f1de254fc5a41155ce504
2026-09-02T13:42:42.8195714Z   OPENFHE_PREFIX: C:\openfhe-2023-1788\openfhe-install
2026-09-02T13:42:42.8196021Z   WINDOWS_ROOT: C:\openfhe-2023-1788
2026-09-02T13:42:42.8196295Z   PROJECT_SOURCE: C:\openfhe-2023-1788\cleanroom
2026-09-02T13:42:42.8196604Z   OPENFHE_SOURCE: C:\openfhe-2023-1788\openfhe-src
2026-09-02T13:42:42.8197019Z   OPENFHE_BUILD: C:\openfhe-2023-1788\openfhe-build-33637147696-1
2026-09-02T13:42:42.8197416Z   PROJECT_BUILD: C:\openfhe-2023-1788\project-build-33637147696-1
2026-09-02T13:42:42.8197733Z   MSYSTEM: MINGW64
2026-09-02T13:42:42.8197936Z ##[endgroup]
2026-09-02T13:42:44.0836792Z  984e3f194862b17916536b5fade40cba6e47a6fe third-party/cereal (heads/main)
2026-09-02T13:42:44.1822001Z  eddb0241389718a23a42db6af5f0164b6e0139af third-party/google-benchmark (eddb024)
2026-09-02T13:42:44.2835675Z  52eb8108c5bdec04579160ae17225d66034bd723 third-party/google-test (52eb810)
2026-09-02T13:42:44.4894616Z  83edb60836d87cf1b406e8846b9059c03031e8f5 third-party/gperftools (83edb60)
2026-09-02T13:42:44.5247580Z ##[group]Run prefix="$(cygpath -u "$OPENFHE_PREFIX")"
2026-09-02T13:42:44.5248076Z [36;1mprefix="$(cygpath -u "$OPENFHE_PREFIX")"[0m
2026-09-02T13:42:44.5248419Z [36;1msource="$(cygpath -u "$OPENFHE_SOURCE")"[0m
2026-09-02T13:42:44.5248761Z [36;1mbuild="$(cygpath -u "$OPENFHE_BUILD")"[0m
2026-09-02T13:42:44.5249068Z [36;1mcmake -S "$source" -B "$build" \[0m
2026-09-02T13:42:44.5249353Z [36;1m  -DCMAKE_BUILD_TYPE=Release \[0m
2026-09-02T13:42:44.5249681Z [36;1m  -DCMAKE_INSTALL_PREFIX="$prefix" \[0m
2026-09-02T13:42:44.5250010Z [36;1m  -DBUILD_UNITTESTS=OFF \[0m
2026-09-02T13:42:44.5250290Z [36;1m  -DBUILD_EXAMPLES=OFF \[0m
2026-09-02T13:42:44.5250554Z [36;1m  -DBUILD_BENCHMARKS=OFF \[0m
2026-09-02T13:42:44.5250812Z [36;1m  -DBUILD_EXTRAS=OFF \[0m
2026-09-02T13:42:44.5251061Z [36;1m  -DWITH_OPENMP=ON[0m
2026-09-02T13:42:44.5253038Z shell: D:\a\_temp\setup-msys2\msys2.CMD {0}
2026-09-02T13:42:44.5253319Z env:
2026-09-02T13:42:44.5253659Z   OPENFHE_COMMIT: df495ba2e91739a6dc8f1de254fc5a41155ce504
2026-09-02T13:42:44.5254031Z   OPENFHE_PREFIX: C:\openfhe-2023-1788\openfhe-install
2026-09-02T13:42:44.5254364Z   WINDOWS_ROOT: C:\openfhe-2023-1788
2026-09-02T13:42:44.5254663Z   PROJECT_SOURCE: C:\openfhe-2023-1788\cleanroom
2026-09-02T13:42:44.5254991Z   OPENFHE_SOURCE: C:\openfhe-2023-1788\openfhe-src
2026-09-02T13:42:44.5255374Z   OPENFHE_BUILD: C:\openfhe-2023-1788\openfhe-build-33637147696-1
2026-09-02T13:42:44.5255790Z   PROJECT_BUILD: C:\openfhe-2023-1788\project-build-33637147696-1
2026-09-02T13:42:44.5256279Z   MSYSTEM: MINGW64
2026-09-02T13:42:44.5256486Z ##[endgroup]
2026-09-02T13:42:44.9553936Z -- The C compiler identification is GNU 16.2.0
2026-09-02T13:42:45.1338220Z -- The CXX compiler identification is GNU 16.2.0
2026-09-02T13:42:45.1776983Z -- Detecting C compiler ABI info
2026-09-02T13:42:45.5974826Z -- Detecting C compiler ABI info - done
2026-09-02T13:42:45.6307249Z -- Check for working C compiler: D:/a/_temp/msys64/mingw64/bin/cc.exe - skipped
2026-09-02T13:42:45.6311137Z -- Detecting C compile features
2026-09-02T13:42:45.6316753Z -- Detecting C compile features - done
2026-09-02T13:42:45.6702149Z -- Detecting CXX compiler ABI info
2026-09-02T13:42:46.0739377Z -- Detecting CXX compiler ABI info - done
2026-09-02T13:42:46.1075886Z -- Check for working CXX compiler: D:/a/_temp/msys64/mingw64/bin/c++.exe - skipped
2026-09-02T13:42:46.1080549Z -- Detecting CXX compile features
2026-09-02T13:42:46.1088485Z -- Detecting CXX compile features - done
2026-09-02T13:42:46.1247072Z -- Building in Release mode
2026-09-02T13:42:46.1247563Z -- BUILD_UNITTESTS:    OFF
2026-09-02T13:42:46.1247936Z -- BUILD_EXAMPLES:     OFF
2026-09-02T13:42:46.1248283Z -- BUILD_BENCHMARKS:   OFF
2026-09-02T13:42:46.1248613Z -- BUILD_EXTRAS:       OFF
2026-09-02T13:42:46.1248918Z -- BUILD_STATIC:       OFF
2026-09-02T13:42:46.1249233Z -- BUILD_SHARED:       ON
2026-09-02T13:42:46.1249526Z -- GIT_SUBMOD_AUTO:    ON
2026-09-02T13:42:46.1249794Z -- WITH_BE2:           OFF
2026-09-02T13:42:46.1250125Z -- WITH_BE4:           OFF
2026-09-02T13:42:46.1250411Z -- WITH_NTL:           OFF
2026-09-02T13:42:46.1250621Z -- WITH_TCM:           OFF
2026-09-02T13:42:46.1250845Z -- WITH_OPENMP:        ON
2026-09-02T13:42:46.1251056Z -- NATIVE_SIZE:        64
2026-09-02T13:42:46.1251267Z -- CKKS_M_FACTOR:      1
2026-09-02T13:42:46.1251483Z -- WITH_NATIVEOPT:     OFF
2026-09-02T13:42:46.1251777Z -- WITH_COVTEST:       OFF
2026-09-02T13:42:46.1252094Z -- WITH_NOISE_DEBUG:   OFF
2026-09-02T13:42:46.1252382Z -- WITH_REDUCED_NOISE: OFF
2026-09-02T13:42:46.1252601Z -- USE_MACPORTS:       OFF
2026-09-02T13:42:46.1252820Z -- BUILTIN_INFO_AVAILABLE is defined
2026-09-02T13:42:46.1253333Z ***** INSTALL IS AT C:/openfhe-2023-1788/openfhe-install; to change, run cmake with -DCMAKE_INSTALL_PREFIX=/your/path
2026-09-02T13:42:46.1487144Z -- Architecture is x86_64
2026-09-02T13:42:46.1504234Z -- Looking for sys/types.h
2026-09-02T13:42:46.5340131Z -- Looking for sys/types.h - found
2026-09-02T13:42:46.5422959Z -- Looking for stdint.h
2026-09-02T13:42:46.9142171Z -- Looking for stdint.h - found
2026-09-02T13:42:46.9143507Z -- Looking for stddef.h
2026-09-02T13:42:47.2929758Z -- Looking for stddef.h - found
2026-09-02T13:42:47.2930227Z -- Check size of __int128
2026-09-02T13:42:47.7026170Z -- Check size of __int128 - done
2026-09-02T13:42:47.7028942Z -- Check size of uint64_t
2026-09-02T13:42:48.0924798Z -- Check size of uint64_t - done
2026-09-02T13:42:48.0925829Z -- NATIVEINT is set to 64
2026-09-02T13:42:48.0926203Z -- MATHBACKEND is set to 4
2026-09-02T13:42:48.0926561Z -- MATHBACKEND set to 4. Setting WITH_BE4 to ON
2026-09-02T13:42:49.3124934Z -- Found OpenMP_C: -fopenmp (found version "5.2")
2026-09-02T13:42:49.7015761Z -- Found OpenMP_CXX: -fopenmp (found version "5.2")
2026-09-02T13:42:49.7020011Z -- Found OpenMP: TRUE (found version "5.2")
2026-09-02T13:42:49.7185522Z -- Found Git: D:/a/_temp/msys64/usr/bin/git.exe (found version "2.55.0")
2026-09-02T13:42:49.7186044Z -- Submodule update
2026-09-02T13:42:50.2248366Z Synchronizing submodule url for 'third-party/cereal'
2026-09-02T13:42:50.2544086Z Synchronizing submodule url for 'third-party/google-benchmark'
2026-09-02T13:42:50.2836052Z Synchronizing submodule url for 'third-party/google-test'
2026-09-02T13:42:50.3125902Z Synchronizing submodule url for 'third-party/gperftools'
2026-09-02T13:42:50.8311971Z -- Configuring done (6.0s)
2026-09-02T13:42:51.0911245Z -- Generating done (0.3s)
2026-09-02T13:42:51.0923719Z -- Build files have been written to: C:/openfhe-2023-1788/openfhe-build-33637147696-1
2026-09-02T13:42:51.1178578Z ##[group]Run build="$(cygpath -u "$OPENFHE_BUILD")"
2026-09-02T13:42:51.1179069Z [36;1mbuild="$(cygpath -u "$OPENFHE_BUILD")"[0m
2026-09-02T13:42:51.1179378Z [36;1mcmake --build "$build" --parallel 2[0m
2026-09-02T13:42:51.1179654Z [36;1mcmake --install "$build"[0m
2026-09-02T13:42:51.1181581Z shell: D:\a\_temp\setup-msys2\msys2.CMD {0}
2026-09-02T13:42:51.1181837Z env:
2026-09-02T13:42:51.1182073Z   OPENFHE_COMMIT: df495ba2e91739a6dc8f1de254fc5a41155ce504
2026-09-02T13:42:51.1182430Z   OPENFHE_PREFIX: C:\openfhe-2023-1788\openfhe-install
2026-09-02T13:42:51.1182784Z   WINDOWS_ROOT: C:\openfhe-2023-1788
2026-09-02T13:42:51.1183071Z   PROJECT_SOURCE: C:\openfhe-2023-1788\cleanroom
2026-09-02T13:42:51.1183385Z   OPENFHE_SOURCE: C:\openfhe-2023-1788\openfhe-src
2026-09-02T13:42:51.1183733Z   OPENFHE_BUILD: C:\openfhe-2023-1788\openfhe-build-33637147696-1
2026-09-02T13:42:51.1184114Z   PROJECT_BUILD: C:\openfhe-2023-1788\project-build-33637147696-1
2026-09-02T13:42:51.1184499Z   MSYSTEM: MINGW64
2026-09-02T13:42:51.1184700Z ##[endgroup]
2026-09-02T13:42:51.5575504Z -- Copied demoData files
2026-09-02T13:42:51.6037582Z [  0%] Built target third-party
2026-09-02T13:42:51.7493699Z [  1%] Building CXX object src/core/CMakeFiles/coreobj.dir/lib/lattice/constants-lattice-impl.cpp.obj
2026-09-02T13:42:51.7575628Z [  2%] Building CXX object src/core/CMakeFiles/coreobj.dir/lib/lattice/lattice.cpp.obj
2026-09-02T13:42:52.6155532Z [  3%] Building CXX object src/core/CMakeFiles/coreobj.dir/lib/lattice/stdlatticeparms.cpp.obj
2026-09-02T13:42:53.8720110Z [  4%] Building CXX object src/core/CMakeFiles/coreobj.dir/lib/lattice/trapdoor-dcrtpoly.cpp.obj
2026-09-02T13:43:02.2013390Z [  5%] Building CXX object src/core/CMakeFiles/coreobj.dir/lib/lattice/trapdoor-poly.cpp.obj
2026-09-02T13:43:12.2965052Z [  6%] Building CXX object src/core/CMakeFiles/coreobj.dir/lib/math/chebyshev.cpp.obj
2026-09-02T13:43:13.1083410Z [  6%] Building CXX object src/core/CMakeFiles/coreobj.dir/lib/math/dftransform.cpp.obj
2026-09-02T13:43:14.6367816Z [  7%] Building CXX object src/core/CMakeFiles/coreobj.dir/lib/math/discretegaussiangeneratorgeneric.cpp.obj
2026-09-02T13:43:14.7203751Z [  8%] Building CXX object src/core/CMakeFiles/coreobj.dir/lib/math/distributiongenerator.cpp.obj
2026-09-02T13:43:15.5943098Z [  9%] Building CXX object src/core/CMakeFiles/coreobj.dir/lib/math/hal/bigintdyn/be4-math-impl.cpp.obj
2026-09-02T13:43:16.5027974Z [ 10%] Building CXX object src/core/CMakeFiles/coreobj.dir/lib/math/hal/bigintdyn/mubintvecdyn.cpp.obj
2026-09-02T13:43:19.4815314Z [ 11%] Building CXX object src/core/CMakeFiles/coreobj.dir/lib/math/hal/bigintdyn/ubintdyn.cpp.obj
2026-09-02T13:43:21.5916956Z [ 12%] Building CXX object src/core/CMakeFiles/coreobj.dir/lib/math/hal/bigintfxd/be2-math-impl.cpp.obj
2026-09-02T13:43:21.7106268Z [ 13%] Building CXX object src/core/CMakeFiles/coreobj.dir/lib/math/hal/bigintfxd/mubintvecfxd.cpp.obj
2026-09-02T13:43:21.8241677Z [ 14%] Building CXX object src/core/CMakeFiles/coreobj.dir/lib/math/hal/bigintfxd/ubintfxd.cpp.obj
2026-09-02T13:43:21.9444924Z [ 15%] Building CXX object src/core/CMakeFiles/coreobj.dir/lib/math/hal/bigintntl/be6-math-impl.cpp.obj
2026-09-02T13:43:22.0510956Z [ 15%] Building CXX object src/core/CMakeFiles/coreobj.dir/lib/math/hal/bigintntl/mubintvecntl.cpp.obj
2026-09-02T13:43:22.1671987Z [ 16%] Building CXX object src/core/CMakeFiles/coreobj.dir/lib/math/hal/bigintntl/ubintntl.cpp.obj
2026-09-02T13:43:22.2784670Z [ 17%] Building CXX object src/core/CMakeFiles/coreobj.dir/lib/math/hal/intnat/benative-math-impl.cpp.obj
2026-09-02T13:43:22.8378344Z [ 18%] Building CXX object src/core/CMakeFiles/coreobj.dir/lib/math/hal/intnat/mubintvecnat.cpp.obj
2026-09-02T13:43:25.5810687Z [ 19%] Building CXX object src/core/CMakeFiles/coreobj.dir/lib/math/hermite.cpp.obj
2026-09-02T13:43:26.8123166Z [ 20%] Building CXX object src/core/CMakeFiles/coreobj.dir/lib/math/matrix.cpp.obj
2026-09-02T13:43:28.1645725Z [ 21%] Building CXX object src/core/CMakeFiles/coreobj.dir/lib/math/nbtheory2.cpp.obj
2026-09-02T13:43:30.0407646Z [ 22%] Building CXX object src/core/CMakeFiles/coreobj.dir/lib/utils/blockAllocator/blockAllocator.cpp.obj
2026-09-02T13:43:30.7122604Z [ 23%] Building CXX object src/core/CMakeFiles/coreobj.dir/lib/utils/blockAllocator/xallocator.cpp.obj
2026-09-02T13:43:31.6373771Z [ 24%] Building CXX object src/core/CMakeFiles/coreobj.dir/lib/utils/debug.cpp.obj
2026-09-02T13:43:31.7919933Z [ 24%] Building CXX object src/core/CMakeFiles/coreobj.dir/lib/utils/demangle.cpp.obj
2026-09-02T13:43:32.1282327Z [ 25%] Building CXX object src/core/CMakeFiles/coreobj.dir/lib/utils/get-call-stack.cpp.obj
2026-09-02T13:43:32.1596130Z [ 26%] Building CXX object src/core/CMakeFiles/coreobj.dir/lib/utils/hashutil.cpp.obj
2026-09-02T13:43:32.5001747Z [ 27%] Building CXX object src/core/CMakeFiles/coreobj.dir/lib/utils/inttypes.cpp.obj
2026-09-02T13:43:32.9006877Z [ 28%] Building CXX object src/core/CMakeFiles/coreobj.dir/lib/utils/memory.cpp.obj
2026-09-02T13:43:32.9873493Z [ 29%] Building CXX object src/core/CMakeFiles/coreobj.dir/lib/utils/openfhebase64.cpp.obj
2026-09-02T13:43:33.3313287Z [ 30%] Building CXX object src/core/CMakeFiles/coreobj.dir/lib/utils/parallel.cpp.obj
2026-09-02T13:43:33.4447562Z [ 31%] Building C object src/core/CMakeFiles/coreobj.dir/lib/utils/prng/blake2b-ref.c.obj
2026-09-02T13:43:33.4793774Z [ 32%] Building CXX object src/core/CMakeFiles/coreobj.dir/lib/utils/prng/blake2engine.cpp.obj
2026-09-02T13:43:33.8660718Z [ 34%] Building C object src/core/CMakeFiles/coreobj.dir/lib/utils/prng/blake2xb-ref.c.obj
2026-09-02T13:43:34.0536777Z [ 34%] Building CXX object src/core/CMakeFiles/coreobj.dir/lib/utils/utilities.cpp.obj
2026-09-02T13:43:34.4966118Z [ 34%] Built target coreobj
2026-09-02T13:43:34.6194200Z [ 35%] Linking CXX shared library ../../lib/libOPENFHEcore.dll
2026-09-02T13:43:35.2177515Z [ 35%] Built target OPENFHEcore
2026-09-02T13:43:35.3401824Z [ 36%] Building CXX object src/binfhe/CMakeFiles/binfheobj.dir/lib/binfhe-base-scheme.cpp.obj
2026-09-02T13:43:35.3458186Z [ 37%] Building CXX object src/binfhe/CMakeFiles/binfheobj.dir/lib/binfhe-constants-impl.cpp.obj
2026-09-02T13:43:36.0611943Z [ 38%] Building CXX object src/binfhe/CMakeFiles/binfheobj.dir/lib/binfhecontext.cpp.obj
2026-09-02T13:43:40.0981650Z [ 39%] Building CXX object src/binfhe/CMakeFiles/binfheobj.dir/lib/lwe-pke.cpp.obj
2026-09-02T13:43:40.2333139Z [ 40%] Building CXX object src/binfhe/CMakeFiles/binfheobj.dir/lib/rgsw-acc-cggi.cpp.obj
2026-09-02T13:43:42.4640761Z [ 41%] Building CXX object src/binfhe/CMakeFiles/binfheobj.dir/lib/rgsw-acc-dm.cpp.obj
2026-09-02T13:43:42.9815284Z [ 41%] Building CXX object src/binfhe/CMakeFiles/binfheobj.dir/lib/rgsw-acc-lmkcdey.cpp.obj
2026-09-02T13:43:45.1643204Z [ 42%] Building CXX object src/binfhe/CMakeFiles/binfheobj.dir/lib/rgsw-acc.cpp.obj
2026-09-02T13:43:46.2849084Z [ 43%] Building CXX object src/binfhe/CMakeFiles/binfheobj.dir/lib/rgsw-cryptoparameters.cpp.obj
2026-09-02T13:43:48.6139822Z [ 43%] Built target binfheobj
2026-09-02T13:43:48.7357594Z [ 43%] Linking CXX shared library ../../lib/libOPENFHEbinfhe.dll
2026-09-02T13:43:49.0653925Z [ 43%] Built target OPENFHEbinfhe
2026-09-02T13:43:49.1943947Z [ 44%] Building CXX object src/pke/CMakeFiles/pkeobj.dir/lib/ciphertext-impl.cpp.obj
2026-09-02T13:43:49.2007898Z [ 45%] Building CXX object src/pke/CMakeFiles/pkeobj.dir/lib/constants-impl.cpp.obj
2026-09-02T13:43:50.8050212Z [ 46%] Building CXX object src/pke/CMakeFiles/pkeobj.dir/lib/cryptocontext.cpp.obj
2026-09-02T13:43:55.1588115Z [ 47%] Building CXX object src/pke/CMakeFiles/pkeobj.dir/lib/cryptocontextfactory.cpp.obj
2026-09-02T13:44:00.6184618Z [ 48%] Building CXX object src/pke/CMakeFiles/pkeobj.dir/lib/cryptoobject-impl.cpp.obj
2026-09-02T13:44:03.2303906Z [ 49%] Building CXX object src/pke/CMakeFiles/pkeobj.dir/lib/encoding/ckkspackedencoding.cpp.obj
2026-09-02T13:44:05.3983483Z [ 50%] Building CXX object src/pke/CMakeFiles/pkeobj.dir/lib/encoding/coefpackedencoding.cpp.obj
2026-09-02T13:44:07.6061882Z [ 51%] Building CXX object src/pke/CMakeFiles/pkeobj.dir/lib/encoding/encodingparams.cpp.obj
2026-09-02T13:44:08.8419632Z [ 51%] Building CXX object src/pke/CMakeFiles/pkeobj.dir/lib/encoding/packedencoding.cpp.obj
2026-09-02T13:44:09.2921711Z [ 52%] Building CXX object src/pke/CMakeFiles/pkeobj.dir/lib/encoding/stringencoding.cpp.obj
2026-09-02T13:44:13.0490149Z [ 53%] Building CXX object src/pke/CMakeFiles/pkeobj.dir/lib/globals-impl.cpp.obj
2026-09-02T13:44:13.1812378Z [ 54%] Building CXX object src/pke/CMakeFiles/pkeobj.dir/lib/key/evalkey.cpp.obj
2026-09-02T13:44:15.4063931Z [ 55%] Building CXX object src/pke/CMakeFiles/pkeobj.dir/lib/key/evalkeyrelin.cpp.obj
2026-09-02T13:44:15.8409598Z [ 56%] Building CXX object src/pke/CMakeFiles/pkeobj.dir/lib/key/privatekey.cpp.obj
2026-09-02T13:44:20.1343235Z [ 57%] Building CXX object src/pke/CMakeFiles/pkeobj.dir/lib/key/publickey.cpp.obj
2026-09-02T13:44:20.2360559Z [ 58%] Building CXX object src/pke/CMakeFiles/pkeobj.dir/lib/keyswitch/keyswitch-base.cpp.obj
2026-09-02T13:44:23.2423383Z [ 59%] Building CXX object src/pke/CMakeFiles/pkeobj.dir/lib/keyswitch/keyswitch-bv.cpp.obj
2026-09-02T13:44:24.9833086Z [ 60%] Building CXX object src/pke/CMakeFiles/pkeobj.dir/lib/keyswitch/keyswitch-hybrid.cpp.obj
2026-09-02T13:44:28.5975458Z [ 60%] Building CXX object src/pke/CMakeFiles/pkeobj.dir/lib/scheme/bfvrns/bfvrns-cryptoparameters.cpp.obj
2026-09-02T13:44:30.6349025Z [ 61%] Building CXX object src/pke/CMakeFiles/pkeobj.dir/lib/scheme/bfvrns/bfvrns-leveledshe.cpp.obj
2026-09-02T13:44:36.4120222Z [ 62%] Building CXX object src/pke/CMakeFiles/pkeobj.dir/lib/scheme/bfvrns/bfvrns-multiparty.cpp.obj
2026-09-02T13:44:37.4186002Z [ 63%] Building CXX object src/pke/CMakeFiles/pkeobj.dir/lib/scheme/bfvrns/bfvrns-parametergeneration.cpp.obj
2026-09-02T13:44:41.6556311Z [ 64%] Building CXX object src/pke/CMakeFiles/pkeobj.dir/lib/scheme/bfvrns/bfvrns-pke.cpp.obj
2026-09-02T13:44:41.8146311Z [ 65%] Building CXX object src/pke/CMakeFiles/pkeobj.dir/lib/scheme/bfvrns/bfvrns-scheme.cpp.obj
2026-09-02T13:44:47.4973497Z [ 67%] Building CXX object src/pke/CMakeFiles/pkeobj.dir/lib/scheme/bgvrns/bgvrns-cryptoparameters.cpp.obj
2026-09-02T13:44:48.3120708Z [ 68%] Building CXX object src/pke/CMakeFiles/pkeobj.dir/lib/scheme/bgvrns/bgvrns-leveledshe.cpp.obj
2026-09-02T13:44:50.7124659Z [ 69%] Building CXX object src/pke/CMakeFiles/pkeobj.dir/lib/scheme/bgvrns/bgvrns-multiparty.cpp.obj
2026-09-02T13:44:51.3715851Z [ 70%] Building CXX object src/pke/CMakeFiles/pkeobj.dir/lib/scheme/bgvrns/bgvrns-parametergeneration.cpp.obj
2026-09-02T13:44:55.3491816Z [ 70%] Building CXX object src/pke/CMakeFiles/pkeobj.dir/lib/scheme/bgvrns/bgvrns-pke.cpp.obj
2026-09-02T13:44:56.0946561Z [ 71%] Building CXX object src/pke/CMakeFiles/pkeobj.dir/lib/scheme/bgvrns/bgvrns-scheme.cpp.obj
2026-09-02T13:44:59.9544690Z [ 72%] Building CXX object src/pke/CMakeFiles/pkeobj.dir/lib/scheme/ckksrns/ckksrns-advancedshe.cpp.obj
2026-09-02T13:45:02.4076779Z [ 73%] Building CXX object src/pke/CMakeFiles/pkeobj.dir/lib/scheme/ckksrns/ckksrns-cryptoparameters.cpp.obj
2026-09-02T13:45:05.4211301Z [ 74%] Building CXX object src/pke/CMakeFiles/pkeobj.dir/lib/scheme/ckksrns/ckksrns-fhe.cpp.obj
2026-09-02T13:45:07.0195713Z [ 75%] Building CXX object src/pke/CMakeFiles/pkeobj.dir/lib/scheme/ckksrns/ckksrns-leveledshe.cpp.obj
2026-09-02T13:45:12.9047989Z [ 76%] Building CXX object src/pke/CMakeFiles/pkeobj.dir/lib/scheme/ckksrns/ckksrns-multiparty.cpp.obj
2026-09-02T13:45:19.2527996Z [ 77%] Building CXX object src/pke/CMakeFiles/pkeobj.dir/lib/scheme/ckksrns/ckksrns-parametergeneration.cpp.obj
2026-09-02T13:45:20.3847067Z [ 78%] Building CXX object src/pke/CMakeFiles/pkeobj.dir/lib/scheme/ckksrns/ckksrns-pke.cpp.obj
2026-09-02T13:45:22.8090540Z [ 79%] Building CXX object src/pke/CMakeFiles/pkeobj.dir/lib/scheme/ckksrns/ckksrns-scheme.cpp.obj
2026-09-02T13:45:25.0785205Z [ 79%] Building CXX object src/pke/CMakeFiles/pkeobj.dir/lib/scheme/ckksrns/ckksrns-schemeswitching.cpp.obj
2026-09-02T13:45:29.1663772Z [ 80%] Building CXX object src/pke/CMakeFiles/pkeobj.dir/lib/scheme/ckksrns/ckksrns-utils.cpp.obj
2026-09-02T13:45:33.3064156Z [ 81%] Building CXX object src/pke/CMakeFiles/pkeobj.dir/lib/scheme/gen-cryptocontext-params-impl.cpp.obj
2026-09-02T13:45:34.3327877Z [ 82%] Building CXX object src/pke/CMakeFiles/pkeobj.dir/lib/scheme/gen-cryptocontext-params-validation.cpp.obj
2026-09-02T13:45:35.5005084Z [ 83%] Building CXX object src/pke/CMakeFiles/pkeobj.dir/lib/scheme/scheme-id-impl.cpp.obj
2026-09-02T13:45:36.3354353Z [ 84%] Building CXX object src/pke/CMakeFiles/pkeobj.dir/lib/scheme/scheme-swch-params.cpp.obj
2026-09-02T13:45:37.6301371Z [ 85%] Building CXX object src/pke/CMakeFiles/pkeobj.dir/lib/schemebase/base-advancedshe.cpp.obj
2026-09-02T13:45:38.2281116Z [ 86%] Building CXX object src/pke/CMakeFiles/pkeobj.dir/lib/schemebase/base-cryptoparameters.cpp.obj
2026-09-02T13:45:40.1351624Z [ 87%] Building CXX object src/pke/CMakeFiles/pkeobj.dir/lib/schemebase/base-fhe.cpp.obj
2026-09-02T13:45:42.8213792Z [ 88%] Building CXX object src/pke/CMakeFiles/pkeobj.dir/lib/schemebase/base-leveledshe.cpp.obj
2026-09-02T13:45:45.3680634Z [ 88%] Building CXX object src/pke/CMakeFiles/pkeobj.dir/lib/schemebase/base-multiparty.cpp.obj
2026-09-02T13:45:49.9742674Z [ 89%] Building CXX object src/pke/CMakeFiles/pkeobj.dir/lib/schemebase/base-parametergeneration.cpp.obj
2026-09-02T13:45:51.4370168Z [ 90%] Building CXX object src/pke/CMakeFiles/pkeobj.dir/lib/schemebase/base-pke.cpp.obj
2026-09-02T13:45:51.5790080Z [ 91%] Building CXX object src/pke/CMakeFiles/pkeobj.dir/lib/schemebase/base-pre.cpp.obj
2026-09-02T13:45:56.7326955Z [ 92%] Building CXX object src/pke/CMakeFiles/pkeobj.dir/lib/schemebase/base-scheme.cpp.obj
2026-09-02T13:45:57.3918294Z [ 93%] Building CXX object src/pke/CMakeFiles/pkeobj.dir/lib/schemebase/rlwe-cryptoparameters-impl.cpp.obj
2026-09-02T13:45:59.4541893Z [ 94%] Building CXX object src/pke/CMakeFiles/pkeobj.dir/lib/schemelet/rlwe-mp.cpp.obj
2026-09-02T13:46:03.2547094Z [ 95%] Building CXX object src/pke/CMakeFiles/pkeobj.dir/lib/schemerns/rns-cryptoparameters.cpp.obj
2026-09-02T13:46:05.5899855Z [ 96%] Building CXX object src/pke/CMakeFiles/pkeobj.dir/lib/schemerns/rns-leveledshe.cpp.obj
2026-09-02T13:46:08.3460650Z [ 97%] Building CXX object src/pke/CMakeFiles/pkeobj.dir/lib/schemerns/rns-multiparty.cpp.obj
2026-09-02T13:46:11.3495730Z [ 98%] Building CXX object src/pke/CMakeFiles/pkeobj.dir/lib/schemerns/rns-pke.cpp.obj
2026-09-02T13:46:16.2618148Z [ 98%] Built target pkeobj
2026-09-02T13:46:16.3958162Z [100%] Linking CXX shared library ../../lib/libOPENFHEpke.dll
2026-09-02T13:46:17.2558341Z [100%] Built target OPENFHEpke
2026-09-02T13:46:17.3622571Z -- Install configuration: "Release"
2026-09-02T13:46:17.3632782Z -- Installing: C:/openfhe-2023-1788/openfhe-install/include/openfhe/core/config_core.h
2026-09-02T13:46:17.3642008Z -- Installing: C:/openfhe-2023-1788/openfhe-install/include/openfhe/cereal
2026-09-02T13:46:17.3648442Z -- Installing: C:/openfhe-2023-1788/openfhe-install/include/openfhe/cereal/access.hpp
2026-09-02T13:46:17.3655405Z -- Installing: C:/openfhe-2023-1788/openfhe-install/include/openfhe/cereal/archives
2026-09-02T13:46:17.3661626Z -- Installing: C:/openfhe-2023-1788/openfhe-install/include/openfhe/cereal/archives/adapters.hpp
2026-09-02T13:46:17.3668816Z -- Installing: C:/openfhe-2023-1788/openfhe-install/include/openfhe/cereal/archives/binary.hpp
2026-09-02T13:46:17.3675779Z -- Installing: C:/openfhe-2023-1788/openfhe-install/include/openfhe/cereal/archives/json.hpp
2026-09-02T13:46:17.3684146Z -- Installing: C:/openfhe-2023-1788/openfhe-install/include/openfhe/cereal/archives/portable_binary.hpp
2026-09-02T13:46:17.3691171Z -- Installing: C:/openfhe-2023-1788/openfhe-install/include/openfhe/cereal/archives/xml.hpp
2026-09-02T13:46:17.3698583Z -- Installing: C:/openfhe-2023-1788/openfhe-install/include/openfhe/cereal/cereal.hpp
2026-09-02T13:46:17.3706156Z -- Installing: C:/openfhe-2023-1788/openfhe-install/include/openfhe/cereal/details
2026-09-02T13:46:17.3712766Z -- Installing: C:/openfhe-2023-1788/openfhe-install/include/openfhe/cereal/details/helpers.hpp
2026-09-02T13:46:17.3719871Z -- Installing: C:/openfhe-2023-1788/openfhe-install/include/openfhe/cereal/details/polymorphic_impl.hpp
2026-09-02T13:46:17.3727885Z -- Installing: C:/openfhe-2023-1788/openfhe-install/include/openfhe/cereal/details/polymorphic_impl_fwd.hpp
2026-09-02T13:46:17.3734522Z -- Installing: C:/openfhe-2023-1788/openfhe-install/include/openfhe/cereal/details/static_object.hpp
2026-09-02T13:46:17.3759624Z -- Installing: C:/openfhe-2023-1788/openfhe-install/include/openfhe/cereal/details/traits.hpp
2026-09-02T13:46:17.3768757Z -- Installing: C:/openfhe-2023-1788/openfhe-install/include/openfhe/cereal/details/util.hpp
2026-09-02T13:46:17.3776048Z -- Installing: C:/openfhe-2023-1788/openfhe-install/include/openfhe/cereal/external
2026-09-02T13:46:17.3782966Z -- Installing: C:/openfhe-2023-1788/openfhe-install/include/openfhe/cereal/external/base64.hpp
2026-09-02T13:46:17.3790115Z -- Installing: C:/openfhe-2023-1788/openfhe-install/include/openfhe/cereal/external/LICENSE
2026-09-02T13:46:17.3796447Z -- Installing: C:/openfhe-2023-1788/openfhe-install/include/openfhe/cereal/external/rapidjson
2026-09-02T13:46:17.3803391Z -- Installing: C:/openfhe-2023-1788/openfhe-install/include/openfhe/cereal/external/rapidjson/allocators.h
2026-09-02T13:46:17.3811494Z -- Installing: C:/openfhe-2023-1788/openfhe-install/include/openfhe/cereal/external/rapidjson/cursorstreamwrapper.h
2026-09-02T13:46:17.3818022Z -- Installing: C:/openfhe-2023-1788/openfhe-install/include/openfhe/cereal/external/rapidjson/document.h
2026-09-02T13:46:17.3827668Z -- Installing: C:/openfhe-2023-1788/openfhe-install/include/openfhe/cereal/external/rapidjson/encodedstream.h
2026-09-02T13:46:17.3855196Z -- Installing: C:/openfhe-2023-1788/openfhe-install/include/openfhe/cereal/external/rapidjson/encodings.h
2026-09-02T13:46:17.3866275Z -- Installing: C:/openfhe-2023-1788/openfhe-install/include/openfhe/cereal/external/rapidjson/error
2026-09-02T13:46:17.3871589Z -- Installing: C:/openfhe-2023-1788/openfhe-install/include/openfhe/cereal/external/rapidjson/error/en.h
2026-09-02T13:46:17.3878504Z -- Installing: C:/openfhe-2023-1788/openfhe-install/include/openfhe/cereal/external/rapidjson/error/error.h
2026-09-02T13:46:17.3885747Z -- Installing: C:/openfhe-2023-1788/openfhe-install/include/openfhe/cereal/external/rapidjson/filereadstream.h
2026-09-02T13:46:17.3892767Z -- Installing: C:/openfhe-2023-1788/openfhe-install/include/openfhe/cereal/external/rapidjson/filewritestream.h
2026-09-02T13:46:17.3931866Z -- Installing: C:/openfhe-2023-1788/openfhe-install/include/openfhe/cereal/external/rapidjson/fwd.h
2026-09-02T13:46:17.3938617Z -- Installing: C:/openfhe-2023-1788/openfhe-install/include/openfhe/cereal/external/rapidjson/internal
2026-09-02T13:46:17.3946268Z -- Installing: C:/openfhe-2023-1788/openfhe-install/include/openfhe/cereal/external/rapidjson/internal/biginteger.h
2026-09-02T13:46:17.3953870Z -- Installing: C:/openfhe-2023-1788/openfhe-install/include/openfhe/cereal/external/rapidjson/internal/diyfp.h
2026-09-02T13:46:17.3960946Z -- Installing: C:/openfhe-2023-1788/openfhe-install/include/openfhe/cereal/external/rapidjson/internal/dtoa.h
2026-09-02T13:46:17.3968615Z -- Installing: C:/openfhe-2023-1788/openfhe-install/include/openfhe/cereal/external/rapidjson/internal/ieee754.h
2026-09-02T13:46:17.3975657Z -- Installing: C:/openfhe-2023-1788/openfhe-install/include/openfhe/cereal/external/rapidjson/internal/itoa.h
2026-09-02T13:46:17.3982610Z -- Installing: C:/openfhe-2023-1788/openfhe-install/include/openfhe/cereal/external/rapidjson/internal/meta.h
2026-09-02T13:46:17.4048006Z -- Installing: C:/openfhe-2023-1788/openfhe-install/include/openfhe/cereal/external/rapidjson/internal/pow10.h
2026-09-02T13:46:17.4057123Z -- Installing: C:/openfhe-2023-1788/openfhe-install/include/openfhe/cereal/external/rapidjson/internal/regex.h
2026-09-02T13:46:17.4066200Z -- Installing: C:/openfhe-2023-1788/openfhe-install/include/openfhe/cereal/external/rapidjson/internal/stack.h
2026-09-02T13:46:17.4072924Z -- Installing: C:/openfhe-2023-1788/openfhe-install/include/openfhe/cereal/external/rapidjson/internal/strfunc.h
2026-09-02T13:46:17.4079952Z -- Installing: C:/openfhe-2023-1788/openfhe-install/include/openfhe/cereal/external/rapidjson/internal/strtod.h
2026-09-02T13:46:17.4087189Z -- Installing: C:/openfhe-2023-1788/openfhe-install/include/openfhe/cereal/external/rapidjson/internal/swap.h
2026-09-02T13:46:17.4093948Z -- Installing: C:/openfhe-2023-1788/openfhe-install/include/openfhe/cereal/external/rapidjson/istreamwrapper.h
2026-09-02T13:46:17.4101180Z -- Installing: C:/openfhe-2023-1788/openfhe-install/include/openfhe/cereal/external/rapidjson/LICENSE
2026-09-02T13:46:17.4108002Z -- Installing: C:/openfhe-2023-1788/openfhe-install/include/openfhe/cereal/external/rapidjson/memorybuffer.h
2026-09-02T13:46:17.4114778Z -- Installing: C:/openfhe-2023-1788/openfhe-install/include/openfhe/cereal/external/rapidjson/memorystream.h
2026-09-02T13:46:17.4122685Z -- Installing: C:/openfhe-2023-1788/openfhe-install/include/openfhe/cereal/external/rapidjson/msinttypes
2026-09-02T13:46:17.4130606Z -- Installing: C:/openfhe-2023-1788/openfhe-install/include/openfhe/cereal/external/rapidjson/msinttypes/inttypes.h
2026-09-02T13:46:17.4137877Z -- Installing: C:/openfhe-2023-1788/openfhe-install/include/openfhe/cereal/external/rapidjson/msinttypes/LICENSE
2026-09-02T13:46:17.4144669Z -- Installing: C:/openfhe-2023-1788/openfhe-install/include/openfhe/cereal/external/rapidjson/msinttypes/stdint.h
2026-09-02T13:46:17.4151764Z -- Installing: C:/openfhe-2023-1788/openfhe-install/include/openfhe/cereal/external/rapidjson/ostreamwrapper.h
2026-09-02T13:46:17.4160043Z -- Installing: C:/openfhe-2023-1788/openfhe-install/include/openfhe/cereal/external/rapidjson/pointer.h
2026-09-02T13:46:17.4169162Z -- Installing: C:/openfhe-2023-1788/openfhe-install/include/openfhe/cereal/external/rapidjson/prettywriter.h
2026-09-02T13:46:17.4176598Z -- Installing: C:/openfhe-2023-1788/openfhe-install/include/openfhe/cereal/external/rapidjson/rapidjson.h
2026-09-02T13:46:17.4184081Z -- Installing: C:/openfhe-2023-1788/openfhe-install/include/openfhe/cereal/external/rapidjson/reader.h
2026-09-02T13:46:17.4193699Z -- Installing: C:/openfhe-2023-1788/openfhe-install/include/openfhe/cereal/external/rapidjson/schema.h
2026-09-02T13:46:17.4202724Z -- Installing: C:/openfhe-2023-1788/openfhe-install/include/openfhe/cereal/external/rapidjson/stream.h
2026-09-02T13:46:17.4210953Z -- Installing: C:/openfhe-2023-1788/openfhe-install/include/openfhe/cereal/external/rapidjson/stringbuffer.h
2026-09-02T13:46:17.4217994Z -- Installing: C:/openfhe-2023-1788/openfhe-install/include/openfhe/cereal/external/rapidjson/writer.h
2026-09-02T13:46:17.4239792Z -- Installing: C:/openfhe-2023-1788/openfhe-install/include/openfhe/cereal/external/rapidxml
2026-09-02T13:46:17.4247149Z -- Installing: C:/openfhe-2023-1788/openfhe-install/include/openfhe/cereal/external/rapidxml/license.txt
2026-09-02T13:46:17.4254392Z -- Installing: C:/openfhe-2023-1788/openfhe-install/include/openfhe/cereal/external/rapidxml/manual.html
2026-09-02T13:46:17.4264869Z -- Installing: C:/openfhe-2023-1788/openfhe-install/include/openfhe/cereal/external/rapidxml/rapidxml.hpp
2026-09-02T13:46:17.4275050Z -- Installing: C:/openfhe-2023-1788/openfhe-install/include/openfhe/cereal/external/rapidxml/rapidxml_iterators.hpp
2026-09-02T13:46:17.4281742Z -- Installing: C:/openfhe-2023-1788/openfhe-install/include/openfhe/cereal/external/rapidxml/rapidxml_print.hpp
2026-09-02T13:46:17.4302614Z -- Installing: C:/openfhe-2023-1788/openfhe-install/include/openfhe/cereal/external/rapidxml/rapidxml_utils.hpp
2026-09-02T13:46:17.4309479Z -- Installing: C:/openfhe-2023-1788/openfhe-install/include/openfhe/cereal/macros.hpp
2026-09-02T13:46:17.4316852Z -- Installing: C:/openfhe-2023-1788/openfhe-install/include/openfhe/cereal/specialize.hpp
2026-09-02T13:46:17.4336993Z -- Installing: C:/openfhe-2023-1788/openfhe-install/include/openfhe/cereal/types
2026-09-02T13:46:17.4343778Z -- Installing: C:/openfhe-2023-1788/openfhe-install/include/openfhe/cereal/types/array.hpp
2026-09-02T13:46:17.4351205Z -- Installing: C:/openfhe-2023-1788/openfhe-install/include/openfhe/cereal/types/atomic.hpp
2026-09-02T13:46:17.4358113Z -- Installing: C:/openfhe-2023-1788/openfhe-install/include/openfhe/cereal/types/base_class.hpp
2026-09-02T13:46:17.4365470Z -- Installing: C:/openfhe-2023-1788/openfhe-install/include/openfhe/cereal/types/bitset.hpp
2026-09-02T13:46:17.4372319Z -- Installing: C:/openfhe-2023-1788/openfhe-install/include/openfhe/cereal/types/boost_variant.hpp
2026-09-02T13:46:17.4393339Z -- Installing: C:/openfhe-2023-1788/openfhe-install/include/openfhe/cereal/types/chrono.hpp
2026-09-02T13:46:17.4400464Z -- Installing: C:/openfhe-2023-1788/openfhe-install/include/openfhe/cereal/types/common.hpp
2026-09-02T13:46:17.4407245Z -- Installing: C:/openfhe-2023-1788/openfhe-install/include/openfhe/cereal/types/complex.hpp
2026-09-02T13:46:17.4413622Z -- Installing: C:/openfhe-2023-1788/openfhe-install/include/openfhe/cereal/types/concepts
2026-09-02T13:46:17.4420800Z -- Installing: C:/openfhe-2023-1788/openfhe-install/include/openfhe/cereal/types/concepts/pair_associative_container.hpp
2026-09-02T13:46:17.4427392Z -- Installing: C:/openfhe-2023-1788/openfhe-install/include/openfhe/cereal/types/deque.hpp
2026-09-02T13:46:17.4434917Z -- Installing: C:/openfhe-2023-1788/openfhe-install/include/openfhe/cereal/types/forward_list.hpp
2026-09-02T13:46:17.4442188Z -- Installing: C:/openfhe-2023-1788/openfhe-install/include/openfhe/cereal/types/functional.hpp
2026-09-02T13:46:17.4449180Z -- Installing: C:/openfhe-2023-1788/openfhe-install/include/openfhe/cereal/types/list.hpp
2026-09-02T13:46:17.4455644Z -- Installing: C:/openfhe-2023-1788/openfhe-install/include/openfhe/cereal/types/map.hpp
2026-09-02T13:46:17.4462507Z -- Installing: C:/openfhe-2023-1788/openfhe-install/include/openfhe/cereal/types/memory.hpp
2026-09-02T13:46:17.4469765Z -- Installing: C:/openfhe-2023-1788/openfhe-install/include/openfhe/cereal/types/optional.hpp
2026-09-02T13:46:17.4476830Z -- Installing: C:/openfhe-2023-1788/openfhe-install/include/openfhe/cereal/types/polymorphic.hpp
2026-09-02T13:46:17.4485963Z -- Installing: C:/openfhe-2023-1788/openfhe-install/include/openfhe/cereal/types/queue.hpp
2026-09-02T13:46:17.4493486Z -- Installing: C:/openfhe-2023-1788/openfhe-install/include/openfhe/cereal/types/set.hpp
2026-09-02T13:46:17.4500320Z -- Installing: C:/openfhe-2023-1788/openfhe-install/include/openfhe/cereal/types/stack.hpp
2026-09-02T13:46:17.4507331Z -- Installing: C:/openfhe-2023-1788/openfhe-install/include/openfhe/cereal/types/string.hpp
2026-09-02T13:46:17.4514144Z -- Installing: C:/openfhe-2023-1788/openfhe-install/include/openfhe/cereal/types/tuple.hpp
2026-09-02T13:46:17.4521918Z -- Installing: C:/openfhe-2023-1788/openfhe-install/include/openfhe/cereal/types/unordered_map.hpp
2026-09-02T13:46:17.4528837Z -- Installing: C:/openfhe-2023-1788/openfhe-install/include/openfhe/cereal/types/unordered_set.hpp
2026-09-02T13:46:17.4540834Z -- Installing: C:/openfhe-2023-1788/openfhe-install/include/openfhe/cereal/types/utility.hpp
2026-09-02T13:46:17.4548942Z -- Installing: C:/openfhe-2023-1788/openfhe-install/include/openfhe/cereal/types/valarray.hpp
2026-09-02T13:46:17.4555730Z -- Installing: C:/openfhe-2023-1788/openfhe-install/include/openfhe/cereal/types/variant.hpp
2026-09-02T13:46:17.4566719Z -- Installing: C:/openfhe-2023-1788/openfhe-install/include/openfhe/cereal/types/vector.hpp
2026-09-02T13:46:17.4574166Z -- Installing: C:/openfhe-2023-1788/openfhe-install/include/openfhe/cereal/version.hpp
2026-09-02T13:46:17.4592050Z -- Installing: C:/openfhe-2023-1788/openfhe-install/lib/libOPENFHEcore.dll.a
2026-09-02T13:46:17.4644481Z -- Installing: C:/openfhe-2023-1788/openfhe-install/lib/libOPENFHEcore.dll
2026-09-02T13:46:17.4704979Z -- Installing: C:/openfhe-2023-1788/openfhe-install/include/openfhe/core/lattice
2026-09-02T13:46:17.4716444Z -- Installing: C:/openfhe-2023-1788/openfhe-install/include/openfhe/core/lattice/constants-lattice.h
2026-09-02T13:46:17.4723013Z -- Installing: C:/openfhe-2023-1788/openfhe-install/include/openfhe/core/lattice/dgsampling-impl.h
2026-09-02T13:46:17.4730453Z -- Installing: C:/openfhe-2023-1788/openfhe-install/include/openfhe/core/lattice/dgsampling.h
2026-09-02T13:46:17.4741259Z -- Installing: C:/openfhe-2023-1788/openfhe-install/include/openfhe/core/lattice/field2n-impl.h
2026-09-02T13:46:17.4761673Z -- Installing: C:/openfhe-2023-1788/openfhe-install/include/openfhe/core/lattice/field2n.h
2026-09-02T13:46:17.4768755Z -- Installing: C:/openfhe-2023-1788/openfhe-install/include/openfhe/core/lattice/hal
2026-09-02T13:46:17.4820984Z -- Installing: C:/openfhe-2023-1788/openfhe-install/include/openfhe/core/lattice/hal/dcrtpoly-interface.h
2026-09-02T13:46:17.4830005Z -- Installing: C:/openfhe-2023-1788/openfhe-install/include/openfhe/core/lattice/hal/default
2026-09-02T13:46:17.4839327Z -- Installing: C:/openfhe-2023-1788/openfhe-install/include/openfhe/core/lattice/hal/default/dcrtpoly-impl.h
2026-09-02T13:46:17.4896764Z -- Installing: C:/openfhe-2023-1788/openfhe-install/include/openfhe/core/lattice/hal/default/dcrtpoly.h
2026-09-02T13:46:17.4907039Z -- Installing: C:/openfhe-2023-1788/openfhe-install/include/openfhe/core/lattice/hal/default/ildcrtparams.h
2026-09-02T13:46:17.4916267Z -- Installing: C:/openfhe-2023-1788/openfhe-install/include/openfhe/core/lattice/hal/default/ilparams.h
2026-09-02T13:46:17.4997693Z -- Installing: C:/openfhe-2023-1788/openfhe-install/include/openfhe/core/lattice/hal/default/poly-impl.h
2026-09-02T13:46:17.5166762Z -- Installing: C:/openfhe-2023-1788/openfhe-install/include/openfhe/core/lattice/hal/default/poly.h
2026-09-02T13:46:17.5175168Z -- Installing: C:/openfhe-2023-1788/openfhe-install/include/openfhe/core/lattice/hal/elemparams.h
2026-09-02T13:46:17.5187219Z -- Installing: C:/openfhe-2023-1788/openfhe-install/include/openfhe/core/lattice/hal/lat-backend.h
2026-09-02T13:46:17.5208975Z -- Installing: C:/openfhe-2023-1788/openfhe-install/include/openfhe/core/lattice/hal/poly-interface.h
2026-09-02T13:46:17.5217471Z -- Installing: C:/openfhe-2023-1788/openfhe-install/include/openfhe/core/lattice/hal/README.md
2026-09-02T13:46:17.5227914Z -- Installing: C:/openfhe-2023-1788/openfhe-install/include/openfhe/core/lattice/ilelement.h
2026-09-02T13:46:17.5235809Z -- Installing: C:/openfhe-2023-1788/openfhe-install/include/openfhe/core/lattice/lat-hal.h
2026-09-02T13:46:17.5243573Z -- Installing: C:/openfhe-2023-1788/openfhe-install/include/openfhe/core/lattice/matrix-lattice-impl.h
2026-09-02T13:46:17.5256294Z -- Installing: C:/openfhe-2023-1788/openfhe-install/include/openfhe/core/lattice/README.md
2026-09-02T13:46:17.5265798Z -- Installing: C:/openfhe-2023-1788/openfhe-install/include/openfhe/core/lattice/stdlatticeparms.h
2026-09-02T13:46:17.5275113Z -- Installing: C:/openfhe-2023-1788/openfhe-install/include/openfhe/core/lattice/trapdoor-impl.h
2026-09-02T13:46:17.5286534Z -- Installing: C:/openfhe-2023-1788/openfhe-install/include/openfhe/core/lattice/trapdoor.h
2026-09-02T13:46:17.5294996Z -- Installing: C:/openfhe-2023-1788/openfhe-install/include/openfhe/core/lattice/trapdoorparameters.h
2026-09-02T13:46:17.5303699Z -- Installing: C:/openfhe-2023-1788/openfhe-install/include/openfhe/core/math
2026-09-02T13:46:17.5314355Z -- Installing: C:/openfhe-2023-1788/openfhe-install/include/openfhe/core/math/binaryuniformgenerator-impl.h
2026-09-02T13:46:17.5322975Z -- Installing: C:/openfhe-2023-1788/openfhe-install/include/openfhe/core/math/binaryuniformgenerator.h
2026-09-02T13:46:17.5330540Z -- Installing: C:/openfhe-2023-1788/openfhe-install/include/openfhe/core/math/chebyshev.h
2026-09-02T13:46:17.5356994Z -- Installing: C:/openfhe-2023-1788/openfhe-install/include/openfhe/core/math/dftransform.h
2026-09-02T13:46:17.5365148Z -- Installing: C:/openfhe-2023-1788/openfhe-install/include/openfhe/core/math/discretegaussiangenerator-impl.h
2026-09-02T13:46:17.5373346Z -- Installing: C:/openfhe-2023-1788/openfhe-install/include/openfhe/core/math/discretegaussiangenerator.h
2026-09-02T13:46:17.5384898Z -- Installing: C:/openfhe-2023-1788/openfhe-install/include/openfhe/core/math/discretegaussiangeneratorgeneric.h
2026-09-02T13:46:17.5393235Z -- Installing: C:/openfhe-2023-1788/openfhe-install/include/openfhe/core/math/discreteuniformgenerator-impl.h
2026-09-02T13:46:17.5401037Z -- Installing: C:/openfhe-2023-1788/openfhe-install/include/openfhe/core/math/discreteuniformgenerator.h
2026-09-02T13:46:17.5412125Z -- Installing: C:/openfhe-2023-1788/openfhe-install/include/openfhe/core/math/distrgen.h
2026-09-02T13:46:17.5419776Z -- Installing: C:/openfhe-2023-1788/openfhe-install/include/openfhe/core/math/distributiongenerator.h
2026-09-02T13:46:17.5427265Z -- Installing: C:/openfhe-2023-1788/openfhe-install/include/openfhe/core/math/hal
2026-09-02T13:46:17.5438378Z -- Installing: C:/openfhe-2023-1788/openfhe-install/include/openfhe/core/math/hal/basicint.h
2026-09-02T13:46:17.5445980Z -- Installing: C:/openfhe-2023-1788/openfhe-install/include/openfhe/core/math/hal/bigintbackend.h
2026-09-02T13:46:17.5453447Z -- Installing: C:/openfhe-2023-1788/openfhe-install/include/openfhe/core/math/hal/bigintdyn
2026-09-02T13:46:17.5464543Z -- Installing: C:/openfhe-2023-1788/openfhe-install/include/openfhe/core/math/hal/bigintdyn/backenddyn.h
2026-09-02T13:46:17.5471223Z -- Installing: C:/openfhe-2023-1788/openfhe-install/include/openfhe/core/math/hal/bigintdyn/mubintvecdyn.h
2026-09-02T13:46:17.5479935Z -- Installing: C:/openfhe-2023-1788/openfhe-install/include/openfhe/core/math/hal/bigintdyn/transformdyn-impl.h
2026-09-02T13:46:17.5504105Z -- Installing: C:/openfhe-2023-1788/openfhe-install/include/openfhe/core/math/hal/bigintdyn/transformdyn.h
2026-09-02T13:46:17.5512454Z -- Installing: C:/openfhe-2023-1788/openfhe-install/include/openfhe/core/math/hal/bigintdyn/ubintdyn.h
2026-09-02T13:46:17.5519995Z -- Installing: C:/openfhe-2023-1788/openfhe-install/include/openfhe/core/math/hal/bigintfxd
2026-09-02T13:46:17.5557025Z -- Installing: C:/openfhe-2023-1788/openfhe-install/include/openfhe/core/math/hal/bigintfxd/backendfxd.h
2026-09-02T13:46:17.5563470Z -- Installing: C:/openfhe-2023-1788/openfhe-install/include/openfhe/core/math/hal/bigintfxd/mubintvecfxd.h
2026-09-02T13:46:17.5570737Z -- Installing: C:/openfhe-2023-1788/openfhe-install/include/openfhe/core/math/hal/bigintfxd/transformfxd-impl.h
2026-09-02T13:46:17.5595743Z -- Installing: C:/openfhe-2023-1788/openfhe-install/include/openfhe/core/math/hal/bigintfxd/transformfxd.h
2026-09-02T13:46:17.5603264Z -- Installing: C:/openfhe-2023-1788/openfhe-install/include/openfhe/core/math/hal/bigintfxd/ubintfxd.h
2026-09-02T13:46:17.5611384Z -- Installing: C:/openfhe-2023-1788/openfhe-install/include/openfhe/core/math/hal/bigintntl
2026-09-02T13:46:17.5660300Z -- Installing: C:/openfhe-2023-1788/openfhe-install/include/openfhe/core/math/hal/bigintntl/backendntl.h
2026-09-02T13:46:17.5666798Z -- Installing: C:/openfhe-2023-1788/openfhe-install/include/openfhe/core/math/hal/bigintntl/mubintvecntl.h
2026-09-02T13:46:17.5674119Z -- Installing: C:/openfhe-2023-1788/openfhe-install/include/openfhe/core/math/hal/bigintntl/transformntl-impl.h
2026-09-02T13:46:17.5699703Z -- Installing: C:/openfhe-2023-1788/openfhe-install/include/openfhe/core/math/hal/bigintntl/transformntl.h
2026-09-02T13:46:17.5708108Z -- Installing: C:/openfhe-2023-1788/openfhe-install/include/openfhe/core/math/hal/bigintntl/ubintntl.h
2026-09-02T13:46:17.5716052Z -- Installing: C:/openfhe-2023-1788/openfhe-install/include/openfhe/core/math/hal/integer.h
2026-09-02T13:46:17.5726530Z -- Installing: C:/openfhe-2023-1788/openfhe-install/include/openfhe/core/math/hal/intnat
2026-09-02T13:46:17.5733789Z -- Installing: C:/openfhe-2023-1788/openfhe-install/include/openfhe/core/math/hal/intnat/mubintvecnat.h
2026-09-02T13:46:17.5741082Z -- Installing: C:/openfhe-2023-1788/openfhe-install/include/openfhe/core/math/hal/intnat/transformnat-impl.h
2026-09-02T13:46:17.5753020Z -- Installing: C:/openfhe-2023-1788/openfhe-install/include/openfhe/core/math/hal/intnat/transformnat.h
2026-09-02T13:46:17.5759658Z -- Installing: C:/openfhe-2023-1788/openfhe-install/include/openfhe/core/math/hal/intnat/ubintnat.h
2026-09-02T13:46:17.5782054Z -- Installing: C:/openfhe-2023-1788/openfhe-install/include/openfhe/core/math/hal/nativeintbackend.h
2026-09-02T13:46:17.5791418Z -- Installing: C:/openfhe-2023-1788/openfhe-install/include/openfhe/core/math/hal/transform.h
2026-09-02T13:46:17.5798490Z -- Installing: C:/openfhe-2023-1788/openfhe-install/include/openfhe/core/math/hal/vector.h
2026-09-02T13:46:17.5805643Z -- Installing: C:/openfhe-2023-1788/openfhe-install/include/openfhe/core/math/hermite.h
2026-09-02T13:46:17.5814864Z -- Installing: C:/openfhe-2023-1788/openfhe-install/include/openfhe/core/math/math-hal.h
2026-09-02T13:46:17.5821687Z -- Installing: C:/openfhe-2023-1788/openfhe-install/include/openfhe/core/math/math_backends.md
2026-09-02T13:46:17.5830960Z -- Installing: C:/openfhe-2023-1788/openfhe-install/include/openfhe/core/math/matrix-impl.h
2026-09-02T13:46:17.5838226Z -- Installing: C:/openfhe-2023-1788/openfhe-install/include/openfhe/core/math/matrix.h
2026-09-02T13:46:17.5845788Z -- Installing: C:/openfhe-2023-1788/openfhe-install/include/openfhe/core/math/matrixstrassen-impl.h
2026-09-02T13:46:17.5898522Z -- Installing: C:/openfhe-2023-1788/openfhe-install/include/openfhe/core/math/matrixstrassen.h
2026-09-02T13:46:17.5909299Z -- Installing: C:/openfhe-2023-1788/openfhe-install/include/openfhe/core/math/nbtheory-impl.h
2026-09-02T13:46:17.5976683Z -- Installing: C:/openfhe-2023-1788/openfhe-install/include/openfhe/core/math/nbtheory.h
2026-09-02T13:46:17.5997403Z -- Installing: C:/openfhe-2023-1788/openfhe-install/include/openfhe/core/math/README.md
2026-09-02T13:46:17.6006745Z -- Installing: C:/openfhe-2023-1788/openfhe-install/include/openfhe/core/math/SAMPLING_README.md
2026-09-02T13:46:17.6016122Z -- Installing: C:/openfhe-2023-1788/openfhe-install/include/openfhe/core/math/ternaryuniformgenerator-impl.h
2026-09-02T13:46:17.6023218Z -- Installing: C:/openfhe-2023-1788/openfhe-install/include/openfhe/core/math/ternaryuniformgenerator.h
2026-09-02T13:46:17.6031131Z -- Installing: C:/openfhe-2023-1788/openfhe-install/include/openfhe/core/openfhecore.h
2026-09-02T13:46:17.6089749Z -- Installing: C:/openfhe-2023-1788/openfhe-install/include/openfhe/core/README.md
2026-09-02T13:46:17.6113662Z -- Installing: C:/openfhe-2023-1788/openfhe-install/include/openfhe/core/testdefs.h
2026-09-02T13:46:17.6123517Z -- Installing: C:/openfhe-2023-1788/openfhe-install/include/openfhe/core/utils
2026-09-02T13:46:17.6133018Z -- Installing: C:/openfhe-2023-1788/openfhe-install/include/openfhe/core/utils/blockAllocator
2026-09-02T13:46:17.6142871Z -- Installing: C:/openfhe-2023-1788/openfhe-install/include/openfhe/core/utils/blockAllocator/blockAllocator.h
2026-09-02T13:46:17.6150609Z -- Installing: C:/openfhe-2023-1788/openfhe-install/include/openfhe/core/utils/blockAllocator/README.md
2026-09-02T13:46:17.6157349Z -- Installing: C:/openfhe-2023-1788/openfhe-install/include/openfhe/core/utils/blockAllocator/stl_allocator.h
2026-09-02T13:46:17.6168547Z -- Installing: C:/openfhe-2023-1788/openfhe-install/include/openfhe/core/utils/blockAllocator/xallocator.h
2026-09-02T13:46:17.6235956Z -- Installing: C:/openfhe-2023-1788/openfhe-install/include/openfhe/core/utils/blockAllocator/xlist.h
2026-09-02T13:46:17.6288938Z -- Installing: C:/openfhe-2023-1788/openfhe-install/include/openfhe/core/utils/blockAllocator/xmap.h
2026-09-02T13:46:17.6347194Z -- Installing: C:/openfhe-2023-1788/openfhe-install/include/openfhe/core/utils/blockAllocator/xqueue.h
2026-09-02T13:46:17.6353901Z -- Installing: C:/openfhe-2023-1788/openfhe-install/include/openfhe/core/utils/blockAllocator/xset.h
2026-09-02T13:46:17.6360968Z -- Installing: C:/openfhe-2023-1788/openfhe-install/include/openfhe/core/utils/blockAllocator/xsstream.h
2026-09-02T13:46:17.6373643Z -- Installing: C:/openfhe-2023-1788/openfhe-install/include/openfhe/core/utils/blockAllocator/xstring.h
2026-09-02T13:46:17.6386288Z -- Installing: C:/openfhe-2023-1788/openfhe-install/include/openfhe/core/utils/blockAllocator/xvector.h
2026-09-02T13:46:17.6455091Z -- Installing: C:/openfhe-2023-1788/openfhe-install/include/openfhe/core/utils/caller_info.h
2026-09-02T13:46:17.6461479Z -- Installing: C:/openfhe-2023-1788/openfhe-install/include/openfhe/core/utils/debug.h
2026-09-02T13:46:17.6919533Z -- Installing: C:/openfhe-2023-1788/openfhe-install/include/openfhe/core/utils/demangle.h
2026-09-02T13:46:17.6976276Z -- Installing: C:/openfhe-2023-1788/openfhe-install/include/openfhe/core/utils/exception.h
2026-09-02T13:46:17.7046598Z -- Installing: C:/openfhe-2023-1788/openfhe-install/include/openfhe/core/utils/get-call-stack.h
2026-09-02T13:46:17.7056854Z -- Installing: C:/openfhe-2023-1788/openfhe-install/include/openfhe/core/utils/hashutil.h
2026-09-02T13:46:17.7118683Z -- Installing: C:/openfhe-2023-1788/openfhe-install/include/openfhe/core/utils/inttypes.h
2026-09-02T13:46:17.7127871Z -- Installing: C:/openfhe-2023-1788/openfhe-install/include/openfhe/core/utils/memory.h
2026-09-02T13:46:17.7134791Z -- Installing: C:/openfhe-2023-1788/openfhe-install/include/openfhe/core/utils/openfhebase64.h
2026-09-02T13:46:17.7199321Z -- Installing: C:/openfhe-2023-1788/openfhe-install/include/openfhe/core/utils/parallel.h
2026-09-02T13:46:17.7253831Z -- Installing: C:/openfhe-2023-1788/openfhe-install/include/openfhe/core/utils/prng
2026-09-02T13:46:17.7263985Z -- Installing: C:/openfhe-2023-1788/openfhe-install/include/openfhe/core/utils/prng/blake2-impl.h
2026-09-02T13:46:17.7312017Z -- Installing: C:/openfhe-2023-1788/openfhe-install/include/openfhe/core/utils/prng/blake2.h
2026-09-02T13:46:17.7323549Z -- Installing: C:/openfhe-2023-1788/openfhe-install/include/openfhe/core/utils/prng/blake2engine.h
2026-09-02T13:46:17.7330636Z -- Installing: C:/openfhe-2023-1788/openfhe-install/include/openfhe/core/utils/prng/CPPLINT.cfg
2026-09-02T13:46:17.7401430Z -- Installing: C:/openfhe-2023-1788/openfhe-install/include/openfhe/core/utils/prng/prng.h
2026-09-02T13:46:17.7426313Z -- Installing: C:/openfhe-2023-1788/openfhe-install/include/openfhe/core/utils/prng/README.md
2026-09-02T13:46:17.7473014Z -- Installing: C:/openfhe-2023-1788/openfhe-install/include/openfhe/core/utils/README.md
2026-09-02T13:46:17.7481467Z -- Installing: C:/openfhe-2023-1788/openfhe-install/include/openfhe/core/utils/serial.h
2026-09-02T13:46:17.7538198Z -- Installing: C:/openfhe-2023-1788/openfhe-install/include/openfhe/core/utils/serializable.h
2026-09-02T13:46:17.7546782Z -- Installing: C:/openfhe-2023-1788/openfhe-install/include/openfhe/core/utils/sertype.h
2026-09-02T13:46:17.7554767Z -- Installing: C:/openfhe-2023-1788/openfhe-install/include/openfhe/core/utils/type_name.h
2026-09-02T13:46:17.7561293Z -- Installing: C:/openfhe-2023-1788/openfhe-install/include/openfhe/core/utils/utilities-int.h
2026-09-02T13:46:17.7615041Z -- Installing: C:/openfhe-2023-1788/openfhe-install/include/openfhe/core/utils/utilities.h
2026-09-02T13:46:17.7624782Z -- Installing: C:/openfhe-2023-1788/openfhe-install/include/openfhe/core/version.h
2026-09-02T13:46:17.7637973Z -- Installing: C:/openfhe-2023-1788/openfhe-install/lib/libOPENFHEpke.dll.a
2026-09-02T13:46:17.7730055Z -- Installing: C:/openfhe-2023-1788/openfhe-install/lib/libOPENFHEpke.dll
2026-09-02T13:46:17.7828957Z -- Installing: C:/openfhe-2023-1788/openfhe-install/include/openfhe/pke
2026-09-02T13:46:17.7837937Z -- Installing: C:/openfhe-2023-1788/openfhe-install/include/openfhe/pke/ciphertext-fwd.h
2026-09-02T13:46:17.7893453Z -- Installing: C:/openfhe-2023-1788/openfhe-install/include/openfhe/pke/ciphertext-ser.h
2026-09-02T13:46:17.7902584Z -- Installing: C:/openfhe-2023-1788/openfhe-install/include/openfhe/pke/ciphertext.h
2026-09-02T13:46:17.7909807Z -- Installing: C:/openfhe-2023-1788/openfhe-install/include/openfhe/pke/constants-defs.h
2026-09-02T13:46:17.7971800Z -- Installing: C:/openfhe-2023-1788/openfhe-install/include/openfhe/pke/constants.h
2026-09-02T13:46:17.7981891Z -- Installing: C:/openfhe-2023-1788/openfhe-install/include/openfhe/pke/cryptocontext-fwd.h
2026-09-02T13:46:17.7988310Z -- Installing: C:/openfhe-2023-1788/openfhe-install/include/openfhe/pke/cryptocontext-ser.h
2026-09-02T13:46:17.7997785Z -- Installing: C:/openfhe-2023-1788/openfhe-install/include/openfhe/pke/cryptocontext.h
2026-09-02T13:46:17.8007589Z -- Installing: C:/openfhe-2023-1788/openfhe-install/include/openfhe/pke/cryptocontextfactory.h
2026-09-02T13:46:17.8015504Z -- Installing: C:/openfhe-2023-1788/openfhe-install/include/openfhe/pke/cryptoobject.h
2026-09-02T13:46:17.8025607Z -- Installing: C:/openfhe-2023-1788/openfhe-install/include/openfhe/pke/encoding
2026-09-02T13:46:17.8032352Z -- Installing: C:/openfhe-2023-1788/openfhe-install/include/openfhe/pke/encoding/ckkspackedencoding.h
2026-09-02T13:46:17.8039539Z -- Installing: C:/openfhe-2023-1788/openfhe-install/include/openfhe/pke/encoding/coefpackedencoding.h
2026-09-02T13:46:17.8048865Z -- Installing: C:/openfhe-2023-1788/openfhe-install/include/openfhe/pke/encoding/encodingparams.h
2026-09-02T13:46:17.8069895Z -- Installing: C:/openfhe-2023-1788/openfhe-install/include/openfhe/pke/encoding/encodings.h
2026-09-02T13:46:17.8079037Z -- Installing: C:/openfhe-2023-1788/openfhe-install/include/openfhe/pke/encoding/packedencoding.h
2026-09-02T13:46:17.8085981Z -- Installing: C:/openfhe-2023-1788/openfhe-install/include/openfhe/pke/encoding/plaintext-fwd.h
2026-09-02T13:46:17.8093543Z -- Installing: C:/openfhe-2023-1788/openfhe-install/include/openfhe/pke/encoding/plaintext.h
2026-09-02T13:46:17.8103992Z -- Installing: C:/openfhe-2023-1788/openfhe-install/include/openfhe/pke/encoding/plaintextfactory.h
2026-09-02T13:46:17.8110703Z -- Installing: C:/openfhe-2023-1788/openfhe-install/include/openfhe/pke/encoding/README.md
2026-09-02T13:46:17.8117786Z -- Installing: C:/openfhe-2023-1788/openfhe-install/include/openfhe/pke/encoding/stringencoding.h
2026-09-02T13:46:17.8128665Z -- Installing: C:/openfhe-2023-1788/openfhe-install/include/openfhe/pke/gen-cryptocontext.h
2026-09-02T13:46:17.8135553Z -- Installing: C:/openfhe-2023-1788/openfhe-install/include/openfhe/pke/globals.h
2026-09-02T13:46:17.8141831Z -- Installing: C:/openfhe-2023-1788/openfhe-install/include/openfhe/pke/key
2026-09-02T13:46:17.8151507Z -- Installing: C:/openfhe-2023-1788/openfhe-install/include/openfhe/pke/key/evalkey-fwd.h
2026-09-02T13:46:17.8157920Z -- Installing: C:/openfhe-2023-1788/openfhe-install/include/openfhe/pke/key/evalkey.h
2026-09-02T13:46:17.8164802Z -- Installing: C:/openfhe-2023-1788/openfhe-install/include/openfhe/pke/key/evalkeyrelin-fwd.h
2026-09-02T13:46:17.8174749Z -- Installing: C:/openfhe-2023-1788/openfhe-install/include/openfhe/pke/key/evalkeyrelin.h
2026-09-02T13:46:17.8195103Z -- Installing: C:/openfhe-2023-1788/openfhe-install/include/openfhe/pke/key/key-ser.h
2026-09-02T13:46:17.8201761Z -- Installing: C:/openfhe-2023-1788/openfhe-install/include/openfhe/pke/key/key.h
2026-09-02T13:46:17.8210980Z -- Installing: C:/openfhe-2023-1788/openfhe-install/include/openfhe/pke/key/keypair.h
2026-09-02T13:46:17.8217584Z -- Installing: C:/openfhe-2023-1788/openfhe-install/include/openfhe/pke/key/privatekey-fwd.h
2026-09-02T13:46:17.8224021Z -- Installing: C:/openfhe-2023-1788/openfhe-install/include/openfhe/pke/key/privatekey.h
2026-09-02T13:46:17.8233482Z -- Installing: C:/openfhe-2023-1788/openfhe-install/include/openfhe/pke/key/publickey-fwd.h
2026-09-02T13:46:17.8239964Z -- Installing: C:/openfhe-2023-1788/openfhe-install/include/openfhe/pke/key/publickey.h
2026-09-02T13:46:17.8248417Z -- Installing: C:/openfhe-2023-1788/openfhe-install/include/openfhe/pke/key/README.md
2026-09-02T13:46:17.8257708Z -- Installing: C:/openfhe-2023-1788/openfhe-install/include/openfhe/pke/keyswitch
2026-09-02T13:46:17.8263915Z -- Installing: C:/openfhe-2023-1788/openfhe-install/include/openfhe/pke/keyswitch/keyswitch-base.h
2026-09-02T13:46:17.8313204Z -- Installing: C:/openfhe-2023-1788/openfhe-install/include/openfhe/pke/keyswitch/keyswitch-bv.h
2026-09-02T13:46:17.8319685Z -- Installing: C:/openfhe-2023-1788/openfhe-install/include/openfhe/pke/keyswitch/keyswitch-hybrid.h
2026-09-02T13:46:17.8341129Z -- Installing: C:/openfhe-2023-1788/openfhe-install/include/openfhe/pke/keyswitch/keyswitch-rns.h
2026-09-02T13:46:17.8347618Z -- Installing: C:/openfhe-2023-1788/openfhe-install/include/openfhe/pke/keyswitch/README.md
2026-09-02T13:46:17.8399036Z -- Installing: C:/openfhe-2023-1788/openfhe-install/include/openfhe/pke/metadata-ser.h
2026-09-02T13:46:17.8406655Z -- Installing: C:/openfhe-2023-1788/openfhe-install/include/openfhe/pke/metadata.h
2026-09-02T13:46:17.8416569Z -- Installing: C:/openfhe-2023-1788/openfhe-install/include/openfhe/pke/openfhe.h
2026-09-02T13:46:17.8423281Z -- Installing: C:/openfhe-2023-1788/openfhe-install/include/openfhe/pke/README.md
2026-09-02T13:46:17.8429737Z -- Installing: C:/openfhe-2023-1788/openfhe-install/include/openfhe/pke/scheme
2026-09-02T13:46:17.8437721Z -- Installing: C:/openfhe-2023-1788/openfhe-install/include/openfhe/pke/scheme/bfvrns
2026-09-02T13:46:17.8444307Z -- Installing: C:/openfhe-2023-1788/openfhe-install/include/openfhe/pke/scheme/bfvrns/bfvrns-advancedshe.h
2026-09-02T13:46:17.8455542Z -- Installing: C:/openfhe-2023-1788/openfhe-install/include/openfhe/pke/scheme/bfvrns/bfvrns-cryptoparameters.h
2026-09-02T13:46:17.8462610Z -- Installing: C:/openfhe-2023-1788/openfhe-install/include/openfhe/pke/scheme/bfvrns/bfvrns-fhe.h
2026-09-02T13:46:17.8485970Z -- Installing: C:/openfhe-2023-1788/openfhe-install/include/openfhe/pke/scheme/bfvrns/bfvrns-leveledshe.h
2026-09-02T13:46:17.8494227Z -- Installing: C:/openfhe-2023-1788/openfhe-install/include/openfhe/pke/scheme/bfvrns/bfvrns-multiparty.h
2026-09-02T13:46:17.8501691Z -- Installing: C:/openfhe-2023-1788/openfhe-install/include/openfhe/pke/scheme/bfvrns/bfvrns-parametergeneration.h
2026-09-02T13:46:17.8511231Z -- Installing: C:/openfhe-2023-1788/openfhe-install/include/openfhe/pke/scheme/bfvrns/bfvrns-pke.h
2026-09-02T13:46:17.8519100Z -- Installing: C:/openfhe-2023-1788/openfhe-install/include/openfhe/pke/scheme/bfvrns/bfvrns-pre.h
2026-09-02T13:46:17.8525720Z -- Installing: C:/openfhe-2023-1788/openfhe-install/include/openfhe/pke/scheme/bfvrns/bfvrns-scheme.h
2026-09-02T13:46:17.8535315Z -- Installing: C:/openfhe-2023-1788/openfhe-install/include/openfhe/pke/scheme/bfvrns/bfvrns-ser.h
2026-09-02T13:46:17.8541935Z -- Installing: C:/openfhe-2023-1788/openfhe-install/include/openfhe/pke/scheme/bfvrns/gen-cryptocontext-bfvrns-internal.h
2026-09-02T13:46:17.8548757Z -- Installing: C:/openfhe-2023-1788/openfhe-install/include/openfhe/pke/scheme/bfvrns/gen-cryptocontext-bfvrns-params.h
2026-09-02T13:46:17.8558484Z -- Installing: C:/openfhe-2023-1788/openfhe-install/include/openfhe/pke/scheme/bfvrns/gen-cryptocontext-bfvrns.h
2026-09-02T13:46:17.8564645Z -- Installing: C:/openfhe-2023-1788/openfhe-install/include/openfhe/pke/scheme/bgvrns
2026-09-02T13:46:17.8571446Z -- Installing: C:/openfhe-2023-1788/openfhe-install/include/openfhe/pke/scheme/bgvrns/bgvrns-advancedshe.h
2026-09-02T13:46:17.8580657Z -- Installing: C:/openfhe-2023-1788/openfhe-install/include/openfhe/pke/scheme/bgvrns/bgvrns-cryptoparameters.h
2026-09-02T13:46:17.8588109Z -- Installing: C:/openfhe-2023-1788/openfhe-install/include/openfhe/pke/scheme/bgvrns/bgvrns-fhe.h
2026-09-02T13:46:17.8607557Z -- Installing: C:/openfhe-2023-1788/openfhe-install/include/openfhe/pke/scheme/bgvrns/bgvrns-leveledshe.h
2026-09-02T13:46:17.8617784Z -- Installing: C:/openfhe-2023-1788/openfhe-install/include/openfhe/pke/scheme/bgvrns/bgvrns-multiparty.h
2026-09-02T13:46:17.8624657Z -- Installing: C:/openfhe-2023-1788/openfhe-install/include/openfhe/pke/scheme/bgvrns/bgvrns-parametergeneration.h
2026-09-02T13:46:17.8631898Z -- Installing: C:/openfhe-2023-1788/openfhe-install/include/openfhe/pke/scheme/bgvrns/bgvrns-pke.h
2026-09-02T13:46:17.8639883Z -- Installing: C:/openfhe-2023-1788/openfhe-install/include/openfhe/pke/scheme/bgvrns/bgvrns-pre.h
2026-09-02T13:46:17.8649247Z -- Installing: C:/openfhe-2023-1788/openfhe-install/include/openfhe/pke/scheme/bgvrns/bgvrns-scheme.h
2026-09-02T13:46:17.8658352Z -- Installing: C:/openfhe-2023-1788/openfhe-install/include/openfhe/pke/scheme/bgvrns/bgvrns-ser.h
2026-09-02T13:46:17.8665039Z -- Installing: C:/openfhe-2023-1788/openfhe-install/include/openfhe/pke/scheme/bgvrns/gen-cryptocontext-bgvrns-internal.h
2026-09-02T13:46:17.8675003Z -- Installing: C:/openfhe-2023-1788/openfhe-install/include/openfhe/pke/scheme/bgvrns/gen-cryptocontext-bgvrns-params.h
2026-09-02T13:46:17.8723009Z -- Installing: C:/openfhe-2023-1788/openfhe-install/include/openfhe/pke/scheme/bgvrns/gen-cryptocontext-bgvrns.h
2026-09-02T13:46:17.8732398Z -- Installing: C:/openfhe-2023-1788/openfhe-install/include/openfhe/pke/scheme/ckksrns
2026-09-02T13:46:17.8739379Z -- Installing: C:/openfhe-2023-1788/openfhe-install/include/openfhe/pke/scheme/ckksrns/ckksrns-advancedshe.h
2026-09-02T13:46:17.8747900Z -- Installing: C:/openfhe-2023-1788/openfhe-install/include/openfhe/pke/scheme/ckksrns/ckksrns-cryptoparameters.h
2026-09-02T13:46:17.8757534Z -- Installing: C:/openfhe-2023-1788/openfhe-install/include/openfhe/pke/scheme/ckksrns/ckksrns-fhe.h
2026-09-02T13:46:17.8778874Z -- Installing: C:/openfhe-2023-1788/openfhe-install/include/openfhe/pke/scheme/ckksrns/ckksrns-leveledshe.h
2026-09-02T13:46:17.8788378Z -- Installing: C:/openfhe-2023-1788/openfhe-install/include/openfhe/pke/scheme/ckksrns/ckksrns-multiparty.h
2026-09-02T13:46:17.8795164Z -- Installing: C:/openfhe-2023-1788/openfhe-install/include/openfhe/pke/scheme/ckksrns/ckksrns-parametergeneration.h
2026-09-02T13:46:17.8801617Z -- Installing: C:/openfhe-2023-1788/openfhe-install/include/openfhe/pke/scheme/ckksrns/ckksrns-pke.h
2026-09-02T13:46:17.8811286Z -- Installing: C:/openfhe-2023-1788/openfhe-install/include/openfhe/pke/scheme/ckksrns/ckksrns-pre.h
2026-09-02T13:46:17.8818689Z -- Installing: C:/openfhe-2023-1788/openfhe-install/include/openfhe/pke/scheme/ckksrns/ckksrns-scheme.h
2026-09-02T13:46:17.8867869Z -- Installing: C:/openfhe-2023-1788/openfhe-install/include/openfhe/pke/scheme/ckksrns/ckksrns-schemeswitching.h
2026-09-02T13:46:17.8874644Z -- Installing: C:/openfhe-2023-1788/openfhe-install/include/openfhe/pke/scheme/ckksrns/ckksrns-ser.h
2026-09-02T13:46:17.8883100Z -- Installing: C:/openfhe-2023-1788/openfhe-install/include/openfhe/pke/scheme/ckksrns/ckksrns-utils.h
2026-09-02T13:46:17.8936754Z -- Installing: C:/openfhe-2023-1788/openfhe-install/include/openfhe/pke/scheme/ckksrns/gen-cryptocontext-ckksrns-internal.h
2026-09-02T13:46:17.8943703Z -- Installing: C:/openfhe-2023-1788/openfhe-install/include/openfhe/pke/scheme/ckksrns/gen-cryptocontext-ckksrns-params.h
2026-09-02T13:46:17.8955069Z -- Installing: C:/openfhe-2023-1788/openfhe-install/include/openfhe/pke/scheme/ckksrns/gen-cryptocontext-ckksrns.h
2026-09-02T13:46:17.9028439Z -- Installing: C:/openfhe-2023-1788/openfhe-install/include/openfhe/pke/scheme/ckksrns/README.md
2026-09-02T13:46:17.9035148Z -- Installing: C:/openfhe-2023-1788/openfhe-install/include/openfhe/pke/scheme/gen-cryptocontext-params-defaults.h
2026-09-02T13:46:17.9044852Z -- Installing: C:/openfhe-2023-1788/openfhe-install/include/openfhe/pke/scheme/gen-cryptocontext-params-validation.h
2026-09-02T13:46:17.9104162Z -- Installing: C:/openfhe-2023-1788/openfhe-install/include/openfhe/pke/scheme/gen-cryptocontext-params.h
2026-09-02T13:46:17.9111386Z -- Installing: C:/openfhe-2023-1788/openfhe-install/include/openfhe/pke/scheme/README.md
2026-09-02T13:46:17.9117388Z -- Installing: C:/openfhe-2023-1788/openfhe-install/include/openfhe/pke/scheme/scheme-id.h
2026-09-02T13:46:17.9127460Z -- Installing: C:/openfhe-2023-1788/openfhe-install/include/openfhe/pke/scheme/scheme-swch-params.h
2026-09-02T13:46:17.9134369Z -- Installing: C:/openfhe-2023-1788/openfhe-install/include/openfhe/pke/scheme/scheme-utils.h
2026-09-02T13:46:17.9143446Z -- Installing: C:/openfhe-2023-1788/openfhe-install/include/openfhe/pke/schemebase
2026-09-02T13:46:17.9149765Z -- Installing: C:/openfhe-2023-1788/openfhe-install/include/openfhe/pke/schemebase/base-advancedshe.h
2026-09-02T13:46:17.9158246Z -- Installing: C:/openfhe-2023-1788/openfhe-install/include/openfhe/pke/schemebase/base-cryptoparameters.h
2026-09-02T13:46:17.9167519Z -- Installing: C:/openfhe-2023-1788/openfhe-install/include/openfhe/pke/schemebase/base-fhe.h
2026-09-02T13:46:17.9174624Z -- Installing: C:/openfhe-2023-1788/openfhe-install/include/openfhe/pke/schemebase/base-leveledshe.h
2026-09-02T13:46:17.9210694Z -- Installing: C:/openfhe-2023-1788/openfhe-install/include/openfhe/pke/schemebase/base-multiparty.h
2026-09-02T13:46:17.9220815Z -- Installing: C:/openfhe-2023-1788/openfhe-install/include/openfhe/pke/schemebase/base-parametergeneration.h
2026-09-02T13:46:17.9227655Z -- Installing: C:/openfhe-2023-1788/openfhe-install/include/openfhe/pke/schemebase/base-pke.h
2026-09-02T13:46:17.9234540Z -- Installing: C:/openfhe-2023-1788/openfhe-install/include/openfhe/pke/schemebase/base-pre.h
2026-09-02T13:46:17.9243691Z -- Installing: C:/openfhe-2023-1788/openfhe-install/include/openfhe/pke/schemebase/base-scheme.h
2026-09-02T13:46:17.9253002Z -- Installing: C:/openfhe-2023-1788/openfhe-install/include/openfhe/pke/schemebase/base-ser.h
2026-09-02T13:46:17.9259592Z -- Installing: C:/openfhe-2023-1788/openfhe-install/include/openfhe/pke/schemebase/decrypt-result.h
2026-09-02T13:46:17.9269398Z -- Installing: C:/openfhe-2023-1788/openfhe-install/include/openfhe/pke/schemebase/rlwe-cryptoparameters.h
2026-09-02T13:46:17.9277419Z -- Installing: C:/openfhe-2023-1788/openfhe-install/include/openfhe/pke/schemelet
2026-09-02T13:46:17.9283859Z -- Installing: C:/openfhe-2023-1788/openfhe-install/include/openfhe/pke/schemelet/rlwe-mp.h
2026-09-02T13:46:17.9293794Z -- Installing: C:/openfhe-2023-1788/openfhe-install/include/openfhe/pke/schemerns
2026-09-02T13:46:17.9313166Z -- Installing: C:/openfhe-2023-1788/openfhe-install/include/openfhe/pke/schemerns/rns-advancedshe.h
2026-09-02T13:46:17.9319552Z -- Installing: C:/openfhe-2023-1788/openfhe-install/include/openfhe/pke/schemerns/rns-cryptoparameters.h
2026-09-02T13:46:17.9329766Z -- Installing: C:/openfhe-2023-1788/openfhe-install/include/openfhe/pke/schemerns/rns-fhe.h
2026-09-02T13:46:17.9336532Z -- Installing: C:/openfhe-2023-1788/openfhe-install/include/openfhe/pke/schemerns/rns-leveledshe.h
2026-09-02T13:46:17.9357014Z -- Installing: C:/openfhe-2023-1788/openfhe-install/include/openfhe/pke/schemerns/rns-multiparty.h
2026-09-02T13:46:17.9365959Z -- Installing: C:/openfhe-2023-1788/openfhe-install/include/openfhe/pke/schemerns/rns-parametergeneration.h
2026-09-02T13:46:17.9372557Z -- Installing: C:/openfhe-2023-1788/openfhe-install/include/openfhe/pke/schemerns/rns-pke.h
2026-09-02T13:46:17.9379273Z -- Installing: C:/openfhe-2023-1788/openfhe-install/include/openfhe/pke/schemerns/rns-pre.h
2026-09-02T13:46:17.9388009Z -- Installing: C:/openfhe-2023-1788/openfhe-install/include/openfhe/pke/schemerns/rns-scheme.h
2026-09-02T13:46:17.9395528Z -- Installing: C:/openfhe-2023-1788/openfhe-install/include/openfhe/pke/schemerns/rns-ser.h
2026-09-02T13:46:17.9403601Z -- Installing: C:/openfhe-2023-1788/openfhe-install/include/openfhe/pke/unittest/utils
2026-09-02T13:46:17.9414683Z -- Installing: C:/openfhe-2023-1788/openfhe-install/include/openfhe/pke/unittest/utils/BaseTestCase.h
2026-09-02T13:46:17.9421821Z -- Installing: C:/openfhe-2023-1788/openfhe-install/include/openfhe/pke/unittest/utils/schemeswitching-data-serializer.h
2026-09-02T13:46:17.9431354Z -- Installing: C:/openfhe-2023-1788/openfhe-install/include/openfhe/pke/unittest/utils/UnitTestCCParams.h
2026-09-02T13:46:17.9451940Z -- Installing: C:/openfhe-2023-1788/openfhe-install/include/openfhe/pke/unittest/utils/UnitTestCryptoContext.h
2026-09-02T13:46:17.9458451Z -- Installing: C:/openfhe-2023-1788/openfhe-install/include/openfhe/pke/unittest/utils/UnitTestException.h
2026-09-02T13:46:17.9467693Z -- Installing: C:/openfhe-2023-1788/openfhe-install/include/openfhe/pke/unittest/utils/UnitTestMetadataTest.h
2026-09-02T13:46:17.9474222Z -- Installing: C:/openfhe-2023-1788/openfhe-install/include/openfhe/pke/unittest/utils/UnitTestMetadataTestSer.h
2026-09-02T13:46:17.9480773Z -- Installing: C:/openfhe-2023-1788/openfhe-install/include/openfhe/pke/unittest/utils/UnitTestReadCSVData.h
2026-09-02T13:46:17.9489797Z -- Installing: C:/openfhe-2023-1788/openfhe-install/include/openfhe/pke/unittest/utils/UnitTestSer.h
2026-09-02T13:46:17.9496736Z -- Installing: C:/openfhe-2023-1788/openfhe-install/include/openfhe/pke/unittest/utils/UnitTestUtils.h
2026-09-02T13:46:17.9508826Z -- Installing: C:/openfhe-2023-1788/openfhe-install/lib/libOPENFHEbinfhe.dll.a
2026-09-02T13:46:17.9564060Z -- Installing: C:/openfhe-2023-1788/openfhe-install/lib/libOPENFHEbinfhe.dll
2026-09-02T13:46:17.9580483Z -- Installing: C:/openfhe-2023-1788/openfhe-install/include/openfhe/binfhe
2026-09-02T13:46:17.9586915Z -- Installing: C:/openfhe-2023-1788/openfhe-install/include/openfhe/binfhe/binfhe-base-params.h
2026-09-02T13:46:17.9596909Z -- Installing: C:/openfhe-2023-1788/openfhe-install/include/openfhe/binfhe/binfhe-base-scheme.h
2026-09-02T13:46:17.9603792Z -- Installing: C:/openfhe-2023-1788/openfhe-install/include/openfhe/binfhe/binfhe-constants.h
2026-09-02T13:46:17.9624313Z -- Installing: C:/openfhe-2023-1788/openfhe-install/include/openfhe/binfhe/binfhecontext-ser.h
2026-09-02T13:46:17.9633044Z -- Installing: C:/openfhe-2023-1788/openfhe-install/include/openfhe/binfhe/binfhecontext.h
2026-09-02T13:46:17.9640151Z -- Installing: C:/openfhe-2023-1788/openfhe-install/include/openfhe/binfhe/lwe-ciphertext-fwd.h
2026-09-02T13:46:17.9647271Z -- Installing: C:/openfhe-2023-1788/openfhe-install/include/openfhe/binfhe/lwe-ciphertext.h
2026-09-02T13:46:17.9656338Z -- Installing: C:/openfhe-2023-1788/openfhe-install/include/openfhe/binfhe/lwe-cryptoparameters.h
2026-09-02T13:46:17.9662923Z -- Installing: C:/openfhe-2023-1788/openfhe-install/include/openfhe/binfhe/lwe-keypair-fwd.h
2026-09-02T13:46:17.9669249Z -- Installing: C:/openfhe-2023-1788/openfhe-install/include/openfhe/binfhe/lwe-keypair.h
2026-09-02T13:46:17.9678124Z -- Installing: C:/openfhe-2023-1788/openfhe-install/include/openfhe/binfhe/lwe-keyswitchkey-fwd.h
2026-09-02T13:46:17.9686287Z -- Installing: C:/openfhe-2023-1788/openfhe-install/include/openfhe/binfhe/lwe-keyswitchkey.h
2026-09-02T13:46:17.9694245Z -- Installing: C:/openfhe-2023-1788/openfhe-install/include/openfhe/binfhe/lwe-pke.h
2026-09-02T13:46:17.9704193Z -- Installing: C:/openfhe-2023-1788/openfhe-install/include/openfhe/binfhe/lwe-privatekey-fwd.h
2026-09-02T13:46:17.9710880Z -- Installing: C:/openfhe-2023-1788/openfhe-install/include/openfhe/binfhe/lwe-privatekey.h
2026-09-02T13:46:17.9717645Z -- Installing: C:/openfhe-2023-1788/openfhe-install/include/openfhe/binfhe/lwe-publickey-fwd.h
2026-09-02T13:46:17.9726865Z -- Installing: C:/openfhe-2023-1788/openfhe-install/include/openfhe/binfhe/lwe-publickey.h
2026-09-02T13:46:17.9733551Z -- Installing: C:/openfhe-2023-1788/openfhe-install/include/openfhe/binfhe/README.md
2026-09-02T13:46:17.9740015Z -- Installing: C:/openfhe-2023-1788/openfhe-install/include/openfhe/binfhe/rgsw-acc-cggi.h
2026-09-02T13:46:17.9763018Z -- Installing: C:/openfhe-2023-1788/openfhe-install/include/openfhe/binfhe/rgsw-acc-dm.h
2026-09-02T13:46:17.9770706Z -- Installing: C:/openfhe-2023-1788/openfhe-install/include/openfhe/binfhe/rgsw-acc-lmkcdey.h
2026-09-02T13:46:17.9777712Z -- Installing: C:/openfhe-2023-1788/openfhe-install/include/openfhe/binfhe/rgsw-acc.h
2026-09-02T13:46:17.9784538Z -- Installing: C:/openfhe-2023-1788/openfhe-install/include/openfhe/binfhe/rgsw-acckey.h
2026-09-02T13:46:17.9794654Z -- Installing: C:/openfhe-2023-1788/openfhe-install/include/openfhe/binfhe/rgsw-cryptoparameters.h
2026-09-02T13:46:17.9802377Z -- Installing: C:/openfhe-2023-1788/openfhe-install/include/openfhe/binfhe/rgsw-evalkey.h
2026-09-02T13:46:17.9809418Z -- Installing: C:/openfhe-2023-1788/openfhe-install/include/openfhe/binfhe/rlwe-ciphertext.h
2026-09-02T13:46:17.9825364Z -- Installing: C:/openfhe-2023-1788/openfhe-install/CMake/OpenFHEConfig.cmake
2026-09-02T13:46:17.9831941Z -- Installing: C:/openfhe-2023-1788/openfhe-install/CMake/OpenFHEConfigVersion.cmake
2026-09-02T13:46:17.9842557Z -- Installing: C:/openfhe-2023-1788/openfhe-install/CMake/OpenFHETargets.cmake
2026-09-02T13:46:17.9864920Z -- Installing: C:/openfhe-2023-1788/openfhe-install/CMake/OpenFHETargets-release.cmake
2026-09-02T13:46:18.0109106Z ##[group]Run prefix="$(cygpath -u "$OPENFHE_PREFIX")"
2026-09-02T13:46:18.0109647Z [36;1mprefix="$(cygpath -u "$OPENFHE_PREFIX")"[0m
2026-09-02T13:46:18.0110005Z [36;1mbuild="$(cygpath -u "$PROJECT_BUILD")"[0m
2026-09-02T13:46:18.0110345Z [36;1mcmake -S . -B "$build" \[0m
2026-09-02T13:46:18.0110652Z [36;1m  -DCMAKE_BUILD_TYPE=Debug \[0m
2026-09-02T13:46:18.0110963Z [36;1m  -DCMAKE_PREFIX_PATH="$prefix"[0m
2026-09-02T13:46:18.0113399Z shell: D:\a\_temp\setup-msys2\msys2.CMD {0}
2026-09-02T13:46:18.0113728Z env:
2026-09-02T13:46:18.0114024Z   OPENFHE_COMMIT: df495ba2e91739a6dc8f1de254fc5a41155ce504
2026-09-02T13:46:18.0114421Z   OPENFHE_PREFIX: C:\openfhe-2023-1788\openfhe-install
2026-09-02T13:46:18.0114761Z   WINDOWS_ROOT: C:\openfhe-2023-1788
2026-09-02T13:46:18.0115080Z   PROJECT_SOURCE: C:\openfhe-2023-1788\cleanroom
2026-09-02T13:46:18.0115457Z   OPENFHE_SOURCE: C:\openfhe-2023-1788\openfhe-src
2026-09-02T13:46:18.0115909Z   OPENFHE_BUILD: C:\openfhe-2023-1788\openfhe-build-33637147696-1
2026-09-02T13:46:18.0116370Z   PROJECT_BUILD: C:\openfhe-2023-1788\project-build-33637147696-1
2026-09-02T13:46:18.0116719Z   MSYSTEM: MINGW64
2026-09-02T13:46:18.0116948Z ##[endgroup]
2026-09-02T13:46:18.4132119Z -- Building for: Ninja
2026-09-02T13:46:18.4132678Z -- The CXX compiler identification is GNU 16.2.0
2026-09-02T13:46:18.4687676Z -- Detecting CXX compiler ABI info
2026-09-02T13:46:18.8788131Z -- Detecting CXX compiler ABI info - done
2026-09-02T13:46:18.9107905Z -- Check for working CXX compiler: D:/a/_temp/msys64/mingw64/bin/c++.exe - skipped
2026-09-02T13:46:18.9111835Z -- Detecting CXX compile features
2026-09-02T13:46:18.9120682Z -- Detecting CXX compile features - done
2026-09-02T13:46:18.9405691Z -- Configuring done (0.7s)
2026-09-02T13:46:18.9755522Z -- Generating done (0.0s)
2026-09-02T13:46:18.9766863Z -- Build files have been written to: C:/openfhe-2023-1788/project-build-33637147696-1
2026-09-02T13:46:19.0011919Z ##[group]Run build="$(cygpath -u "$PROJECT_BUILD")"
2026-09-02T13:46:19.0012769Z [36;1mbuild="$(cygpath -u "$PROJECT_BUILD")"[0m
2026-09-02T13:46:19.0013404Z [36;1mcmake --build "$build" --parallel 2[0m
2026-09-02T13:46:19.0016595Z shell: D:\a\_temp\setup-msys2\msys2.CMD {0}
2026-09-02T13:46:19.0017167Z env:
2026-09-02T13:46:19.0017667Z   OPENFHE_COMMIT: df495ba2e91739a6dc8f1de254fc5a41155ce504
2026-09-02T13:46:19.0018362Z   OPENFHE_PREFIX: C:\openfhe-2023-1788\openfhe-install
2026-09-02T13:46:19.0018959Z   WINDOWS_ROOT: C:\openfhe-2023-1788
2026-09-02T13:46:19.0019522Z   PROJECT_SOURCE: C:\openfhe-2023-1788\cleanroom
2026-09-02T13:46:19.0020143Z   OPENFHE_SOURCE: C:\openfhe-2023-1788\openfhe-src
2026-09-02T13:46:19.0020851Z   OPENFHE_BUILD: C:\openfhe-2023-1788\openfhe-build-33637147696-1
2026-09-02T13:46:19.0021641Z   PROJECT_BUILD: C:\openfhe-2023-1788\project-build-33637147696-1
2026-09-02T13:46:19.0022321Z   MSYSTEM: MINGW64
2026-09-02T13:46:19.0022810Z ##[endgroup]
2026-09-02T13:46:28.6747491Z [1/10] Building CXX object CMakeFiles/openfhe_2023_1788.dir/src/double_ckks.cpp.obj
2026-09-02T13:46:28.7685788Z [2/10] Linking CXX static library libopenfhe_2023_1788.a
2026-09-02T13:46:32.1171929Z [3/10] Building CXX object CMakeFiles/tensor2_api_contract_test.dir/tests/tensor2_api_contract_test.cpp.obj
2026-09-02T13:46:41.1647090Z [4/10] Building CXX object CMakeFiles/dcp_rcb_test.dir/tests/dcp_rcb_test.cpp.obj
2026-09-02T13:46:50.8292625Z [5/10] Building CXX object CMakeFiles/tensor2_test.dir/tests/tensor2_test.cpp.obj
2026-09-02T13:46:51.0839892Z [6/10] Linking CXX executable dcp_rcb_test.exe
2026-09-02T13:46:51.1779207Z [7/10] Linking CXX executable tensor2_api_contract_test.exe
2026-09-02T13:46:51.4259206Z [8/10] Linking CXX executable tensor2_test.exe
2026-09-02T13:47:18.6735575Z [9/10] Building CXX object CMakeFiles/relin2_test.dir/tests/relin2_test.cpp.obj
2026-09-02T13:47:18.9805871Z [10/10] Linking CXX executable relin2_test.exe
2026-09-02T13:47:19.0074474Z ##[group]Run build="$(cygpath -u "$PROJECT_BUILD")"
2026-09-02T13:47:19.0075162Z [36;1mbuild="$(cygpath -u "$PROJECT_BUILD")"[0m
2026-09-02T13:47:19.0076009Z [36;1mcmake --build "$build" --target relin2_api_contract_test --parallel 2[0m
2026-09-02T13:47:19.0078624Z shell: D:\a\_temp\setup-msys2\msys2.CMD {0}
2026-09-02T13:47:19.0079033Z env:
2026-09-02T13:47:19.0079464Z   OPENFHE_COMMIT: df495ba2e91739a6dc8f1de254fc5a41155ce504
2026-09-02T13:47:19.0079934Z   OPENFHE_PREFIX: C:\openfhe-2023-1788\openfhe-install
2026-09-02T13:47:19.0080378Z   WINDOWS_ROOT: C:\openfhe-2023-1788
2026-09-02T13:47:19.0080974Z   PROJECT_SOURCE: C:\openfhe-2023-1788\cleanroom
2026-09-02T13:47:19.0081568Z   OPENFHE_SOURCE: C:\openfhe-2023-1788\openfhe-src
2026-09-02T13:47:19.0081985Z   OPENFHE_BUILD: C:\openfhe-2023-1788\openfhe-build-33637147696-1
2026-09-02T13:47:19.0082458Z   PROJECT_BUILD: C:\openfhe-2023-1788\project-build-33637147696-1
2026-09-02T13:47:19.0082825Z   MSYSTEM: MINGW64
2026-09-02T13:47:19.0083152Z ##[endgroup]
2026-09-02T13:47:22.3478021Z [1/2] Building CXX object CMakeFiles/relin2_api_contract_test.dir/tests/relin2_api_contract_test.cpp.obj
2026-09-02T13:47:22.4389532Z [2/2] Linking CXX executable relin2_api_contract_test.exe
2026-09-02T13:47:22.4605494Z ##[group]Run prefix="$(cygpath -u "$OPENFHE_PREFIX")"
2026-09-02T13:47:22.4605970Z [36;1mprefix="$(cygpath -u "$OPENFHE_PREFIX")"[0m
2026-09-02T13:47:22.4606299Z [36;1mbuild="$(cygpath -u "$PROJECT_BUILD")"[0m
2026-09-02T13:47:22.4606643Z [36;1mexport PATH="$prefix/bin:$prefix/lib:$PATH"[0m
2026-09-02T13:47:22.4607004Z [36;1mctest --test-dir "$build" --output-on-failure[0m
2026-09-02T13:47:22.4609515Z shell: D:\a\_temp\setup-msys2\msys2.CMD {0}
2026-09-02T13:47:22.4609785Z env:
2026-09-02T13:47:22.4610045Z   OPENFHE_COMMIT: df495ba2e91739a6dc8f1de254fc5a41155ce504
2026-09-02T13:47:22.4610390Z   OPENFHE_PREFIX: C:\openfhe-2023-1788\openfhe-install
2026-09-02T13:47:22.4610689Z   WINDOWS_ROOT: C:\openfhe-2023-1788
2026-09-02T13:47:22.4610965Z   PROJECT_SOURCE: C:\openfhe-2023-1788\cleanroom
2026-09-02T13:47:22.4611265Z   OPENFHE_SOURCE: C:\openfhe-2023-1788\openfhe-src
2026-09-02T13:47:22.4611624Z   OPENFHE_BUILD: C:\openfhe-2023-1788\openfhe-build-33637147696-1
2026-09-02T13:47:22.4612071Z   PROJECT_BUILD: C:\openfhe-2023-1788\project-build-33637147696-1
2026-09-02T13:47:22.4612386Z   MSYSTEM: MINGW64
2026-09-02T13:47:22.4612579Z ##[endgroup]
2026-09-02T13:47:22.6982696Z Test project C:/openfhe-2023-1788/project-build-33637147696-1
2026-09-02T13:47:22.7016883Z       Start  1: dcp_rcb
2026-09-02T13:47:22.7983569Z  1/36 Test  #1: dcp_rcb ......................................   Passed    0.10 sec
2026-09-02T13:47:22.8017017Z       Start  2: tensor2_valid_arithmetic_immutability
2026-09-02T13:47:22.8228688Z  2/36 Test  #2: tensor2_valid_arithmetic_immutability ........   Passed    0.02 sec
2026-09-02T13:47:22.8233198Z       Start  3: tensor2_result_scale_contract
2026-09-02T13:47:22.8382827Z  3/36 Test  #3: tensor2_result_scale_contract ................   Passed    0.01 sec
2026-09-02T13:47:22.8386972Z       Start  4: tensor2_right_input_validation
2026-09-02T13:47:22.8531344Z  4/36 Test  #4: tensor2_right_input_validation ...............   Passed    0.01 sec
2026-09-02T13:47:22.8535143Z       Start  5: tensor2_mutual_compatibility
2026-09-02T13:47:22.8671782Z  5/36 Test  #5: tensor2_mutual_compatibility .................   Passed    0.01 sec
2026-09-02T13:47:22.8675447Z       Start  6: tensor2_prearithmetic_key_compatibility
2026-09-02T13:47:22.8824923Z  6/36 Test  #6: tensor2_prearithmetic_key_compatibility ......   Passed    0.01 sec
2026-09-02T13:47:22.8828657Z       Start  7: relin2_tensor_validation_order
2026-09-02T13:47:22.9200306Z  7/36 Test  #7: relin2_tensor_validation_order ...............   Passed    0.04 sec
2026-09-02T13:47:22.9204636Z       Start  8: relin2_insufficient_active_basis
2026-09-02T13:47:22.9350215Z  8/36 Test  #8: relin2_insufficient_active_basis .............   Passed    0.01 sec
2026-09-02T13:47:22.9354185Z       Start  9: relin2_missing_eval_key
2026-09-02T13:47:22.9509679Z  9/36 Test  #9: relin2_missing_eval_key ......................   Passed    0.02 sec
2026-09-02T13:47:22.9513219Z       Start 10: relin2_key_empty
2026-09-02T13:47:22.9664923Z 10/36 Test #10: relin2_key_empty .............................   Passed    0.01 sec
2026-09-02T13:47:22.9668706Z       Start 11: relin2_key_null_first
2026-09-02T13:47:22.9820614Z 11/36 Test #11: relin2_key_null_first ........................   Passed    0.01 sec
2026-09-02T13:47:22.9824880Z       Start 12: relin2_key_wrong_context
2026-09-02T13:47:23.0005445Z 12/36 Test #12: relin2_key_wrong_context .....................   Passed    0.02 sec
2026-09-02T13:47:23.0009591Z       Start 13: relin2_key_wrong_tag
2026-09-02T13:47:23.0168681Z 13/36 Test #13: relin2_key_wrong_tag .........................   Passed    0.02 sec
2026-09-02T13:47:23.0172492Z       Start 14: relin2_key_wrong_subtype
2026-09-02T13:47:23.0337741Z 14/36 Test #14: relin2_key_wrong_subtype .....................   Passed    0.02 sec
2026-09-02T13:47:23.0342613Z       Start 15: relin2_key_hybrid_a_length
2026-09-02T13:47:23.0506983Z 15/36 Test #15: relin2_key_hybrid_a_length ...................   Passed    0.02 sec
2026-09-02T13:47:23.0509603Z       Start 16: relin2_key_hybrid_b_length
2026-09-02T13:47:23.0671780Z 16/36 Test #16: relin2_key_hybrid_b_length ...................   Passed    0.02 sec
2026-09-02T13:47:23.0675829Z       Start 17: relin2_key_hybrid_entry_basis
2026-09-02T13:47:23.0840120Z 17/36 Test #17: relin2_key_hybrid_entry_basis ................   Passed    0.02 sec
2026-09-02T13:47:23.0844089Z       Start 18: relin2_key_hybrid_entry_format
2026-09-02T13:47:23.1008161Z 18/36 Test #18: relin2_key_hybrid_entry_format ...............   Passed    0.02 sec
2026-09-02T13:47:23.1011863Z       Start 19: relin2_key_bv_zero_digit_a_length
2026-09-02T13:47:23.1161585Z 19/36 Test #19: relin2_key_bv_zero_digit_a_length ............   Passed    0.01 sec
2026-09-02T13:47:23.1165258Z       Start 20: relin2_key_bv_zero_digit_b_length
2026-09-02T13:47:23.1313343Z 20/36 Test #20: relin2_key_bv_zero_digit_b_length ............   Passed    0.01 sec
2026-09-02T13:47:23.1317540Z       Start 21: relin2_key_bv_nonzero_digit_a_length
2026-09-02T13:47:23.1476577Z 21/36 Test #21: relin2_key_bv_nonzero_digit_a_length .........   Passed    0.02 sec
2026-09-02T13:47:23.1480330Z       Start 22: relin2_key_bv_nonzero_digit_b_length
2026-09-02T13:47:23.1638469Z 22/36 Test #22: relin2_key_bv_nonzero_digit_b_length .........   Passed    0.02 sec
2026-09-02T13:47:23.1642457Z       Start 23: relin2_key_bv_zero_digit_entry_basis
2026-09-02T13:47:23.1795924Z 23/36 Test #23: relin2_key_bv_zero_digit_entry_basis .........   Passed    0.01 sec
2026-09-02T13:47:23.1799561Z       Start 24: relin2_key_bv_nonzero_digit_entry_basis
2026-09-02T13:47:23.1956419Z 24/36 Test #24: relin2_key_bv_nonzero_digit_entry_basis ......   Passed    0.02 sec
2026-09-02T13:47:23.1960752Z       Start 25: relin2_key_bv_zero_digit_entry_format
2026-09-02T13:47:23.2113127Z 25/36 Test #25: relin2_key_bv_zero_digit_entry_format ........   Passed    0.01 sec
2026-09-02T13:47:23.2117202Z       Start 26: relin2_key_bv_nonzero_digit_entry_format
2026-09-02T13:47:23.2293000Z 26/36 Test #26: relin2_key_bv_nonzero_digit_entry_format .....   Passed    0.02 sec
2026-09-02T13:47:23.2297287Z       Start 27: relin2_valid_arithmetic_state_immutability
2026-09-02T13:47:23.2457109Z 27/36 Test #27: relin2_valid_arithmetic_state_immutability ...***Failed    0.02 sec
2026-09-02T13:47:23.2457948Z Relin2 test failure: valid Relin2 arithmetic/state fixture reached the exact terminal Relin2 scaffold
2026-09-02T13:47:23.2458318Z 
2026-09-02T13:47:23.2460998Z       Start 28: relin2_controlled_witnesses_and_boundaries
2026-09-02T13:47:23.2608278Z 28/36 Test #28: relin2_controlled_witnesses_and_boundaries ...***Failed    0.01 sec
2026-09-02T13:47:23.2608898Z Relin2 test failure: controlled Relin2 witnesses fixture reached the exact terminal Relin2 scaffold
2026-09-02T13:47:23.2609267Z 
2026-09-02T13:47:23.2612422Z       Start 29: relin2_representative_public_input
2026-09-02T13:47:23.2775420Z 29/36 Test #29: relin2_representative_public_input ...........***Failed    0.02 sec
2026-09-02T13:47:23.2776051Z Relin2 test failure: representative public Relin2 fixture reached the exact terminal Relin2 scaffold
2026-09-02T13:47:23.2776413Z 
2026-09-02T13:47:23.2779655Z       Start 30: relin2_key_extra_later_valid
2026-09-02T13:47:23.2955388Z 30/36 Test #30: relin2_key_extra_later_valid .................***Failed    0.02 sec
2026-09-02T13:47:23.2956041Z Relin2 test failure: Relin2 real extra-later-key fixture reached the exact terminal Relin2 scaffold
2026-09-02T13:47:23.2956404Z 
2026-09-02T13:47:23.2959496Z       Start 31: relin2_key_malformed_later_ignored
2026-09-02T13:47:23.3131841Z 31/36 Test #31: relin2_key_malformed_later_ignored ...........***Failed    0.02 sec
2026-09-02T13:47:23.3132490Z Relin2 test failure: Relin2 malformed-later-key ignored fixture reached the exact terminal Relin2 scaffold
2026-09-02T13:47:23.3132875Z 
2026-09-02T13:47:23.3136140Z       Start 32: relin2_hybrid_valid_shapes
2026-09-02T13:47:23.3298748Z 32/36 Test #32: relin2_hybrid_valid_shapes ...................***Failed    0.02 sec
2026-09-02T13:47:23.3299497Z Relin2 test failure: Relin2 HYBRID valid shapes production Relin2 reached the exact terminal Relin2 scaffold
2026-09-02T13:47:23.3299892Z 
2026-09-02T13:47:23.3301863Z       Start 33: relin2_bv_zero_digit_valid_shapes
2026-09-02T13:47:23.3452418Z 33/36 Test #33: relin2_bv_zero_digit_valid_shapes ............***Failed    0.01 sec
2026-09-02T13:47:23.3453090Z Relin2 test failure: Relin2 BV zero-digit valid shapes production Relin2 reached the exact terminal Relin2 scaffold
2026-09-02T13:47:23.3453497Z 
2026-09-02T13:47:23.3456555Z       Start 34: relin2_bv_nonzero_digit_valid_shapes
2026-09-02T13:47:23.3611082Z 34/36 Test #34: relin2_bv_nonzero_digit_valid_shapes .........***Failed    0.02 sec
2026-09-02T13:47:23.3611745Z Relin2 test failure: Relin2 BV nonzero-digit valid shapes production Relin2 reached the exact terminal Relin2 scaffold
2026-09-02T13:47:23.3612164Z 
2026-09-02T13:47:23.3614946Z       Start 35: relin2_first_recombined_rcb_validation
2026-09-02T13:47:23.3760258Z 35/36 Test #35: relin2_first_recombined_rcb_validation .......***Failed    0.01 sec
2026-09-02T13:47:23.3760821Z Relin2 test failure: ReadyForFirstMult RCB recombined validation did not fail fast
2026-09-02T13:47:23.3761126Z 
2026-09-02T13:47:23.3763942Z       Start 36: relin2_first_recombined_tensor2_validation
2026-09-02T13:47:23.3917093Z 36/36 Test #36: relin2_first_recombined_tensor2_validation ...***Failed    0.01 sec
2026-09-02T13:47:23.3917626Z Relin2 test failure: Tensor2 recombined field validation did not fail fast
2026-09-02T13:47:23.3917911Z 
2026-09-02T13:47:23.3929713Z 
2026-09-02T13:47:23.3930004Z 72% tests passed, 10 tests failed out of 36
2026-09-02T13:47:23.3930325Z 
2026-09-02T13:47:23.3930427Z Total Test time (real) =   0.69 sec
2026-09-02T13:47:23.3930597Z 
2026-09-02T13:47:23.3930689Z The following tests FAILED:
2026-09-02T13:47:23.3948403Z 	 27 - relin2_valid_arithmetic_state_immutability (Failed)
2026-09-02T13:47:23.3949112Z 	 28 - relin2_controlled_witnesses_and_boundaries (Failed)
2026-09-02T13:47:23.3949699Z 	 29 - relin2_representative_public_input (Failed)
2026-09-02T13:47:23.3950228Z 	 30 - relin2_key_extra_later_valid (Failed)
2026-09-02T13:47:23.3950726Z 	 31 - relin2_key_malformed_later_ignored (Failed)
2026-09-02T13:47:23.3953063Z 	 32 - relin2_hybrid_valid_shapes (Failed)
2026-09-02T13:47:23.3953829Z 	 33 - relin2_bv_zero_digit_valid_shapes (Failed)
2026-09-02T13:47:23.3954855Z 	 34 - relin2_bv_nonzero_digit_valid_shapes (Failed)
2026-09-02T13:47:23.3955734Z 	 35 - relin2_first_recombined_rcb_validation (Failed)
2026-09-02T13:47:23.3956359Z 	 36 - relin2_first_recombined_tensor2_validation (Failed)
2026-09-02T13:47:23.3961726Z Errors while running CTest
2026-09-02T13:47:23.4074835Z ##[error]Process completed with exit code 8.
2026-09-02T13:47:23.4174429Z Cleaning up orphan processes
