2026-09-04T15:58:56.1566670Z Current runner version: '2.337.0'
2026-09-04T15:58:56.1595470Z ##[group]Runner Image Provisioner
2026-09-04T15:58:56.1596350Z Hosted Compute Agent
2026-09-04T15:58:56.1596960Z Version: 20260828.587
2026-09-04T15:58:56.1597642Z Commit: abac92662cab4cc7352de4f9f9d2e2419aad9c29
2026-09-04T15:58:56.1598379Z Build Date: 2026-08-28T16:44:25Z
2026-09-04T15:58:56.1599124Z Worker ID: {a3d7ebe1-f41d-4c3d-bbc1-2d54c7f3124f}
2026-09-04T15:58:56.1599882Z Azure Region: eastus2
2026-09-04T15:58:56.1600468Z ##[endgroup]
2026-09-04T15:58:56.1601867Z ##[group]Operating System
2026-09-04T15:58:56.1602544Z Microsoft Windows Server 2022
2026-09-04T15:58:56.1603178Z 10.0.20348
2026-09-04T15:58:56.1603715Z Datacenter
2026-09-04T15:58:56.1604260Z ##[endgroup]
2026-09-04T15:58:56.1604794Z ##[group]Runner Image
2026-09-04T15:58:56.1605428Z Image: windows-2022
2026-09-04T15:58:56.1606063Z Version: 20260830.290.1
2026-09-04T15:58:56.1607364Z Included Software: https://github.com/actions/runner-images/blob/win22/20260830.290/images/windows/Windows2022-Readme.md
2026-09-04T15:58:56.1608981Z Image Release: https://github.com/actions/runner-images/releases/tag/win22%2F20260830.290
2026-09-04T15:58:56.1609978Z ##[endgroup]
2026-09-04T15:58:56.1611097Z ##[group]GITHUB_TOKEN Permissions
2026-09-04T15:58:56.1613165Z Contents: read
2026-09-04T15:58:56.1613838Z Metadata: read
2026-09-04T15:58:56.1614446Z ##[endgroup]
2026-09-04T15:58:56.1616541Z Secret source: Actions
2026-09-04T15:58:56.1617772Z Prepare workflow directory
2026-09-04T15:58:56.2246330Z Prepare all required actions
2026-09-04T15:58:56.2293831Z Getting action download info
2026-09-04T15:58:56.3667254Z Download action repository 'msys2/setup-msys2@v2' (SHA:66cd2cce69caa17b53920067426061ca1de3a884)
2026-09-04T15:58:56.5701536Z Complete job name: windows-mingw64
2026-09-04T15:58:56.7280305Z ##[group]Run git config --global core.autocrlf false
2026-09-04T15:58:56.7281872Z [36;1mgit config --global core.autocrlf false[0m
2026-09-04T15:58:56.7283073Z [36;1mgit config --global core.eol lf[0m
2026-09-04T15:58:56.7284622Z [36;1mNew-Item -ItemType Directory -Path $env:WINDOWS_ROOT | Out-Null[0m
2026-09-04T15:58:56.7286068Z [36;1m[0m
2026-09-04T15:58:56.7286856Z [36;1mgit init $env:PROJECT_SOURCE[0m
2026-09-04T15:58:56.7288515Z [36;1mgit -C $env:PROJECT_SOURCE remote add origin https://github.com/leemaple/20231788..git[0m
2026-09-04T15:58:56.7290570Z [36;1mgit -C $env:PROJECT_SOURCE fetch --depth 1 origin $env:GITHUB_SHA[0m
2026-09-04T15:58:56.7292238Z [36;1mgit -C $env:PROJECT_SOURCE checkout --detach FETCH_HEAD[0m
2026-09-04T15:58:56.7293835Z [36;1m$projectActual = git -C $env:PROJECT_SOURCE rev-parse HEAD[0m
2026-09-04T15:58:56.7295329Z [36;1mif ($projectActual -ne $env:GITHUB_SHA) {[0m
2026-09-04T15:58:56.7296747Z [36;1m  throw "Project checkout mismatch: $projectActual"[0m
2026-09-04T15:58:56.7297965Z [36;1m}[0m
2026-09-04T15:58:56.7298682Z [36;1m[0m
2026-09-04T15:58:56.7299439Z [36;1mgit init $env:OPENFHE_SOURCE[0m
2026-09-04T15:58:56.7301261Z [36;1mgit -C $env:OPENFHE_SOURCE remote add origin https://github.com/openfheorg/openfhe-development.git[0m
2026-09-04T15:58:56.7303598Z [36;1mgit -C $env:OPENFHE_SOURCE fetch --depth 1 origin $env:OPENFHE_COMMIT[0m
2026-09-04T15:58:56.7305321Z [36;1mgit -C $env:OPENFHE_SOURCE checkout --detach FETCH_HEAD[0m
2026-09-04T15:58:56.7307066Z [36;1mgit -C $env:OPENFHE_SOURCE submodule update --init --recursive --depth 1[0m
2026-09-04T15:58:56.7308539Z [36;1m[0m
2026-09-04T15:58:56.7309653Z [36;1m$projectStatus = @(git -C $env:PROJECT_SOURCE status --porcelain)[0m
2026-09-04T15:58:56.7311245Z [36;1mif ($projectStatus.Count -ne 0) {[0m
2026-09-04T15:58:56.7312701Z [36;1m  throw "Project checkout is dirty: $($projectStatus -join '; ')"[0m
2026-09-04T15:58:56.7314092Z [36;1m}[0m
2026-09-04T15:58:56.7315212Z [36;1m$openfheStatus = @(git -C $env:OPENFHE_SOURCE status --porcelain)[0m
2026-09-04T15:58:56.7316693Z [36;1mif ($openfheStatus.Count -ne 0) {[0m
2026-09-04T15:58:56.7320408Z [36;1m  throw "OpenFHE checkout is dirty: $($openfheStatus -join '; ')"[0m
2026-09-04T15:58:56.7321780Z [36;1m}[0m
2026-09-04T15:58:56.9111897Z shell: C:\Program Files\PowerShell\7\pwsh.EXE -command ". '{0}'"
2026-09-04T15:58:56.9113025Z env:
2026-09-04T15:58:56.9113615Z   OPENFHE_COMMIT: df495ba2e91739a6dc8f1de254fc5a41155ce504
2026-09-04T15:58:56.9114462Z   OPENFHE_PREFIX: C:\openfhe-2023-1788\openfhe-install
2026-09-04T15:58:56.9115181Z   WINDOWS_ROOT: C:\openfhe-2023-1788
2026-09-04T15:58:56.9115927Z   PROJECT_SOURCE: C:\openfhe-2023-1788\cleanroom
2026-09-04T15:58:56.9116668Z   OPENFHE_SOURCE: C:\openfhe-2023-1788\openfhe-src
2026-09-04T15:58:56.9117487Z   OPENFHE_BUILD: C:\openfhe-2023-1788\openfhe-build-33892550947-1
2026-09-04T15:58:56.9118460Z   PROJECT_BUILD: C:\openfhe-2023-1788\project-build-33892550947-1
2026-09-04T15:58:56.9119149Z ##[endgroup]
2026-09-04T15:58:58.0557024Z Initialized empty Git repository in C:/openfhe-2023-1788/cleanroom/.git/
2026-09-04T15:58:59.7045127Z From https://github.com/leemaple/20231788.
2026-09-04T15:59:01.0196905Z  * branch            4ecbd972429884489918d9f82dfc3fe9f702ef4a -> FETCH_HEAD
2026-09-04T15:59:01.0197656Z HEAD is now at 4ecbd97 merge: consolidate reviewed first-Mult2 implementation with default history
2026-09-04T15:59:01.1399760Z Initialized empty Git repository in C:/openfhe-2023-1788/openfhe-src/.git/
2026-09-04T15:59:02.0198762Z From https://github.com/openfheorg/openfhe-development
2026-09-04T15:59:02.0199842Z  * branch            df495ba2e91739a6dc8f1de254fc5a41155ce504 -> FETCH_HEAD
2026-09-04T15:59:02.6150306Z HEAD is now at df495ba Merge pull request #1130 from openfheorg/dev
2026-09-04T15:59:03.7691206Z Submodule 'third-party/cereal' (https://github.com/openfheorg/cereal.git) registered for path 'third-party/cereal'
2026-09-04T15:59:03.7709649Z Submodule 'third-party/google-benchmark' (https://github.com/google/benchmark.git) registered for path 'third-party/google-benchmark'
2026-09-04T15:59:03.7730984Z Submodule 'third-party/google-test' (https://github.com/google/googletest.git) registered for path 'third-party/google-test'
2026-09-04T15:59:03.7764679Z Submodule 'third-party/gperftools' (https://github.com/gperftools/gperftools.git) registered for path 'third-party/gperftools'
2026-09-04T15:59:03.8237817Z Cloning into 'C:/openfhe-2023-1788/openfhe-src/third-party/cereal'...
2026-09-04T15:59:04.5738205Z Cloning into 'C:/openfhe-2023-1788/openfhe-src/third-party/google-benchmark'...
2026-09-04T15:59:05.0272473Z Cloning into 'C:/openfhe-2023-1788/openfhe-src/third-party/google-test'...
2026-09-04T15:59:05.4339754Z Cloning into 'C:/openfhe-2023-1788/openfhe-src/third-party/gperftools'...
2026-09-04T15:59:06.5042323Z Submodule path 'third-party/cereal': checked out '984e3f194862b17916536b5fade40cba6e47a6fe'
2026-09-04T15:59:07.3098140Z From https://github.com/google/benchmark
2026-09-04T15:59:07.3098711Z  * branch            eddb0241389718a23a42db6af5f0164b6e0139af -> FETCH_HEAD
2026-09-04T15:59:07.7107714Z Submodule path 'third-party/google-benchmark': checked out 'eddb0241389718a23a42db6af5f0164b6e0139af'
2026-09-04T15:59:08.5156392Z From https://github.com/google/googletest
2026-09-04T15:59:08.5157141Z  * branch            52eb8108c5bdec04579160ae17225d66034bd723 -> FETCH_HEAD
2026-09-04T15:59:09.0031584Z Submodule path 'third-party/google-test': checked out '52eb8108c5bdec04579160ae17225d66034bd723'
2026-09-04T15:59:10.0449491Z From https://github.com/gperftools/gperftools
2026-09-04T15:59:10.0449991Z  * branch            83edb60836d87cf1b406e8846b9059c03031e8f5 -> FETCH_HEAD
2026-09-04T15:59:12.4385606Z Submodule path 'third-party/gperftools': checked out '83edb60836d87cf1b406e8846b9059c03031e8f5'
2026-09-04T15:59:12.8391989Z ##[group]Run msys2/setup-msys2@v2
2026-09-04T15:59:12.8392360Z with:
2026-09-04T15:59:12.8392570Z   msystem: MINGW64
2026-09-04T15:59:12.8392806Z   update: true
2026-09-04T15:59:12.8393016Z   cache: false
2026-09-04T15:59:12.8393369Z   install: git make mingw-w64-x86_64-boost mingw-w64-x86_64-cmake mingw-w64-x86_64-gcc
2026-09-04T15:59:12.8394454Z   path-type: minimal
2026-09-04T15:59:12.8394678Z   release: true
2026-09-04T15:59:12.8394898Z   platform-check-severity: fatal
2026-09-04T15:59:12.8395189Z env:
2026-09-04T15:59:12.8395450Z   OPENFHE_COMMIT: df495ba2e91739a6dc8f1de254fc5a41155ce504
2026-09-04T15:59:12.8395828Z   OPENFHE_PREFIX: C:\openfhe-2023-1788\openfhe-install
2026-09-04T15:59:12.8396157Z   WINDOWS_ROOT: C:\openfhe-2023-1788
2026-09-04T15:59:12.8396454Z   PROJECT_SOURCE: C:\openfhe-2023-1788\cleanroom
2026-09-04T15:59:12.8396786Z   OPENFHE_SOURCE: C:\openfhe-2023-1788\openfhe-src
2026-09-04T15:59:12.8397191Z   OPENFHE_BUILD: C:\openfhe-2023-1788\openfhe-build-33892550947-1
2026-09-04T15:59:12.8397619Z   PROJECT_BUILD: C:\openfhe-2023-1788\project-build-33892550947-1
2026-09-04T15:59:12.8397952Z ##[endgroup]
2026-09-04T15:59:12.9914998Z ##[group]Downloading MSYS2...
2026-09-04T15:59:13.6915898Z ##[endgroup]
2026-09-04T15:59:13.6916630Z ##[group]Extracting MSYS2...
2026-09-04T15:59:13.6933686Z [command]C:\hostedtoolcache\windows\msys2-installer\0.0.20260611\x64\base.exe -y
2026-09-04T15:59:14.2429854Z 
2026-09-04T15:59:14.2430823Z 7-Zip SFX 25.01 ZS v1.5.7 R4 (x64) : Copyright (c) 1999-2025 Igor Pavlov, 2016-2026 Tino Reichardt, 2022-2026 Sergey G. Brester : 2026-01-10
2026-09-04T15:59:14.2432695Z 
2026-09-04T15:59:14.2433178Z Extracting archive: C:\hostedtoolcache\windows\msys2-installer\0.0.20260611\x64\base.exe
2026-09-04T15:59:14.2434034Z --
2026-09-04T15:59:14.2434804Z Path = C:\hostedtoolcache\windows\msys2-installer\0.0.20260611\x64\base.exe
2026-09-04T15:59:14.2435568Z Type = 7z
2026-09-04T15:59:14.2435764Z 
2026-09-04T15:59:14.4394146Z   0%
2026-09-04T15:59:14.4395073Z     
2026-09-04T15:59:14.6425111Z   0% 1212 - msys64\usr\bin\xzless
2026-09-04T15:59:14.6425628Z                                  
2026-09-04T15:59:14.8459475Z   3% 2121 - msys64\usr\lib\terminfo\64\d430c-unix-sr-ccc
2026-09-04T15:59:14.8460168Z                                                         
2026-09-04T15:59:15.0490454Z   4% 3175 - msys64\usr\lib\terminfo\70\pcvtXX
2026-09-04T15:59:15.0491044Z                                              
2026-09-04T15:59:15.2526625Z   4% 4218 - msys64\usr\lib\terminfo\78\xterm+alt1049
2026-09-04T15:59:15.2527290Z                                                     
2026-09-04T15:59:15.4493015Z   5% 5182 - msys64\usr\share\bash-completion\completions\wipefs
2026-09-04T15:59:15.4493716Z                                                                
2026-09-04T15:59:15.6504736Z  10% 6003 - msys64\usr\share\locale\bg\LC_MESSAGES\findutils.mo
2026-09-04T15:59:15.6505793Z                                                                
2026-09-04T15:59:15.8581783Z  22% 6572 - msys64\usr\share\locale\pl\LC_MESSAGES\util-linux.mo
2026-09-04T15:59:15.8582474Z                                                                 
2026-09-04T15:59:16.0565731Z  32% 7313 - msys64\usr\share\man\man1\more.1.gz
2026-09-04T15:59:16.0566295Z                                                
2026-09-04T15:59:16.2598953Z  33% 8281 - msys64\usr\share\man\man3\curs_scr_dump.3x.gz
2026-09-04T15:59:16.2599571Z                                                          
2026-09-04T15:59:16.4645409Z  34% 9287 - msys64\usr\share\man\man3\wattr_set.3x.gz
2026-09-04T15:59:16.4646315Z                                                      
2026-09-04T15:59:16.6688324Z  42% 10046 - msys64\usr\share\perl5\core_perl\TAP\Parser\SourceHandler\Perl.pm
2026-09-04T15:59:16.6689172Z                                                                               
2026-09-04T15:59:16.8735463Z  44% 10920 - msys64\usr\share\perl5\core_perl\unicore\lib\WB\MB.pl
2026-09-04T15:59:16.8738469Z                                                                   
2026-09-04T15:59:17.0780751Z  47% 11876 - msys64\usr\share\terminfo\64\ds40-2
2026-09-04T15:59:17.0781531Z                                                 
2026-09-04T15:59:17.2809069Z  47% 12957 - msys64\usr\share\terminfo\73\screen.teraterm
2026-09-04T15:59:17.2810295Z                                                          
2026-09-04T15:59:17.4840697Z  47% 13865 - msys64\usr\share\terminfo\78\xterm-r6
2026-09-04T15:59:17.4841294Z                                                   
2026-09-04T15:59:17.6874050Z  48% 14970 - msys64\usr\share\zoneinfo\posix\Europe\Riga
2026-09-04T15:59:17.6874702Z                                                         
2026-09-04T15:59:17.8912148Z  49% 15997 - msys64\var\lib\pacman\local\sed-4.9-1\mtree
2026-09-04T15:59:17.8913040Z                                                         
2026-09-04T15:59:18.0967579Z  62% 16296 - msys64\usr\bin\msys-gnutls-30.dll
2026-09-04T15:59:18.0968172Z                                               
2026-09-04T15:59:18.1907684Z  91% 16437 - msys64\usr\bin\tic.exe
2026-09-04T15:59:18.1908342Z                                    
2026-09-04T15:59:18.1908774Z Everything is Ok
2026-09-04T15:59:18.1933573Z ##[endgroup]
2026-09-04T15:59:18.1934246Z ##[group]Disable Key Refresh...
2026-09-04T15:59:18.1953170Z ##[endgroup]
2026-09-04T15:59:18.1969197Z ##[group]Starting MSYS2 for the first time...
2026-09-04T15:59:18.2844040Z [command]C:\Windows\system32\cmd.exe /D /S /C D:\a\_temp\setup-msys2\msys2.cmd -c "'uname' '-a'"
2026-09-04T15:59:18.3838948Z [1;32mMSYS2 is starting for the first time. Executing the initial setup.[1;0m
2026-09-04T15:59:18.4138720Z Copying skeleton files.
2026-09-04T15:59:18.4139460Z These files are for the users to personalise their msys2 experience.
2026-09-04T15:59:18.4139801Z 
2026-09-04T15:59:18.4139969Z They will never be overwritten nor automatically updated.
2026-09-04T15:59:18.4140227Z 
2026-09-04T15:59:18.4522191Z './.bashrc' -> '/home/runneradmin/.bashrc'
2026-09-04T15:59:18.4658180Z './.bash_profile' -> '/home/runneradmin/.bash_profile'
2026-09-04T15:59:18.4792565Z './.profile' -> '/home/runneradmin/.profile'
2026-09-04T15:59:18.5293210Z 'C:\Windows\system32\drivers\etc\hosts' -> '/etc/hosts'
2026-09-04T15:59:18.5699736Z 'C:\Windows\system32\drivers\etc\protocol' -> '/etc/protocols'
2026-09-04T15:59:18.6121299Z 'C:\Windows\system32\drivers\etc\services' -> '/etc/services'
2026-09-04T15:59:18.6532221Z 'C:\Windows\system32\drivers\etc\networks' -> '/etc/networks'
2026-09-04T15:59:18.8055323Z gpg: /etc/pacman.d/gnupg/trustdb.gpg: trustdb created
2026-09-04T15:59:18.8111524Z gpg: no ultimately trusted keys found
2026-09-04T15:59:19.0486965Z gpg: starting migration from earlier GnuPG versions
2026-09-04T15:59:19.0959840Z gpg: porting secret keys from '/etc/pacman.d/gnupg/secring.gpg' to gpg-agent
2026-09-04T15:59:19.0963348Z gpg: migration succeeded
2026-09-04T15:59:19.1144420Z ==> Generating pacman master key. This may take some time.
2026-09-04T15:59:19.1304112Z gpg: Generating pacman keyring master key...
2026-09-04T15:59:20.3051957Z gpg: directory '/etc/pacman.d/gnupg/openpgp-revocs.d' created
2026-09-04T15:59:20.3295826Z gpg: revocation certificate stored as '/etc/pacman.d/gnupg/openpgp-revocs.d/8BB8DC35529DAF86E420F146AE23AFDE4BF0FF9C.rev'
2026-09-04T15:59:20.3296794Z gpg: Done
2026-09-04T15:59:20.3445166Z ==> Updating trust database...
2026-09-04T15:59:20.3745679Z gpg: marginals needed: 3  completes needed: 1  trust model: pgp
2026-09-04T15:59:20.3746349Z gpg: depth: 0  valid:   1  signed:   0  trust: 0-, 0q, 0n, 0m, 0f, 1u
2026-09-04T15:59:20.4767539Z ==> Appending keys from msys2.gpg...
2026-09-04T15:59:20.9897838Z ==> Locally signing trusted keys in keyring...
2026-09-04T15:59:21.4702222Z   -> Locally signed 5 keys.
2026-09-04T15:59:21.4824014Z ==> Importing owner trust values...
2026-09-04T15:59:21.4982714Z gpg: setting ownertrust to 4
2026-09-04T15:59:21.4984455Z gpg: setting ownertrust to 4
2026-09-04T15:59:21.4984849Z gpg: setting ownertrust to 4
2026-09-04T15:59:21.4985171Z gpg: setting ownertrust to 4
2026-09-04T15:59:21.4985483Z gpg: setting ownertrust to 4
2026-09-04T15:59:21.5207855Z ==> Disabling revoked keys in keyring...
2026-09-04T15:59:21.7337942Z   -> Disabled 4 keys.
2026-09-04T15:59:21.7461481Z ==> Updating trust database...
2026-09-04T15:59:21.7833635Z gpg: marginals needed: 3  completes needed: 1  trust model: pgp
2026-09-04T15:59:21.7862656Z gpg: depth: 0  valid:   1  signed:   5  trust: 0-, 0q, 0n, 0m, 0f, 1u
2026-09-04T15:59:21.7892334Z gpg: depth: 1  valid:   5  signed:   6  trust: 0-, 0q, 0n, 5m, 0f, 0u
2026-09-04T15:59:21.7905093Z gpg: depth: 2  valid:   3  signed:   2  trust: 3-, 0q, 0n, 0m, 0f, 0u
2026-09-04T15:59:21.8223509Z pacman-key (pacman) 6.1.0
2026-09-04T15:59:21.8224232Z Copyright (c) 2010-2024 Pacman Development Team <pacman-dev@lists.archlinux.org>.
2026-09-04T15:59:21.8224677Z 
2026-09-04T15:59:21.8351180Z This is free software; see the source for copying conditions.
2026-09-04T15:59:21.8351955Z There is NO WARRANTY, to the extent permitted by law.
2026-09-04T15:59:22.0259141Z [1;32mInitial setup complete. MSYS2 is now ready to use.[1;0m
2026-09-04T15:59:22.0386775Z MINGW64_NT-10.0-20348 runnervmy4vqd 3.6.9-01d6c708.x86_64 2026-05-24 10:45 UTC x86_64 Msys
2026-09-04T15:59:22.0429424Z ##[endgroup]
2026-09-04T15:59:22.0430156Z ##[group]Disable CheckSpace...
2026-09-04T15:59:22.1238792Z [command]C:\Windows\system32\cmd.exe /D /S /C D:\a\_temp\setup-msys2\msys2.cmd -c "'sed' '-i' 's/^CheckSpace/#CheckSpace/g' '/etc/pacman.conf'"
2026-09-04T15:59:22.2865035Z ##[endgroup]
2026-09-04T15:59:22.2865636Z ##[group]Updating packages...
2026-09-04T15:59:22.3659367Z [command]C:\Windows\system32\cmd.exe /D /S /C D:\a\_temp\setup-msys2\msys2.cmd -c "'pacman' '--noconfirm' '-Syuu' '--overwrite' '*'"
2026-09-04T15:59:22.9761904Z :: Synchronizing package databases...
2026-09-04T15:59:24.1408301Z  clangarm64 downloading...
2026-09-04T15:59:24.1408868Z  mingw32 downloading...
2026-09-04T15:59:24.1409171Z  mingw64 downloading...
2026-09-04T15:59:24.1409416Z  ucrt64 downloading...
2026-09-04T15:59:24.1409657Z  clang64 downloading...
2026-09-04T15:59:24.1409890Z  msys downloading...
2026-09-04T15:59:24.5735987Z :: Starting core system upgrade...
2026-09-04T15:59:24.7760412Z warning: terminate other MSYS2 programs before proceeding
2026-09-04T15:59:24.7761202Z resolving dependencies...
2026-09-04T15:59:24.7761664Z looking for conflicting packages...
2026-09-04T15:59:24.7864061Z 
2026-09-04T15:59:24.7864340Z Packages (1) msys2-runtime-3.6.10-3
2026-09-04T15:59:24.7864685Z 
2026-09-04T15:59:24.7865069Z Total Download Size:    1.97 MiB
2026-09-04T15:59:24.7865552Z Total Installed Size:   6.33 MiB
2026-09-04T15:59:24.7866015Z Net Upgrade Size:      -0.20 MiB
2026-09-04T15:59:24.7866316Z 
2026-09-04T15:59:24.7866596Z :: Proceed with installation? [Y/n] 
2026-09-04T15:59:24.7867086Z :: Retrieving packages...
2026-09-04T15:59:25.1477296Z  msys2-runtime-3.6.10-3-x86_64 downloading...
2026-09-04T15:59:25.1477940Z checking keyring...
2026-09-04T15:59:25.2022741Z checking package integrity...
2026-09-04T15:59:25.3602427Z loading package files...
2026-09-04T15:59:25.3624962Z checking for file conflicts...
2026-09-04T15:59:25.3647963Z :: Processing package changes...
2026-09-04T15:59:25.3648291Z upgrading msys2-runtime...
2026-09-04T15:59:25.5072524Z :: To complete this update all MSYS2 processes including this terminal will be closed. Confirm to proceed [Y/n] 
2026-09-04T15:59:25.7612816Z ##[endgroup]
2026-09-04T15:59:25.7613277Z ##[group]Killing remaining tasks...
2026-09-04T15:59:25.8418708Z [command]C:\Windows\system32\taskkill.exe /F /FI "MODULES eq msys-2.0.dll"
2026-09-04T15:59:25.9598182Z 
2026-09-04T15:59:25.9599125Z INFO: No tasks running with the specified criteria.
2026-09-04T15:59:25.9630266Z ##[endgroup]
2026-09-04T15:59:25.9630893Z ##[group]Final system upgrade...
2026-09-04T15:59:26.0441069Z [command]C:\Windows\system32\cmd.exe /D /S /C D:\a\_temp\setup-msys2\msys2.cmd -c "'pacman' '--noconfirm' '-Syuu' '--overwrite' '*'"
2026-09-04T15:59:26.6913823Z :: Synchronizing package databases...
2026-09-04T15:59:27.3698062Z  clangarm64 downloading...
2026-09-04T15:59:27.3698724Z  mingw32 downloading...
2026-09-04T15:59:27.3700476Z  mingw64 downloading...
2026-09-04T15:59:27.3700871Z  ucrt64 downloading...
2026-09-04T15:59:27.3701252Z  clang64 downloading...
2026-09-04T15:59:27.3701660Z  msys downloading...
2026-09-04T15:59:27.8185565Z :: Starting core system upgrade...
2026-09-04T15:59:27.9972043Z  there is nothing to do
2026-09-04T15:59:27.9972540Z :: Starting full system upgrade...
2026-09-04T15:59:28.0282350Z resolving dependencies...
2026-09-04T15:59:28.0344809Z looking for conflicting packages...
2026-09-04T15:59:28.0474867Z 
2026-09-04T15:59:28.0478544Z Packages (32) bash-completion-2.18.0-1  bsdtar-3.8.9-1  ca-certificates-20260816-1  curl-8.21.0-1  findutils-4.11.0-2  gawk-5.4.1-1  gcc-libs-15.3.0-1  gnupg-2.4.9-3  libcurl-8.21.0-1  libexpat-2.8.4-1  libffi-3.8.0-1  libgnutls-3.8.13-2  libhogweed-4.0-1  libnettle-4.0-1  libnghttp2-1.70.0-1  libnghttp3-1.18.0-1  libngtcp2-1.25.0-1  libopenssl-3.6.4-1  libp11-kit-0.26.5-1  libpcre2_8-10.48-1  libpsl-0.23.2-1  libsqlite-3.53.4-1  msys2-keyring-1~20260814-1  nano-9.2-1  nettle-4.0-1  openssl-3.6.4-1  p11-kit-0.26.5-1  pacman-contrib-1.10.6-2  perl-5.42.3-1  pinentry-1.3.3-1  tzcode-2026c-1  wget-1.25.0-2
2026-09-04T15:59:28.0482185Z 
2026-09-04T15:59:28.0482366Z Total Download Size:    27.20 MiB
2026-09-04T15:59:28.0482828Z Total Installed Size:  108.84 MiB
2026-09-04T15:59:28.0483297Z Net Upgrade Size:       -1.02 MiB
2026-09-04T15:59:28.0483607Z 
2026-09-04T15:59:28.0484112Z :: Proceed with installation? [Y/n] 
2026-09-04T15:59:28.0484675Z :: Retrieving packages...
2026-09-04T15:59:29.8077274Z  perl-5.42.3-1-x86_64 downloading...
2026-09-04T15:59:29.8077825Z  pacman-contrib-1.10.6-2-x86_64 downloading...
2026-09-04T15:59:29.8078351Z  gnupg-2.4.9-3-x86_64 downloading...
2026-09-04T15:59:29.8078663Z  libopenssl-3.6.4-1-x86_64 downloading...
2026-09-04T15:59:29.8078973Z  gawk-5.4.1-1-x86_64 downloading...
2026-09-04T15:59:29.8079267Z  libgnutls-3.8.13-2-x86_64 downloading...
2026-09-04T15:59:29.8079577Z  gcc-libs-15.3.0-1-x86_64 downloading...
2026-09-04T15:59:29.8079889Z  curl-8.21.0-1-x86_64 downloading...
2026-09-04T15:59:29.8080178Z  wget-1.25.0-2-x86_64 downloading...
2026-09-04T15:59:29.8080471Z  libsqlite-3.53.4-1-x86_64 downloading...
2026-09-04T15:59:29.8080779Z  nano-9.2-1-x86_64 downloading...
2026-09-04T15:59:29.8081058Z  openssl-3.6.4-1-x86_64 downloading...
2026-09-04T15:59:29.8081353Z  findutils-4.11.0-2-x86_64 downloading...
2026-09-04T15:59:29.8145120Z  p11-kit-0.26.5-1-x86_64 downloading...
2026-09-04T15:59:29.8145653Z  ca-certificates-20260816-1-any downloading...
2026-09-04T15:59:29.8146231Z  libcurl-8.21.0-1-x86_64 downloading...
2026-09-04T15:59:29.8146522Z  bsdtar-3.8.9-1-x86_64 downloading...
2026-09-04T15:59:29.8146823Z  tzcode-2026c-1-x86_64 downloading...
2026-09-04T15:59:29.8147110Z  libp11-kit-0.26.5-1-x86_64 downloading...
2026-09-04T15:59:29.8147433Z  bash-completion-2.18.0-1-any downloading...
2026-09-04T15:59:29.8147751Z  libhogweed-4.0-1-x86_64 downloading...
2026-09-04T15:59:29.8148040Z  libngtcp2-1.25.0-1-x86_64 downloading...
2026-09-04T15:59:29.8148343Z  libpcre2_8-10.48-1-x86_64 downloading...
2026-09-04T15:59:29.8148629Z  libnettle-4.0-1-x86_64 downloading...
2026-09-04T15:59:29.8148897Z  nettle-4.0-1-x86_64 downloading...
2026-09-04T15:59:29.8149163Z  libpsl-0.23.2-1-x86_64 downloading...
2026-09-04T15:59:29.8149438Z  libnghttp3-1.18.0-1-x86_64 downloading...
2026-09-04T15:59:29.8149731Z  libnghttp2-1.70.0-1-x86_64 downloading...
2026-09-04T15:59:29.8150017Z  libexpat-2.8.4-1-x86_64 downloading...
2026-09-04T15:59:29.8150290Z  pinentry-1.3.3-1-x86_64 downloading...
2026-09-04T15:59:29.8150588Z  msys2-keyring-1~20260814-1-any downloading...
2026-09-04T15:59:29.8151118Z  libffi-3.8.0-1-x86_64 downloading...
2026-09-04T15:59:29.8151402Z checking keyring...
2026-09-04T15:59:29.8625581Z checking package integrity...
2026-09-04T15:59:34.3012401Z loading package files...
2026-09-04T15:59:34.3736473Z checking for file conflicts...
2026-09-04T15:59:34.4289785Z :: Running pre-transaction hooks...
2026-09-04T15:59:34.4290686Z (1/1) Removing old entries from the info directory file...
2026-09-04T15:59:34.5428479Z :: Processing package changes...
2026-09-04T15:59:34.5429012Z upgrading bash-completion...
2026-09-04T15:59:35.4228298Z upgrading gcc-libs...
2026-09-04T15:59:35.4397748Z upgrading libexpat...
2026-09-04T15:59:35.4441281Z upgrading libopenssl...
2026-09-04T15:59:35.4678347Z upgrading bsdtar...
2026-09-04T15:59:35.4767524Z upgrading openssl...
2026-09-04T15:59:35.5802122Z upgrading findutils...
2026-09-04T15:59:35.6529458Z upgrading libffi...
2026-09-04T15:59:35.6632056Z upgrading libpcre2_8...
2026-09-04T15:59:35.6682085Z upgrading libp11-kit...
2026-09-04T15:59:35.6750649Z upgrading p11-kit...
2026-09-04T15:59:35.8306156Z upgrading ca-certificates...
2026-09-04T15:59:36.3531822Z upgrading libnghttp3...
2026-09-04T15:59:36.3590995Z upgrading libngtcp2...
2026-09-04T15:59:36.3668856Z upgrading libnghttp2...
2026-09-04T15:59:36.3727845Z upgrading libpsl...
2026-09-04T15:59:36.3817894Z upgrading libcurl...
2026-09-04T15:59:36.3879077Z upgrading curl...
2026-09-04T15:59:36.8077512Z upgrading gawk...
2026-09-04T15:59:36.9037403Z upgrading libhogweed...
2026-09-04T15:59:36.9081489Z upgrading libnettle...
2026-09-04T15:59:36.9129743Z upgrading libgnutls...
2026-09-04T15:59:36.9627721Z upgrading libsqlite...
2026-09-04T15:59:36.9724745Z upgrading nettle...
2026-09-04T15:59:36.9801079Z upgrading pinentry...
2026-09-04T15:59:36.9859871Z upgrading gnupg...
2026-09-04T15:59:41.5270292Z ==> Appending keys from msys2.gpg...
2026-09-04T15:59:41.9928280Z ==> Updating trust database...
2026-09-04T15:59:42.0098479Z gpg: no need for a trustdb check
2026-09-04T15:59:42.0970622Z upgrading msys2-keyring...
2026-09-04T15:59:42.4171950Z ==> Appending keys from msys2.gpg...
2026-09-04T15:59:42.9088926Z ==> Updating trust database...
2026-09-04T15:59:42.9260582Z gpg: next trustdb check due at 2027-02-10
2026-09-04T15:59:43.0097356Z upgrading nano...
2026-09-04T15:59:43.1249100Z upgrading pacman-contrib...
2026-09-04T15:59:43.1904327Z New optional dependencies for pacman-contrib
2026-09-04T15:59:43.1904990Z     perl: for pacsearch [installed]
2026-09-04T15:59:43.1905377Z     vim: default diff program for pacdiff
2026-09-04T15:59:43.1905749Z upgrading perl...
2026-09-04T15:59:44.9788909Z upgrading tzcode...
2026-09-04T15:59:46.8103805Z upgrading wget...
2026-09-04T15:59:46.9435465Z :: Running post-transaction hooks...
2026-09-04T15:59:46.9436165Z (1/1) Updating the info directory file...
2026-09-04T15:59:48.6116427Z ##[endgroup]
2026-09-04T15:59:48.6116953Z ##[group]Installing additional packages through pacman...
2026-09-04T15:59:48.6949181Z [command]C:\Windows\system32\cmd.exe /D /S /C D:\a\_temp\setup-msys2\msys2.cmd -c "'pacman' '--noconfirm' '-S' '--needed' '--overwrite' '*' 'git' 'make' 'mingw-w64-x86_64-boost' 'mingw-w64-x86_64-cmake' 'mingw-w64-x86_64-gcc'"
2026-09-04T15:59:49.4677158Z resolving dependencies...
2026-09-04T15:59:49.4801870Z looking for conflicting packages...
2026-09-04T15:59:49.4960596Z 
2026-09-04T15:59:49.4975555Z Packages (89) heimdal-7.8.0-5  heimdal-libs-7.8.0-5  libcbor-0.14.0-2  libedit-20240808_3.1-1  libfido2-1.17.0-1  mingw-w64-x86_64-binutils-2.47-3  mingw-w64-x86_64-boost-libs-1.92.0-3  mingw-w64-x86_64-brotli-1.2.0-1  mingw-w64-x86_64-bzip2-1.0.8-4  mingw-w64-x86_64-c-ares-1.34.8-1  mingw-w64-x86_64-ca-certificates-20260816-1  mingw-w64-x86_64-cppdap-1.65.r11.g6464cd7-1  mingw-w64-x86_64-crt-14.0.0.r353.g6df76fa52-4  mingw-w64-x86_64-curl-8.22.0-1  mingw-w64-x86_64-expat-2.8.4-2  mingw-w64-x86_64-gcc-libs-16.2.0-3  mingw-w64-x86_64-gettext-runtime-1.0-1  mingw-w64-x86_64-gmp-6.3.0-2  mingw-w64-x86_64-gnutls-3.8.13-3  mingw-w64-x86_64-headers-14.0.0.r353.g6df76fa52-2  mingw-w64-x86_64-icu-78.3-4  mingw-w64-x86_64-isl-0.28-1  mingw-w64-x86_64-jsoncpp-1.9.8-1  mingw-w64-x86_64-libarchive-3.8.9-5  mingw-w64-x86_64-libb2-0.98.1-3  mingw-w64-x86_64-libffi-3.8.0-1  mingw-w64-x86_64-libiconv-1.19-1  mingw-w64-x86_64-libidn2-2.3.8-4  mingw-w64-x86_64-libpsl-0.21.5-3  mingw-w64-x86_64-libssh2-1.11.1-2  mingw-w64-x86_64-libtasn1-4.21.0-1  mingw-w64-x86_64-libunistring-1.4.2-1  mingw-w64-x86_64-libuv-1.52.1-1  mingw-w64-x86_64-libwinpthread-14.0.0.r353.g6df76fa52-2  mingw-w64-x86_64-lz4-1.10.0-1  mingw-w64-x86_64-mpc-1.4.1-1  mingw-w64-x86_64-mpfr-4.2.2-3  mingw-w64-x86_64-nettle-4.0-1  mingw-w64-x86_64-nghttp2-1.70.0-1  mingw-w64-x86_64-nghttp3-1.18.0-1  mingw-w64-x86_64-ngtcp2-1.25.0-1  mingw-w64-x86_64-ninja-1.13.2-1  mingw-w64-x86_64-openssl-3.6.4-1  mingw-w64-x86_64-p11-kit-0.26.5-1  mingw-w64-x86_64-pcre2-10.48-3  mingw-w64-x86_64-pkgconf-1~3.0.5-1  mingw-w64-x86_64-rhash-1.4.6-1  mingw-w64-x86_64-tzdata-2026c-1  mingw-w64-x86_64-windows-default-manifest-20260815-1  mingw-w64-x86_64-wineditline-2.208-1  mingw-w64-x86_64-winpthreads-14.0.0.r353.g6df76fa52-2  mingw-w64-x86_64-xz-5.8.3-1  mingw-w64-x86_64-zlib-1.3.2-2  mingw-w64-x86_64-zstd-1.5.7-2  openssh-10.5p1-2  perl-Authen-SASL-2.2000-1  perl-Clone-0.50-2  perl-Convert-BinHex-1.125-2  perl-Encode-Locale-1.05-2  perl-Error-0.17030-1  perl-File-Listing-6.16-1  perl-HTML-Parser-3.85-1  perl-HTML-Tagset-3.24-1  perl-HTTP-Cookies-6.12-1  perl-HTTP-Daemon-6.17-1  perl-HTTP-Date-6.08-1  perl-HTTP-Message-7.04-1  perl-HTTP-Negotiate-6.01-3  perl-IO-HTML-1.004-2  perl-IO-Socket-SSL-2.099-1  perl-IO-Stringy-2.113-3  perl-LWP-MediaTypes-6.04-2  perl-MIME-tools-5.517-1  perl-MailTools-2.22-1  perl-Net-HTTP-6.24-1  perl-Net-SMTP-SSL-1.04-2  perl-Net-SSLeay-1.96-1  perl-TermReadKey-2.38-8  perl-TimeDate-2.35-1  perl-Try-Tiny-0.32-1  perl-URI-5.36-1  perl-WWW-RobotRules-6.03-1  perl-http-cookiejar-0.014-1  perl-libwww-6.83-2  git-2.55.0-1  make-4.4.1-3  mingw-w64-x86_64-boost-1.92.0-3  mingw-w64-x86_64-cmake-4.4.2-2  mingw-w64-x86_64-gcc-16.2.0-3
2026-09-04T15:59:49.4988296Z 
2026-09-04T15:59:49.4988453Z Total Download Size:    153.56 MiB
2026-09-04T15:59:49.4988933Z Total Installed Size:  1013.52 MiB
2026-09-04T15:59:49.4989226Z 
2026-09-04T15:59:49.4989461Z :: Proceed with installation? [Y/n] 
2026-09-04T15:59:49.4990031Z :: Retrieving packages...
2026-09-04T15:59:54.1512543Z  mingw-w64-x86_64-gcc-16.2.0-3-any downloading...
2026-09-04T15:59:54.1513180Z  mingw-w64-x86_64-icu-78.3-4-any downloading...
2026-09-04T15:59:54.1513752Z  mingw-w64-x86_64-boost-1.92.0-3-any downloading...
2026-09-04T15:59:54.1514317Z  mingw-w64-x86_64-cmake-4.4.2-2-any downloading...
2026-09-04T15:59:54.1514933Z  mingw-w64-x86_64-openssl-3.6.4-1-any downloading...
2026-09-04T15:59:54.1515453Z  git-2.55.0-1-x86_64 downloading...
2026-09-04T15:59:54.1515994Z  mingw-w64-x86_64-headers-14.0.0.r353.g6df76fa52-2-any downloading...
2026-09-04T15:59:54.1516629Z  mingw-w64-x86_64-binutils-2.47-3-any downloading...
2026-09-04T15:59:54.1517240Z  mingw-w64-x86_64-crt-14.0.0.r353.g6df76fa52-4-any downloading...
2026-09-04T15:59:54.1517862Z  mingw-w64-x86_64-boost-libs-1.92.0-3-any downloading...
2026-09-04T15:59:54.1518478Z  mingw-w64-x86_64-gnutls-3.8.13-3-any downloading...
2026-09-04T15:59:54.1519070Z  mingw-w64-x86_64-libarchive-3.8.9-5-any downloading...
2026-09-04T15:59:54.1519713Z  mingw-w64-x86_64-curl-8.22.0-1-any downloading...
2026-09-04T15:59:54.1520276Z  mingw-w64-x86_64-isl-0.28-1-any downloading...
2026-09-04T15:59:54.1520844Z  mingw-w64-x86_64-pcre2-10.48-3-any downloading...
2026-09-04T15:59:54.1521415Z  openssh-10.5p1-2-x86_64 downloading...
2026-09-04T15:59:54.1521931Z  mingw-w64-x86_64-gcc-libs-16.2.0-3-any downloading...
2026-09-04T15:59:54.1522585Z  mingw-w64-x86_64-libunistring-1.4.2-1-any downloading...
2026-09-04T15:59:54.1523192Z  heimdal-libs-7.8.0-5-x86_64 downloading...
2026-09-04T15:59:54.1523752Z  mingw-w64-x86_64-libiconv-1.19-1-any downloading...
2026-09-04T15:59:54.1524620Z  mingw-w64-x86_64-zstd-1.5.7-2-any downloading...
2026-09-04T15:59:54.1525199Z  mingw-w64-x86_64-p11-kit-0.26.5-1-any downloading...
2026-09-04T15:59:54.1525803Z  mingw-w64-x86_64-gmp-6.3.0-2-any downloading...
2026-09-04T15:59:54.1526181Z  mingw-w64-x86_64-nettle-4.0-1-any downloading...
2026-09-04T15:59:54.1526511Z  heimdal-7.8.0-5-x86_64 downloading...
2026-09-04T15:59:54.1527006Z  mingw-w64-x86_64-mpfr-4.2.2-3-any downloading...
2026-09-04T15:59:54.1527389Z  mingw-w64-x86_64-cppdap-1.65.r11.g6464cd7-1-any downloading...
2026-09-04T15:59:54.1527749Z  make-4.4.1-3-x86_64 downloading...
2026-09-04T15:59:54.1528035Z  mingw-w64-x86_64-xz-5.8.3-1-any downloading...
2026-09-04T15:59:54.1528371Z  mingw-w64-x86_64-brotli-1.2.0-1-any downloading...
2026-09-04T15:59:54.1528736Z  mingw-w64-x86_64-gettext-runtime-1.0-1-any downloading...
2026-09-04T15:59:54.1529144Z  mingw-w64-x86_64-ca-certificates-20260816-1-any downloading...
2026-09-04T15:59:54.1529523Z  mingw-w64-x86_64-c-ares-1.34.8-1-any downloading...
2026-09-04T15:59:54.1529867Z  mingw-w64-x86_64-libssh2-1.11.1-2-any downloading...
2026-09-04T15:59:54.1530201Z  mingw-w64-x86_64-ngtcp2-1.25.0-1-any downloading...
2026-09-04T15:59:54.1530533Z  mingw-w64-x86_64-rhash-1.4.6-1-any downloading...
2026-09-04T15:59:54.1530855Z  perl-Net-SSLeay-1.96-1-x86_64 downloading...
2026-09-04T15:59:54.1531186Z  mingw-w64-x86_64-tzdata-2026c-1-any downloading...
2026-09-04T15:59:54.1531513Z  mingw-w64-x86_64-libuv-1.52.1-1-any downloading...
2026-09-04T15:59:54.1531851Z  mingw-w64-x86_64-jsoncpp-1.9.8-1-any downloading...
2026-09-04T15:59:54.1532204Z  mingw-w64-x86_64-nghttp2-1.70.0-1-any downloading...
2026-09-04T15:59:54.1532561Z  mingw-w64-x86_64-libtasn1-4.21.0-1-any downloading...
2026-09-04T15:59:54.1532900Z  mingw-w64-x86_64-expat-2.8.4-2-any downloading...
2026-09-04T15:59:54.1533229Z  mingw-w64-x86_64-ninja-1.13.2-1-any downloading...
2026-09-04T15:59:54.1533554Z  perl-MIME-tools-5.517-1-any downloading...
2026-09-04T15:59:54.1533885Z  mingw-w64-x86_64-libidn2-2.3.8-4-any downloading...
2026-09-04T15:59:54.1534248Z  mingw-w64-x86_64-lz4-1.10.0-1-any downloading...
2026-09-04T15:59:54.1534573Z  perl-IO-Socket-SSL-2.099-1-any downloading...
2026-09-04T15:59:54.1534911Z  mingw-w64-x86_64-pkgconf-1~3.0.5-1-any downloading...
2026-09-04T15:59:54.1535264Z  mingw-w64-x86_64-nghttp3-1.18.0-1-any downloading...
2026-09-04T15:59:54.1535879Z  mingw-w64-x86_64-mpc-1.4.1-1-any downloading...
2026-09-04T15:59:54.1536408Z  perl-libwww-6.83-2-any downloading...
2026-09-04T15:59:54.1536924Z  mingw-w64-x86_64-zlib-1.3.2-2-any downloading...
2026-09-04T15:59:54.1537544Z  perl-URI-5.36-1-any downloading...
2026-09-04T15:59:54.1537851Z  mingw-w64-x86_64-libpsl-0.21.5-3-any downloading...
2026-09-04T15:59:54.1538179Z  mingw-w64-x86_64-bzip2-1.0.8-4-any downloading...
2026-09-04T15:59:54.1538500Z  libedit-20240808_3.1-1-x86_64 downloading...
2026-09-04T15:59:54.1538790Z  libfido2-1.17.0-1-x86_64 downloading...
2026-09-04T15:59:54.1539091Z  perl-HTML-Parser-3.85-1-x86_64 downloading...
2026-09-04T15:59:54.1539431Z  perl-HTTP-Message-7.04-1-any downloading...
2026-09-04T15:59:54.1539742Z  perl-TimeDate-2.35-1-any downloading...
2026-09-04T15:59:54.1540072Z  mingw-w64-x86_64-wineditline-2.208-1-any downloading...
2026-09-04T15:59:54.1540409Z  perl-MailTools-2.22-1-any downloading...
2026-09-04T15:59:54.1540722Z  mingw-w64-x86_64-libffi-3.8.0-1-any downloading...
2026-09-04T15:59:54.1541043Z  perl-IO-Stringy-2.113-3-any downloading...
2026-09-04T15:59:54.1541505Z  mingw-w64-x86_64-winpthreads-14.0.0.r353.g6df76fa52-2-any downloading...
2026-09-04T15:59:54.1541949Z  perl-Authen-SASL-2.2000-1-any downloading...
2026-09-04T15:59:54.1542360Z  mingw-w64-x86_64-libwinpthread-14.0.0.r353.g6df76fa52-2-any downloading...
2026-09-04T15:59:54.1542791Z  perl-Convert-BinHex-1.125-2-any downloading...
2026-09-04T15:59:54.1543120Z  mingw-w64-x86_64-libb2-0.98.1-3-any downloading...
2026-09-04T15:59:54.1543424Z  libcbor-0.14.0-2-x86_64 downloading...
2026-09-04T15:59:54.1543854Z  perl-HTTP-Cookies-6.12-1-any downloading...
2026-09-04T15:59:54.1544164Z  perl-Net-HTTP-6.24-1-any downloading...
2026-09-04T15:59:54.1544601Z  perl-Error-0.17030-1-any downloading...
2026-09-04T15:59:54.1545141Z  perl-TermReadKey-2.38-8-x86_64 downloading...
2026-09-04T15:59:54.1545669Z  perl-HTTP-Daemon-6.17-1-any downloading...
2026-09-04T15:59:54.1547108Z  perl-LWP-MediaTypes-6.04-2-any downloading...
2026-09-04T15:59:54.1547440Z  perl-Try-Tiny-0.32-1-any downloading...
2026-09-04T15:59:54.1547750Z  perl-Clone-0.50-2-x86_64 downloading...
2026-09-04T15:59:54.1548039Z  perl-IO-HTML-1.004-2-any downloading...
2026-09-04T15:59:54.1549223Z  perl-WWW-RobotRules-6.03-1-any downloading...
2026-09-04T15:59:54.1549777Z  perl-http-cookiejar-0.014-1-any downloading...
2026-09-04T15:59:54.1550367Z  perl-HTTP-Negotiate-6.01-3-any downloading...
2026-09-04T15:59:54.1550829Z  perl-Encode-Locale-1.05-2-any downloading...
2026-09-04T15:59:54.1551146Z  perl-HTML-Tagset-3.24-1-any downloading...
2026-09-04T15:59:54.1551469Z  perl-File-Listing-6.16-1-any downloading...
2026-09-04T15:59:54.1551908Z  perl-HTTP-Date-6.08-1-any downloading...
2026-09-04T15:59:54.1552412Z  perl-Net-SMTP-SSL-1.04-2-any downloading...
2026-09-04T15:59:54.1553090Z  mingw-w64-x86_64-windows-default-manifest-20260815-1-any downloading...
2026-09-04T15:59:54.1553633Z checking keyring...
2026-09-04T15:59:54.2219013Z checking package integrity...
2026-09-04T16:00:08.4238564Z loading package files...
2026-09-04T16:00:08.7533989Z checking for file conflicts...
2026-09-04T16:00:11.1509305Z :: Processing package changes...
2026-09-04T16:00:11.1509761Z installing libedit...
2026-09-04T16:00:11.1852500Z installing heimdal-libs...
2026-09-04T16:00:11.2030981Z installing heimdal...
2026-09-04T16:00:11.8453637Z installing libcbor...
2026-09-04T16:00:11.8483382Z installing libfido2...
2026-09-04T16:00:11.8517809Z installing openssh...
2026-09-04T16:00:11.8893730Z installing perl-Error...
2026-09-04T16:00:11.8973712Z installing perl-Authen-SASL...
2026-09-04T16:00:11.9200261Z installing perl-Encode-Locale...
2026-09-04T16:00:11.9259303Z installing perl-HTTP-Date...
2026-09-04T16:00:11.9323163Z installing perl-File-Listing...
2026-09-04T16:00:11.9382211Z installing perl-HTML-Tagset...
2026-09-04T16:00:11.9443391Z installing perl-Clone...
2026-09-04T16:00:11.9497042Z installing perl-IO-HTML...
2026-09-04T16:00:11.9556652Z installing perl-LWP-MediaTypes...
2026-09-04T16:00:11.9625937Z installing perl-URI...
2026-09-04T16:00:12.0284409Z installing perl-HTTP-Message...
2026-09-04T16:00:12.0476265Z installing perl-HTML-Parser...
2026-09-04T16:00:12.0627725Z installing perl-HTTP-Cookies...
2026-09-04T16:00:12.0710938Z installing perl-HTTP-Daemon...
2026-09-04T16:00:12.0758976Z installing perl-http-cookiejar...
2026-09-04T16:00:12.0827530Z installing perl-HTTP-Negotiate...
2026-09-04T16:00:12.0875022Z installing perl-Net-HTTP...
2026-09-04T16:00:12.0987150Z installing perl-WWW-RobotRules...
2026-09-04T16:00:12.1082589Z installing perl-Try-Tiny...
2026-09-04T16:00:12.1157904Z installing perl-libwww...
2026-09-04T16:00:12.1507860Z Optional dependencies for perl-libwww
2026-09-04T16:00:12.1508529Z     perl-LWP-Protocol-https: for https:// url schemes
2026-09-04T16:00:12.1509217Z installing perl-TimeDate...
2026-09-04T16:00:12.2178173Z installing perl-MailTools...
2026-09-04T16:00:12.2466197Z installing perl-IO-Stringy...
2026-09-04T16:00:12.2607337Z installing perl-Convert-BinHex...
2026-09-04T16:00:12.3961609Z module test... pass.
2026-09-04T16:00:12.3969069Z installing perl-MIME-tools...
2026-09-04T16:00:12.4365232Z installing perl-Net-SSLeay...
2026-09-04T16:00:12.5120436Z installing perl-IO-Socket-SSL...
2026-09-04T16:00:12.5249137Z installing perl-Net-SMTP-SSL...
2026-09-04T16:00:12.5296937Z installing perl-TermReadKey...
2026-09-04T16:00:12.5375205Z installing git...
2026-09-04T16:00:13.0965452Z Optional dependencies for git
2026-09-04T16:00:13.0965977Z     python: various helper scripts
2026-09-04T16:00:13.0966429Z     subversion: git svn
2026-09-04T16:00:13.0967128Z     aspell: spell checking in git gui
2026-09-04T16:00:13.0967590Z installing make...
2026-09-04T16:00:13.1293886Z installing mingw-w64-x86_64-bzip2...
2026-09-04T16:00:13.1489670Z installing mingw-w64-x86_64-libwinpthread...
2026-09-04T16:00:13.1532458Z installing mingw-w64-x86_64-tzdata...
2026-09-04T16:00:14.8113494Z installing mingw-w64-x86_64-gcc-libs...
2026-09-04T16:00:14.8276338Z installing mingw-w64-x86_64-icu...
2026-09-04T16:00:15.1760376Z installing mingw-w64-x86_64-libiconv...
2026-09-04T16:00:15.1996488Z installing mingw-w64-x86_64-gettext-runtime...
2026-09-04T16:00:15.3275455Z installing mingw-w64-x86_64-xz...
2026-09-04T16:00:15.4394437Z installing mingw-w64-x86_64-zlib...
2026-09-04T16:00:15.4478639Z installing mingw-w64-x86_64-zstd...
2026-09-04T16:00:15.4667040Z installing mingw-w64-x86_64-boost-libs...
2026-09-04T16:00:15.5098837Z installing mingw-w64-x86_64-boost...
2026-09-04T16:00:29.8146042Z Optional dependencies for mingw-w64-x86_64-boost
2026-09-04T16:00:29.8146510Z     mingw-w64-x86_64-python: For Boost.Python
2026-09-04T16:00:29.8146892Z     mingw-w64-x86_64-python-numpy: For Boost.Python (NumPy)
2026-09-04T16:00:29.8147244Z installing mingw-w64-x86_64-cppdap...
2026-09-04T16:00:29.8389838Z installing mingw-w64-x86_64-c-ares...
2026-09-04T16:00:29.9529844Z installing mingw-w64-x86_64-brotli...
2026-09-04T16:00:29.9746975Z installing mingw-w64-x86_64-libunistring...
2026-09-04T16:00:30.0213531Z installing mingw-w64-x86_64-libidn2...
2026-09-04T16:00:30.0499343Z installing mingw-w64-x86_64-libpsl...
2026-09-04T16:00:30.0592179Z installing mingw-w64-x86_64-libtasn1...
2026-09-04T16:00:30.0994102Z installing mingw-w64-x86_64-libffi...
2026-09-04T16:00:30.1096505Z installing mingw-w64-x86_64-p11-kit...
2026-09-04T16:00:30.2563306Z installing mingw-w64-x86_64-ca-certificates...
2026-09-04T16:00:30.8333906Z installing mingw-w64-x86_64-openssl...
2026-09-04T16:00:36.4076718Z Optional dependencies for mingw-w64-x86_64-openssl
2026-09-04T16:00:36.4077436Z     mingw-w64-x86_64-ca-certificates [installed]
2026-09-04T16:00:36.4078001Z installing mingw-w64-x86_64-libssh2...
2026-09-04T16:00:36.5393736Z installing mingw-w64-x86_64-nghttp2...
2026-09-04T16:00:36.5555564Z installing mingw-w64-x86_64-gmp...
2026-09-04T16:00:36.5707834Z installing mingw-w64-x86_64-nettle...
2026-09-04T16:00:36.7248714Z installing mingw-w64-x86_64-gnutls...
2026-09-04T16:00:37.6356194Z installing mingw-w64-x86_64-ngtcp2...
2026-09-04T16:00:37.6564802Z installing mingw-w64-x86_64-nghttp3...
2026-09-04T16:00:37.6694691Z installing mingw-w64-x86_64-curl...
2026-09-04T16:00:38.0789378Z installing mingw-w64-x86_64-expat...
2026-09-04T16:00:38.0945595Z installing mingw-w64-x86_64-jsoncpp...
2026-09-04T16:00:38.1128325Z installing mingw-w64-x86_64-libb2...
2026-09-04T16:00:38.1194952Z installing mingw-w64-x86_64-lz4...
2026-09-04T16:00:38.1335293Z installing mingw-w64-x86_64-wineditline...
2026-09-04T16:00:38.1419245Z installing mingw-w64-x86_64-pcre2...
2026-09-04T16:00:38.3190669Z installing mingw-w64-x86_64-libarchive...
2026-09-04T16:00:38.3971183Z installing mingw-w64-x86_64-libuv...
2026-09-04T16:00:38.4183044Z installing mingw-w64-x86_64-ninja...
2026-09-04T16:00:38.4235831Z installing mingw-w64-x86_64-pkgconf...
2026-09-04T16:00:38.4447179Z installing mingw-w64-x86_64-rhash...
2026-09-04T16:00:38.4796800Z installing mingw-w64-x86_64-cmake...
2026-09-04T16:00:41.6296717Z Optional dependencies for mingw-w64-x86_64-cmake
2026-09-04T16:00:41.6297482Z     mingw-w64-x86_64-emacs: for cmake emacs mode
2026-09-04T16:00:41.6298017Z installing mingw-w64-x86_64-binutils...
2026-09-04T16:00:41.8491858Z installing mingw-w64-x86_64-headers...
2026-09-04T16:00:43.1406187Z installing mingw-w64-x86_64-crt...
2026-09-04T16:00:44.0048023Z installing mingw-w64-x86_64-isl...
2026-09-04T16:00:44.0702139Z installing mingw-w64-x86_64-mpfr...
2026-09-04T16:00:44.0921242Z installing mingw-w64-x86_64-mpc...
2026-09-04T16:00:44.0992281Z installing mingw-w64-x86_64-windows-default-manifest...
2026-09-04T16:00:44.1020837Z installing mingw-w64-x86_64-winpthreads...
2026-09-04T16:00:44.1121888Z installing mingw-w64-x86_64-gcc...
2026-09-04T16:00:45.4655156Z :: Running post-transaction hooks...
2026-09-04T16:00:45.4655729Z (1/1) Updating the info directory file...
2026-09-04T16:00:45.7432929Z ##[endgroup]
2026-09-04T16:00:45.7640024Z ##[group]Run cmake --version
2026-09-04T16:00:45.7640386Z [36;1mcmake --version[0m
2026-09-04T16:00:45.7640638Z [36;1mg++ --version[0m
2026-09-04T16:00:45.7644402Z shell: D:\a\_temp\setup-msys2\msys2.CMD {0}
2026-09-04T16:00:45.7644712Z env:
2026-09-04T16:00:45.7644981Z   OPENFHE_COMMIT: df495ba2e91739a6dc8f1de254fc5a41155ce504
2026-09-04T16:00:45.7645383Z   OPENFHE_PREFIX: C:\openfhe-2023-1788\openfhe-install
2026-09-04T16:00:45.7645717Z   WINDOWS_ROOT: C:\openfhe-2023-1788
2026-09-04T16:00:45.7646009Z   PROJECT_SOURCE: C:\openfhe-2023-1788\cleanroom
2026-09-04T16:00:45.7646336Z   OPENFHE_SOURCE: C:\openfhe-2023-1788\openfhe-src
2026-09-04T16:00:45.7646727Z   OPENFHE_BUILD: C:\openfhe-2023-1788\openfhe-build-33892550947-1
2026-09-04T16:00:45.7647157Z   PROJECT_BUILD: C:\openfhe-2023-1788\project-build-33892550947-1
2026-09-04T16:00:45.7647498Z   MSYSTEM: MINGW64
2026-09-04T16:00:45.7647703Z ##[endgroup]
2026-09-04T16:00:45.9661506Z cmake version 4.4.2
2026-09-04T16:00:45.9661760Z 
2026-09-04T16:00:45.9661970Z CMake suite maintained and supported by Kitware (kitware.com/cmake).
2026-09-04T16:00:45.9930017Z g++.exe (Rev3, Built by MSYS2 project) 16.2.0
2026-09-04T16:00:45.9931271Z Copyright (C) 2026 Free Software Foundation, Inc.
2026-09-04T16:00:45.9932093Z This is free software; see the source for copying conditions.  There is NO
2026-09-04T16:00:45.9932847Z warranty; not even for MERCHANTABILITY or FITNESS FOR A PARTICULAR PURPOSE.
2026-09-04T16:00:45.9933253Z 
2026-09-04T16:00:46.0082242Z ##[group]Run source="$(cygpath -u "$OPENFHE_SOURCE")"
2026-09-04T16:00:46.0082708Z [36;1msource="$(cygpath -u "$OPENFHE_SOURCE")"[0m
2026-09-04T16:00:46.0083071Z [36;1mactual="$(git -C "$source" rev-parse HEAD)"[0m
2026-09-04T16:00:46.0083396Z [36;1mtest "$actual" = "$OPENFHE_COMMIT"[0m
2026-09-04T16:00:46.0083738Z [36;1mtest -z "$(git -C "$source" status --porcelain)"[0m
2026-09-04T16:00:46.0084104Z [36;1mgit -C "$source" submodule status --recursive[0m
2026-09-04T16:00:46.0085968Z shell: D:\a\_temp\setup-msys2\msys2.CMD {0}
2026-09-04T16:00:46.0086250Z env:
2026-09-04T16:00:46.0086523Z   OPENFHE_COMMIT: df495ba2e91739a6dc8f1de254fc5a41155ce504
2026-09-04T16:00:46.0086893Z   OPENFHE_PREFIX: C:\openfhe-2023-1788\openfhe-install
2026-09-04T16:00:46.0087207Z   WINDOWS_ROOT: C:\openfhe-2023-1788
2026-09-04T16:00:46.0087495Z   PROJECT_SOURCE: C:\openfhe-2023-1788\cleanroom
2026-09-04T16:00:46.0087817Z   OPENFHE_SOURCE: C:\openfhe-2023-1788\openfhe-src
2026-09-04T16:00:46.0088226Z   OPENFHE_BUILD: C:\openfhe-2023-1788\openfhe-build-33892550947-1
2026-09-04T16:00:46.0088669Z   PROJECT_BUILD: C:\openfhe-2023-1788\project-build-33892550947-1
2026-09-04T16:00:46.0089014Z   MSYSTEM: MINGW64
2026-09-04T16:00:46.0089217Z ##[endgroup]
2026-09-04T16:00:47.3179287Z  984e3f194862b17916536b5fade40cba6e47a6fe third-party/cereal (heads/main)
2026-09-04T16:00:47.4152325Z  eddb0241389718a23a42db6af5f0164b6e0139af third-party/google-benchmark (eddb024)
2026-09-04T16:00:47.5228020Z  52eb8108c5bdec04579160ae17225d66034bd723 third-party/google-test (52eb810)
2026-09-04T16:00:47.6553073Z  83edb60836d87cf1b406e8846b9059c03031e8f5 third-party/gperftools (83edb60)
2026-09-04T16:00:47.6883646Z ##[group]Run prefix="$(cygpath -u "$OPENFHE_PREFIX")"
2026-09-04T16:00:47.6884385Z [36;1mprefix="$(cygpath -u "$OPENFHE_PREFIX")"[0m
2026-09-04T16:00:47.6885008Z [36;1msource="$(cygpath -u "$OPENFHE_SOURCE")"[0m
2026-09-04T16:00:47.6885609Z [36;1mbuild="$(cygpath -u "$OPENFHE_BUILD")"[0m
2026-09-04T16:00:47.6886158Z [36;1mcmake -S "$source" -B "$build" \[0m
2026-09-04T16:00:47.6886681Z [36;1m  -DCMAKE_BUILD_TYPE=Release \[0m
2026-09-04T16:00:47.6887233Z [36;1m  -DCMAKE_INSTALL_PREFIX="$prefix" \[0m
2026-09-04T16:00:47.6887761Z [36;1m  -DBUILD_UNITTESTS=OFF \[0m
2026-09-04T16:00:47.6888232Z [36;1m  -DBUILD_EXAMPLES=OFF \[0m
2026-09-04T16:00:47.6888701Z [36;1m  -DBUILD_BENCHMARKS=OFF \[0m
2026-09-04T16:00:47.6889174Z [36;1m  -DBUILD_EXTRAS=OFF \[0m
2026-09-04T16:00:47.6889868Z [36;1m  -DWITH_OPENMP=ON[0m
2026-09-04T16:00:47.6892972Z shell: D:\a\_temp\setup-msys2\msys2.CMD {0}
2026-09-04T16:00:47.6893481Z env:
2026-09-04T16:00:47.6893985Z   OPENFHE_COMMIT: df495ba2e91739a6dc8f1de254fc5a41155ce504
2026-09-04T16:00:47.6894687Z   OPENFHE_PREFIX: C:\openfhe-2023-1788\openfhe-install
2026-09-04T16:00:47.6895262Z   WINDOWS_ROOT: C:\openfhe-2023-1788
2026-09-04T16:00:47.6895851Z   PROJECT_SOURCE: C:\openfhe-2023-1788\cleanroom
2026-09-04T16:00:47.6912770Z   OPENFHE_SOURCE: C:\openfhe-2023-1788\openfhe-src
2026-09-04T16:00:47.6913487Z   OPENFHE_BUILD: C:\openfhe-2023-1788\openfhe-build-33892550947-1
2026-09-04T16:00:47.6914273Z   PROJECT_BUILD: C:\openfhe-2023-1788\project-build-33892550947-1
2026-09-04T16:00:47.6914881Z   MSYSTEM: MINGW64
2026-09-04T16:00:47.6915718Z ##[endgroup]
2026-09-04T16:00:48.0776807Z -- The C compiler identification is GNU 16.2.0
2026-09-04T16:00:48.2402990Z -- The CXX compiler identification is GNU 16.2.0
2026-09-04T16:00:48.2819284Z -- Detecting C compiler ABI info
2026-09-04T16:00:48.6407313Z -- Detecting C compiler ABI info - done
2026-09-04T16:00:48.6724140Z -- Check for working C compiler: D:/a/_temp/msys64/mingw64/bin/cc.exe - skipped
2026-09-04T16:00:48.6728513Z -- Detecting C compile features
2026-09-04T16:00:48.6734260Z -- Detecting C compile features - done
2026-09-04T16:00:48.7086054Z -- Detecting CXX compiler ABI info
2026-09-04T16:00:49.0937112Z -- Detecting CXX compiler ABI info - done
2026-09-04T16:00:49.1261966Z -- Check for working CXX compiler: D:/a/_temp/msys64/mingw64/bin/c++.exe - skipped
2026-09-04T16:00:49.1266550Z -- Detecting CXX compile features
2026-09-04T16:00:49.1274249Z -- Detecting CXX compile features - done
2026-09-04T16:00:49.1418289Z -- Building in Release mode
2026-09-04T16:00:49.1419551Z -- BUILD_UNITTESTS:    OFF
2026-09-04T16:00:49.1419970Z -- BUILD_EXAMPLES:     OFF
2026-09-04T16:00:49.1420399Z -- BUILD_BENCHMARKS:   OFF
2026-09-04T16:00:49.1420812Z -- BUILD_EXTRAS:       OFF
2026-09-04T16:00:49.1421195Z -- BUILD_STATIC:       OFF
2026-09-04T16:00:49.1421532Z -- BUILD_SHARED:       ON
2026-09-04T16:00:49.1421884Z -- GIT_SUBMOD_AUTO:    ON
2026-09-04T16:00:49.1422511Z -- WITH_BE2:           OFF
2026-09-04T16:00:49.1422894Z -- WITH_BE4:           OFF
2026-09-04T16:00:49.1423243Z -- WITH_NTL:           OFF
2026-09-04T16:00:49.1423595Z -- WITH_TCM:           OFF
2026-09-04T16:00:49.1423984Z -- WITH_OPENMP:        ON
2026-09-04T16:00:49.1424348Z -- NATIVE_SIZE:        64
2026-09-04T16:00:49.1424696Z -- CKKS_M_FACTOR:      1
2026-09-04T16:00:49.1425042Z -- WITH_NATIVEOPT:     OFF
2026-09-04T16:00:49.1425826Z ***** INSTALL IS AT C:/openfhe-2023-1788/openfhe-install; to change, run cmake with -DCMAKE_INSTALL_PREFIX=/your/path
2026-09-04T16:00:49.1426408Z -- WITH_COVTEST:       OFF
2026-09-04T16:00:49.1426653Z -- WITH_NOISE_DEBUG:   OFF
2026-09-04T16:00:49.1426889Z -- WITH_REDUCED_NOISE: OFF
2026-09-04T16:00:49.1427124Z -- USE_MACPORTS:       OFF
2026-09-04T16:00:49.1427382Z -- BUILTIN_INFO_AVAILABLE is defined
2026-09-04T16:00:49.1631434Z -- Architecture is x86_64
2026-09-04T16:00:49.1648727Z -- Looking for sys/types.h
2026-09-04T16:00:49.5150848Z -- Looking for sys/types.h - found
2026-09-04T16:00:49.5151251Z -- Looking for stdint.h
2026-09-04T16:00:49.8586136Z -- Looking for stdint.h - found
2026-09-04T16:00:49.8587510Z -- Looking for stddef.h
2026-09-04T16:00:50.2189952Z -- Looking for stddef.h - found
2026-09-04T16:00:50.2190490Z -- Check size of __int128
2026-09-04T16:00:50.5962718Z -- Check size of __int128 - done
2026-09-04T16:00:50.5965653Z -- Check size of uint64_t
2026-09-04T16:00:50.9705450Z -- Check size of uint64_t - done
2026-09-04T16:00:50.9706638Z -- NATIVEINT is set to 64
2026-09-04T16:00:50.9707030Z -- MATHBACKEND is set to 4
2026-09-04T16:00:50.9707364Z -- MATHBACKEND set to 4. Setting WITH_BE4 to ON
2026-09-04T16:00:52.1432072Z -- Found OpenMP_C: -fopenmp (found version "5.2")
2026-09-04T16:00:52.5177142Z -- Found OpenMP_CXX: -fopenmp (found version "5.2")
2026-09-04T16:00:52.5181462Z -- Found OpenMP: TRUE (found version "5.2")
2026-09-04T16:00:52.5339495Z -- Found Git: D:/a/_temp/msys64/usr/bin/git.exe (found version "2.55.0")
2026-09-04T16:00:52.5340002Z -- Submodule update
2026-09-04T16:00:52.8941971Z Synchronizing submodule url for 'third-party/cereal'
2026-09-04T16:00:52.9227157Z Synchronizing submodule url for 'third-party/google-benchmark'
2026-09-04T16:00:52.9500555Z Synchronizing submodule url for 'third-party/google-test'
2026-09-04T16:00:52.9768347Z Synchronizing submodule url for 'third-party/gperftools'
2026-09-04T16:00:53.7059179Z -- Configuring done (5.8s)
2026-09-04T16:00:53.9866317Z -- Generating done (0.3s)
2026-09-04T16:00:53.9880201Z -- Build files have been written to: C:/openfhe-2023-1788/openfhe-build-33892550947-1
2026-09-04T16:00:54.0112409Z ##[group]Run build="$(cygpath -u "$OPENFHE_BUILD")"
2026-09-04T16:00:54.0112972Z [36;1mbuild="$(cygpath -u "$OPENFHE_BUILD")"[0m
2026-09-04T16:00:54.0113419Z [36;1mcmake --build "$build" --parallel 2[0m
2026-09-04T16:00:54.0113797Z [36;1mcmake --install "$build"[0m
2026-09-04T16:00:54.0116020Z shell: D:\a\_temp\setup-msys2\msys2.CMD {0}
2026-09-04T16:00:54.0116371Z env:
2026-09-04T16:00:54.0116685Z   OPENFHE_COMMIT: df495ba2e91739a6dc8f1de254fc5a41155ce504
2026-09-04T16:00:54.0117151Z   OPENFHE_PREFIX: C:\openfhe-2023-1788\openfhe-install
2026-09-04T16:00:54.0117537Z   WINDOWS_ROOT: C:\openfhe-2023-1788
2026-09-04T16:00:54.0117888Z   PROJECT_SOURCE: C:\openfhe-2023-1788\cleanroom
2026-09-04T16:00:54.0118308Z   OPENFHE_SOURCE: C:\openfhe-2023-1788\openfhe-src
2026-09-04T16:00:54.0118784Z   OPENFHE_BUILD: C:\openfhe-2023-1788\openfhe-build-33892550947-1
2026-09-04T16:00:54.0119388Z   PROJECT_BUILD: C:\openfhe-2023-1788\project-build-33892550947-1
2026-09-04T16:00:54.0119829Z   MSYSTEM: MINGW64
2026-09-04T16:00:54.0120075Z ##[endgroup]
2026-09-04T16:00:54.4242865Z -- Copied demoData files
2026-09-04T16:00:54.4674525Z [  0%] Built target third-party
2026-09-04T16:00:54.5924909Z [  1%] Building CXX object src/core/CMakeFiles/coreobj.dir/lib/lattice/constants-lattice-impl.cpp.obj
2026-09-04T16:00:54.5994148Z [  2%] Building CXX object src/core/CMakeFiles/coreobj.dir/lib/lattice/lattice.cpp.obj
2026-09-04T16:00:55.3138657Z [  3%] Building CXX object src/core/CMakeFiles/coreobj.dir/lib/lattice/stdlatticeparms.cpp.obj
2026-09-04T16:00:56.5174047Z [  4%] Building CXX object src/core/CMakeFiles/coreobj.dir/lib/lattice/trapdoor-dcrtpoly.cpp.obj
2026-09-04T16:01:05.3445965Z [  5%] Building CXX object src/core/CMakeFiles/coreobj.dir/lib/lattice/trapdoor-poly.cpp.obj
2026-09-04T16:01:15.8893380Z [  6%] Building CXX object src/core/CMakeFiles/coreobj.dir/lib/math/chebyshev.cpp.obj
2026-09-04T16:01:16.7303879Z [  6%] Building CXX object src/core/CMakeFiles/coreobj.dir/lib/math/dftransform.cpp.obj
2026-09-04T16:01:17.9786562Z [  7%] Building CXX object src/core/CMakeFiles/coreobj.dir/lib/math/discretegaussiangeneratorgeneric.cpp.obj
2026-09-04T16:01:18.3778444Z [  8%] Building CXX object src/core/CMakeFiles/coreobj.dir/lib/math/distributiongenerator.cpp.obj
2026-09-04T16:01:19.1874046Z [  9%] Building CXX object src/core/CMakeFiles/coreobj.dir/lib/math/hal/bigintdyn/be4-math-impl.cpp.obj
2026-09-04T16:01:19.7850348Z [ 10%] Building CXX object src/core/CMakeFiles/coreobj.dir/lib/math/hal/bigintdyn/mubintvecdyn.cpp.obj
2026-09-04T16:01:22.8820880Z [ 11%] Building CXX object src/core/CMakeFiles/coreobj.dir/lib/math/hal/bigintdyn/ubintdyn.cpp.obj
2026-09-04T16:01:25.3695102Z [ 12%] Building CXX object src/core/CMakeFiles/coreobj.dir/lib/math/hal/bigintfxd/be2-math-impl.cpp.obj
2026-09-04T16:01:25.4855854Z [ 13%] Building CXX object src/core/CMakeFiles/coreobj.dir/lib/math/hal/bigintfxd/mubintvecfxd.cpp.obj
2026-09-04T16:01:25.5996264Z [ 14%] Building CXX object src/core/CMakeFiles/coreobj.dir/lib/math/hal/bigintfxd/ubintfxd.cpp.obj
2026-09-04T16:01:25.7110243Z [ 15%] Building CXX object src/core/CMakeFiles/coreobj.dir/lib/math/hal/bigintntl/be6-math-impl.cpp.obj
2026-09-04T16:01:25.8197391Z [ 15%] Building CXX object src/core/CMakeFiles/coreobj.dir/lib/math/hal/bigintntl/mubintvecntl.cpp.obj
2026-09-04T16:01:25.9353415Z [ 16%] Building CXX object src/core/CMakeFiles/coreobj.dir/lib/math/hal/bigintntl/ubintntl.cpp.obj
2026-09-04T16:01:26.0486414Z [ 17%] Building CXX object src/core/CMakeFiles/coreobj.dir/lib/math/hal/intnat/benative-math-impl.cpp.obj
2026-09-04T16:01:26.3153242Z [ 18%] Building CXX object src/core/CMakeFiles/coreobj.dir/lib/math/hal/intnat/mubintvecnat.cpp.obj
2026-09-04T16:01:29.0187922Z [ 19%] Building CXX object src/core/CMakeFiles/coreobj.dir/lib/math/hermite.cpp.obj
2026-09-04T16:01:30.2158001Z [ 20%] Building CXX object src/core/CMakeFiles/coreobj.dir/lib/math/matrix.cpp.obj
2026-09-04T16:01:31.8675061Z [ 21%] Building CXX object src/core/CMakeFiles/coreobj.dir/lib/math/nbtheory2.cpp.obj
2026-09-04T16:01:33.6691571Z [ 22%] Building CXX object src/core/CMakeFiles/coreobj.dir/lib/utils/blockAllocator/blockAllocator.cpp.obj
2026-09-04T16:01:34.3248688Z [ 23%] Building CXX object src/core/CMakeFiles/coreobj.dir/lib/utils/blockAllocator/xallocator.cpp.obj
2026-09-04T16:01:35.1019827Z [ 24%] Building CXX object src/core/CMakeFiles/coreobj.dir/lib/utils/debug.cpp.obj
2026-09-04T16:01:35.2574778Z [ 24%] Building CXX object src/core/CMakeFiles/coreobj.dir/lib/utils/demangle.cpp.obj
2026-09-04T16:01:35.6602505Z [ 25%] Building CXX object src/core/CMakeFiles/coreobj.dir/lib/utils/get-call-stack.cpp.obj
2026-09-04T16:01:35.6676204Z [ 26%] Building CXX object src/core/CMakeFiles/coreobj.dir/lib/utils/hashutil.cpp.obj
2026-09-04T16:01:36.0386743Z [ 27%] Building CXX object src/core/CMakeFiles/coreobj.dir/lib/utils/inttypes.cpp.obj
2026-09-04T16:01:36.4847317Z [ 28%] Building CXX object src/core/CMakeFiles/coreobj.dir/lib/utils/memory.cpp.obj
2026-09-04T16:01:36.5558843Z [ 29%] Building CXX object src/core/CMakeFiles/coreobj.dir/lib/utils/openfhebase64.cpp.obj
2026-09-04T16:01:36.9077925Z [ 30%] Building CXX object src/core/CMakeFiles/coreobj.dir/lib/utils/parallel.cpp.obj
2026-09-04T16:01:36.9918069Z [ 31%] Building C object src/core/CMakeFiles/coreobj.dir/lib/utils/prng/blake2b-ref.c.obj
2026-09-04T16:01:37.0405006Z [ 32%] Building CXX object src/core/CMakeFiles/coreobj.dir/lib/utils/prng/blake2engine.cpp.obj
2026-09-04T16:01:37.5145193Z [ 34%] Building C object src/core/CMakeFiles/coreobj.dir/lib/utils/prng/blake2xb-ref.c.obj
2026-09-04T16:01:37.7157362Z [ 34%] Building CXX object src/core/CMakeFiles/coreobj.dir/lib/utils/utilities.cpp.obj
2026-09-04T16:01:38.1591299Z [ 34%] Built target coreobj
2026-09-04T16:01:38.2827940Z [ 35%] Linking CXX shared library ../../lib/libOPENFHEcore.dll
2026-09-04T16:01:38.8262145Z [ 35%] Built target OPENFHEcore
2026-09-04T16:01:38.9545620Z [ 36%] Building CXX object src/binfhe/CMakeFiles/binfheobj.dir/lib/binfhe-base-scheme.cpp.obj
2026-09-04T16:01:38.9667109Z [ 37%] Building CXX object src/binfhe/CMakeFiles/binfheobj.dir/lib/binfhe-constants-impl.cpp.obj
2026-09-04T16:01:39.7162895Z [ 38%] Building CXX object src/binfhe/CMakeFiles/binfheobj.dir/lib/binfhecontext.cpp.obj
2026-09-04T16:01:43.9503787Z [ 39%] Building CXX object src/binfhe/CMakeFiles/binfheobj.dir/lib/lwe-pke.cpp.obj
2026-09-04T16:01:44.0340550Z [ 40%] Building CXX object src/binfhe/CMakeFiles/binfheobj.dir/lib/rgsw-acc-cggi.cpp.obj
2026-09-04T16:01:46.4945310Z [ 41%] Building CXX object src/binfhe/CMakeFiles/binfheobj.dir/lib/rgsw-acc-dm.cpp.obj
2026-09-04T16:01:46.9224127Z [ 41%] Building CXX object src/binfhe/CMakeFiles/binfheobj.dir/lib/rgsw-acc-lmkcdey.cpp.obj
2026-09-04T16:01:49.4319209Z [ 42%] Building CXX object src/binfhe/CMakeFiles/binfheobj.dir/lib/rgsw-acc.cpp.obj
2026-09-04T16:01:50.5556443Z [ 43%] Building CXX object src/binfhe/CMakeFiles/binfheobj.dir/lib/rgsw-cryptoparameters.cpp.obj
2026-09-04T16:01:52.8971153Z [ 43%] Built target binfheobj
2026-09-04T16:01:53.0188715Z [ 43%] Linking CXX shared library ../../lib/libOPENFHEbinfhe.dll
2026-09-04T16:01:53.3199953Z [ 43%] Built target OPENFHEbinfhe
2026-09-04T16:01:53.4481447Z [ 44%] Building CXX object src/pke/CMakeFiles/pkeobj.dir/lib/ciphertext-impl.cpp.obj
2026-09-04T16:01:53.4548909Z [ 45%] Building CXX object src/pke/CMakeFiles/pkeobj.dir/lib/constants-impl.cpp.obj
2026-09-04T16:01:55.1221935Z [ 46%] Building CXX object src/pke/CMakeFiles/pkeobj.dir/lib/cryptocontext.cpp.obj
2026-09-04T16:01:59.5881484Z [ 47%] Building CXX object src/pke/CMakeFiles/pkeobj.dir/lib/cryptocontextfactory.cpp.obj
2026-09-04T16:02:05.3435790Z [ 48%] Building CXX object src/pke/CMakeFiles/pkeobj.dir/lib/cryptoobject-impl.cpp.obj
2026-09-04T16:02:08.1224456Z [ 49%] Building CXX object src/pke/CMakeFiles/pkeobj.dir/lib/encoding/ckkspackedencoding.cpp.obj
2026-09-04T16:02:10.1309566Z [ 50%] Building CXX object src/pke/CMakeFiles/pkeobj.dir/lib/encoding/coefpackedencoding.cpp.obj
2026-09-04T16:02:12.7213240Z [ 51%] Building CXX object src/pke/CMakeFiles/pkeobj.dir/lib/encoding/encodingparams.cpp.obj
2026-09-04T16:02:14.0695530Z [ 51%] Building CXX object src/pke/CMakeFiles/pkeobj.dir/lib/encoding/packedencoding.cpp.obj
2026-09-04T16:02:14.3730931Z [ 52%] Building CXX object src/pke/CMakeFiles/pkeobj.dir/lib/encoding/stringencoding.cpp.obj
2026-09-04T16:02:18.3321210Z [ 53%] Building CXX object src/pke/CMakeFiles/pkeobj.dir/lib/globals-impl.cpp.obj
2026-09-04T16:02:18.4708628Z [ 54%] Building CXX object src/pke/CMakeFiles/pkeobj.dir/lib/key/evalkey.cpp.obj
2026-09-04T16:02:20.8676648Z [ 55%] Building CXX object src/pke/CMakeFiles/pkeobj.dir/lib/key/evalkeyrelin.cpp.obj
2026-09-04T16:02:21.4752832Z [ 56%] Building CXX object src/pke/CMakeFiles/pkeobj.dir/lib/key/privatekey.cpp.obj
2026-09-04T16:02:25.9419936Z [ 57%] Building CXX object src/pke/CMakeFiles/pkeobj.dir/lib/key/publickey.cpp.obj
2026-09-04T16:02:25.9764103Z [ 58%] Building CXX object src/pke/CMakeFiles/pkeobj.dir/lib/keyswitch/keyswitch-base.cpp.obj
2026-09-04T16:02:28.9811377Z [ 59%] Building CXX object src/pke/CMakeFiles/pkeobj.dir/lib/keyswitch/keyswitch-bv.cpp.obj
2026-09-04T16:02:30.9430569Z [ 60%] Building CXX object src/pke/CMakeFiles/pkeobj.dir/lib/keyswitch/keyswitch-hybrid.cpp.obj
2026-09-04T16:02:34.4777474Z [ 60%] Building CXX object src/pke/CMakeFiles/pkeobj.dir/lib/scheme/bfvrns/bfvrns-cryptoparameters.cpp.obj
2026-09-04T16:02:36.4697712Z [ 61%] Building CXX object src/pke/CMakeFiles/pkeobj.dir/lib/scheme/bfvrns/bfvrns-leveledshe.cpp.obj
2026-09-04T16:02:42.0567351Z [ 62%] Building CXX object src/pke/CMakeFiles/pkeobj.dir/lib/scheme/bfvrns/bfvrns-multiparty.cpp.obj
2026-09-04T16:02:43.7489969Z [ 63%] Building CXX object src/pke/CMakeFiles/pkeobj.dir/lib/scheme/bfvrns/bfvrns-parametergeneration.cpp.obj
2026-09-04T16:02:47.6571609Z [ 64%] Building CXX object src/pke/CMakeFiles/pkeobj.dir/lib/scheme/bfvrns/bfvrns-pke.cpp.obj
2026-09-04T16:02:48.0840103Z [ 65%] Building CXX object src/pke/CMakeFiles/pkeobj.dir/lib/scheme/bfvrns/bfvrns-scheme.cpp.obj
2026-09-04T16:02:53.4490676Z [ 67%] Building CXX object src/pke/CMakeFiles/pkeobj.dir/lib/scheme/bgvrns/bgvrns-cryptoparameters.cpp.obj
2026-09-04T16:02:54.5259013Z [ 68%] Building CXX object src/pke/CMakeFiles/pkeobj.dir/lib/scheme/bgvrns/bgvrns-leveledshe.cpp.obj
2026-09-04T16:02:56.6745394Z [ 69%] Building CXX object src/pke/CMakeFiles/pkeobj.dir/lib/scheme/bgvrns/bgvrns-multiparty.cpp.obj
2026-09-04T16:02:57.7075470Z [ 70%] Building CXX object src/pke/CMakeFiles/pkeobj.dir/lib/scheme/bgvrns/bgvrns-parametergeneration.cpp.obj
2026-09-04T16:03:01.5792420Z [ 70%] Building CXX object src/pke/CMakeFiles/pkeobj.dir/lib/scheme/bgvrns/bgvrns-pke.cpp.obj
2026-09-04T16:03:02.6219558Z [ 71%] Building CXX object src/pke/CMakeFiles/pkeobj.dir/lib/scheme/bgvrns/bgvrns-scheme.cpp.obj
2026-09-04T16:03:06.5019109Z [ 72%] Building CXX object src/pke/CMakeFiles/pkeobj.dir/lib/scheme/ckksrns/ckksrns-advancedshe.cpp.obj
2026-09-04T16:03:09.1539213Z [ 73%] Building CXX object src/pke/CMakeFiles/pkeobj.dir/lib/scheme/ckksrns/ckksrns-cryptoparameters.cpp.obj
2026-09-04T16:03:12.2964948Z [ 74%] Building CXX object src/pke/CMakeFiles/pkeobj.dir/lib/scheme/ckksrns/ckksrns-fhe.cpp.obj
2026-09-04T16:03:13.7516440Z [ 75%] Building CXX object src/pke/CMakeFiles/pkeobj.dir/lib/scheme/ckksrns/ckksrns-leveledshe.cpp.obj
2026-09-04T16:03:19.8633103Z [ 76%] Building CXX object src/pke/CMakeFiles/pkeobj.dir/lib/scheme/ckksrns/ckksrns-multiparty.cpp.obj
2026-09-04T16:03:26.2779008Z [ 77%] Building CXX object src/pke/CMakeFiles/pkeobj.dir/lib/scheme/ckksrns/ckksrns-parametergeneration.cpp.obj
2026-09-04T16:03:27.6334183Z [ 78%] Building CXX object src/pke/CMakeFiles/pkeobj.dir/lib/scheme/ckksrns/ckksrns-pke.cpp.obj
2026-09-04T16:03:30.1255310Z [ 79%] Building CXX object src/pke/CMakeFiles/pkeobj.dir/lib/scheme/ckksrns/ckksrns-scheme.cpp.obj
2026-09-04T16:03:32.4290986Z [ 79%] Building CXX object src/pke/CMakeFiles/pkeobj.dir/lib/scheme/ckksrns/ckksrns-schemeswitching.cpp.obj
2026-09-04T16:03:36.5475036Z [ 80%] Building CXX object src/pke/CMakeFiles/pkeobj.dir/lib/scheme/ckksrns/ckksrns-utils.cpp.obj
2026-09-04T16:03:40.6962857Z [ 81%] Building CXX object src/pke/CMakeFiles/pkeobj.dir/lib/scheme/gen-cryptocontext-params-impl.cpp.obj
2026-09-04T16:03:41.8219970Z [ 82%] Building CXX object src/pke/CMakeFiles/pkeobj.dir/lib/scheme/gen-cryptocontext-params-validation.cpp.obj
2026-09-04T16:03:42.9815961Z [ 83%] Building CXX object src/pke/CMakeFiles/pkeobj.dir/lib/scheme/scheme-id-impl.cpp.obj
2026-09-04T16:03:43.7924355Z [ 84%] Building CXX object src/pke/CMakeFiles/pkeobj.dir/lib/scheme/scheme-swch-params.cpp.obj
2026-09-04T16:03:44.9621483Z [ 85%] Building CXX object src/pke/CMakeFiles/pkeobj.dir/lib/schemebase/base-advancedshe.cpp.obj
2026-09-04T16:03:45.6087889Z [ 86%] Building CXX object src/pke/CMakeFiles/pkeobj.dir/lib/schemebase/base-cryptoparameters.cpp.obj
2026-09-04T16:03:47.5786210Z [ 87%] Building CXX object src/pke/CMakeFiles/pkeobj.dir/lib/schemebase/base-fhe.cpp.obj
2026-09-04T16:03:50.3577466Z [ 88%] Building CXX object src/pke/CMakeFiles/pkeobj.dir/lib/schemebase/base-leveledshe.cpp.obj
2026-09-04T16:03:52.7239370Z [ 88%] Building CXX object src/pke/CMakeFiles/pkeobj.dir/lib/schemebase/base-multiparty.cpp.obj
2026-09-04T16:03:57.3523898Z [ 89%] Building CXX object src/pke/CMakeFiles/pkeobj.dir/lib/schemebase/base-parametergeneration.cpp.obj
2026-09-04T16:03:59.0426417Z [ 90%] Building CXX object src/pke/CMakeFiles/pkeobj.dir/lib/schemebase/base-pke.cpp.obj
2026-09-04T16:03:59.1605247Z [ 91%] Building CXX object src/pke/CMakeFiles/pkeobj.dir/lib/schemebase/base-pre.cpp.obj
2026-09-04T16:04:04.4174210Z [ 92%] Building CXX object src/pke/CMakeFiles/pkeobj.dir/lib/schemebase/base-scheme.cpp.obj
2026-09-04T16:04:05.2077896Z [ 93%] Building CXX object src/pke/CMakeFiles/pkeobj.dir/lib/schemebase/rlwe-cryptoparameters-impl.cpp.obj
2026-09-04T16:04:07.2448592Z [ 94%] Building CXX object src/pke/CMakeFiles/pkeobj.dir/lib/schemelet/rlwe-mp.cpp.obj
2026-09-04T16:04:11.1485867Z [ 95%] Building CXX object src/pke/CMakeFiles/pkeobj.dir/lib/schemerns/rns-cryptoparameters.cpp.obj
2026-09-04T16:04:13.6290156Z [ 96%] Building CXX object src/pke/CMakeFiles/pkeobj.dir/lib/schemerns/rns-leveledshe.cpp.obj
2026-09-04T16:04:16.4880886Z [ 97%] Building CXX object src/pke/CMakeFiles/pkeobj.dir/lib/schemerns/rns-multiparty.cpp.obj
2026-09-04T16:04:19.6636567Z [ 98%] Building CXX object src/pke/CMakeFiles/pkeobj.dir/lib/schemerns/rns-pke.cpp.obj
2026-09-04T16:04:24.9311339Z [ 98%] Built target pkeobj
2026-09-04T16:04:25.0658985Z [100%] Linking CXX shared library ../../lib/libOPENFHEpke.dll
2026-09-04T16:04:25.8762284Z [100%] Built target OPENFHEpke
2026-09-04T16:04:25.9834545Z -- Install configuration: "Release"
2026-09-04T16:04:25.9847197Z -- Installing: C:/openfhe-2023-1788/openfhe-install/include/openfhe/core/config_core.h
2026-09-04T16:04:25.9858633Z -- Installing: C:/openfhe-2023-1788/openfhe-install/include/openfhe/cereal
2026-09-04T16:04:25.9866251Z -- Installing: C:/openfhe-2023-1788/openfhe-install/include/openfhe/cereal/access.hpp
2026-09-04T16:04:25.9874994Z -- Installing: C:/openfhe-2023-1788/openfhe-install/include/openfhe/cereal/archives
2026-09-04T16:04:25.9883210Z -- Installing: C:/openfhe-2023-1788/openfhe-install/include/openfhe/cereal/archives/adapters.hpp
2026-09-04T16:04:25.9891714Z -- Installing: C:/openfhe-2023-1788/openfhe-install/include/openfhe/cereal/archives/binary.hpp
2026-09-04T16:04:25.9900140Z -- Installing: C:/openfhe-2023-1788/openfhe-install/include/openfhe/cereal/archives/json.hpp
2026-09-04T16:04:25.9909696Z -- Installing: C:/openfhe-2023-1788/openfhe-install/include/openfhe/cereal/archives/portable_binary.hpp
2026-09-04T16:04:25.9918151Z -- Installing: C:/openfhe-2023-1788/openfhe-install/include/openfhe/cereal/archives/xml.hpp
2026-09-04T16:04:25.9927689Z -- Installing: C:/openfhe-2023-1788/openfhe-install/include/openfhe/cereal/cereal.hpp
2026-09-04T16:04:25.9936887Z -- Installing: C:/openfhe-2023-1788/openfhe-install/include/openfhe/cereal/details
2026-09-04T16:04:25.9944830Z -- Installing: C:/openfhe-2023-1788/openfhe-install/include/openfhe/cereal/details/helpers.hpp
2026-09-04T16:04:25.9953510Z -- Installing: C:/openfhe-2023-1788/openfhe-install/include/openfhe/cereal/details/polymorphic_impl.hpp
2026-09-04T16:04:25.9963274Z -- Installing: C:/openfhe-2023-1788/openfhe-install/include/openfhe/cereal/details/polymorphic_impl_fwd.hpp
2026-09-04T16:04:25.9971283Z -- Installing: C:/openfhe-2023-1788/openfhe-install/include/openfhe/cereal/details/static_object.hpp
2026-09-04T16:04:25.9992522Z -- Installing: C:/openfhe-2023-1788/openfhe-install/include/openfhe/cereal/details/traits.hpp
2026-09-04T16:04:26.0002448Z -- Installing: C:/openfhe-2023-1788/openfhe-install/include/openfhe/cereal/details/util.hpp
2026-09-04T16:04:26.0010247Z -- Installing: C:/openfhe-2023-1788/openfhe-install/include/openfhe/cereal/external
2026-09-04T16:04:26.0017891Z -- Installing: C:/openfhe-2023-1788/openfhe-install/include/openfhe/cereal/external/base64.hpp
2026-09-04T16:04:26.0026464Z -- Installing: C:/openfhe-2023-1788/openfhe-install/include/openfhe/cereal/external/LICENSE
2026-09-04T16:04:26.0034293Z -- Installing: C:/openfhe-2023-1788/openfhe-install/include/openfhe/cereal/external/rapidjson
2026-09-04T16:04:26.0043217Z -- Installing: C:/openfhe-2023-1788/openfhe-install/include/openfhe/cereal/external/rapidjson/allocators.h
2026-09-04T16:04:26.0052182Z -- Installing: C:/openfhe-2023-1788/openfhe-install/include/openfhe/cereal/external/rapidjson/cursorstreamwrapper.h
2026-09-04T16:04:26.0060327Z -- Installing: C:/openfhe-2023-1788/openfhe-install/include/openfhe/cereal/external/rapidjson/document.h
2026-09-04T16:04:26.0070578Z -- Installing: C:/openfhe-2023-1788/openfhe-install/include/openfhe/cereal/external/rapidjson/encodedstream.h
2026-09-04T16:04:26.0093957Z -- Installing: C:/openfhe-2023-1788/openfhe-install/include/openfhe/cereal/external/rapidjson/encodings.h
2026-09-04T16:04:26.0102814Z -- Installing: C:/openfhe-2023-1788/openfhe-install/include/openfhe/cereal/external/rapidjson/error
2026-09-04T16:04:26.0111687Z -- Installing: C:/openfhe-2023-1788/openfhe-install/include/openfhe/cereal/external/rapidjson/error/en.h
2026-09-04T16:04:26.0120229Z -- Installing: C:/openfhe-2023-1788/openfhe-install/include/openfhe/cereal/external/rapidjson/error/error.h
2026-09-04T16:04:26.0128726Z -- Installing: C:/openfhe-2023-1788/openfhe-install/include/openfhe/cereal/external/rapidjson/filereadstream.h
2026-09-04T16:04:26.0137540Z -- Installing: C:/openfhe-2023-1788/openfhe-install/include/openfhe/cereal/external/rapidjson/filewritestream.h
2026-09-04T16:04:26.0145535Z -- Installing: C:/openfhe-2023-1788/openfhe-install/include/openfhe/cereal/external/rapidjson/fwd.h
2026-09-04T16:04:26.0153709Z -- Installing: C:/openfhe-2023-1788/openfhe-install/include/openfhe/cereal/external/rapidjson/internal
2026-09-04T16:04:26.0162631Z -- Installing: C:/openfhe-2023-1788/openfhe-install/include/openfhe/cereal/external/rapidjson/internal/biginteger.h
2026-09-04T16:04:26.0171081Z -- Installing: C:/openfhe-2023-1788/openfhe-install/include/openfhe/cereal/external/rapidjson/internal/diyfp.h
2026-09-04T16:04:26.0179742Z -- Installing: C:/openfhe-2023-1788/openfhe-install/include/openfhe/cereal/external/rapidjson/internal/dtoa.h
2026-09-04T16:04:26.0188403Z -- Installing: C:/openfhe-2023-1788/openfhe-install/include/openfhe/cereal/external/rapidjson/internal/ieee754.h
2026-09-04T16:04:26.0196364Z -- Installing: C:/openfhe-2023-1788/openfhe-install/include/openfhe/cereal/external/rapidjson/internal/itoa.h
2026-09-04T16:04:26.0205013Z -- Installing: C:/openfhe-2023-1788/openfhe-install/include/openfhe/cereal/external/rapidjson/internal/meta.h
2026-09-04T16:04:26.0233331Z -- Installing: C:/openfhe-2023-1788/openfhe-install/include/openfhe/cereal/external/rapidjson/internal/pow10.h
2026-09-04T16:04:26.0242129Z -- Installing: C:/openfhe-2023-1788/openfhe-install/include/openfhe/cereal/external/rapidjson/internal/regex.h
2026-09-04T16:04:26.0252038Z -- Installing: C:/openfhe-2023-1788/openfhe-install/include/openfhe/cereal/external/rapidjson/internal/stack.h
2026-09-04T16:04:26.0260004Z -- Installing: C:/openfhe-2023-1788/openfhe-install/include/openfhe/cereal/external/rapidjson/internal/strfunc.h
2026-09-04T16:04:26.0268614Z -- Installing: C:/openfhe-2023-1788/openfhe-install/include/openfhe/cereal/external/rapidjson/internal/strtod.h
2026-09-04T16:04:26.0279365Z -- Installing: C:/openfhe-2023-1788/openfhe-install/include/openfhe/cereal/external/rapidjson/internal/swap.h
2026-09-04T16:04:26.0287830Z -- Installing: C:/openfhe-2023-1788/openfhe-install/include/openfhe/cereal/external/rapidjson/istreamwrapper.h
2026-09-04T16:04:26.0296661Z -- Installing: C:/openfhe-2023-1788/openfhe-install/include/openfhe/cereal/external/rapidjson/LICENSE
2026-09-04T16:04:26.0304871Z -- Installing: C:/openfhe-2023-1788/openfhe-install/include/openfhe/cereal/external/rapidjson/memorybuffer.h
2026-09-04T16:04:26.0313386Z -- Installing: C:/openfhe-2023-1788/openfhe-install/include/openfhe/cereal/external/rapidjson/memorystream.h
2026-09-04T16:04:26.0321560Z -- Installing: C:/openfhe-2023-1788/openfhe-install/include/openfhe/cereal/external/rapidjson/msinttypes
2026-09-04T16:04:26.0331093Z -- Installing: C:/openfhe-2023-1788/openfhe-install/include/openfhe/cereal/external/rapidjson/msinttypes/inttypes.h
2026-09-04T16:04:26.0339949Z -- Installing: C:/openfhe-2023-1788/openfhe-install/include/openfhe/cereal/external/rapidjson/msinttypes/LICENSE
2026-09-04T16:04:26.0348189Z -- Installing: C:/openfhe-2023-1788/openfhe-install/include/openfhe/cereal/external/rapidjson/msinttypes/stdint.h
2026-09-04T16:04:26.0357002Z -- Installing: C:/openfhe-2023-1788/openfhe-install/include/openfhe/cereal/external/rapidjson/ostreamwrapper.h
2026-09-04T16:04:26.0365511Z -- Installing: C:/openfhe-2023-1788/openfhe-install/include/openfhe/cereal/external/rapidjson/pointer.h
2026-09-04T16:04:26.0375463Z -- Installing: C:/openfhe-2023-1788/openfhe-install/include/openfhe/cereal/external/rapidjson/prettywriter.h
2026-09-04T16:04:26.0384055Z -- Installing: C:/openfhe-2023-1788/openfhe-install/include/openfhe/cereal/external/rapidjson/rapidjson.h
2026-09-04T16:04:26.0393583Z -- Installing: C:/openfhe-2023-1788/openfhe-install/include/openfhe/cereal/external/rapidjson/reader.h
2026-09-04T16:04:26.0403580Z -- Installing: C:/openfhe-2023-1788/openfhe-install/include/openfhe/cereal/external/rapidjson/schema.h
2026-09-04T16:04:26.0413957Z -- Installing: C:/openfhe-2023-1788/openfhe-install/include/openfhe/cereal/external/rapidjson/stream.h
2026-09-04T16:04:26.0422595Z -- Installing: C:/openfhe-2023-1788/openfhe-install/include/openfhe/cereal/external/rapidjson/stringbuffer.h
2026-09-04T16:04:26.0432952Z -- Installing: C:/openfhe-2023-1788/openfhe-install/include/openfhe/cereal/external/rapidjson/writer.h
2026-09-04T16:04:26.0453997Z -- Installing: C:/openfhe-2023-1788/openfhe-install/include/openfhe/cereal/external/rapidxml
2026-09-04T16:04:26.0462127Z -- Installing: C:/openfhe-2023-1788/openfhe-install/include/openfhe/cereal/external/rapidxml/license.txt
2026-09-04T16:04:26.0470664Z -- Installing: C:/openfhe-2023-1788/openfhe-install/include/openfhe/cereal/external/rapidxml/manual.html
2026-09-04T16:04:26.0480934Z -- Installing: C:/openfhe-2023-1788/openfhe-install/include/openfhe/cereal/external/rapidxml/rapidxml.hpp
2026-09-04T16:04:26.0491306Z -- Installing: C:/openfhe-2023-1788/openfhe-install/include/openfhe/cereal/external/rapidxml/rapidxml_iterators.hpp
2026-09-04T16:04:26.0500315Z -- Installing: C:/openfhe-2023-1788/openfhe-install/include/openfhe/cereal/external/rapidxml/rapidxml_print.hpp
2026-09-04T16:04:26.0528064Z -- Installing: C:/openfhe-2023-1788/openfhe-install/include/openfhe/cereal/external/rapidxml/rapidxml_utils.hpp
2026-09-04T16:04:26.0536379Z -- Installing: C:/openfhe-2023-1788/openfhe-install/include/openfhe/cereal/macros.hpp
2026-09-04T16:04:26.0544815Z -- Installing: C:/openfhe-2023-1788/openfhe-install/include/openfhe/cereal/specialize.hpp
2026-09-04T16:04:26.0565009Z -- Installing: C:/openfhe-2023-1788/openfhe-install/include/openfhe/cereal/types
2026-09-04T16:04:26.0572956Z -- Installing: C:/openfhe-2023-1788/openfhe-install/include/openfhe/cereal/types/array.hpp
2026-09-04T16:04:26.0581353Z -- Installing: C:/openfhe-2023-1788/openfhe-install/include/openfhe/cereal/types/atomic.hpp
2026-09-04T16:04:26.0592678Z -- Installing: C:/openfhe-2023-1788/openfhe-install/include/openfhe/cereal/types/base_class.hpp
2026-09-04T16:04:26.0600993Z -- Installing: C:/openfhe-2023-1788/openfhe-install/include/openfhe/cereal/types/bitset.hpp
2026-09-04T16:04:26.0609757Z -- Installing: C:/openfhe-2023-1788/openfhe-install/include/openfhe/cereal/types/boost_variant.hpp
2026-09-04T16:04:26.0632025Z -- Installing: C:/openfhe-2023-1788/openfhe-install/include/openfhe/cereal/types/chrono.hpp
2026-09-04T16:04:26.0641359Z -- Installing: C:/openfhe-2023-1788/openfhe-install/include/openfhe/cereal/types/common.hpp
2026-09-04T16:04:26.0650297Z -- Installing: C:/openfhe-2023-1788/openfhe-install/include/openfhe/cereal/types/complex.hpp
2026-09-04T16:04:26.0658353Z -- Installing: C:/openfhe-2023-1788/openfhe-install/include/openfhe/cereal/types/concepts
2026-09-04T16:04:26.0666792Z -- Installing: C:/openfhe-2023-1788/openfhe-install/include/openfhe/cereal/types/concepts/pair_associative_container.hpp
2026-09-04T16:04:26.0674976Z -- Installing: C:/openfhe-2023-1788/openfhe-install/include/openfhe/cereal/types/deque.hpp
2026-09-04T16:04:26.0683468Z -- Installing: C:/openfhe-2023-1788/openfhe-install/include/openfhe/cereal/types/forward_list.hpp
2026-09-04T16:04:26.0691571Z -- Installing: C:/openfhe-2023-1788/openfhe-install/include/openfhe/cereal/types/functional.hpp
2026-09-04T16:04:26.0699602Z -- Installing: C:/openfhe-2023-1788/openfhe-install/include/openfhe/cereal/types/list.hpp
2026-09-04T16:04:26.0707785Z -- Installing: C:/openfhe-2023-1788/openfhe-install/include/openfhe/cereal/types/map.hpp
2026-09-04T16:04:26.0715935Z -- Installing: C:/openfhe-2023-1788/openfhe-install/include/openfhe/cereal/types/memory.hpp
2026-09-04T16:04:26.0724774Z -- Installing: C:/openfhe-2023-1788/openfhe-install/include/openfhe/cereal/types/optional.hpp
2026-09-04T16:04:26.0732969Z -- Installing: C:/openfhe-2023-1788/openfhe-install/include/openfhe/cereal/types/polymorphic.hpp
2026-09-04T16:04:26.0742324Z -- Installing: C:/openfhe-2023-1788/openfhe-install/include/openfhe/cereal/types/queue.hpp
2026-09-04T16:04:26.0750829Z -- Installing: C:/openfhe-2023-1788/openfhe-install/include/openfhe/cereal/types/set.hpp
2026-09-04T16:04:26.0759026Z -- Installing: C:/openfhe-2023-1788/openfhe-install/include/openfhe/cereal/types/stack.hpp
2026-09-04T16:04:26.0767390Z -- Installing: C:/openfhe-2023-1788/openfhe-install/include/openfhe/cereal/types/string.hpp
2026-09-04T16:04:26.0775635Z -- Installing: C:/openfhe-2023-1788/openfhe-install/include/openfhe/cereal/types/tuple.hpp
2026-09-04T16:04:26.0784169Z -- Installing: C:/openfhe-2023-1788/openfhe-install/include/openfhe/cereal/types/unordered_map.hpp
2026-09-04T16:04:26.0792300Z -- Installing: C:/openfhe-2023-1788/openfhe-install/include/openfhe/cereal/types/unordered_set.hpp
2026-09-04T16:04:26.0800470Z -- Installing: C:/openfhe-2023-1788/openfhe-install/include/openfhe/cereal/types/utility.hpp
2026-09-04T16:04:26.0812848Z -- Installing: C:/openfhe-2023-1788/openfhe-install/include/openfhe/cereal/types/valarray.hpp
2026-09-04T16:04:26.0821134Z -- Installing: C:/openfhe-2023-1788/openfhe-install/include/openfhe/cereal/types/variant.hpp
2026-09-04T16:04:26.0829541Z -- Installing: C:/openfhe-2023-1788/openfhe-install/include/openfhe/cereal/types/vector.hpp
2026-09-04T16:04:26.0842367Z -- Installing: C:/openfhe-2023-1788/openfhe-install/include/openfhe/cereal/version.hpp
2026-09-04T16:04:26.0857605Z -- Installing: C:/openfhe-2023-1788/openfhe-install/lib/libOPENFHEcore.dll.a
2026-09-04T16:04:26.0910861Z -- Installing: C:/openfhe-2023-1788/openfhe-install/lib/libOPENFHEcore.dll
2026-09-04T16:04:26.0964423Z -- Installing: C:/openfhe-2023-1788/openfhe-install/include/openfhe/core/lattice
2026-09-04T16:04:26.0972624Z -- Installing: C:/openfhe-2023-1788/openfhe-install/include/openfhe/core/lattice/constants-lattice.h
2026-09-04T16:04:26.0985176Z -- Installing: C:/openfhe-2023-1788/openfhe-install/include/openfhe/core/lattice/dgsampling-impl.h
2026-09-04T16:04:26.0993899Z -- Installing: C:/openfhe-2023-1788/openfhe-install/include/openfhe/core/lattice/dgsampling.h
2026-09-04T16:04:26.1002892Z -- Installing: C:/openfhe-2023-1788/openfhe-install/include/openfhe/core/lattice/field2n-impl.h
2026-09-04T16:04:26.1027739Z -- Installing: C:/openfhe-2023-1788/openfhe-install/include/openfhe/core/lattice/field2n.h
2026-09-04T16:04:26.1036124Z -- Installing: C:/openfhe-2023-1788/openfhe-install/include/openfhe/core/lattice/hal
2026-09-04T16:04:26.1044511Z -- Installing: C:/openfhe-2023-1788/openfhe-install/include/openfhe/core/lattice/hal/dcrtpoly-interface.h
2026-09-04T16:04:26.1054454Z -- Installing: C:/openfhe-2023-1788/openfhe-install/include/openfhe/core/lattice/hal/default
2026-09-04T16:04:26.1103291Z -- Installing: C:/openfhe-2023-1788/openfhe-install/include/openfhe/core/lattice/hal/default/dcrtpoly-impl.h
2026-09-04T16:04:26.1114000Z -- Installing: C:/openfhe-2023-1788/openfhe-install/include/openfhe/core/lattice/hal/default/dcrtpoly.h
2026-09-04T16:04:26.1124701Z -- Installing: C:/openfhe-2023-1788/openfhe-install/include/openfhe/core/lattice/hal/default/ildcrtparams.h
2026-09-04T16:04:26.1133400Z -- Installing: C:/openfhe-2023-1788/openfhe-install/include/openfhe/core/lattice/hal/default/ilparams.h
2026-09-04T16:04:26.1141820Z -- Installing: C:/openfhe-2023-1788/openfhe-install/include/openfhe/core/lattice/hal/default/poly-impl.h
2026-09-04T16:04:26.1177716Z -- Installing: C:/openfhe-2023-1788/openfhe-install/include/openfhe/core/lattice/hal/default/poly.h
2026-09-04T16:04:26.1186536Z -- Installing: C:/openfhe-2023-1788/openfhe-install/include/openfhe/core/lattice/hal/elemparams.h
2026-09-04T16:04:26.1196914Z -- Installing: C:/openfhe-2023-1788/openfhe-install/include/openfhe/core/lattice/hal/lat-backend.h
2026-09-04T16:04:26.1222931Z -- Installing: C:/openfhe-2023-1788/openfhe-install/include/openfhe/core/lattice/hal/poly-interface.h
2026-09-04T16:04:26.1231950Z -- Installing: C:/openfhe-2023-1788/openfhe-install/include/openfhe/core/lattice/hal/README.md
2026-09-04T16:04:26.1241832Z -- Installing: C:/openfhe-2023-1788/openfhe-install/include/openfhe/core/lattice/ilelement.h
2026-09-04T16:04:26.1250372Z -- Installing: C:/openfhe-2023-1788/openfhe-install/include/openfhe/core/lattice/lat-hal.h
2026-09-04T16:04:26.1258505Z -- Installing: C:/openfhe-2023-1788/openfhe-install/include/openfhe/core/lattice/matrix-lattice-impl.h
2026-09-04T16:04:26.1268715Z -- Installing: C:/openfhe-2023-1788/openfhe-install/include/openfhe/core/lattice/README.md
2026-09-04T16:04:26.1277157Z -- Installing: C:/openfhe-2023-1788/openfhe-install/include/openfhe/core/lattice/stdlatticeparms.h
2026-09-04T16:04:26.1285467Z -- Installing: C:/openfhe-2023-1788/openfhe-install/include/openfhe/core/lattice/trapdoor-impl.h
2026-09-04T16:04:26.1296042Z -- Installing: C:/openfhe-2023-1788/openfhe-install/include/openfhe/core/lattice/trapdoor.h
2026-09-04T16:04:26.1304812Z -- Installing: C:/openfhe-2023-1788/openfhe-install/include/openfhe/core/lattice/trapdoorparameters.h
2026-09-04T16:04:26.1313415Z -- Installing: C:/openfhe-2023-1788/openfhe-install/include/openfhe/core/math
2026-09-04T16:04:26.1323269Z -- Installing: C:/openfhe-2023-1788/openfhe-install/include/openfhe/core/math/binaryuniformgenerator-impl.h
2026-09-04T16:04:26.1331320Z -- Installing: C:/openfhe-2023-1788/openfhe-install/include/openfhe/core/math/binaryuniformgenerator.h
2026-09-04T16:04:26.1339374Z -- Installing: C:/openfhe-2023-1788/openfhe-install/include/openfhe/core/math/chebyshev.h
2026-09-04T16:04:26.1358846Z -- Installing: C:/openfhe-2023-1788/openfhe-install/include/openfhe/core/math/dftransform.h
2026-09-04T16:04:26.1370096Z -- Installing: C:/openfhe-2023-1788/openfhe-install/include/openfhe/core/math/discretegaussiangenerator-impl.h
2026-09-04T16:04:26.1380146Z -- Installing: C:/openfhe-2023-1788/openfhe-install/include/openfhe/core/math/discretegaussiangenerator.h
2026-09-04T16:04:26.1388852Z -- Installing: C:/openfhe-2023-1788/openfhe-install/include/openfhe/core/math/discretegaussiangeneratorgeneric.h
2026-09-04T16:04:26.1399780Z -- Installing: C:/openfhe-2023-1788/openfhe-install/include/openfhe/core/math/discreteuniformgenerator-impl.h
2026-09-04T16:04:26.1408147Z -- Installing: C:/openfhe-2023-1788/openfhe-install/include/openfhe/core/math/discreteuniformgenerator.h
2026-09-04T16:04:26.1416277Z -- Installing: C:/openfhe-2023-1788/openfhe-install/include/openfhe/core/math/distrgen.h
2026-09-04T16:04:26.1424855Z -- Installing: C:/openfhe-2023-1788/openfhe-install/include/openfhe/core/math/distributiongenerator.h
2026-09-04T16:04:26.1436215Z -- Installing: C:/openfhe-2023-1788/openfhe-install/include/openfhe/core/math/hal
2026-09-04T16:04:26.1444603Z -- Installing: C:/openfhe-2023-1788/openfhe-install/include/openfhe/core/math/hal/basicint.h
2026-09-04T16:04:26.1452664Z -- Installing: C:/openfhe-2023-1788/openfhe-install/include/openfhe/core/math/hal/bigintbackend.h
2026-09-04T16:04:26.1460430Z -- Installing: C:/openfhe-2023-1788/openfhe-install/include/openfhe/core/math/hal/bigintdyn
2026-09-04T16:04:26.1472961Z -- Installing: C:/openfhe-2023-1788/openfhe-install/include/openfhe/core/math/hal/bigintdyn/backenddyn.h
2026-09-04T16:04:26.1481094Z -- Installing: C:/openfhe-2023-1788/openfhe-install/include/openfhe/core/math/hal/bigintdyn/mubintvecdyn.h
2026-09-04T16:04:26.1489914Z -- Installing: C:/openfhe-2023-1788/openfhe-install/include/openfhe/core/math/hal/bigintdyn/transformdyn-impl.h
2026-09-04T16:04:26.1517861Z -- Installing: C:/openfhe-2023-1788/openfhe-install/include/openfhe/core/math/hal/bigintdyn/transformdyn.h
2026-09-04T16:04:26.1527493Z -- Installing: C:/openfhe-2023-1788/openfhe-install/include/openfhe/core/math/hal/bigintdyn/ubintdyn.h
2026-09-04T16:04:26.1536140Z -- Installing: C:/openfhe-2023-1788/openfhe-install/include/openfhe/core/math/hal/bigintfxd
2026-09-04T16:04:26.1562099Z -- Installing: C:/openfhe-2023-1788/openfhe-install/include/openfhe/core/math/hal/bigintfxd/backendfxd.h
2026-09-04T16:04:26.1570041Z -- Installing: C:/openfhe-2023-1788/openfhe-install/include/openfhe/core/math/hal/bigintfxd/mubintvecfxd.h
2026-09-04T16:04:26.1578697Z -- Installing: C:/openfhe-2023-1788/openfhe-install/include/openfhe/core/math/hal/bigintfxd/transformfxd-impl.h
2026-09-04T16:04:26.1602677Z -- Installing: C:/openfhe-2023-1788/openfhe-install/include/openfhe/core/math/hal/bigintfxd/transformfxd.h
2026-09-04T16:04:26.1611185Z -- Installing: C:/openfhe-2023-1788/openfhe-install/include/openfhe/core/math/hal/bigintfxd/ubintfxd.h
2026-09-04T16:04:26.1620273Z -- Installing: C:/openfhe-2023-1788/openfhe-install/include/openfhe/core/math/hal/bigintntl
2026-09-04T16:04:26.1632820Z -- Installing: C:/openfhe-2023-1788/openfhe-install/include/openfhe/core/math/hal/bigintntl/backendntl.h
2026-09-04T16:04:26.1640720Z -- Installing: C:/openfhe-2023-1788/openfhe-install/include/openfhe/core/math/hal/bigintntl/mubintvecntl.h
2026-09-04T16:04:26.1649444Z -- Installing: C:/openfhe-2023-1788/openfhe-install/include/openfhe/core/math/hal/bigintntl/transformntl-impl.h
2026-09-04T16:04:26.1705061Z -- Installing: C:/openfhe-2023-1788/openfhe-install/include/openfhe/core/math/hal/bigintntl/transformntl.h
2026-09-04T16:04:26.1714924Z -- Installing: C:/openfhe-2023-1788/openfhe-install/include/openfhe/core/math/hal/bigintntl/ubintntl.h
2026-09-04T16:04:26.1723987Z -- Installing: C:/openfhe-2023-1788/openfhe-install/include/openfhe/core/math/hal/integer.h
2026-09-04T16:04:26.1734133Z -- Installing: C:/openfhe-2023-1788/openfhe-install/include/openfhe/core/math/hal/intnat
2026-09-04T16:04:26.1743124Z -- Installing: C:/openfhe-2023-1788/openfhe-install/include/openfhe/core/math/hal/intnat/mubintvecnat.h
2026-09-04T16:04:26.1753441Z -- Installing: C:/openfhe-2023-1788/openfhe-install/include/openfhe/core/math/hal/intnat/transformnat-impl.h
2026-09-04T16:04:26.1763494Z -- Installing: C:/openfhe-2023-1788/openfhe-install/include/openfhe/core/math/hal/intnat/transformnat.h
2026-09-04T16:04:26.1773282Z -- Installing: C:/openfhe-2023-1788/openfhe-install/include/openfhe/core/math/hal/intnat/ubintnat.h
2026-09-04T16:04:26.1794835Z -- Installing: C:/openfhe-2023-1788/openfhe-install/include/openfhe/core/math/hal/nativeintbackend.h
2026-09-04T16:04:26.1802631Z -- Installing: C:/openfhe-2023-1788/openfhe-install/include/openfhe/core/math/hal/transform.h
2026-09-04T16:04:26.1814184Z -- Installing: C:/openfhe-2023-1788/openfhe-install/include/openfhe/core/math/hal/vector.h
2026-09-04T16:04:26.1822667Z -- Installing: C:/openfhe-2023-1788/openfhe-install/include/openfhe/core/math/hermite.h
2026-09-04T16:04:26.1830635Z -- Installing: C:/openfhe-2023-1788/openfhe-install/include/openfhe/core/math/math-hal.h
2026-09-04T16:04:26.1839545Z -- Installing: C:/openfhe-2023-1788/openfhe-install/include/openfhe/core/math/math_backends.md
2026-09-04T16:04:26.1849252Z -- Installing: C:/openfhe-2023-1788/openfhe-install/include/openfhe/core/math/matrix-impl.h
2026-09-04T16:04:26.1857905Z -- Installing: C:/openfhe-2023-1788/openfhe-install/include/openfhe/core/math/matrix.h
2026-09-04T16:04:26.1867514Z -- Installing: C:/openfhe-2023-1788/openfhe-install/include/openfhe/core/math/matrixstrassen-impl.h
2026-09-04T16:04:26.1878407Z -- Installing: C:/openfhe-2023-1788/openfhe-install/include/openfhe/core/math/matrixstrassen.h
2026-09-04T16:04:26.1887184Z -- Installing: C:/openfhe-2023-1788/openfhe-install/include/openfhe/core/math/nbtheory-impl.h
2026-09-04T16:04:26.1895964Z -- Installing: C:/openfhe-2023-1788/openfhe-install/include/openfhe/core/math/nbtheory.h
2026-09-04T16:04:26.1917432Z -- Installing: C:/openfhe-2023-1788/openfhe-install/include/openfhe/core/math/README.md
2026-09-04T16:04:26.1935728Z -- Installing: C:/openfhe-2023-1788/openfhe-install/include/openfhe/core/math/SAMPLING_README.md
2026-09-04T16:04:26.1938912Z -- Installing: C:/openfhe-2023-1788/openfhe-install/include/openfhe/core/math/ternaryuniformgenerator-impl.h
2026-09-04T16:04:26.1948172Z -- Installing: C:/openfhe-2023-1788/openfhe-install/include/openfhe/core/math/ternaryuniformgenerator.h
2026-09-04T16:04:26.1956393Z -- Installing: C:/openfhe-2023-1788/openfhe-install/include/openfhe/core/openfhecore.h
2026-09-04T16:04:26.1968303Z -- Installing: C:/openfhe-2023-1788/openfhe-install/include/openfhe/core/README.md
2026-09-04T16:04:26.1990537Z -- Installing: C:/openfhe-2023-1788/openfhe-install/include/openfhe/core/testdefs.h
2026-09-04T16:04:26.2000144Z -- Installing: C:/openfhe-2023-1788/openfhe-install/include/openfhe/core/utils
2026-09-04T16:04:26.2007723Z -- Installing: C:/openfhe-2023-1788/openfhe-install/include/openfhe/core/utils/blockAllocator
2026-09-04T16:04:26.2019897Z -- Installing: C:/openfhe-2023-1788/openfhe-install/include/openfhe/core/utils/blockAllocator/blockAllocator.h
2026-09-04T16:04:26.2028131Z -- Installing: C:/openfhe-2023-1788/openfhe-install/include/openfhe/core/utils/blockAllocator/README.md
2026-09-04T16:04:26.2036140Z -- Installing: C:/openfhe-2023-1788/openfhe-install/include/openfhe/core/utils/blockAllocator/stl_allocator.h
2026-09-04T16:04:26.2044537Z -- Installing: C:/openfhe-2023-1788/openfhe-install/include/openfhe/core/utils/blockAllocator/xallocator.h
2026-09-04T16:04:26.2070984Z -- Installing: C:/openfhe-2023-1788/openfhe-install/include/openfhe/core/utils/blockAllocator/xlist.h
2026-09-04T16:04:26.2079100Z -- Installing: C:/openfhe-2023-1788/openfhe-install/include/openfhe/core/utils/blockAllocator/xmap.h
2026-09-04T16:04:26.2087405Z -- Installing: C:/openfhe-2023-1788/openfhe-install/include/openfhe/core/utils/blockAllocator/xqueue.h
2026-09-04T16:04:26.2095436Z -- Installing: C:/openfhe-2023-1788/openfhe-install/include/openfhe/core/utils/blockAllocator/xset.h
2026-09-04T16:04:26.2107411Z -- Installing: C:/openfhe-2023-1788/openfhe-install/include/openfhe/core/utils/blockAllocator/xsstream.h
2026-09-04T16:04:26.2115576Z -- Installing: C:/openfhe-2023-1788/openfhe-install/include/openfhe/core/utils/blockAllocator/xstring.h
2026-09-04T16:04:26.2123489Z -- Installing: C:/openfhe-2023-1788/openfhe-install/include/openfhe/core/utils/blockAllocator/xvector.h
2026-09-04T16:04:26.2135292Z -- Installing: C:/openfhe-2023-1788/openfhe-install/include/openfhe/core/utils/caller_info.h
2026-09-04T16:04:26.2143228Z -- Installing: C:/openfhe-2023-1788/openfhe-install/include/openfhe/core/utils/debug.h
2026-09-04T16:04:26.2152174Z -- Installing: C:/openfhe-2023-1788/openfhe-install/include/openfhe/core/utils/demangle.h
2026-09-04T16:04:26.2163896Z -- Installing: C:/openfhe-2023-1788/openfhe-install/include/openfhe/core/utils/exception.h
2026-09-04T16:04:26.2185237Z -- Installing: C:/openfhe-2023-1788/openfhe-install/include/openfhe/core/utils/get-call-stack.h
2026-09-04T16:04:26.2193209Z -- Installing: C:/openfhe-2023-1788/openfhe-install/include/openfhe/core/utils/hashutil.h
2026-09-04T16:04:26.2204969Z -- Installing: C:/openfhe-2023-1788/openfhe-install/include/openfhe/core/utils/inttypes.h
2026-09-04T16:04:26.2212865Z -- Installing: C:/openfhe-2023-1788/openfhe-install/include/openfhe/core/utils/memory.h
2026-09-04T16:04:26.2222139Z -- Installing: C:/openfhe-2023-1788/openfhe-install/include/openfhe/core/utils/openfhebase64.h
2026-09-04T16:04:26.2233904Z -- Installing: C:/openfhe-2023-1788/openfhe-install/include/openfhe/core/utils/parallel.h
2026-09-04T16:04:26.2242512Z -- Installing: C:/openfhe-2023-1788/openfhe-install/include/openfhe/core/utils/prng
2026-09-04T16:04:26.2250844Z -- Installing: C:/openfhe-2023-1788/openfhe-install/include/openfhe/core/utils/prng/blake2-impl.h
2026-09-04T16:04:26.2300281Z -- Installing: C:/openfhe-2023-1788/openfhe-install/include/openfhe/core/utils/prng/blake2.h
2026-09-04T16:04:26.2309515Z -- Installing: C:/openfhe-2023-1788/openfhe-install/include/openfhe/core/utils/prng/blake2engine.h
2026-09-04T16:04:26.2317497Z -- Installing: C:/openfhe-2023-1788/openfhe-install/include/openfhe/core/utils/prng/CPPLINT.cfg
2026-09-04T16:04:26.2327533Z -- Installing: C:/openfhe-2023-1788/openfhe-install/include/openfhe/core/utils/prng/prng.h
2026-09-04T16:04:26.2349555Z -- Installing: C:/openfhe-2023-1788/openfhe-install/include/openfhe/core/utils/prng/README.md
2026-09-04T16:04:26.2357448Z -- Installing: C:/openfhe-2023-1788/openfhe-install/include/openfhe/core/utils/README.md
2026-09-04T16:04:26.2367006Z -- Installing: C:/openfhe-2023-1788/openfhe-install/include/openfhe/core/utils/serial.h
2026-09-04T16:04:26.2375609Z -- Installing: C:/openfhe-2023-1788/openfhe-install/include/openfhe/core/utils/serializable.h
2026-09-04T16:04:26.2383536Z -- Installing: C:/openfhe-2023-1788/openfhe-install/include/openfhe/core/utils/sertype.h
2026-09-04T16:04:26.2395532Z -- Installing: C:/openfhe-2023-1788/openfhe-install/include/openfhe/core/utils/type_name.h
2026-09-04T16:04:26.2403725Z -- Installing: C:/openfhe-2023-1788/openfhe-install/include/openfhe/core/utils/utilities-int.h
2026-09-04T16:04:26.2411793Z -- Installing: C:/openfhe-2023-1788/openfhe-install/include/openfhe/core/utils/utilities.h
2026-09-04T16:04:26.2420241Z -- Installing: C:/openfhe-2023-1788/openfhe-install/include/openfhe/core/version.h
2026-09-04T16:04:26.2437039Z -- Installing: C:/openfhe-2023-1788/openfhe-install/lib/libOPENFHEpke.dll.a
2026-09-04T16:04:26.2494266Z -- Installing: C:/openfhe-2023-1788/openfhe-install/lib/libOPENFHEpke.dll
2026-09-04T16:04:26.2587339Z -- Installing: C:/openfhe-2023-1788/openfhe-install/include/openfhe/pke
2026-09-04T16:04:26.2595718Z -- Installing: C:/openfhe-2023-1788/openfhe-install/include/openfhe/pke/ciphertext-fwd.h
2026-09-04T16:04:26.2609812Z -- Installing: C:/openfhe-2023-1788/openfhe-install/include/openfhe/pke/ciphertext-ser.h
2026-09-04T16:04:26.2620128Z -- Installing: C:/openfhe-2023-1788/openfhe-install/include/openfhe/pke/ciphertext.h
2026-09-04T16:04:26.2629432Z -- Installing: C:/openfhe-2023-1788/openfhe-install/include/openfhe/pke/constants-defs.h
2026-09-04T16:04:26.2657189Z -- Installing: C:/openfhe-2023-1788/openfhe-install/include/openfhe/pke/constants.h
2026-09-04T16:04:26.2666731Z -- Installing: C:/openfhe-2023-1788/openfhe-install/include/openfhe/pke/cryptocontext-fwd.h
2026-09-04T16:04:26.2676628Z -- Installing: C:/openfhe-2023-1788/openfhe-install/include/openfhe/pke/cryptocontext-ser.h
2026-09-04T16:04:26.2690703Z -- Installing: C:/openfhe-2023-1788/openfhe-install/include/openfhe/pke/cryptocontext.h
2026-09-04T16:04:26.2703286Z -- Installing: C:/openfhe-2023-1788/openfhe-install/include/openfhe/pke/cryptocontextfactory.h
2026-09-04T16:04:26.2712937Z -- Installing: C:/openfhe-2023-1788/openfhe-install/include/openfhe/pke/cryptoobject.h
2026-09-04T16:04:26.2727210Z -- Installing: C:/openfhe-2023-1788/openfhe-install/include/openfhe/pke/encoding
2026-09-04T16:04:26.2736090Z -- Installing: C:/openfhe-2023-1788/openfhe-install/include/openfhe/pke/encoding/ckkspackedencoding.h
2026-09-04T16:04:26.2746292Z -- Installing: C:/openfhe-2023-1788/openfhe-install/include/openfhe/pke/encoding/coefpackedencoding.h
2026-09-04T16:04:26.2760246Z -- Installing: C:/openfhe-2023-1788/openfhe-install/include/openfhe/pke/encoding/encodingparams.h
2026-09-04T16:04:26.2782021Z -- Installing: C:/openfhe-2023-1788/openfhe-install/include/openfhe/pke/encoding/encodings.h
2026-09-04T16:04:26.2791784Z -- Installing: C:/openfhe-2023-1788/openfhe-install/include/openfhe/pke/encoding/packedencoding.h
2026-09-04T16:04:26.2801853Z -- Installing: C:/openfhe-2023-1788/openfhe-install/include/openfhe/pke/encoding/plaintext-fwd.h
2026-09-04T16:04:26.2815998Z -- Installing: C:/openfhe-2023-1788/openfhe-install/include/openfhe/pke/encoding/plaintext.h
2026-09-04T16:04:26.2826197Z -- Installing: C:/openfhe-2023-1788/openfhe-install/include/openfhe/pke/encoding/plaintextfactory.h
2026-09-04T16:04:26.2835461Z -- Installing: C:/openfhe-2023-1788/openfhe-install/include/openfhe/pke/encoding/README.md
2026-09-04T16:04:26.2847790Z -- Installing: C:/openfhe-2023-1788/openfhe-install/include/openfhe/pke/encoding/stringencoding.h
2026-09-04T16:04:26.2856289Z -- Installing: C:/openfhe-2023-1788/openfhe-install/include/openfhe/pke/gen-cryptocontext.h
2026-09-04T16:04:26.2864727Z -- Installing: C:/openfhe-2023-1788/openfhe-install/include/openfhe/pke/globals.h
2026-09-04T16:04:26.2876340Z -- Installing: C:/openfhe-2023-1788/openfhe-install/include/openfhe/pke/key
2026-09-04T16:04:26.2884386Z -- Installing: C:/openfhe-2023-1788/openfhe-install/include/openfhe/pke/key/evalkey-fwd.h
2026-09-04T16:04:26.2892341Z -- Installing: C:/openfhe-2023-1788/openfhe-install/include/openfhe/pke/key/evalkey.h
2026-09-04T16:04:26.2904936Z -- Installing: C:/openfhe-2023-1788/openfhe-install/include/openfhe/pke/key/evalkeyrelin-fwd.h
2026-09-04T16:04:26.2912984Z -- Installing: C:/openfhe-2023-1788/openfhe-install/include/openfhe/pke/key/evalkeyrelin.h
2026-09-04T16:04:26.2933836Z -- Installing: C:/openfhe-2023-1788/openfhe-install/include/openfhe/pke/key/key-ser.h
2026-09-04T16:04:26.2946416Z -- Installing: C:/openfhe-2023-1788/openfhe-install/include/openfhe/pke/key/key.h
2026-09-04T16:04:26.2955420Z -- Installing: C:/openfhe-2023-1788/openfhe-install/include/openfhe/pke/key/keypair.h
2026-09-04T16:04:26.2964719Z -- Installing: C:/openfhe-2023-1788/openfhe-install/include/openfhe/pke/key/privatekey-fwd.h
2026-09-04T16:04:26.3005879Z -- Installing: C:/openfhe-2023-1788/openfhe-install/include/openfhe/pke/key/privatekey.h
2026-09-04T16:04:26.3015272Z -- Installing: C:/openfhe-2023-1788/openfhe-install/include/openfhe/pke/key/publickey-fwd.h
2026-09-04T16:04:26.3023267Z -- Installing: C:/openfhe-2023-1788/openfhe-install/include/openfhe/pke/key/publickey.h
2026-09-04T16:04:26.3032762Z -- Installing: C:/openfhe-2023-1788/openfhe-install/include/openfhe/pke/key/README.md
2026-09-04T16:04:26.3040178Z -- Installing: C:/openfhe-2023-1788/openfhe-install/include/openfhe/pke/keyswitch
2026-09-04T16:04:26.3047311Z -- Installing: C:/openfhe-2023-1788/openfhe-install/include/openfhe/pke/keyswitch/keyswitch-base.h
2026-09-04T16:04:26.3057954Z -- Installing: C:/openfhe-2023-1788/openfhe-install/include/openfhe/pke/keyswitch/keyswitch-bv.h
2026-09-04T16:04:26.3065735Z -- Installing: C:/openfhe-2023-1788/openfhe-install/include/openfhe/pke/keyswitch/keyswitch-hybrid.h
2026-09-04T16:04:26.3087731Z -- Installing: C:/openfhe-2023-1788/openfhe-install/include/openfhe/pke/keyswitch/keyswitch-rns.h
2026-09-04T16:04:26.3097070Z -- Installing: C:/openfhe-2023-1788/openfhe-install/include/openfhe/pke/keyswitch/README.md
2026-09-04T16:04:26.3104638Z -- Installing: C:/openfhe-2023-1788/openfhe-install/include/openfhe/pke/metadata-ser.h
2026-09-04T16:04:26.3112507Z -- Installing: C:/openfhe-2023-1788/openfhe-install/include/openfhe/pke/metadata.h
2026-09-04T16:04:26.3122339Z -- Installing: C:/openfhe-2023-1788/openfhe-install/include/openfhe/pke/openfhe.h
2026-09-04T16:04:26.3129915Z -- Installing: C:/openfhe-2023-1788/openfhe-install/include/openfhe/pke/README.md
2026-09-04T16:04:26.3137312Z -- Installing: C:/openfhe-2023-1788/openfhe-install/include/openfhe/pke/scheme
2026-09-04T16:04:26.3145991Z -- Installing: C:/openfhe-2023-1788/openfhe-install/include/openfhe/pke/scheme/bfvrns
2026-09-04T16:04:26.3153749Z -- Installing: C:/openfhe-2023-1788/openfhe-install/include/openfhe/pke/scheme/bfvrns/bfvrns-advancedshe.h
2026-09-04T16:04:26.3161632Z -- Installing: C:/openfhe-2023-1788/openfhe-install/include/openfhe/pke/scheme/bfvrns/bfvrns-cryptoparameters.h
2026-09-04T16:04:26.3171145Z -- Installing: C:/openfhe-2023-1788/openfhe-install/include/openfhe/pke/scheme/bfvrns/bfvrns-fhe.h
2026-09-04T16:04:26.3190574Z -- Installing: C:/openfhe-2023-1788/openfhe-install/include/openfhe/pke/scheme/bfvrns/bfvrns-leveledshe.h
2026-09-04T16:04:26.3198605Z -- Installing: C:/openfhe-2023-1788/openfhe-install/include/openfhe/pke/scheme/bfvrns/bfvrns-multiparty.h
2026-09-04T16:04:26.3206619Z -- Installing: C:/openfhe-2023-1788/openfhe-install/include/openfhe/pke/scheme/bfvrns/bfvrns-parametergeneration.h
2026-09-04T16:04:26.3216518Z -- Installing: C:/openfhe-2023-1788/openfhe-install/include/openfhe/pke/scheme/bfvrns/bfvrns-pke.h
2026-09-04T16:04:26.3224532Z -- Installing: C:/openfhe-2023-1788/openfhe-install/include/openfhe/pke/scheme/bfvrns/bfvrns-pre.h
2026-09-04T16:04:26.3232229Z -- Installing: C:/openfhe-2023-1788/openfhe-install/include/openfhe/pke/scheme/bfvrns/bfvrns-scheme.h
2026-09-04T16:04:26.3241613Z -- Installing: C:/openfhe-2023-1788/openfhe-install/include/openfhe/pke/scheme/bfvrns/bfvrns-ser.h
2026-09-04T16:04:26.3249358Z -- Installing: C:/openfhe-2023-1788/openfhe-install/include/openfhe/pke/scheme/bfvrns/gen-cryptocontext-bfvrns-internal.h
2026-09-04T16:04:26.3257475Z -- Installing: C:/openfhe-2023-1788/openfhe-install/include/openfhe/pke/scheme/bfvrns/gen-cryptocontext-bfvrns-params.h
2026-09-04T16:04:26.3267377Z -- Installing: C:/openfhe-2023-1788/openfhe-install/include/openfhe/pke/scheme/bfvrns/gen-cryptocontext-bfvrns.h
2026-09-04T16:04:26.3274871Z -- Installing: C:/openfhe-2023-1788/openfhe-install/include/openfhe/pke/scheme/bgvrns
2026-09-04T16:04:26.3282688Z -- Installing: C:/openfhe-2023-1788/openfhe-install/include/openfhe/pke/scheme/bgvrns/bgvrns-advancedshe.h
2026-09-04T16:04:26.3291896Z -- Installing: C:/openfhe-2023-1788/openfhe-install/include/openfhe/pke/scheme/bgvrns/bgvrns-cryptoparameters.h
2026-09-04T16:04:26.3299796Z -- Installing: C:/openfhe-2023-1788/openfhe-install/include/openfhe/pke/scheme/bgvrns/bgvrns-fhe.h
2026-09-04T16:04:26.3319211Z -- Installing: C:/openfhe-2023-1788/openfhe-install/include/openfhe/pke/scheme/bgvrns/bgvrns-leveledshe.h
2026-09-04T16:04:26.3326837Z -- Installing: C:/openfhe-2023-1788/openfhe-install/include/openfhe/pke/scheme/bgvrns/bgvrns-multiparty.h
2026-09-04T16:04:26.3336158Z -- Installing: C:/openfhe-2023-1788/openfhe-install/include/openfhe/pke/scheme/bgvrns/bgvrns-parametergeneration.h
2026-09-04T16:04:26.3344053Z -- Installing: C:/openfhe-2023-1788/openfhe-install/include/openfhe/pke/scheme/bgvrns/bgvrns-pke.h
2026-09-04T16:04:26.3351857Z -- Installing: C:/openfhe-2023-1788/openfhe-install/include/openfhe/pke/scheme/bgvrns/bgvrns-pre.h
2026-09-04T16:04:26.3359862Z -- Installing: C:/openfhe-2023-1788/openfhe-install/include/openfhe/pke/scheme/bgvrns/bgvrns-scheme.h
2026-09-04T16:04:26.3371892Z -- Installing: C:/openfhe-2023-1788/openfhe-install/include/openfhe/pke/scheme/bgvrns/bgvrns-ser.h
2026-09-04T16:04:26.3379763Z -- Installing: C:/openfhe-2023-1788/openfhe-install/include/openfhe/pke/scheme/bgvrns/gen-cryptocontext-bgvrns-internal.h
2026-09-04T16:04:26.3387890Z -- Installing: C:/openfhe-2023-1788/openfhe-install/include/openfhe/pke/scheme/bgvrns/gen-cryptocontext-bgvrns-params.h
2026-09-04T16:04:26.3395892Z -- Installing: C:/openfhe-2023-1788/openfhe-install/include/openfhe/pke/scheme/bgvrns/gen-cryptocontext-bgvrns.h
2026-09-04T16:04:26.3407883Z -- Installing: C:/openfhe-2023-1788/openfhe-install/include/openfhe/pke/scheme/ckksrns
2026-09-04T16:04:26.3415938Z -- Installing: C:/openfhe-2023-1788/openfhe-install/include/openfhe/pke/scheme/ckksrns/ckksrns-advancedshe.h
2026-09-04T16:04:26.3423979Z -- Installing: C:/openfhe-2023-1788/openfhe-install/include/openfhe/pke/scheme/ckksrns/ckksrns-cryptoparameters.h
2026-09-04T16:04:26.3431938Z -- Installing: C:/openfhe-2023-1788/openfhe-install/include/openfhe/pke/scheme/ckksrns/ckksrns-fhe.h
2026-09-04T16:04:26.3464757Z -- Installing: C:/openfhe-2023-1788/openfhe-install/include/openfhe/pke/scheme/ckksrns/ckksrns-leveledshe.h
2026-09-04T16:04:26.3472678Z -- Installing: C:/openfhe-2023-1788/openfhe-install/include/openfhe/pke/scheme/ckksrns/ckksrns-multiparty.h
2026-09-04T16:04:26.3480652Z -- Installing: C:/openfhe-2023-1788/openfhe-install/include/openfhe/pke/scheme/ckksrns/ckksrns-parametergeneration.h
2026-09-04T16:04:26.3491960Z -- Installing: C:/openfhe-2023-1788/openfhe-install/include/openfhe/pke/scheme/ckksrns/ckksrns-pke.h
2026-09-04T16:04:26.3499575Z -- Installing: C:/openfhe-2023-1788/openfhe-install/include/openfhe/pke/scheme/ckksrns/ckksrns-pre.h
2026-09-04T16:04:26.3507209Z -- Installing: C:/openfhe-2023-1788/openfhe-install/include/openfhe/pke/scheme/ckksrns/ckksrns-scheme.h
2026-09-04T16:04:26.3556715Z -- Installing: C:/openfhe-2023-1788/openfhe-install/include/openfhe/pke/scheme/ckksrns/ckksrns-schemeswitching.h
2026-09-04T16:04:26.3565910Z -- Installing: C:/openfhe-2023-1788/openfhe-install/include/openfhe/pke/scheme/ckksrns/ckksrns-ser.h
2026-09-04T16:04:26.3574053Z -- Installing: C:/openfhe-2023-1788/openfhe-install/include/openfhe/pke/scheme/ckksrns/ckksrns-utils.h
2026-09-04T16:04:26.3584164Z -- Installing: C:/openfhe-2023-1788/openfhe-install/include/openfhe/pke/scheme/ckksrns/gen-cryptocontext-ckksrns-internal.h
2026-09-04T16:04:26.3592194Z -- Installing: C:/openfhe-2023-1788/openfhe-install/include/openfhe/pke/scheme/ckksrns/gen-cryptocontext-ckksrns-params.h
2026-09-04T16:04:26.3600297Z -- Installing: C:/openfhe-2023-1788/openfhe-install/include/openfhe/pke/scheme/ckksrns/gen-cryptocontext-ckksrns.h
2026-09-04T16:04:26.3609705Z -- Installing: C:/openfhe-2023-1788/openfhe-install/include/openfhe/pke/scheme/ckksrns/README.md
2026-09-04T16:04:26.3617300Z -- Installing: C:/openfhe-2023-1788/openfhe-install/include/openfhe/pke/scheme/gen-cryptocontext-params-defaults.h
2026-09-04T16:04:26.3625364Z -- Installing: C:/openfhe-2023-1788/openfhe-install/include/openfhe/pke/scheme/gen-cryptocontext-params-validation.h
2026-09-04T16:04:26.3644288Z -- Installing: C:/openfhe-2023-1788/openfhe-install/include/openfhe/pke/scheme/gen-cryptocontext-params.h
2026-09-04T16:04:26.3654070Z -- Installing: C:/openfhe-2023-1788/openfhe-install/include/openfhe/pke/scheme/README.md
2026-09-04T16:04:26.3660768Z -- Installing: C:/openfhe-2023-1788/openfhe-install/include/openfhe/pke/scheme/scheme-id.h
2026-09-04T16:04:26.3668368Z -- Installing: C:/openfhe-2023-1788/openfhe-install/include/openfhe/pke/scheme/scheme-swch-params.h
2026-09-04T16:04:26.3676308Z -- Installing: C:/openfhe-2023-1788/openfhe-install/include/openfhe/pke/scheme/scheme-utils.h
2026-09-04T16:04:26.3685893Z -- Installing: C:/openfhe-2023-1788/openfhe-install/include/openfhe/pke/schemebase
2026-09-04T16:04:26.3692865Z -- Installing: C:/openfhe-2023-1788/openfhe-install/include/openfhe/pke/schemebase/base-advancedshe.h
2026-09-04T16:04:26.3700985Z -- Installing: C:/openfhe-2023-1788/openfhe-install/include/openfhe/pke/schemebase/base-cryptoparameters.h
2026-09-04T16:04:26.3711201Z -- Installing: C:/openfhe-2023-1788/openfhe-install/include/openfhe/pke/schemebase/base-fhe.h
2026-09-04T16:04:26.3719609Z -- Installing: C:/openfhe-2023-1788/openfhe-install/include/openfhe/pke/schemebase/base-leveledshe.h
2026-09-04T16:04:26.3741751Z -- Installing: C:/openfhe-2023-1788/openfhe-install/include/openfhe/pke/schemebase/base-multiparty.h
2026-09-04T16:04:26.3751627Z -- Installing: C:/openfhe-2023-1788/openfhe-install/include/openfhe/pke/schemebase/base-parametergeneration.h
2026-09-04T16:04:26.3759589Z -- Installing: C:/openfhe-2023-1788/openfhe-install/include/openfhe/pke/schemebase/base-pke.h
2026-09-04T16:04:26.3767539Z -- Installing: C:/openfhe-2023-1788/openfhe-install/include/openfhe/pke/schemebase/base-pre.h
2026-09-04T16:04:26.3776742Z -- Installing: C:/openfhe-2023-1788/openfhe-install/include/openfhe/pke/schemebase/base-scheme.h
2026-09-04T16:04:26.3785747Z -- Installing: C:/openfhe-2023-1788/openfhe-install/include/openfhe/pke/schemebase/base-ser.h
2026-09-04T16:04:26.3793490Z -- Installing: C:/openfhe-2023-1788/openfhe-install/include/openfhe/pke/schemebase/decrypt-result.h
2026-09-04T16:04:26.3802973Z -- Installing: C:/openfhe-2023-1788/openfhe-install/include/openfhe/pke/schemebase/rlwe-cryptoparameters.h
2026-09-04T16:04:26.3810988Z -- Installing: C:/openfhe-2023-1788/openfhe-install/include/openfhe/pke/schemelet
2026-09-04T16:04:26.3818206Z -- Installing: C:/openfhe-2023-1788/openfhe-install/include/openfhe/pke/schemelet/rlwe-mp.h
2026-09-04T16:04:26.3827150Z -- Installing: C:/openfhe-2023-1788/openfhe-install/include/openfhe/pke/schemerns
2026-09-04T16:04:26.3848178Z -- Installing: C:/openfhe-2023-1788/openfhe-install/include/openfhe/pke/schemerns/rns-advancedshe.h
2026-09-04T16:04:26.3855494Z -- Installing: C:/openfhe-2023-1788/openfhe-install/include/openfhe/pke/schemerns/rns-cryptoparameters.h
2026-09-04T16:04:26.3866723Z -- Installing: C:/openfhe-2023-1788/openfhe-install/include/openfhe/pke/schemerns/rns-fhe.h
2026-09-04T16:04:26.3875243Z -- Installing: C:/openfhe-2023-1788/openfhe-install/include/openfhe/pke/schemerns/rns-leveledshe.h
2026-09-04T16:04:26.3895244Z -- Installing: C:/openfhe-2023-1788/openfhe-install/include/openfhe/pke/schemerns/rns-multiparty.h
2026-09-04T16:04:26.3906630Z -- Installing: C:/openfhe-2023-1788/openfhe-install/include/openfhe/pke/schemerns/rns-parametergeneration.h
2026-09-04T16:04:26.3914518Z -- Installing: C:/openfhe-2023-1788/openfhe-install/include/openfhe/pke/schemerns/rns-pke.h
2026-09-04T16:04:26.3926001Z -- Installing: C:/openfhe-2023-1788/openfhe-install/include/openfhe/pke/schemerns/rns-pre.h
2026-09-04T16:04:26.3933660Z -- Installing: C:/openfhe-2023-1788/openfhe-install/include/openfhe/pke/schemerns/rns-scheme.h
2026-09-04T16:04:26.3941209Z -- Installing: C:/openfhe-2023-1788/openfhe-install/include/openfhe/pke/schemerns/rns-ser.h
2026-09-04T16:04:26.3953052Z -- Installing: C:/openfhe-2023-1788/openfhe-install/include/openfhe/pke/unittest/utils
2026-09-04T16:04:26.3962226Z -- Installing: C:/openfhe-2023-1788/openfhe-install/include/openfhe/pke/unittest/utils/BaseTestCase.h
2026-09-04T16:04:26.3973860Z -- Installing: C:/openfhe-2023-1788/openfhe-install/include/openfhe/pke/unittest/utils/schemeswitching-data-serializer.h
2026-09-04T16:04:26.3982368Z -- Installing: C:/openfhe-2023-1788/openfhe-install/include/openfhe/pke/unittest/utils/UnitTestCCParams.h
2026-09-04T16:04:26.4002055Z -- Installing: C:/openfhe-2023-1788/openfhe-install/include/openfhe/pke/unittest/utils/UnitTestCryptoContext.h
2026-09-04T16:04:26.4014032Z -- Installing: C:/openfhe-2023-1788/openfhe-install/include/openfhe/pke/unittest/utils/UnitTestException.h
2026-09-04T16:04:26.4022343Z -- Installing: C:/openfhe-2023-1788/openfhe-install/include/openfhe/pke/unittest/utils/UnitTestMetadataTest.h
2026-09-04T16:04:26.4068314Z -- Installing: C:/openfhe-2023-1788/openfhe-install/include/openfhe/pke/unittest/utils/UnitTestMetadataTestSer.h
2026-09-04T16:04:26.4077087Z -- Installing: C:/openfhe-2023-1788/openfhe-install/include/openfhe/pke/unittest/utils/UnitTestReadCSVData.h
2026-09-04T16:04:26.4084615Z -- Installing: C:/openfhe-2023-1788/openfhe-install/include/openfhe/pke/unittest/utils/UnitTestSer.h
2026-09-04T16:04:26.4094406Z -- Installing: C:/openfhe-2023-1788/openfhe-install/include/openfhe/pke/unittest/utils/UnitTestUtils.h
2026-09-04T16:04:26.4107362Z -- Installing: C:/openfhe-2023-1788/openfhe-install/lib/libOPENFHEbinfhe.dll.a
2026-09-04T16:04:26.4123600Z -- Installing: C:/openfhe-2023-1788/openfhe-install/lib/libOPENFHEbinfhe.dll
2026-09-04T16:04:26.4139839Z -- Installing: C:/openfhe-2023-1788/openfhe-install/include/openfhe/binfhe
2026-09-04T16:04:26.4146956Z -- Installing: C:/openfhe-2023-1788/openfhe-install/include/openfhe/binfhe/binfhe-base-params.h
2026-09-04T16:04:26.4156904Z -- Installing: C:/openfhe-2023-1788/openfhe-install/include/openfhe/binfhe/binfhe-base-scheme.h
2026-09-04T16:04:26.4164782Z -- Installing: C:/openfhe-2023-1788/openfhe-install/include/openfhe/binfhe/binfhe-constants.h
2026-09-04T16:04:26.4194144Z -- Installing: C:/openfhe-2023-1788/openfhe-install/include/openfhe/binfhe/binfhecontext-ser.h
2026-09-04T16:04:26.4203761Z -- Installing: C:/openfhe-2023-1788/openfhe-install/include/openfhe/binfhe/binfhecontext.h
2026-09-04T16:04:26.4211915Z -- Installing: C:/openfhe-2023-1788/openfhe-install/include/openfhe/binfhe/lwe-ciphertext-fwd.h
2026-09-04T16:04:26.4219442Z -- Installing: C:/openfhe-2023-1788/openfhe-install/include/openfhe/binfhe/lwe-ciphertext.h
2026-09-04T16:04:26.4229969Z -- Installing: C:/openfhe-2023-1788/openfhe-install/include/openfhe/binfhe/lwe-cryptoparameters.h
2026-09-04T16:04:26.4237971Z -- Installing: C:/openfhe-2023-1788/openfhe-install/include/openfhe/binfhe/lwe-keypair-fwd.h
2026-09-04T16:04:26.4245569Z -- Installing: C:/openfhe-2023-1788/openfhe-install/include/openfhe/binfhe/lwe-keypair.h
2026-09-04T16:04:26.4255142Z -- Installing: C:/openfhe-2023-1788/openfhe-install/include/openfhe/binfhe/lwe-keyswitchkey-fwd.h
2026-09-04T16:04:26.4262708Z -- Installing: C:/openfhe-2023-1788/openfhe-install/include/openfhe/binfhe/lwe-keyswitchkey.h
2026-09-04T16:04:26.4270551Z -- Installing: C:/openfhe-2023-1788/openfhe-install/include/openfhe/binfhe/lwe-pke.h
2026-09-04T16:04:26.4280802Z -- Installing: C:/openfhe-2023-1788/openfhe-install/include/openfhe/binfhe/lwe-privatekey-fwd.h
2026-09-04T16:04:26.4288391Z -- Installing: C:/openfhe-2023-1788/openfhe-install/include/openfhe/binfhe/lwe-privatekey.h
2026-09-04T16:04:26.4296009Z -- Installing: C:/openfhe-2023-1788/openfhe-install/include/openfhe/binfhe/lwe-publickey-fwd.h
2026-09-04T16:04:26.4305702Z -- Installing: C:/openfhe-2023-1788/openfhe-install/include/openfhe/binfhe/lwe-publickey.h
2026-09-04T16:04:26.4313844Z -- Installing: C:/openfhe-2023-1788/openfhe-install/include/openfhe/binfhe/README.md
2026-09-04T16:04:26.4322691Z -- Installing: C:/openfhe-2023-1788/openfhe-install/include/openfhe/binfhe/rgsw-acc-cggi.h
2026-09-04T16:04:26.4348545Z -- Installing: C:/openfhe-2023-1788/openfhe-install/include/openfhe/binfhe/rgsw-acc-dm.h
2026-09-04T16:04:26.4356266Z -- Installing: C:/openfhe-2023-1788/openfhe-install/include/openfhe/binfhe/rgsw-acc-lmkcdey.h
2026-09-04T16:04:26.4364188Z -- Installing: C:/openfhe-2023-1788/openfhe-install/include/openfhe/binfhe/rgsw-acc.h
2026-09-04T16:04:26.4374208Z -- Installing: C:/openfhe-2023-1788/openfhe-install/include/openfhe/binfhe/rgsw-acckey.h
2026-09-04T16:04:26.4382542Z -- Installing: C:/openfhe-2023-1788/openfhe-install/include/openfhe/binfhe/rgsw-cryptoparameters.h
2026-09-04T16:04:26.4390516Z -- Installing: C:/openfhe-2023-1788/openfhe-install/include/openfhe/binfhe/rgsw-evalkey.h
2026-09-04T16:04:26.4400564Z -- Installing: C:/openfhe-2023-1788/openfhe-install/include/openfhe/binfhe/rlwe-ciphertext.h
2026-09-04T16:04:26.4414501Z -- Installing: C:/openfhe-2023-1788/openfhe-install/CMake/OpenFHEConfig.cmake
2026-09-04T16:04:26.4425993Z -- Installing: C:/openfhe-2023-1788/openfhe-install/CMake/OpenFHEConfigVersion.cmake
2026-09-04T16:04:26.4434845Z -- Installing: C:/openfhe-2023-1788/openfhe-install/CMake/OpenFHETargets.cmake
2026-09-04T16:04:26.4461515Z -- Installing: C:/openfhe-2023-1788/openfhe-install/CMake/OpenFHETargets-release.cmake
2026-09-04T16:04:26.4694547Z ##[group]Run prefix="$(cygpath -u "$OPENFHE_PREFIX")"
2026-09-04T16:04:26.4695101Z [36;1mprefix="$(cygpath -u "$OPENFHE_PREFIX")"[0m
2026-09-04T16:04:26.4695458Z [36;1mbuild="$(cygpath -u "$PROJECT_BUILD")"[0m
2026-09-04T16:04:26.4695838Z [36;1mcmake -S . -B "$build" \[0m
2026-09-04T16:04:26.4696161Z [36;1m  -DCMAKE_BUILD_TYPE=Debug \[0m
2026-09-04T16:04:26.4696496Z [36;1m  -DCMAKE_PREFIX_PATH="$prefix"[0m
2026-09-04T16:04:26.4698795Z shell: D:\a\_temp\setup-msys2\msys2.CMD {0}
2026-09-04T16:04:26.4699153Z env:
2026-09-04T16:04:26.4699471Z   OPENFHE_COMMIT: df495ba2e91739a6dc8f1de254fc5a41155ce504
2026-09-04T16:04:26.4699912Z   OPENFHE_PREFIX: C:\openfhe-2023-1788\openfhe-install
2026-09-04T16:04:26.4700288Z   WINDOWS_ROOT: C:\openfhe-2023-1788
2026-09-04T16:04:26.4700612Z   PROJECT_SOURCE: C:\openfhe-2023-1788\cleanroom
2026-09-04T16:04:26.4700956Z   OPENFHE_SOURCE: C:\openfhe-2023-1788\openfhe-src
2026-09-04T16:04:26.4701378Z   OPENFHE_BUILD: C:\openfhe-2023-1788\openfhe-build-33892550947-1
2026-09-04T16:04:26.4701798Z   PROJECT_BUILD: C:\openfhe-2023-1788\project-build-33892550947-1
2026-09-04T16:04:26.4702131Z   MSYSTEM: MINGW64
2026-09-04T16:04:26.4702332Z ##[endgroup]
2026-09-04T16:04:26.8275996Z -- Building for: Ninja
2026-09-04T16:04:26.8276398Z -- The CXX compiler identification is GNU 16.2.0
2026-09-04T16:04:26.8761075Z -- Detecting CXX compiler ABI info
2026-09-04T16:04:27.2172639Z -- Detecting CXX compiler ABI info - done
2026-09-04T16:04:27.2484088Z -- Check for working CXX compiler: D:/a/_temp/msys64/mingw64/bin/c++.exe - skipped
2026-09-04T16:04:27.2490380Z -- Detecting CXX compile features
2026-09-04T16:04:27.2504091Z -- Detecting CXX compile features - done
2026-09-04T16:04:27.2808182Z -- Configuring done (0.6s)
2026-09-04T16:04:27.3614005Z -- Generating done (0.1s)
2026-09-04T16:04:27.3630803Z -- Build files have been written to: C:/openfhe-2023-1788/project-build-33892550947-1
2026-09-04T16:04:27.3857670Z ##[group]Run test "$(git rev-parse HEAD)" = "$GITHUB_SHA"
2026-09-04T16:04:27.3858145Z [36;1mtest "$(git rev-parse HEAD)" = "$GITHUB_SHA"[0m
2026-09-04T16:04:27.3858769Z [36;1mprintf 'PROJECT_SOURCE_COMMIT=%s GITHUB_RUN_ID=%s GITHUB_RUN_ATTEMPT=%s\n' "$GITHUB_SHA" "$GITHUB_RUN_ID" "$GITHUB_RUN_ATTEMPT"[0m
2026-09-04T16:04:27.3861185Z shell: D:\a\_temp\setup-msys2\msys2.CMD {0}
2026-09-04T16:04:27.3861481Z env:
2026-09-04T16:04:27.3861743Z   OPENFHE_COMMIT: df495ba2e91739a6dc8f1de254fc5a41155ce504
2026-09-04T16:04:27.3862120Z   OPENFHE_PREFIX: C:\openfhe-2023-1788\openfhe-install
2026-09-04T16:04:27.3862444Z   WINDOWS_ROOT: C:\openfhe-2023-1788
2026-09-04T16:04:27.3862739Z   PROJECT_SOURCE: C:\openfhe-2023-1788\cleanroom
2026-09-04T16:04:27.3863216Z   OPENFHE_SOURCE: C:\openfhe-2023-1788\openfhe-src
2026-09-04T16:04:27.3863602Z   OPENFHE_BUILD: C:\openfhe-2023-1788\openfhe-build-33892550947-1
2026-09-04T16:04:27.3864078Z   PROJECT_BUILD: C:\openfhe-2023-1788\project-build-33892550947-1
2026-09-04T16:04:27.3864424Z   MSYSTEM: MINGW64
2026-09-04T16:04:27.3864631Z ##[endgroup]
2026-09-04T16:04:27.5545736Z PROJECT_SOURCE_COMMIT=4ecbd972429884489918d9f82dfc3fe9f702ef4a GITHUB_RUN_ID=33892550947 GITHUB_RUN_ATTEMPT=1
2026-09-04T16:04:27.5707647Z ##[group]Run build="$(cygpath -u "$PROJECT_BUILD")"
2026-09-04T16:04:27.5708138Z [36;1mbuild="$(cygpath -u "$PROJECT_BUILD")"[0m
2026-09-04T16:04:27.5708499Z [36;1mcmake --build "$build" --parallel 2[0m
2026-09-04T16:04:27.5710728Z shell: D:\a\_temp\setup-msys2\msys2.CMD {0}
2026-09-04T16:04:27.5711030Z env:
2026-09-04T16:04:27.5711300Z   OPENFHE_COMMIT: df495ba2e91739a6dc8f1de254fc5a41155ce504
2026-09-04T16:04:27.5711690Z   OPENFHE_PREFIX: C:\openfhe-2023-1788\openfhe-install
2026-09-04T16:04:27.5712026Z   WINDOWS_ROOT: C:\openfhe-2023-1788
2026-09-04T16:04:27.5712321Z   PROJECT_SOURCE: C:\openfhe-2023-1788\cleanroom
2026-09-04T16:04:27.5712651Z   OPENFHE_SOURCE: C:\openfhe-2023-1788\openfhe-src
2026-09-04T16:04:27.5713037Z   OPENFHE_BUILD: C:\openfhe-2023-1788\openfhe-build-33892550947-1
2026-09-04T16:04:27.5713483Z   PROJECT_BUILD: C:\openfhe-2023-1788\project-build-33892550947-1
2026-09-04T16:04:27.5713831Z   MSYSTEM: MINGW64
2026-09-04T16:04:27.5714071Z ##[endgroup]
2026-09-04T16:04:38.5898980Z [1/28] Building CXX object CMakeFiles/openfhe_2023_1788.dir/src/double_ckks.cpp.obj
2026-09-04T16:04:38.6984649Z [2/28] Linking CXX static library libopenfhe_2023_1788.a
2026-09-04T16:04:42.2971516Z [3/28] Building CXX object CMakeFiles/tensor2_api_contract_test.dir/tests/tensor2_api_contract_test.cpp.obj
2026-09-04T16:04:49.9172076Z [4/28] Building CXX object CMakeFiles/dcp_rcb_test.dir/tests/dcp_rcb_test.cpp.obj
2026-09-04T16:04:54.1022773Z [5/28] Building CXX object CMakeFiles/pair_add_test.dir/tests/pair_add_test.cpp.obj
2026-09-04T16:05:01.7033252Z [6/28] Building CXX object CMakeFiles/pair_sub_test.dir/tests/pair_sub_test.cpp.obj
2026-09-04T16:05:16.8006144Z [7/28] Building CXX object CMakeFiles/pair_arithmetic_test.dir/tests/pair_arithmetic_test.cpp.obj
2026-09-04T16:05:20.2167872Z [8/28] Building CXX object CMakeFiles/tensor2_test.dir/tests/tensor2_test.cpp.obj
2026-09-04T16:05:42.8766538Z [9/28] Building CXX object CMakeFiles/rs2_test.dir/tests/rs2_test.cpp.obj
2026-09-04T16:05:54.9993702Z [10/28] Building CXX object CMakeFiles/mult2_test.dir/tests/mult2_test.cpp.obj
2026-09-04T16:05:58.2132247Z [11/28] Building CXX object CMakeFiles/relin2_test.dir/tests/relin2_test.cpp.obj
2026-09-04T16:06:18.9355617Z [12/28] Building CXX object CMakeFiles/mult2_e2e_oracle_test.dir/tests/mult2_e2e_oracle_test.cpp.obj
2026-09-04T16:06:22.0363778Z [13/28] Building CXX object CMakeFiles/precision_dcp_rcb_contract_test.dir/tests/precision_dcp_rcb_contract_test.cpp.obj
2026-09-04T16:06:36.0668004Z [14/28] Building CXX object CMakeFiles/precision_dcp_rcb_contract_test.dir/tests/precision_dcp_rcb_fixture.cpp.obj
2026-09-04T16:06:48.4499287Z [15/28] Building CXX object CMakeFiles/precision_first_mult2_contract_test.dir/tests/precision_first_mult2_contract_test.cpp.obj
2026-09-04T16:06:48.6954088Z [16/28] Linking CXX executable dcp_rcb_test.exe
2026-09-04T16:06:48.7850138Z [17/28] Linking CXX executable tensor2_api_contract_test.exe
2026-09-04T16:06:49.0065841Z [18/28] Linking CXX executable pair_add_test.exe
2026-09-04T16:06:49.2521038Z [19/28] Linking CXX executable pair_sub_test.exe
2026-09-04T16:06:49.4970689Z [20/28] Linking CXX executable pair_arithmetic_test.exe
2026-09-04T16:06:49.7155919Z [21/28] Linking CXX executable tensor2_test.exe
2026-09-04T16:06:49.9775596Z [22/28] Linking CXX executable relin2_test.exe
2026-09-04T16:06:50.2330563Z [23/28] Linking CXX executable rs2_test.exe
2026-09-04T16:06:50.4745663Z [24/28] Linking CXX executable mult2_test.exe
2026-09-04T16:06:50.7030813Z [25/28] Linking CXX executable mult2_e2e_oracle_test.exe
2026-09-04T16:06:50.9811127Z [26/28] Linking CXX executable precision_dcp_rcb_contract_test.exe
2026-09-04T16:06:53.2113768Z [27/28] Building CXX object CMakeFiles/precision_first_mult2_contract_test.dir/tests/precision_dcp_rcb_fixture.cpp.obj
2026-09-04T16:06:53.4663307Z [28/28] Linking CXX executable precision_first_mult2_contract_test.exe
2026-09-04T16:06:53.4917715Z ##[group]Run build="$(cygpath -u "$PROJECT_BUILD")"
2026-09-04T16:06:53.4918351Z [36;1mbuild="$(cygpath -u "$PROJECT_BUILD")"[0m
2026-09-04T16:06:53.4918812Z [36;1mcmake --build "$build" --target relin2_api_contract_test --parallel 2[0m
2026-09-04T16:06:53.4921244Z shell: D:\a\_temp\setup-msys2\msys2.CMD {0}
2026-09-04T16:06:53.4921542Z env:
2026-09-04T16:06:53.4921810Z   OPENFHE_COMMIT: df495ba2e91739a6dc8f1de254fc5a41155ce504
2026-09-04T16:06:53.4922193Z   OPENFHE_PREFIX: C:\openfhe-2023-1788\openfhe-install
2026-09-04T16:06:53.4922523Z   WINDOWS_ROOT: C:\openfhe-2023-1788
2026-09-04T16:06:53.4922837Z   PROJECT_SOURCE: C:\openfhe-2023-1788\cleanroom
2026-09-04T16:06:53.4923164Z   OPENFHE_SOURCE: C:\openfhe-2023-1788\openfhe-src
2026-09-04T16:06:53.4923547Z   OPENFHE_BUILD: C:\openfhe-2023-1788\openfhe-build-33892550947-1
2026-09-04T16:06:53.4923978Z   PROJECT_BUILD: C:\openfhe-2023-1788\project-build-33892550947-1
2026-09-04T16:06:53.4924315Z   MSYSTEM: MINGW64
2026-09-04T16:06:53.4924541Z ##[endgroup]
2026-09-04T16:06:56.8301447Z [1/2] Building CXX object CMakeFiles/relin2_api_contract_test.dir/tests/relin2_api_contract_test.cpp.obj
2026-09-04T16:06:56.9111857Z [2/2] Linking CXX executable relin2_api_contract_test.exe
2026-09-04T16:06:56.9312738Z ##[group]Run build="$(cygpath -u "$PROJECT_BUILD")"
2026-09-04T16:06:56.9313233Z [36;1mbuild="$(cygpath -u "$PROJECT_BUILD")"[0m
2026-09-04T16:06:56.9313669Z [36;1mcmake --build "$build" --target rs2_api_contract_test --parallel 2[0m
2026-09-04T16:06:56.9315798Z shell: D:\a\_temp\setup-msys2\msys2.CMD {0}
2026-09-04T16:06:56.9316123Z env:
2026-09-04T16:06:56.9316393Z   OPENFHE_COMMIT: df495ba2e91739a6dc8f1de254fc5a41155ce504
2026-09-04T16:06:56.9316777Z   OPENFHE_PREFIX: C:\openfhe-2023-1788\openfhe-install
2026-09-04T16:06:56.9317105Z   WINDOWS_ROOT: C:\openfhe-2023-1788
2026-09-04T16:06:56.9317407Z   PROJECT_SOURCE: C:\openfhe-2023-1788\cleanroom
2026-09-04T16:06:56.9317733Z   OPENFHE_SOURCE: C:\openfhe-2023-1788\openfhe-src
2026-09-04T16:06:56.9318111Z   OPENFHE_BUILD: C:\openfhe-2023-1788\openfhe-build-33892550947-1
2026-09-04T16:06:56.9318530Z   PROJECT_BUILD: C:\openfhe-2023-1788\project-build-33892550947-1
2026-09-04T16:06:56.9318862Z   MSYSTEM: MINGW64
2026-09-04T16:06:56.9319100Z ##[endgroup]
2026-09-04T16:07:00.2627928Z [1/2] Building CXX object CMakeFiles/rs2_api_contract_test.dir/tests/rs2_api_contract_test.cpp.obj
2026-09-04T16:07:00.3494664Z [2/2] Linking CXX executable rs2_api_contract_test.exe
2026-09-04T16:07:00.3699664Z ##[group]Run prefix="$(cygpath -u "$OPENFHE_PREFIX")"
2026-09-04T16:07:00.3700230Z [36;1mprefix="$(cygpath -u "$OPENFHE_PREFIX")"[0m
2026-09-04T16:07:00.3700662Z [36;1mbuild="$(cygpath -u "$PROJECT_BUILD")"[0m
2026-09-04T16:07:00.3701074Z [36;1mexport PATH="$prefix/bin:$prefix/lib:$PATH"[0m
2026-09-04T16:07:00.3701592Z [36;1mcmake --build "$build" --target precision_first_mult2_contract_test --parallel 2[0m
2026-09-04T16:07:00.3702694Z [36;1mctest --test-dir "$build" --verbose --output-on-failure -R '^precision_first_mult2_high_precision_contract$'[0m
2026-09-04T16:07:00.3705180Z shell: D:\a\_temp\setup-msys2\msys2.CMD {0}
2026-09-04T16:07:00.3705507Z env:
2026-09-04T16:07:00.3705779Z   OPENFHE_COMMIT: df495ba2e91739a6dc8f1de254fc5a41155ce504
2026-09-04T16:07:00.3706164Z   OPENFHE_PREFIX: C:\openfhe-2023-1788\openfhe-install
2026-09-04T16:07:00.3706493Z   WINDOWS_ROOT: C:\openfhe-2023-1788
2026-09-04T16:07:00.3706877Z   PROJECT_SOURCE: C:\openfhe-2023-1788\cleanroom
2026-09-04T16:07:00.3707214Z   OPENFHE_SOURCE: C:\openfhe-2023-1788\openfhe-src
2026-09-04T16:07:00.3707772Z   OPENFHE_BUILD: C:\openfhe-2023-1788\openfhe-build-33892550947-1
2026-09-04T16:07:00.3708192Z   PROJECT_BUILD: C:\openfhe-2023-1788\project-build-33892550947-1
2026-09-04T16:07:00.3708527Z   MSYSTEM: MINGW64
2026-09-04T16:07:00.3708734Z ##[endgroup]
2026-09-04T16:07:00.5902492Z ninja: no work to do.
2026-09-04T16:07:00.6225321Z UpdateCTestConfiguration  from :C:/openfhe-2023-1788/project-build-33892550947-1/DartConfiguration.tcl
2026-09-04T16:07:00.6246887Z Test project C:/openfhe-2023-1788/project-build-33892550947-1
2026-09-04T16:07:00.6267198Z Constructing a list of tests
2026-09-04T16:07:00.6280308Z Done constructing a list of tests
2026-09-04T16:07:00.6280746Z Updating test list for fixtures
2026-09-04T16:07:00.6281222Z Added 0 tests to meet fixture requirements
2026-09-04T16:07:00.6286898Z Checking test dependency graph...
2026-09-04T16:07:00.6287397Z Checking test dependency graph end
2026-09-04T16:07:00.6288265Z test 3
2026-09-04T16:07:00.6289747Z     Start 3: precision_first_mult2_high_precision_contract
2026-09-04T16:07:00.6291126Z 
2026-09-04T16:07:00.6291845Z 3: Test command: C:\openfhe-2023-1788\project-build-33892550947-1\precision_first_mult2_contract_test.exe
2026-09-04T16:07:00.6292981Z 3: Working Directory: C:/openfhe-2023-1788/project-build-33892550947-1
2026-09-04T16:07:00.6293686Z 3: Test timeout computed to be: 10000000
2026-09-04T16:07:00.8791338Z 3: test=precision_first_mult2_high_precision_contract trial=0 claim_scope=first-Mult2-diagnostic-only security_level=HEStd_NotSet(diagnostic-only) key_switch=HYBRID ckks_data_type=COMPLEX N=64 batch=16 depth=7 scaling_mod_size=50 first_mod_size=55 input_scale_numerator=2^100 final_logical_scale_numerator=2^200 final_logical_scale_denominator=1267650600226646386227681786497 q_div=1125899906843009 q_l=1125899906840833 input_product_centered_headroom_bits=160 output_centered_headroom_bits=210 coefficient_error_numerator=144627933971111794333703065570432 coefficient_error_denominator=1267650600226646386227681786497 frozen_abs_tolerance=2^-80 product_delta_error=1.7417253658657248300665767931646869533186e-29 max_slot_error=1.5416781536914354060229654388052140373834e-27
2026-09-04T16:07:00.8800101Z 3: test=precision_first_mult2_high_precision_contract trial=1 claim_scope=first-Mult2-diagnostic-only security_level=HEStd_NotSet(diagnostic-only) key_switch=HYBRID ckks_data_type=COMPLEX N=64 batch=16 depth=7 scaling_mod_size=50 first_mod_size=55 input_scale_numerator=2^100 final_logical_scale_numerator=2^200 final_logical_scale_denominator=1267650600226646386227681786497 q_div=1125899906843009 q_l=1125899906840833 input_product_centered_headroom_bits=160 output_centered_headroom_bits=210 coefficient_error_numerator=127798986812677265684291203800141 coefficient_error_denominator=1267650600226646386227681786497 frozen_abs_tolerance=2^-80 product_delta_error=4.0728404692695295012108470317563520854205e-28 max_slot_error=6.3217693601056635100842725131172091590974e-28
2026-09-04T16:07:00.8805567Z 3: test=precision_first_mult2_high_precision_contract trial=2 claim_scope=first-Mult2-diagnostic-only security_level=HEStd_NotSet(diagnostic-only) key_switch=HYBRID ckks_data_type=COMPLEX N=64 batch=16 depth=7 scaling_mod_size=50 first_mod_size=55 input_scale_numerator=2^100 final_logical_scale_numerator=2^200 final_logical_scale_denominator=1267650600226646386227681786497 q_div=1125899906843009 q_l=1125899906840833 input_product_centered_headroom_bits=160 output_centered_headroom_bits=210 coefficient_error_numerator=167305951557314895242591781858583 coefficient_error_denominator=1267650600226646386227681786497 frozen_abs_tolerance=2^-80 product_delta_error=3.9811400061536472350117022563389429135618e-29 max_slot_error=6.0389480372306478084803355199938903377023e-28
2026-09-04T16:07:00.8811935Z 3: test=precision_first_mult2_high_precision_contract trial=3 claim_scope=first-Mult2-diagnostic-only security_level=HEStd_NotSet(diagnostic-only) key_switch=HYBRID ckks_data_type=COMPLEX N=64 batch=16 depth=7 scaling_mod_size=50 first_mod_size=55 input_scale_numerator=2^100 final_logical_scale_numerator=2^200 final_logical_scale_denominator=1267650600226646386227681786497 q_div=1125899906843009 q_l=1125899906840833 input_product_centered_headroom_bits=160 output_centered_headroom_bits=210 coefficient_error_numerator=98383401726574690239601024983683 coefficient_error_denominator=1267650600226646386227681786497 frozen_abs_tolerance=2^-80 product_delta_error=2.8206875659449676511079229666843776226353e-28 max_slot_error=6.8200102972710457027879401605796829098949e-28
2026-09-04T16:07:00.8815459Z 3: precision_first_mult2_high_precision_contract=PASS
2026-09-04T16:07:00.8820725Z 1/1 Test #3: precision_first_mult2_high_precision_contract ...   Passed    0.25 sec
2026-09-04T16:07:00.8840060Z 
2026-09-04T16:07:00.8840385Z The following tests passed:
2026-09-04T16:07:00.8840913Z 	precision_first_mult2_high_precision_contract
2026-09-04T16:07:00.8841323Z 
2026-09-04T16:07:00.8841495Z 100% tests passed out of 1
2026-09-04T16:07:00.8841767Z 
2026-09-04T16:07:00.8841937Z Total Test time (real) =   0.26 sec
2026-09-04T16:07:00.9060921Z ##[group]Run prefix="$(cygpath -u "$OPENFHE_PREFIX")"
2026-09-04T16:07:00.9061404Z [36;1mprefix="$(cygpath -u "$OPENFHE_PREFIX")"[0m
2026-09-04T16:07:00.9061795Z [36;1mbuild="$(cygpath -u "$PROJECT_BUILD")"[0m
2026-09-04T16:07:00.9062153Z [36;1mexport PATH="$prefix/bin:$prefix/lib:$PATH"[0m
2026-09-04T16:07:00.9062727Z [36;1mctest --test-dir "$build" --verbose --output-on-failure -R '^mult2_pair_(add|sub)_input_hybrid_complex$'[0m
2026-09-04T16:07:00.9064809Z shell: D:\a\_temp\setup-msys2\msys2.CMD {0}
2026-09-04T16:07:00.9065105Z env:
2026-09-04T16:07:00.9065366Z   OPENFHE_COMMIT: df495ba2e91739a6dc8f1de254fc5a41155ce504
2026-09-04T16:07:00.9065745Z   OPENFHE_PREFIX: C:\openfhe-2023-1788\openfhe-install
2026-09-04T16:07:00.9066064Z   WINDOWS_ROOT: C:\openfhe-2023-1788
2026-09-04T16:07:00.9066354Z   PROJECT_SOURCE: C:\openfhe-2023-1788\cleanroom
2026-09-04T16:07:00.9066689Z   OPENFHE_SOURCE: C:\openfhe-2023-1788\openfhe-src
2026-09-04T16:07:00.9067107Z   OPENFHE_BUILD: C:\openfhe-2023-1788\openfhe-build-33892550947-1
2026-09-04T16:07:00.9067528Z   PROJECT_BUILD: C:\openfhe-2023-1788\project-build-33892550947-1
2026-09-04T16:07:00.9067864Z   MSYSTEM: MINGW64
2026-09-04T16:07:00.9068068Z ##[endgroup]
2026-09-04T16:07:01.1113787Z UpdateCTestConfiguration  from :C:/openfhe-2023-1788/project-build-33892550947-1/DartConfiguration.tcl
2026-09-04T16:07:01.1132209Z Test project C:/openfhe-2023-1788/project-build-33892550947-1
2026-09-04T16:07:01.1153448Z Constructing a list of tests
2026-09-04T16:07:01.1164998Z Done constructing a list of tests
2026-09-04T16:07:01.1165426Z Updating test list for fixtures
2026-09-04T16:07:01.1165743Z Added 0 tests to meet fixture requirements
2026-09-04T16:07:01.1171110Z Checking test dependency graph...
2026-09-04T16:07:01.1171936Z Checking test dependency graph end
2026-09-04T16:07:01.1172441Z test 56
2026-09-04T16:07:01.1173019Z     Start 56: mult2_pair_add_input_hybrid_complex
2026-09-04T16:07:01.1174437Z 
2026-09-04T16:07:01.1175098Z 56: Test command: C:\openfhe-2023-1788\project-build-33892550947-1\mult2_e2e_oracle_test.exe "pair_add_input_hybrid_complex"
2026-09-04T16:07:01.1175900Z 56: Working Directory: C:/openfhe-2023-1788/project-build-33892550947-1
2026-09-04T16:07:01.1176540Z 56: Test timeout computed to be: 10000000
2026-09-04T16:07:01.2085557Z 56: [RELIN2-EXECUTION] q_div=1073741953 q_l=1073741441 ordinary_combined_relin_execution_error=15 pair_relin_execution_error=26 high_path_relin_error=15 low_path_relin_error=17 execution_relin2_triangle_bound=32 paper_additivity_residual=17 paper_additivity_execution_observed=true secret_h=48 input_Q_l=52656049226897061758347970843194892279389197066160739197584863617 oracle_basis_agreement=true
2026-09-04T16:07:01.2098559Z 56: case=pair_add_input_hybrid_complex security_level=HEStd_NotSet(functional-only) key_switch=HYBRID secret_key_dist=UNIFORM_TERNARY ckks_data_type=COMPLEX selected_ring_dimension=64 actual_N=64 batch_size=16 host_vector_length=8 encoding_noise_scale_degree=2 encoding_level=0 scaling_technique=FIXEDMANUAL digit_size=0 max_relin_sk_deg=2 scaling_mod_size=30 first_mod_size=35 multiplicative_depth=7 active_Q_l_towers=7 Q_l_bits=215 preselection_required_bits=174 selection_reserve_bits=32 q_div=1073741953 q_l=1073741441 ratio_2^(2p)/(q_div*q_l)=1.00000023655603276 descriptor_ratio=1.00000023655603276 M_high=89261195 M_low=7707487577 secret_h=48 ordinary_combined_relin_execution_error=15 pair_relin_execution_error=26 high_path_relin_error=15 low_path_relin_error=17 execution_relin2_triangle_bound=32 paper_additivity_residual=17 paper_additivity_execution_observed=true execution_certificate=PER_PATH_CONDITIONAL conservative_E_Relin_available=false universal_theorem_gate=UNPROVED execution_nonwrap_left=587902465495341180508307341797999648 execution_nonwrap_right_Q_l_over_2=26328024613448530879173985421597446139694598533080369598792431808 coefficient_error=233821825552656436116/1152921231876374273 execution_bound=7660379828380656183281/2305842463752748546 fixed_key_bv_bound_available=false frozen_decoded_abs_tolerance=0.00100000000000000002 measured_recorded_bias_error=6.60322035196097142e-10 measured_logical_slot_error=6.60321878992966593e-10
2026-09-04T16:07:01.2109849Z 1/2 Test #56: mult2_pair_add_input_hybrid_complex ...   Passed    0.09 sec
2026-09-04T16:07:01.2115129Z test 57
2026-09-04T16:07:01.2115496Z     Start 57: mult2_pair_sub_input_hybrid_complex
2026-09-04T16:07:01.2116080Z 
2026-09-04T16:07:01.2116669Z 57: Test command: C:\openfhe-2023-1788\project-build-33892550947-1\mult2_e2e_oracle_test.exe "pair_sub_input_hybrid_complex"
2026-09-04T16:07:01.2117367Z 57: Working Directory: C:/openfhe-2023-1788/project-build-33892550947-1
2026-09-04T16:07:01.2117765Z 57: Test timeout computed to be: 10000000
2026-09-04T16:07:01.2995036Z 57: [RELIN2-EXECUTION] q_div=1073741953 q_l=1073741441 ordinary_combined_relin_execution_error=17 pair_relin_execution_error=36 high_path_relin_error=19 low_path_relin_error=19 execution_relin2_triangle_bound=38 paper_additivity_residual=20 paper_additivity_execution_observed=true secret_h=47 input_Q_l=52656049226897061758347970843194892279389197066160739197584863617 oracle_basis_agreement=true
2026-09-04T16:07:01.3006830Z 57: case=pair_sub_input_hybrid_complex security_level=HEStd_NotSet(functional-only) key_switch=HYBRID secret_key_dist=UNIFORM_TERNARY ckks_data_type=COMPLEX selected_ring_dimension=64 actual_N=64 batch_size=16 host_vector_length=8 encoding_noise_scale_degree=2 encoding_level=0 scaling_technique=FIXEDMANUAL digit_size=0 max_relin_sk_deg=2 scaling_mod_size=30 first_mod_size=35 multiplicative_depth=7 active_Q_l_towers=7 Q_l_bits=215 preselection_required_bits=174 selection_reserve_bits=32 q_div=1073741953 q_l=1073741441 ratio_2^(2p)/(q_div*q_l)=1.00000023655603276 descriptor_ratio=1.00000023655603276 M_high=89261192 M_low=8589935597 secret_h=47 ordinary_combined_relin_execution_error=17 pair_relin_execution_error=36 high_path_relin_error=19 low_path_relin_error=19 execution_relin2_triangle_bound=38 paper_additivity_residual=20 paper_additivity_execution_observed=true execution_certificate=PER_PATH_CONDITIONAL conservative_E_Relin_available=false universal_theorem_gate=UNPROVED execution_nonwrap_left=587902436803290574892378986258325094 execution_nonwrap_right_Q_l_over_2=26328024613448530879173985421597446139694598533080369598792431808 coefficient_error=146207504181971325754/1152921231876374273 execution_bound=9500075394969461893884/2305842463752748546 fixed_key_bv_bound_available=false frozen_decoded_abs_tolerance=0.00100000000000000002 measured_recorded_bias_error=8.5264934097598648e-10 measured_logical_slot_error=8.52649137932152323e-10
2026-09-04T16:07:01.3016751Z 2/2 Test #57: mult2_pair_sub_input_hybrid_complex ...   Passed    0.09 sec
2026-09-04T16:07:01.3026814Z 
2026-09-04T16:07:01.3027511Z The following tests passed:
2026-09-04T16:07:01.3027956Z 	mult2_pair_add_input_hybrid_complex
2026-09-04T16:07:01.3028417Z 	mult2_pair_sub_input_hybrid_complex
2026-09-04T16:07:01.3028954Z 
2026-09-04T16:07:01.3029102Z 100% tests passed out of 2
2026-09-04T16:07:01.3029351Z 
2026-09-04T16:07:01.3029495Z Total Test time (real) =   0.19 sec
2026-09-04T16:07:01.3219050Z ##[group]Run prefix="$(cygpath -u "$OPENFHE_PREFIX")"
2026-09-04T16:07:01.3219525Z [36;1mprefix="$(cygpath -u "$OPENFHE_PREFIX")"[0m
2026-09-04T16:07:01.3219902Z [36;1mbuild="$(cygpath -u "$PROJECT_BUILD")"[0m
2026-09-04T16:07:01.3220264Z [36;1mexport PATH="$prefix/bin:$prefix/lib:$PATH"[0m
2026-09-04T16:07:01.3220663Z [36;1mctest --test-dir "$build" --verbose --output-on-failure[0m
2026-09-04T16:07:01.3222487Z shell: D:\a\_temp\setup-msys2\msys2.CMD {0}
2026-09-04T16:07:01.3222782Z env:
2026-09-04T16:07:01.3223045Z   OPENFHE_COMMIT: df495ba2e91739a6dc8f1de254fc5a41155ce504
2026-09-04T16:07:01.3223452Z   OPENFHE_PREFIX: C:\openfhe-2023-1788\openfhe-install
2026-09-04T16:07:01.3223791Z   WINDOWS_ROOT: C:\openfhe-2023-1788
2026-09-04T16:07:01.3224089Z   PROJECT_SOURCE: C:\openfhe-2023-1788\cleanroom
2026-09-04T16:07:01.3224430Z   OPENFHE_SOURCE: C:\openfhe-2023-1788\openfhe-src
2026-09-04T16:07:01.3224838Z   OPENFHE_BUILD: C:\openfhe-2023-1788\openfhe-build-33892550947-1
2026-09-04T16:07:01.3225259Z   PROJECT_BUILD: C:\openfhe-2023-1788\project-build-33892550947-1
2026-09-04T16:07:01.3225601Z   MSYSTEM: MINGW64
2026-09-04T16:07:01.3225807Z ##[endgroup]
2026-09-04T16:07:01.5284188Z UpdateCTestConfiguration  from :C:/openfhe-2023-1788/project-build-33892550947-1/DartConfiguration.tcl
2026-09-04T16:07:01.5303193Z Test project C:/openfhe-2023-1788/project-build-33892550947-1
2026-09-04T16:07:01.5312274Z Constructing a list of tests
2026-09-04T16:07:01.5323640Z Done constructing a list of tests
2026-09-04T16:07:01.5324668Z Updating test list for fixtures
2026-09-04T16:07:01.5325851Z Added 0 tests to meet fixture requirements
2026-09-04T16:07:01.5330767Z Checking test dependency graph...
2026-09-04T16:07:01.5331546Z Checking test dependency graph end
2026-09-04T16:07:01.5332080Z test 1
2026-09-04T16:07:01.5333266Z       Start  1: dcp_rcb
2026-09-04T16:07:01.5334124Z 
2026-09-04T16:07:01.5334502Z 1: Test command: C:\openfhe-2023-1788\project-build-33892550947-1\dcp_rcb_test.exe
2026-09-04T16:07:01.5335604Z 1: Working Directory: C:/openfhe-2023-1788/project-build-33892550947-1
2026-09-04T16:07:01.5336099Z 1: Test timeout computed to be: 10000000
2026-09-04T16:07:01.6146932Z 1: DCP/RCB independent-oracle tests passed
2026-09-04T16:07:01.6156817Z  1/57 Test  #1: dcp_rcb .........................................   Passed    0.08 sec
2026-09-04T16:07:01.6175498Z test 2
2026-09-04T16:07:01.6176184Z       Start  2: precision_dcp_rcb_high_precision_contract
2026-09-04T16:07:01.6177083Z 
2026-09-04T16:07:01.6177646Z 2: Test command: C:\openfhe-2023-1788\project-build-33892550947-1\precision_dcp_rcb_contract_test.exe
2026-09-04T16:07:01.6178643Z 2: Working Directory: C:/openfhe-2023-1788/project-build-33892550947-1
2026-09-04T16:07:01.6179055Z 2: Test timeout computed to be: 10000000
2026-09-04T16:07:01.6744648Z 2: test=precision_dcp_rcb_high_precision_contract trial=0 security_level=HEStd_NotSet(functional-diagnostic-only) key_switch=HYBRID ckks_data_type=COMPLEX N=64 batch=16 depth=7 scaling_mod_size=50 first_mod_size=55 scale_bits=100 q_div=1125899906843009 active_modulus_bits=356 maximum_coefficient_bits=98 approximate_headroom_bits=258 delta_error=1.7481395385204339203960254018846533337877e-28 max_slot_error=5.8827756936799510256306798869627922896076e-28
2026-09-04T16:07:01.6753452Z 2: test=precision_dcp_rcb_high_precision_contract trial=1 security_level=HEStd_NotSet(functional-diagnostic-only) key_switch=HYBRID ckks_data_type=COMPLEX N=64 batch=16 depth=7 scaling_mod_size=50 first_mod_size=55 scale_bits=100 q_div=1125899906843009 active_modulus_bits=356 maximum_coefficient_bits=98 approximate_headroom_bits=258 delta_error=1.4935976982061624855067365904303799506980e-28 max_slot_error=4.9654341770236120282021597370189823673425e-28
2026-09-04T16:07:01.6761347Z 2: test=precision_dcp_rcb_high_precision_contract trial=2 security_level=HEStd_NotSet(functional-diagnostic-only) key_switch=HYBRID ckks_data_type=COMPLEX N=64 batch=16 depth=7 scaling_mod_size=50 first_mod_size=55 scale_bits=100 q_div=1125899906843009 active_modulus_bits=356 maximum_coefficient_bits=98 approximate_headroom_bits=258 delta_error=2.7189324284192233710756468093669501559537e-28 max_slot_error=3.1478342350912756422558187823136242666619e-28
2026-09-04T16:07:01.6767289Z 2: test=precision_dcp_rcb_high_precision_contract trial=3 security_level=HEStd_NotSet(functional-diagnostic-only) key_switch=HYBRID ckks_data_type=COMPLEX N=64 batch=16 depth=7 scaling_mod_size=50 first_mod_size=55 scale_bits=100 q_div=1125899906843009 active_modulus_bits=356 maximum_coefficient_bits=98 approximate_headroom_bits=258 delta_error=3.1559771556200782317268700781798090264268e-28 max_slot_error=2.9907449873244409478076971068403092948247e-28
2026-09-04T16:07:01.6770359Z 2: precision_dcp_rcb_high_precision_contract=PASS
2026-09-04T16:07:01.6771147Z  2/57 Test  #2: precision_dcp_rcb_high_precision_contract .......   Passed    0.06 sec
2026-09-04T16:07:01.6771872Z test 3
2026-09-04T16:07:01.6772335Z       Start  3: precision_first_mult2_high_precision_contract
2026-09-04T16:07:01.6772767Z 
2026-09-04T16:07:01.6773328Z 3: Test command: C:\openfhe-2023-1788\project-build-33892550947-1\precision_first_mult2_contract_test.exe
2026-09-04T16:07:01.6774381Z 3: Working Directory: C:/openfhe-2023-1788/project-build-33892550947-1
2026-09-04T16:07:01.6775058Z 3: Test timeout computed to be: 10000000
2026-09-04T16:07:01.8766703Z 3: test=precision_first_mult2_high_precision_contract trial=0 claim_scope=first-Mult2-diagnostic-only security_level=HEStd_NotSet(diagnostic-only) key_switch=HYBRID ckks_data_type=COMPLEX N=64 batch=16 depth=7 scaling_mod_size=50 first_mod_size=55 input_scale_numerator=2^100 final_logical_scale_numerator=2^200 final_logical_scale_denominator=1267650600226646386227681786497 q_div=1125899906843009 q_l=1125899906840833 input_product_centered_headroom_bits=160 output_centered_headroom_bits=210 coefficient_error_numerator=74566767375392990977687084649165 coefficient_error_denominator=1267650600226646386227681786497 frozen_abs_tolerance=2^-80 product_delta_error=5.0911058490862937670266623591106262812555e-28 max_slot_error=6.3053973483362713166175492737302862441871e-28
2026-09-04T16:07:01.8851603Z 3: test=precision_first_mult2_high_precision_contract trial=1 claim_scope=first-Mult2-diagnostic-only security_level=HEStd_NotSet(diagnostic-only) key_switch=HYBRID ckks_data_type=COMPLEX N=64 batch=16 depth=7 scaling_mod_size=50 first_mod_size=55 input_scale_numerator=2^100 final_logical_scale_numerator=2^200 final_logical_scale_denominator=1267650600226646386227681786497 q_div=1125899906843009 q_l=1125899906840833 input_product_centered_headroom_bits=160 output_centered_headroom_bits=210 coefficient_error_numerator=165547716953948041684272082020697 coefficient_error_denominator=1267650600226646386227681786497 frozen_abs_tolerance=2^-80 product_delta_error=2.9982876589867182626823545206419594418236e-28 max_slot_error=8.4926513430707868430926471197097640013139e-28
2026-09-04T16:07:01.8856864Z 3: test=precision_first_mult2_high_precision_contract trial=2 claim_scope=first-Mult2-diagnostic-only security_level=HEStd_NotSet(diagnostic-only) key_switch=HYBRID ckks_data_type=COMPLEX N=64 batch=16 depth=7 scaling_mod_size=50 first_mod_size=55 input_scale_numerator=2^100 final_logical_scale_numerator=2^200 final_logical_scale_denominator=1267650600226646386227681786497 q_div=1125899906843009 q_l=1125899906840833 input_product_centered_headroom_bits=160 output_centered_headroom_bits=210 coefficient_error_numerator=114598089753863023597140384605839 coefficient_error_denominator=1267650600226646386227681786497 frozen_abs_tolerance=2^-80 product_delta_error=3.1055238590590240483272152407114052292990e-28 max_slot_error=5.8884207543908230657980840895796409153755e-28
2026-09-04T16:07:01.8862776Z 3: test=precision_first_mult2_high_precision_contract trial=3 claim_scope=first-Mult2-diagnostic-only security_level=HEStd_NotSet(diagnostic-only) key_switch=HYBRID ckks_data_type=COMPLEX N=64 batch=16 depth=7 scaling_mod_size=50 first_mod_size=55 input_scale_numerator=2^100 final_logical_scale_numerator=2^200 final_logical_scale_denominator=1267650600226646386227681786497 q_div=1125899906843009 q_l=1125899906840833 input_product_centered_headroom_bits=160 output_centered_headroom_bits=210 coefficient_error_numerator=120407310921969117030045455677265 coefficient_error_denominator=1267650600226646386227681786497 frozen_abs_tolerance=2^-80 product_delta_error=1.1688502039926128559322857348607517292660e-28 max_slot_error=6.9982464007712832945269080343259644902996e-28
2026-09-04T16:07:01.8865734Z 3: precision_first_mult2_high_precision_contract=PASS
2026-09-04T16:07:01.8866198Z  3/57 Test  #3: precision_first_mult2_high_precision_contract ...   Passed    0.20 sec
2026-09-04T16:07:01.8866614Z test 4
2026-09-04T16:07:01.8866821Z       Start  4: pair_add_runtime_behavior
2026-09-04T16:07:01.8867029Z 
2026-09-04T16:07:01.8867257Z 4: Test command: C:\openfhe-2023-1788\project-build-33892550947-1\pair_add_test.exe
2026-09-04T16:07:01.8867778Z 4: Working Directory: C:/openfhe-2023-1788/project-build-33892550947-1
2026-09-04T16:07:01.8868158Z 4: Test timeout computed to be: 10000000
2026-09-04T16:07:01.8931355Z 4: pair Add runtime behavior passed
2026-09-04T16:07:01.8940742Z  4/57 Test  #4: pair_add_runtime_behavior .......................   Passed    0.02 sec
2026-09-04T16:07:01.8944082Z test 5
2026-09-04T16:07:01.8944516Z       Start  5: pair_sub_runtime_behavior
2026-09-04T16:07:01.8945651Z 
2026-09-04T16:07:01.8946046Z 5: Test command: C:\openfhe-2023-1788\project-build-33892550947-1\pair_sub_test.exe
2026-09-04T16:07:01.8946913Z 5: Working Directory: C:/openfhe-2023-1788/project-build-33892550947-1
2026-09-04T16:07:01.8947329Z 5: Test timeout computed to be: 10000000
2026-09-04T16:07:01.9083726Z 5: pair Sub runtime behavior passed
2026-09-04T16:07:01.9093196Z  5/57 Test  #5: pair_sub_runtime_behavior .......................   Passed    0.01 sec
2026-09-04T16:07:01.9096286Z test 6
2026-09-04T16:07:01.9096744Z       Start  6: pair_arithmetic_controlled_oracle
2026-09-04T16:07:01.9097821Z 
2026-09-04T16:07:01.9098410Z 6: Test command: C:\openfhe-2023-1788\project-build-33892550947-1\pair_arithmetic_test.exe "controlled_oracle"
2026-09-04T16:07:01.9099282Z 6: Working Directory: C:/openfhe-2023-1788/project-build-33892550947-1
2026-09-04T16:07:01.9099678Z 6: Test timeout computed to be: 10000000
2026-09-04T16:07:02.2340898Z 6: pair-arithmetic case passed: controlled_oracle
2026-09-04T16:07:02.2350098Z  6/57 Test  #6: pair_arithmetic_controlled_oracle ...............   Passed    0.32 sec
2026-09-04T16:07:02.2353205Z test 7
2026-09-04T16:07:02.2353647Z       Start  7: pair_arithmetic_public_lifecycles_keyless
2026-09-04T16:07:02.2354528Z 
2026-09-04T16:07:02.2355115Z 7: Test command: C:\openfhe-2023-1788\project-build-33892550947-1\pair_arithmetic_test.exe "public_lifecycles_keyless"
2026-09-04T16:07:02.2356539Z 7: Working Directory: C:/openfhe-2023-1788/project-build-33892550947-1
2026-09-04T16:07:02.2357253Z 7: Test timeout computed to be: 10000000
2026-09-04T16:07:02.5731313Z 7: pair-arithmetic case passed: public_lifecycles_keyless
2026-09-04T16:07:02.5740882Z  7/57 Test  #7: pair_arithmetic_public_lifecycles_keyless .......   Passed    0.34 sec
2026-09-04T16:07:02.5744082Z test 8
2026-09-04T16:07:02.5744845Z       Start  8: pair_arithmetic_compatibility_rejections
2026-09-04T16:07:02.5745520Z 
2026-09-04T16:07:02.5746095Z 8: Test command: C:\openfhe-2023-1788\project-build-33892550947-1\pair_arithmetic_test.exe "compatibility_rejections"
2026-09-04T16:07:02.5747020Z 8: Working Directory: C:/openfhe-2023-1788/project-build-33892550947-1
2026-09-04T16:07:02.5747421Z 8: Test timeout computed to be: 10000000
2026-09-04T16:07:02.6467120Z 8: pair-arithmetic case passed: compatibility_rejections
2026-09-04T16:07:02.6476498Z  8/57 Test  #8: pair_arithmetic_compatibility_rejections ........   Passed    0.07 sec
2026-09-04T16:07:02.6479561Z test 9
2026-09-04T16:07:02.6480147Z       Start  9: tensor2_valid_arithmetic_immutability
2026-09-04T16:07:02.6481855Z 
2026-09-04T16:07:02.6482727Z 9: Test command: C:\openfhe-2023-1788\project-build-33892550947-1\tensor2_test.exe "valid_arithmetic_immutability"
2026-09-04T16:07:02.6483465Z 9: Working Directory: C:/openfhe-2023-1788/project-build-33892550947-1
2026-09-04T16:07:02.6483862Z 9: Test timeout computed to be: 10000000
2026-09-04T16:07:02.6663526Z 9: Tensor2 case passed: valid_arithmetic_immutability
2026-09-04T16:07:02.6672462Z  9/57 Test  #9: tensor2_valid_arithmetic_immutability ...........   Passed    0.02 sec
2026-09-04T16:07:02.6675469Z test 10
2026-09-04T16:07:02.6675811Z       Start 10: tensor2_result_scale_contract
2026-09-04T16:07:02.6676669Z 
2026-09-04T16:07:02.6677263Z 10: Test command: C:\openfhe-2023-1788\project-build-33892550947-1\tensor2_test.exe "result_scale_contract"
2026-09-04T16:07:02.6678285Z 10: Working Directory: C:/openfhe-2023-1788/project-build-33892550947-1
2026-09-04T16:07:02.6678691Z 10: Test timeout computed to be: 10000000
2026-09-04T16:07:02.6799752Z 10: Tensor2 case passed: result_scale_contract
2026-09-04T16:07:02.6808708Z 10/57 Test #10: tensor2_result_scale_contract ...................   Passed    0.01 sec
2026-09-04T16:07:02.6811724Z test 11
2026-09-04T16:07:02.6812414Z       Start 11: tensor2_right_input_validation
2026-09-04T16:07:02.6813121Z 
2026-09-04T16:07:02.6813635Z 11: Test command: C:\openfhe-2023-1788\project-build-33892550947-1\tensor2_test.exe "right_input_validation"
2026-09-04T16:07:02.6814550Z 11: Working Directory: C:/openfhe-2023-1788/project-build-33892550947-1
2026-09-04T16:07:02.6814951Z 11: Test timeout computed to be: 10000000
2026-09-04T16:07:02.6925058Z 11: Tensor2 case passed: right_input_validation
2026-09-04T16:07:02.6933884Z 11/57 Test #11: tensor2_right_input_validation ..................   Passed    0.01 sec
2026-09-04T16:07:02.6936911Z test 12
2026-09-04T16:07:02.6937278Z       Start 12: tensor2_mutual_compatibility
2026-09-04T16:07:02.6938122Z 
2026-09-04T16:07:02.6938733Z 12: Test command: C:\openfhe-2023-1788\project-build-33892550947-1\tensor2_test.exe "mutual_compatibility"
2026-09-04T16:07:02.6939745Z 12: Working Directory: C:/openfhe-2023-1788/project-build-33892550947-1
2026-09-04T16:07:02.6940155Z 12: Test timeout computed to be: 10000000
2026-09-04T16:07:02.7054178Z 12: Tensor2 case passed: mutual_compatibility
2026-09-04T16:07:02.7063020Z 12/57 Test #12: tensor2_mutual_compatibility ....................   Passed    0.01 sec
2026-09-04T16:07:02.7066038Z test 13
2026-09-04T16:07:02.7066757Z       Start 13: tensor2_prearithmetic_key_compatibility
2026-09-04T16:07:02.7067401Z 
2026-09-04T16:07:02.7067979Z 13: Test command: C:\openfhe-2023-1788\project-build-33892550947-1\tensor2_test.exe "prearithmetic_key_compatibility"
2026-09-04T16:07:02.7068898Z 13: Working Directory: C:/openfhe-2023-1788/project-build-33892550947-1
2026-09-04T16:07:02.7069315Z 13: Test timeout computed to be: 10000000
2026-09-04T16:07:02.7194815Z 13: Tensor2 case passed: prearithmetic_key_compatibility
2026-09-04T16:07:02.7203898Z 13/57 Test #13: tensor2_prearithmetic_key_compatibility .........   Passed    0.01 sec
2026-09-04T16:07:02.7206846Z test 14
2026-09-04T16:07:02.7207228Z       Start 14: relin2_tensor_validation_order
2026-09-04T16:07:02.7208351Z 
2026-09-04T16:07:02.7208943Z 14: Test command: C:\openfhe-2023-1788\project-build-33892550947-1\relin2_test.exe "tensor_validation_order"
2026-09-04T16:07:02.7209964Z 14: Working Directory: C:/openfhe-2023-1788/project-build-33892550947-1
2026-09-04T16:07:02.7210377Z 14: Test timeout computed to be: 10000000
2026-09-04T16:07:02.7348451Z 14: Relin2 case passed: tensor_validation_order
2026-09-04T16:07:02.7357868Z 14/57 Test #14: relin2_tensor_validation_order ..................   Passed    0.01 sec
2026-09-04T16:07:02.7360863Z test 15
2026-09-04T16:07:02.7361243Z       Start 15: relin2_insufficient_active_basis
2026-09-04T16:07:02.7362204Z 
2026-09-04T16:07:02.7363159Z 15: Test command: C:\openfhe-2023-1788\project-build-33892550947-1\relin2_test.exe "insufficient_active_basis"
2026-09-04T16:07:02.7363913Z 15: Working Directory: C:/openfhe-2023-1788/project-build-33892550947-1
2026-09-04T16:07:02.7364322Z 15: Test timeout computed to be: 10000000
2026-09-04T16:07:02.7477888Z 15: Relin2 case passed: insufficient_active_basis
2026-09-04T16:07:02.7487271Z 15/57 Test #15: relin2_insufficient_active_basis ................   Passed    0.01 sec
2026-09-04T16:07:02.7490279Z test 16
2026-09-04T16:07:02.7490643Z       Start 16: relin2_missing_eval_key
2026-09-04T16:07:02.7491518Z 
2026-09-04T16:07:02.7492076Z 16: Test command: C:\openfhe-2023-1788\project-build-33892550947-1\relin2_test.exe "missing_eval_key"
2026-09-04T16:07:02.7493073Z 16: Working Directory: C:/openfhe-2023-1788/project-build-33892550947-1
2026-09-04T16:07:02.7493482Z 16: Test timeout computed to be: 10000000
2026-09-04T16:07:02.7613712Z 16: Relin2 case passed: missing_eval_key
2026-09-04T16:07:02.7623285Z 16/57 Test #16: relin2_missing_eval_key .........................   Passed    0.01 sec
2026-09-04T16:07:02.7626322Z test 17
2026-09-04T16:07:02.7626671Z       Start 17: relin2_key_empty
2026-09-04T16:07:02.7627559Z 
2026-09-04T16:07:02.7628051Z 17: Test command: C:\openfhe-2023-1788\project-build-33892550947-1\relin2_test.exe "key_empty"
2026-09-04T16:07:02.7628899Z 17: Working Directory: C:/openfhe-2023-1788/project-build-33892550947-1
2026-09-04T16:07:02.7629304Z 17: Test timeout computed to be: 10000000
2026-09-04T16:07:02.7752898Z 17: Relin2 case passed: key_empty
2026-09-04T16:07:02.7761968Z 17/57 Test #17: relin2_key_empty ................................   Passed    0.01 sec
2026-09-04T16:07:02.7765558Z test 18
2026-09-04T16:07:02.7766287Z       Start 18: relin2_key_null_first
2026-09-04T16:07:02.7767015Z 
2026-09-04T16:07:02.7767452Z 18: Test command: C:\openfhe-2023-1788\project-build-33892550947-1\relin2_test.exe "key_null_first"
2026-09-04T16:07:02.7768376Z 18: Working Directory: C:/openfhe-2023-1788/project-build-33892550947-1
2026-09-04T16:07:02.7768792Z 18: Test timeout computed to be: 10000000
2026-09-04T16:07:02.7890315Z 18: Relin2 case passed: key_null_first
2026-09-04T16:07:02.7898730Z 18/57 Test #18: relin2_key_null_first ...........................   Passed    0.01 sec
2026-09-04T16:07:02.7901645Z test 19
2026-09-04T16:07:02.7902028Z       Start 19: relin2_key_wrong_context
2026-09-04T16:07:02.7902907Z 
2026-09-04T16:07:02.7903446Z 19: Test command: C:\openfhe-2023-1788\project-build-33892550947-1\relin2_test.exe "key_wrong_context"
2026-09-04T16:07:02.7904300Z 19: Working Directory: C:/openfhe-2023-1788/project-build-33892550947-1
2026-09-04T16:07:02.7904716Z 19: Test timeout computed to be: 10000000
2026-09-04T16:07:02.8051571Z 19: Relin2 case passed: key_wrong_context
2026-09-04T16:07:02.8060311Z 19/57 Test #19: relin2_key_wrong_context ........................   Passed    0.02 sec
2026-09-04T16:07:02.8063529Z test 20
2026-09-04T16:07:02.8063901Z       Start 20: relin2_key_wrong_tag
2026-09-04T16:07:02.8064773Z 
2026-09-04T16:07:02.8065306Z 20: Test command: C:\openfhe-2023-1788\project-build-33892550947-1\relin2_test.exe "key_wrong_tag"
2026-09-04T16:07:02.8066161Z 20: Working Directory: C:/openfhe-2023-1788/project-build-33892550947-1
2026-09-04T16:07:02.8066591Z 20: Test timeout computed to be: 10000000
2026-09-04T16:07:02.8195136Z 20: Relin2 case passed: key_wrong_tag
2026-09-04T16:07:02.8203831Z 20/57 Test #20: relin2_key_wrong_tag ............................   Passed    0.01 sec
2026-09-04T16:07:02.8206918Z test 21
2026-09-04T16:07:02.8207287Z       Start 21: relin2_key_wrong_subtype
2026-09-04T16:07:02.8208153Z 
2026-09-04T16:07:02.8208692Z 21: Test command: C:\openfhe-2023-1788\project-build-33892550947-1\relin2_test.exe "key_wrong_subtype"
2026-09-04T16:07:02.8209556Z 21: Working Directory: C:/openfhe-2023-1788/project-build-33892550947-1
2026-09-04T16:07:02.8210163Z 21: Test timeout computed to be: 10000000
2026-09-04T16:07:02.8385661Z 21: Relin2 case passed: key_wrong_subtype
2026-09-04T16:07:02.8395658Z 21/57 Test #21: relin2_key_wrong_subtype ........................   Passed    0.02 sec
2026-09-04T16:07:02.8398129Z test 22
2026-09-04T16:07:02.8398467Z       Start 22: relin2_key_hybrid_a_length
2026-09-04T16:07:02.8399351Z 
2026-09-04T16:07:02.8399891Z 22: Test command: C:\openfhe-2023-1788\project-build-33892550947-1\relin2_test.exe "key_hybrid_a_length"
2026-09-04T16:07:02.8400742Z 22: Working Directory: C:/openfhe-2023-1788/project-build-33892550947-1
2026-09-04T16:07:02.8401167Z 22: Test timeout computed to be: 10000000
2026-09-04T16:07:02.8529769Z 22: Relin2 case passed: key_hybrid_a_length
2026-09-04T16:07:02.8538430Z 22/57 Test #22: relin2_key_hybrid_a_length ......................   Passed    0.01 sec
2026-09-04T16:07:02.8541469Z test 23
2026-09-04T16:07:02.8541845Z       Start 23: relin2_key_hybrid_b_length
2026-09-04T16:07:02.8542722Z 
2026-09-04T16:07:02.8543280Z 23: Test command: C:\openfhe-2023-1788\project-build-33892550947-1\relin2_test.exe "key_hybrid_b_length"
2026-09-04T16:07:02.8544143Z 23: Working Directory: C:/openfhe-2023-1788/project-build-33892550947-1
2026-09-04T16:07:02.8544535Z 23: Test timeout computed to be: 10000000
2026-09-04T16:07:02.8673432Z 23: Relin2 case passed: key_hybrid_b_length
2026-09-04T16:07:02.8682004Z 23/57 Test #23: relin2_key_hybrid_b_length ......................   Passed    0.01 sec
2026-09-04T16:07:02.8684948Z test 24
2026-09-04T16:07:02.8685627Z       Start 24: relin2_key_hybrid_entry_basis
2026-09-04T16:07:02.8686343Z 
2026-09-04T16:07:02.8686832Z 24: Test command: C:\openfhe-2023-1788\project-build-33892550947-1\relin2_test.exe "key_hybrid_entry_basis"
2026-09-04T16:07:02.8687757Z 24: Working Directory: C:/openfhe-2023-1788/project-build-33892550947-1
2026-09-04T16:07:02.8688156Z 24: Test timeout computed to be: 10000000
2026-09-04T16:07:02.8866498Z 24: Relin2 case passed: key_hybrid_entry_basis
2026-09-04T16:07:02.8876005Z 24/57 Test #24: relin2_key_hybrid_entry_basis ...................   Passed    0.02 sec
2026-09-04T16:07:02.8878901Z test 25
2026-09-04T16:07:02.8879597Z       Start 25: relin2_key_hybrid_entry_format
2026-09-04T16:07:02.8880300Z 
2026-09-04T16:07:02.8881605Z 25: Test command: C:\openfhe-2023-1788\project-build-33892550947-1\relin2_test.exe "key_hybrid_entry_format"
2026-09-04T16:07:02.8882381Z 25: Working Directory: C:/openfhe-2023-1788/project-build-33892550947-1
2026-09-04T16:07:02.8882778Z 25: Test timeout computed to be: 10000000
2026-09-04T16:07:02.9063862Z 25: Relin2 case passed: key_hybrid_entry_format
2026-09-04T16:07:02.9072698Z 25/57 Test #25: relin2_key_hybrid_entry_format ..................   Passed    0.02 sec
2026-09-04T16:07:02.9075582Z test 26
2026-09-04T16:07:02.9075969Z       Start 26: relin2_key_bv_zero_digit_a_length
2026-09-04T16:07:02.9076801Z 
2026-09-04T16:07:02.9077433Z 26: Test command: C:\openfhe-2023-1788\project-build-33892550947-1\relin2_test.exe "key_bv_zero_digit_a_length"
2026-09-04T16:07:02.9078431Z 26: Working Directory: C:/openfhe-2023-1788/project-build-33892550947-1
2026-09-04T16:07:02.9078858Z 26: Test timeout computed to be: 10000000
2026-09-04T16:07:02.9225874Z 26: Relin2 case passed: key_bv_zero_digit_a_length
2026-09-04T16:07:02.9234660Z 26/57 Test #26: relin2_key_bv_zero_digit_a_length ...............   Passed    0.02 sec
2026-09-04T16:07:02.9237639Z test 27
2026-09-04T16:07:02.9238335Z       Start 27: relin2_key_bv_zero_digit_b_length
2026-09-04T16:07:02.9239044Z 
2026-09-04T16:07:02.9239578Z 27: Test command: C:\openfhe-2023-1788\project-build-33892550947-1\relin2_test.exe "key_bv_zero_digit_b_length"
2026-09-04T16:07:02.9240513Z 27: Working Directory: C:/openfhe-2023-1788/project-build-33892550947-1
2026-09-04T16:07:02.9240926Z 27: Test timeout computed to be: 10000000
2026-09-04T16:07:02.9390157Z 27: Relin2 case passed: key_bv_zero_digit_b_length
2026-09-04T16:07:02.9399516Z 27/57 Test #27: relin2_key_bv_zero_digit_b_length ...............   Passed    0.02 sec
2026-09-04T16:07:02.9402604Z test 28
2026-09-04T16:07:02.9403068Z       Start 28: relin2_key_bv_nonzero_digit_a_length
2026-09-04T16:07:02.9403830Z 
2026-09-04T16:07:02.9404379Z 28: Test command: C:\openfhe-2023-1788\project-build-33892550947-1\relin2_test.exe "key_bv_nonzero_digit_a_length"
2026-09-04T16:07:02.9406090Z 28: Working Directory: C:/openfhe-2023-1788/project-build-33892550947-1
2026-09-04T16:07:02.9406510Z 28: Test timeout computed to be: 10000000
2026-09-04T16:07:02.9594549Z 28: Relin2 case passed: key_bv_nonzero_digit_a_length
2026-09-04T16:07:02.9603745Z 28/57 Test #28: relin2_key_bv_nonzero_digit_a_length ............   Passed    0.02 sec
2026-09-04T16:07:02.9606761Z test 29
2026-09-04T16:07:02.9607160Z       Start 29: relin2_key_bv_nonzero_digit_b_length
2026-09-04T16:07:02.9608005Z 
2026-09-04T16:07:02.9608623Z 29: Test command: C:\openfhe-2023-1788\project-build-33892550947-1\relin2_test.exe "key_bv_nonzero_digit_b_length"
2026-09-04T16:07:02.9609495Z 29: Working Directory: C:/openfhe-2023-1788/project-build-33892550947-1
2026-09-04T16:07:02.9609912Z 29: Test timeout computed to be: 10000000
2026-09-04T16:07:02.9799552Z 29: Relin2 case passed: key_bv_nonzero_digit_b_length
2026-09-04T16:07:02.9808880Z 29/57 Test #29: relin2_key_bv_nonzero_digit_b_length ............   Passed    0.02 sec
2026-09-04T16:07:02.9811824Z test 30
2026-09-04T16:07:02.9812204Z       Start 30: relin2_key_bv_zero_digit_entry_basis
2026-09-04T16:07:02.9813029Z 
2026-09-04T16:07:02.9813665Z 30: Test command: C:\openfhe-2023-1788\project-build-33892550947-1\relin2_test.exe "key_bv_zero_digit_entry_basis"
2026-09-04T16:07:02.9814654Z 30: Working Directory: C:/openfhe-2023-1788/project-build-33892550947-1
2026-09-04T16:07:02.9815069Z 30: Test timeout computed to be: 10000000
2026-09-04T16:07:02.9962758Z 30: Relin2 case passed: key_bv_zero_digit_entry_basis
2026-09-04T16:07:02.9971581Z 30/57 Test #30: relin2_key_bv_zero_digit_entry_basis ............   Passed    0.02 sec
2026-09-04T16:07:02.9975115Z test 31
2026-09-04T16:07:02.9975769Z       Start 31: relin2_key_bv_nonzero_digit_entry_basis
2026-09-04T16:07:02.9976440Z 
2026-09-04T16:07:02.9977013Z 31: Test command: C:\openfhe-2023-1788\project-build-33892550947-1\relin2_test.exe "key_bv_nonzero_digit_entry_basis"
2026-09-04T16:07:02.9977933Z 31: Working Directory: C:/openfhe-2023-1788/project-build-33892550947-1
2026-09-04T16:07:02.9978353Z 31: Test timeout computed to be: 10000000
2026-09-04T16:07:03.0172157Z 31: Relin2 case passed: key_bv_nonzero_digit_entry_basis
2026-09-04T16:07:03.0181618Z 31/57 Test #31: relin2_key_bv_nonzero_digit_entry_basis .........   Passed    0.02 sec
2026-09-04T16:07:03.0184565Z test 32
2026-09-04T16:07:03.0184981Z       Start 32: relin2_key_bv_zero_digit_entry_format
2026-09-04T16:07:03.0185940Z 
2026-09-04T16:07:03.0186526Z 32: Test command: C:\openfhe-2023-1788\project-build-33892550947-1\relin2_test.exe "key_bv_zero_digit_entry_format"
2026-09-04T16:07:03.0187445Z 32: Working Directory: C:/openfhe-2023-1788/project-build-33892550947-1
2026-09-04T16:07:03.0187837Z 32: Test timeout computed to be: 10000000
2026-09-04T16:07:03.0336635Z 32: Relin2 case passed: key_bv_zero_digit_entry_format
2026-09-04T16:07:03.0345756Z 32/57 Test #32: relin2_key_bv_zero_digit_entry_format ...........   Passed    0.02 sec
2026-09-04T16:07:03.0348786Z test 33
2026-09-04T16:07:03.0349235Z       Start 33: relin2_key_bv_nonzero_digit_entry_format
2026-09-04T16:07:03.0350120Z 
2026-09-04T16:07:03.0350726Z 33: Test command: C:\openfhe-2023-1788\project-build-33892550947-1\relin2_test.exe "key_bv_nonzero_digit_entry_format"
2026-09-04T16:07:03.0351645Z 33: Working Directory: C:/openfhe-2023-1788/project-build-33892550947-1
2026-09-04T16:07:03.0352045Z 33: Test timeout computed to be: 10000000
2026-09-04T16:07:03.0544468Z 33: Relin2 case passed: key_bv_nonzero_digit_entry_format
2026-09-04T16:07:03.0553687Z 33/57 Test #33: relin2_key_bv_nonzero_digit_entry_format ........   Passed    0.02 sec
2026-09-04T16:07:03.0556767Z test 34
2026-09-04T16:07:03.0557181Z       Start 34: relin2_valid_arithmetic_state_immutability
2026-09-04T16:07:03.0558070Z 
2026-09-04T16:07:03.0558869Z 34: Test command: C:\openfhe-2023-1788\project-build-33892550947-1\relin2_test.exe "valid_arithmetic_state_immutability"
2026-09-04T16:07:03.0559711Z 34: Working Directory: C:/openfhe-2023-1788/project-build-33892550947-1
2026-09-04T16:07:03.0560122Z 34: Test timeout computed to be: 10000000
2026-09-04T16:07:03.0899693Z 34: Relin2 case passed: valid_arithmetic_state_immutability
2026-09-04T16:07:03.0908398Z 34/57 Test #34: relin2_valid_arithmetic_state_immutability ......   Passed    0.03 sec
2026-09-04T16:07:03.0911844Z test 35
2026-09-04T16:07:03.0912243Z       Start 35: relin2_controlled_witnesses_and_boundaries
2026-09-04T16:07:03.0912833Z 
2026-09-04T16:07:03.0913475Z 35: Test command: C:\openfhe-2023-1788\project-build-33892550947-1\relin2_test.exe "controlled_witnesses_and_boundaries"
2026-09-04T16:07:03.0914186Z 35: Working Directory: C:/openfhe-2023-1788/project-build-33892550947-1
2026-09-04T16:07:03.0914590Z 35: Test timeout computed to be: 10000000
2026-09-04T16:07:03.1185482Z 35: Relin2 case passed: controlled_witnesses_and_boundaries
2026-09-04T16:07:03.1195111Z 35/57 Test #35: relin2_controlled_witnesses_and_boundaries ......   Passed    0.03 sec
2026-09-04T16:07:03.1198161Z test 36
2026-09-04T16:07:03.1198506Z       Start 36: relin2_representative_public_input
2026-09-04T16:07:03.1199488Z 
2026-09-04T16:07:03.1200348Z 36: Test command: C:\openfhe-2023-1788\project-build-33892550947-1\relin2_test.exe "representative_public_input"
2026-09-04T16:07:03.1201003Z 36: Working Directory: C:/openfhe-2023-1788/project-build-33892550947-1
2026-09-04T16:07:03.1201406Z 36: Test timeout computed to be: 10000000
2026-09-04T16:07:03.1534769Z 36: Relin2 case passed: representative_public_input
2026-09-04T16:07:03.1544198Z 36/57 Test #36: relin2_representative_public_input ..............   Passed    0.03 sec
2026-09-04T16:07:03.1547363Z test 37
2026-09-04T16:07:03.1547681Z       Start 37: relin2_key_extra_later_valid
2026-09-04T16:07:03.1548642Z 
2026-09-04T16:07:03.1549286Z 37: Test command: C:\openfhe-2023-1788\project-build-33892550947-1\relin2_test.exe "key_extra_later_valid"
2026-09-04T16:07:03.1549917Z 37: Working Directory: C:/openfhe-2023-1788/project-build-33892550947-1
2026-09-04T16:07:03.1550307Z 37: Test timeout computed to be: 10000000
2026-09-04T16:07:03.1893608Z 37: Relin2 case passed: key_extra_later_valid
2026-09-04T16:07:03.1902894Z 37/57 Test #37: relin2_key_extra_later_valid ....................   Passed    0.04 sec
2026-09-04T16:07:03.1906170Z test 38
2026-09-04T16:07:03.1906521Z       Start 38: relin2_key_malformed_later_ignored
2026-09-04T16:07:03.1907382Z 
2026-09-04T16:07:03.1907999Z 38: Test command: C:\openfhe-2023-1788\project-build-33892550947-1\relin2_test.exe "key_malformed_later_ignored"
2026-09-04T16:07:03.1908646Z 38: Working Directory: C:/openfhe-2023-1788/project-build-33892550947-1
2026-09-04T16:07:03.1909064Z 38: Test timeout computed to be: 10000000
2026-09-04T16:07:03.2248974Z 38: Relin2 case passed: key_malformed_later_ignored
2026-09-04T16:07:03.2258422Z 38/57 Test #38: relin2_key_malformed_later_ignored ..............   Passed    0.03 sec
2026-09-04T16:07:03.2261340Z test 39
2026-09-04T16:07:03.2261665Z       Start 39: relin2_hybrid_valid_shapes
2026-09-04T16:07:03.2262634Z 
2026-09-04T16:07:03.2263267Z 39: Test command: C:\openfhe-2023-1788\project-build-33892550947-1\relin2_test.exe "hybrid_valid_shapes"
2026-09-04T16:07:03.2264019Z 39: Working Directory: C:/openfhe-2023-1788/project-build-33892550947-1
2026-09-04T16:07:03.2264423Z 39: Test timeout computed to be: 10000000
2026-09-04T16:07:03.2600720Z 39: Relin2 case passed: hybrid_valid_shapes
2026-09-04T16:07:03.2609560Z 39/57 Test #39: relin2_hybrid_valid_shapes ......................   Passed    0.03 sec
2026-09-04T16:07:03.2612582Z test 40
2026-09-04T16:07:03.2612943Z       Start 40: relin2_bv_zero_digit_valid_shapes
2026-09-04T16:07:03.2613397Z 
2026-09-04T16:07:03.2614221Z 40: Test command: C:\openfhe-2023-1788\project-build-33892550947-1\relin2_test.exe "bv_zero_digit_valid_shapes"
2026-09-04T16:07:03.2614983Z 40: Working Directory: C:/openfhe-2023-1788/project-build-33892550947-1
2026-09-04T16:07:03.2615388Z 40: Test timeout computed to be: 10000000
2026-09-04T16:07:03.2880787Z 40: Relin2 case passed: bv_zero_digit_valid_shapes
2026-09-04T16:07:03.2889977Z 40/57 Test #40: relin2_bv_zero_digit_valid_shapes ...............   Passed    0.03 sec
2026-09-04T16:07:03.2893080Z test 41
2026-09-04T16:07:03.2893434Z       Start 41: relin2_bv_nonzero_digit_valid_shapes
2026-09-04T16:07:03.2894397Z 
2026-09-04T16:07:03.2895261Z 41: Test command: C:\openfhe-2023-1788\project-build-33892550947-1\relin2_test.exe "bv_nonzero_digit_valid_shapes"
2026-09-04T16:07:03.2896058Z 41: Working Directory: C:/openfhe-2023-1788/project-build-33892550947-1
2026-09-04T16:07:03.2896466Z 41: Test timeout computed to be: 10000000
2026-09-04T16:07:03.3282314Z 41: Relin2 case passed: bv_nonzero_digit_valid_shapes
2026-09-04T16:07:03.3291531Z 41/57 Test #41: relin2_bv_nonzero_digit_valid_shapes ............   Passed    0.04 sec
2026-09-04T16:07:03.3294997Z test 42
2026-09-04T16:07:03.3295359Z       Start 42: relin2_first_recombined_rcb_validation
2026-09-04T16:07:03.3296314Z 
2026-09-04T16:07:03.3297165Z 42: Test command: C:\openfhe-2023-1788\project-build-33892550947-1\relin2_test.exe "first_recombined_rcb_validation"
2026-09-04T16:07:03.3297851Z 42: Working Directory: C:/openfhe-2023-1788/project-build-33892550947-1
2026-09-04T16:07:03.3298255Z 42: Test timeout computed to be: 10000000
2026-09-04T16:07:03.3401360Z 42: Relin2 case passed: first_recombined_rcb_validation
2026-09-04T16:07:03.3410267Z 42/57 Test #42: relin2_first_recombined_rcb_validation ..........   Passed    0.01 sec
2026-09-04T16:07:03.3413950Z test 43
2026-09-04T16:07:03.3414339Z       Start 43: relin2_first_recombined_tensor2_validation
2026-09-04T16:07:03.3415252Z 
2026-09-04T16:07:03.3415931Z 43: Test command: C:\openfhe-2023-1788\project-build-33892550947-1\relin2_test.exe "first_recombined_tensor2_validation"
2026-09-04T16:07:03.3416626Z 43: Working Directory: C:/openfhe-2023-1788/project-build-33892550947-1
2026-09-04T16:07:03.3417015Z 43: Test timeout computed to be: 10000000
2026-09-04T16:07:03.3526380Z 43: Relin2 case passed: first_recombined_tensor2_validation
2026-09-04T16:07:03.3535475Z 43/57 Test #43: relin2_first_recombined_tensor2_validation ......   Passed    0.01 sec
2026-09-04T16:07:03.3538421Z test 44
2026-09-04T16:07:03.3538793Z       Start 44: relin2_tensor2_requires_first_lifecycle
2026-09-04T16:07:03.3539451Z 
2026-09-04T16:07:03.3540056Z 44: Test command: C:\openfhe-2023-1788\project-build-33892550947-1\relin2_test.exe "tensor2_requires_first_lifecycle"
2026-09-04T16:07:03.3540737Z 44: Working Directory: C:/openfhe-2023-1788/project-build-33892550947-1
2026-09-04T16:07:03.3541136Z 44: Test timeout computed to be: 10000000
2026-09-04T16:07:03.3727825Z 44: Relin2 case passed: tensor2_requires_first_lifecycle
2026-09-04T16:07:03.3736444Z 44/57 Test #44: relin2_tensor2_requires_first_lifecycle .........   Passed    0.02 sec
2026-09-04T16:07:03.3739532Z test 45
2026-09-04T16:07:03.3739839Z       Start 45: rs2_wrong_lifecycle
2026-09-04T16:07:03.3741021Z 
2026-09-04T16:07:03.3741669Z 45: Test command: C:\openfhe-2023-1788\project-build-33892550947-1\rs2_test.exe "wrong_lifecycle"
2026-09-04T16:07:03.3742704Z 45: Working Directory: C:/openfhe-2023-1788/project-build-33892550947-1
2026-09-04T16:07:03.3743398Z 45: Test timeout computed to be: 10000000
2026-09-04T16:07:03.3853774Z 45: RS2 case passed: wrong_lifecycle
2026-09-04T16:07:03.3862838Z 45/57 Test #45: rs2_wrong_lifecycle .............................   Passed    0.01 sec
2026-09-04T16:07:03.3865872Z test 46
2026-09-04T16:07:03.3866228Z       Start 46: rs2_valid_arithmetic_state_immutability
2026-09-04T16:07:03.3867142Z 
2026-09-04T16:07:03.3867973Z 46: Test command: C:\openfhe-2023-1788\project-build-33892550947-1\rs2_test.exe "valid_arithmetic_state_immutability"
2026-09-04T16:07:03.3869269Z 46: Working Directory: C:/openfhe-2023-1788/project-build-33892550947-1
2026-09-04T16:07:03.3869700Z 46: Test timeout computed to be: 10000000
2026-09-04T16:07:03.4087301Z 46: RS2 case passed: valid_arithmetic_state_immutability
2026-09-04T16:07:03.4097394Z 46/57 Test #46: rs2_valid_arithmetic_state_immutability .........   Passed    0.02 sec
2026-09-04T16:07:03.4100375Z test 47
2026-09-04T16:07:03.4100694Z       Start 47: rs2_mixed_tower_format
2026-09-04T16:07:03.4101629Z 
2026-09-04T16:07:03.4102214Z 47: Test command: C:\openfhe-2023-1788\project-build-33892550947-1\rs2_test.exe "mixed_tower_format"
2026-09-04T16:07:03.4102968Z 47: Working Directory: C:/openfhe-2023-1788/project-build-33892550947-1
2026-09-04T16:07:03.4103371Z 47: Test timeout computed to be: 10000000
2026-09-04T16:07:03.4324468Z 47: RS2 case passed: mixed_tower_format
2026-09-04T16:07:03.4334319Z 47/57 Test #47: rs2_mixed_tower_format ..........................   Passed    0.02 sec
2026-09-04T16:07:03.4337393Z test 48
2026-09-04T16:07:03.4337734Z       Start 48: rs2_untouched_public_pipeline
2026-09-04T16:07:03.4338653Z 
2026-09-04T16:07:03.4339268Z 48: Test command: C:\openfhe-2023-1788\project-build-33892550947-1\rs2_test.exe "untouched_public_pipeline"
2026-09-04T16:07:03.4339905Z 48: Working Directory: C:/openfhe-2023-1788/project-build-33892550947-1
2026-09-04T16:07:03.4340300Z 48: Test timeout computed to be: 10000000
2026-09-04T16:07:03.4662639Z 48: RS2 case passed: untouched_public_pipeline
2026-09-04T16:07:03.4672788Z 48/57 Test #48: rs2_untouched_public_pipeline ...................   Passed    0.03 sec
2026-09-04T16:07:03.4675819Z test 49
2026-09-04T16:07:03.4676136Z       Start 49: rs2_declared_basis_mismatch
2026-09-04T16:07:03.4677118Z 
2026-09-04T16:07:03.4677923Z 49: Test command: C:\openfhe-2023-1788\project-build-33892550947-1\rs2_test.exe "declared_basis_mismatch"
2026-09-04T16:07:03.4678735Z 49: Working Directory: C:/openfhe-2023-1788/project-build-33892550947-1
2026-09-04T16:07:03.4679159Z 49: Test timeout computed to be: 10000000
2026-09-04T16:07:03.4908003Z 49: RS2 case passed: declared_basis_mismatch
2026-09-04T16:07:03.4917358Z 49/57 Test #49: rs2_declared_basis_mismatch .....................   Passed    0.02 sec
2026-09-04T16:07:03.4920464Z test 50
2026-09-04T16:07:03.4920774Z       Start 50: rs2_terminal_rejections
2026-09-04T16:07:03.4921731Z 
2026-09-04T16:07:03.4922310Z 50: Test command: C:\openfhe-2023-1788\project-build-33892550947-1\rs2_test.exe "terminal_rejections"
2026-09-04T16:07:03.4923076Z 50: Working Directory: C:/openfhe-2023-1788/project-build-33892550947-1
2026-09-04T16:07:03.4923468Z 50: Test timeout computed to be: 10000000
2026-09-04T16:07:03.5099590Z 50: RS2 case passed: terminal_rejections
2026-09-04T16:07:03.5109033Z 50/57 Test #50: rs2_terminal_rejections .........................   Passed    0.02 sec
2026-09-04T16:07:03.5112501Z test 51
2026-09-04T16:07:03.5112819Z       Start 51: mult2_composition_contract
2026-09-04T16:07:03.5114017Z 
2026-09-04T16:07:03.5114779Z 51: Test command: C:\openfhe-2023-1788\project-build-33892550947-1\mult2_test.exe "composition_contract"
2026-09-04T16:07:03.5115989Z 51: Working Directory: C:/openfhe-2023-1788/project-build-33892550947-1
2026-09-04T16:07:03.5116732Z 51: Test timeout computed to be: 10000000
2026-09-04T16:07:03.5358380Z 51: security_level=HEStd_NotSet(functional-only) ring_dimension=64 batch_size=16 scaling_mod_size=30 first_mod_size=35 multiplicative_depth=7 key_switch=HYBRID secret_key_dist=UNIFORM_TERNARY ckks_data_type=REAL active_Q_l_towers=7 q_div=1073741953 q_l=1073741441 ratio_2^(2p)/(q_div*q_l)=1.00000023655603276 frozen_decoded_abs_tolerance=0.00100000000000000002 measured_max_logical_slot_error=9.15439365284376194e-09
2026-09-04T16:07:03.5367246Z 51/57 Test #51: mult2_composition_contract ......................   Passed    0.02 sec
2026-09-04T16:07:03.5370633Z test 52
2026-09-04T16:07:03.5370941Z       Start 52: mult2_e2e_hybrid_real
2026-09-04T16:07:03.5372138Z 
2026-09-04T16:07:03.5373378Z 52: Test command: C:\openfhe-2023-1788\project-build-33892550947-1\mult2_e2e_oracle_test.exe "hybrid_real"
2026-09-04T16:07:03.5374039Z 52: Working Directory: C:/openfhe-2023-1788/project-build-33892550947-1
2026-09-04T16:07:03.5374447Z 52: Test timeout computed to be: 10000000
2026-09-04T16:07:03.6082013Z 52: [RELIN2-EXECUTION] q_div=1073741953 q_l=1073741441 ordinary_combined_relin_execution_error=10 pair_relin_execution_error=19 high_path_relin_error=11 low_path_relin_error=10 execution_relin2_triangle_bound=21 paper_additivity_residual=12 paper_additivity_execution_observed=true secret_h=35 input_Q_l=52656049226897061758347970843194892279389197066160739197584863617 oracle_basis_agreement=true
2026-09-04T16:07:03.6093178Z 52: case=hybrid_real security_level=HEStd_NotSet(functional-only) key_switch=HYBRID secret_key_dist=UNIFORM_TERNARY ckks_data_type=REAL selected_ring_dimension=64 actual_N=64 batch_size=16 host_vector_length=8 encoding_noise_scale_degree=2 encoding_level=0 scaling_technique=FIXEDMANUAL digit_size=0 max_relin_sk_deg=2 scaling_mod_size=30 first_mod_size=35 multiplicative_depth=7 active_Q_l_towers=7 Q_l_bits=215 preselection_required_bits=174 selection_reserve_bits=32 q_div=1073741953 q_l=1073741441 ratio_2^(2p)/(q_div*q_l)=1.00000023655603276 descriptor_ratio=1.00000023655603276 M_high=107367068 M_low=4850483227 secret_h=35 ordinary_combined_relin_execution_error=10 pair_relin_execution_error=19 high_path_relin_error=11 low_path_relin_error=10 execution_relin2_triangle_bound=21 paper_additivity_residual=12 paper_additivity_execution_observed=true execution_certificate=PER_PATH_CONDITIONAL conservative_E_Relin_available=false universal_theorem_gate=UNPROVED execution_nonwrap_left=850593464826523137885869324518077525 execution_nonwrap_right_Q_l_over_2=26328024613448530879173985421597446139694598533080369598792431808 coefficient_error=95125993617811925742/1152921231876374273 execution_bound=3052985168924913327566/2305842463752748546 fixed_key_bv_bound_available=false frozen_decoded_abs_tolerance=0.00100000000000000002 measured_recorded_bias_error=1.33622742833394018e-08 measured_logical_slot_error=1.3362271122413613e-08
2026-09-04T16:07:03.6103106Z 52/57 Test #52: mult2_e2e_hybrid_real ...........................   Passed    0.07 sec
2026-09-04T16:07:03.6103757Z test 53
2026-09-04T16:07:03.6104059Z       Start 53: mult2_e2e_hybrid_complex
2026-09-04T16:07:03.6104357Z 
2026-09-04T16:07:03.6104904Z 53: Test command: C:\openfhe-2023-1788\project-build-33892550947-1\mult2_e2e_oracle_test.exe "hybrid_complex"
2026-09-04T16:07:03.6105996Z 53: Working Directory: C:/openfhe-2023-1788/project-build-33892550947-1
2026-09-04T16:07:03.6106674Z 53: Test timeout computed to be: 10000000
2026-09-04T16:07:03.6823570Z 53: [RELIN2-EXECUTION] q_div=1073741953 q_l=1073741441 ordinary_combined_relin_execution_error=13 pair_relin_execution_error=24 high_path_relin_error=12 low_path_relin_error=14 execution_relin2_triangle_bound=26 paper_additivity_residual=14 paper_additivity_execution_observed=true secret_h=42 input_Q_l=52656049226897061758347970843194892279389197066160739197584863617 oracle_basis_agreement=true
2026-09-04T16:07:03.6834844Z 53: case=hybrid_complex security_level=HEStd_NotSet(functional-only) key_switch=HYBRID secret_key_dist=UNIFORM_TERNARY ckks_data_type=COMPLEX selected_ring_dimension=64 actual_N=64 batch_size=16 host_vector_length=8 encoding_noise_scale_degree=2 encoding_level=0 scaling_technique=FIXEDMANUAL digit_size=0 max_relin_sk_deg=2 scaling_mod_size=30 first_mod_size=35 multiplicative_depth=7 active_Q_l_towers=7 Q_l_bits=215 preselection_required_bits=174 selection_reserve_bits=32 q_div=1073741953 q_l=1073741441 ratio_2^(2p)/(q_div*q_l)=1.00000023655603276 descriptor_ratio=1.00000023655603276 M_high=88152832 M_low=5982241583 secret_h=42 ordinary_combined_relin_execution_error=13 pair_relin_execution_error=24 high_path_relin_error=12 low_path_relin_error=14 execution_relin2_triangle_bound=26 paper_additivity_residual=14 paper_additivity_execution_observed=true execution_certificate=PER_PATH_CONDITIONAL conservative_E_Relin_available=false universal_theorem_gate=UNPROVED execution_nonwrap_left=573393032133941043975298751830108250 execution_nonwrap_right_Q_l_over_2=26328024613448530879173985421597446139694598533080369598792431808 coefficient_error=102920581242832386433/1152921231876374273 execution_bound=4630339050770434949087/2305842463752748546 fixed_key_bv_bound_available=false frozen_decoded_abs_tolerance=0.00100000000000000002 measured_recorded_bias_error=1.32248381329044546e-09 measured_logical_slot_error=1.32248350020429484e-09
2026-09-04T16:07:03.6844875Z 53/57 Test #53: mult2_e2e_hybrid_complex ........................   Passed    0.07 sec
2026-09-04T16:07:03.6845536Z test 54
2026-09-04T16:07:03.6845843Z       Start 54: mult2_e2e_bv_real
2026-09-04T16:07:03.6846142Z 
2026-09-04T16:07:03.6846663Z 54: Test command: C:\openfhe-2023-1788\project-build-33892550947-1\mult2_e2e_oracle_test.exe "bv_real"
2026-09-04T16:07:03.6847729Z 54: Working Directory: C:/openfhe-2023-1788/project-build-33892550947-1
2026-09-04T16:07:03.6848413Z 54: Test timeout computed to be: 10000000
2026-09-04T16:07:03.7653275Z 54: [RELIN2-EXECUTION] q_div=1073741953 q_l=1073741441 ordinary_combined_relin_execution_error=207187409116 pair_relin_execution_error=236335052695 high_path_relin_error=218655018622 low_path_relin_error=194411032206 execution_relin2_triangle_bound=413066050828 paper_additivity_residual=275951596169 paper_additivity_execution_observed=false secret_h=39 input_Q_l=52656049226897061758347970843194892279389197066160739197584863617 oracle_basis_agreement=true
2026-09-04T16:07:03.7670792Z 54: case=bv_real security_level=HEStd_NotSet(functional-only) key_switch=BV secret_key_dist=UNIFORM_TERNARY ckks_data_type=REAL selected_ring_dimension=64 actual_N=64 batch_size=16 host_vector_length=8 encoding_noise_scale_degree=2 encoding_level=0 scaling_technique=FIXEDMANUAL digit_size=0 max_relin_sk_deg=2 scaling_mod_size=30 first_mod_size=35 multiplicative_depth=7 active_Q_l_towers=7 Q_l_bits=215 preselection_required_bits=174 selection_reserve_bits=32 q_div=1073741953 q_l=1073741441 ratio_2^(2p)/(q_div*q_l)=1.00000023655603276 descriptor_ratio=1.00000023655603276 M_high=107367068 M_low=4602674115 secret_h=39 ordinary_combined_relin_execution_error=207187409116 pair_relin_execution_error=236335052695 high_path_relin_error=218655018622 low_path_relin_error=194411032206 execution_relin2_triangle_bound=413066050828 paper_additivity_residual=275951596169 paper_additivity_execution_observed=false execution_certificate=PER_PATH_CONDITIONAL conservative_E_Relin_available=false universal_theorem_gate=UNPROVED execution_nonwrap_left=850593461169747840757711359227366732 execution_nonwrap_right_Q_l_over_2=26328024613448530879173985421597446139694598533080369598792431808 coefficient_error=317600299657541999729/1152921231876374273 execution_bound=3644799498681215197888/2305842463752748546 fixed_key_bv_bound_available=true fixed_key_bv_bound_status=CANDIDATE_FIXED_KEY_CIPHERTEXT_UNIFORM_CONDITIONAL_ON_CENTERED_DIGIT_LIFT fixed_key_bv_noise_scale=1 fixed_key_bv_active_rows=7 fixed_key_bv_raised_high_q_div_digit=ZERO fixed_key_bv_row_residual_norms=2,3,2,2,2,3,2 fixed_key_bv_per_path_raw_bound=2680059445248 fixed_key_bv_pair_raw_bound=5360118890496 fixed_key_bv_integer_lift_nonwrap=true fixed_key_bv_conservative_nonwrap_left=850593461169747840757716306280206400 fixed_key_bv_conservative_bound=14268515853999843581096/2305842463752748546 fixed_key_bv_final_integer_lift=1701186922339509950031275892166212904<56539009134152591222370164266759140395695978104921302317938424343356224001 fixed_key_bv_unconditional_gaussian_key_bound=false fixed_key_bv_universal_theorem_gate=UNPROVED centered_digit_boundary_probe=PASSED frozen_decoded_abs_tolerance=0.00100000000000000002 measured_recorded_bias_error=8.06849650286656228e-09 measured_logical_slot_error=8.0684945877318448e-09
2026-09-04T16:07:03.7686267Z 54/57 Test #54: mult2_e2e_bv_real ...............................   Passed    0.08 sec
2026-09-04T16:07:03.7686912Z test 55
2026-09-04T16:07:03.7687282Z       Start 55: mult2_e2e_bv_complex
2026-09-04T16:07:03.7687484Z 
2026-09-04T16:07:03.7687807Z 55: Test command: C:\openfhe-2023-1788\project-build-33892550947-1\mult2_e2e_oracle_test.exe "bv_complex"
2026-09-04T16:07:03.7688434Z 55: Working Directory: C:/openfhe-2023-1788/project-build-33892550947-1
2026-09-04T16:07:03.7688834Z 55: Test timeout computed to be: 10000000
2026-09-04T16:07:03.8464619Z 55: [RELIN2-EXECUTION] q_div=1073741953 q_l=1073741441 ordinary_combined_relin_execution_error=168034700935 pair_relin_execution_error=221084745413 high_path_relin_error=179400542629 low_path_relin_error=222697252822 execution_relin2_triangle_bound=402097795451 paper_additivity_residual=286689051795 paper_additivity_execution_observed=false secret_h=42 input_Q_l=52656049226897061758347970843194892279389197066160739197584863617 oracle_basis_agreement=true
2026-09-04T16:07:03.8475157Z 55: case=bv_complex security_level=HEStd_NotSet(functional-only) key_switch=BV secret_key_dist=UNIFORM_TERNARY ckks_data_type=COMPLEX selected_ring_dimension=64 actual_N=64 batch_size=16 host_vector_length=8 encoding_noise_scale_degree=2 encoding_level=0 scaling_technique=FIXEDMANUAL digit_size=0 max_relin_sk_deg=2 scaling_mod_size=30 first_mod_size=35 multiplicative_depth=7 active_Q_l_towers=7 Q_l_bits=215 preselection_required_bits=174 selection_reserve_bits=32 q_div=1073741953 q_l=1073741441 ratio_2^(2p)/(q_div*q_l)=1.00000023655603276 descriptor_ratio=1.00000023655603276 M_high=88152833 M_low=6442451739 secret_h=42 ordinary_combined_relin_execution_error=168034700935 pair_relin_execution_error=221084745413 high_path_relin_error=179400542629 low_path_relin_error=222697252822 execution_relin2_triangle_bound=402097795451 paper_additivity_residual=286689051795 paper_additivity_execution_observed=false execution_certificate=PER_PATH_CONDITIONAL conservative_E_Relin_available=false universal_theorem_gate=UNPROVED execution_nonwrap_left=573393050718745356849240817627379067 execution_nonwrap_right_Q_l_over_2=26328024613448530879173985421597446139694598533080369598792431808 coefficient_error=349485535041787338500/1152921231876374273 execution_bound=6225737761735834492833/2305842463752748546 fixed_key_bv_bound_available=true fixed_key_bv_bound_status=CANDIDATE_FIXED_KEY_CIPHERTEXT_UNIFORM_CONDITIONAL_ON_CENTERED_DIGIT_LIFT fixed_key_bv_noise_scale=1 fixed_key_bv_active_rows=7 fixed_key_bv_raised_high_q_div_digit=ZERO fixed_key_bv_row_residual_norms=3,3,3,2,3,3,3 fixed_key_bv_per_path_raw_bound=3882650050560 fixed_key_bv_pair_raw_bound=7765300101120 fixed_key_bv_integer_lift_nonwrap=true fixed_key_bv_conservative_nonwrap_left=573393050718745356849248180829684736 fixed_key_bv_conservative_bound=22038096209782104555947/2305842463752748546 fixed_key_bv_final_integer_lift=1146786101437512751794690613163723179<56539009134152591222370164266759140395695978104921302317938424343356224001 fixed_key_bv_unconditional_gaussian_key_bound=false fixed_key_bv_universal_theorem_gate=UNPROVED centered_digit_boundary_probe=PASSED frozen_decoded_abs_tolerance=0.00100000000000000002 measured_recorded_bias_error=1.32248392335115729e-09 measured_logical_slot_error=1.32248361026496117e-09
2026-09-04T16:07:03.8484064Z 55/57 Test #55: mult2_e2e_bv_complex ............................   Passed    0.08 sec
2026-09-04T16:07:03.8484469Z test 56
2026-09-04T16:07:03.8484704Z       Start 56: mult2_pair_add_input_hybrid_complex
2026-09-04T16:07:03.8484924Z 
2026-09-04T16:07:03.8485300Z 56: Test command: C:\openfhe-2023-1788\project-build-33892550947-1\mult2_e2e_oracle_test.exe "pair_add_input_hybrid_complex"
2026-09-04T16:07:03.8485954Z 56: Working Directory: C:/openfhe-2023-1788/project-build-33892550947-1
2026-09-04T16:07:03.8486343Z 56: Test timeout computed to be: 10000000
2026-09-04T16:07:03.9337579Z 56: [RELIN2-EXECUTION] q_div=1073741953 q_l=1073741441 ordinary_combined_relin_execution_error=15 pair_relin_execution_error=29 high_path_relin_error=14 low_path_relin_error=16 execution_relin2_triangle_bound=30 paper_additivity_residual=23 paper_additivity_execution_observed=true secret_h=39 input_Q_l=52656049226897061758347970843194892279389197066160739197584863617 oracle_basis_agreement=true
2026-09-04T16:07:03.9344595Z 56: case=pair_add_input_hybrid_complex security_level=HEStd_NotSet(functional-only) key_switch=HYBRID secret_key_dist=UNIFORM_TERNARY ckks_data_type=COMPLEX selected_ring_dimension=64 actual_N=64 batch_size=16 host_vector_length=8 encoding_noise_scale_degree=2 encoding_level=0 scaling_technique=FIXEDMANUAL digit_size=0 max_relin_sk_deg=2 scaling_mod_size=30 first_mod_size=35 multiplicative_depth=7 active_Q_l_towers=7 Q_l_bits=215 preselection_required_bits=174 selection_reserve_bits=32 q_div=1073741953 q_l=1073741441 ratio_2^(2p)/(q_div*q_l)=1.00000023655603276 descriptor_ratio=1.00000023655603276 M_high=89261192 M_low=8754110351 secret_h=39 ordinary_combined_relin_execution_error=15 pair_relin_execution_error=29 high_path_relin_error=14 low_path_relin_error=16 execution_relin2_triangle_bound=30 paper_additivity_residual=23 paper_additivity_execution_observed=true execution_certificate=PER_PATH_CONDITIONAL conservative_E_Relin_available=false universal_theorem_gate=UNPROVED execution_nonwrap_left=587902438817381104546108855359931486 execution_nonwrap_right_Q_l_over_2=26328024613448530879173985421597446139694598533080369598792431808 coefficient_error=126423120430219615126/1152921231876374273 execution_bound=9855326198137603417828/2305842463752748546 fixed_key_bv_bound_available=false frozen_decoded_abs_tolerance=0.00100000000000000002 measured_recorded_bias_error=6.60321985531831228e-10 measured_logical_slot_error=6.60321829328718567e-10
2026-09-04T16:07:03.9350960Z 56/57 Test #56: mult2_pair_add_input_hybrid_complex .............   Passed    0.09 sec
2026-09-04T16:07:03.9351594Z test 57
2026-09-04T16:07:03.9351921Z       Start 57: mult2_pair_sub_input_hybrid_complex
2026-09-04T16:07:03.9352534Z 
2026-09-04T16:07:03.9353176Z 57: Test command: C:\openfhe-2023-1788\project-build-33892550947-1\mult2_e2e_oracle_test.exe "pair_sub_input_hybrid_complex"
2026-09-04T16:07:03.9353860Z 57: Working Directory: C:/openfhe-2023-1788/project-build-33892550947-1
2026-09-04T16:07:03.9354252Z 57: Test timeout computed to be: 10000000
2026-09-04T16:07:04.0212433Z 57: [RELIN2-EXECUTION] q_div=1073741953 q_l=1073741441 ordinary_combined_relin_execution_error=16 pair_relin_execution_error=26 high_path_relin_error=12 low_path_relin_error=18 execution_relin2_triangle_bound=30 paper_additivity_residual=20 paper_additivity_execution_observed=true secret_h=44 input_Q_l=52656049226897061758347970843194892279389197066160739197584863617 oracle_basis_agreement=true
2026-09-04T16:07:04.0219444Z 57: case=pair_sub_input_hybrid_complex security_level=HEStd_NotSet(functional-only) key_switch=HYBRID secret_key_dist=UNIFORM_TERNARY ckks_data_type=COMPLEX selected_ring_dimension=64 actual_N=64 batch_size=16 host_vector_length=8 encoding_noise_scale_degree=2 encoding_level=0 scaling_technique=FIXEDMANUAL digit_size=0 max_relin_sk_deg=2 scaling_mod_size=30 first_mod_size=35 multiplicative_depth=7 active_Q_l_towers=7 Q_l_bits=215 preselection_required_bits=174 selection_reserve_bits=32 q_div=1073741953 q_l=1073741441 ratio_2^(2p)/(q_div*q_l)=1.00000023655603276 descriptor_ratio=1.00000023655603276 M_high=89261194 M_low=7516193679 secret_h=44 ordinary_combined_relin_execution_error=16 pair_relin_execution_error=26 high_path_relin_error=12 low_path_relin_error=18 execution_relin2_triangle_bound=30 paper_additivity_residual=20 paper_additivity_execution_observed=true execution_certificate=PER_PATH_CONDITIONAL conservative_E_Relin_available=false universal_theorem_gate=UNPROVED execution_nonwrap_left=587902449975922340091252757238062174 execution_nonwrap_right_Q_l_over_2=26328024613448530879173985421597446139694598533080369598792431808 coefficient_error=199650150147154405759/1152921231876374273 execution_bound=7283006885289524404713/2305842463752748546 fixed_key_bv_bound_available=false frozen_decoded_abs_tolerance=0.00100000000000000002 measured_recorded_bias_error=8.52649283713110729e-10 measured_logical_slot_error=8.5264908066927647e-10
2026-09-04T16:07:04.0229660Z 57/57 Test #57: mult2_pair_sub_input_hybrid_complex .............   Passed    0.09 sec
2026-09-04T16:07:04.0239338Z 
2026-09-04T16:07:04.0239668Z 100% tests passed out of 57
2026-09-04T16:07:04.0239961Z 
2026-09-04T16:07:04.0240129Z Total Test time (real) =   2.49 sec
2026-09-04T16:07:04.0430442Z ##[group]Run build="$(cygpath -u "$PROJECT_BUILD")"
2026-09-04T16:07:04.0430943Z [36;1mbuild="$(cygpath -u "$PROJECT_BUILD")"[0m
2026-09-04T16:07:04.0431379Z [36;1mcmake --build "$build" --target mult2_api_contract_test --parallel 2[0m
2026-09-04T16:07:04.0433284Z shell: D:\a\_temp\setup-msys2\msys2.CMD {0}
2026-09-04T16:07:04.0433568Z env:
2026-09-04T16:07:04.0433827Z   OPENFHE_COMMIT: df495ba2e91739a6dc8f1de254fc5a41155ce504
2026-09-04T16:07:04.0434213Z   OPENFHE_PREFIX: C:\openfhe-2023-1788\openfhe-install
2026-09-04T16:07:04.0434545Z   WINDOWS_ROOT: C:\openfhe-2023-1788
2026-09-04T16:07:04.0434837Z   PROJECT_SOURCE: C:\openfhe-2023-1788\cleanroom
2026-09-04T16:07:04.0435158Z   OPENFHE_SOURCE: C:\openfhe-2023-1788\openfhe-src
2026-09-04T16:07:04.0435543Z   OPENFHE_BUILD: C:\openfhe-2023-1788\openfhe-build-33892550947-1
2026-09-04T16:07:04.0435978Z   PROJECT_BUILD: C:\openfhe-2023-1788\project-build-33892550947-1
2026-09-04T16:07:04.0436311Z   MSYSTEM: MINGW64
2026-09-04T16:07:04.0436526Z ##[endgroup]
2026-09-04T16:07:07.3923616Z [1/2] Building CXX object CMakeFiles/mult2_api_contract_test.dir/tests/mult2_api_contract_test.cpp.obj
2026-09-04T16:07:07.4735668Z [2/2] Linking CXX executable mult2_api_contract_test.exe
2026-09-04T16:07:07.4948108Z ##[group]Run build="$(cygpath -u "$PROJECT_BUILD")"
2026-09-04T16:07:07.4948584Z [36;1mbuild="$(cygpath -u "$PROJECT_BUILD")"[0m
2026-09-04T16:07:07.4949021Z [36;1mcmake --build "$build" --target add_api_contract_test --parallel 2[0m
2026-09-04T16:07:07.4950877Z shell: D:\a\_temp\setup-msys2\msys2.CMD {0}
2026-09-04T16:07:07.4951168Z env:
2026-09-04T16:07:07.4951432Z   OPENFHE_COMMIT: df495ba2e91739a6dc8f1de254fc5a41155ce504
2026-09-04T16:07:07.4951814Z   OPENFHE_PREFIX: C:\openfhe-2023-1788\openfhe-install
2026-09-04T16:07:07.4952139Z   WINDOWS_ROOT: C:\openfhe-2023-1788
2026-09-04T16:07:07.4952430Z   PROJECT_SOURCE: C:\openfhe-2023-1788\cleanroom
2026-09-04T16:07:07.4952755Z   OPENFHE_SOURCE: C:\openfhe-2023-1788\openfhe-src
2026-09-04T16:07:07.4953129Z   OPENFHE_BUILD: C:\openfhe-2023-1788\openfhe-build-33892550947-1
2026-09-04T16:07:07.4953558Z   PROJECT_BUILD: C:\openfhe-2023-1788\project-build-33892550947-1
2026-09-04T16:07:07.4953895Z   MSYSTEM: MINGW64
2026-09-04T16:07:07.4954118Z ##[endgroup]
2026-09-04T16:07:10.8631632Z [1/2] Building CXX object CMakeFiles/add_api_contract_test.dir/tests/add_api_contract_test.cpp.obj
2026-09-04T16:07:10.9451326Z [2/2] Linking CXX executable add_api_contract_test.exe
2026-09-04T16:07:10.9655244Z ##[group]Run build="$(cygpath -u "$PROJECT_BUILD")"
2026-09-04T16:07:10.9655717Z [36;1mbuild="$(cygpath -u "$PROJECT_BUILD")"[0m
2026-09-04T16:07:10.9656160Z [36;1mcmake --build "$build" --target sub_api_contract_test --parallel 2[0m
2026-09-04T16:07:10.9658039Z shell: D:\a\_temp\setup-msys2\msys2.CMD {0}
2026-09-04T16:07:10.9658335Z env:
2026-09-04T16:07:10.9658603Z   OPENFHE_COMMIT: df495ba2e91739a6dc8f1de254fc5a41155ce504
2026-09-04T16:07:10.9658997Z   OPENFHE_PREFIX: C:\openfhe-2023-1788\openfhe-install
2026-09-04T16:07:10.9659322Z   WINDOWS_ROOT: C:\openfhe-2023-1788
2026-09-04T16:07:10.9659620Z   PROJECT_SOURCE: C:\openfhe-2023-1788\cleanroom
2026-09-04T16:07:10.9660018Z   OPENFHE_SOURCE: C:\openfhe-2023-1788\openfhe-src
2026-09-04T16:07:10.9660402Z   OPENFHE_BUILD: C:\openfhe-2023-1788\openfhe-build-33892550947-1
2026-09-04T16:07:10.9660843Z   PROJECT_BUILD: C:\openfhe-2023-1788\project-build-33892550947-1
2026-09-04T16:07:10.9661181Z   MSYSTEM: MINGW64
2026-09-04T16:07:10.9662106Z ##[endgroup]
2026-09-04T16:07:14.3448638Z [1/2] Building CXX object CMakeFiles/sub_api_contract_test.dir/tests/sub_api_contract_test.cpp.obj
2026-09-04T16:07:14.4446194Z [2/2] Linking CXX executable sub_api_contract_test.exe
2026-09-04T16:07:14.4621580Z Cleaning up orphan processes
